ISO-10303-21;
HEADER;
/* Generated by software containing ST-Developer
 * from STEP Tools, Inc. (www.steptools.com) 
 */

FILE_DESCRIPTION(
/* description */ (''),
/* implementation_level */ '2;1');

FILE_NAME(
/* name */ 'AgriRover_ArmBase.step',
/* time_stamp */ '2026-09-20T16:25:53+05:30',
/* author */ (''),
/* organization */ (''),
/* preprocessor_version */ 'ST-DEVELOPER v20.1',
/* originating_system */ 'Autodesk Translation Framework v15.8.0.0',
/* authorisation */ '');

FILE_SCHEMA (('AUTOMOTIVE_DESIGN { 1 0 10303 214 3 1 1 }'));
ENDSEC;

DATA;
#10=MECHANICAL_DESIGN_GEOMETRIC_PRESENTATION_REPRESENTATION('',(#51,#52,
#53,#54,#55,#56,#57,#58),#11036);
#11=ITEM_DEFINED_TRANSFORMATION($,$,#4569,#5012);
#12=ITEM_DEFINED_TRANSFORMATION($,$,#4569,#5013);
#13=ITEM_DEFINED_TRANSFORMATION($,$,#4569,#5014);
#14=ITEM_DEFINED_TRANSFORMATION($,$,#4569,#5015);
#15=ITEM_DEFINED_TRANSFORMATION($,$,#4568,#5026);
#16=(
REPRESENTATION_RELATIONSHIP($,$,#11054,#11053)
REPRESENTATION_RELATIONSHIP_WITH_TRANSFORMATION(#11)
SHAPE_REPRESENTATION_RELATIONSHIP()
);
#17=(
REPRESENTATION_RELATIONSHIP($,$,#11054,#11053)
REPRESENTATION_RELATIONSHIP_WITH_TRANSFORMATION(#12)
SHAPE_REPRESENTATION_RELATIONSHIP()
);
#18=(
REPRESENTATION_RELATIONSHIP($,$,#11054,#11053)
REPRESENTATION_RELATIONSHIP_WITH_TRANSFORMATION(#13)
SHAPE_REPRESENTATION_RELATIONSHIP()
);
#19=(
REPRESENTATION_RELATIONSHIP($,$,#11054,#11053)
REPRESENTATION_RELATIONSHIP_WITH_TRANSFORMATION(#14)
SHAPE_REPRESENTATION_RELATIONSHIP()
);
#20=(
REPRESENTATION_RELATIONSHIP($,$,#11053,#11052)
REPRESENTATION_RELATIONSHIP_WITH_TRANSFORMATION(#15)
SHAPE_REPRESENTATION_RELATIONSHIP()
);
#21=CONTEXT_DEPENDENT_SHAPE_REPRESENTATION(#16,#11047);
#22=CONTEXT_DEPENDENT_SHAPE_REPRESENTATION(#17,#11048);
#23=CONTEXT_DEPENDENT_SHAPE_REPRESENTATION(#18,#11049);
#24=CONTEXT_DEPENDENT_SHAPE_REPRESENTATION(#19,#11050);
#25=CONTEXT_DEPENDENT_SHAPE_REPRESENTATION(#20,#11051);
#26=NEXT_ASSEMBLY_USAGE_OCCURRENCE('96817A787:1','96817A787:1',
'96817A787:1',#11057,#11058,'96817A787:1');
#27=NEXT_ASSEMBLY_USAGE_OCCURRENCE('96817A787:2','96817A787:2',
'96817A787:2',#11057,#11058,'96817A787:2');
#28=NEXT_ASSEMBLY_USAGE_OCCURRENCE('96817A787:3','96817A787:3',
'96817A787:3',#11057,#11058,'96817A787:3');
#29=NEXT_ASSEMBLY_USAGE_OCCURRENCE('96817A787:4','96817A787:4',
'96817A787:4',#11057,#11058,'96817A787:4');
#30=NEXT_ASSEMBLY_USAGE_OCCURRENCE(
'Servo_Standard.011dc887-81a2-42f3-b0f8-fbcaafb0c6c9:4',
'Servo_Standard.011dc887-81a2-42f3-b0f8-fbcaafb0c6c9:4',
'Servo_Standard.011dc887-81a2-42f3-b0f8-fbcaafb0c6c9:4',#11056,#11057,
'Servo_Standard.011dc887-81a2-42f3-b0f8-fbcaafb0c6c9:4');
#31=B_SPLINE_SURFACE_WITH_KNOTS('',3,3,((#9827,#9828,#9829,#9830,#9831,
#9832,#9833,#9834,#9835,#9836,#9837),(#9838,#9839,#9840,#9841,#9842,#9843,
#9844,#9845,#9846,#9847,#9848),(#9849,#9850,#9851,#9852,#9853,#9854,#9855,
#9856,#9857,#9858,#9859),(#9860,#9861,#9862,#9863,#9864,#9865,#9866,#9867,
#9868,#9869,#9870)),.UNSPECIFIED.,.F.,.F.,.F.,(4,4),(4,1,1,1,1,1,1,1,4),
(-0.0191341165458657,0.),(0.,0.142857142857143,0.285714285714286,0.428571428571429,
0.5,0.571428571428571,0.714285714285714,0.857142857142857,1.),
 .UNSPECIFIED.);
#32=B_SPLINE_SURFACE_WITH_KNOTS('',3,3,((#9903,#9904,#9905,#9906,#9907,
#9908,#9909,#9910,#9911,#9912,#9913,#9914),(#9915,#9916,#9917,#9918,#9919,
#9920,#9921,#9922,#9923,#9924,#9925,#9926),(#9927,#9928,#9929,#9930,#9931,
#9932,#9933,#9934,#9935,#9936,#9937,#9938),(#9939,#9940,#9941,#9942,#9943,
#9944,#9945,#9946,#9947,#9948,#9949,#9950),(#9951,#9952,#9953,#9954,#9955,
#9956,#9957,#9958,#9959,#9960,#9961,#9962),(#9963,#9964,#9965,#9966,#9967,
#9968,#9969,#9970,#9971,#9972,#9973,#9974)),.UNSPECIFIED.,.F.,.F.,.F.,(4,
1,1,4),(4,1,1,1,1,1,1,1,1,4),(0.,0.579845282959461,1.15969056591892,2.02945849035811),
(0.,0.142857142857143,0.285714285714286,0.428571428571429,0.5,0.571428571428571,
0.642857142857143,0.714285714285714,0.857142857142857,1.),.UNSPECIFIED.);
#33=B_SPLINE_SURFACE_WITH_KNOTS('',3,3,((#9995,#9996,#9997,#9998,#9999,
#10000,#10001,#10002,#10003,#10004,#10005),(#10006,#10007,#10008,#10009,
#10010,#10011,#10012,#10013,#10014,#10015,#10016),(#10017,#10018,#10019,
#10020,#10021,#10022,#10023,#10024,#10025,#10026,#10027),(#10028,#10029,
#10030,#10031,#10032,#10033,#10034,#10035,#10036,#10037,#10038)),
 .UNSPECIFIED.,.F.,.F.,.F.,(4,4),(4,1,1,1,1,1,1,1,4),(-0.0191341165458657,
0.),(0.,0.142857142857143,0.285714285714286,0.428571428571429,0.5,0.571428571428571,
0.714285714285714,0.857142857142857,1.),.UNSPECIFIED.);
#34=B_SPLINE_SURFACE_WITH_KNOTS('',3,3,((#10060,#10061,#10062,#10063,#10064,
#10065,#10066,#10067,#10068,#10069,#10070,#10071,#10072,#10073),(#10074,
#10075,#10076,#10077,#10078,#10079,#10080,#10081,#10082,#10083,#10084,#10085,
#10086,#10087),(#10088,#10089,#10090,#10091,#10092,#10093,#10094,#10095,
#10096,#10097,#10098,#10099,#10100,#10101),(#10102,#10103,#10104,#10105,
#10106,#10107,#10108,#10109,#10110,#10111,#10112,#10113,#10114,#10115),
(#10116,#10117,#10118,#10119,#10120,#10121,#10122,#10123,#10124,#10125,
#10126,#10127,#10128,#10129),(#10130,#10131,#10132,#10133,#10134,#10135,
#10136,#10137,#10138,#10139,#10140,#10141,#10142,#10143),(#10144,#10145,
#10146,#10147,#10148,#10149,#10150,#10151,#10152,#10153,#10154,#10155,#10156,
#10157),(#10158,#10159,#10160,#10161,#10162,#10163,#10164,#10165,#10166,
#10167,#10168,#10169,#10170,#10171),(#10172,#10173,#10174,#10175,#10176,
#10177,#10178,#10179,#10180,#10181,#10182,#10183,#10184,#10185),(#10186,
#10187,#10188,#10189,#10190,#10191,#10192,#10193,#10194,#10195,#10196,#10197,
#10198,#10199),(#10200,#10201,#10202,#10203,#10204,#10205,#10206,#10207,
#10208,#10209,#10210,#10211,#10212,#10213)),.UNSPECIFIED.,.F.,.F.,.F.,(4,
1,1,1,1,1,1,1,4),(4,1,1,1,1,1,1,1,1,1,1,4),(0.,0.755668416014733,1.51133683202947,
2.2670052480442,3.02267366405893,3.77834208007367,4.5340104960884,4.72292760009208,
5.28967891210313),(0.,0.142857142857143,0.214285714285714,0.285714285714286,
0.428571428571429,0.5,0.571428571428571,0.714285714285714,0.857142857142857,
0.892857142857143,0.964285714285714,1.),.UNSPECIFIED.);
#35=B_SPLINE_SURFACE_WITH_KNOTS('',3,3,((#10238,#10239,#10240,#10241,#10242,
#10243,#10244,#10245,#10246,#10247),(#10248,#10249,#10250,#10251,#10252,
#10253,#10254,#10255,#10256,#10257),(#10258,#10259,#10260,#10261,#10262,
#10263,#10264,#10265,#10266,#10267),(#10268,#10269,#10270,#10271,#10272,
#10273,#10274,#10275,#10276,#10277)),.UNSPECIFIED.,.F.,.F.,.F.,(4,4),(4,
1,1,1,1,1,1,4),(0.,0.0119583970631175),(0.,0.142857142857143,0.285714285714286,
0.428571428571429,0.571428571428571,0.714285714285714,0.857142857142857,
1.),.UNSPECIFIED.);
#36=B_SPLINE_SURFACE_WITH_KNOTS('',3,3,((#10298,#10299,#10300,#10301,#10302,
#10303,#10304,#10305,#10306,#10307,#10308,#10309,#10310),(#10311,#10312,
#10313,#10314,#10315,#10316,#10317,#10318,#10319,#10320,#10321,#10322,#10323),
(#10324,#10325,#10326,#10327,#10328,#10329,#10330,#10331,#10332,#10333,
#10334,#10335,#10336),(#10337,#10338,#10339,#10340,#10341,#10342,#10343,
#10344,#10345,#10346,#10347,#10348,#10349),(#10350,#10351,#10352,#10353,
#10354,#10355,#10356,#10357,#10358,#10359,#10360,#10361,#10362),(#10363,
#10364,#10365,#10366,#10367,#10368,#10369,#10370,#10371,#10372,#10373,#10374,
#10375),(#10376,#10377,#10378,#10379,#10380,#10381,#10382,#10383,#10384,
#10385,#10386,#10387,#10388)),.UNSPECIFIED.,.F.,.F.,.F.,(4,1,1,1,4),(4,
1,1,1,1,1,1,1,1,1,4),(0.,0.647632579048161,1.29526515809632,1.94289773714448,
2.26671402666857),(0.,0.142857142857143,0.285714285714286,0.357142857142857,
0.428571428571429,0.571428571428571,0.714285714285714,0.785714285714286,
0.857142857142857,0.964285714285714,1.),.UNSPECIFIED.);
#37=B_SPLINE_SURFACE_WITH_KNOTS('',3,3,((#10409,#10410,#10411,#10412,#10413,
#10414,#10415,#10416,#10417,#10418),(#10419,#10420,#10421,#10422,#10423,
#10424,#10425,#10426,#10427,#10428),(#10429,#10430,#10431,#10432,#10433,
#10434,#10435,#10436,#10437,#10438),(#10439,#10440,#10441,#10442,#10443,
#10444,#10445,#10446,#10447,#10448)),.UNSPECIFIED.,.F.,.F.,.F.,(4,4),(4,
1,1,1,1,1,1,4),(0.,0.0119583970631175),(0.,0.142857142857143,0.285714285714286,
0.428571428571429,0.571428571428571,0.714285714285714,0.857142857142857,
1.),.UNSPECIFIED.);
#38=B_SPLINE_SURFACE_WITH_KNOTS('',3,3,((#10469,#10470,#10471,#10472,#10473,
#10474,#10475,#10476,#10477,#10478,#10479,#10480,#10481),(#10482,#10483,
#10484,#10485,#10486,#10487,#10488,#10489,#10490,#10491,#10492,#10493,#10494),
(#10495,#10496,#10497,#10498,#10499,#10500,#10501,#10502,#10503,#10504,
#10505,#10506,#10507),(#10508,#10509,#10510,#10511,#10512,#10513,#10514,
#10515,#10516,#10517,#10518,#10519,#10520),(#10521,#10522,#10523,#10524,
#10525,#10526,#10527,#10528,#10529,#10530,#10531,#10532,#10533),(#10534,
#10535,#10536,#10537,#10538,#10539,#10540,#10541,#10542,#10543,#10544,#10545,
#10546),(#10547,#10548,#10549,#10550,#10551,#10552,#10553,#10554,#10555,
#10556,#10557,#10558,#10559),(#10560,#10561,#10562,#10563,#10564,#10565,
#10566,#10567,#10568,#10569,#10570,#10571,#10572),(#10573,#10574,#10575,
#10576,#10577,#10578,#10579,#10580,#10581,#10582,#10583,#10584,#10585),
(#10586,#10587,#10588,#10589,#10590,#10591,#10592,#10593,#10594,#10595,
#10596,#10597,#10598),(#10599,#10600,#10601,#10602,#10603,#10604,#10605,
#10606,#10607,#10608,#10609,#10610,#10611)),.UNSPECIFIED.,.F.,.F.,.F.,(4,
1,1,1,1,1,1,1,4),(4,1,1,1,1,1,1,1,1,1,4),(0.,0.755668416014733,1.51133683202947,
2.2670052480442,3.02267366405893,3.77834208007367,4.5340104960884,4.72292760009208,
5.28967891210313),(0.,0.142857142857143,0.285714285714286,0.428571428571429,
0.482142857142857,0.571428571428571,0.642857142857143,0.714285714285714,
0.857142857142857,0.892857142857143,1.),.UNSPECIFIED.);
#39=SPHERICAL_SURFACE('',#4728,0.254);
#40=SPHERICAL_SURFACE('',#4735,0.254);
#41=SPHERICAL_SURFACE('',#4740,0.254);
#42=SPHERICAL_SURFACE('',#4742,0.254);
#43=ELLIPSE('',#4722,0.255353210103995,0.254);
#44=ELLIPSE('',#4732,0.255353210103995,0.254);
#45=SHAPE_REPRESENTATION_RELATIONSHIP('SRR','None',#11054,#48);
#46=SHAPE_REPRESENTATION_RELATIONSHIP('SRR','None',#11053,#49);
#47=SHAPE_REPRESENTATION_RELATIONSHIP('SRR','None',#11052,#50);
#48=ADVANCED_BREP_SHAPE_REPRESENTATION('',(#59),#11035);
#49=ADVANCED_BREP_SHAPE_REPRESENTATION('',(#60,#61),#11034);
#50=ADVANCED_BREP_SHAPE_REPRESENTATION('',(#62),#11033);
#51=STYLED_ITEM('',(#11071),#59);
#52=STYLED_ITEM('',(#11073),#4462);
#53=STYLED_ITEM('',(#11074),#4464);
#54=STYLED_ITEM('',(#11073),#4466);
#55=STYLED_ITEM('',(#11075),#4468);
#56=STYLED_ITEM('',(#11072),#60);
#57=STYLED_ITEM('',(#11076),#61);
#58=STYLED_ITEM('',(#11071),#62);
#59=MANIFOLD_SOLID_BREP('Body1',#4551);
#60=MANIFOLD_SOLID_BREP('Body1',#4552);
#61=MANIFOLD_SOLID_BREP('Body2',#4553);
#62=MANIFOLD_SOLID_BREP('Body4',#4554);
#63=FACE_BOUND('',#473,.T.);
#64=FACE_BOUND('',#475,.T.);
#65=FACE_BOUND('',#552,.T.);
#66=FACE_BOUND('',#563,.T.);
#67=FACE_BOUND('',#572,.T.);
#68=FACE_BOUND('',#578,.T.);
#69=FACE_BOUND('',#595,.T.);
#70=FACE_BOUND('',#620,.T.);
#71=FACE_BOUND('',#631,.T.);
#72=FACE_BOUND('',#634,.T.);
#73=FACE_BOUND('',#637,.T.);
#74=FACE_BOUND('',#691,.T.);
#75=FACE_BOUND('',#693,.T.);
#76=FACE_BOUND('',#701,.T.);
#77=PLANE('',#4619);
#78=PLANE('',#4620);
#79=PLANE('',#4628);
#80=PLANE('',#4635);
#81=PLANE('',#4646);
#82=PLANE('',#4647);
#83=PLANE('',#4651);
#84=PLANE('',#4652);
#85=PLANE('',#4662);
#86=PLANE('',#4666);
#87=PLANE('',#4667);
#88=PLANE('',#4668);
#89=PLANE('',#4681);
#90=PLANE('',#4691);
#91=PLANE('',#4694);
#92=PLANE('',#4697);
#93=PLANE('',#4699);
#94=PLANE('',#4702);
#95=PLANE('',#4707);
#96=PLANE('',#4715);
#97=PLANE('',#4719);
#98=PLANE('',#4744);
#99=PLANE('',#4746);
#100=PLANE('',#4748);
#101=PLANE('',#4749);
#102=PLANE('',#4753);
#103=PLANE('',#4758);
#104=PLANE('',#4764);
#105=PLANE('',#4768);
#106=PLANE('',#4775);
#107=PLANE('',#4776);
#108=PLANE('',#4777);
#109=PLANE('',#4778);
#110=PLANE('',#4779);
#111=PLANE('',#4780);
#112=PLANE('',#4781);
#113=PLANE('',#4782);
#114=PLANE('',#4783);
#115=PLANE('',#4784);
#116=PLANE('',#4785);
#117=PLANE('',#4786);
#118=PLANE('',#4787);
#119=PLANE('',#4788);
#120=PLANE('',#4789);
#121=PLANE('',#4792);
#122=PLANE('',#4793);
#123=PLANE('',#4796);
#124=PLANE('',#4797);
#125=PLANE('',#4799);
#126=PLANE('',#4801);
#127=PLANE('',#4802);
#128=PLANE('',#4803);
#129=PLANE('',#4804);
#130=PLANE('',#4807);
#131=PLANE('',#4811);
#132=PLANE('',#4814);
#133=PLANE('',#4816);
#134=PLANE('',#4817);
#135=PLANE('',#4818);
#136=PLANE('',#4819);
#137=PLANE('',#4820);
#138=PLANE('',#4825);
#139=PLANE('',#4826);
#140=PLANE('',#4827);
#141=PLANE('',#4828);
#142=PLANE('',#4829);
#143=PLANE('',#4830);
#144=PLANE('',#4849);
#145=PLANE('',#4853);
#146=PLANE('',#4857);
#147=PLANE('',#4860);
#148=PLANE('',#5010);
#149=PLANE('',#5011);
#150=PLANE('',#5016);
#151=PLANE('',#5017);
#152=PLANE('',#5018);
#153=PLANE('',#5019);
#154=PLANE('',#5020);
#155=PLANE('',#5024);
#156=PLANE('',#5025);
#157=(
BOUNDED_SURFACE()
B_SPLINE_SURFACE(1,2,((#8120,#8121,#8122,#8123,#8124,#8125,#8126,#8127,
#8128,#8129,#8130,#8131,#8132,#8133,#8134,#8135,#8136,#8137,#8138,#8139,
#8140,#8141,#8142,#8143,#8144),(#8145,#8146,#8147,#8148,#8149,#8150,#8151,
#8152,#8153,#8154,#8155,#8156,#8157,#8158,#8159,#8160,#8161,#8162,#8163,
#8164,#8165,#8166,#8167,#8168,#8169)),.UNSPECIFIED.,.F.,.F.,.F.)
B_SPLINE_SURFACE_WITH_KNOTS((2,2),(3,2,2,2,2,2,2,2,2,2,2,2,3),(0.,1.00019662847229),
(0.,0.0833333333333333,0.166666666666667,0.25,0.333333333333333,0.416666666666667,
0.5,0.583333333333333,0.666666666666667,0.75,0.833333333333333,0.916666666666667,
1.),.UNSPECIFIED.)
GEOMETRIC_REPRESENTATION_ITEM()
RATIONAL_B_SPLINE_SURFACE(((1.,0.866025403784439,1.,0.866025403784439,1.,
0.866025403784439,1.,0.866025403784439,1.,0.866025403784439,1.,0.866025403784439,
1.,0.866025403784439,1.,0.866025403784439,1.,0.866025403784439,1.,0.866025403784439,
1.,0.866025403784439,1.,0.866025403784439,1.),(1.,0.866025403784439,1.,
0.866025403784439,1.,0.866025403784439,1.,0.866025403784439,1.,0.866025403784439,
1.,0.866025403784439,1.,0.866025403784439,1.,0.866025403784439,1.,0.866025403784439,
1.,0.866025403784439,1.,0.866025403784439,1.,0.866025403784439,1.)))
REPRESENTATION_ITEM('')
SURFACE()
);
#158=(
BOUNDED_SURFACE()
B_SPLINE_SURFACE(1,2,((#8172,#8173,#8174,#8175,#8176,#8177,#8178,#8179,
#8180,#8181,#8182,#8183,#8184,#8185,#8186,#8187,#8188,#8189,#8190,#8191,
#8192,#8193,#8194,#8195,#8196),(#8197,#8198,#8199,#8200,#8201,#8202,#8203,
#8204,#8205,#8206,#8207,#8208,#8209,#8210,#8211,#8212,#8213,#8214,#8215,
#8216,#8217,#8218,#8219,#8220,#8221)),.UNSPECIFIED.,.F.,.F.,.F.)
B_SPLINE_SURFACE_WITH_KNOTS((2,2),(3,2,2,2,2,2,2,2,2,2,2,2,3),(-0.000152020769012204,
1.),(0.,0.0833333333333333,0.166666666666667,0.25,0.333333333333333,0.416666666666667,
0.5,0.583333333333333,0.666666666666667,0.75,0.833333333333333,0.916666666666667,
1.),.UNSPECIFIED.)
GEOMETRIC_REPRESENTATION_ITEM()
RATIONAL_B_SPLINE_SURFACE(((1.,0.866025403784439,1.,0.866025403784439,1.,
0.866025403784439,1.,0.866025403784439,1.,0.866025403784439,1.,0.866025403784439,
1.,0.866025403784439,1.,0.866025403784439,1.,0.866025403784439,1.,0.866025403784439,
1.,0.866025403784439,1.,0.866025403784439,1.),(1.,0.866025403784439,1.,
0.866025403784439,1.,0.866025403784439,1.,0.866025403784439,1.,0.866025403784439,
1.,0.866025403784439,1.,0.866025403784439,1.,0.866025403784439,1.,0.866025403784439,
1.,0.866025403784439,1.,0.866025403784439,1.,0.866025403784439,1.)))
REPRESENTATION_ITEM('')
SURFACE()
);
#159=(
BOUNDED_SURFACE()
B_SPLINE_SURFACE(1,2,((#8224,#8225,#8226,#8227,#8228,#8229,#8230,#8231,
#8232,#8233,#8234,#8235,#8236,#8237,#8238,#8239,#8240,#8241,#8242,#8243,
#8244,#8245,#8246,#8247,#8248),(#8249,#8250,#8251,#8252,#8253,#8254,#8255,
#8256,#8257,#8258,#8259,#8260,#8261,#8262,#8263,#8264,#8265,#8266,#8267,
#8268,#8269,#8270,#8271,#8272,#8273)),.UNSPECIFIED.,.F.,.F.,.F.)
B_SPLINE_SURFACE_WITH_KNOTS((2,2),(3,2,2,2,2,2,2,2,2,2,2,2,3),(-0.000206532590831012,
1.),(0.,0.0833333333333333,0.166666666666667,0.25,0.333333333333333,0.416666666666667,
0.5,0.583333333333333,0.666666666666667,0.75,0.833333333333333,0.916666666666667,
1.),.UNSPECIFIED.)
GEOMETRIC_REPRESENTATION_ITEM()
RATIONAL_B_SPLINE_SURFACE(((1.,0.866025403784439,1.,0.866025403784439,1.,
0.866025403784439,1.,0.866025403784439,1.,0.866025403784439,1.,0.866025403784439,
1.,0.866025403784439,1.,0.866025403784439,1.,0.866025403784439,1.,0.866025403784439,
1.,0.866025403784439,1.,0.866025403784439,1.),(1.,0.866025403784439,1.,
0.866025403784439,1.,0.866025403784439,1.,0.866025403784439,1.,0.866025403784439,
1.,0.866025403784439,1.,0.866025403784439,1.,0.866025403784439,1.,0.866025403784439,
1.,0.866025403784439,1.,0.866025403784439,1.,0.866025403784439,1.)))
REPRESENTATION_ITEM('')
SURFACE()
);
#160=(
BOUNDED_SURFACE()
B_SPLINE_SURFACE(1,2,((#8274,#8275,#8276,#8277,#8278,#8279,#8280,#8281,
#8282,#8283,#8284,#8285,#8286,#8287,#8288,#8289,#8290,#8291,#8292,#8293,
#8294,#8295,#8296,#8297,#8298),(#8299,#8300,#8301,#8302,#8303,#8304,#8305,
#8306,#8307,#8308,#8309,#8310,#8311,#8312,#8313,#8314,#8315,#8316,#8317,
#8318,#8319,#8320,#8321,#8322,#8323)),.UNSPECIFIED.,.F.,.F.,.F.)
B_SPLINE_SURFACE_WITH_KNOTS((2,2),(3,2,2,2,2,2,2,2,2,2,2,2,3),(0.,1.),(0.,
0.0833333333333333,0.166666666666667,0.25,0.333333333333333,0.416666666666667,
0.5,0.583333333333333,0.666666666666667,0.75,0.833333333333333,0.916666666666667,
1.),.UNSPECIFIED.)
GEOMETRIC_REPRESENTATION_ITEM()
RATIONAL_B_SPLINE_SURFACE(((1.,0.866025403784439,1.,0.866025403784439,1.,
0.866025403784439,1.,0.866025403784439,1.,0.866025403784439,1.,0.866025403784439,
1.,0.866025403784439,1.,0.866025403784439,1.,0.866025403784439,1.,0.866025403784439,
1.,0.866025403784439,1.,0.866025403784439,1.),(1.,0.866025403784439,1.,
0.866025403784439,1.,0.866025403784439,1.,0.866025403784439,1.,0.866025403784439,
1.,0.866025403784439,1.,0.866025403784439,1.,0.866025403784439,1.,0.866025403784439,
1.,0.866025403784439,1.,0.866025403784439,1.,0.866025403784439,1.)))
REPRESENTATION_ITEM('')
SURFACE()
);
#161=(
BOUNDED_SURFACE()
B_SPLINE_SURFACE(1,2,((#8325,#8326,#8327,#8328,#8329,#8330,#8331,#8332,
#8333,#8334,#8335,#8336,#8337,#8338,#8339,#8340,#8341,#8342,#8343,#8344,
#8345,#8346,#8347,#8348,#8349),(#8350,#8351,#8352,#8353,#8354,#8355,#8356,
#8357,#8358,#8359,#8360,#8361,#8362,#8363,#8364,#8365,#8366,#8367,#8368,
#8369,#8370,#8371,#8372,#8373,#8374)),.UNSPECIFIED.,.F.,.F.,.F.)
B_SPLINE_SURFACE_WITH_KNOTS((2,2),(3,2,2,2,2,2,2,2,2,2,2,2,3),(0.,1.),(0.,
0.0833333333333333,0.166666666666667,0.25,0.333333333333333,0.416666666666667,
0.5,0.583333333333333,0.666666666666667,0.75,0.833333333333333,0.916666666666667,
1.),.UNSPECIFIED.)
GEOMETRIC_REPRESENTATION_ITEM()
RATIONAL_B_SPLINE_SURFACE(((1.,0.866025403784439,1.,0.866025403784439,1.,
0.866025403784439,1.,0.866025403784439,1.,0.866025403784439,1.,0.866025403784439,
1.,0.866025403784439,1.,0.866025403784439,1.,0.866025403784439,1.,0.866025403784439,
1.,0.866025403784439,1.,0.866025403784439,1.),(1.,0.866025403784439,1.,
0.866025403784439,1.,0.866025403784439,1.,0.866025403784439,1.,0.866025403784439,
1.,0.866025403784439,1.,0.866025403784439,1.,0.866025403784439,1.,0.866025403784439,
1.,0.866025403784439,1.,0.866025403784439,1.,0.866025403784439,1.)))
REPRESENTATION_ITEM('')
SURFACE()
);
#162=(
BOUNDED_SURFACE()
B_SPLINE_SURFACE(1,2,((#8421,#8422,#8423,#8424,#8425,#8426,#8427,#8428,
#8429,#8430,#8431,#8432,#8433,#8434,#8435,#8436,#8437,#8438,#8439,#8440,
#8441,#8442,#8443,#8444,#8445),(#8446,#8447,#8448,#8449,#8450,#8451,#8452,
#8453,#8454,#8455,#8456,#8457,#8458,#8459,#8460,#8461,#8462,#8463,#8464,
#8465,#8466,#8467,#8468,#8469,#8470)),.UNSPECIFIED.,.F.,.F.,.F.)
B_SPLINE_SURFACE_WITH_KNOTS((2,2),(3,2,2,2,2,2,2,2,2,2,2,2,3),(0.,1.),(0.,
0.0833333333333333,0.166666666666667,0.25,0.333333333333333,0.416666666666667,
0.5,0.583333333333333,0.666666666666667,0.75,0.833333333333333,0.916666666666667,
1.),.UNSPECIFIED.)
GEOMETRIC_REPRESENTATION_ITEM()
RATIONAL_B_SPLINE_SURFACE(((1.,0.866025403784439,1.,0.866025403784439,1.,
0.866025403784439,1.,0.866025403784439,1.,0.866025403784439,1.,0.866025403784439,
1.,0.866025403784439,1.,0.866025403784439,1.,0.866025403784439,1.,0.866025403784439,
1.,0.866025403784439,1.,0.866025403784439,1.),(1.,0.866025403784439,1.,
0.866025403784439,1.,0.866025403784439,1.,0.866025403784439,1.,0.866025403784439,
1.,0.866025403784439,1.,0.866025403784439,1.,0.866025403784439,1.,0.866025403784439,
1.,0.866025403784439,1.,0.866025403784439,1.,0.866025403784439,1.)))
REPRESENTATION_ITEM('')
SURFACE()
);
#163=(
BOUNDED_SURFACE()
B_SPLINE_SURFACE(1,2,((#8472,#8473,#8474,#8475,#8476,#8477,#8478,#8479,
#8480,#8481,#8482,#8483,#8484,#8485,#8486,#8487,#8488,#8489,#8490,#8491,
#8492,#8493,#8494,#8495,#8496),(#8497,#8498,#8499,#8500,#8501,#8502,#8503,
#8504,#8505,#8506,#8507,#8508,#8509,#8510,#8511,#8512,#8513,#8514,#8515,
#8516,#8517,#8518,#8519,#8520,#8521)),.UNSPECIFIED.,.F.,.F.,.F.)
B_SPLINE_SURFACE_WITH_KNOTS((2,2),(3,2,2,2,2,2,2,2,2,2,2,2,3),(0.,1.),(0.,
0.0833333333333333,0.166666666666667,0.25,0.333333333333333,0.416666666666667,
0.5,0.583333333333333,0.666666666666667,0.75,0.833333333333333,0.916666666666667,
1.),.UNSPECIFIED.)
GEOMETRIC_REPRESENTATION_ITEM()
RATIONAL_B_SPLINE_SURFACE(((1.,0.866025403784439,1.,0.866025403784439,1.,
0.866025403784439,1.,0.866025403784439,1.,0.866025403784439,1.,0.866025403784439,
1.,0.866025403784439,1.,0.866025403784439,1.,0.866025403784439,1.,0.866025403784439,
1.,0.866025403784439,1.,0.866025403784439,1.),(1.,0.866025403784439,1.,
0.866025403784439,1.,0.866025403784439,1.,0.866025403784439,1.,0.866025403784439,
1.,0.866025403784439,1.,0.866025403784439,1.,0.866025403784439,1.,0.866025403784439,
1.,0.866025403784439,1.,0.866025403784439,1.,0.866025403784439,1.)))
REPRESENTATION_ITEM('')
SURFACE()
);
#164=(
BOUNDED_SURFACE()
B_SPLINE_SURFACE(1,2,((#8523,#8524,#8525,#8526,#8527,#8528,#8529,#8530,
#8531,#8532,#8533,#8534,#8535,#8536,#8537,#8538,#8539,#8540,#8541,#8542,
#8543,#8544,#8545,#8546,#8547),(#8548,#8549,#8550,#8551,#8552,#8553,#8554,
#8555,#8556,#8557,#8558,#8559,#8560,#8561,#8562,#8563,#8564,#8565,#8566,
#8567,#8568,#8569,#8570,#8571,#8572)),.UNSPECIFIED.,.F.,.F.,.F.)
B_SPLINE_SURFACE_WITH_KNOTS((2,2),(3,2,2,2,2,2,2,2,2,2,2,2,3),(0.,1.),(0.,
0.0833333333333333,0.166666666666667,0.25,0.333333333333333,0.416666666666667,
0.5,0.583333333333333,0.666666666666667,0.75,0.833333333333333,0.916666666666667,
1.),.UNSPECIFIED.)
GEOMETRIC_REPRESENTATION_ITEM()
RATIONAL_B_SPLINE_SURFACE(((1.,0.866025403784439,1.,0.866025403784439,1.,
0.866025403784439,1.,0.866025403784439,1.,0.866025403784439,1.,0.866025403784439,
1.,0.866025403784439,1.,0.866025403784439,1.,0.866025403784439,1.,0.866025403784439,
1.,0.866025403784439,1.,0.866025403784439,1.),(1.,0.866025403784439,1.,
0.866025403784439,1.,0.866025403784439,1.,0.866025403784439,1.,0.866025403784439,
1.,0.866025403784439,1.,0.866025403784439,1.,0.866025403784439,1.,0.866025403784439,
1.,0.866025403784439,1.,0.866025403784439,1.,0.866025403784439,1.)))
REPRESENTATION_ITEM('')
SURFACE()
);
#165=(
BOUNDED_SURFACE()
B_SPLINE_SURFACE(1,2,((#8574,#8575,#8576,#8577,#8578,#8579,#8580,#8581,
#8582,#8583,#8584,#8585,#8586,#8587,#8588,#8589,#8590,#8591,#8592,#8593,
#8594,#8595,#8596,#8597,#8598),(#8599,#8600,#8601,#8602,#8603,#8604,#8605,
#8606,#8607,#8608,#8609,#8610,#8611,#8612,#8613,#8614,#8615,#8616,#8617,
#8618,#8619,#8620,#8621,#8622,#8623)),.UNSPECIFIED.,.F.,.F.,.F.)
B_SPLINE_SURFACE_WITH_KNOTS((2,2),(3,2,2,2,2,2,2,2,2,2,2,2,3),(0.,1.),(0.,
0.0833333333333333,0.166666666666667,0.25,0.333333333333333,0.416666666666667,
0.5,0.583333333333333,0.666666666666667,0.75,0.833333333333333,0.916666666666667,
1.),.UNSPECIFIED.)
GEOMETRIC_REPRESENTATION_ITEM()
RATIONAL_B_SPLINE_SURFACE(((1.,0.866025403784439,1.,0.866025403784439,1.,
0.866025403784439,1.,0.866025403784439,1.,0.866025403784439,1.,0.866025403784439,
1.,0.866025403784439,1.,0.866025403784439,1.,0.866025403784439,1.,0.866025403784439,
1.,0.866025403784439,1.,0.866025403784439,1.),(1.,0.866025403784439,1.,
0.866025403784439,1.,0.866025403784439,1.,0.866025403784439,1.,0.866025403784439,
1.,0.866025403784439,1.,0.866025403784439,1.,0.866025403784439,1.,0.866025403784439,
1.,0.866025403784439,1.,0.866025403784439,1.,0.866025403784439,1.)))
REPRESENTATION_ITEM('')
SURFACE()
);
#166=(
BOUNDED_SURFACE()
B_SPLINE_SURFACE(1,2,((#8625,#8626,#8627,#8628,#8629,#8630,#8631,#8632,
#8633,#8634,#8635,#8636,#8637,#8638,#8639,#8640,#8641,#8642,#8643,#8644,
#8645,#8646,#8647,#8648,#8649),(#8650,#8651,#8652,#8653,#8654,#8655,#8656,
#8657,#8658,#8659,#8660,#8661,#8662,#8663,#8664,#8665,#8666,#8667,#8668,
#8669,#8670,#8671,#8672,#8673,#8674)),.UNSPECIFIED.,.F.,.F.,.F.)
B_SPLINE_SURFACE_WITH_KNOTS((2,2),(3,2,2,2,2,2,2,2,2,2,2,2,3),(0.,1.),(0.,
0.0833333333333333,0.166666666666667,0.25,0.333333333333333,0.416666666666667,
0.5,0.583333333333333,0.666666666666667,0.75,0.833333333333333,0.916666666666667,
1.),.UNSPECIFIED.)
GEOMETRIC_REPRESENTATION_ITEM()
RATIONAL_B_SPLINE_SURFACE(((1.,0.866025403784439,1.,0.866025403784439,1.,
0.866025403784439,1.,0.866025403784439,1.,0.866025403784439,1.,0.866025403784439,
1.,0.866025403784439,1.,0.866025403784439,1.,0.866025403784439,1.,0.866025403784439,
1.,0.866025403784439,1.,0.866025403784439,1.),(1.,0.866025403784439,1.,
0.866025403784439,1.,0.866025403784439,1.,0.866025403784439,1.,0.866025403784439,
1.,0.866025403784439,1.,0.866025403784439,1.,0.866025403784439,1.,0.866025403784439,
1.,0.866025403784439,1.,0.866025403784439,1.,0.866025403784439,1.)))
REPRESENTATION_ITEM('')
SURFACE()
);
#167=(
BOUNDED_SURFACE()
B_SPLINE_SURFACE(1,2,((#8676,#8677,#8678,#8679,#8680,#8681,#8682,#8683,
#8684,#8685,#8686,#8687,#8688,#8689,#8690,#8691,#8692,#8693,#8694,#8695,
#8696,#8697,#8698,#8699,#8700),(#8701,#8702,#8703,#8704,#8705,#8706,#8707,
#8708,#8709,#8710,#8711,#8712,#8713,#8714,#8715,#8716,#8717,#8718,#8719,
#8720,#8721,#8722,#8723,#8724,#8725)),.UNSPECIFIED.,.F.,.F.,.F.)
B_SPLINE_SURFACE_WITH_KNOTS((2,2),(3,2,2,2,2,2,2,2,2,2,2,2,3),(0.,1.),(0.,
0.0833333333333333,0.166666666666667,0.25,0.333333333333333,0.416666666666667,
0.5,0.583333333333333,0.666666666666667,0.75,0.833333333333333,0.916666666666667,
1.),.UNSPECIFIED.)
GEOMETRIC_REPRESENTATION_ITEM()
RATIONAL_B_SPLINE_SURFACE(((1.,0.866025403784439,1.,0.866025403784439,1.,
0.866025403784439,1.,0.866025403784439,1.,0.866025403784439,1.,0.866025403784439,
1.,0.866025403784439,1.,0.866025403784439,1.,0.866025403784439,1.,0.866025403784439,
1.,0.866025403784439,1.,0.866025403784439,1.),(1.,0.866025403784439,1.,
0.866025403784439,1.,0.866025403784439,1.,0.866025403784439,1.,0.866025403784439,
1.,0.866025403784439,1.,0.866025403784439,1.,0.866025403784439,1.,0.866025403784439,
1.,0.866025403784439,1.,0.866025403784439,1.,0.866025403784439,1.)))
REPRESENTATION_ITEM('')
SURFACE()
);
#168=(
BOUNDED_SURFACE()
B_SPLINE_SURFACE(1,2,((#8727,#8728,#8729,#8730,#8731,#8732,#8733,#8734,
#8735,#8736,#8737,#8738,#8739,#8740,#8741,#8742,#8743,#8744,#8745,#8746,
#8747,#8748,#8749,#8750,#8751),(#8752,#8753,#8754,#8755,#8756,#8757,#8758,
#8759,#8760,#8761,#8762,#8763,#8764,#8765,#8766,#8767,#8768,#8769,#8770,
#8771,#8772,#8773,#8774,#8775,#8776)),.UNSPECIFIED.,.F.,.F.,.F.)
B_SPLINE_SURFACE_WITH_KNOTS((2,2),(3,2,2,2,2,2,2,2,2,2,2,2,3),(0.,1.),(0.,
0.0833333333333333,0.166666666666667,0.25,0.333333333333333,0.416666666666667,
0.5,0.583333333333333,0.666666666666667,0.75,0.833333333333333,0.916666666666667,
1.),.UNSPECIFIED.)
GEOMETRIC_REPRESENTATION_ITEM()
RATIONAL_B_SPLINE_SURFACE(((1.,0.866025403784439,1.,0.866025403784439,1.,
0.866025403784439,1.,0.866025403784439,1.,0.866025403784439,1.,0.866025403784439,
1.,0.866025403784439,1.,0.866025403784439,1.,0.866025403784439,1.,0.866025403784439,
1.,0.866025403784439,1.,0.866025403784439,1.),(1.,0.866025403784439,1.,
0.866025403784439,1.,0.866025403784439,1.,0.866025403784439,1.,0.866025403784439,
1.,0.866025403784439,1.,0.866025403784439,1.,0.866025403784439,1.,0.866025403784439,
1.,0.866025403784439,1.,0.866025403784439,1.,0.866025403784439,1.)))
REPRESENTATION_ITEM('')
SURFACE()
);
#169=(
BOUNDED_SURFACE()
B_SPLINE_SURFACE(1,2,((#8778,#8779,#8780,#8781,#8782,#8783,#8784,#8785,
#8786,#8787,#8788,#8789,#8790,#8791,#8792,#8793,#8794,#8795,#8796,#8797,
#8798,#8799,#8800,#8801,#8802),(#8803,#8804,#8805,#8806,#8807,#8808,#8809,
#8810,#8811,#8812,#8813,#8814,#8815,#8816,#8817,#8818,#8819,#8820,#8821,
#8822,#8823,#8824,#8825,#8826,#8827)),.UNSPECIFIED.,.F.,.F.,.F.)
B_SPLINE_SURFACE_WITH_KNOTS((2,2),(3,2,2,2,2,2,2,2,2,2,2,2,3),(0.,1.),(0.,
0.0833333333333333,0.166666666666667,0.25,0.333333333333333,0.416666666666667,
0.5,0.583333333333333,0.666666666666667,0.75,0.833333333333333,0.916666666666667,
1.),.UNSPECIFIED.)
GEOMETRIC_REPRESENTATION_ITEM()
RATIONAL_B_SPLINE_SURFACE(((1.,0.866025403784439,1.,0.866025403784439,1.,
0.866025403784439,1.,0.866025403784439,1.,0.866025403784439,1.,0.866025403784439,
1.,0.866025403784439,1.,0.866025403784439,1.,0.866025403784439,1.,0.866025403784439,
1.,0.866025403784439,1.,0.866025403784439,1.),(1.,0.866025403784439,1.,
0.866025403784439,1.,0.866025403784439,1.,0.866025403784439,1.,0.866025403784439,
1.,0.866025403784439,1.,0.866025403784439,1.,0.866025403784439,1.,0.866025403784439,
1.,0.866025403784439,1.,0.866025403784439,1.,0.866025403784439,1.)))
REPRESENTATION_ITEM('')
SURFACE()
);
#170=(
BOUNDED_SURFACE()
B_SPLINE_SURFACE(1,2,((#8829,#8830,#8831,#8832,#8833,#8834,#8835,#8836,
#8837,#8838,#8839,#8840,#8841,#8842,#8843,#8844,#8845,#8846,#8847,#8848,
#8849,#8850,#8851,#8852,#8853),(#8854,#8855,#8856,#8857,#8858,#8859,#8860,
#8861,#8862,#8863,#8864,#8865,#8866,#8867,#8868,#8869,#8870,#8871,#8872,
#8873,#8874,#8875,#8876,#8877,#8878)),.UNSPECIFIED.,.F.,.F.,.F.)
B_SPLINE_SURFACE_WITH_KNOTS((2,2),(3,2,2,2,2,2,2,2,2,2,2,2,3),(0.,1.),(0.,
0.0833333333333333,0.166666666666667,0.25,0.333333333333333,0.416666666666667,
0.5,0.583333333333333,0.666666666666667,0.75,0.833333333333333,0.916666666666667,
1.),.UNSPECIFIED.)
GEOMETRIC_REPRESENTATION_ITEM()
RATIONAL_B_SPLINE_SURFACE(((1.,0.866025403784439,1.,0.866025403784439,1.,
0.866025403784439,1.,0.866025403784439,1.,0.866025403784439,1.,0.866025403784439,
1.,0.866025403784439,1.,0.866025403784439,1.,0.866025403784439,1.,0.866025403784439,
1.,0.866025403784439,1.,0.866025403784439,1.),(1.,0.866025403784439,1.,
0.866025403784439,1.,0.866025403784439,1.,0.866025403784439,1.,0.866025403784439,
1.,0.866025403784439,1.,0.866025403784439,1.,0.866025403784439,1.,0.866025403784439,
1.,0.866025403784439,1.,0.866025403784439,1.,0.866025403784439,1.)))
REPRESENTATION_ITEM('')
SURFACE()
);
#171=(
BOUNDED_SURFACE()
B_SPLINE_SURFACE(1,2,((#8880,#8881,#8882,#8883,#8884,#8885,#8886,#8887,
#8888,#8889,#8890,#8891,#8892,#8893,#8894,#8895,#8896,#8897,#8898,#8899,
#8900,#8901,#8902,#8903,#8904),(#8905,#8906,#8907,#8908,#8909,#8910,#8911,
#8912,#8913,#8914,#8915,#8916,#8917,#8918,#8919,#8920,#8921,#8922,#8923,
#8924,#8925,#8926,#8927,#8928,#8929)),.UNSPECIFIED.,.F.,.F.,.F.)
B_SPLINE_SURFACE_WITH_KNOTS((2,2),(3,2,2,2,2,2,2,2,2,2,2,2,3),(0.,1.),(0.,
0.0833333333333333,0.166666666666667,0.25,0.333333333333333,0.416666666666667,
0.5,0.583333333333333,0.666666666666667,0.75,0.833333333333333,0.916666666666667,
1.),.UNSPECIFIED.)
GEOMETRIC_REPRESENTATION_ITEM()
RATIONAL_B_SPLINE_SURFACE(((1.,0.866025403784439,1.,0.866025403784439,1.,
0.866025403784439,1.,0.866025403784439,1.,0.866025403784439,1.,0.866025403784439,
1.,0.866025403784439,1.,0.866025403784439,1.,0.866025403784439,1.,0.866025403784439,
1.,0.866025403784439,1.,0.866025403784439,1.),(1.,0.866025403784439,1.,
0.866025403784439,1.,0.866025403784439,1.,0.866025403784439,1.,0.866025403784439,
1.,0.866025403784439,1.,0.866025403784439,1.,0.866025403784439,1.,0.866025403784439,
1.,0.866025403784439,1.,0.866025403784439,1.,0.866025403784439,1.)))
REPRESENTATION_ITEM('')
SURFACE()
);
#172=(
BOUNDED_SURFACE()
B_SPLINE_SURFACE(1,2,((#8931,#8932,#8933,#8934,#8935,#8936,#8937,#8938,
#8939,#8940,#8941,#8942,#8943,#8944,#8945,#8946,#8947,#8948,#8949,#8950,
#8951,#8952,#8953,#8954,#8955),(#8956,#8957,#8958,#8959,#8960,#8961,#8962,
#8963,#8964,#8965,#8966,#8967,#8968,#8969,#8970,#8971,#8972,#8973,#8974,
#8975,#8976,#8977,#8978,#8979,#8980)),.UNSPECIFIED.,.F.,.F.,.F.)
B_SPLINE_SURFACE_WITH_KNOTS((2,2),(3,2,2,2,2,2,2,2,2,2,2,2,3),(0.,1.),(0.,
0.0833333333333333,0.166666666666667,0.25,0.333333333333333,0.416666666666667,
0.5,0.583333333333333,0.666666666666667,0.75,0.833333333333333,0.916666666666667,
1.),.UNSPECIFIED.)
GEOMETRIC_REPRESENTATION_ITEM()
RATIONAL_B_SPLINE_SURFACE(((1.,0.866025403784439,1.,0.866025403784439,1.,
0.866025403784439,1.,0.866025403784439,1.,0.866025403784439,1.,0.866025403784439,
1.,0.866025403784439,1.,0.866025403784439,1.,0.866025403784439,1.,0.866025403784439,
1.,0.866025403784439,1.,0.866025403784439,1.),(1.,0.866025403784439,1.,
0.866025403784439,1.,0.866025403784439,1.,0.866025403784439,1.,0.866025403784439,
1.,0.866025403784439,1.,0.866025403784439,1.,0.866025403784439,1.,0.866025403784439,
1.,0.866025403784439,1.,0.866025403784439,1.,0.866025403784439,1.)))
REPRESENTATION_ITEM('')
SURFACE()
);
#173=(
BOUNDED_SURFACE()
B_SPLINE_SURFACE(1,2,((#8982,#8983,#8984,#8985,#8986,#8987,#8988,#8989,
#8990,#8991,#8992,#8993,#8994,#8995,#8996,#8997,#8998,#8999,#9000,#9001,
#9002,#9003,#9004,#9005,#9006),(#9007,#9008,#9009,#9010,#9011,#9012,#9013,
#9014,#9015,#9016,#9017,#9018,#9019,#9020,#9021,#9022,#9023,#9024,#9025,
#9026,#9027,#9028,#9029,#9030,#9031)),.UNSPECIFIED.,.F.,.F.,.F.)
B_SPLINE_SURFACE_WITH_KNOTS((2,2),(3,2,2,2,2,2,2,2,2,2,2,2,3),(0.,1.),(0.,
0.0833333333333333,0.166666666666667,0.25,0.333333333333333,0.416666666666667,
0.5,0.583333333333333,0.666666666666667,0.75,0.833333333333333,0.916666666666667,
1.),.UNSPECIFIED.)
GEOMETRIC_REPRESENTATION_ITEM()
RATIONAL_B_SPLINE_SURFACE(((1.,0.866025403784439,1.,0.866025403784439,1.,
0.866025403784439,1.,0.866025403784439,1.,0.866025403784439,1.,0.866025403784439,
1.,0.866025403784439,1.,0.866025403784439,1.,0.866025403784439,1.,0.866025403784439,
1.,0.866025403784439,1.,0.866025403784439,1.),(1.,0.866025403784439,1.,
0.866025403784439,1.,0.866025403784439,1.,0.866025403784439,1.,0.866025403784439,
1.,0.866025403784439,1.,0.866025403784439,1.,0.866025403784439,1.,0.866025403784439,
1.,0.866025403784439,1.,0.866025403784439,1.,0.866025403784439,1.)))
REPRESENTATION_ITEM('')
SURFACE()
);
#174=(
BOUNDED_SURFACE()
B_SPLINE_SURFACE(1,2,((#9033,#9034,#9035,#9036,#9037,#9038,#9039,#9040,
#9041,#9042,#9043,#9044,#9045,#9046,#9047,#9048,#9049,#9050,#9051,#9052,
#9053,#9054,#9055,#9056,#9057),(#9058,#9059,#9060,#9061,#9062,#9063,#9064,
#9065,#9066,#9067,#9068,#9069,#9070,#9071,#9072,#9073,#9074,#9075,#9076,
#9077,#9078,#9079,#9080,#9081,#9082)),.UNSPECIFIED.,.F.,.F.,.F.)
B_SPLINE_SURFACE_WITH_KNOTS((2,2),(3,2,2,2,2,2,2,2,2,2,2,2,3),(0.,1.),(0.,
0.0833333333333333,0.166666666666667,0.25,0.333333333333333,0.416666666666667,
0.5,0.583333333333333,0.666666666666667,0.75,0.833333333333333,0.916666666666667,
1.),.UNSPECIFIED.)
GEOMETRIC_REPRESENTATION_ITEM()
RATIONAL_B_SPLINE_SURFACE(((1.,0.866025403784439,1.,0.866025403784439,1.,
0.866025403784439,1.,0.866025403784439,1.,0.866025403784439,1.,0.866025403784439,
1.,0.866025403784439,1.,0.866025403784439,1.,0.866025403784439,1.,0.866025403784439,
1.,0.866025403784439,1.,0.866025403784439,1.),(1.,0.866025403784439,1.,
0.866025403784439,1.,0.866025403784439,1.,0.866025403784439,1.,0.866025403784439,
1.,0.866025403784439,1.,0.866025403784439,1.,0.866025403784439,1.,0.866025403784439,
1.,0.866025403784439,1.,0.866025403784439,1.,0.866025403784439,1.)))
REPRESENTATION_ITEM('')
SURFACE()
);
#175=(
BOUNDED_SURFACE()
B_SPLINE_SURFACE(1,2,((#9084,#9085,#9086,#9087,#9088,#9089,#9090,#9091,
#9092,#9093,#9094,#9095,#9096,#9097,#9098,#9099,#9100,#9101,#9102,#9103,
#9104,#9105,#9106,#9107,#9108),(#9109,#9110,#9111,#9112,#9113,#9114,#9115,
#9116,#9117,#9118,#9119,#9120,#9121,#9122,#9123,#9124,#9125,#9126,#9127,
#9128,#9129,#9130,#9131,#9132,#9133)),.UNSPECIFIED.,.F.,.F.,.F.)
B_SPLINE_SURFACE_WITH_KNOTS((2,2),(3,2,2,2,2,2,2,2,2,2,2,2,3),(0.,1.),(0.,
0.0833333333333333,0.166666666666667,0.25,0.333333333333333,0.416666666666667,
0.5,0.583333333333333,0.666666666666667,0.75,0.833333333333333,0.916666666666667,
1.),.UNSPECIFIED.)
GEOMETRIC_REPRESENTATION_ITEM()
RATIONAL_B_SPLINE_SURFACE(((1.,0.866025403784439,1.,0.866025403784439,1.,
0.866025403784439,1.,0.866025403784439,1.,0.866025403784439,1.,0.866025403784439,
1.,0.866025403784439,1.,0.866025403784439,1.,0.866025403784439,1.,0.866025403784439,
1.,0.866025403784439,1.,0.866025403784439,1.),(1.,0.866025403784439,1.,
0.866025403784439,1.,0.866025403784439,1.,0.866025403784439,1.,0.866025403784439,
1.,0.866025403784439,1.,0.866025403784439,1.,0.866025403784439,1.,0.866025403784439,
1.,0.866025403784439,1.,0.866025403784439,1.,0.866025403784439,1.)))
REPRESENTATION_ITEM('')
SURFACE()
);
#176=(
BOUNDED_SURFACE()
B_SPLINE_SURFACE(1,2,((#9135,#9136,#9137,#9138,#9139,#9140,#9141,#9142,
#9143,#9144,#9145,#9146,#9147,#9148,#9149,#9150,#9151,#9152,#9153,#9154,
#9155,#9156,#9157,#9158,#9159),(#9160,#9161,#9162,#9163,#9164,#9165,#9166,
#9167,#9168,#9169,#9170,#9171,#9172,#9173,#9174,#9175,#9176,#9177,#9178,
#9179,#9180,#9181,#9182,#9183,#9184)),.UNSPECIFIED.,.F.,.F.,.F.)
B_SPLINE_SURFACE_WITH_KNOTS((2,2),(3,2,2,2,2,2,2,2,2,2,2,2,3),(0.,1.),(0.,
0.0833333333333333,0.166666666666667,0.25,0.333333333333333,0.416666666666667,
0.5,0.583333333333333,0.666666666666667,0.75,0.833333333333333,0.916666666666667,
1.),.UNSPECIFIED.)
GEOMETRIC_REPRESENTATION_ITEM()
RATIONAL_B_SPLINE_SURFACE(((1.,0.866025403784439,1.,0.866025403784439,1.,
0.866025403784439,1.,0.866025403784439,1.,0.866025403784439,1.,0.866025403784439,
1.,0.866025403784439,1.,0.866025403784439,1.,0.866025403784439,1.,0.866025403784439,
1.,0.866025403784439,1.,0.866025403784439,1.),(1.,0.866025403784439,1.,
0.866025403784439,1.,0.866025403784439,1.,0.866025403784439,1.,0.866025403784439,
1.,0.866025403784439,1.,0.866025403784439,1.,0.866025403784439,1.,0.866025403784439,
1.,0.866025403784439,1.,0.866025403784439,1.,0.866025403784439,1.)))
REPRESENTATION_ITEM('')
SURFACE()
);
#177=(
BOUNDED_SURFACE()
B_SPLINE_SURFACE(1,2,((#9185,#9186,#9187,#9188,#9189,#9190,#9191,#9192,
#9193,#9194,#9195,#9196,#9197,#9198,#9199,#9200,#9201,#9202,#9203,#9204,
#9205,#9206,#9207,#9208,#9209),(#9210,#9211,#9212,#9213,#9214,#9215,#9216,
#9217,#9218,#9219,#9220,#9221,#9222,#9223,#9224,#9225,#9226,#9227,#9228,
#9229,#9230,#9231,#9232,#9233,#9234)),.UNSPECIFIED.,.F.,.F.,.F.)
B_SPLINE_SURFACE_WITH_KNOTS((2,2),(3,2,2,2,2,2,2,2,2,2,2,2,3),(0.,1.),(0.,
0.0833333333333333,0.166666666666667,0.25,0.333333333333333,0.416666666666667,
0.5,0.583333333333333,0.666666666666667,0.75,0.833333333333333,0.916666666666667,
1.),.UNSPECIFIED.)
GEOMETRIC_REPRESENTATION_ITEM()
RATIONAL_B_SPLINE_SURFACE(((1.,0.866025403784439,1.,0.866025403784439,1.,
0.866025403784439,1.,0.866025403784439,1.,0.866025403784439,1.,0.866025403784439,
1.,0.866025403784439,1.,0.866025403784439,1.,0.866025403784439,1.,0.866025403784439,
1.,0.866025403784439,1.,0.866025403784439,1.),(1.,0.866025403784439,1.,
0.866025403784439,1.,0.866025403784439,1.,0.866025403784439,1.,0.866025403784439,
1.,0.866025403784439,1.,0.866025403784439,1.,0.866025403784439,1.,0.866025403784439,
1.,0.866025403784439,1.,0.866025403784439,1.,0.866025403784439,1.)))
REPRESENTATION_ITEM('')
SURFACE()
);
#178=TOROIDAL_SURFACE('',#4609,0.6,0.575);
#179=CONICAL_SURFACE('',#4590,0.7,0.298404816892015);
#180=CONICAL_SURFACE('',#4607,0.7,0.298404816892015);
#181=CONICAL_SURFACE('',#4644,0.762,1.02974425867665);
#182=CONICAL_SURFACE('',#4831,0.396875,1.02974425867665);
#183=CONICAL_SURFACE('',#4835,0.396875,1.02974425867665);
#184=CONICAL_SURFACE('',#4839,0.396875,1.02974425867665);
#185=CONICAL_SURFACE('',#4842,0.396875,1.02974425867665);
#186=CONICAL_SURFACE('',#4861,0.762,1.02974425867665);
#187=FACE_OUTER_BOUND('',#438,.T.);
#188=FACE_OUTER_BOUND('',#439,.T.);
#189=FACE_OUTER_BOUND('',#440,.T.);
#190=FACE_OUTER_BOUND('',#441,.T.);
#191=FACE_OUTER_BOUND('',#442,.T.);
#192=FACE_OUTER_BOUND('',#443,.T.);
#193=FACE_OUTER_BOUND('',#444,.T.);
#194=FACE_OUTER_BOUND('',#445,.T.);
#195=FACE_OUTER_BOUND('',#446,.T.);
#196=FACE_OUTER_BOUND('',#447,.T.);
#197=FACE_OUTER_BOUND('',#448,.T.);
#198=FACE_OUTER_BOUND('',#449,.T.);
#199=FACE_OUTER_BOUND('',#450,.T.);
#200=FACE_OUTER_BOUND('',#451,.T.);
#201=FACE_OUTER_BOUND('',#452,.T.);
#202=FACE_OUTER_BOUND('',#453,.T.);
#203=FACE_OUTER_BOUND('',#454,.T.);
#204=FACE_OUTER_BOUND('',#455,.T.);
#205=FACE_OUTER_BOUND('',#456,.T.);
#206=FACE_OUTER_BOUND('',#457,.T.);
#207=FACE_OUTER_BOUND('',#458,.T.);
#208=FACE_OUTER_BOUND('',#459,.T.);
#209=FACE_OUTER_BOUND('',#460,.T.);
#210=FACE_OUTER_BOUND('',#461,.T.);
#211=FACE_OUTER_BOUND('',#462,.T.);
#212=FACE_OUTER_BOUND('',#463,.T.);
#213=FACE_OUTER_BOUND('',#464,.T.);
#214=FACE_OUTER_BOUND('',#465,.T.);
#215=FACE_OUTER_BOUND('',#466,.T.);
#216=FACE_OUTER_BOUND('',#467,.T.);
#217=FACE_OUTER_BOUND('',#468,.T.);
#218=FACE_OUTER_BOUND('',#469,.T.);
#219=FACE_OUTER_BOUND('',#470,.T.);
#220=FACE_OUTER_BOUND('',#471,.T.);
#221=FACE_OUTER_BOUND('',#472,.T.);
#222=FACE_OUTER_BOUND('',#474,.T.);
#223=FACE_OUTER_BOUND('',#476,.T.);
#224=FACE_OUTER_BOUND('',#477,.T.);
#225=FACE_OUTER_BOUND('',#478,.T.);
#226=FACE_OUTER_BOUND('',#479,.T.);
#227=FACE_OUTER_BOUND('',#480,.T.);
#228=FACE_OUTER_BOUND('',#481,.T.);
#229=FACE_OUTER_BOUND('',#482,.T.);
#230=FACE_OUTER_BOUND('',#483,.T.);
#231=FACE_OUTER_BOUND('',#484,.T.);
#232=FACE_OUTER_BOUND('',#485,.T.);
#233=FACE_OUTER_BOUND('',#486,.T.);
#234=FACE_OUTER_BOUND('',#487,.T.);
#235=FACE_OUTER_BOUND('',#488,.T.);
#236=FACE_OUTER_BOUND('',#489,.T.);
#237=FACE_OUTER_BOUND('',#490,.T.);
#238=FACE_OUTER_BOUND('',#491,.T.);
#239=FACE_OUTER_BOUND('',#492,.T.);
#240=FACE_OUTER_BOUND('',#493,.T.);
#241=FACE_OUTER_BOUND('',#494,.T.);
#242=FACE_OUTER_BOUND('',#495,.T.);
#243=FACE_OUTER_BOUND('',#496,.T.);
#244=FACE_OUTER_BOUND('',#497,.T.);
#245=FACE_OUTER_BOUND('',#498,.T.);
#246=FACE_OUTER_BOUND('',#499,.T.);
#247=FACE_OUTER_BOUND('',#500,.T.);
#248=FACE_OUTER_BOUND('',#501,.T.);
#249=FACE_OUTER_BOUND('',#502,.T.);
#250=FACE_OUTER_BOUND('',#503,.T.);
#251=FACE_OUTER_BOUND('',#504,.T.);
#252=FACE_OUTER_BOUND('',#505,.T.);
#253=FACE_OUTER_BOUND('',#506,.T.);
#254=FACE_OUTER_BOUND('',#507,.T.);
#255=FACE_OUTER_BOUND('',#508,.T.);
#256=FACE_OUTER_BOUND('',#509,.T.);
#257=FACE_OUTER_BOUND('',#510,.T.);
#258=FACE_OUTER_BOUND('',#511,.T.);
#259=FACE_OUTER_BOUND('',#512,.T.);
#260=FACE_OUTER_BOUND('',#513,.T.);
#261=FACE_OUTER_BOUND('',#514,.T.);
#262=FACE_OUTER_BOUND('',#515,.T.);
#263=FACE_OUTER_BOUND('',#516,.T.);
#264=FACE_OUTER_BOUND('',#517,.T.);
#265=FACE_OUTER_BOUND('',#518,.T.);
#266=FACE_OUTER_BOUND('',#519,.T.);
#267=FACE_OUTER_BOUND('',#520,.T.);
#268=FACE_OUTER_BOUND('',#521,.T.);
#269=FACE_OUTER_BOUND('',#522,.T.);
#270=FACE_OUTER_BOUND('',#523,.T.);
#271=FACE_OUTER_BOUND('',#524,.T.);
#272=FACE_OUTER_BOUND('',#525,.T.);
#273=FACE_OUTER_BOUND('',#526,.T.);
#274=FACE_OUTER_BOUND('',#527,.T.);
#275=FACE_OUTER_BOUND('',#528,.T.);
#276=FACE_OUTER_BOUND('',#529,.T.);
#277=FACE_OUTER_BOUND('',#530,.T.);
#278=FACE_OUTER_BOUND('',#531,.T.);
#279=FACE_OUTER_BOUND('',#532,.T.);
#280=FACE_OUTER_BOUND('',#533,.T.);
#281=FACE_OUTER_BOUND('',#534,.T.);
#282=FACE_OUTER_BOUND('',#535,.T.);
#283=FACE_OUTER_BOUND('',#536,.T.);
#284=FACE_OUTER_BOUND('',#537,.T.);
#285=FACE_OUTER_BOUND('',#538,.T.);
#286=FACE_OUTER_BOUND('',#539,.T.);
#287=FACE_OUTER_BOUND('',#540,.T.);
#288=FACE_OUTER_BOUND('',#541,.T.);
#289=FACE_OUTER_BOUND('',#542,.T.);
#290=FACE_OUTER_BOUND('',#543,.T.);
#291=FACE_OUTER_BOUND('',#544,.T.);
#292=FACE_OUTER_BOUND('',#545,.T.);
#293=FACE_OUTER_BOUND('',#546,.T.);
#294=FACE_OUTER_BOUND('',#547,.T.);
#295=FACE_OUTER_BOUND('',#548,.T.);
#296=FACE_OUTER_BOUND('',#549,.T.);
#297=FACE_OUTER_BOUND('',#550,.T.);
#298=FACE_OUTER_BOUND('',#551,.T.);
#299=FACE_OUTER_BOUND('',#553,.T.);
#300=FACE_OUTER_BOUND('',#554,.T.);
#301=FACE_OUTER_BOUND('',#555,.T.);
#302=FACE_OUTER_BOUND('',#556,.T.);
#303=FACE_OUTER_BOUND('',#557,.T.);
#304=FACE_OUTER_BOUND('',#558,.T.);
#305=FACE_OUTER_BOUND('',#559,.T.);
#306=FACE_OUTER_BOUND('',#560,.T.);
#307=FACE_OUTER_BOUND('',#561,.T.);
#308=FACE_OUTER_BOUND('',#562,.T.);
#309=FACE_OUTER_BOUND('',#564,.T.);
#310=FACE_OUTER_BOUND('',#565,.T.);
#311=FACE_OUTER_BOUND('',#566,.T.);
#312=FACE_OUTER_BOUND('',#567,.T.);
#313=FACE_OUTER_BOUND('',#568,.T.);
#314=FACE_OUTER_BOUND('',#569,.T.);
#315=FACE_OUTER_BOUND('',#570,.T.);
#316=FACE_OUTER_BOUND('',#571,.T.);
#317=FACE_OUTER_BOUND('',#573,.T.);
#318=FACE_OUTER_BOUND('',#574,.T.);
#319=FACE_OUTER_BOUND('',#575,.T.);
#320=FACE_OUTER_BOUND('',#576,.T.);
#321=FACE_OUTER_BOUND('',#577,.T.);
#322=FACE_OUTER_BOUND('',#579,.T.);
#323=FACE_OUTER_BOUND('',#580,.T.);
#324=FACE_OUTER_BOUND('',#581,.T.);
#325=FACE_OUTER_BOUND('',#582,.T.);
#326=FACE_OUTER_BOUND('',#583,.T.);
#327=FACE_OUTER_BOUND('',#584,.T.);
#328=FACE_OUTER_BOUND('',#585,.T.);
#329=FACE_OUTER_BOUND('',#586,.T.);
#330=FACE_OUTER_BOUND('',#587,.T.);
#331=FACE_OUTER_BOUND('',#588,.T.);
#332=FACE_OUTER_BOUND('',#589,.T.);
#333=FACE_OUTER_BOUND('',#590,.T.);
#334=FACE_OUTER_BOUND('',#591,.T.);
#335=FACE_OUTER_BOUND('',#592,.T.);
#336=FACE_OUTER_BOUND('',#593,.T.);
#337=FACE_OUTER_BOUND('',#594,.T.);
#338=FACE_OUTER_BOUND('',#596,.T.);
#339=FACE_OUTER_BOUND('',#597,.T.);
#340=FACE_OUTER_BOUND('',#598,.T.);
#341=FACE_OUTER_BOUND('',#599,.T.);
#342=FACE_OUTER_BOUND('',#600,.T.);
#343=FACE_OUTER_BOUND('',#601,.T.);
#344=FACE_OUTER_BOUND('',#602,.T.);
#345=FACE_OUTER_BOUND('',#603,.T.);
#346=FACE_OUTER_BOUND('',#604,.T.);
#347=FACE_OUTER_BOUND('',#605,.T.);
#348=FACE_OUTER_BOUND('',#606,.T.);
#349=FACE_OUTER_BOUND('',#607,.T.);
#350=FACE_OUTER_BOUND('',#608,.T.);
#351=FACE_OUTER_BOUND('',#609,.T.);
#352=FACE_OUTER_BOUND('',#610,.T.);
#353=FACE_OUTER_BOUND('',#611,.T.);
#354=FACE_OUTER_BOUND('',#612,.T.);
#355=FACE_OUTER_BOUND('',#613,.T.);
#356=FACE_OUTER_BOUND('',#614,.T.);
#357=FACE_OUTER_BOUND('',#615,.T.);
#358=FACE_OUTER_BOUND('',#616,.T.);
#359=FACE_OUTER_BOUND('',#617,.T.);
#360=FACE_OUTER_BOUND('',#618,.T.);
#361=FACE_OUTER_BOUND('',#619,.T.);
#362=FACE_OUTER_BOUND('',#621,.T.);
#363=FACE_OUTER_BOUND('',#622,.T.);
#364=FACE_OUTER_BOUND('',#623,.T.);
#365=FACE_OUTER_BOUND('',#624,.T.);
#366=FACE_OUTER_BOUND('',#625,.T.);
#367=FACE_OUTER_BOUND('',#626,.T.);
#368=FACE_OUTER_BOUND('',#627,.T.);
#369=FACE_OUTER_BOUND('',#628,.T.);
#370=FACE_OUTER_BOUND('',#629,.T.);
#371=FACE_OUTER_BOUND('',#630,.T.);
#372=FACE_OUTER_BOUND('',#632,.T.);
#373=FACE_OUTER_BOUND('',#633,.T.);
#374=FACE_OUTER_BOUND('',#635,.T.);
#375=FACE_OUTER_BOUND('',#636,.T.);
#376=FACE_OUTER_BOUND('',#638,.T.);
#377=FACE_OUTER_BOUND('',#639,.T.);
#378=FACE_OUTER_BOUND('',#640,.T.);
#379=FACE_OUTER_BOUND('',#641,.T.);
#380=FACE_OUTER_BOUND('',#642,.T.);
#381=FACE_OUTER_BOUND('',#643,.T.);
#382=FACE_OUTER_BOUND('',#644,.T.);
#383=FACE_OUTER_BOUND('',#645,.T.);
#384=FACE_OUTER_BOUND('',#646,.T.);
#385=FACE_OUTER_BOUND('',#647,.T.);
#386=FACE_OUTER_BOUND('',#648,.T.);
#387=FACE_OUTER_BOUND('',#649,.T.);
#388=FACE_OUTER_BOUND('',#650,.T.);
#389=FACE_OUTER_BOUND('',#651,.T.);
#390=FACE_OUTER_BOUND('',#652,.T.);
#391=FACE_OUTER_BOUND('',#653,.T.);
#392=FACE_OUTER_BOUND('',#654,.T.);
#393=FACE_OUTER_BOUND('',#655,.T.);
#394=FACE_OUTER_BOUND('',#656,.T.);
#395=FACE_OUTER_BOUND('',#657,.T.);
#396=FACE_OUTER_BOUND('',#658,.T.);
#397=FACE_OUTER_BOUND('',#659,.T.);
#398=FACE_OUTER_BOUND('',#660,.T.);
#399=FACE_OUTER_BOUND('',#661,.T.);
#400=FACE_OUTER_BOUND('',#662,.T.);
#401=FACE_OUTER_BOUND('',#663,.T.);
#402=FACE_OUTER_BOUND('',#664,.T.);
#403=FACE_OUTER_BOUND('',#665,.T.);
#404=FACE_OUTER_BOUND('',#666,.T.);
#405=FACE_OUTER_BOUND('',#667,.T.);
#406=FACE_OUTER_BOUND('',#668,.T.);
#407=FACE_OUTER_BOUND('',#669,.T.);
#408=FACE_OUTER_BOUND('',#670,.T.);
#409=FACE_OUTER_BOUND('',#671,.T.);
#410=FACE_OUTER_BOUND('',#672,.T.);
#411=FACE_OUTER_BOUND('',#673,.T.);
#412=FACE_OUTER_BOUND('',#674,.T.);
#413=FACE_OUTER_BOUND('',#675,.T.);
#414=FACE_OUTER_BOUND('',#676,.T.);
#415=FACE_OUTER_BOUND('',#677,.T.);
#416=FACE_OUTER_BOUND('',#678,.T.);
#417=FACE_OUTER_BOUND('',#679,.T.);
#418=FACE_OUTER_BOUND('',#680,.T.);
#419=FACE_OUTER_BOUND('',#681,.T.);
#420=FACE_OUTER_BOUND('',#682,.T.);
#421=FACE_OUTER_BOUND('',#683,.T.);
#422=FACE_OUTER_BOUND('',#684,.T.);
#423=FACE_OUTER_BOUND('',#685,.T.);
#424=FACE_OUTER_BOUND('',#686,.T.);
#425=FACE_OUTER_BOUND('',#687,.T.);
#426=FACE_OUTER_BOUND('',#688,.T.);
#427=FACE_OUTER_BOUND('',#689,.T.);
#428=FACE_OUTER_BOUND('',#690,.T.);
#429=FACE_OUTER_BOUND('',#692,.T.);
#430=FACE_OUTER_BOUND('',#694,.T.);
#431=FACE_OUTER_BOUND('',#695,.T.);
#432=FACE_OUTER_BOUND('',#696,.T.);
#433=FACE_OUTER_BOUND('',#697,.T.);
#434=FACE_OUTER_BOUND('',#698,.T.);
#435=FACE_OUTER_BOUND('',#699,.T.);
#436=FACE_OUTER_BOUND('',#700,.T.);
#437=FACE_OUTER_BOUND('',#702,.T.);
#438=EDGE_LOOP('',(#2827,#2828,#2829,#2830));
#439=EDGE_LOOP('',(#2831,#2832,#2833,#2834,#2835,#2836));
#440=EDGE_LOOP('',(#2837,#2838,#2839,#2840,#2841,#2842));
#441=EDGE_LOOP('',(#2843,#2844,#2845,#2846,#2847,#2848));
#442=EDGE_LOOP('',(#2849,#2850,#2851,#2852,#2853,#2854));
#443=EDGE_LOOP('',(#2855,#2856,#2857,#2858,#2859,#2860));
#444=EDGE_LOOP('',(#2861,#2862,#2863,#2864,#2865,#2866));
#445=EDGE_LOOP('',(#2867,#2868,#2869,#2870,#2871,#2872));
#446=EDGE_LOOP('',(#2873,#2874,#2875,#2876));
#447=EDGE_LOOP('',(#2877,#2878,#2879,#2880,#2881,#2882));
#448=EDGE_LOOP('',(#2883,#2884,#2885,#2886,#2887,#2888));
#449=EDGE_LOOP('',(#2889,#2890,#2891,#2892,#2893,#2894));
#450=EDGE_LOOP('',(#2895,#2896,#2897,#2898,#2899,#2900));
#451=EDGE_LOOP('',(#2901,#2902,#2903,#2904,#2905,#2906));
#452=EDGE_LOOP('',(#2907,#2908,#2909,#2910,#2911,#2912));
#453=EDGE_LOOP('',(#2913,#2914,#2915,#2916,#2917,#2918));
#454=EDGE_LOOP('',(#2919,#2920,#2921,#2922,#2923,#2924));
#455=EDGE_LOOP('',(#2925,#2926,#2927,#2928,#2929,#2930));
#456=EDGE_LOOP('',(#2931,#2932,#2933,#2934,#2935,#2936,#2937,#2938,#2939));
#457=EDGE_LOOP('',(#2940,#2941,#2942,#2943));
#458=EDGE_LOOP('',(#2944,#2945,#2946,#2947));
#459=EDGE_LOOP('',(#2948,#2949,#2950,#2951));
#460=EDGE_LOOP('',(#2952,#2953,#2954,#2955));
#461=EDGE_LOOP('',(#2956,#2957,#2958,#2959));
#462=EDGE_LOOP('',(#2960,#2961,#2962,#2963,#2964,#2965));
#463=EDGE_LOOP('',(#2966,#2967,#2968,#2969,#2970));
#464=EDGE_LOOP('',(#2971,#2972,#2973,#2974,#2975));
#465=EDGE_LOOP('',(#2976,#2977,#2978,#2979,#2980));
#466=EDGE_LOOP('',(#2981,#2982,#2983,#2984,#2985,#2986));
#467=EDGE_LOOP('',(#2987,#2988,#2989,#2990,#2991,#2992));
#468=EDGE_LOOP('',(#2993,#2994,#2995,#2996,#2997,#2998));
#469=EDGE_LOOP('',(#2999,#3000,#3001,#3002,#3003));
#470=EDGE_LOOP('',(#3004,#3005,#3006,#3007,#3008,#3009));
#471=EDGE_LOOP('',(#3010,#3011,#3012,#3013,#3014));
#472=EDGE_LOOP('',(#3015));
#473=EDGE_LOOP('',(#3016,#3017,#3018,#3019));
#474=EDGE_LOOP('',(#3020));
#475=EDGE_LOOP('',(#3021,#3022,#3023,#3024,#3025,#3026,#3027,#3028,#3029,
#3030,#3031,#3032));
#476=EDGE_LOOP('',(#3033,#3034,#3035,#3036,#3037,#3038));
#477=EDGE_LOOP('',(#3039,#3040,#3041,#3042,#3043));
#478=EDGE_LOOP('',(#3044,#3045,#3046,#3047,#3048,#3049));
#479=EDGE_LOOP('',(#3050,#3051,#3052,#3053,#3054,#3055));
#480=EDGE_LOOP('',(#3056,#3057,#3058,#3059,#3060,#3061));
#481=EDGE_LOOP('',(#3062,#3063,#3064,#3065,#3066,#3067));
#482=EDGE_LOOP('',(#3068,#3069,#3070,#3071,#3072,#3073));
#483=EDGE_LOOP('',(#3074,#3075,#3076,#3077,#3078,#3079));
#484=EDGE_LOOP('',(#3080,#3081,#3082,#3083,#3084,#3085));
#485=EDGE_LOOP('',(#3086,#3087,#3088,#3089,#3090,#3091));
#486=EDGE_LOOP('',(#3092,#3093,#3094,#3095,#3096,#3097));
#487=EDGE_LOOP('',(#3098,#3099,#3100,#3101,#3102,#3103));
#488=EDGE_LOOP('',(#3104,#3105,#3106,#3107,#3108,#3109));
#489=EDGE_LOOP('',(#3110,#3111,#3112,#3113,#3114,#3115));
#490=EDGE_LOOP('',(#3116,#3117,#3118,#3119,#3120,#3121));
#491=EDGE_LOOP('',(#3122,#3123,#3124,#3125,#3126,#3127));
#492=EDGE_LOOP('',(#3128));
#493=EDGE_LOOP('',(#3129,#3130,#3131,#3132));
#494=EDGE_LOOP('',(#3133,#3134,#3135,#3136));
#495=EDGE_LOOP('',(#3137,#3138,#3139,#3140));
#496=EDGE_LOOP('',(#3141,#3142,#3143,#3144,#3145,#3146,#3147,#3148,#3149,
#3150,#3151,#3152));
#497=EDGE_LOOP('',(#3153,#3154,#3155,#3156));
#498=EDGE_LOOP('',(#3157,#3158,#3159,#3160));
#499=EDGE_LOOP('',(#3161,#3162,#3163,#3164));
#500=EDGE_LOOP('',(#3165,#3166,#3167,#3168));
#501=EDGE_LOOP('',(#3169,#3170,#3171));
#502=EDGE_LOOP('',(#3172,#3173,#3174,#3175));
#503=EDGE_LOOP('',(#3176,#3177,#3178,#3179));
#504=EDGE_LOOP('',(#3180,#3181,#3182,#3183));
#505=EDGE_LOOP('',(#3184,#3185,#3186,#3187));
#506=EDGE_LOOP('',(#3188,#3189,#3190,#3191,#3192,#3193,#3194,#3195,#3196,
#3197,#3198,#3199,#3200,#3201,#3202,#3203,#3204,#3205,#3206,#3207,#3208,
#3209,#3210));
#507=EDGE_LOOP('',(#3211,#3212,#3213,#3214));
#508=EDGE_LOOP('',(#3215,#3216,#3217,#3218));
#509=EDGE_LOOP('',(#3219,#3220,#3221,#3222));
#510=EDGE_LOOP('',(#3223,#3224,#3225,#3226));
#511=EDGE_LOOP('',(#3227,#3228,#3229,#3230,#3231,#3232,#3233,#3234,#3235,
#3236,#3237,#3238,#3239,#3240,#3241,#3242,#3243,#3244,#3245,#3246,#3247,
#3248,#3249,#3250));
#512=EDGE_LOOP('',(#3251,#3252,#3253,#3254));
#513=EDGE_LOOP('',(#3255,#3256,#3257,#3258,#3259,#3260,#3261,#3262,#3263,
#3264,#3265,#3266,#3267,#3268,#3269,#3270,#3271,#3272,#3273,#3274));
#514=EDGE_LOOP('',(#3275,#3276,#3277,#3278));
#515=EDGE_LOOP('',(#3279,#3280,#3281,#3282));
#516=EDGE_LOOP('',(#3283,#3284,#3285,#3286));
#517=EDGE_LOOP('',(#3287,#3288,#3289,#3290));
#518=EDGE_LOOP('',(#3291,#3292,#3293,#3294));
#519=EDGE_LOOP('',(#3295,#3296,#3297,#3298));
#520=EDGE_LOOP('',(#3299,#3300,#3301,#3302));
#521=EDGE_LOOP('',(#3303,#3304,#3305,#3306));
#522=EDGE_LOOP('',(#3307,#3308,#3309,#3310,#3311,#3312,#3313,#3314,#3315,
#3316,#3317,#3318,#3319,#3320,#3321,#3322,#3323));
#523=EDGE_LOOP('',(#3324,#3325,#3326,#3327));
#524=EDGE_LOOP('',(#3328,#3329,#3330,#3331));
#525=EDGE_LOOP('',(#3332,#3333,#3334,#3335));
#526=EDGE_LOOP('',(#3336,#3337,#3338,#3339));
#527=EDGE_LOOP('',(#3340,#3341,#3342,#3343));
#528=EDGE_LOOP('',(#3344,#3345,#3346,#3347));
#529=EDGE_LOOP('',(#3348,#3349,#3350,#3351));
#530=EDGE_LOOP('',(#3352,#3353,#3354,#3355));
#531=EDGE_LOOP('',(#3356,#3357,#3358,#3359));
#532=EDGE_LOOP('',(#3360,#3361,#3362,#3363));
#533=EDGE_LOOP('',(#3364,#3365,#3366,#3367,#3368,#3369));
#534=EDGE_LOOP('',(#3370,#3371,#3372,#3373,#3374));
#535=EDGE_LOOP('',(#3375,#3376,#3377,#3378,#3379));
#536=EDGE_LOOP('',(#3380,#3381,#3382,#3383));
#537=EDGE_LOOP('',(#3384,#3385,#3386));
#538=EDGE_LOOP('',(#3387,#3388,#3389,#3390,#3391));
#539=EDGE_LOOP('',(#3392,#3393,#3394,#3395,#3396));
#540=EDGE_LOOP('',(#3397,#3398,#3399));
#541=EDGE_LOOP('',(#3400,#3401,#3402,#3403));
#542=EDGE_LOOP('',(#3404,#3405,#3406));
#543=EDGE_LOOP('',(#3407,#3408,#3409));
#544=EDGE_LOOP('',(#3410,#3411,#3412,#3413));
#545=EDGE_LOOP('',(#3414,#3415,#3416,#3417));
#546=EDGE_LOOP('',(#3418,#3419,#3420,#3421,#3422,#3423,#3424,#3425,#3426,
#3427,#3428,#3429,#3430,#3431,#3432,#3433,#3434));
#547=EDGE_LOOP('',(#3435,#3436,#3437,#3438));
#548=EDGE_LOOP('',(#3439,#3440,#3441,#3442,#3443,#3444,#3445,#3446));
#549=EDGE_LOOP('',(#3447,#3448,#3449,#3450,#3451,#3452,#3453,#3454));
#550=EDGE_LOOP('',(#3455,#3456,#3457,#3458));
#551=EDGE_LOOP('',(#3459,#3460,#3461,#3462));
#552=EDGE_LOOP('',(#3463));
#553=EDGE_LOOP('',(#3464,#3465,#3466,#3467));
#554=EDGE_LOOP('',(#3468,#3469,#3470,#3471,#3472,#3473,#3474,#3475,#3476,
#3477,#3478,#3479,#3480,#3481,#3482,#3483));
#555=EDGE_LOOP('',(#3484,#3485,#3486,#3487));
#556=EDGE_LOOP('',(#3488,#3489,#3490,#3491));
#557=EDGE_LOOP('',(#3492,#3493,#3494,#3495));
#558=EDGE_LOOP('',(#3496,#3497,#3498,#3499,#3500,#3501,#3502,#3503));
#559=EDGE_LOOP('',(#3504,#3505,#3506,#3507));
#560=EDGE_LOOP('',(#3508,#3509,#3510,#3511));
#561=EDGE_LOOP('',(#3512,#3513,#3514,#3515));
#562=EDGE_LOOP('',(#3516));
#563=EDGE_LOOP('',(#3517));
#564=EDGE_LOOP('',(#3518,#3519,#3520,#3521));
#565=EDGE_LOOP('',(#3522,#3523,#3524,#3525));
#566=EDGE_LOOP('',(#3526,#3527,#3528,#3529));
#567=EDGE_LOOP('',(#3530,#3531,#3532,#3533));
#568=EDGE_LOOP('',(#3534,#3535,#3536,#3537));
#569=EDGE_LOOP('',(#3538,#3539,#3540,#3541,#3542,#3543));
#570=EDGE_LOOP('',(#3544,#3545,#3546,#3547));
#571=EDGE_LOOP('',(#3548,#3549,#3550,#3551));
#572=EDGE_LOOP('',(#3552,#3553,#3554,#3555));
#573=EDGE_LOOP('',(#3556,#3557,#3558,#3559));
#574=EDGE_LOOP('',(#3560,#3561,#3562,#3563));
#575=EDGE_LOOP('',(#3564,#3565,#3566,#3567));
#576=EDGE_LOOP('',(#3568,#3569,#3570,#3571));
#577=EDGE_LOOP('',(#3572,#3573,#3574,#3575));
#578=EDGE_LOOP('',(#3576));
#579=EDGE_LOOP('',(#3577,#3578,#3579,#3580));
#580=EDGE_LOOP('',(#3581,#3582,#3583,#3584));
#581=EDGE_LOOP('',(#3585,#3586,#3587,#3588));
#582=EDGE_LOOP('',(#3589,#3590,#3591,#3592));
#583=EDGE_LOOP('',(#3593,#3594,#3595,#3596));
#584=EDGE_LOOP('',(#3597,#3598,#3599,#3600));
#585=EDGE_LOOP('',(#3601,#3602,#3603,#3604));
#586=EDGE_LOOP('',(#3605,#3606,#3607,#3608));
#587=EDGE_LOOP('',(#3609,#3610,#3611,#3612));
#588=EDGE_LOOP('',(#3613,#3614,#3615,#3616));
#589=EDGE_LOOP('',(#3617,#3618,#3619,#3620));
#590=EDGE_LOOP('',(#3621,#3622,#3623,#3624));
#591=EDGE_LOOP('',(#3625,#3626,#3627,#3628));
#592=EDGE_LOOP('',(#3629,#3630,#3631,#3632,#3633,#3634,#3635,#3636,#3637,
#3638,#3639,#3640,#3641,#3642,#3643,#3644,#3645,#3646,#3647));
#593=EDGE_LOOP('',(#3648,#3649,#3650,#3651));
#594=EDGE_LOOP('',(#3652,#3653,#3654,#3655,#3656,#3657,#3658,#3659));
#595=EDGE_LOOP('',(#3660,#3661,#3662,#3663));
#596=EDGE_LOOP('',(#3664,#3665,#3666,#3667));
#597=EDGE_LOOP('',(#3668,#3669,#3670,#3671));
#598=EDGE_LOOP('',(#3672,#3673,#3674,#3675));
#599=EDGE_LOOP('',(#3676,#3677,#3678,#3679));
#600=EDGE_LOOP('',(#3680,#3681,#3682,#3683));
#601=EDGE_LOOP('',(#3684,#3685,#3686,#3687));
#602=EDGE_LOOP('',(#3688,#3689,#3690,#3691));
#603=EDGE_LOOP('',(#3692,#3693,#3694,#3695));
#604=EDGE_LOOP('',(#3696,#3697,#3698,#3699));
#605=EDGE_LOOP('',(#3700,#3701,#3702,#3703));
#606=EDGE_LOOP('',(#3704,#3705,#3706,#3707));
#607=EDGE_LOOP('',(#3708,#3709,#3710,#3711));
#608=EDGE_LOOP('',(#3712,#3713,#3714,#3715));
#609=EDGE_LOOP('',(#3716,#3717,#3718,#3719));
#610=EDGE_LOOP('',(#3720,#3721,#3722,#3723));
#611=EDGE_LOOP('',(#3724,#3725,#3726,#3727));
#612=EDGE_LOOP('',(#3728,#3729,#3730,#3731));
#613=EDGE_LOOP('',(#3732,#3733,#3734,#3735));
#614=EDGE_LOOP('',(#3736,#3737,#3738,#3739,#3740,#3741,#3742,#3743));
#615=EDGE_LOOP('',(#3744,#3745,#3746,#3747));
#616=EDGE_LOOP('',(#3748,#3749,#3750,#3751));
#617=EDGE_LOOP('',(#3752,#3753,#3754,#3755));
#618=EDGE_LOOP('',(#3756,#3757,#3758,#3759));
#619=EDGE_LOOP('',(#3760,#3761,#3762,#3763));
#620=EDGE_LOOP('',(#3764,#3765,#3766,#3767,#3768,#3769,#3770,#3771));
#621=EDGE_LOOP('',(#3772,#3773,#3774));
#622=EDGE_LOOP('',(#3775,#3776,#3777,#3778));
#623=EDGE_LOOP('',(#3779,#3780,#3781));
#624=EDGE_LOOP('',(#3782,#3783,#3784,#3785));
#625=EDGE_LOOP('',(#3786,#3787,#3788));
#626=EDGE_LOOP('',(#3789,#3790,#3791,#3792));
#627=EDGE_LOOP('',(#3793,#3794,#3795));
#628=EDGE_LOOP('',(#3796,#3797,#3798,#3799));
#629=EDGE_LOOP('',(#3800,#3801,#3802,#3803));
#630=EDGE_LOOP('',(#3804,#3805,#3806,#3807));
#631=EDGE_LOOP('',(#3808));
#632=EDGE_LOOP('',(#3809,#3810,#3811,#3812));
#633=EDGE_LOOP('',(#3813,#3814,#3815,#3816));
#634=EDGE_LOOP('',(#3817));
#635=EDGE_LOOP('',(#3818,#3819,#3820,#3821));
#636=EDGE_LOOP('',(#3822,#3823,#3824,#3825));
#637=EDGE_LOOP('',(#3826));
#638=EDGE_LOOP('',(#3827,#3828,#3829,#3830));
#639=EDGE_LOOP('',(#3831,#3832,#3833,#3834,#3835,#3836,#3837,#3838,#3839,
#3840,#3841,#3842));
#640=EDGE_LOOP('',(#3843,#3844,#3845,#3846));
#641=EDGE_LOOP('',(#3847,#3848,#3849,#3850));
#642=EDGE_LOOP('',(#3851,#3852,#3853,#3854));
#643=EDGE_LOOP('',(#3855,#3856,#3857,#3858));
#644=EDGE_LOOP('',(#3859,#3860,#3861,#3862));
#645=EDGE_LOOP('',(#3863,#3864,#3865,#3866));
#646=EDGE_LOOP('',(#3867,#3868,#3869,#3870));
#647=EDGE_LOOP('',(#3871,#3872,#3873,#3874));
#648=EDGE_LOOP('',(#3875,#3876,#3877,#3878));
#649=EDGE_LOOP('',(#3879,#3880,#3881,#3882));
#650=EDGE_LOOP('',(#3883,#3884,#3885,#3886));
#651=EDGE_LOOP('',(#3887,#3888,#3889,#3890));
#652=EDGE_LOOP('',(#3891,#3892,#3893,#3894));
#653=EDGE_LOOP('',(#3895,#3896,#3897,#3898));
#654=EDGE_LOOP('',(#3899,#3900,#3901,#3902));
#655=EDGE_LOOP('',(#3903,#3904,#3905,#3906));
#656=EDGE_LOOP('',(#3907,#3908,#3909,#3910));
#657=EDGE_LOOP('',(#3911,#3912,#3913,#3914));
#658=EDGE_LOOP('',(#3915,#3916,#3917,#3918));
#659=EDGE_LOOP('',(#3919,#3920,#3921,#3922));
#660=EDGE_LOOP('',(#3923,#3924,#3925,#3926));
#661=EDGE_LOOP('',(#3927,#3928,#3929,#3930));
#662=EDGE_LOOP('',(#3931,#3932,#3933,#3934));
#663=EDGE_LOOP('',(#3935,#3936,#3937,#3938));
#664=EDGE_LOOP('',(#3939,#3940,#3941,#3942));
#665=EDGE_LOOP('',(#3943,#3944,#3945,#3946));
#666=EDGE_LOOP('',(#3947,#3948,#3949,#3950));
#667=EDGE_LOOP('',(#3951,#3952,#3953,#3954));
#668=EDGE_LOOP('',(#3955,#3956,#3957,#3958));
#669=EDGE_LOOP('',(#3959,#3960,#3961,#3962));
#670=EDGE_LOOP('',(#3963,#3964,#3965,#3966));
#671=EDGE_LOOP('',(#3967,#3968,#3969,#3970));
#672=EDGE_LOOP('',(#3971,#3972,#3973,#3974));
#673=EDGE_LOOP('',(#3975,#3976,#3977,#3978));
#674=EDGE_LOOP('',(#3979,#3980,#3981,#3982));
#675=EDGE_LOOP('',(#3983,#3984,#3985,#3986));
#676=EDGE_LOOP('',(#3987,#3988,#3989,#3990));
#677=EDGE_LOOP('',(#3991,#3992,#3993,#3994));
#678=EDGE_LOOP('',(#3995,#3996,#3997,#3998));
#679=EDGE_LOOP('',(#3999,#4000,#4001,#4002));
#680=EDGE_LOOP('',(#4003,#4004,#4005,#4006));
#681=EDGE_LOOP('',(#4007,#4008,#4009,#4010));
#682=EDGE_LOOP('',(#4011,#4012,#4013,#4014));
#683=EDGE_LOOP('',(#4015,#4016,#4017,#4018));
#684=EDGE_LOOP('',(#4019,#4020,#4021,#4022));
#685=EDGE_LOOP('',(#4023,#4024,#4025,#4026));
#686=EDGE_LOOP('',(#4027,#4028,#4029,#4030));
#687=EDGE_LOOP('',(#4031,#4032,#4033,#4034));
#688=EDGE_LOOP('',(#4035,#4036,#4037,#4038));
#689=EDGE_LOOP('',(#4039,#4040,#4041,#4042));
#690=EDGE_LOOP('',(#4043,#4044,#4045,#4046,#4047,#4048,#4049,#4050,#4051,
#4052,#4053,#4054,#4055,#4056,#4057,#4058,#4059,#4060,#4061,#4062,#4063,
#4064,#4065,#4066,#4067,#4068,#4069,#4070,#4071,#4072,#4073,#4074,#4075,
#4076,#4077,#4078,#4079,#4080,#4081,#4082,#4083,#4084,#4085,#4086,#4087,
#4088,#4089,#4090));
#691=EDGE_LOOP('',(#4091));
#692=EDGE_LOOP('',(#4092,#4093,#4094,#4095,#4096,#4097,#4098,#4099,#4100,
#4101,#4102,#4103,#4104,#4105,#4106,#4107,#4108,#4109,#4110,#4111,#4112,
#4113,#4114,#4115,#4116,#4117,#4118,#4119,#4120,#4121,#4122,#4123,#4124,
#4125,#4126,#4127,#4128,#4129,#4130,#4131,#4132,#4133,#4134,#4135,#4136,
#4137,#4138,#4139));
#693=EDGE_LOOP('',(#4140));
#694=EDGE_LOOP('',(#4141,#4142,#4143,#4144));
#695=EDGE_LOOP('',(#4145,#4146,#4147,#4148));
#696=EDGE_LOOP('',(#4149,#4150,#4151,#4152));
#697=EDGE_LOOP('',(#4153,#4154,#4155,#4156));
#698=EDGE_LOOP('',(#4157,#4158,#4159,#4160));
#699=EDGE_LOOP('',(#4161,#4162,#4163,#4164));
#700=EDGE_LOOP('',(#4165));
#701=EDGE_LOOP('',(#4166,#4167,#4168,#4169));
#702=EDGE_LOOP('',(#4170));
#703=CIRCLE('',#4571,0.7);
#704=CIRCLE('',#4580,0.391478449901791);
#705=CIRCLE('',#4591,0.341478449901791);
#706=CIRCLE('',#4593,0.111625);
#707=CIRCLE('',#4594,0.111625);
#708=CIRCLE('',#4596,0.111625);
#709=CIRCLE('',#4597,0.111625);
#710=CIRCLE('',#4599,0.111625);
#711=CIRCLE('',#4600,0.111625);
#712=CIRCLE('',#4602,0.111625);
#713=CIRCLE('',#4603,0.111625);
#714=CIRCLE('',#4605,0.22325);
#715=CIRCLE('',#4606,0.22325);
#716=CIRCLE('',#4608,0.7);
#717=CIRCLE('',#4610,1.175);
#718=CIRCLE('',#4611,0.575);
#719=CIRCLE('',#4612,0.6);
#720=CIRCLE('',#4613,1.175);
#721=CIRCLE('',#4615,1.175);
#722=CIRCLE('',#4617,0.391478449901791);
#723=CIRCLE('',#4621,0.111625);
#724=CIRCLE('',#4622,0.22325);
#725=CIRCLE('',#4623,0.111625);
#726=CIRCLE('',#4624,0.22325);
#727=CIRCLE('',#4625,0.22325);
#728=CIRCLE('',#4626,0.22325);
#729=CIRCLE('',#4627,0.22325);
#730=CIRCLE('',#4630,0.22325);
#731=CIRCLE('',#4632,0.111625);
#732=CIRCLE('',#4634,0.22325);
#733=CIRCLE('',#4636,0.111625);
#734=CIRCLE('',#4637,0.22325);
#735=CIRCLE('',#4638,0.22325);
#736=CIRCLE('',#4639,0.22325);
#737=CIRCLE('',#4645,0.467182528707414);
#738=CIRCLE('',#4649,1.016);
#739=CIRCLE('',#4650,1.016);
#740=CIRCLE('',#4653,0.254);
#741=CIRCLE('',#4654,0.254);
#742=CIRCLE('',#4655,0.254);
#743=CIRCLE('',#4656,2.286);
#744=CIRCLE('',#4657,0.254);
#745=CIRCLE('',#4658,0.254);
#746=CIRCLE('',#4659,2.286);
#747=CIRCLE('',#4660,0.254);
#748=CIRCLE('',#4661,0.254);
#749=CIRCLE('',#4664,1.016);
#750=CIRCLE('',#4665,1.016);
#751=CIRCLE('',#4669,0.254);
#752=CIRCLE('',#4670,0.254);
#753=CIRCLE('',#4671,0.254);
#754=CIRCLE('',#4672,2.286);
#755=CIRCLE('',#4673,0.254);
#756=CIRCLE('',#4674,0.254);
#757=CIRCLE('',#4675,2.286);
#758=CIRCLE('',#4676,0.254);
#759=CIRCLE('',#4677,0.254);
#760=CIRCLE('',#4678,0.254);
#761=CIRCLE('',#4680,0.254);
#762=CIRCLE('',#4682,0.254);
#763=CIRCLE('',#4683,2.286);
#764=CIRCLE('',#4684,0.254);
#765=CIRCLE('',#4685,0.254);
#766=CIRCLE('',#4686,2.286);
#767=CIRCLE('',#4687,0.254);
#768=CIRCLE('',#4688,0.254);
#769=CIRCLE('',#4689,0.254);
#770=CIRCLE('',#4690,0.254);
#771=CIRCLE('',#4701,0.254);
#772=CIRCLE('',#4704,0.254);
#773=CIRCLE('',#4706,0.254);
#774=CIRCLE('',#4709,0.254);
#775=CIRCLE('',#4711,0.254);
#776=CIRCLE('',#4713,0.254);
#777=CIRCLE('',#4714,0.254);
#778=CIRCLE('',#4717,0.254);
#779=CIRCLE('',#4718,0.254);
#780=CIRCLE('',#4721,0.254000000000001);
#781=CIRCLE('',#4724,0.254);
#782=CIRCLE('',#4726,0.254000000000001);
#783=CIRCLE('',#4727,0.254000000000001);
#784=CIRCLE('',#4729,0.254);
#785=CIRCLE('',#4731,0.254000000000001);
#786=CIRCLE('',#4734,0.253999999999999);
#787=CIRCLE('',#4736,0.253999999999999);
#788=CIRCLE('',#4738,0.253999999999999);
#789=CIRCLE('',#4739,0.253999999999999);
#790=CIRCLE('',#4741,0.254000000000001);
#791=CIRCLE('',#4743,0.254000000000001);
#792=CIRCLE('',#4751,0.254);
#793=CIRCLE('',#4752,0.254);
#794=CIRCLE('',#4754,3.175);
#795=CIRCLE('',#4755,0.7105);
#796=CIRCLE('',#4757,0.254);
#797=CIRCLE('',#4759,0.254);
#798=CIRCLE('',#4760,0.254);
#799=CIRCLE('',#4761,0.254);
#800=CIRCLE('',#4762,0.254);
#801=CIRCLE('',#4766,0.254);
#802=CIRCLE('',#4767,0.254);
#803=CIRCLE('',#4771,0.254);
#804=CIRCLE('',#4773,5.969);
#805=CIRCLE('',#4774,5.969);
#806=CIRCLE('',#4791,2.286);
#807=CIRCLE('',#4795,2.286);
#808=CIRCLE('',#4806,0.254);
#809=CIRCLE('',#4808,0.254);
#810=CIRCLE('',#4809,0.254);
#811=CIRCLE('',#4810,0.254);
#812=CIRCLE('',#4821,0.635);
#813=CIRCLE('',#4822,0.635);
#814=CIRCLE('',#4823,0.635);
#815=CIRCLE('',#4824,0.635);
#816=CIRCLE('',#4832,0.7105);
#817=CIRCLE('',#4834,0.7105);
#818=CIRCLE('',#4836,0.7105);
#819=CIRCLE('',#4838,0.7105);
#820=CIRCLE('',#4840,0.7105);
#821=CIRCLE('',#4843,0.7105);
#822=CIRCLE('',#4845,0.7105);
#823=CIRCLE('',#4847,3.175);
#824=CIRCLE('',#4848,3.175);
#825=CIRCLE('',#4851,2.54);
#826=CIRCLE('',#4852,2.54);
#827=CIRCLE('',#4855,3.175);
#828=CIRCLE('',#4856,3.175);
#829=CIRCLE('',#4859,3.175);
#830=CIRCLE('',#4862,1.524);
#831=CIRCLE('',#4863,0.467182528707414);
#832=CIRCLE('',#4865,1.524);
#833=CIRCLE('',#4867,0.194490070907773);
#834=CIRCLE('',#4868,0.194490070907773);
#835=CIRCLE('',#4870,0.19449007090777);
#836=CIRCLE('',#4871,0.19449007090777);
#837=CIRCLE('',#4873,0.194490070907775);
#838=CIRCLE('',#4874,0.194490070907775);
#839=CIRCLE('',#4876,0.194490070907772);
#840=CIRCLE('',#4877,0.194490070907772);
#841=CIRCLE('',#4879,0.194490070907776);
#842=CIRCLE('',#4880,0.194490070907776);
#843=CIRCLE('',#4882,0.194490070907772);
#844=CIRCLE('',#4883,0.194490070907772);
#845=CIRCLE('',#4885,0.194490070907774);
#846=CIRCLE('',#4886,0.194490070907774);
#847=CIRCLE('',#4888,0.194490070907769);
#848=CIRCLE('',#4889,0.194490070907769);
#849=CIRCLE('',#4891,0.194490070907775);
#850=CIRCLE('',#4892,0.194490070907775);
#851=CIRCLE('',#4894,0.194490070907773);
#852=CIRCLE('',#4895,0.194490070907773);
#853=CIRCLE('',#4897,0.194490070907773);
#854=CIRCLE('',#4898,0.194490070907773);
#855=CIRCLE('',#4900,0.194490070907772);
#856=CIRCLE('',#4901,0.194490070907772);
#857=CIRCLE('',#4903,0.194490070907773);
#858=CIRCLE('',#4904,0.194490070907773);
#859=CIRCLE('',#4906,0.19449007090777);
#860=CIRCLE('',#4907,0.19449007090777);
#861=CIRCLE('',#4909,0.194490070907774);
#862=CIRCLE('',#4910,0.194490070907774);
#863=CIRCLE('',#4912,0.194490070907771);
#864=CIRCLE('',#4913,0.194490070907771);
#865=CIRCLE('',#4915,0.194490070907776);
#866=CIRCLE('',#4916,0.194490070907776);
#867=CIRCLE('',#4918,0.194490070907771);
#868=CIRCLE('',#4919,0.194490070907771);
#869=CIRCLE('',#4921,0.194490070907774);
#870=CIRCLE('',#4922,0.194490070907774);
#871=CIRCLE('',#4924,0.194490070907774);
#872=CIRCLE('',#4925,0.194490070907774);
#873=CIRCLE('',#4927,0.194490070907773);
#874=CIRCLE('',#4928,0.194490070907773);
#875=CIRCLE('',#4930,0.194490070907771);
#876=CIRCLE('',#4931,0.194490070907771);
#877=CIRCLE('',#4933,0.194490070907773);
#878=CIRCLE('',#4934,0.194490070907773);
#879=CIRCLE('',#4936,0.194490070907772);
#880=CIRCLE('',#4937,0.194490070907772);
#881=CIRCLE('',#4939,0.194490070907773);
#882=CIRCLE('',#4940,0.194490070907773);
#883=CIRCLE('',#4942,0.194490070907773);
#884=CIRCLE('',#4943,0.194490070907773);
#885=CIRCLE('',#4945,0.194490070907773);
#886=CIRCLE('',#4946,0.194490070907773);
#887=CIRCLE('',#4948,0.194490070907771);
#888=CIRCLE('',#4949,0.194490070907771);
#889=CIRCLE('',#4951,0.194490070907774);
#890=CIRCLE('',#4952,0.194490070907774);
#891=CIRCLE('',#4954,0.194490070907772);
#892=CIRCLE('',#4955,0.194490070907772);
#893=CIRCLE('',#4957,0.194490070907774);
#894=CIRCLE('',#4958,0.194490070907774);
#895=CIRCLE('',#4960,0.194490070907771);
#896=CIRCLE('',#4961,0.194490070907771);
#897=CIRCLE('',#4963,0.194490070907776);
#898=CIRCLE('',#4964,0.194490070907776);
#899=CIRCLE('',#4966,0.194490070907773);
#900=CIRCLE('',#4967,0.194490070907773);
#901=CIRCLE('',#4969,0.194490070907773);
#902=CIRCLE('',#4970,0.194490070907773);
#903=CIRCLE('',#4972,0.194490070907772);
#904=CIRCLE('',#4973,0.194490070907772);
#905=CIRCLE('',#4975,0.194490070907775);
#906=CIRCLE('',#4976,0.194490070907775);
#907=CIRCLE('',#4978,0.19449007090777);
#908=CIRCLE('',#4979,0.19449007090777);
#909=CIRCLE('',#4981,0.194490070907775);
#910=CIRCLE('',#4982,0.194490070907775);
#911=CIRCLE('',#4984,0.194490070907771);
#912=CIRCLE('',#4985,0.194490070907771);
#913=CIRCLE('',#4987,0.194490070907774);
#914=CIRCLE('',#4988,0.194490070907774);
#915=CIRCLE('',#4990,0.194490070907771);
#916=CIRCLE('',#4991,0.194490070907771);
#917=CIRCLE('',#4993,0.194490070907774);
#918=CIRCLE('',#4994,0.194490070907774);
#919=CIRCLE('',#4996,0.194490070907774);
#920=CIRCLE('',#4997,0.194490070907774);
#921=CIRCLE('',#4999,0.194490070907773);
#922=CIRCLE('',#5000,0.194490070907773);
#923=CIRCLE('',#5002,0.194490070907773);
#924=CIRCLE('',#5003,0.194490070907773);
#925=CIRCLE('',#5005,0.194490070907773);
#926=CIRCLE('',#5006,0.194490070907773);
#927=CIRCLE('',#5008,0.194490070907772);
#928=CIRCLE('',#5009,0.194490070907772);
#929=CIRCLE('',#5022,30.);
#930=CIRCLE('',#5023,30.);
#931=B_SPLINE_CURVE_WITH_KNOTS('',3,(#6296,#6297,#6298,#6299,#6300,#6301,
#6302,#6303,#6304,#6305,#6306,#6307,#6308,#6309,#6310,#6311,#6312,#6313,
#6314,#6315,#6316,#6317,#6318,#6319,#6320,#6321,#6322,#6323,#6324,#6325,
#6326,#6327,#6328,#6329),.UNSPECIFIED.,.F.,.F.,(4,2,2,2,2,2,2,2,2,2,2,2,
2,2,2,2,4),(-0.452422254257889,-0.441849987468268,-0.411470285265607,-0.380547688139206,
-0.348414314622341,-0.317078197168309,-0.285724444327801,-0.254427426947917,
-0.222965425603105,-0.190899889794525,-0.160048957419319,-0.130059036875166,
-0.102286687778397,-0.0752791140300123,-0.0467756542023462,-0.0229192459939542,
-1.00000042912995E-6),.UNSPECIFIED.);
#932=B_SPLINE_CURVE_WITH_KNOTS('',3,(#6332,#6333,#6334,#6335,#6336,#6337,
#6338,#6339,#6340,#6341,#6342,#6343,#6344,#6345,#6346,#6347,#6348,#6349,
#6350,#6351,#6352,#6353,#6354,#6355,#6356,#6357,#6358,#6359,#6360,#6361),
 .UNSPECIFIED.,.F.,.F.,(4,2,2,2,2,2,2,2,2,2,2,2,2,2,4),(-0.435256408785871,
-0.413723965156761,-0.392598837675163,-0.368059189505795,-0.342981715563071,
-0.318953199258731,-0.29398728553714,-0.2697365300511,-0.245380592697659,
-0.220380118717249,-0.195820925279872,-0.171017979886748,-0.145772518698971,
-0.117754787625728,-0.110465403089995),.UNSPECIFIED.);
#933=B_SPLINE_CURVE_WITH_KNOTS('',3,(#6367,#6368,#6369,#6370,#6371,#6372,
#6373,#6374,#6375,#6376,#6377,#6378,#6379,#6380,#6381,#6382,#6383,#6384,
#6385,#6386,#6387,#6388,#6389,#6390,#6391,#6392,#6393,#6394),
 .UNSPECIFIED.,.F.,.F.,(4,2,2,2,2,2,2,2,2,2,2,2,2,4),(-0.330588745583524,
-0.309950592494373,-0.282835433031564,-0.255588576875331,-0.227626231210276,
-0.200143658592832,-0.17240798535086,-0.145645780982525,-0.11762615618696,
-0.0900805789623638,-0.0631747238601299,-0.0349143874238088,-0.0171732702397141,
-1.0000000022492E-6),.UNSPECIFIED.);
#934=B_SPLINE_CURVE_WITH_KNOTS('',3,(#6395,#6396,#6397,#6398,#6399,#6400,
#6401,#6402,#6403,#6404,#6405,#6406),.UNSPECIFIED.,.F.,.F.,(4,2,2,2,2,4),
(-0.566165303043439,-0.546823521220549,-0.526839070694769,-0.497920895138071,
-0.470310456332991,-0.452422254257889),.UNSPECIFIED.);
#935=B_SPLINE_CURVE_WITH_KNOTS('',3,(#6408,#6409,#6410,#6411,#6412,#6413,
#6414,#6415,#6416,#6417,#6418,#6419),.UNSPECIFIED.,.F.,.F.,(4,2,2,2,2,4),
(-0.110465403089995,-0.0902054333773814,-0.0633050848744939,-0.0350403027153226,
-0.0172350780257987,-1.00000000007039E-6),.UNSPECIFIED.);
#936=B_SPLINE_CURVE_WITH_KNOTS('',3,(#6420,#6421,#6422,#6423,#6424,#6425,
#6426,#6427,#6428,#6429,#6430,#6431,#6432,#6433,#6434,#6435,#6436,#6437,
#6438,#6439,#6440,#6441,#6442,#6443,#6444,#6445,#6446,#6447),
 .UNSPECIFIED.,.F.,.F.,(4,2,2,2,2,2,2,2,2,2,2,2,2,4),(-0.440297966038216,
-0.416898678823139,-0.392794720142586,-0.364761510563531,-0.337879805309549,
-0.309949930817747,-0.28283477078785,-0.255587914061951,-0.227625567812202,
-0.20014299462027,-0.172407320798271,-0.145645115870268,-0.117625490488774,
-0.110466381439652),.UNSPECIFIED.);
#937=B_SPLINE_CURVE_WITH_KNOTS('',3,(#6453,#6454,#6455,#6456,#6457,#6458,
#6459,#6460,#6461,#6462,#6463,#6464,#6465,#6466,#6467,#6468,#6469,#6470,
#6471,#6472,#6473,#6474,#6475,#6476,#6477,#6478,#6479,#6480),
 .UNSPECIFIED.,.F.,.F.,(4,2,2,2,2,2,2,2,2,2,2,2,2,4),(-0.330588745583517,
-0.309950592494372,-0.282835433031563,-0.255588576875331,-0.227626231210278,
-0.200143658592835,-0.172407985350864,-0.145645780982529,-0.117626156186964,
-0.0900805789623682,-0.0631747238601352,-0.0349143874238146,-0.017173270239717,
-1.0000000022492E-6),.UNSPECIFIED.);
#938=B_SPLINE_CURVE_WITH_KNOTS('',3,(#6481,#6482,#6483,#6484,#6485,#6486,
#6487,#6488,#6489,#6490,#6491,#6492),.UNSPECIFIED.,.F.,.F.,(4,2,2,2,2,4),
(-0.440297972835389,-0.416899071991247,-0.392795568256704,-0.364762274465927,
-0.337880488459077,-0.330588745583524),.UNSPECIFIED.);
#939=B_SPLINE_CURVE_WITH_KNOTS('',3,(#6494,#6495,#6496,#6497,#6498,#6499,
#6500,#6501,#6502,#6503,#6504,#6505),.UNSPECIFIED.,.F.,.F.,(4,2,2,2,2,4),
(-0.110466381439652,-0.0900800359967034,-0.0631743430733399,-0.034914176980089,
-0.0171731667322404,-1.00000000007039E-6),.UNSPECIFIED.);
#940=B_SPLINE_CURVE_WITH_KNOTS('',3,(#6506,#6507,#6508,#6509,#6510,#6511,
#6512,#6513,#6514,#6515,#6516,#6517,#6518,#6519,#6520,#6521,#6522,#6523,
#6524,#6525,#6526,#6527,#6528,#6529,#6530,#6531,#6532,#6533),
 .UNSPECIFIED.,.F.,.F.,(4,2,2,2,2,2,2,2,2,2,2,2,2,4),(-0.44029796603819,
-0.416898678823127,-0.39279472014259,-0.364761510563534,-0.337879805309555,
-0.309949930817756,-0.282834770787859,-0.255587914061963,-0.227625567812216,
-0.200142994620287,-0.17240732079829,-0.145645115870286,-0.117625490488794,
-0.110466381439648),.UNSPECIFIED.);
#941=B_SPLINE_CURVE_WITH_KNOTS('',3,(#6539,#6540,#6541,#6542,#6543,#6544,
#6545,#6546,#6547,#6548,#6549,#6550,#6551,#6552,#6553,#6554,#6555,#6556,
#6557,#6558,#6559,#6560,#6561,#6562,#6563,#6564,#6565,#6566),
 .UNSPECIFIED.,.F.,.F.,(4,2,2,2,2,2,2,2,2,2,2,2,2,4),(-0.330588745583049,
-0.309950592495683,-0.282835433032823,-0.255588576876726,-0.227626231211738,
-0.200143658594543,-0.17240798535256,-0.145645780984214,-0.117626156188677,
-0.0900805789640302,-0.0631747238618693,-0.034914387425488,-0.0171732702405386,
-1.0000000022492E-6),.UNSPECIFIED.);
#942=B_SPLINE_CURVE_WITH_KNOTS('',3,(#6567,#6568,#6569,#6570,#6571,#6572,
#6573,#6574,#6575,#6576,#6577,#6578),.UNSPECIFIED.,.F.,.F.,(4,2,2,2,2,4),
(-0.440297972835378,-0.41689907199124,-0.392795568256701,-0.364762274465925,
-0.337880488459075,-0.330588745583517),.UNSPECIFIED.);
#943=B_SPLINE_CURVE_WITH_KNOTS('',3,(#6580,#6581,#6582,#6583,#6584,#6585,
#6586,#6587,#6588,#6589,#6590,#6591),.UNSPECIFIED.,.F.,.F.,(4,2,2,2,2,4),
(-0.110466381439648,-0.0900800359967238,-0.0631743430733624,-0.0349141769801116,
-0.0171731667322517,-1.00000000007039E-6),.UNSPECIFIED.);
#944=B_SPLINE_CURVE_WITH_KNOTS('',3,(#6592,#6593,#6594,#6595,#6596,#6597,
#6598,#6599,#6600,#6601,#6602,#6603,#6604,#6605,#6606,#6607,#6608,#6609,
#6610,#6611,#6612,#6613,#6614,#6615,#6616,#6617,#6618,#6619),
 .UNSPECIFIED.,.F.,.F.,(4,2,2,2,2,2,2,2,2,2,2,2,2,4),(-0.440297966038204,
-0.416898678823142,-0.392794720142605,-0.364761510563548,-0.337879805309569,
-0.309949930817769,-0.282834770787871,-0.255587914061974,-0.227625567812226,
-0.200142994620297,-0.172407320798298,-0.145645115870294,-0.1176254904888,
-0.110466381439652),.UNSPECIFIED.);
#945=B_SPLINE_CURVE_WITH_KNOTS('',3,(#6625,#6626,#6627,#6628,#6629,#6630,
#6631,#6632,#6633,#6634,#6635,#6636,#6637,#6638,#6639,#6640,#6641,#6642,
#6643,#6644,#6645,#6646,#6647,#6648,#6649,#6650,#6651,#6652),
 .UNSPECIFIED.,.F.,.F.,(4,2,2,2,2,2,2,2,2,2,2,2,2,4),(-0.33058874558352,
-0.309950592494338,-0.282835433031531,-0.255588576875297,-0.227626231210243,
-0.200143658592795,-0.172407985350825,-0.145645780982491,-0.117626156186926,
-0.0900805789623323,-0.0631747238600982,-0.0349143874237794,-0.0171732702396998,
-1.0000000022492E-6),.UNSPECIFIED.);
#946=B_SPLINE_CURVE_WITH_KNOTS('',3,(#6653,#6654,#6655,#6656,#6657,#6658,
#6659,#6660,#6661,#6662,#6663,#6664),.UNSPECIFIED.,.F.,.F.,(4,2,2,2,2,4),
(-0.440297966038159,-0.416898819855932,-0.392795006455444,-0.364761965838882,
-0.337880422607032,-0.330588745583049),.UNSPECIFIED.);
#947=B_SPLINE_CURVE_WITH_KNOTS('',3,(#6666,#6667,#6668,#6669,#6670,#6671,
#6672,#6673,#6674,#6675,#6676,#6677),.UNSPECIFIED.,.F.,.F.,(4,2,2,2,2,4),
(-0.110466381439652,-0.090080035996729,-0.0631743430733667,-0.0349141769801149,
-0.0171731667322532,-1.00000000007039E-6),.UNSPECIFIED.);
#948=B_SPLINE_CURVE_WITH_KNOTS('',3,(#6678,#6679,#6680,#6681,#6682,#6683,
#6684,#6685,#6686,#6687,#6688,#6689,#6690,#6691,#6692,#6693,#6694,#6695,
#6696,#6697,#6698,#6699,#6700,#6701,#6702,#6703,#6704,#6705),
 .UNSPECIFIED.,.F.,.F.,(4,2,2,2,2,2,2,2,2,2,2,2,2,4),(-0.440296397042315,
-0.416897140507123,-0.392793213430384,-0.364760040606947,-0.337878370598798,
-0.30994853272713,-0.282833408249157,-0.255586587247857,-0.227624277660817,
-0.200141740502544,-0.172406103046053,-0.145643933207198,-0.117624344563514,
-0.110465244901005),.UNSPECIFIED.);
#949=B_SPLINE_CURVE_WITH_KNOTS('',3,(#6711,#6712,#6713,#6714,#6715,#6716,
#6717,#6718,#6719,#6720,#6721,#6722,#6723,#6724,#6725,#6726,#6727,#6728,
#6729,#6730,#6731,#6732,#6733,#6734,#6735,#6736,#6737,#6738),
 .UNSPECIFIED.,.F.,.F.,(4,2,2,2,2,2,2,2,2,2,2,2,2,4),(-0.332778155840317,
-0.311999814137481,-0.284700134832273,-0.257267888749044,-0.22911527458136,
-0.201445723807884,-0.173521313743022,-0.146576997017953,-0.118366708555805,
-0.0906336825552219,-0.0635447491274872,-0.0350920987709067,-0.0172306658869508,
0.),.UNSPECIFIED.);
#950=B_SPLINE_CURVE_WITH_KNOTS('',3,(#6739,#6740,#6741,#6742,#6743,#6744,
#6745,#6746,#6747,#6748,#6749,#6750),.UNSPECIFIED.,.F.,.F.,(4,2,2,2,2,4),
(-0.440297966039205,-0.416898819856619,-0.392795006455951,-0.364761965838767,
-0.337880422606036,-0.33058874558352),.UNSPECIFIED.);
#951=B_SPLINE_CURVE_WITH_KNOTS('',3,(#6752,#6753,#6754,#6755,#6756,#6757,
#6758,#6759,#6760,#6761,#6762,#6763),.UNSPECIFIED.,.F.,.F.,(4,2,2,2,2,4),
(-0.110465244901005,-0.0900787416381557,-0.0631728404256538,-0.0349124555576733,
-0.0171718326723686,0.),.UNSPECIFIED.);
#952=B_SPLINE_CURVE_WITH_KNOTS('',3,(#6764,#6765,#6766,#6767,#6768,#6769,
#6770,#6771,#6772,#6773,#6774,#6775,#6776,#6777,#6778,#6779,#6780,#6781,
#6782,#6783,#6784,#6785,#6786,#6787,#6788,#6789,#6790,#6791),
 .UNSPECIFIED.,.F.,.F.,(4,2,2,2,2,2,2,2,2,2,2,2,2,4),(-0.440218387754469,
-0.416897533676347,-0.392794061544482,-0.364760804509306,-0.337879053748536,
-0.309949131975549,-0.282833926043656,-0.255587023192821,-0.227624629606916,
-0.200142009891016,-0.172406289116583,-0.145644038884086,-0.11762436606947,
-0.110465244901),.UNSPECIFIED.);
#953=B_SPLINE_CURVE_WITH_KNOTS('',3,(#6797,#6798,#6799,#6800,#6801,#6802,
#6803,#6804,#6805,#6806,#6807,#6808,#6809,#6810,#6811,#6812,#6813,#6814,
#6815,#6816,#6817,#6818,#6819,#6820,#6821,#6822,#6823,#6824),
 .UNSPECIFIED.,.F.,.F.,(4,2,2,2,2,2,2,2,2,2,2,2,2,4),(-0.332778156120611,
-0.31199981334377,-0.284700134069507,-0.257267887904924,-0.229115273698201,
-0.201445722775476,-0.173521312717971,-0.146576995999286,-0.118366707521315,
-0.0906336815518318,-0.0635447480807848,-0.0350920977611861,-0.0172306653921691,
0.),.UNSPECIFIED.);
#954=B_SPLINE_CURVE_WITH_KNOTS('',3,(#6825,#6826,#6827,#6828,#6829,#6830,
#6831,#6832,#6833,#6834,#6835,#6836),.UNSPECIFIED.,.F.,.F.,(4,2,2,2,2,4),
(-0.443233537698757,-0.419675626210382,-0.395408320061724,-0.367184332104612,
-0.340119724102281,-0.332778155840317),.UNSPECIFIED.);
#955=B_SPLINE_CURVE_WITH_KNOTS('',3,(#6838,#6839,#6840,#6841,#6842,#6843,
#6844,#6845,#6846,#6847,#6848,#6849),.UNSPECIFIED.,.F.,.F.,(4,2,2,2,2,4),
(-0.110465244901,-0.090078741638155,-0.0631728404256545,-0.0349124555576752,
-0.0171718326723698,0.),.UNSPECIFIED.);
#956=B_SPLINE_CURVE_WITH_KNOTS('',3,(#6850,#6851,#6852,#6853,#6854,#6855,
#6856,#6857,#6858,#6859,#6860,#6861,#6862,#6863,#6864,#6865,#6866,#6867,
#6868,#6869,#6870,#6871,#6872,#6873,#6874,#6875,#6876,#6877),
 .UNSPECIFIED.,.F.,.F.,(4,2,2,2,2,2,2,2,2,2,2,2,2,4),(-0.440296396516943,
-0.416897140590844,-0.392793214126408,-0.364760041220887,-0.337878371301382,
-0.309948533517557,-0.28283340900881,-0.255586588088278,-0.227624278539974,
-0.200141741529907,-0.172406104066068,-0.145643934220835,-0.117624345592828,
-0.110465244893286),.UNSPECIFIED.);
#957=B_SPLINE_CURVE_WITH_KNOTS('',3,(#6883,#6884,#6885,#6886,#6887,#6888,
#6889,#6890,#6891,#6892,#6893,#6894,#6895,#6896,#6897,#6898,#6899,#6900,
#6901,#6902,#6903,#6904,#6905,#6906,#6907,#6908,#6909,#6910),
 .UNSPECIFIED.,.F.,.F.,(4,2,2,2,2,2,2,2,2,2,2,2,2,4),(-0.330588745583523,
-0.30995059249436,-0.282835433031551,-0.255588576875318,-0.227626231210263,
-0.200143658592818,-0.172407985350847,-0.145645780982512,-0.117626156186947,
-0.0900805789623518,-0.063174723860118,-0.0349143874237981,-0.0171732702397089,
-1.0000000022492E-6),.UNSPECIFIED.);
#958=B_SPLINE_CURVE_WITH_KNOTS('',3,(#6911,#6912,#6913,#6914,#6915,#6916,
#6917,#6918,#6919,#6920,#6921,#6922),.UNSPECIFIED.,.F.,.F.,(4,2,2,2,2,4),
(-0.443233538229951,-0.419675626128321,-0.395408319363171,-0.367184331488663,
-0.340119723397048,-0.332778156120611),.UNSPECIFIED.);
#959=B_SPLINE_CURVE_WITH_KNOTS('',3,(#6924,#6925,#6926,#6927,#6928,#6929,
#6930,#6931,#6932,#6933,#6934,#6935),.UNSPECIFIED.,.F.,.F.,(4,2,2,2,2,4),
(-0.110465244893286,-0.090078742636545,-0.0631728414670285,-0.0349124565622763,
-0.0171718331654731,0.),.UNSPECIFIED.);
#960=B_SPLINE_CURVE_WITH_KNOTS('',3,(#6936,#6937,#6938,#6939,#6940,#6941,
#6942,#6943,#6944,#6945,#6946,#6947,#6948,#6949,#6950,#6951,#6952,#6953,
#6954,#6955,#6956,#6957,#6958,#6959,#6960,#6961,#6962,#6963),
 .UNSPECIFIED.,.F.,.F.,(4,2,2,2,2,2,2,2,2,2,2,2,2,4),(-0.440712305579032,
-0.416810801137154,-0.39212280370162,-0.364166164170413,-0.33720014414187,
-0.309186712664845,-0.282098780671118,-0.254774882531288,-0.226776093593633,
-0.199148187183905,-0.171421188356149,-0.144662267870815,-0.116627875619069,
-0.110473396960809),.UNSPECIFIED.);
#961=B_SPLINE_CURVE_WITH_KNOTS('',3,(#6969,#6970,#6971,#6972,#6973,#6974,
#6975,#6976,#6977,#6978,#6979,#6980,#6981,#6982,#6983,#6984,#6985,#6986),
 .UNSPECIFIED.,.F.,.F.,(4,2,2,2,2,2,2,2,4),(0.0438438346134143,0.0543416370136808,
0.0655031573948547,0.0771230368264291,0.088305310644376,0.0979794889185381,
0.106202315819962,0.113590628693121,0.121209305636412),.UNSPECIFIED.);
#962=B_SPLINE_CURVE_WITH_KNOTS('',3,(#6989,#6990,#6991,#6992,#6993,#6994,
#6995,#6996,#6997,#6998),.UNSPECIFIED.,.F.,.F.,(4,2,2,2,4),(0.,0.0150358192080885,
0.0303509522513394,0.0462185539599316,0.0609544039951614),.UNSPECIFIED.);
#963=B_SPLINE_CURVE_WITH_KNOTS('',3,(#7004,#7005,#7006,#7007,#7008,#7009,
#7010,#7011,#7012,#7013,#7014,#7015,#7016,#7017,#7018,#7019,#7020,#7021,
#7022,#7023,#7024,#7025,#7026,#7027,#7028,#7029),.UNSPECIFIED.,.F.,.F.,
(4,2,2,2,2,2,2,2,2,2,2,2,4),(0.0691326937139843,0.0854684640956096,0.104775326708207,
0.124462050391429,0.144484342958068,0.161280786038561,0.1769462559633,0.192957211318121,
0.211023326538514,0.228538522228739,0.24589041552003,0.263756232294318,
0.285488093279346),.UNSPECIFIED.);
#964=B_SPLINE_CURVE_WITH_KNOTS('',3,(#7030,#7031,#7032,#7033,#7034,#7035,
#7036,#7037,#7038,#7039,#7040,#7041),.UNSPECIFIED.,.F.,.F.,(4,2,2,2,2,4),
(9.99968503881052E-7,0.0111271590553814,0.0206029810706514,0.0313479990570904,
0.0426460676728062,0.0438438346134143),.UNSPECIFIED.);
#965=B_SPLINE_CURVE_WITH_KNOTS('',3,(#7043,#7044,#7045,#7046,#7047,#7048,
#7049,#7050,#7051,#7052,#7053,#7054),.UNSPECIFIED.,.F.,.F.,(4,2,2,2,2,4),
(0.0609544039951614,0.0622514717216805,0.0781742350482466,0.0933834804592499,
0.107104606829881,0.120398105073916),.UNSPECIFIED.);
#966=B_SPLINE_CURVE_WITH_KNOTS('',3,(#7055,#7056,#7057,#7058,#7059,#7060,
#7061,#7062,#7063,#7064,#7065,#7066,#7067,#7068,#7069,#7070,#7071,#7072,
#7073,#7074,#7075,#7076,#7077,#7078,#7079,#7080,#7081,#7082),
 .UNSPECIFIED.,.F.,.F.,(4,2,2,2,2,2,2,2,2,2,2,2,2,4),(0.,0.00557958673544423,
0.0100341257000438,0.0184190329310293,0.0265178273111209,0.0347348308876215,
0.0432014396260935,0.0504544323124712,0.0573712207016406,0.0647089492062387,
0.0724599542302402,0.0804875857525773,0.0881613693215641,0.0941017866692159),
 .UNSPECIFIED.);
#967=B_SPLINE_CURVE_WITH_KNOTS('',3,(#7088,#7089,#7090,#7091,#7092,#7093,
#7094,#7095,#7096,#7097,#7098,#7099,#7100,#7101,#7102,#7103,#7104,#7105,
#7106,#7107,#7108,#7109,#7110,#7111,#7112,#7113),.UNSPECIFIED.,.F.,.F.,
(4,2,2,2,2,2,2,2,2,2,2,2,4),(0.0691326937139846,0.08546846409561,0.104775326708207,
0.12446205039143,0.144484342958067,0.161280786038563,0.176946255963306,
0.192957211318129,0.211023326538522,0.228538522228747,0.245890415520039,
0.263756232294327,0.285488093279355),.UNSPECIFIED.);
#968=B_SPLINE_CURVE_WITH_KNOTS('',3,(#7114,#7115,#7116,#7117,#7118,#7119,
#7120,#7121,#7122,#7123,#7124,#7125),.UNSPECIFIED.,.F.,.F.,(4,2,2,2,2,4),
(0.,0.0138365667657151,0.0281551976801451,0.0459946102562788,0.0653722538100425,
0.0691326937139843),.UNSPECIFIED.);
#969=B_SPLINE_CURVE_WITH_KNOTS('',3,(#7127,#7128,#7129,#7130,#7131,#7132,
#7133,#7134,#7135,#7136,#7137,#7138),.UNSPECIFIED.,.F.,.F.,(4,2,2,2,2,4),
(0.0941017866692159,0.0961503271599241,0.103842065473141,0.110653263545838,
0.115660726842801,0.120493121851076),.UNSPECIFIED.);
#970=B_SPLINE_CURVE_WITH_KNOTS('',3,(#7139,#7140,#7141,#7142,#7143,#7144,
#7145,#7146,#7147,#7148,#7149,#7150,#7151,#7152,#7153,#7154,#7155,#7156,
#7157,#7158,#7159,#7160,#7161,#7162,#7163,#7164,#7165,#7166),
 .UNSPECIFIED.,.F.,.F.,(4,2,2,2,2,2,2,2,2,2,2,2,2,4),(0.,0.00557958673545075,
0.0100341257000215,0.0184190329307997,0.0265178273106623,0.0347348308869579,
0.0432014396252127,0.0504544323112414,0.0573712206999708,0.0647089492039837,
0.0724599542273071,0.0804875857489361,0.0881613693172254,0.0941017866640642),
 .UNSPECIFIED.);
#971=B_SPLINE_CURVE_WITH_KNOTS('',3,(#7172,#7173,#7174,#7175,#7176,#7177,
#7178,#7179,#7180,#7181,#7182,#7183,#7184,#7185,#7186,#7187,#7188,#7189,
#7190,#7191,#7192,#7193,#7194,#7195,#7196,#7197),.UNSPECIFIED.,.F.,.F.,
(4,2,2,2,2,2,2,2,2,2,2,2,4),(0.069132693713976,0.0854684640955962,0.104775326708188,
0.124462050391405,0.144484342958038,0.161280786038525,0.176946255963258,
0.192957211318071,0.211023326538452,0.228538522228666,0.245890415519946,
0.263756232294223,0.285488093279233),.UNSPECIFIED.);
#972=B_SPLINE_CURVE_WITH_KNOTS('',3,(#7198,#7199,#7200,#7201,#7202,#7203,
#7204,#7205,#7206,#7207,#7208,#7209),.UNSPECIFIED.,.F.,.F.,(4,2,2,2,2,4),
(0.,0.0138365667657154,0.0281551976801457,0.0459946102562796,0.0653722538100432,
0.0691326937139846),.UNSPECIFIED.);
#973=B_SPLINE_CURVE_WITH_KNOTS('',3,(#7211,#7212,#7213,#7214,#7215,#7216,
#7217,#7218,#7219,#7220,#7221,#7222),.UNSPECIFIED.,.F.,.F.,(4,2,2,2,2,4),
(0.0941017866640642,0.0961503271548599,0.103842065467372,0.11065326353928,
0.115660726835379,0.120493121842823),.UNSPECIFIED.);
#974=B_SPLINE_CURVE_WITH_KNOTS('',3,(#7223,#7224,#7225,#7226,#7227,#7228,
#7229,#7230,#7231,#7232,#7233,#7234,#7235,#7236,#7237,#7238,#7239,#7240,
#7241,#7242,#7243,#7244,#7245,#7246,#7247,#7248,#7249,#7250),
 .UNSPECIFIED.,.F.,.F.,(4,2,2,2,2,2,2,2,2,2,2,2,2,4),(0.,0.00557958673544445,
0.0100341257000453,0.0184190329310376,0.0265178273111365,0.0347348308876439,
0.043201439626123,0.0504544323125089,0.0573712207016876,0.064708949206297,
0.072459954230311,0.0804875857526614,0.0881613693216613,0.0941017866693283),
 .UNSPECIFIED.);
#975=B_SPLINE_CURVE_WITH_KNOTS('',3,(#7256,#7257,#7258,#7259,#7260,#7261,
#7262,#7263,#7264,#7265,#7266,#7267,#7268,#7269,#7270,#7271,#7272,#7273,
#7274,#7275,#7276,#7277,#7278,#7279,#7280,#7281),.UNSPECIFIED.,.F.,.F.,
(4,2,2,2,2,2,2,2,2,2,2,2,4),(0.0691326937139878,0.085468464095615,0.104775326708214,
0.124462050391438,0.144484342958078,0.161280786038574,0.176946255963317,
0.19295721131814,0.211023326538533,0.228538522228759,0.24589041552005,0.263756232294338,
0.28548809327936),.UNSPECIFIED.);
#976=B_SPLINE_CURVE_WITH_KNOTS('',3,(#7282,#7283,#7284,#7285,#7286,#7287,
#7288,#7289,#7290,#7291,#7292,#7293),.UNSPECIFIED.,.F.,.F.,(4,2,2,2,2,4),
(0.,0.013836566765715,0.0281551976801449,0.0459946102562767,0.0653722538100348,
0.069132693713976),.UNSPECIFIED.);
#977=B_SPLINE_CURVE_WITH_KNOTS('',3,(#7295,#7296,#7297,#7298,#7299,#7300,
#7301,#7302,#7303,#7304,#7305,#7306),.UNSPECIFIED.,.F.,.F.,(4,2,2,2,2,4),
(0.0941017866693283,0.096150327160035,0.103842065473265,0.110653263545977,
0.115660726842955,0.120493121851244),.UNSPECIFIED.);
#978=B_SPLINE_CURVE_WITH_KNOTS('',3,(#7307,#7308,#7309,#7310,#7311,#7312,
#7313,#7314,#7315,#7316,#7317,#7318,#7319,#7320,#7321,#7322,#7323,#7324,
#7325,#7326,#7327,#7328,#7329,#7330,#7331,#7332,#7333,#7334),
 .UNSPECIFIED.,.F.,.F.,(4,2,2,2,2,2,2,2,2,2,2,2,2,4),(0.,0.00557958673545677,
0.0100341257000353,0.0184190329308326,0.0265178273107139,0.0347348308870281,
0.0432014396253021,0.0504544323113463,0.0573712207000897,0.0647089492041181,
0.0724599542274578,0.0804875857491039,0.0881613693174099,0.0941017866642652),
 .UNSPECIFIED.);
#979=B_SPLINE_CURVE_WITH_KNOTS('',3,(#7340,#7341,#7342,#7343,#7344,#7345,
#7346,#7347,#7348,#7349,#7350,#7351,#7352,#7353,#7354,#7355,#7356,#7357,
#7358,#7359,#7360,#7361,#7362,#7363,#7364,#7365),.UNSPECIFIED.,.F.,.F.,
(4,2,2,2,2,2,2,2,2,2,2,2,4),(0.0691326937139805,0.0854684640956041,0.104775326708199,
0.124462050391419,0.144484342958054,0.161280786038544,0.176946255963279,
0.192957211318093,0.211023326538473,0.228538522228685,0.245890415519964,
0.26375623229424,0.285488093279247),.UNSPECIFIED.);
#980=B_SPLINE_CURVE_WITH_KNOTS('',3,(#7366,#7367,#7368,#7369,#7370,#7371,
#7372,#7373,#7374,#7375,#7376,#7377),.UNSPECIFIED.,.F.,.F.,(4,2,2,2,2,4),
(0.,0.0138365667657155,0.0281551976801461,0.0459946102562808,0.0653722538100462,
0.0691326937139878),.UNSPECIFIED.);
#981=B_SPLINE_CURVE_WITH_KNOTS('',3,(#7379,#7380,#7381,#7382,#7383,#7384,
#7385,#7386,#7387,#7388,#7389,#7390),.UNSPECIFIED.,.F.,.F.,(4,2,2,2,2,4),
(0.0941017866642652,0.0961503271550616,0.103842065467591,0.110653263539514,
0.115660726835628,0.120493121843085),.UNSPECIFIED.);
#982=B_SPLINE_CURVE_WITH_KNOTS('',3,(#7391,#7392,#7393,#7394,#7395,#7396,
#7397,#7398,#7399,#7400,#7401,#7402,#7403,#7404,#7405,#7406,#7407,#7408,
#7409,#7410,#7411,#7412,#7413,#7414,#7415,#7416,#7417,#7418),
 .UNSPECIFIED.,.F.,.F.,(4,2,2,2,2,2,2,2,2,2,2,2,2,4),(0.,0.00557958673545047,
0.0100341257000555,0.0184190329310438,0.0265178273111375,0.0347348308876407,
0.0432014396261152,0.050454432312491,0.0573712207016561,0.0647089492062466,
0.0724599542302385,0.0804875857525659,0.0881613693215427,0.0941017866691803),
 .UNSPECIFIED.);
#983=B_SPLINE_CURVE_WITH_KNOTS('',3,(#7424,#7425,#7426,#7427,#7428,#7429,
#7430,#7431,#7432,#7433,#7434,#7435,#7436,#7437,#7438,#7439,#7440,#7441,
#7442,#7443,#7444,#7445,#7446,#7447,#7448,#7449),.UNSPECIFIED.,.F.,.F.,
(4,2,2,2,2,2,2,2,2,2,2,2,4),(0.0691326937139765,0.0854684640955975,0.10477532670819,
0.124462050391408,0.14448434295804,0.161280786038531,0.176946255963267,
0.192957211318083,0.211023326538466,0.228538522228681,0.245890415519962,
0.26375623229424,0.285488093279251),.UNSPECIFIED.);
#984=B_SPLINE_CURVE_WITH_KNOTS('',3,(#7450,#7451,#7452,#7453,#7454,#7455,
#7456,#7457,#7458,#7459,#7460,#7461),.UNSPECIFIED.,.F.,.F.,(4,2,2,2,2,4),
(0.,0.0138365667657152,0.0281551976801453,0.0459946102562783,0.0653722538100396,
0.0691326937139805),.UNSPECIFIED.);
#985=B_SPLINE_CURVE_WITH_KNOTS('',3,(#7463,#7464,#7465,#7466,#7467,#7468,
#7469,#7470,#7471,#7472,#7473,#7474),.UNSPECIFIED.,.F.,.F.,(4,2,2,2,2,4),
(0.0941017866691803,0.0961503271598924,0.103842065473099,0.110653263545785,
0.115660726842734,0.120493121850995),.UNSPECIFIED.);
#986=B_SPLINE_CURVE_WITH_KNOTS('',3,(#7475,#7476,#7477,#7478,#7479,#7480,
#7481,#7482,#7483,#7484,#7485,#7486,#7487,#7488,#7489,#7490,#7491,#7492,
#7493,#7494,#7495,#7496,#7497,#7498,#7499,#7500,#7501,#7502),
 .UNSPECIFIED.,.F.,.F.,(4,2,2,2,2,2,2,2,2,2,2,2,2,4),(0.,0.00557958673544094,
0.0100341257000042,0.018419032930785,0.0265178273106517,0.0347348308869498,
0.0432014396252074,0.0504544323112478,0.0573712206999944,0.0647089492040329,
0.0724599542273873,0.0804875857490489,0.0881613693173705,0.0941017866642505),
 .UNSPECIFIED.);
#987=B_SPLINE_CURVE_WITH_KNOTS('',3,(#7508,#7509,#7510,#7511,#7512,#7513,
#7514,#7515,#7516,#7517,#7518,#7519,#7520,#7521,#7522,#7523,#7524,#7525,
#7526,#7527,#7528,#7529,#7530,#7531,#7532,#7533),.UNSPECIFIED.,.F.,.F.,
(4,2,2,2,2,2,2,2,2,2,2,2,4),(0.0691326937133282,0.0854684640949968,0.104775326707334,
0.124462050390311,0.144484342956685,0.161280786036795,0.176946255961072,
0.192957211315344,0.21102332653502,0.228538522224545,0.245890415515165,
0.263756232288737,0.285488093272779),.UNSPECIFIED.);
#988=B_SPLINE_CURVE_WITH_KNOTS('',3,(#7534,#7535,#7536,#7537,#7538,#7539,
#7540,#7541,#7542,#7543,#7544,#7545),.UNSPECIFIED.,.F.,.F.,(4,2,2,2,2,4),
(0.,0.0138365667657149,0.0281551976801447,0.0459946102562768,0.0653722538100355,
0.0691326937139765),.UNSPECIFIED.);
#989=B_SPLINE_CURVE_WITH_KNOTS('',3,(#7547,#7548,#7549,#7550,#7551,#7552,
#7553,#7554,#7555,#7556,#7557,#7558),.UNSPECIFIED.,.F.,.F.,(4,2,2,2,2,4),
(0.0941017866642505,0.0961503271550385,0.103842065467584,0.11065326353953,
0.115660726835673,0.120493121843158),.UNSPECIFIED.);
#990=B_SPLINE_CURVE_WITH_KNOTS('',3,(#7559,#7560,#7561,#7562,#7563,#7564,
#7565,#7566,#7567,#7568,#7569,#7570,#7571,#7572,#7573,#7574,#7575,#7576,
#7577,#7578,#7579,#7580,#7581,#7582,#7583,#7584,#7585,#7586),
 .UNSPECIFIED.,.F.,.F.,(4,2,2,2,2,2,2,2,2,2,2,2,2,4),(0.,0.00557958673545277,
0.0100341257000601,0.0184190329310513,0.0265178273111476,0.0347348308876537,
0.0432014396261311,0.0504544323125073,0.0573712207016715,0.0647089492062599,
0.0724599542302489,0.0804875857525731,0.0881613693215468,0.0941017866691799),
 .UNSPECIFIED.);
#991=B_SPLINE_CURVE_WITH_KNOTS('',3,(#7592,#7593,#7594,#7595,#7596,#7597,
#7598,#7599,#7600,#7601,#7602,#7603,#7604,#7605,#7606,#7607,#7608,#7609,
#7610,#7611,#7612,#7613,#7614,#7615,#7616,#7617),.UNSPECIFIED.,.F.,.F.,
(4,2,2,2,2,2,2,2,2,2,2,2,4),(0.0691326937130441,0.085468464094741,0.104775326706908,
0.124462050389723,0.144484342955924,0.16128078603578,0.176946255959748,
0.192957211313659,0.211023326532866,0.228538522221933,0.245890415512114,
0.263756232285218,0.285488093267428),.UNSPECIFIED.);
#992=B_SPLINE_CURVE_WITH_KNOTS('',3,(#7618,#7619,#7620,#7621,#7622,#7623,
#7624,#7625,#7626,#7627,#7628,#7629),.UNSPECIFIED.,.F.,.F.,(4,2,2,2,2,4),
(0.,0.0138365667657192,0.0281551976801381,0.0459946102561507,0.0653722538096792,
0.0691326937133282),.UNSPECIFIED.);
#993=B_SPLINE_CURVE_WITH_KNOTS('',3,(#7631,#7632,#7633,#7634,#7635,#7636,
#7637,#7638,#7639,#7640,#7641,#7642),.UNSPECIFIED.,.F.,.F.,(4,2,2,2,2,4),
(0.0941017866691799,0.0961503271598931,0.103842065473097,0.110653263545776,
0.115660726842719,0.120493121850973),.UNSPECIFIED.);
#994=B_SPLINE_CURVE_WITH_KNOTS('',3,(#7643,#7644,#7645,#7646,#7647,#7648,
#7649,#7650,#7651,#7652,#7653,#7654,#7655,#7656,#7657,#7658,#7659,#7660,
#7661,#7662,#7663,#7664,#7665,#7666,#7667,#7668,#7669,#7670),
 .UNSPECIFIED.,.F.,.F.,(4,2,2,2,2,2,2,2,2,2,2,2,2,4),(0.,0.00557958673544825,
0.0100341257000176,0.0184190329308,0.0265178273106671,0.0347348308869667,
0.0432014396252257,0.0504544323112588,0.057371220699993,0.0647089492040129,
0.0724599542273445,0.080487585748982,0.0881613693172799,0.0941017866641314),
 .UNSPECIFIED.);
#995=B_SPLINE_CURVE_WITH_KNOTS('',3,(#7676,#7677,#7678,#7679,#7680,#7681,
#7682,#7683,#7684,#7685,#7686,#7687,#7688,#7689,#7690,#7691,#7692,#7693,
#7694,#7695,#7696,#7697,#7698,#7699,#7700,#7701,#7702,#7703),
 .UNSPECIFIED.,.F.,.F.,(4,2,2,2,2,2,2,2,2,2,2,2,2,4),(0.159140206758294,
0.163133950583543,0.17606387981091,0.190708733048318,0.205689447242043,
0.22029534230003,0.235596747802407,0.25037705655746,0.264425577482202,0.277783250818103,
0.291917657107614,0.308457655071253,0.320593947584695,0.3345183708165),
 .UNSPECIFIED.);
#996=B_SPLINE_CURVE_WITH_KNOTS('',3,(#7704,#7705,#7706,#7707,#7708,#7709,
#7710,#7711,#7712,#7713,#7714,#7715),.UNSPECIFIED.,.F.,.F.,(4,2,2,2,2,4),
(0.,0.0138365667657902,0.0281551976802801,0.0459946102562128,0.0653722538095869,
0.0691326937130441),.UNSPECIFIED.);
#997=B_SPLINE_CURVE_WITH_KNOTS('',3,(#7717,#7718,#7719,#7720,#7721,#7722,
#7723,#7724,#7725,#7726,#7727,#7728),.UNSPECIFIED.,.F.,.F.,(4,2,2,2,2,4),
(0.0941017866641314,0.0961503271549234,0.103842065467445,0.110653263539362,
0.115660726835473,0.120493121842927),.UNSPECIFIED.);
#998=B_SPLINE_CURVE_WITH_KNOTS('',3,(#7729,#7730,#7731,#7732,#7733,#7734,
#7735,#7736,#7737,#7738,#7739,#7740,#7741,#7742,#7743,#7744,#7745,#7746,
#7747,#7748,#7749,#7750,#7751,#7752,#7753,#7754,#7755,#7756),
 .UNSPECIFIED.,.F.,.F.,(4,2,2,2,2,2,2,2,2,2,2,2,2,4),(0.,0.00557958673574915,
0.0100341257005926,0.0184190329315714,0.0265178273116076,0.0347348308880981,
0.0432014396265497,0.0504544323126314,0.0573712207013354,0.0647089492052401,
0.0724599542284085,0.0804875857498729,0.0881613693179907,0.0941017866645088),
 .UNSPECIFIED.);
#999=B_SPLINE_CURVE_WITH_KNOTS('',3,(#7762,#7763,#7764,#7765,#7766,#7767,
#7768,#7769,#7770,#7771,#7772,#7773,#7774,#7775,#7776,#7777,#7778,#7779,
#7780,#7781,#7782,#7783,#7784,#7785,#7786,#7787,#7788,#7789,#7790,#7791,
#7792,#7793),.UNSPECIFIED.,.F.,.F.,(4,2,2,2,2,2,2,2,2,2,2,2,2,2,2,4),(-0.270656668357849,
-0.23943594782854,-0.209370958379306,-0.184810614113202,-0.159765736728021,
-0.147467910167304,-0.124447311453764,-0.100970402813346,-0.0950944971753378,
-0.0835398522622495,-0.0618343789176093,-0.0396875601587429,-0.0243527947308586,
-0.0128929959604133,-0.00711855539670726,-1.00000000011537E-6),
 .UNSPECIFIED.);
#1000=B_SPLINE_CURVE_WITH_KNOTS('',3,(#7795,#7796,#7797,#7798,#7799,#7800,
#7801,#7802,#7803,#7804,#7805,#7806,#7807,#7808,#7809,#7810),
 .UNSPECIFIED.,.F.,.F.,(4,2,2,2,2,2,2,4),(-0.18508013601654,-0.174507446543669,
-0.164068779217632,-0.143599750847435,-0.115538328630619,-0.102305553442351,
-0.0767628394180828,-0.0749586005202388),.UNSPECIFIED.);
#1001=B_SPLINE_CURVE_WITH_KNOTS('',3,(#7814,#7815,#7816,#7817,#7818,#7819,
#7820,#7821,#7822,#7823),.UNSPECIFIED.,.F.,.F.,(4,2,2,2,4),(-0.0749586005202388,
-0.050663462870956,-0.0302472797645504,-0.0150164695728588,0.),
 .UNSPECIFIED.);
#1002=B_SPLINE_CURVE_WITH_KNOTS('',3,(#7824,#7825,#7826,#7827,#7828,#7829,
#7830,#7831,#7832,#7833,#7834,#7835,#7836,#7837,#7838,#7839,#7840,#7841,
#7842,#7843),.UNSPECIFIED.,.F.,.F.,(4,2,2,2,2,2,2,2,2,4),(-0.0711516957794202,
-0.0687969732559909,-0.0679605680023315,-0.0652796380464109,-0.0627162295134567,
-0.0593119965888003,-0.0570186973187111,-0.0525833457994468,-0.0468837962454796,
-0.0398174063292644),.UNSPECIFIED.);
#1003=B_SPLINE_CURVE_WITH_KNOTS('',3,(#7888,#7889,#7890,#7891,#7892,#7893,
#7894,#7895,#7896,#7897,#7898,#7899,#7900,#7901,#7902,#7903),
 .UNSPECIFIED.,.F.,.F.,(4,2,2,2,2,2,2,4),(-0.0398174063292644,-0.0395242263102288,
-0.0319707929216742,-0.0276717538847118,-0.0170567327552107,-0.00935592489575744,
-0.00538227054455135,-9.99892429208449E-7),.UNSPECIFIED.);
#1004=B_SPLINE_CURVE_WITH_KNOTS('',3,(#7905,#7906,#7907,#7908,#7909,#7910,
#7911,#7912,#7913,#7914,#7915,#7916,#7917,#7918,#7919,#7920,#7921,#7922,
#7923,#7924,#7925,#7926,#7927,#7928,#7929,#7930,#7931,#7932),
 .UNSPECIFIED.,.F.,.F.,(4,2,2,2,2,2,2,2,2,2,2,2,2,4),(-0.179778306501383,
-0.172056301885964,-0.166057389420543,-0.157256034220111,-0.152445291943091,
-0.142513523601063,-0.132977443791524,-0.119655760443419,-0.0991333453295704,
-0.0782469922676075,-0.0680221537720099,-0.0465236112194672,-0.0249537497810385,
-1.00000000004604E-6),.UNSPECIFIED.);
#1005=B_SPLINE_CURVE_WITH_KNOTS('',3,(#7936,#7937,#7938,#7939,#7940,#7941,
#7942,#7943,#7944,#7945,#7946,#7947,#7948,#7949,#7950,#7951,#7952,#7953,
#7954,#7955,#7956,#7957,#7958,#7959),.UNSPECIFIED.,.F.,.F.,(4,2,2,2,2,2,
2,2,2,2,2,4),(-0.22895460954707,-0.187248864671881,-0.158868245040698,-0.134501047792079,
-0.110585149315492,-0.0987242704473226,-0.0762085954407332,-0.0532692606023174,
-0.0341622999651279,-0.018320952987184,-0.0100332801664662,-9.99969317333189E-7),
 .UNSPECIFIED.);
#1006=B_SPLINE_CURVE_WITH_KNOTS('',3,(#7960,#7961,#7962,#7963,#7964,#7965,
#7966,#7967,#7968,#7969,#7970,#7971,#7972,#7973,#7974,#7975),
 .UNSPECIFIED.,.F.,.F.,(4,2,2,2,2,2,2,4),(-0.432775111336683,-0.419066906438112,
-0.405507637521333,-0.378853856816342,-0.338061692452812,-0.318644676008233,
-0.278677780283918,-0.270656668357849),.UNSPECIFIED.);
#1007=B_SPLINE_CURVE_WITH_KNOTS('',3,(#7990,#7991,#7992,#7993,#7994,#7995,
#7996,#7997,#7998,#7999,#8000,#8001),.UNSPECIFIED.,.F.,.F.,(4,2,2,2,2,4),
(0.0941017866645088,0.0961503271554472,0.103842065467784,0.110653263539422,
0.11566072683521,0.120493121842346),.UNSPECIFIED.);
#1008=B_SPLINE_CURVE_WITH_KNOTS('',3,(#8003,#8004,#8005,#8006,#8007,#8008,
#8009,#8010,#8011,#8012,#8013,#8014,#8015,#8016,#8017,#8018,#8019,#8020,
#8021,#8022,#8023,#8024,#8025,#8026,#8027,#8028,#8029,#8030),
 .UNSPECIFIED.,.F.,.F.,(4,2,2,2,2,2,2,2,2,2,2,2,2,4),(0.,0.0078134181520001,
0.0139383142719214,0.0217096325606752,0.0276154432747148,0.0327882416736808,
0.0378564284487574,0.042932024275788,0.0481751109201405,0.0531466842752072,
0.0583147963588119,0.0641676845724959,0.0688172435223273,0.0736361605584346),
 .UNSPECIFIED.);
#1009=B_SPLINE_CURVE_WITH_KNOTS('',3,(#8033,#8034,#8035,#8036,#8037,#8038,
#8039,#8040,#8041,#8042,#8043,#8044,#8045,#8046,#8047,#8048,#8049,#8050,
#8051,#8052,#8053,#8054,#8055,#8056,#8057,#8058,#8059,#8060),
 .UNSPECIFIED.,.F.,.F.,(4,2,2,2,2,2,2,2,2,2,2,2,2,4),(0.,0.00932966831557484,
0.0190206665403569,0.0354476334017996,0.0511496976195611,0.0672349259405865,
0.0835346268144403,0.0962286790400569,0.107508711978487,0.118581229066567,
0.129651743088364,0.141090972797902,0.151946758983209,0.159140206758294),
 .UNSPECIFIED.);
#1010=B_SPLINE_CURVE_WITH_KNOTS('',3,(#8063,#8064,#8065,#8066,#8067,#8068,
#8069,#8070,#8071,#8072,#8073,#8074),.UNSPECIFIED.,.F.,.F.,(4,2,2,2,2,4),
(-0.110473396960809,-0.0891125770599652,-0.0621617150620668,-0.033937056945915,
-0.0166932262616098,-1.00000000005029E-6),.UNSPECIFIED.);
#1011=B_SPLINE_CURVE_WITH_KNOTS('',3,(#8075,#8076,#8077,#8078,#8079,#8080,
#8081,#8082,#8083,#8084,#8085,#8086,#8087,#8088,#8089,#8090,#8091,#8092),
 .UNSPECIFIED.,.F.,.F.,(4,2,2,2,2,2,2,2,4),(-0.187422979268299,-0.168941800942286,
-0.149845966780652,-0.121088302017746,-0.0938605125775545,-0.0655141323158784,
-0.0382416979890143,-0.0194385540425799,-1.00000000008427E-6),
 .UNSPECIFIED.);
#1012=B_SPLINE_CURVE_WITH_KNOTS('',3,(#8094,#8095,#8096,#8097,#8098,#8099,
#8100,#8101,#8102,#8103,#8104,#8105,#8106,#8107),.UNSPECIFIED.,.F.,.F.,
(4,2,2,2,2,2,4),(-0.129204774973499,-0.115418139774701,-0.0879406678869066,
-0.0609267165903719,-0.0327459673843552,-0.0161092661029251,-9.99999976738924E-7),
 .UNSPECIFIED.);
#1013=B_SPLINE_CURVE_WITH_KNOTS('',3,(#8108,#8109,#8110,#8111,#8112,#8113,
#8114,#8115,#8116,#8117,#8118,#8119),.UNSPECIFIED.,.F.,.F.,(4,2,2,2,2,4),
(-0.440297966039205,-0.416898819856631,-0.392795006455973,-0.364761965838787,
-0.337880422606057,-0.330588745583523),.UNSPECIFIED.);
#1014=B_SPLINE_CURVE_WITH_KNOTS('',3,(#8376,#8377,#8378,#8379,#8380,#8381,
#8382,#8383,#8384,#8385,#8386,#8387,#8388,#8389,#8390,#8391,#8392,#8393),
 .UNSPECIFIED.,.F.,.F.,(4,2,2,2,2,2,2,2,4),(-0.0977552267888269,-0.0869990121242814,
-0.0750388500668416,-0.0682034530622784,-0.0614692070935727,-0.0469468139406975,
-0.0314336291082727,-0.0171670537590795,0.),.UNSPECIFIED.);
#1015=B_SPLINE_CURVE_WITH_KNOTS('',3,(#8394,#8395,#8396,#8397,#8398,#8399,
#8400,#8401,#8402,#8403,#8404,#8405,#8406,#8407,#8408,#8409),
 .UNSPECIFIED.,.F.,.F.,(4,2,2,2,2,2,2,4),(-0.116383681461268,-0.0984223949764368,
-0.0819395457030235,-0.0559373225184385,-0.0505380237295254,-0.0336336570075826,
-0.0166728242017394,0.),.UNSPECIFIED.);
#1016=B_SPLINE_CURVE_WITH_KNOTS('',3,(#9873,#9874,#9875,#9876),
 .UNSPECIFIED.,.F.,.F.,(4,4),(0.,0.0191341165458657),.UNSPECIFIED.);
#1017=B_SPLINE_CURVE_WITH_KNOTS('',3,(#9878,#9879,#9880,#9881,#9882,#9883,
#9884,#9885,#9886,#9887,#9888),.UNSPECIFIED.,.F.,.F.,(4,1,1,1,1,1,1,1,4),
(0.,0.142857142857143,0.285714285714286,0.428571428571429,0.5,0.571428571428571,
0.714285714285714,0.857142857142857,1.),.UNSPECIFIED.);
#1018=B_SPLINE_CURVE_WITH_KNOTS('',3,(#9891,#9892,#9893,#9894,#9895,#9896,
#9897,#9898,#9899,#9900,#9901,#9902),.UNSPECIFIED.,.F.,.F.,(4,1,1,1,1,1,
1,1,1,4),(0.,0.142857142857143,0.285714285714286,0.428571428571429,0.5,
0.571428571428571,0.642857142857143,0.714285714285714,0.857142857142857,
1.),.UNSPECIFIED.);
#1019=B_SPLINE_CURVE_WITH_KNOTS('',3,(#9976,#9977,#9978,#9979,#9980,#9981),
 .UNSPECIFIED.,.F.,.F.,(4,1,1,4),(-2.02945849035811,-1.15969056591892,-0.579845282959461,
0.),.UNSPECIFIED.);
#1020=B_SPLINE_CURVE_WITH_KNOTS('',3,(#9984,#9985,#9986,#9987,#9988,#9989,
#9990,#9991,#9992,#9993,#9994),.UNSPECIFIED.,.F.,.F.,(4,1,1,1,1,1,1,1,4),
(0.,0.142857142857143,0.285714285714286,0.428571428571429,0.5,0.571428571428571,
0.714285714285714,0.857142857142857,1.),.UNSPECIFIED.);
#1021=B_SPLINE_CURVE_WITH_KNOTS('',3,(#10040,#10041,#10042,#10043),
 .UNSPECIFIED.,.F.,.F.,(4,4),(0.,0.0191341165458657),.UNSPECIFIED.);
#1022=B_SPLINE_CURVE_WITH_KNOTS('',3,(#10046,#10047,#10048,#10049,#10050,
#10051,#10052,#10053,#10054,#10055,#10056,#10057,#10058,#10059),
 .UNSPECIFIED.,.F.,.F.,(4,1,1,1,1,1,1,1,1,1,1,4),(0.,0.142857142857143,
0.214285714285714,0.285714285714286,0.428571428571429,0.5,0.571428571428571,
0.714285714285714,0.857142857142857,0.892857142857143,0.964285714285714,
1.),.UNSPECIFIED.);
#1023=B_SPLINE_CURVE_WITH_KNOTS('',3,(#10215,#10216,#10217,#10218,#10219,
#10220,#10221,#10222,#10223,#10224,#10225),.UNSPECIFIED.,.F.,.F.,(4,1,1,
1,1,1,1,1,4),(-5.28967891210313,-4.72292760009208,-4.5340104960884,-3.77834208007367,
-3.02267366405893,-2.2670052480442,-1.51133683202947,-0.755668416014733,
0.),.UNSPECIFIED.);
#1024=B_SPLINE_CURVE_WITH_KNOTS('',3,(#10228,#10229,#10230,#10231,#10232,
#10233,#10234,#10235,#10236,#10237),.UNSPECIFIED.,.F.,.F.,(4,1,1,1,1,1,
1,4),(0.,0.142857142857143,0.285714285714286,0.428571428571429,0.571428571428571,
0.714285714285714,0.857142857142857,1.),.UNSPECIFIED.);
#1025=B_SPLINE_CURVE_WITH_KNOTS('',3,(#10279,#10280,#10281,#10282),
 .UNSPECIFIED.,.F.,.F.,(4,4),(-0.0119583970631175,0.),.UNSPECIFIED.);
#1026=B_SPLINE_CURVE_WITH_KNOTS('',3,(#10285,#10286,#10287,#10288,#10289,
#10290,#10291,#10292,#10293,#10294,#10295,#10296,#10297),.UNSPECIFIED.,
 .F.,.F.,(4,1,1,1,1,1,1,1,1,1,4),(0.,0.142857142857143,0.285714285714286,
0.357142857142857,0.428571428571429,0.571428571428571,0.714285714285714,
0.785714285714286,0.857142857142857,0.964285714285714,1.),.UNSPECIFIED.);
#1027=B_SPLINE_CURVE_WITH_KNOTS('',3,(#10390,#10391,#10392,#10393,#10394,
#10395,#10396),.UNSPECIFIED.,.F.,.F.,(4,1,1,1,4),(-2.26671402666857,-1.94289773714448,
-1.29526515809632,-0.647632579048161,0.),.UNSPECIFIED.);
#1028=B_SPLINE_CURVE_WITH_KNOTS('',3,(#10399,#10400,#10401,#10402,#10403,
#10404,#10405,#10406,#10407,#10408),.UNSPECIFIED.,.F.,.F.,(4,1,1,1,1,1,
1,4),(0.,0.142857142857143,0.285714285714286,0.428571428571429,0.571428571428571,
0.714285714285714,0.857142857142857,1.),.UNSPECIFIED.);
#1029=B_SPLINE_CURVE_WITH_KNOTS('',3,(#10450,#10451,#10452,#10453),
 .UNSPECIFIED.,.F.,.F.,(4,4),(-0.0119583970631175,0.),.UNSPECIFIED.);
#1030=B_SPLINE_CURVE_WITH_KNOTS('',3,(#10456,#10457,#10458,#10459,#10460,
#10461,#10462,#10463,#10464,#10465,#10466,#10467,#10468),.UNSPECIFIED.,
 .F.,.F.,(4,1,1,1,1,1,1,1,1,1,4),(0.,0.142857142857143,0.285714285714286,
0.428571428571429,0.482142857142857,0.571428571428571,0.642857142857143,
0.714285714285714,0.857142857142857,0.892857142857143,1.),.UNSPECIFIED.);
#1031=B_SPLINE_CURVE_WITH_KNOTS('',3,(#10612,#10613,#10614,#10615,#10616,
#10617,#10618,#10619,#10620,#10621,#10622),.UNSPECIFIED.,.F.,.F.,(4,1,1,
1,1,1,1,1,4),(-5.28967891210313,-4.72292760009208,-4.5340104960884,-3.77834208007367,
-3.02267366405893,-2.2670052480442,-1.51133683202947,-0.755668416014733,
0.),.UNSPECIFIED.);
#1032=LINE('',#6294,#1373);
#1033=LINE('',#6365,#1374);
#1034=LINE('',#6451,#1375);
#1035=LINE('',#6537,#1376);
#1036=LINE('',#6623,#1377);
#1037=LINE('',#6709,#1378);
#1038=LINE('',#6795,#1379);
#1039=LINE('',#6881,#1380);
#1040=LINE('',#6967,#1381);
#1041=LINE('',#7002,#1382);
#1042=LINE('',#7086,#1383);
#1043=LINE('',#7170,#1384);
#1044=LINE('',#7254,#1385);
#1045=LINE('',#7338,#1386);
#1046=LINE('',#7422,#1387);
#1047=LINE('',#7506,#1388);
#1048=LINE('',#7590,#1389);
#1049=LINE('',#7674,#1390);
#1050=LINE('',#7760,#1391);
#1051=LINE('',#7812,#1392);
#1052=LINE('',#7849,#1393);
#1053=LINE('',#7852,#1394);
#1054=LINE('',#7858,#1395);
#1055=LINE('',#7861,#1396);
#1056=LINE('',#7867,#1397);
#1057=LINE('',#7870,#1398);
#1058=LINE('',#7876,#1399);
#1059=LINE('',#7879,#1400);
#1060=LINE('',#7884,#1401);
#1061=LINE('',#7987,#1402);
#1062=LINE('',#8170,#1403);
#1063=LINE('',#8171,#1404);
#1064=LINE('',#8222,#1405);
#1065=LINE('',#8223,#1406);
#1066=LINE('',#8324,#1407);
#1067=LINE('',#8471,#1408);
#1068=LINE('',#8522,#1409);
#1069=LINE('',#8573,#1410);
#1070=LINE('',#8624,#1411);
#1071=LINE('',#8675,#1412);
#1072=LINE('',#8726,#1413);
#1073=LINE('',#8777,#1414);
#1074=LINE('',#8828,#1415);
#1075=LINE('',#8879,#1416);
#1076=LINE('',#8930,#1417);
#1077=LINE('',#8981,#1418);
#1078=LINE('',#9032,#1419);
#1079=LINE('',#9083,#1420);
#1080=LINE('',#9134,#1421);
#1081=LINE('',#9238,#1422);
#1082=LINE('',#9241,#1423);
#1083=LINE('',#9245,#1424);
#1084=LINE('',#9261,#1425);
#1085=LINE('',#9265,#1426);
#1086=LINE('',#9267,#1427);
#1087=LINE('',#9269,#1428);
#1088=LINE('',#9270,#1429);
#1089=LINE('',#9274,#1430);
#1090=LINE('',#9276,#1431);
#1091=LINE('',#9278,#1432);
#1092=LINE('',#9279,#1433);
#1093=LINE('',#9284,#1434);
#1094=LINE('',#9287,#1435);
#1095=LINE('',#9291,#1436);
#1096=LINE('',#9295,#1437);
#1097=LINE('',#9299,#1438);
#1098=LINE('',#9303,#1439);
#1099=LINE('',#9307,#1440);
#1100=LINE('',#9311,#1441);
#1101=LINE('',#9315,#1442);
#1102=LINE('',#9317,#1443);
#1103=LINE('',#9321,#1444);
#1104=LINE('',#9324,#1445);
#1105=LINE('',#9328,#1446);
#1106=LINE('',#9330,#1447);
#1107=LINE('',#9332,#1448);
#1108=LINE('',#9333,#1449);
#1109=LINE('',#9339,#1450);
#1110=LINE('',#9342,#1451);
#1111=LINE('',#9344,#1452);
#1112=LINE('',#9345,#1453);
#1113=LINE('',#9347,#1454);
#1114=LINE('',#9350,#1455);
#1115=LINE('',#9354,#1456);
#1116=LINE('',#9358,#1457);
#1117=LINE('',#9362,#1458);
#1118=LINE('',#9366,#1459);
#1119=LINE('',#9370,#1460);
#1120=LINE('',#9374,#1461);
#1121=LINE('',#9378,#1462);
#1122=LINE('',#9382,#1463);
#1123=LINE('',#9386,#1464);
#1124=LINE('',#9389,#1465);
#1125=LINE('',#9392,#1466);
#1126=LINE('',#9395,#1467);
#1127=LINE('',#9398,#1468);
#1128=LINE('',#9402,#1469);
#1129=LINE('',#9406,#1470);
#1130=LINE('',#9410,#1471);
#1131=LINE('',#9414,#1472);
#1132=LINE('',#9418,#1473);
#1133=LINE('',#9422,#1474);
#1134=LINE('',#9426,#1475);
#1135=LINE('',#9430,#1476);
#1136=LINE('',#9433,#1477);
#1137=LINE('',#9435,#1478);
#1138=LINE('',#9437,#1479);
#1139=LINE('',#9439,#1480);
#1140=LINE('',#9440,#1481);
#1141=LINE('',#9442,#1482);
#1142=LINE('',#9444,#1483);
#1143=LINE('',#9446,#1484);
#1144=LINE('',#9447,#1485);
#1145=LINE('',#9449,#1486);
#1146=LINE('',#9451,#1487);
#1147=LINE('',#9452,#1488);
#1148=LINE('',#9455,#1489);
#1149=LINE('',#9457,#1490);
#1150=LINE('',#9459,#1491);
#1151=LINE('',#9460,#1492);
#1152=LINE('',#9462,#1493);
#1153=LINE('',#9464,#1494);
#1154=LINE('',#9466,#1495);
#1155=LINE('',#9468,#1496);
#1156=LINE('',#9470,#1497);
#1157=LINE('',#9472,#1498);
#1158=LINE('',#9474,#1499);
#1159=LINE('',#9476,#1500);
#1160=LINE('',#9477,#1501);
#1161=LINE('',#9482,#1502);
#1162=LINE('',#9483,#1503);
#1163=LINE('',#9486,#1504);
#1164=LINE('',#9487,#1505);
#1165=LINE('',#9491,#1506);
#1166=LINE('',#9496,#1507);
#1167=LINE('',#9497,#1508);
#1168=LINE('',#9500,#1509);
#1169=LINE('',#9501,#1510);
#1170=LINE('',#9505,#1511);
#1171=LINE('',#9508,#1512);
#1172=LINE('',#9515,#1513);
#1173=LINE('',#9518,#1514);
#1174=LINE('',#9521,#1515);
#1175=LINE('',#9523,#1516);
#1176=LINE('',#9524,#1517);
#1177=LINE('',#9529,#1518);
#1178=LINE('',#9533,#1519);
#1179=LINE('',#9535,#1520);
#1180=LINE('',#9536,#1521);
#1181=LINE('',#9539,#1522);
#1182=LINE('',#9546,#1523);
#1183=LINE('',#9547,#1524);
#1184=LINE('',#9552,#1525);
#1185=LINE('',#9555,#1526);
#1186=LINE('',#9561,#1527);
#1187=LINE('',#9563,#1528);
#1188=LINE('',#9565,#1529);
#1189=LINE('',#9569,#1530);
#1190=LINE('',#9571,#1531);
#1191=LINE('',#9574,#1532);
#1192=LINE('',#9580,#1533);
#1193=LINE('',#9583,#1534);
#1194=LINE('',#9589,#1535);
#1195=LINE('',#9590,#1536);
#1196=LINE('',#9592,#1537);
#1197=LINE('',#9593,#1538);
#1198=LINE('',#9596,#1539);
#1199=LINE('',#9598,#1540);
#1200=LINE('',#9600,#1541);
#1201=LINE('',#9602,#1542);
#1202=LINE('',#9604,#1543);
#1203=LINE('',#9606,#1544);
#1204=LINE('',#9608,#1545);
#1205=LINE('',#9609,#1546);
#1206=LINE('',#9610,#1547);
#1207=LINE('',#9612,#1548);
#1208=LINE('',#9614,#1549);
#1209=LINE('',#9616,#1550);
#1210=LINE('',#9621,#1551);
#1211=LINE('',#9626,#1552);
#1212=LINE('',#9632,#1553);
#1213=LINE('',#9635,#1554);
#1214=LINE('',#9637,#1555);
#1215=LINE('',#9639,#1556);
#1216=LINE('',#9641,#1557);
#1217=LINE('',#9645,#1558);
#1218=LINE('',#9649,#1559);
#1219=LINE('',#9653,#1560);
#1220=LINE('',#9657,#1561);
#1221=LINE('',#9659,#1562);
#1222=LINE('',#9660,#1563);
#1223=LINE('',#9668,#1564);
#1224=LINE('',#9671,#1565);
#1225=LINE('',#9673,#1566);
#1226=LINE('',#9675,#1567);
#1227=LINE('',#9676,#1568);
#1228=LINE('',#9677,#1569);
#1229=LINE('',#9685,#1570);
#1230=LINE('',#9691,#1571);
#1231=LINE('',#9693,#1572);
#1232=LINE('',#9695,#1573);
#1233=LINE('',#9696,#1574);
#1234=LINE('',#9699,#1575);
#1235=LINE('',#9701,#1576);
#1236=LINE('',#9702,#1577);
#1237=LINE('',#9705,#1578);
#1238=LINE('',#9707,#1579);
#1239=LINE('',#9708,#1580);
#1240=LINE('',#9710,#1581);
#1241=LINE('',#9711,#1582);
#1242=LINE('',#9715,#1583);
#1243=LINE('',#9716,#1584);
#1244=LINE('',#9718,#1585);
#1245=LINE('',#9723,#1586);
#1246=LINE('',#9724,#1587);
#1247=LINE('',#9725,#1588);
#1248=LINE('',#9728,#1589);
#1249=LINE('',#9729,#1590);
#1250=LINE('',#9732,#1591);
#1251=LINE('',#9733,#1592);
#1252=LINE('',#9735,#1593);
#1253=LINE('',#9739,#1594);
#1254=LINE('',#9740,#1595);
#1255=LINE('',#9744,#1596);
#1256=LINE('',#9746,#1597);
#1257=LINE('',#9750,#1598);
#1258=LINE('',#9751,#1599);
#1259=LINE('',#9752,#1600);
#1260=LINE('',#9756,#1601);
#1261=LINE('',#9758,#1602);
#1262=LINE('',#9760,#1603);
#1263=LINE('',#9762,#1604);
#1264=LINE('',#9765,#1605);
#1265=LINE('',#9768,#1606);
#1266=LINE('',#9775,#1607);
#1267=LINE('',#9776,#1608);
#1268=LINE('',#9779,#1609);
#1269=LINE('',#9783,#1610);
#1270=LINE('',#9787,#1611);
#1271=LINE('',#9790,#1612);
#1272=LINE('',#9793,#1613);
#1273=LINE('',#9795,#1614);
#1274=LINE('',#9797,#1615);
#1275=LINE('',#9798,#1616);
#1276=LINE('',#9800,#1617);
#1277=LINE('',#9802,#1618);
#1278=LINE('',#9804,#1619);
#1279=LINE('',#9805,#1620);
#1280=LINE('',#9807,#1621);
#1281=LINE('',#9809,#1622);
#1282=LINE('',#9813,#1623);
#1283=LINE('',#9814,#1624);
#1284=LINE('',#9815,#1625);
#1285=LINE('',#9818,#1626);
#1286=LINE('',#9819,#1627);
#1287=LINE('',#9822,#1628);
#1288=LINE('',#9823,#1629);
#1289=LINE('',#9825,#1630);
#1290=LINE('',#9890,#1631);
#1291=LINE('',#10045,#1632);
#1292=LINE('',#10284,#1633);
#1293=LINE('',#10455,#1634);
#1294=LINE('',#10628,#1635);
#1295=LINE('',#10629,#1636);
#1296=LINE('',#10630,#1637);
#1297=LINE('',#10633,#1638);
#1298=LINE('',#10634,#1639);
#1299=LINE('',#10637,#1640);
#1300=LINE('',#10638,#1641);
#1301=LINE('',#10640,#1642);
#1302=LINE('',#10646,#1643);
#1303=LINE('',#10650,#1644);
#1304=LINE('',#10655,#1645);
#1305=LINE('',#10659,#1646);
#1306=LINE('',#10664,#1647);
#1307=LINE('',#10666,#1648);
#1308=LINE('',#10671,#1649);
#1309=LINE('',#10675,#1650);
#1310=LINE('',#10695,#1651);
#1311=LINE('',#10700,#1652);
#1312=LINE('',#10706,#1653);
#1313=LINE('',#10709,#1654);
#1314=LINE('',#10715,#1655);
#1315=LINE('',#10721,#1656);
#1316=LINE('',#10727,#1657);
#1317=LINE('',#10733,#1658);
#1318=LINE('',#10739,#1659);
#1319=LINE('',#10745,#1660);
#1320=LINE('',#10751,#1661);
#1321=LINE('',#10757,#1662);
#1322=LINE('',#10763,#1663);
#1323=LINE('',#10769,#1664);
#1324=LINE('',#10775,#1665);
#1325=LINE('',#10781,#1666);
#1326=LINE('',#10787,#1667);
#1327=LINE('',#10793,#1668);
#1328=LINE('',#10799,#1669);
#1329=LINE('',#10805,#1670);
#1330=LINE('',#10811,#1671);
#1331=LINE('',#10817,#1672);
#1332=LINE('',#10823,#1673);
#1333=LINE('',#10829,#1674);
#1334=LINE('',#10835,#1675);
#1335=LINE('',#10841,#1676);
#1336=LINE('',#10847,#1677);
#1337=LINE('',#10853,#1678);
#1338=LINE('',#10859,#1679);
#1339=LINE('',#10865,#1680);
#1340=LINE('',#10871,#1681);
#1341=LINE('',#10877,#1682);
#1342=LINE('',#10883,#1683);
#1343=LINE('',#10889,#1684);
#1344=LINE('',#10895,#1685);
#1345=LINE('',#10901,#1686);
#1346=LINE('',#10907,#1687);
#1347=LINE('',#10913,#1688);
#1348=LINE('',#10919,#1689);
#1349=LINE('',#10925,#1690);
#1350=LINE('',#10931,#1691);
#1351=LINE('',#10937,#1692);
#1352=LINE('',#10943,#1693);
#1353=LINE('',#10949,#1694);
#1354=LINE('',#10955,#1695);
#1355=LINE('',#10961,#1696);
#1356=LINE('',#10967,#1697);
#1357=LINE('',#10973,#1698);
#1358=LINE('',#10979,#1699);
#1359=LINE('',#10985,#1700);
#1360=LINE('',#10998,#1701);
#1361=LINE('',#11000,#1702);
#1362=LINE('',#11002,#1703);
#1363=LINE('',#11003,#1704);
#1364=LINE('',#11006,#1705);
#1365=LINE('',#11008,#1706);
#1366=LINE('',#11009,#1707);
#1367=LINE('',#11012,#1708);
#1368=LINE('',#11014,#1709);
#1369=LINE('',#11015,#1710);
#1370=LINE('',#11017,#1711);
#1371=LINE('',#11018,#1712);
#1372=LINE('',#11024,#1713);
#1373=VECTOR('',#5035,0.7);
#1374=VECTOR('',#5040,0.7);
#1375=VECTOR('',#5043,0.7);
#1376=VECTOR('',#5046,0.7);
#1377=VECTOR('',#5049,0.7);
#1378=VECTOR('',#5052,0.7);
#1379=VECTOR('',#5055,0.7);
#1380=VECTOR('',#5058,0.7);
#1381=VECTOR('',#5061,0.391478449901791);
#1382=VECTOR('',#5066,0.391478449901791);
#1383=VECTOR('',#5069,0.391478449901791);
#1384=VECTOR('',#5072,0.391478449901791);
#1385=VECTOR('',#5075,0.391478449901791);
#1386=VECTOR('',#5078,0.391478449901791);
#1387=VECTOR('',#5081,0.391478449901791);
#1388=VECTOR('',#5084,0.391478449901791);
#1389=VECTOR('',#5087,0.391478449901791);
#1390=VECTOR('',#5090,0.391478449901791);
#1391=VECTOR('',#5093,0.7);
#1392=VECTOR('',#5094,0.7);
#1393=VECTOR('',#5101,1000.);
#1394=VECTOR('',#5104,1000.);
#1395=VECTOR('',#5109,1000.);
#1396=VECTOR('',#5112,1000.);
#1397=VECTOR('',#5117,1000.);
#1398=VECTOR('',#5120,1000.);
#1399=VECTOR('',#5125,1000.);
#1400=VECTOR('',#5128,1000.);
#1401=VECTOR('',#5133,1000.);
#1402=VECTOR('',#5154,1.175);
#1403=VECTOR('',#5161,1000.);
#1404=VECTOR('',#5162,1000.);
#1405=VECTOR('',#5163,1000.);
#1406=VECTOR('',#5164,1000.);
#1407=VECTOR('',#5165,1000.);
#1408=VECTOR('',#5184,1000.);
#1409=VECTOR('',#5185,1000.);
#1410=VECTOR('',#5186,1000.);
#1411=VECTOR('',#5187,1000.);
#1412=VECTOR('',#5188,1000.);
#1413=VECTOR('',#5189,1000.);
#1414=VECTOR('',#5190,1000.);
#1415=VECTOR('',#5191,1000.);
#1416=VECTOR('',#5192,1000.);
#1417=VECTOR('',#5193,1000.);
#1418=VECTOR('',#5194,1000.);
#1419=VECTOR('',#5195,1000.);
#1420=VECTOR('',#5196,1000.);
#1421=VECTOR('',#5197,1000.);
#1422=VECTOR('',#5202,1000.);
#1423=VECTOR('',#5205,1000.);
#1424=VECTOR('',#5210,1000.);
#1425=VECTOR('',#5237,0.762);
#1426=VECTOR('',#5240,10.);
#1427=VECTOR('',#5241,10.);
#1428=VECTOR('',#5242,10.);
#1429=VECTOR('',#5243,10.);
#1430=VECTOR('',#5246,10.);
#1431=VECTOR('',#5247,10.);
#1432=VECTOR('',#5248,10.);
#1433=VECTOR('',#5249,10.);
#1434=VECTOR('',#5258,10.);
#1435=VECTOR('',#5261,10.);
#1436=VECTOR('',#5264,10.);
#1437=VECTOR('',#5267,10.);
#1438=VECTOR('',#5270,10.);
#1439=VECTOR('',#5273,10.);
#1440=VECTOR('',#5276,10.);
#1441=VECTOR('',#5279,10.);
#1442=VECTOR('',#5282,10.);
#1443=VECTOR('',#5283,10.);
#1444=VECTOR('',#5286,10.);
#1445=VECTOR('',#5289,10.);
#1446=VECTOR('',#5292,10.);
#1447=VECTOR('',#5293,10.);
#1448=VECTOR('',#5294,10.);
#1449=VECTOR('',#5295,10.);
#1450=VECTOR('',#5302,10.);
#1451=VECTOR('',#5305,10.);
#1452=VECTOR('',#5306,10.);
#1453=VECTOR('',#5307,10.);
#1454=VECTOR('',#5310,10.);
#1455=VECTOR('',#5313,10.);
#1456=VECTOR('',#5316,10.);
#1457=VECTOR('',#5319,10.);
#1458=VECTOR('',#5322,10.);
#1459=VECTOR('',#5325,10.);
#1460=VECTOR('',#5328,10.);
#1461=VECTOR('',#5331,10.);
#1462=VECTOR('',#5334,10.);
#1463=VECTOR('',#5337,10.);
#1464=VECTOR('',#5340,10.);
#1465=VECTOR('',#5343,10.);
#1466=VECTOR('',#5346,10.);
#1467=VECTOR('',#5349,10.);
#1468=VECTOR('',#5352,10.);
#1469=VECTOR('',#5355,10.);
#1470=VECTOR('',#5358,10.);
#1471=VECTOR('',#5361,10.);
#1472=VECTOR('',#5364,10.);
#1473=VECTOR('',#5367,10.);
#1474=VECTOR('',#5370,10.);
#1475=VECTOR('',#5373,10.);
#1476=VECTOR('',#5376,10.);
#1477=VECTOR('',#5379,10.);
#1478=VECTOR('',#5382,10.);
#1479=VECTOR('',#5385,10.);
#1480=VECTOR('',#5388,10.);
#1481=VECTOR('',#5389,10.);
#1482=VECTOR('',#5392,10.);
#1483=VECTOR('',#5395,10.);
#1484=VECTOR('',#5398,10.);
#1485=VECTOR('',#5399,10.);
#1486=VECTOR('',#5402,10.);
#1487=VECTOR('',#5405,10.);
#1488=VECTOR('',#5406,10.);
#1489=VECTOR('',#5409,10.);
#1490=VECTOR('',#5410,10.);
#1491=VECTOR('',#5411,10.);
#1492=VECTOR('',#5412,10.);
#1493=VECTOR('',#5413,10.);
#1494=VECTOR('',#5414,10.);
#1495=VECTOR('',#5415,10.);
#1496=VECTOR('',#5416,10.);
#1497=VECTOR('',#5417,10.);
#1498=VECTOR('',#5418,10.);
#1499=VECTOR('',#5419,10.);
#1500=VECTOR('',#5420,10.);
#1501=VECTOR('',#5421,10.);
#1502=VECTOR('',#5426,10.);
#1503=VECTOR('',#5427,10.);
#1504=VECTOR('',#5430,10.);
#1505=VECTOR('',#5431,10.);
#1506=VECTOR('',#5436,10.);
#1507=VECTOR('',#5441,10.);
#1508=VECTOR('',#5442,10.);
#1509=VECTOR('',#5445,10.);
#1510=VECTOR('',#5446,10.);
#1511=VECTOR('',#5451,10.);
#1512=VECTOR('',#5454,10.);
#1513=VECTOR('',#5461,10.);
#1514=VECTOR('',#5464,10.);
#1515=VECTOR('',#5467,10.);
#1516=VECTOR('',#5468,10.);
#1517=VECTOR('',#5469,10.);
#1518=VECTOR('',#5474,10.);
#1519=VECTOR('',#5479,10.);
#1520=VECTOR('',#5480,10.);
#1521=VECTOR('',#5481,10.);
#1522=VECTOR('',#5484,10.);
#1523=VECTOR('',#5493,10.);
#1524=VECTOR('',#5494,10.);
#1525=VECTOR('',#5499,10.);
#1526=VECTOR('',#5502,10.);
#1527=VECTOR('',#5509,10.);
#1528=VECTOR('',#5512,10.);
#1529=VECTOR('',#5513,10.);
#1530=VECTOR('',#5518,10.);
#1531=VECTOR('',#5519,10.);
#1532=VECTOR('',#5522,10.);
#1533=VECTOR('',#5531,10.);
#1534=VECTOR('',#5534,10.);
#1535=VECTOR('',#5545,10.);
#1536=VECTOR('',#5546,10.);
#1537=VECTOR('',#5549,10.);
#1538=VECTOR('',#5550,10.);
#1539=VECTOR('',#5553,10.);
#1540=VECTOR('',#5554,10.);
#1541=VECTOR('',#5555,10.);
#1542=VECTOR('',#5556,10.);
#1543=VECTOR('',#5557,10.);
#1544=VECTOR('',#5558,10.);
#1545=VECTOR('',#5559,10.);
#1546=VECTOR('',#5560,10.);
#1547=VECTOR('',#5561,10.);
#1548=VECTOR('',#5564,10.);
#1549=VECTOR('',#5567,10.);
#1550=VECTOR('',#5570,10.);
#1551=VECTOR('',#5575,10.);
#1552=VECTOR('',#5582,10.);
#1553=VECTOR('',#5589,10.);
#1554=VECTOR('',#5592,10.);
#1555=VECTOR('',#5593,10.);
#1556=VECTOR('',#5594,10.);
#1557=VECTOR('',#5595,10.);
#1558=VECTOR('',#5598,10.);
#1559=VECTOR('',#5601,10.);
#1560=VECTOR('',#5604,10.);
#1561=VECTOR('',#5607,10.);
#1562=VECTOR('',#5608,10.);
#1563=VECTOR('',#5609,10.);
#1564=VECTOR('',#5620,10.);
#1565=VECTOR('',#5623,10.);
#1566=VECTOR('',#5624,10.);
#1567=VECTOR('',#5625,10.);
#1568=VECTOR('',#5626,10.);
#1569=VECTOR('',#5627,10.);
#1570=VECTOR('',#5638,5.969);
#1571=VECTOR('',#5645,10.);
#1572=VECTOR('',#5646,10.);
#1573=VECTOR('',#5647,10.);
#1574=VECTOR('',#5648,10.);
#1575=VECTOR('',#5651,10.);
#1576=VECTOR('',#5652,10.);
#1577=VECTOR('',#5653,10.);
#1578=VECTOR('',#5656,10.);
#1579=VECTOR('',#5657,10.);
#1580=VECTOR('',#5658,10.);
#1581=VECTOR('',#5661,10.);
#1582=VECTOR('',#5662,10.);
#1583=VECTOR('',#5667,10.);
#1584=VECTOR('',#5668,10.);
#1585=VECTOR('',#5671,10.);
#1586=VECTOR('',#5676,10.);
#1587=VECTOR('',#5677,10.);
#1588=VECTOR('',#5678,10.);
#1589=VECTOR('',#5681,10.);
#1590=VECTOR('',#5682,10.);
#1591=VECTOR('',#5685,10.);
#1592=VECTOR('',#5686,10.);
#1593=VECTOR('',#5689,10.);
#1594=VECTOR('',#5694,10.);
#1595=VECTOR('',#5695,10.);
#1596=VECTOR('',#5700,10.);
#1597=VECTOR('',#5703,10.);
#1598=VECTOR('',#5706,10.);
#1599=VECTOR('',#5707,10.);
#1600=VECTOR('',#5708,10.);
#1601=VECTOR('',#5713,10.);
#1602=VECTOR('',#5716,10.);
#1603=VECTOR('',#5719,10.);
#1604=VECTOR('',#5722,10.);
#1605=VECTOR('',#5727,10.);
#1606=VECTOR('',#5732,10.);
#1607=VECTOR('',#5741,10.);
#1608=VECTOR('',#5742,10.);
#1609=VECTOR('',#5745,10.);
#1610=VECTOR('',#5748,10.);
#1611=VECTOR('',#5751,10.);
#1612=VECTOR('',#5754,10.);
#1613=VECTOR('',#5755,10.);
#1614=VECTOR('',#5756,10.);
#1615=VECTOR('',#5757,10.);
#1616=VECTOR('',#5758,10.);
#1617=VECTOR('',#5761,10.);
#1618=VECTOR('',#5764,10.);
#1619=VECTOR('',#5767,10.);
#1620=VECTOR('',#5768,10.);
#1621=VECTOR('',#5771,10.);
#1622=VECTOR('',#5774,10.);
#1623=VECTOR('',#5777,10.);
#1624=VECTOR('',#5778,10.);
#1625=VECTOR('',#5779,10.);
#1626=VECTOR('',#5782,10.);
#1627=VECTOR('',#5783,10.);
#1628=VECTOR('',#5786,10.);
#1629=VECTOR('',#5787,10.);
#1630=VECTOR('',#5790,10.);
#1631=VECTOR('',#5793,10.);
#1632=VECTOR('',#5796,10.);
#1633=VECTOR('',#5799,10.);
#1634=VECTOR('',#5802,10.);
#1635=VECTOR('',#5809,10.);
#1636=VECTOR('',#5810,10.);
#1637=VECTOR('',#5811,10.);
#1638=VECTOR('',#5814,10.);
#1639=VECTOR('',#5815,10.);
#1640=VECTOR('',#5818,10.);
#1641=VECTOR('',#5819,10.);
#1642=VECTOR('',#5822,10.);
#1643=VECTOR('',#5829,0.396875);
#1644=VECTOR('',#5834,0.79375);
#1645=VECTOR('',#5839,0.396875);
#1646=VECTOR('',#5844,0.79375);
#1647=VECTOR('',#5849,0.396875);
#1648=VECTOR('',#5852,0.79375);
#1649=VECTOR('',#5857,0.396875);
#1650=VECTOR('',#5862,0.79375);
#1651=VECTOR('',#5897,0.762);
#1652=VECTOR('',#5904,1.524);
#1653=VECTOR('',#5909,10.);
#1654=VECTOR('',#5912,10.);
#1655=VECTOR('',#5919,10.);
#1656=VECTOR('',#5926,10.);
#1657=VECTOR('',#5933,10.);
#1658=VECTOR('',#5940,10.);
#1659=VECTOR('',#5947,10.);
#1660=VECTOR('',#5954,10.);
#1661=VECTOR('',#5961,10.);
#1662=VECTOR('',#5968,10.);
#1663=VECTOR('',#5975,10.);
#1664=VECTOR('',#5982,10.);
#1665=VECTOR('',#5989,10.);
#1666=VECTOR('',#5996,10.);
#1667=VECTOR('',#6003,10.);
#1668=VECTOR('',#6010,10.);
#1669=VECTOR('',#6017,10.);
#1670=VECTOR('',#6024,10.);
#1671=VECTOR('',#6031,10.);
#1672=VECTOR('',#6038,10.);
#1673=VECTOR('',#6045,10.);
#1674=VECTOR('',#6052,10.);
#1675=VECTOR('',#6059,10.);
#1676=VECTOR('',#6066,10.);
#1677=VECTOR('',#6073,10.);
#1678=VECTOR('',#6080,10.);
#1679=VECTOR('',#6087,10.);
#1680=VECTOR('',#6094,10.);
#1681=VECTOR('',#6101,10.);
#1682=VECTOR('',#6108,10.);
#1683=VECTOR('',#6115,10.);
#1684=VECTOR('',#6122,10.);
#1685=VECTOR('',#6129,10.);
#1686=VECTOR('',#6136,10.);
#1687=VECTOR('',#6143,10.);
#1688=VECTOR('',#6150,10.);
#1689=VECTOR('',#6157,10.);
#1690=VECTOR('',#6164,10.);
#1691=VECTOR('',#6171,10.);
#1692=VECTOR('',#6178,10.);
#1693=VECTOR('',#6185,10.);
#1694=VECTOR('',#6192,10.);
#1695=VECTOR('',#6199,10.);
#1696=VECTOR('',#6206,10.);
#1697=VECTOR('',#6213,10.);
#1698=VECTOR('',#6220,10.);
#1699=VECTOR('',#6227,10.);
#1700=VECTOR('',#6234,10.);
#1701=VECTOR('',#6255,10.);
#1702=VECTOR('',#6256,10.);
#1703=VECTOR('',#6257,10.);
#1704=VECTOR('',#6258,10.);
#1705=VECTOR('',#6261,10.);
#1706=VECTOR('',#6262,10.);
#1707=VECTOR('',#6263,10.);
#1708=VECTOR('',#6266,10.);
#1709=VECTOR('',#6267,10.);
#1710=VECTOR('',#6268,10.);
#1711=VECTOR('',#6271,10.);
#1712=VECTOR('',#6272,10.);
#1713=VECTOR('',#6279,30.);
#1714=VERTEX_POINT('',#6292);
#1715=VERTEX_POINT('',#6293);
#1716=VERTEX_POINT('',#6295);
#1717=VERTEX_POINT('',#6330);
#1718=VERTEX_POINT('',#6363);
#1719=VERTEX_POINT('',#6364);
#1720=VERTEX_POINT('',#6366);
#1721=VERTEX_POINT('',#6407);
#1722=VERTEX_POINT('',#6449);
#1723=VERTEX_POINT('',#6450);
#1724=VERTEX_POINT('',#6452);
#1725=VERTEX_POINT('',#6493);
#1726=VERTEX_POINT('',#6535);
#1727=VERTEX_POINT('',#6536);
#1728=VERTEX_POINT('',#6538);
#1729=VERTEX_POINT('',#6579);
#1730=VERTEX_POINT('',#6621);
#1731=VERTEX_POINT('',#6622);
#1732=VERTEX_POINT('',#6624);
#1733=VERTEX_POINT('',#6665);
#1734=VERTEX_POINT('',#6707);
#1735=VERTEX_POINT('',#6708);
#1736=VERTEX_POINT('',#6710);
#1737=VERTEX_POINT('',#6751);
#1738=VERTEX_POINT('',#6793);
#1739=VERTEX_POINT('',#6794);
#1740=VERTEX_POINT('',#6796);
#1741=VERTEX_POINT('',#6837);
#1742=VERTEX_POINT('',#6879);
#1743=VERTEX_POINT('',#6880);
#1744=VERTEX_POINT('',#6882);
#1745=VERTEX_POINT('',#6923);
#1746=VERTEX_POINT('',#6965);
#1747=VERTEX_POINT('',#6966);
#1748=VERTEX_POINT('',#6968);
#1749=VERTEX_POINT('',#6987);
#1750=VERTEX_POINT('',#7000);
#1751=VERTEX_POINT('',#7001);
#1752=VERTEX_POINT('',#7003);
#1753=VERTEX_POINT('',#7042);
#1754=VERTEX_POINT('',#7084);
#1755=VERTEX_POINT('',#7085);
#1756=VERTEX_POINT('',#7087);
#1757=VERTEX_POINT('',#7126);
#1758=VERTEX_POINT('',#7168);
#1759=VERTEX_POINT('',#7169);
#1760=VERTEX_POINT('',#7171);
#1761=VERTEX_POINT('',#7210);
#1762=VERTEX_POINT('',#7252);
#1763=VERTEX_POINT('',#7253);
#1764=VERTEX_POINT('',#7255);
#1765=VERTEX_POINT('',#7294);
#1766=VERTEX_POINT('',#7336);
#1767=VERTEX_POINT('',#7337);
#1768=VERTEX_POINT('',#7339);
#1769=VERTEX_POINT('',#7378);
#1770=VERTEX_POINT('',#7420);
#1771=VERTEX_POINT('',#7421);
#1772=VERTEX_POINT('',#7423);
#1773=VERTEX_POINT('',#7462);
#1774=VERTEX_POINT('',#7504);
#1775=VERTEX_POINT('',#7505);
#1776=VERTEX_POINT('',#7507);
#1777=VERTEX_POINT('',#7546);
#1778=VERTEX_POINT('',#7588);
#1779=VERTEX_POINT('',#7589);
#1780=VERTEX_POINT('',#7591);
#1781=VERTEX_POINT('',#7630);
#1782=VERTEX_POINT('',#7672);
#1783=VERTEX_POINT('',#7673);
#1784=VERTEX_POINT('',#7675);
#1785=VERTEX_POINT('',#7716);
#1786=VERTEX_POINT('',#7758);
#1787=VERTEX_POINT('',#7759);
#1788=VERTEX_POINT('',#7761);
#1789=VERTEX_POINT('',#7794);
#1790=VERTEX_POINT('',#7811);
#1791=VERTEX_POINT('',#7845);
#1792=VERTEX_POINT('',#7846);
#1793=VERTEX_POINT('',#7848);
#1794=VERTEX_POINT('',#7850);
#1795=VERTEX_POINT('',#7854);
#1796=VERTEX_POINT('',#7855);
#1797=VERTEX_POINT('',#7857);
#1798=VERTEX_POINT('',#7859);
#1799=VERTEX_POINT('',#7863);
#1800=VERTEX_POINT('',#7864);
#1801=VERTEX_POINT('',#7866);
#1802=VERTEX_POINT('',#7868);
#1803=VERTEX_POINT('',#7872);
#1804=VERTEX_POINT('',#7873);
#1805=VERTEX_POINT('',#7875);
#1806=VERTEX_POINT('',#7877);
#1807=VERTEX_POINT('',#7881);
#1808=VERTEX_POINT('',#7883);
#1809=VERTEX_POINT('',#7887);
#1810=VERTEX_POINT('',#7904);
#1811=VERTEX_POINT('',#7933);
#1812=VERTEX_POINT('',#7935);
#1813=VERTEX_POINT('',#7977);
#1814=VERTEX_POINT('',#7978);
#1815=VERTEX_POINT('',#7980);
#1816=VERTEX_POINT('',#7985);
#1817=VERTEX_POINT('',#7989);
#1818=VERTEX_POINT('',#8002);
#1819=VERTEX_POINT('',#8031);
#1820=VERTEX_POINT('',#8062);
#1821=VERTEX_POINT('',#8093);
#1822=VERTEX_POINT('',#8411);
#1823=VERTEX_POINT('',#8413);
#1824=VERTEX_POINT('',#8415);
#1825=VERTEX_POINT('',#9237);
#1826=VERTEX_POINT('',#9239);
#1827=VERTEX_POINT('',#9243);
#1828=VERTEX_POINT('',#9258);
#1829=VERTEX_POINT('',#9260);
#1830=VERTEX_POINT('',#9263);
#1831=VERTEX_POINT('',#9264);
#1832=VERTEX_POINT('',#9266);
#1833=VERTEX_POINT('',#9268);
#1834=VERTEX_POINT('',#9272);
#1835=VERTEX_POINT('',#9273);
#1836=VERTEX_POINT('',#9275);
#1837=VERTEX_POINT('',#9277);
#1838=VERTEX_POINT('',#9286);
#1839=VERTEX_POINT('',#9288);
#1840=VERTEX_POINT('',#9290);
#1841=VERTEX_POINT('',#9292);
#1842=VERTEX_POINT('',#9294);
#1843=VERTEX_POINT('',#9296);
#1844=VERTEX_POINT('',#9298);
#1845=VERTEX_POINT('',#9300);
#1846=VERTEX_POINT('',#9302);
#1847=VERTEX_POINT('',#9304);
#1848=VERTEX_POINT('',#9306);
#1849=VERTEX_POINT('',#9308);
#1850=VERTEX_POINT('',#9310);
#1851=VERTEX_POINT('',#9312);
#1852=VERTEX_POINT('',#9314);
#1853=VERTEX_POINT('',#9316);
#1854=VERTEX_POINT('',#9318);
#1855=VERTEX_POINT('',#9320);
#1856=VERTEX_POINT('',#9322);
#1857=VERTEX_POINT('',#9326);
#1858=VERTEX_POINT('',#9327);
#1859=VERTEX_POINT('',#9329);
#1860=VERTEX_POINT('',#9331);
#1861=VERTEX_POINT('',#9335);
#1862=VERTEX_POINT('',#9337);
#1863=VERTEX_POINT('',#9341);
#1864=VERTEX_POINT('',#9343);
#1865=VERTEX_POINT('',#9349);
#1866=VERTEX_POINT('',#9351);
#1867=VERTEX_POINT('',#9353);
#1868=VERTEX_POINT('',#9355);
#1869=VERTEX_POINT('',#9357);
#1870=VERTEX_POINT('',#9359);
#1871=VERTEX_POINT('',#9361);
#1872=VERTEX_POINT('',#9363);
#1873=VERTEX_POINT('',#9365);
#1874=VERTEX_POINT('',#9367);
#1875=VERTEX_POINT('',#9369);
#1876=VERTEX_POINT('',#9371);
#1877=VERTEX_POINT('',#9373);
#1878=VERTEX_POINT('',#9375);
#1879=VERTEX_POINT('',#9377);
#1880=VERTEX_POINT('',#9379);
#1881=VERTEX_POINT('',#9381);
#1882=VERTEX_POINT('',#9383);
#1883=VERTEX_POINT('',#9385);
#1884=VERTEX_POINT('',#9387);
#1885=VERTEX_POINT('',#9391);
#1886=VERTEX_POINT('',#9393);
#1887=VERTEX_POINT('',#9397);
#1888=VERTEX_POINT('',#9399);
#1889=VERTEX_POINT('',#9401);
#1890=VERTEX_POINT('',#9403);
#1891=VERTEX_POINT('',#9405);
#1892=VERTEX_POINT('',#9407);
#1893=VERTEX_POINT('',#9409);
#1894=VERTEX_POINT('',#9411);
#1895=VERTEX_POINT('',#9413);
#1896=VERTEX_POINT('',#9415);
#1897=VERTEX_POINT('',#9417);
#1898=VERTEX_POINT('',#9419);
#1899=VERTEX_POINT('',#9421);
#1900=VERTEX_POINT('',#9423);
#1901=VERTEX_POINT('',#9425);
#1902=VERTEX_POINT('',#9427);
#1903=VERTEX_POINT('',#9429);
#1904=VERTEX_POINT('',#9431);
#1905=VERTEX_POINT('',#9454);
#1906=VERTEX_POINT('',#9456);
#1907=VERTEX_POINT('',#9458);
#1908=VERTEX_POINT('',#9461);
#1909=VERTEX_POINT('',#9463);
#1910=VERTEX_POINT('',#9465);
#1911=VERTEX_POINT('',#9467);
#1912=VERTEX_POINT('',#9469);
#1913=VERTEX_POINT('',#9471);
#1914=VERTEX_POINT('',#9473);
#1915=VERTEX_POINT('',#9475);
#1916=VERTEX_POINT('',#9479);
#1917=VERTEX_POINT('',#9480);
#1918=VERTEX_POINT('',#9485);
#1919=VERTEX_POINT('',#9489);
#1920=VERTEX_POINT('',#9493);
#1921=VERTEX_POINT('',#9494);
#1922=VERTEX_POINT('',#9499);
#1923=VERTEX_POINT('',#9503);
#1924=VERTEX_POINT('',#9507);
#1925=VERTEX_POINT('',#9511);
#1926=VERTEX_POINT('',#9512);
#1927=VERTEX_POINT('',#9514);
#1928=VERTEX_POINT('',#9516);
#1929=VERTEX_POINT('',#9520);
#1930=VERTEX_POINT('',#9522);
#1931=VERTEX_POINT('',#9526);
#1932=VERTEX_POINT('',#9528);
#1933=VERTEX_POINT('',#9532);
#1934=VERTEX_POINT('',#9534);
#1935=VERTEX_POINT('',#9538);
#1936=VERTEX_POINT('',#9543);
#1937=VERTEX_POINT('',#9545);
#1938=VERTEX_POINT('',#9549);
#1939=VERTEX_POINT('',#9551);
#1940=VERTEX_POINT('',#9553);
#1941=VERTEX_POINT('',#9559);
#1942=VERTEX_POINT('',#9560);
#1943=VERTEX_POINT('',#9564);
#1944=VERTEX_POINT('',#9568);
#1945=VERTEX_POINT('',#9570);
#1946=VERTEX_POINT('',#9572);
#1947=VERTEX_POINT('',#9578);
#1948=VERTEX_POINT('',#9581);
#1949=VERTEX_POINT('',#9595);
#1950=VERTEX_POINT('',#9597);
#1951=VERTEX_POINT('',#9599);
#1952=VERTEX_POINT('',#9601);
#1953=VERTEX_POINT('',#9603);
#1954=VERTEX_POINT('',#9605);
#1955=VERTEX_POINT('',#9607);
#1956=VERTEX_POINT('',#9618);
#1957=VERTEX_POINT('',#9620);
#1958=VERTEX_POINT('',#9624);
#1959=VERTEX_POINT('',#9627);
#1960=VERTEX_POINT('',#9630);
#1961=VERTEX_POINT('',#9634);
#1962=VERTEX_POINT('',#9636);
#1963=VERTEX_POINT('',#9638);
#1964=VERTEX_POINT('',#9640);
#1965=VERTEX_POINT('',#9642);
#1966=VERTEX_POINT('',#9644);
#1967=VERTEX_POINT('',#9646);
#1968=VERTEX_POINT('',#9648);
#1969=VERTEX_POINT('',#9650);
#1970=VERTEX_POINT('',#9652);
#1971=VERTEX_POINT('',#9654);
#1972=VERTEX_POINT('',#9656);
#1973=VERTEX_POINT('',#9658);
#1974=VERTEX_POINT('',#9664);
#1975=VERTEX_POINT('',#9666);
#1976=VERTEX_POINT('',#9670);
#1977=VERTEX_POINT('',#9672);
#1978=VERTEX_POINT('',#9674);
#1979=VERTEX_POINT('',#9682);
#1980=VERTEX_POINT('',#9684);
#1981=VERTEX_POINT('',#9689);
#1982=VERTEX_POINT('',#9690);
#1983=VERTEX_POINT('',#9692);
#1984=VERTEX_POINT('',#9694);
#1985=VERTEX_POINT('',#9698);
#1986=VERTEX_POINT('',#9700);
#1987=VERTEX_POINT('',#9704);
#1988=VERTEX_POINT('',#9706);
#1989=VERTEX_POINT('',#9714);
#1990=VERTEX_POINT('',#9721);
#1991=VERTEX_POINT('',#9722);
#1992=VERTEX_POINT('',#9727);
#1993=VERTEX_POINT('',#9731);
#1994=VERTEX_POINT('',#9738);
#1995=VERTEX_POINT('',#9742);
#1996=VERTEX_POINT('',#9748);
#1997=VERTEX_POINT('',#9749);
#1998=VERTEX_POINT('',#9754);
#1999=VERTEX_POINT('',#9772);
#2000=VERTEX_POINT('',#9773);
#2001=VERTEX_POINT('',#9778);
#2002=VERTEX_POINT('',#9780);
#2003=VERTEX_POINT('',#9782);
#2004=VERTEX_POINT('',#9784);
#2005=VERTEX_POINT('',#9786);
#2006=VERTEX_POINT('',#9788);
#2007=VERTEX_POINT('',#9791);
#2008=VERTEX_POINT('',#9792);
#2009=VERTEX_POINT('',#9794);
#2010=VERTEX_POINT('',#9796);
#2011=VERTEX_POINT('',#9811);
#2012=VERTEX_POINT('',#9812);
#2013=VERTEX_POINT('',#9817);
#2014=VERTEX_POINT('',#9821);
#2015=VERTEX_POINT('',#9871);
#2016=VERTEX_POINT('',#9872);
#2017=VERTEX_POINT('',#9877);
#2018=VERTEX_POINT('',#9889);
#2019=VERTEX_POINT('',#9975);
#2020=VERTEX_POINT('',#9982);
#2021=VERTEX_POINT('',#10039);
#2022=VERTEX_POINT('',#10044);
#2023=VERTEX_POINT('',#10214);
#2024=VERTEX_POINT('',#10226);
#2025=VERTEX_POINT('',#10278);
#2026=VERTEX_POINT('',#10283);
#2027=VERTEX_POINT('',#10389);
#2028=VERTEX_POINT('',#10397);
#2029=VERTEX_POINT('',#10449);
#2030=VERTEX_POINT('',#10454);
#2031=VERTEX_POINT('',#10626);
#2032=VERTEX_POINT('',#10627);
#2033=VERTEX_POINT('',#10632);
#2034=VERTEX_POINT('',#10636);
#2035=VERTEX_POINT('',#10643);
#2036=VERTEX_POINT('',#10645);
#2037=VERTEX_POINT('',#10648);
#2038=VERTEX_POINT('',#10652);
#2039=VERTEX_POINT('',#10654);
#2040=VERTEX_POINT('',#10657);
#2041=VERTEX_POINT('',#10661);
#2042=VERTEX_POINT('',#10663);
#2043=VERTEX_POINT('',#10668);
#2044=VERTEX_POINT('',#10670);
#2045=VERTEX_POINT('',#10673);
#2046=VERTEX_POINT('',#10692);
#2047=VERTEX_POINT('',#10694);
#2048=VERTEX_POINT('',#10698);
#2049=VERTEX_POINT('',#10702);
#2050=VERTEX_POINT('',#10703);
#2051=VERTEX_POINT('',#10705);
#2052=VERTEX_POINT('',#10707);
#2053=VERTEX_POINT('',#10711);
#2054=VERTEX_POINT('',#10713);
#2055=VERTEX_POINT('',#10717);
#2056=VERTEX_POINT('',#10719);
#2057=VERTEX_POINT('',#10723);
#2058=VERTEX_POINT('',#10725);
#2059=VERTEX_POINT('',#10729);
#2060=VERTEX_POINT('',#10731);
#2061=VERTEX_POINT('',#10735);
#2062=VERTEX_POINT('',#10737);
#2063=VERTEX_POINT('',#10741);
#2064=VERTEX_POINT('',#10743);
#2065=VERTEX_POINT('',#10747);
#2066=VERTEX_POINT('',#10749);
#2067=VERTEX_POINT('',#10753);
#2068=VERTEX_POINT('',#10755);
#2069=VERTEX_POINT('',#10759);
#2070=VERTEX_POINT('',#10761);
#2071=VERTEX_POINT('',#10765);
#2072=VERTEX_POINT('',#10767);
#2073=VERTEX_POINT('',#10771);
#2074=VERTEX_POINT('',#10773);
#2075=VERTEX_POINT('',#10777);
#2076=VERTEX_POINT('',#10779);
#2077=VERTEX_POINT('',#10783);
#2078=VERTEX_POINT('',#10785);
#2079=VERTEX_POINT('',#10789);
#2080=VERTEX_POINT('',#10791);
#2081=VERTEX_POINT('',#10795);
#2082=VERTEX_POINT('',#10797);
#2083=VERTEX_POINT('',#10801);
#2084=VERTEX_POINT('',#10803);
#2085=VERTEX_POINT('',#10807);
#2086=VERTEX_POINT('',#10809);
#2087=VERTEX_POINT('',#10813);
#2088=VERTEX_POINT('',#10815);
#2089=VERTEX_POINT('',#10819);
#2090=VERTEX_POINT('',#10821);
#2091=VERTEX_POINT('',#10825);
#2092=VERTEX_POINT('',#10827);
#2093=VERTEX_POINT('',#10831);
#2094=VERTEX_POINT('',#10833);
#2095=VERTEX_POINT('',#10837);
#2096=VERTEX_POINT('',#10839);
#2097=VERTEX_POINT('',#10843);
#2098=VERTEX_POINT('',#10845);
#2099=VERTEX_POINT('',#10849);
#2100=VERTEX_POINT('',#10851);
#2101=VERTEX_POINT('',#10855);
#2102=VERTEX_POINT('',#10857);
#2103=VERTEX_POINT('',#10861);
#2104=VERTEX_POINT('',#10863);
#2105=VERTEX_POINT('',#10867);
#2106=VERTEX_POINT('',#10869);
#2107=VERTEX_POINT('',#10873);
#2108=VERTEX_POINT('',#10875);
#2109=VERTEX_POINT('',#10879);
#2110=VERTEX_POINT('',#10881);
#2111=VERTEX_POINT('',#10885);
#2112=VERTEX_POINT('',#10887);
#2113=VERTEX_POINT('',#10891);
#2114=VERTEX_POINT('',#10893);
#2115=VERTEX_POINT('',#10897);
#2116=VERTEX_POINT('',#10899);
#2117=VERTEX_POINT('',#10903);
#2118=VERTEX_POINT('',#10905);
#2119=VERTEX_POINT('',#10909);
#2120=VERTEX_POINT('',#10911);
#2121=VERTEX_POINT('',#10915);
#2122=VERTEX_POINT('',#10917);
#2123=VERTEX_POINT('',#10921);
#2124=VERTEX_POINT('',#10923);
#2125=VERTEX_POINT('',#10927);
#2126=VERTEX_POINT('',#10929);
#2127=VERTEX_POINT('',#10933);
#2128=VERTEX_POINT('',#10935);
#2129=VERTEX_POINT('',#10939);
#2130=VERTEX_POINT('',#10941);
#2131=VERTEX_POINT('',#10945);
#2132=VERTEX_POINT('',#10947);
#2133=VERTEX_POINT('',#10951);
#2134=VERTEX_POINT('',#10953);
#2135=VERTEX_POINT('',#10957);
#2136=VERTEX_POINT('',#10959);
#2137=VERTEX_POINT('',#10963);
#2138=VERTEX_POINT('',#10965);
#2139=VERTEX_POINT('',#10969);
#2140=VERTEX_POINT('',#10971);
#2141=VERTEX_POINT('',#10975);
#2142=VERTEX_POINT('',#10977);
#2143=VERTEX_POINT('',#10981);
#2144=VERTEX_POINT('',#10983);
#2145=VERTEX_POINT('',#10996);
#2146=VERTEX_POINT('',#10997);
#2147=VERTEX_POINT('',#10999);
#2148=VERTEX_POINT('',#11001);
#2149=VERTEX_POINT('',#11005);
#2150=VERTEX_POINT('',#11007);
#2151=VERTEX_POINT('',#11011);
#2152=VERTEX_POINT('',#11013);
#2153=VERTEX_POINT('',#11021);
#2154=VERTEX_POINT('',#11023);
#2155=EDGE_CURVE('',#1714,#1715,#1032,.T.);
#2156=EDGE_CURVE('',#1716,#1714,#931,.F.);
#2157=EDGE_CURVE('',#1717,#1716,#703,.T.);
#2158=EDGE_CURVE('',#1717,#1715,#932,.T.);
#2159=EDGE_CURVE('',#1718,#1719,#1033,.T.);
#2160=EDGE_CURVE('',#1720,#1718,#933,.F.);
#2161=EDGE_CURVE('',#1714,#1720,#934,.F.);
#2162=EDGE_CURVE('',#1715,#1721,#935,.T.);
#2163=EDGE_CURVE('',#1721,#1719,#936,.T.);
#2164=EDGE_CURVE('',#1722,#1723,#1034,.T.);
#2165=EDGE_CURVE('',#1724,#1722,#937,.F.);
#2166=EDGE_CURVE('',#1718,#1724,#938,.F.);
#2167=EDGE_CURVE('',#1719,#1725,#939,.T.);
#2168=EDGE_CURVE('',#1725,#1723,#940,.T.);
#2169=EDGE_CURVE('',#1726,#1727,#1035,.T.);
#2170=EDGE_CURVE('',#1728,#1726,#941,.F.);
#2171=EDGE_CURVE('',#1722,#1728,#942,.F.);
#2172=EDGE_CURVE('',#1723,#1729,#943,.T.);
#2173=EDGE_CURVE('',#1729,#1727,#944,.T.);
#2174=EDGE_CURVE('',#1730,#1731,#1036,.T.);
#2175=EDGE_CURVE('',#1732,#1730,#945,.F.);
#2176=EDGE_CURVE('',#1726,#1732,#946,.F.);
#2177=EDGE_CURVE('',#1727,#1733,#947,.T.);
#2178=EDGE_CURVE('',#1733,#1731,#948,.T.);
#2179=EDGE_CURVE('',#1734,#1735,#1037,.T.);
#2180=EDGE_CURVE('',#1736,#1734,#949,.F.);
#2181=EDGE_CURVE('',#1730,#1736,#950,.F.);
#2182=EDGE_CURVE('',#1731,#1737,#951,.T.);
#2183=EDGE_CURVE('',#1737,#1735,#952,.T.);
#2184=EDGE_CURVE('',#1738,#1739,#1038,.T.);
#2185=EDGE_CURVE('',#1740,#1738,#953,.F.);
#2186=EDGE_CURVE('',#1734,#1740,#954,.F.);
#2187=EDGE_CURVE('',#1735,#1741,#955,.T.);
#2188=EDGE_CURVE('',#1741,#1739,#956,.T.);
#2189=EDGE_CURVE('',#1742,#1743,#1039,.T.);
#2190=EDGE_CURVE('',#1744,#1742,#957,.F.);
#2191=EDGE_CURVE('',#1738,#1744,#958,.F.);
#2192=EDGE_CURVE('',#1739,#1745,#959,.T.);
#2193=EDGE_CURVE('',#1745,#1743,#960,.T.);
#2194=EDGE_CURVE('',#1746,#1747,#1040,.T.);
#2195=EDGE_CURVE('',#1746,#1748,#961,.T.);
#2196=EDGE_CURVE('',#1749,#1748,#704,.T.);
#2197=EDGE_CURVE('',#1747,#1749,#962,.F.);
#2198=EDGE_CURVE('',#1750,#1751,#1041,.T.);
#2199=EDGE_CURVE('',#1750,#1752,#963,.T.);
#2200=EDGE_CURVE('',#1752,#1746,#964,.T.);
#2201=EDGE_CURVE('',#1753,#1747,#965,.F.);
#2202=EDGE_CURVE('',#1751,#1753,#966,.F.);
#2203=EDGE_CURVE('',#1754,#1755,#1042,.T.);
#2204=EDGE_CURVE('',#1754,#1756,#967,.T.);
#2205=EDGE_CURVE('',#1756,#1750,#968,.T.);
#2206=EDGE_CURVE('',#1757,#1751,#969,.F.);
#2207=EDGE_CURVE('',#1755,#1757,#970,.F.);
#2208=EDGE_CURVE('',#1758,#1759,#1043,.T.);
#2209=EDGE_CURVE('',#1758,#1760,#971,.T.);
#2210=EDGE_CURVE('',#1760,#1754,#972,.T.);
#2211=EDGE_CURVE('',#1761,#1755,#973,.F.);
#2212=EDGE_CURVE('',#1759,#1761,#974,.F.);
#2213=EDGE_CURVE('',#1762,#1763,#1044,.T.);
#2214=EDGE_CURVE('',#1762,#1764,#975,.T.);
#2215=EDGE_CURVE('',#1764,#1758,#976,.T.);
#2216=EDGE_CURVE('',#1765,#1759,#977,.F.);
#2217=EDGE_CURVE('',#1763,#1765,#978,.F.);
#2218=EDGE_CURVE('',#1766,#1767,#1045,.T.);
#2219=EDGE_CURVE('',#1766,#1768,#979,.T.);
#2220=EDGE_CURVE('',#1768,#1762,#980,.T.);
#2221=EDGE_CURVE('',#1769,#1763,#981,.F.);
#2222=EDGE_CURVE('',#1767,#1769,#982,.F.);
#2223=EDGE_CURVE('',#1770,#1771,#1046,.T.);
#2224=EDGE_CURVE('',#1770,#1772,#983,.T.);
#2225=EDGE_CURVE('',#1772,#1766,#984,.T.);
#2226=EDGE_CURVE('',#1773,#1767,#985,.F.);
#2227=EDGE_CURVE('',#1771,#1773,#986,.F.);
#2228=EDGE_CURVE('',#1774,#1775,#1047,.T.);
#2229=EDGE_CURVE('',#1774,#1776,#987,.T.);
#2230=EDGE_CURVE('',#1776,#1770,#988,.T.);
#2231=EDGE_CURVE('',#1777,#1771,#989,.F.);
#2232=EDGE_CURVE('',#1775,#1777,#990,.F.);
#2233=EDGE_CURVE('',#1778,#1779,#1048,.T.);
#2234=EDGE_CURVE('',#1778,#1780,#991,.T.);
#2235=EDGE_CURVE('',#1780,#1774,#992,.T.);
#2236=EDGE_CURVE('',#1781,#1775,#993,.F.);
#2237=EDGE_CURVE('',#1779,#1781,#994,.F.);
#2238=EDGE_CURVE('',#1782,#1783,#1049,.T.);
#2239=EDGE_CURVE('',#1782,#1784,#995,.T.);
#2240=EDGE_CURVE('',#1784,#1778,#996,.T.);
#2241=EDGE_CURVE('',#1785,#1779,#997,.F.);
#2242=EDGE_CURVE('',#1783,#1785,#998,.F.);
#2243=EDGE_CURVE('',#1786,#1787,#1050,.T.);
#2244=EDGE_CURVE('',#1788,#1786,#999,.F.);
#2245=EDGE_CURVE('',#1789,#1788,#1000,.F.);
#2246=EDGE_CURVE('',#1789,#1790,#1051,.T.);
#2247=EDGE_CURVE('',#1790,#1790,#705,.T.);
#2248=EDGE_CURVE('',#1749,#1789,#1001,.F.);
#2249=EDGE_CURVE('',#1787,#1748,#1002,.F.);
#2250=EDGE_CURVE('',#1791,#1792,#706,.T.);
#2251=EDGE_CURVE('',#1791,#1793,#1052,.T.);
#2252=EDGE_CURVE('',#1793,#1794,#707,.T.);
#2253=EDGE_CURVE('',#1792,#1794,#1053,.T.);
#2254=EDGE_CURVE('',#1795,#1796,#708,.T.);
#2255=EDGE_CURVE('',#1795,#1797,#1054,.T.);
#2256=EDGE_CURVE('',#1797,#1798,#709,.T.);
#2257=EDGE_CURVE('',#1796,#1798,#1055,.T.);
#2258=EDGE_CURVE('',#1799,#1800,#710,.T.);
#2259=EDGE_CURVE('',#1799,#1801,#1056,.T.);
#2260=EDGE_CURVE('',#1801,#1802,#711,.T.);
#2261=EDGE_CURVE('',#1800,#1802,#1057,.T.);
#2262=EDGE_CURVE('',#1803,#1804,#712,.T.);
#2263=EDGE_CURVE('',#1803,#1805,#1058,.T.);
#2264=EDGE_CURVE('',#1805,#1806,#713,.T.);
#2265=EDGE_CURVE('',#1804,#1806,#1059,.T.);
#2266=EDGE_CURVE('',#1807,#1803,#714,.T.);
#2267=EDGE_CURVE('',#1807,#1808,#1060,.T.);
#2268=EDGE_CURVE('',#1808,#1805,#715,.T.);
#2269=EDGE_CURVE('',#1809,#1787,#1003,.F.);
#2270=EDGE_CURVE('',#1810,#1809,#1004,.F.);
#2271=EDGE_CURVE('',#1811,#1810,#716,.T.);
#2272=EDGE_CURVE('',#1812,#1811,#1005,.F.);
#2273=EDGE_CURVE('',#1786,#1812,#1006,.F.);
#2274=EDGE_CURVE('',#1813,#1814,#717,.T.);
#2275=EDGE_CURVE('',#1813,#1815,#718,.T.);
#2276=EDGE_CURVE('',#1815,#1815,#719,.T.);
#2277=EDGE_CURVE('',#1814,#1813,#720,.T.);
#2278=EDGE_CURVE('',#1816,#1816,#721,.T.);
#2279=EDGE_CURVE('',#1816,#1814,#1061,.T.);
#2280=EDGE_CURVE('',#1817,#1783,#1007,.F.);
#2281=EDGE_CURVE('',#1818,#1817,#1008,.F.);
#2282=EDGE_CURVE('',#1819,#1818,#722,.T.);
#2283=EDGE_CURVE('',#1819,#1782,#1009,.T.);
#2284=EDGE_CURVE('',#1743,#1820,#1010,.T.);
#2285=EDGE_CURVE('',#1820,#1811,#1011,.T.);
#2286=EDGE_CURVE('',#1821,#1810,#1012,.F.);
#2287=EDGE_CURVE('',#1742,#1821,#1013,.F.);
#2288=EDGE_CURVE('',#1752,#1809,#1062,.T.);
#2289=EDGE_CURVE('',#1756,#1821,#1063,.T.);
#2290=EDGE_CURVE('',#1812,#1757,#1064,.T.);
#2291=EDGE_CURVE('',#1820,#1761,#1065,.T.);
#2292=EDGE_CURVE('',#1788,#1753,#1066,.T.);
#2293=EDGE_CURVE('',#1818,#1717,#1014,.T.);
#2294=EDGE_CURVE('',#1716,#1819,#1015,.T.);
#2295=EDGE_CURVE('',#1822,#1808,#723,.T.);
#2296=EDGE_CURVE('',#1823,#1822,#724,.T.);
#2297=EDGE_CURVE('',#1824,#1823,#725,.T.);
#2298=EDGE_CURVE('',#1794,#1824,#726,.T.);
#2299=EDGE_CURVE('',#1798,#1793,#727,.T.);
#2300=EDGE_CURVE('',#1802,#1797,#728,.T.);
#2301=EDGE_CURVE('',#1806,#1801,#729,.T.);
#2302=EDGE_CURVE('',#1784,#1720,#1067,.T.);
#2303=EDGE_CURVE('',#1721,#1817,#1068,.T.);
#2304=EDGE_CURVE('',#1725,#1785,#1069,.T.);
#2305=EDGE_CURVE('',#1780,#1724,#1070,.T.);
#2306=EDGE_CURVE('',#1776,#1728,#1071,.T.);
#2307=EDGE_CURVE('',#1729,#1781,#1072,.T.);
#2308=EDGE_CURVE('',#1733,#1777,#1073,.T.);
#2309=EDGE_CURVE('',#1772,#1732,#1074,.T.);
#2310=EDGE_CURVE('',#1768,#1736,#1075,.T.);
#2311=EDGE_CURVE('',#1737,#1773,#1076,.T.);
#2312=EDGE_CURVE('',#1741,#1769,#1077,.T.);
#2313=EDGE_CURVE('',#1764,#1740,#1078,.T.);
#2314=EDGE_CURVE('',#1760,#1744,#1079,.T.);
#2315=EDGE_CURVE('',#1745,#1765,#1080,.T.);
#2316=EDGE_CURVE('',#1825,#1822,#1081,.T.);
#2317=EDGE_CURVE('',#1826,#1825,#730,.T.);
#2318=EDGE_CURVE('',#1826,#1823,#1082,.T.);
#2319=EDGE_CURVE('',#1827,#1826,#731,.T.);
#2320=EDGE_CURVE('',#1827,#1824,#1083,.T.);
#2321=EDGE_CURVE('',#1792,#1827,#732,.T.);
#2322=EDGE_CURVE('',#1825,#1807,#733,.T.);
#2323=EDGE_CURVE('',#1804,#1799,#734,.T.);
#2324=EDGE_CURVE('',#1800,#1795,#735,.T.);
#2325=EDGE_CURVE('',#1796,#1791,#736,.T.);
#2326=EDGE_CURVE('',#1828,#1828,#737,.T.);
#2327=EDGE_CURVE('',#1828,#1829,#1084,.T.);
#2328=EDGE_CURVE('',#1830,#1831,#1085,.T.);
#2329=EDGE_CURVE('',#1830,#1832,#1086,.T.);
#2330=EDGE_CURVE('',#1833,#1832,#1087,.T.);
#2331=EDGE_CURVE('',#1831,#1833,#1088,.T.);
#2332=EDGE_CURVE('',#1834,#1835,#1089,.T.);
#2333=EDGE_CURVE('',#1836,#1834,#1090,.T.);
#2334=EDGE_CURVE('',#1837,#1836,#1091,.T.);
#2335=EDGE_CURVE('',#1835,#1837,#1092,.T.);
#2336=EDGE_CURVE('',#1835,#1830,#738,.T.);
#2337=EDGE_CURVE('',#1832,#1837,#739,.T.);
#2338=EDGE_CURVE('',#1833,#1836,#1093,.T.);
#2339=EDGE_CURVE('',#1838,#1831,#1094,.T.);
#2340=EDGE_CURVE('',#1839,#1838,#740,.F.);
#2341=EDGE_CURVE('',#1839,#1840,#1095,.T.);
#2342=EDGE_CURVE('',#1841,#1840,#741,.T.);
#2343=EDGE_CURVE('',#1842,#1841,#1096,.T.);
#2344=EDGE_CURVE('',#1843,#1842,#742,.T.);
#2345=EDGE_CURVE('',#1843,#1844,#1097,.T.);
#2346=EDGE_CURVE('',#1844,#1845,#743,.T.);
#2347=EDGE_CURVE('',#1845,#1846,#1098,.T.);
#2348=EDGE_CURVE('',#1847,#1846,#744,.T.);
#2349=EDGE_CURVE('',#1848,#1847,#1099,.T.);
#2350=EDGE_CURVE('',#1849,#1848,#745,.T.);
#2351=EDGE_CURVE('',#1849,#1850,#1100,.T.);
#2352=EDGE_CURVE('',#1850,#1851,#746,.T.);
#2353=EDGE_CURVE('',#1851,#1852,#1101,.T.);
#2354=EDGE_CURVE('',#1853,#1852,#1102,.T.);
#2355=EDGE_CURVE('',#1854,#1853,#747,.T.);
#2356=EDGE_CURVE('',#1855,#1854,#1103,.T.);
#2357=EDGE_CURVE('',#1856,#1855,#748,.F.);
#2358=EDGE_CURVE('',#1834,#1856,#1104,.T.);
#2359=EDGE_CURVE('',#1857,#1858,#1105,.T.);
#2360=EDGE_CURVE('',#1859,#1857,#1106,.T.);
#2361=EDGE_CURVE('',#1860,#1859,#1107,.T.);
#2362=EDGE_CURVE('',#1858,#1860,#1108,.T.);
#2363=EDGE_CURVE('',#1858,#1861,#749,.T.);
#2364=EDGE_CURVE('',#1862,#1860,#750,.T.);
#2365=EDGE_CURVE('',#1861,#1862,#1109,.T.);
#2366=EDGE_CURVE('',#1861,#1863,#1110,.T.);
#2367=EDGE_CURVE('',#1864,#1862,#1111,.T.);
#2368=EDGE_CURVE('',#1863,#1864,#1112,.T.);
#2369=EDGE_CURVE('',#1864,#1859,#1113,.T.);
#2370=EDGE_CURVE('',#1865,#1863,#1114,.T.);
#2371=EDGE_CURVE('',#1866,#1865,#751,.F.);
#2372=EDGE_CURVE('',#1866,#1867,#1115,.T.);
#2373=EDGE_CURVE('',#1868,#1867,#752,.T.);
#2374=EDGE_CURVE('',#1869,#1868,#1116,.T.);
#2375=EDGE_CURVE('',#1870,#1869,#753,.T.);
#2376=EDGE_CURVE('',#1870,#1871,#1117,.T.);
#2377=EDGE_CURVE('',#1871,#1872,#754,.T.);
#2378=EDGE_CURVE('',#1872,#1873,#1118,.T.);
#2379=EDGE_CURVE('',#1874,#1873,#755,.T.);
#2380=EDGE_CURVE('',#1875,#1874,#1119,.T.);
#2381=EDGE_CURVE('',#1876,#1875,#756,.T.);
#2382=EDGE_CURVE('',#1876,#1877,#1120,.T.);
#2383=EDGE_CURVE('',#1877,#1878,#757,.T.);
#2384=EDGE_CURVE('',#1878,#1879,#1121,.T.);
#2385=EDGE_CURVE('',#1880,#1879,#758,.T.);
#2386=EDGE_CURVE('',#1881,#1880,#1122,.T.);
#2387=EDGE_CURVE('',#1882,#1881,#759,.T.);
#2388=EDGE_CURVE('',#1883,#1882,#1123,.T.);
#2389=EDGE_CURVE('',#1884,#1883,#760,.F.);
#2390=EDGE_CURVE('',#1857,#1884,#1124,.T.);
#2391=EDGE_CURVE('',#1881,#1885,#1125,.T.);
#2392=EDGE_CURVE('',#1885,#1886,#761,.T.);
#2393=EDGE_CURVE('',#1886,#1882,#1126,.T.);
#2394=EDGE_CURVE('',#1887,#1885,#1127,.T.);
#2395=EDGE_CURVE('',#1888,#1887,#762,.T.);
#2396=EDGE_CURVE('',#1888,#1889,#1128,.T.);
#2397=EDGE_CURVE('',#1889,#1890,#763,.T.);
#2398=EDGE_CURVE('',#1890,#1891,#1129,.T.);
#2399=EDGE_CURVE('',#1892,#1891,#764,.T.);
#2400=EDGE_CURVE('',#1893,#1892,#1130,.T.);
#2401=EDGE_CURVE('',#1894,#1893,#765,.T.);
#2402=EDGE_CURVE('',#1894,#1895,#1131,.T.);
#2403=EDGE_CURVE('',#1895,#1896,#766,.T.);
#2404=EDGE_CURVE('',#1896,#1897,#1132,.T.);
#2405=EDGE_CURVE('',#1898,#1897,#767,.T.);
#2406=EDGE_CURVE('',#1899,#1898,#1133,.T.);
#2407=EDGE_CURVE('',#1900,#1899,#768,.T.);
#2408=EDGE_CURVE('',#1900,#1901,#1134,.T.);
#2409=EDGE_CURVE('',#1902,#1901,#769,.F.);
#2410=EDGE_CURVE('',#1903,#1902,#1135,.T.);
#2411=EDGE_CURVE('',#1904,#1903,#770,.F.);
#2412=EDGE_CURVE('',#1904,#1886,#1136,.T.);
#2413=EDGE_CURVE('',#1887,#1880,#1137,.T.);
#2414=EDGE_CURVE('',#1879,#1888,#1138,.T.);
#2415=EDGE_CURVE('',#1875,#1892,#1139,.T.);
#2416=EDGE_CURVE('',#1891,#1876,#1140,.T.);
#2417=EDGE_CURVE('',#1893,#1874,#1141,.T.);
#2418=EDGE_CURVE('',#1873,#1894,#1142,.T.);
#2419=EDGE_CURVE('',#1869,#1898,#1143,.T.);
#2420=EDGE_CURVE('',#1897,#1870,#1144,.T.);
#2421=EDGE_CURVE('',#1871,#1896,#1145,.T.);
#2422=EDGE_CURVE('',#1899,#1868,#1146,.T.);
#2423=EDGE_CURVE('',#1867,#1900,#1147,.T.);
#2424=EDGE_CURVE('',#1905,#1866,#1148,.T.);
#2425=EDGE_CURVE('',#1906,#1905,#1149,.T.);
#2426=EDGE_CURVE('',#1907,#1906,#1150,.T.);
#2427=EDGE_CURVE('',#1855,#1907,#1151,.T.);
#2428=EDGE_CURVE('',#1908,#1854,#1152,.T.);
#2429=EDGE_CURVE('',#1909,#1908,#1153,.T.);
#2430=EDGE_CURVE('',#1910,#1909,#1154,.T.);
#2431=EDGE_CURVE('',#1910,#1911,#1155,.T.);
#2432=EDGE_CURVE('',#1911,#1912,#1156,.T.);
#2433=EDGE_CURVE('',#1913,#1912,#1157,.T.);
#2434=EDGE_CURVE('',#1913,#1914,#1158,.T.);
#2435=EDGE_CURVE('',#1914,#1915,#1159,.T.);
#2436=EDGE_CURVE('',#1901,#1915,#1160,.T.);
#2437=EDGE_CURVE('',#1916,#1917,#771,.T.);
#2438=EDGE_CURVE('',#1917,#1841,#1161,.T.);
#2439=EDGE_CURVE('',#1840,#1916,#1162,.T.);
#2440=EDGE_CURVE('',#1917,#1918,#1163,.T.);
#2441=EDGE_CURVE('',#1842,#1918,#1164,.T.);
#2442=EDGE_CURVE('',#1918,#1919,#772,.T.);
#2443=EDGE_CURVE('',#1919,#1843,#1165,.T.);
#2444=EDGE_CURVE('',#1920,#1921,#773,.T.);
#2445=EDGE_CURVE('',#1921,#1847,#1166,.T.);
#2446=EDGE_CURVE('',#1846,#1920,#1167,.T.);
#2447=EDGE_CURVE('',#1921,#1922,#1168,.T.);
#2448=EDGE_CURVE('',#1848,#1922,#1169,.T.);
#2449=EDGE_CURVE('',#1922,#1923,#774,.T.);
#2450=EDGE_CURVE('',#1923,#1849,#1170,.T.);
#2451=EDGE_CURVE('',#1853,#1924,#1171,.T.);
#2452=EDGE_CURVE('',#1924,#1908,#775,.T.);
#2453=EDGE_CURVE('',#1925,#1926,#776,.F.);
#2454=EDGE_CURVE('',#1925,#1927,#1172,.T.);
#2455=EDGE_CURVE('',#1927,#1928,#777,.T.);
#2456=EDGE_CURVE('',#1928,#1926,#1173,.T.);
#2457=EDGE_CURVE('',#1929,#1928,#1174,.T.);
#2458=EDGE_CURVE('',#1930,#1929,#1175,.T.);
#2459=EDGE_CURVE('',#1926,#1930,#1176,.T.);
#2460=EDGE_CURVE('',#1929,#1931,#778,.T.);
#2461=EDGE_CURVE('',#1931,#1932,#1177,.T.);
#2462=EDGE_CURVE('',#1932,#1930,#779,.T.);
#2463=EDGE_CURVE('',#1933,#1927,#1178,.T.);
#2464=EDGE_CURVE('',#1934,#1933,#1179,.T.);
#2465=EDGE_CURVE('',#1931,#1934,#1180,.T.);
#2466=EDGE_CURVE('',#1927,#1935,#1181,.T.);
#2467=EDGE_CURVE('',#1935,#1907,#780,.T.);
#2468=EDGE_CURVE('',#1906,#1933,#43,.T.);
#2469=EDGE_CURVE('',#1905,#1936,#781,.T.);
#2470=EDGE_CURVE('',#1937,#1936,#1182,.T.);
#2471=EDGE_CURVE('',#1937,#1933,#1183,.T.);
#2472=EDGE_CURVE('',#1938,#1935,#782,.T.);
#2473=EDGE_CURVE('',#1935,#1939,#1184,.T.);
#2474=EDGE_CURVE('',#1939,#1940,#783,.T.);
#2475=EDGE_CURVE('',#1940,#1938,#1185,.T.);
#2476=EDGE_CURVE('',#1938,#1907,#784,.T.);
#2477=EDGE_CURVE('',#1941,#1942,#1186,.T.);
#2478=EDGE_CURVE('',#1942,#1939,#785,.T.);
#2479=EDGE_CURVE('',#1939,#1925,#1187,.T.);
#2480=EDGE_CURVE('',#1925,#1943,#1188,.T.);
#2481=EDGE_CURVE('',#1943,#1941,#44,.T.);
#2482=EDGE_CURVE('',#1943,#1944,#1189,.T.);
#2483=EDGE_CURVE('',#1945,#1944,#1190,.T.);
#2484=EDGE_CURVE('',#1945,#1946,#786,.T.);
#2485=EDGE_CURVE('',#1946,#1941,#1191,.T.);
#2486=EDGE_CURVE('',#1942,#1940,#787,.T.);
#2487=EDGE_CURVE('',#1947,#1945,#788,.T.);
#2488=EDGE_CURVE('',#1936,#1945,#1192,.T.);
#2489=EDGE_CURVE('',#1936,#1948,#789,.T.);
#2490=EDGE_CURVE('',#1948,#1947,#1193,.T.);
#2491=EDGE_CURVE('',#1947,#1946,#790,.T.);
#2492=EDGE_CURVE('',#1905,#1948,#791,.T.);
#2493=EDGE_CURVE('',#1944,#1937,#1194,.T.);
#2494=EDGE_CURVE('',#1933,#1943,#1195,.T.);
#2495=EDGE_CURVE('',#1942,#1839,#1196,.T.);
#2496=EDGE_CURVE('',#1838,#1940,#1197,.T.);
#2497=EDGE_CURVE('',#1949,#1904,#1198,.T.);
#2498=EDGE_CURVE('',#1949,#1950,#1199,.T.);
#2499=EDGE_CURVE('',#1950,#1951,#1200,.T.);
#2500=EDGE_CURVE('',#1952,#1951,#1201,.T.);
#2501=EDGE_CURVE('',#1952,#1953,#1202,.T.);
#2502=EDGE_CURVE('',#1953,#1954,#1203,.T.);
#2503=EDGE_CURVE('',#1955,#1954,#1204,.T.);
#2504=EDGE_CURVE('',#1916,#1955,#1205,.T.);
#2505=EDGE_CURVE('',#1883,#1946,#1206,.T.);
#2506=EDGE_CURVE('',#1947,#1884,#1207,.T.);
#2507=EDGE_CURVE('',#1865,#1948,#1208,.T.);
#2508=EDGE_CURVE('',#1938,#1856,#1209,.T.);
#2509=EDGE_CURVE('',#1954,#1956,#792,.T.);
#2510=EDGE_CURVE('',#1956,#1957,#1210,.T.);
#2511=EDGE_CURVE('',#1957,#1955,#793,.F.);
#2512=EDGE_CURVE('',#1958,#1953,#794,.T.);
#2513=EDGE_CURVE('',#1956,#1958,#1211,.T.);
#2514=EDGE_CURVE('',#1959,#1959,#795,.T.);
#2515=EDGE_CURVE('',#1960,#1949,#796,.T.);
#2516=EDGE_CURVE('',#1903,#1960,#1212,.T.);
#2517=EDGE_CURVE('',#1961,#1902,#1213,.T.);
#2518=EDGE_CURVE('',#1961,#1962,#1214,.T.);
#2519=EDGE_CURVE('',#1962,#1963,#1215,.T.);
#2520=EDGE_CURVE('',#1964,#1963,#1216,.T.);
#2521=EDGE_CURVE('',#1965,#1964,#797,.F.);
#2522=EDGE_CURVE('',#1965,#1966,#1217,.T.);
#2523=EDGE_CURVE('',#1967,#1966,#798,.F.);
#2524=EDGE_CURVE('',#1967,#1968,#1218,.T.);
#2525=EDGE_CURVE('',#1969,#1968,#799,.F.);
#2526=EDGE_CURVE('',#1969,#1970,#1219,.T.);
#2527=EDGE_CURVE('',#1971,#1970,#800,.F.);
#2528=EDGE_CURVE('',#1971,#1972,#1220,.T.);
#2529=EDGE_CURVE('',#1972,#1973,#1221,.T.);
#2530=EDGE_CURVE('',#1973,#1960,#1222,.T.);
#2531=EDGE_CURVE('',#1974,#1910,#801,.T.);
#2532=EDGE_CURVE('',#1909,#1975,#802,.F.);
#2533=EDGE_CURVE('',#1975,#1974,#1223,.T.);
#2534=EDGE_CURVE('',#1958,#1976,#1224,.T.);
#2535=EDGE_CURVE('',#1977,#1976,#1225,.T.);
#2536=EDGE_CURVE('',#1977,#1978,#1226,.T.);
#2537=EDGE_CURVE('',#1978,#1974,#1227,.T.);
#2538=EDGE_CURVE('',#1975,#1957,#1228,.T.);
#2539=EDGE_CURVE('',#1915,#1961,#803,.T.);
#2540=EDGE_CURVE('',#1979,#1979,#804,.T.);
#2541=EDGE_CURVE('',#1979,#1980,#1229,.T.);
#2542=EDGE_CURVE('',#1980,#1980,#805,.T.);
#2543=EDGE_CURVE('',#1981,#1982,#1230,.T.);
#2544=EDGE_CURVE('',#1981,#1983,#1231,.T.);
#2545=EDGE_CURVE('',#1983,#1984,#1232,.T.);
#2546=EDGE_CURVE('',#1982,#1984,#1233,.T.);
#2547=EDGE_CURVE('',#1985,#1981,#1234,.T.);
#2548=EDGE_CURVE('',#1985,#1986,#1235,.T.);
#2549=EDGE_CURVE('',#1986,#1983,#1236,.T.);
#2550=EDGE_CURVE('',#1987,#1985,#1237,.T.);
#2551=EDGE_CURVE('',#1987,#1988,#1238,.T.);
#2552=EDGE_CURVE('',#1988,#1986,#1239,.T.);
#2553=EDGE_CURVE('',#1982,#1987,#1240,.T.);
#2554=EDGE_CURVE('',#1984,#1988,#1241,.T.);
#2555=EDGE_CURVE('',#1989,#1932,#1242,.T.);
#2556=EDGE_CURVE('',#1989,#1943,#1243,.T.);
#2557=EDGE_CURVE('',#1934,#1989,#1244,.T.);
#2558=EDGE_CURVE('',#1990,#1991,#1245,.T.);
#2559=EDGE_CURVE('',#1990,#1944,#1246,.T.);
#2560=EDGE_CURVE('',#1991,#1937,#1247,.T.);
#2561=EDGE_CURVE('',#1992,#1990,#1248,.T.);
#2562=EDGE_CURVE('',#1992,#1945,#1249,.T.);
#2563=EDGE_CURVE('',#1993,#1992,#1250,.T.);
#2564=EDGE_CURVE('',#1993,#1936,#1251,.T.);
#2565=EDGE_CURVE('',#1991,#1993,#1252,.T.);
#2566=EDGE_CURVE('',#1845,#1994,#1253,.T.);
#2567=EDGE_CURVE('',#1920,#1994,#1254,.T.);
#2568=EDGE_CURVE('',#1994,#1995,#806,.T.);
#2569=EDGE_CURVE('',#1844,#1995,#1255,.T.);
#2570=EDGE_CURVE('',#1995,#1919,#1256,.T.);
#2571=EDGE_CURVE('',#1996,#1997,#1257,.T.);
#2572=EDGE_CURVE('',#1852,#1996,#1258,.T.);
#2573=EDGE_CURVE('',#1851,#1997,#1259,.T.);
#2574=EDGE_CURVE('',#1997,#1998,#807,.T.);
#2575=EDGE_CURVE('',#1850,#1998,#1260,.T.);
#2576=EDGE_CURVE('',#1998,#1923,#1261,.T.);
#2577=EDGE_CURVE('',#1878,#1889,#1262,.T.);
#2578=EDGE_CURVE('',#1877,#1890,#1263,.T.);
#2579=EDGE_CURVE('',#1872,#1895,#1264,.T.);
#2580=EDGE_CURVE('',#1996,#1924,#1265,.T.);
#2581=EDGE_CURVE('',#1999,#2000,#808,.T.);
#2582=EDGE_CURVE('',#2000,#1971,#1266,.T.);
#2583=EDGE_CURVE('',#1970,#1999,#1267,.T.);
#2584=EDGE_CURVE('',#1999,#2001,#1268,.T.);
#2585=EDGE_CURVE('',#2002,#2001,#809,.T.);
#2586=EDGE_CURVE('',#2002,#2003,#1269,.T.);
#2587=EDGE_CURVE('',#2004,#2003,#810,.T.);
#2588=EDGE_CURVE('',#2004,#2005,#1270,.T.);
#2589=EDGE_CURVE('',#2006,#2005,#811,.T.);
#2590=EDGE_CURVE('',#2006,#2000,#1271,.T.);
#2591=EDGE_CURVE('',#2007,#2008,#1272,.T.);
#2592=EDGE_CURVE('',#2008,#2009,#1273,.T.);
#2593=EDGE_CURVE('',#2009,#2010,#1274,.T.);
#2594=EDGE_CURVE('',#2010,#2007,#1275,.T.);
#2595=EDGE_CURVE('',#2001,#1969,#1276,.T.);
#2596=EDGE_CURVE('',#1968,#2002,#1277,.T.);
#2597=EDGE_CURVE('',#2005,#1965,#1278,.T.);
#2598=EDGE_CURVE('',#1964,#2006,#1279,.T.);
#2599=EDGE_CURVE('',#1966,#2004,#1280,.T.);
#2600=EDGE_CURVE('',#2003,#1967,#1281,.T.);
#2601=EDGE_CURVE('',#2011,#2012,#1282,.T.);
#2602=EDGE_CURVE('',#2012,#2007,#1283,.T.);
#2603=EDGE_CURVE('',#2011,#2010,#1284,.T.);
#2604=EDGE_CURVE('',#2013,#2011,#1285,.T.);
#2605=EDGE_CURVE('',#2013,#2009,#1286,.T.);
#2606=EDGE_CURVE('',#2014,#2013,#1287,.T.);
#2607=EDGE_CURVE('',#2014,#2008,#1288,.T.);
#2608=EDGE_CURVE('',#2012,#2014,#1289,.T.);
#2609=EDGE_CURVE('',#2015,#2016,#1016,.T.);
#2610=EDGE_CURVE('',#2015,#2017,#1017,.T.);
#2611=EDGE_CURVE('',#2018,#2017,#1290,.T.);
#2612=EDGE_CURVE('',#2016,#2018,#1018,.T.);
#2613=EDGE_CURVE('',#2016,#2019,#1019,.T.);
#2614=EDGE_CURVE('',#2020,#2018,#812,.T.);
#2615=EDGE_CURVE('',#2019,#2020,#1020,.T.);
#2616=EDGE_CURVE('',#2019,#2021,#1021,.T.);
#2617=EDGE_CURVE('',#2022,#2020,#1291,.T.);
#2618=EDGE_CURVE('',#2021,#2022,#1022,.T.);
#2619=EDGE_CURVE('',#2021,#2023,#1023,.T.);
#2620=EDGE_CURVE('',#2024,#2022,#813,.T.);
#2621=EDGE_CURVE('',#2023,#2024,#1024,.T.);
#2622=EDGE_CURVE('',#2023,#2025,#1025,.T.);
#2623=EDGE_CURVE('',#2026,#2024,#1292,.T.);
#2624=EDGE_CURVE('',#2025,#2026,#1026,.T.);
#2625=EDGE_CURVE('',#2025,#2027,#1027,.T.);
#2626=EDGE_CURVE('',#2028,#2026,#814,.T.);
#2627=EDGE_CURVE('',#2027,#2028,#1028,.T.);
#2628=EDGE_CURVE('',#2027,#2029,#1029,.T.);
#2629=EDGE_CURVE('',#2030,#2028,#1293,.T.);
#2630=EDGE_CURVE('',#2029,#2030,#1030,.T.);
#2631=EDGE_CURVE('',#2029,#2015,#1031,.T.);
#2632=EDGE_CURVE('',#2017,#2030,#815,.T.);
#2633=EDGE_CURVE('',#2031,#2032,#1294,.T.);
#2634=EDGE_CURVE('',#2011,#2032,#1295,.T.);
#2635=EDGE_CURVE('',#2013,#2031,#1296,.T.);
#2636=EDGE_CURVE('',#2032,#2033,#1297,.T.);
#2637=EDGE_CURVE('',#2012,#2033,#1298,.T.);
#2638=EDGE_CURVE('',#2033,#2034,#1299,.T.);
#2639=EDGE_CURVE('',#2014,#2034,#1300,.T.);
#2640=EDGE_CURVE('',#2034,#2031,#1301,.T.);
#2641=EDGE_CURVE('',#2035,#2035,#816,.F.);
#2642=EDGE_CURVE('',#2035,#2036,#1302,.T.);
#2643=EDGE_CURVE('',#2037,#2037,#817,.T.);
#2644=EDGE_CURVE('',#2037,#2035,#1303,.T.);
#2645=EDGE_CURVE('',#2038,#2038,#818,.F.);
#2646=EDGE_CURVE('',#2038,#2039,#1304,.T.);
#2647=EDGE_CURVE('',#2040,#2040,#819,.T.);
#2648=EDGE_CURVE('',#2040,#2038,#1305,.T.);
#2649=EDGE_CURVE('',#2041,#2041,#820,.F.);
#2650=EDGE_CURVE('',#2041,#2042,#1306,.T.);
#2651=EDGE_CURVE('',#1959,#2041,#1307,.T.);
#2652=EDGE_CURVE('',#2043,#2043,#821,.F.);
#2653=EDGE_CURVE('',#2043,#2044,#1308,.T.);
#2654=EDGE_CURVE('',#2045,#2045,#822,.T.);
#2655=EDGE_CURVE('',#2045,#2043,#1309,.T.);
#2656=EDGE_CURVE('',#1963,#1913,#823,.T.);
#2657=EDGE_CURVE('',#1962,#1914,#824,.T.);
#2658=EDGE_CURVE('',#1951,#1972,#825,.T.);
#2659=EDGE_CURVE('',#1950,#1973,#826,.T.);
#2660=EDGE_CURVE('',#1912,#1977,#827,.T.);
#2661=EDGE_CURVE('',#1911,#1978,#828,.T.);
#2662=EDGE_CURVE('',#1976,#1952,#829,.T.);
#2663=EDGE_CURVE('',#2046,#2046,#830,.T.);
#2664=EDGE_CURVE('',#2046,#2047,#1310,.T.);
#2665=EDGE_CURVE('',#2047,#2047,#831,.T.);
#2666=EDGE_CURVE('',#2048,#2048,#832,.T.);
#2667=EDGE_CURVE('',#2048,#2046,#1311,.T.);
#2668=EDGE_CURVE('',#2049,#2050,#833,.T.);
#2669=EDGE_CURVE('',#2051,#2049,#1312,.T.);
#2670=EDGE_CURVE('',#2052,#2051,#834,.T.);
#2671=EDGE_CURVE('',#2052,#2050,#1313,.T.);
#2672=EDGE_CURVE('',#2050,#2053,#835,.T.);
#2673=EDGE_CURVE('',#2054,#2052,#836,.T.);
#2674=EDGE_CURVE('',#2054,#2053,#1314,.T.);
#2675=EDGE_CURVE('',#2053,#2055,#837,.T.);
#2676=EDGE_CURVE('',#2056,#2054,#838,.T.);
#2677=EDGE_CURVE('',#2056,#2055,#1315,.T.);
#2678=EDGE_CURVE('',#2055,#2057,#839,.T.);
#2679=EDGE_CURVE('',#2058,#2056,#840,.T.);
#2680=EDGE_CURVE('',#2058,#2057,#1316,.T.);
#2681=EDGE_CURVE('',#2057,#2059,#841,.T.);
#2682=EDGE_CURVE('',#2060,#2058,#842,.T.);
#2683=EDGE_CURVE('',#2060,#2059,#1317,.T.);
#2684=EDGE_CURVE('',#2059,#2061,#843,.T.);
#2685=EDGE_CURVE('',#2062,#2060,#844,.T.);
#2686=EDGE_CURVE('',#2062,#2061,#1318,.T.);
#2687=EDGE_CURVE('',#2061,#2063,#845,.T.);
#2688=EDGE_CURVE('',#2064,#2062,#846,.T.);
#2689=EDGE_CURVE('',#2064,#2063,#1319,.T.);
#2690=EDGE_CURVE('',#2063,#2065,#847,.T.);
#2691=EDGE_CURVE('',#2066,#2064,#848,.T.);
#2692=EDGE_CURVE('',#2066,#2065,#1320,.T.);
#2693=EDGE_CURVE('',#2065,#2067,#849,.T.);
#2694=EDGE_CURVE('',#2068,#2066,#850,.T.);
#2695=EDGE_CURVE('',#2068,#2067,#1321,.T.);
#2696=EDGE_CURVE('',#2067,#2069,#851,.T.);
#2697=EDGE_CURVE('',#2070,#2068,#852,.T.);
#2698=EDGE_CURVE('',#2070,#2069,#1322,.T.);
#2699=EDGE_CURVE('',#2069,#2071,#853,.T.);
#2700=EDGE_CURVE('',#2072,#2070,#854,.T.);
#2701=EDGE_CURVE('',#2072,#2071,#1323,.T.);
#2702=EDGE_CURVE('',#2071,#2073,#855,.T.);
#2703=EDGE_CURVE('',#2074,#2072,#856,.T.);
#2704=EDGE_CURVE('',#2074,#2073,#1324,.T.);
#2705=EDGE_CURVE('',#2073,#2075,#857,.T.);
#2706=EDGE_CURVE('',#2076,#2074,#858,.T.);
#2707=EDGE_CURVE('',#2076,#2075,#1325,.T.);
#2708=EDGE_CURVE('',#2075,#2077,#859,.T.);
#2709=EDGE_CURVE('',#2078,#2076,#860,.T.);
#2710=EDGE_CURVE('',#2078,#2077,#1326,.T.);
#2711=EDGE_CURVE('',#2077,#2079,#861,.T.);
#2712=EDGE_CURVE('',#2080,#2078,#862,.T.);
#2713=EDGE_CURVE('',#2080,#2079,#1327,.T.);
#2714=EDGE_CURVE('',#2079,#2081,#863,.T.);
#2715=EDGE_CURVE('',#2082,#2080,#864,.T.);
#2716=EDGE_CURVE('',#2082,#2081,#1328,.T.);
#2717=EDGE_CURVE('',#2081,#2083,#865,.T.);
#2718=EDGE_CURVE('',#2084,#2082,#866,.T.);
#2719=EDGE_CURVE('',#2084,#2083,#1329,.T.);
#2720=EDGE_CURVE('',#2083,#2085,#867,.T.);
#2721=EDGE_CURVE('',#2086,#2084,#868,.T.);
#2722=EDGE_CURVE('',#2086,#2085,#1330,.T.);
#2723=EDGE_CURVE('',#2085,#2087,#869,.T.);
#2724=EDGE_CURVE('',#2088,#2086,#870,.T.);
#2725=EDGE_CURVE('',#2088,#2087,#1331,.T.);
#2726=EDGE_CURVE('',#2087,#2089,#871,.T.);
#2727=EDGE_CURVE('',#2090,#2088,#872,.T.);
#2728=EDGE_CURVE('',#2090,#2089,#1332,.T.);
#2729=EDGE_CURVE('',#2089,#2091,#873,.T.);
#2730=EDGE_CURVE('',#2092,#2090,#874,.T.);
#2731=EDGE_CURVE('',#2092,#2091,#1333,.T.);
#2732=EDGE_CURVE('',#2091,#2093,#875,.T.);
#2733=EDGE_CURVE('',#2094,#2092,#876,.T.);
#2734=EDGE_CURVE('',#2094,#2093,#1334,.T.);
#2735=EDGE_CURVE('',#2093,#2095,#877,.T.);
#2736=EDGE_CURVE('',#2096,#2094,#878,.T.);
#2737=EDGE_CURVE('',#2096,#2095,#1335,.T.);
#2738=EDGE_CURVE('',#2095,#2097,#879,.T.);
#2739=EDGE_CURVE('',#2098,#2096,#880,.T.);
#2740=EDGE_CURVE('',#2098,#2097,#1336,.T.);
#2741=EDGE_CURVE('',#2097,#2099,#881,.T.);
#2742=EDGE_CURVE('',#2100,#2098,#882,.T.);
#2743=EDGE_CURVE('',#2100,#2099,#1337,.T.);
#2744=EDGE_CURVE('',#2099,#2101,#883,.T.);
#2745=EDGE_CURVE('',#2102,#2100,#884,.T.);
#2746=EDGE_CURVE('',#2102,#2101,#1338,.T.);
#2747=EDGE_CURVE('',#2101,#2103,#885,.T.);
#2748=EDGE_CURVE('',#2104,#2102,#886,.T.);
#2749=EDGE_CURVE('',#2104,#2103,#1339,.T.);
#2750=EDGE_CURVE('',#2103,#2105,#887,.T.);
#2751=EDGE_CURVE('',#2106,#2104,#888,.T.);
#2752=EDGE_CURVE('',#2106,#2105,#1340,.T.);
#2753=EDGE_CURVE('',#2105,#2107,#889,.T.);
#2754=EDGE_CURVE('',#2108,#2106,#890,.T.);
#2755=EDGE_CURVE('',#2108,#2107,#1341,.T.);
#2756=EDGE_CURVE('',#2107,#2109,#891,.T.);
#2757=EDGE_CURVE('',#2110,#2108,#892,.T.);
#2758=EDGE_CURVE('',#2110,#2109,#1342,.T.);
#2759=EDGE_CURVE('',#2109,#2111,#893,.T.);
#2760=EDGE_CURVE('',#2112,#2110,#894,.T.);
#2761=EDGE_CURVE('',#2112,#2111,#1343,.T.);
#2762=EDGE_CURVE('',#2111,#2113,#895,.T.);
#2763=EDGE_CURVE('',#2114,#2112,#896,.T.);
#2764=EDGE_CURVE('',#2114,#2113,#1344,.T.);
#2765=EDGE_CURVE('',#2113,#2115,#897,.T.);
#2766=EDGE_CURVE('',#2116,#2114,#898,.T.);
#2767=EDGE_CURVE('',#2116,#2115,#1345,.T.);
#2768=EDGE_CURVE('',#2115,#2117,#899,.T.);
#2769=EDGE_CURVE('',#2118,#2116,#900,.T.);
#2770=EDGE_CURVE('',#2118,#2117,#1346,.T.);
#2771=EDGE_CURVE('',#2117,#2119,#901,.T.);
#2772=EDGE_CURVE('',#2120,#2118,#902,.T.);
#2773=EDGE_CURVE('',#2120,#2119,#1347,.T.);
#2774=EDGE_CURVE('',#2119,#2121,#903,.T.);
#2775=EDGE_CURVE('',#2122,#2120,#904,.T.);
#2776=EDGE_CURVE('',#2122,#2121,#1348,.T.);
#2777=EDGE_CURVE('',#2121,#2123,#905,.T.);
#2778=EDGE_CURVE('',#2124,#2122,#906,.T.);
#2779=EDGE_CURVE('',#2124,#2123,#1349,.T.);
#2780=EDGE_CURVE('',#2123,#2125,#907,.T.);
#2781=EDGE_CURVE('',#2126,#2124,#908,.T.);
#2782=EDGE_CURVE('',#2126,#2125,#1350,.T.);
#2783=EDGE_CURVE('',#2125,#2127,#909,.T.);
#2784=EDGE_CURVE('',#2128,#2126,#910,.T.);
#2785=EDGE_CURVE('',#2128,#2127,#1351,.T.);
#2786=EDGE_CURVE('',#2127,#2129,#911,.T.);
#2787=EDGE_CURVE('',#2130,#2128,#912,.T.);
#2788=EDGE_CURVE('',#2130,#2129,#1352,.T.);
#2789=EDGE_CURVE('',#2129,#2131,#913,.T.);
#2790=EDGE_CURVE('',#2132,#2130,#914,.T.);
#2791=EDGE_CURVE('',#2132,#2131,#1353,.T.);
#2792=EDGE_CURVE('',#2131,#2133,#915,.T.);
#2793=EDGE_CURVE('',#2134,#2132,#916,.T.);
#2794=EDGE_CURVE('',#2134,#2133,#1354,.T.);
#2795=EDGE_CURVE('',#2133,#2135,#917,.T.);
#2796=EDGE_CURVE('',#2136,#2134,#918,.T.);
#2797=EDGE_CURVE('',#2136,#2135,#1355,.T.);
#2798=EDGE_CURVE('',#2135,#2137,#919,.T.);
#2799=EDGE_CURVE('',#2138,#2136,#920,.T.);
#2800=EDGE_CURVE('',#2138,#2137,#1356,.T.);
#2801=EDGE_CURVE('',#2137,#2139,#921,.T.);
#2802=EDGE_CURVE('',#2140,#2138,#922,.T.);
#2803=EDGE_CURVE('',#2140,#2139,#1357,.T.);
#2804=EDGE_CURVE('',#2139,#2141,#923,.T.);
#2805=EDGE_CURVE('',#2142,#2140,#924,.T.);
#2806=EDGE_CURVE('',#2142,#2141,#1358,.T.);
#2807=EDGE_CURVE('',#2141,#2143,#925,.T.);
#2808=EDGE_CURVE('',#2144,#2142,#926,.T.);
#2809=EDGE_CURVE('',#2144,#2143,#1359,.T.);
#2810=EDGE_CURVE('',#2143,#2049,#927,.T.);
#2811=EDGE_CURVE('',#2051,#2144,#928,.T.);
#2812=EDGE_CURVE('',#2145,#2146,#1360,.T.);
#2813=EDGE_CURVE('',#2145,#2147,#1361,.T.);
#2814=EDGE_CURVE('',#2147,#2148,#1362,.T.);
#2815=EDGE_CURVE('',#2146,#2148,#1363,.T.);
#2816=EDGE_CURVE('',#2149,#2145,#1364,.T.);
#2817=EDGE_CURVE('',#2149,#2150,#1365,.T.);
#2818=EDGE_CURVE('',#2150,#2147,#1366,.T.);
#2819=EDGE_CURVE('',#2151,#2149,#1367,.T.);
#2820=EDGE_CURVE('',#2151,#2152,#1368,.T.);
#2821=EDGE_CURVE('',#2152,#2150,#1369,.T.);
#2822=EDGE_CURVE('',#2146,#2151,#1370,.T.);
#2823=EDGE_CURVE('',#2148,#2152,#1371,.T.);
#2824=EDGE_CURVE('',#2153,#2153,#929,.T.);
#2825=EDGE_CURVE('',#2153,#2154,#1372,.T.);
#2826=EDGE_CURVE('',#2154,#2154,#930,.T.);
#2827=ORIENTED_EDGE('',*,*,#2155,.F.);
#2828=ORIENTED_EDGE('',*,*,#2156,.F.);
#2829=ORIENTED_EDGE('',*,*,#2157,.F.);
#2830=ORIENTED_EDGE('',*,*,#2158,.T.);
#2831=ORIENTED_EDGE('',*,*,#2159,.F.);
#2832=ORIENTED_EDGE('',*,*,#2160,.F.);
#2833=ORIENTED_EDGE('',*,*,#2161,.F.);
#2834=ORIENTED_EDGE('',*,*,#2155,.T.);
#2835=ORIENTED_EDGE('',*,*,#2162,.T.);
#2836=ORIENTED_EDGE('',*,*,#2163,.T.);
#2837=ORIENTED_EDGE('',*,*,#2164,.F.);
#2838=ORIENTED_EDGE('',*,*,#2165,.F.);
#2839=ORIENTED_EDGE('',*,*,#2166,.F.);
#2840=ORIENTED_EDGE('',*,*,#2159,.T.);
#2841=ORIENTED_EDGE('',*,*,#2167,.T.);
#2842=ORIENTED_EDGE('',*,*,#2168,.T.);
#2843=ORIENTED_EDGE('',*,*,#2169,.F.);
#2844=ORIENTED_EDGE('',*,*,#2170,.F.);
#2845=ORIENTED_EDGE('',*,*,#2171,.F.);
#2846=ORIENTED_EDGE('',*,*,#2164,.T.);
#2847=ORIENTED_EDGE('',*,*,#2172,.T.);
#2848=ORIENTED_EDGE('',*,*,#2173,.T.);
#2849=ORIENTED_EDGE('',*,*,#2174,.F.);
#2850=ORIENTED_EDGE('',*,*,#2175,.F.);
#2851=ORIENTED_EDGE('',*,*,#2176,.F.);
#2852=ORIENTED_EDGE('',*,*,#2169,.T.);
#2853=ORIENTED_EDGE('',*,*,#2177,.T.);
#2854=ORIENTED_EDGE('',*,*,#2178,.T.);
#2855=ORIENTED_EDGE('',*,*,#2179,.F.);
#2856=ORIENTED_EDGE('',*,*,#2180,.F.);
#2857=ORIENTED_EDGE('',*,*,#2181,.F.);
#2858=ORIENTED_EDGE('',*,*,#2174,.T.);
#2859=ORIENTED_EDGE('',*,*,#2182,.T.);
#2860=ORIENTED_EDGE('',*,*,#2183,.T.);
#2861=ORIENTED_EDGE('',*,*,#2184,.F.);
#2862=ORIENTED_EDGE('',*,*,#2185,.F.);
#2863=ORIENTED_EDGE('',*,*,#2186,.F.);
#2864=ORIENTED_EDGE('',*,*,#2179,.T.);
#2865=ORIENTED_EDGE('',*,*,#2187,.T.);
#2866=ORIENTED_EDGE('',*,*,#2188,.T.);
#2867=ORIENTED_EDGE('',*,*,#2189,.F.);
#2868=ORIENTED_EDGE('',*,*,#2190,.F.);
#2869=ORIENTED_EDGE('',*,*,#2191,.F.);
#2870=ORIENTED_EDGE('',*,*,#2184,.T.);
#2871=ORIENTED_EDGE('',*,*,#2192,.T.);
#2872=ORIENTED_EDGE('',*,*,#2193,.T.);
#2873=ORIENTED_EDGE('',*,*,#2194,.F.);
#2874=ORIENTED_EDGE('',*,*,#2195,.T.);
#2875=ORIENTED_EDGE('',*,*,#2196,.F.);
#2876=ORIENTED_EDGE('',*,*,#2197,.F.);
#2877=ORIENTED_EDGE('',*,*,#2198,.F.);
#2878=ORIENTED_EDGE('',*,*,#2199,.T.);
#2879=ORIENTED_EDGE('',*,*,#2200,.T.);
#2880=ORIENTED_EDGE('',*,*,#2194,.T.);
#2881=ORIENTED_EDGE('',*,*,#2201,.F.);
#2882=ORIENTED_EDGE('',*,*,#2202,.F.);
#2883=ORIENTED_EDGE('',*,*,#2203,.F.);
#2884=ORIENTED_EDGE('',*,*,#2204,.T.);
#2885=ORIENTED_EDGE('',*,*,#2205,.T.);
#2886=ORIENTED_EDGE('',*,*,#2198,.T.);
#2887=ORIENTED_EDGE('',*,*,#2206,.F.);
#2888=ORIENTED_EDGE('',*,*,#2207,.F.);
#2889=ORIENTED_EDGE('',*,*,#2208,.F.);
#2890=ORIENTED_EDGE('',*,*,#2209,.T.);
#2891=ORIENTED_EDGE('',*,*,#2210,.T.);
#2892=ORIENTED_EDGE('',*,*,#2203,.T.);
#2893=ORIENTED_EDGE('',*,*,#2211,.F.);
#2894=ORIENTED_EDGE('',*,*,#2212,.F.);
#2895=ORIENTED_EDGE('',*,*,#2213,.F.);
#2896=ORIENTED_EDGE('',*,*,#2214,.T.);
#2897=ORIENTED_EDGE('',*,*,#2215,.T.);
#2898=ORIENTED_EDGE('',*,*,#2208,.T.);
#2899=ORIENTED_EDGE('',*,*,#2216,.F.);
#2900=ORIENTED_EDGE('',*,*,#2217,.F.);
#2901=ORIENTED_EDGE('',*,*,#2218,.F.);
#2902=ORIENTED_EDGE('',*,*,#2219,.T.);
#2903=ORIENTED_EDGE('',*,*,#2220,.T.);
#2904=ORIENTED_EDGE('',*,*,#2213,.T.);
#2905=ORIENTED_EDGE('',*,*,#2221,.F.);
#2906=ORIENTED_EDGE('',*,*,#2222,.F.);
#2907=ORIENTED_EDGE('',*,*,#2223,.F.);
#2908=ORIENTED_EDGE('',*,*,#2224,.T.);
#2909=ORIENTED_EDGE('',*,*,#2225,.T.);
#2910=ORIENTED_EDGE('',*,*,#2218,.T.);
#2911=ORIENTED_EDGE('',*,*,#2226,.F.);
#2912=ORIENTED_EDGE('',*,*,#2227,.F.);
#2913=ORIENTED_EDGE('',*,*,#2228,.F.);
#2914=ORIENTED_EDGE('',*,*,#2229,.T.);
#2915=ORIENTED_EDGE('',*,*,#2230,.T.);
#2916=ORIENTED_EDGE('',*,*,#2223,.T.);
#2917=ORIENTED_EDGE('',*,*,#2231,.F.);
#2918=ORIENTED_EDGE('',*,*,#2232,.F.);
#2919=ORIENTED_EDGE('',*,*,#2233,.F.);
#2920=ORIENTED_EDGE('',*,*,#2234,.T.);
#2921=ORIENTED_EDGE('',*,*,#2235,.T.);
#2922=ORIENTED_EDGE('',*,*,#2228,.T.);
#2923=ORIENTED_EDGE('',*,*,#2236,.F.);
#2924=ORIENTED_EDGE('',*,*,#2237,.F.);
#2925=ORIENTED_EDGE('',*,*,#2238,.F.);
#2926=ORIENTED_EDGE('',*,*,#2239,.T.);
#2927=ORIENTED_EDGE('',*,*,#2240,.T.);
#2928=ORIENTED_EDGE('',*,*,#2233,.T.);
#2929=ORIENTED_EDGE('',*,*,#2241,.F.);
#2930=ORIENTED_EDGE('',*,*,#2242,.F.);
#2931=ORIENTED_EDGE('',*,*,#2243,.F.);
#2932=ORIENTED_EDGE('',*,*,#2244,.F.);
#2933=ORIENTED_EDGE('',*,*,#2245,.F.);
#2934=ORIENTED_EDGE('',*,*,#2246,.T.);
#2935=ORIENTED_EDGE('',*,*,#2247,.T.);
#2936=ORIENTED_EDGE('',*,*,#2246,.F.);
#2937=ORIENTED_EDGE('',*,*,#2248,.F.);
#2938=ORIENTED_EDGE('',*,*,#2196,.T.);
#2939=ORIENTED_EDGE('',*,*,#2249,.F.);
#2940=ORIENTED_EDGE('',*,*,#2250,.F.);
#2941=ORIENTED_EDGE('',*,*,#2251,.T.);
#2942=ORIENTED_EDGE('',*,*,#2252,.T.);
#2943=ORIENTED_EDGE('',*,*,#2253,.F.);
#2944=ORIENTED_EDGE('',*,*,#2254,.F.);
#2945=ORIENTED_EDGE('',*,*,#2255,.T.);
#2946=ORIENTED_EDGE('',*,*,#2256,.T.);
#2947=ORIENTED_EDGE('',*,*,#2257,.F.);
#2948=ORIENTED_EDGE('',*,*,#2258,.F.);
#2949=ORIENTED_EDGE('',*,*,#2259,.T.);
#2950=ORIENTED_EDGE('',*,*,#2260,.T.);
#2951=ORIENTED_EDGE('',*,*,#2261,.F.);
#2952=ORIENTED_EDGE('',*,*,#2262,.F.);
#2953=ORIENTED_EDGE('',*,*,#2263,.T.);
#2954=ORIENTED_EDGE('',*,*,#2264,.T.);
#2955=ORIENTED_EDGE('',*,*,#2265,.F.);
#2956=ORIENTED_EDGE('',*,*,#2266,.F.);
#2957=ORIENTED_EDGE('',*,*,#2267,.T.);
#2958=ORIENTED_EDGE('',*,*,#2268,.T.);
#2959=ORIENTED_EDGE('',*,*,#2263,.F.);
#2960=ORIENTED_EDGE('',*,*,#2243,.T.);
#2961=ORIENTED_EDGE('',*,*,#2269,.F.);
#2962=ORIENTED_EDGE('',*,*,#2270,.F.);
#2963=ORIENTED_EDGE('',*,*,#2271,.F.);
#2964=ORIENTED_EDGE('',*,*,#2272,.F.);
#2965=ORIENTED_EDGE('',*,*,#2273,.F.);
#2966=ORIENTED_EDGE('',*,*,#2274,.F.);
#2967=ORIENTED_EDGE('',*,*,#2275,.T.);
#2968=ORIENTED_EDGE('',*,*,#2276,.T.);
#2969=ORIENTED_EDGE('',*,*,#2275,.F.);
#2970=ORIENTED_EDGE('',*,*,#2277,.F.);
#2971=ORIENTED_EDGE('',*,*,#2278,.T.);
#2972=ORIENTED_EDGE('',*,*,#2279,.T.);
#2973=ORIENTED_EDGE('',*,*,#2277,.T.);
#2974=ORIENTED_EDGE('',*,*,#2274,.T.);
#2975=ORIENTED_EDGE('',*,*,#2279,.F.);
#2976=ORIENTED_EDGE('',*,*,#2238,.T.);
#2977=ORIENTED_EDGE('',*,*,#2280,.F.);
#2978=ORIENTED_EDGE('',*,*,#2281,.F.);
#2979=ORIENTED_EDGE('',*,*,#2282,.F.);
#2980=ORIENTED_EDGE('',*,*,#2283,.T.);
#2981=ORIENTED_EDGE('',*,*,#2189,.T.);
#2982=ORIENTED_EDGE('',*,*,#2284,.T.);
#2983=ORIENTED_EDGE('',*,*,#2285,.T.);
#2984=ORIENTED_EDGE('',*,*,#2271,.T.);
#2985=ORIENTED_EDGE('',*,*,#2286,.F.);
#2986=ORIENTED_EDGE('',*,*,#2287,.F.);
#2987=ORIENTED_EDGE('',*,*,#2286,.T.);
#2988=ORIENTED_EDGE('',*,*,#2270,.T.);
#2989=ORIENTED_EDGE('',*,*,#2288,.F.);
#2990=ORIENTED_EDGE('',*,*,#2199,.F.);
#2991=ORIENTED_EDGE('',*,*,#2205,.F.);
#2992=ORIENTED_EDGE('',*,*,#2289,.T.);
#2993=ORIENTED_EDGE('',*,*,#2290,.F.);
#2994=ORIENTED_EDGE('',*,*,#2272,.T.);
#2995=ORIENTED_EDGE('',*,*,#2285,.F.);
#2996=ORIENTED_EDGE('',*,*,#2291,.T.);
#2997=ORIENTED_EDGE('',*,*,#2211,.T.);
#2998=ORIENTED_EDGE('',*,*,#2207,.T.);
#2999=ORIENTED_EDGE('',*,*,#2288,.T.);
#3000=ORIENTED_EDGE('',*,*,#2269,.T.);
#3001=ORIENTED_EDGE('',*,*,#2249,.T.);
#3002=ORIENTED_EDGE('',*,*,#2195,.F.);
#3003=ORIENTED_EDGE('',*,*,#2200,.F.);
#3004=ORIENTED_EDGE('',*,*,#2292,.F.);
#3005=ORIENTED_EDGE('',*,*,#2244,.T.);
#3006=ORIENTED_EDGE('',*,*,#2273,.T.);
#3007=ORIENTED_EDGE('',*,*,#2290,.T.);
#3008=ORIENTED_EDGE('',*,*,#2206,.T.);
#3009=ORIENTED_EDGE('',*,*,#2202,.T.);
#3010=ORIENTED_EDGE('',*,*,#2201,.T.);
#3011=ORIENTED_EDGE('',*,*,#2197,.T.);
#3012=ORIENTED_EDGE('',*,*,#2248,.T.);
#3013=ORIENTED_EDGE('',*,*,#2245,.T.);
#3014=ORIENTED_EDGE('',*,*,#2292,.T.);
#3015=ORIENTED_EDGE('',*,*,#2278,.F.);
#3016=ORIENTED_EDGE('',*,*,#2282,.T.);
#3017=ORIENTED_EDGE('',*,*,#2293,.T.);
#3018=ORIENTED_EDGE('',*,*,#2157,.T.);
#3019=ORIENTED_EDGE('',*,*,#2294,.T.);
#3020=ORIENTED_EDGE('',*,*,#2276,.F.);
#3021=ORIENTED_EDGE('',*,*,#2295,.F.);
#3022=ORIENTED_EDGE('',*,*,#2296,.F.);
#3023=ORIENTED_EDGE('',*,*,#2297,.F.);
#3024=ORIENTED_EDGE('',*,*,#2298,.F.);
#3025=ORIENTED_EDGE('',*,*,#2252,.F.);
#3026=ORIENTED_EDGE('',*,*,#2299,.F.);
#3027=ORIENTED_EDGE('',*,*,#2256,.F.);
#3028=ORIENTED_EDGE('',*,*,#2300,.F.);
#3029=ORIENTED_EDGE('',*,*,#2260,.F.);
#3030=ORIENTED_EDGE('',*,*,#2301,.F.);
#3031=ORIENTED_EDGE('',*,*,#2264,.F.);
#3032=ORIENTED_EDGE('',*,*,#2268,.F.);
#3033=ORIENTED_EDGE('',*,*,#2156,.T.);
#3034=ORIENTED_EDGE('',*,*,#2161,.T.);
#3035=ORIENTED_EDGE('',*,*,#2302,.F.);
#3036=ORIENTED_EDGE('',*,*,#2239,.F.);
#3037=ORIENTED_EDGE('',*,*,#2283,.F.);
#3038=ORIENTED_EDGE('',*,*,#2294,.F.);
#3039=ORIENTED_EDGE('',*,*,#2281,.T.);
#3040=ORIENTED_EDGE('',*,*,#2303,.F.);
#3041=ORIENTED_EDGE('',*,*,#2162,.F.);
#3042=ORIENTED_EDGE('',*,*,#2158,.F.);
#3043=ORIENTED_EDGE('',*,*,#2293,.F.);
#3044=ORIENTED_EDGE('',*,*,#2280,.T.);
#3045=ORIENTED_EDGE('',*,*,#2242,.T.);
#3046=ORIENTED_EDGE('',*,*,#2304,.F.);
#3047=ORIENTED_EDGE('',*,*,#2167,.F.);
#3048=ORIENTED_EDGE('',*,*,#2163,.F.);
#3049=ORIENTED_EDGE('',*,*,#2303,.T.);
#3050=ORIENTED_EDGE('',*,*,#2160,.T.);
#3051=ORIENTED_EDGE('',*,*,#2166,.T.);
#3052=ORIENTED_EDGE('',*,*,#2305,.F.);
#3053=ORIENTED_EDGE('',*,*,#2234,.F.);
#3054=ORIENTED_EDGE('',*,*,#2240,.F.);
#3055=ORIENTED_EDGE('',*,*,#2302,.T.);
#3056=ORIENTED_EDGE('',*,*,#2165,.T.);
#3057=ORIENTED_EDGE('',*,*,#2171,.T.);
#3058=ORIENTED_EDGE('',*,*,#2306,.F.);
#3059=ORIENTED_EDGE('',*,*,#2229,.F.);
#3060=ORIENTED_EDGE('',*,*,#2235,.F.);
#3061=ORIENTED_EDGE('',*,*,#2305,.T.);
#3062=ORIENTED_EDGE('',*,*,#2241,.T.);
#3063=ORIENTED_EDGE('',*,*,#2237,.T.);
#3064=ORIENTED_EDGE('',*,*,#2307,.F.);
#3065=ORIENTED_EDGE('',*,*,#2172,.F.);
#3066=ORIENTED_EDGE('',*,*,#2168,.F.);
#3067=ORIENTED_EDGE('',*,*,#2304,.T.);
#3068=ORIENTED_EDGE('',*,*,#2236,.T.);
#3069=ORIENTED_EDGE('',*,*,#2232,.T.);
#3070=ORIENTED_EDGE('',*,*,#2308,.F.);
#3071=ORIENTED_EDGE('',*,*,#2177,.F.);
#3072=ORIENTED_EDGE('',*,*,#2173,.F.);
#3073=ORIENTED_EDGE('',*,*,#2307,.T.);
#3074=ORIENTED_EDGE('',*,*,#2170,.T.);
#3075=ORIENTED_EDGE('',*,*,#2176,.T.);
#3076=ORIENTED_EDGE('',*,*,#2309,.F.);
#3077=ORIENTED_EDGE('',*,*,#2224,.F.);
#3078=ORIENTED_EDGE('',*,*,#2230,.F.);
#3079=ORIENTED_EDGE('',*,*,#2306,.T.);
#3080=ORIENTED_EDGE('',*,*,#2175,.T.);
#3081=ORIENTED_EDGE('',*,*,#2181,.T.);
#3082=ORIENTED_EDGE('',*,*,#2310,.F.);
#3083=ORIENTED_EDGE('',*,*,#2219,.F.);
#3084=ORIENTED_EDGE('',*,*,#2225,.F.);
#3085=ORIENTED_EDGE('',*,*,#2309,.T.);
#3086=ORIENTED_EDGE('',*,*,#2231,.T.);
#3087=ORIENTED_EDGE('',*,*,#2227,.T.);
#3088=ORIENTED_EDGE('',*,*,#2311,.F.);
#3089=ORIENTED_EDGE('',*,*,#2182,.F.);
#3090=ORIENTED_EDGE('',*,*,#2178,.F.);
#3091=ORIENTED_EDGE('',*,*,#2308,.T.);
#3092=ORIENTED_EDGE('',*,*,#2226,.T.);
#3093=ORIENTED_EDGE('',*,*,#2222,.T.);
#3094=ORIENTED_EDGE('',*,*,#2312,.F.);
#3095=ORIENTED_EDGE('',*,*,#2187,.F.);
#3096=ORIENTED_EDGE('',*,*,#2183,.F.);
#3097=ORIENTED_EDGE('',*,*,#2311,.T.);
#3098=ORIENTED_EDGE('',*,*,#2180,.T.);
#3099=ORIENTED_EDGE('',*,*,#2186,.T.);
#3100=ORIENTED_EDGE('',*,*,#2313,.F.);
#3101=ORIENTED_EDGE('',*,*,#2214,.F.);
#3102=ORIENTED_EDGE('',*,*,#2220,.F.);
#3103=ORIENTED_EDGE('',*,*,#2310,.T.);
#3104=ORIENTED_EDGE('',*,*,#2185,.T.);
#3105=ORIENTED_EDGE('',*,*,#2191,.T.);
#3106=ORIENTED_EDGE('',*,*,#2314,.F.);
#3107=ORIENTED_EDGE('',*,*,#2209,.F.);
#3108=ORIENTED_EDGE('',*,*,#2215,.F.);
#3109=ORIENTED_EDGE('',*,*,#2313,.T.);
#3110=ORIENTED_EDGE('',*,*,#2221,.T.);
#3111=ORIENTED_EDGE('',*,*,#2217,.T.);
#3112=ORIENTED_EDGE('',*,*,#2315,.F.);
#3113=ORIENTED_EDGE('',*,*,#2192,.F.);
#3114=ORIENTED_EDGE('',*,*,#2188,.F.);
#3115=ORIENTED_EDGE('',*,*,#2312,.T.);
#3116=ORIENTED_EDGE('',*,*,#2216,.T.);
#3117=ORIENTED_EDGE('',*,*,#2212,.T.);
#3118=ORIENTED_EDGE('',*,*,#2291,.F.);
#3119=ORIENTED_EDGE('',*,*,#2284,.F.);
#3120=ORIENTED_EDGE('',*,*,#2193,.F.);
#3121=ORIENTED_EDGE('',*,*,#2315,.T.);
#3122=ORIENTED_EDGE('',*,*,#2190,.T.);
#3123=ORIENTED_EDGE('',*,*,#2287,.T.);
#3124=ORIENTED_EDGE('',*,*,#2289,.F.);
#3125=ORIENTED_EDGE('',*,*,#2204,.F.);
#3126=ORIENTED_EDGE('',*,*,#2210,.F.);
#3127=ORIENTED_EDGE('',*,*,#2314,.T.);
#3128=ORIENTED_EDGE('',*,*,#2247,.F.);
#3129=ORIENTED_EDGE('',*,*,#2296,.T.);
#3130=ORIENTED_EDGE('',*,*,#2316,.F.);
#3131=ORIENTED_EDGE('',*,*,#2317,.F.);
#3132=ORIENTED_EDGE('',*,*,#2318,.T.);
#3133=ORIENTED_EDGE('',*,*,#2297,.T.);
#3134=ORIENTED_EDGE('',*,*,#2318,.F.);
#3135=ORIENTED_EDGE('',*,*,#2319,.F.);
#3136=ORIENTED_EDGE('',*,*,#2320,.T.);
#3137=ORIENTED_EDGE('',*,*,#2298,.T.);
#3138=ORIENTED_EDGE('',*,*,#2320,.F.);
#3139=ORIENTED_EDGE('',*,*,#2321,.F.);
#3140=ORIENTED_EDGE('',*,*,#2253,.T.);
#3141=ORIENTED_EDGE('',*,*,#2317,.T.);
#3142=ORIENTED_EDGE('',*,*,#2322,.T.);
#3143=ORIENTED_EDGE('',*,*,#2266,.T.);
#3144=ORIENTED_EDGE('',*,*,#2262,.T.);
#3145=ORIENTED_EDGE('',*,*,#2323,.T.);
#3146=ORIENTED_EDGE('',*,*,#2258,.T.);
#3147=ORIENTED_EDGE('',*,*,#2324,.T.);
#3148=ORIENTED_EDGE('',*,*,#2254,.T.);
#3149=ORIENTED_EDGE('',*,*,#2325,.T.);
#3150=ORIENTED_EDGE('',*,*,#2250,.T.);
#3151=ORIENTED_EDGE('',*,*,#2321,.T.);
#3152=ORIENTED_EDGE('',*,*,#2319,.T.);
#3153=ORIENTED_EDGE('',*,*,#2295,.T.);
#3154=ORIENTED_EDGE('',*,*,#2267,.F.);
#3155=ORIENTED_EDGE('',*,*,#2322,.F.);
#3156=ORIENTED_EDGE('',*,*,#2316,.T.);
#3157=ORIENTED_EDGE('',*,*,#2301,.T.);
#3158=ORIENTED_EDGE('',*,*,#2259,.F.);
#3159=ORIENTED_EDGE('',*,*,#2323,.F.);
#3160=ORIENTED_EDGE('',*,*,#2265,.T.);
#3161=ORIENTED_EDGE('',*,*,#2300,.T.);
#3162=ORIENTED_EDGE('',*,*,#2255,.F.);
#3163=ORIENTED_EDGE('',*,*,#2324,.F.);
#3164=ORIENTED_EDGE('',*,*,#2261,.T.);
#3165=ORIENTED_EDGE('',*,*,#2299,.T.);
#3166=ORIENTED_EDGE('',*,*,#2251,.F.);
#3167=ORIENTED_EDGE('',*,*,#2325,.F.);
#3168=ORIENTED_EDGE('',*,*,#2257,.T.);
#3169=ORIENTED_EDGE('',*,*,#2326,.F.);
#3170=ORIENTED_EDGE('',*,*,#2327,.T.);
#3171=ORIENTED_EDGE('',*,*,#2327,.F.);
#3172=ORIENTED_EDGE('',*,*,#2328,.F.);
#3173=ORIENTED_EDGE('',*,*,#2329,.T.);
#3174=ORIENTED_EDGE('',*,*,#2330,.F.);
#3175=ORIENTED_EDGE('',*,*,#2331,.F.);
#3176=ORIENTED_EDGE('',*,*,#2332,.F.);
#3177=ORIENTED_EDGE('',*,*,#2333,.F.);
#3178=ORIENTED_EDGE('',*,*,#2334,.F.);
#3179=ORIENTED_EDGE('',*,*,#2335,.F.);
#3180=ORIENTED_EDGE('',*,*,#2336,.F.);
#3181=ORIENTED_EDGE('',*,*,#2335,.T.);
#3182=ORIENTED_EDGE('',*,*,#2337,.F.);
#3183=ORIENTED_EDGE('',*,*,#2329,.F.);
#3184=ORIENTED_EDGE('',*,*,#2337,.T.);
#3185=ORIENTED_EDGE('',*,*,#2334,.T.);
#3186=ORIENTED_EDGE('',*,*,#2338,.F.);
#3187=ORIENTED_EDGE('',*,*,#2330,.T.);
#3188=ORIENTED_EDGE('',*,*,#2332,.T.);
#3189=ORIENTED_EDGE('',*,*,#2336,.T.);
#3190=ORIENTED_EDGE('',*,*,#2328,.T.);
#3191=ORIENTED_EDGE('',*,*,#2339,.F.);
#3192=ORIENTED_EDGE('',*,*,#2340,.F.);
#3193=ORIENTED_EDGE('',*,*,#2341,.T.);
#3194=ORIENTED_EDGE('',*,*,#2342,.F.);
#3195=ORIENTED_EDGE('',*,*,#2343,.F.);
#3196=ORIENTED_EDGE('',*,*,#2344,.F.);
#3197=ORIENTED_EDGE('',*,*,#2345,.T.);
#3198=ORIENTED_EDGE('',*,*,#2346,.T.);
#3199=ORIENTED_EDGE('',*,*,#2347,.T.);
#3200=ORIENTED_EDGE('',*,*,#2348,.F.);
#3201=ORIENTED_EDGE('',*,*,#2349,.F.);
#3202=ORIENTED_EDGE('',*,*,#2350,.F.);
#3203=ORIENTED_EDGE('',*,*,#2351,.T.);
#3204=ORIENTED_EDGE('',*,*,#2352,.T.);
#3205=ORIENTED_EDGE('',*,*,#2353,.T.);
#3206=ORIENTED_EDGE('',*,*,#2354,.F.);
#3207=ORIENTED_EDGE('',*,*,#2355,.F.);
#3208=ORIENTED_EDGE('',*,*,#2356,.F.);
#3209=ORIENTED_EDGE('',*,*,#2357,.F.);
#3210=ORIENTED_EDGE('',*,*,#2358,.F.);
#3211=ORIENTED_EDGE('',*,*,#2359,.F.);
#3212=ORIENTED_EDGE('',*,*,#2360,.F.);
#3213=ORIENTED_EDGE('',*,*,#2361,.F.);
#3214=ORIENTED_EDGE('',*,*,#2362,.F.);
#3215=ORIENTED_EDGE('',*,*,#2363,.F.);
#3216=ORIENTED_EDGE('',*,*,#2362,.T.);
#3217=ORIENTED_EDGE('',*,*,#2364,.F.);
#3218=ORIENTED_EDGE('',*,*,#2365,.F.);
#3219=ORIENTED_EDGE('',*,*,#2366,.F.);
#3220=ORIENTED_EDGE('',*,*,#2365,.T.);
#3221=ORIENTED_EDGE('',*,*,#2367,.F.);
#3222=ORIENTED_EDGE('',*,*,#2368,.F.);
#3223=ORIENTED_EDGE('',*,*,#2369,.F.);
#3224=ORIENTED_EDGE('',*,*,#2367,.T.);
#3225=ORIENTED_EDGE('',*,*,#2364,.T.);
#3226=ORIENTED_EDGE('',*,*,#2361,.T.);
#3227=ORIENTED_EDGE('',*,*,#2359,.T.);
#3228=ORIENTED_EDGE('',*,*,#2363,.T.);
#3229=ORIENTED_EDGE('',*,*,#2366,.T.);
#3230=ORIENTED_EDGE('',*,*,#2370,.F.);
#3231=ORIENTED_EDGE('',*,*,#2371,.F.);
#3232=ORIENTED_EDGE('',*,*,#2372,.T.);
#3233=ORIENTED_EDGE('',*,*,#2373,.F.);
#3234=ORIENTED_EDGE('',*,*,#2374,.F.);
#3235=ORIENTED_EDGE('',*,*,#2375,.F.);
#3236=ORIENTED_EDGE('',*,*,#2376,.T.);
#3237=ORIENTED_EDGE('',*,*,#2377,.T.);
#3238=ORIENTED_EDGE('',*,*,#2378,.T.);
#3239=ORIENTED_EDGE('',*,*,#2379,.F.);
#3240=ORIENTED_EDGE('',*,*,#2380,.F.);
#3241=ORIENTED_EDGE('',*,*,#2381,.F.);
#3242=ORIENTED_EDGE('',*,*,#2382,.T.);
#3243=ORIENTED_EDGE('',*,*,#2383,.T.);
#3244=ORIENTED_EDGE('',*,*,#2384,.T.);
#3245=ORIENTED_EDGE('',*,*,#2385,.F.);
#3246=ORIENTED_EDGE('',*,*,#2386,.F.);
#3247=ORIENTED_EDGE('',*,*,#2387,.F.);
#3248=ORIENTED_EDGE('',*,*,#2388,.F.);
#3249=ORIENTED_EDGE('',*,*,#2389,.F.);
#3250=ORIENTED_EDGE('',*,*,#2390,.F.);
#3251=ORIENTED_EDGE('',*,*,#2387,.T.);
#3252=ORIENTED_EDGE('',*,*,#2391,.T.);
#3253=ORIENTED_EDGE('',*,*,#2392,.T.);
#3254=ORIENTED_EDGE('',*,*,#2393,.T.);
#3255=ORIENTED_EDGE('',*,*,#2392,.F.);
#3256=ORIENTED_EDGE('',*,*,#2394,.F.);
#3257=ORIENTED_EDGE('',*,*,#2395,.F.);
#3258=ORIENTED_EDGE('',*,*,#2396,.T.);
#3259=ORIENTED_EDGE('',*,*,#2397,.T.);
#3260=ORIENTED_EDGE('',*,*,#2398,.T.);
#3261=ORIENTED_EDGE('',*,*,#2399,.F.);
#3262=ORIENTED_EDGE('',*,*,#2400,.F.);
#3263=ORIENTED_EDGE('',*,*,#2401,.F.);
#3264=ORIENTED_EDGE('',*,*,#2402,.T.);
#3265=ORIENTED_EDGE('',*,*,#2403,.T.);
#3266=ORIENTED_EDGE('',*,*,#2404,.T.);
#3267=ORIENTED_EDGE('',*,*,#2405,.F.);
#3268=ORIENTED_EDGE('',*,*,#2406,.F.);
#3269=ORIENTED_EDGE('',*,*,#2407,.F.);
#3270=ORIENTED_EDGE('',*,*,#2408,.T.);
#3271=ORIENTED_EDGE('',*,*,#2409,.F.);
#3272=ORIENTED_EDGE('',*,*,#2410,.F.);
#3273=ORIENTED_EDGE('',*,*,#2411,.F.);
#3274=ORIENTED_EDGE('',*,*,#2412,.T.);
#3275=ORIENTED_EDGE('',*,*,#2391,.F.);
#3276=ORIENTED_EDGE('',*,*,#2386,.T.);
#3277=ORIENTED_EDGE('',*,*,#2413,.F.);
#3278=ORIENTED_EDGE('',*,*,#2394,.T.);
#3279=ORIENTED_EDGE('',*,*,#2395,.T.);
#3280=ORIENTED_EDGE('',*,*,#2413,.T.);
#3281=ORIENTED_EDGE('',*,*,#2385,.T.);
#3282=ORIENTED_EDGE('',*,*,#2414,.T.);
#3283=ORIENTED_EDGE('',*,*,#2381,.T.);
#3284=ORIENTED_EDGE('',*,*,#2415,.T.);
#3285=ORIENTED_EDGE('',*,*,#2399,.T.);
#3286=ORIENTED_EDGE('',*,*,#2416,.T.);
#3287=ORIENTED_EDGE('',*,*,#2415,.F.);
#3288=ORIENTED_EDGE('',*,*,#2380,.T.);
#3289=ORIENTED_EDGE('',*,*,#2417,.F.);
#3290=ORIENTED_EDGE('',*,*,#2400,.T.);
#3291=ORIENTED_EDGE('',*,*,#2401,.T.);
#3292=ORIENTED_EDGE('',*,*,#2417,.T.);
#3293=ORIENTED_EDGE('',*,*,#2379,.T.);
#3294=ORIENTED_EDGE('',*,*,#2418,.T.);
#3295=ORIENTED_EDGE('',*,*,#2375,.T.);
#3296=ORIENTED_EDGE('',*,*,#2419,.T.);
#3297=ORIENTED_EDGE('',*,*,#2405,.T.);
#3298=ORIENTED_EDGE('',*,*,#2420,.T.);
#3299=ORIENTED_EDGE('',*,*,#2420,.F.);
#3300=ORIENTED_EDGE('',*,*,#2404,.F.);
#3301=ORIENTED_EDGE('',*,*,#2421,.F.);
#3302=ORIENTED_EDGE('',*,*,#2376,.F.);
#3303=ORIENTED_EDGE('',*,*,#2407,.T.);
#3304=ORIENTED_EDGE('',*,*,#2422,.T.);
#3305=ORIENTED_EDGE('',*,*,#2373,.T.);
#3306=ORIENTED_EDGE('',*,*,#2423,.T.);
#3307=ORIENTED_EDGE('',*,*,#2423,.F.);
#3308=ORIENTED_EDGE('',*,*,#2372,.F.);
#3309=ORIENTED_EDGE('',*,*,#2424,.F.);
#3310=ORIENTED_EDGE('',*,*,#2425,.F.);
#3311=ORIENTED_EDGE('',*,*,#2426,.F.);
#3312=ORIENTED_EDGE('',*,*,#2427,.F.);
#3313=ORIENTED_EDGE('',*,*,#2356,.T.);
#3314=ORIENTED_EDGE('',*,*,#2428,.F.);
#3315=ORIENTED_EDGE('',*,*,#2429,.F.);
#3316=ORIENTED_EDGE('',*,*,#2430,.F.);
#3317=ORIENTED_EDGE('',*,*,#2431,.T.);
#3318=ORIENTED_EDGE('',*,*,#2432,.T.);
#3319=ORIENTED_EDGE('',*,*,#2433,.F.);
#3320=ORIENTED_EDGE('',*,*,#2434,.T.);
#3321=ORIENTED_EDGE('',*,*,#2435,.T.);
#3322=ORIENTED_EDGE('',*,*,#2436,.F.);
#3323=ORIENTED_EDGE('',*,*,#2408,.F.);
#3324=ORIENTED_EDGE('',*,*,#2437,.T.);
#3325=ORIENTED_EDGE('',*,*,#2438,.T.);
#3326=ORIENTED_EDGE('',*,*,#2342,.T.);
#3327=ORIENTED_EDGE('',*,*,#2439,.T.);
#3328=ORIENTED_EDGE('',*,*,#2438,.F.);
#3329=ORIENTED_EDGE('',*,*,#2440,.T.);
#3330=ORIENTED_EDGE('',*,*,#2441,.F.);
#3331=ORIENTED_EDGE('',*,*,#2343,.T.);
#3332=ORIENTED_EDGE('',*,*,#2344,.T.);
#3333=ORIENTED_EDGE('',*,*,#2441,.T.);
#3334=ORIENTED_EDGE('',*,*,#2442,.T.);
#3335=ORIENTED_EDGE('',*,*,#2443,.T.);
#3336=ORIENTED_EDGE('',*,*,#2444,.T.);
#3337=ORIENTED_EDGE('',*,*,#2445,.T.);
#3338=ORIENTED_EDGE('',*,*,#2348,.T.);
#3339=ORIENTED_EDGE('',*,*,#2446,.T.);
#3340=ORIENTED_EDGE('',*,*,#2445,.F.);
#3341=ORIENTED_EDGE('',*,*,#2447,.T.);
#3342=ORIENTED_EDGE('',*,*,#2448,.F.);
#3343=ORIENTED_EDGE('',*,*,#2349,.T.);
#3344=ORIENTED_EDGE('',*,*,#2350,.T.);
#3345=ORIENTED_EDGE('',*,*,#2448,.T.);
#3346=ORIENTED_EDGE('',*,*,#2449,.T.);
#3347=ORIENTED_EDGE('',*,*,#2450,.T.);
#3348=ORIENTED_EDGE('',*,*,#2355,.T.);
#3349=ORIENTED_EDGE('',*,*,#2451,.T.);
#3350=ORIENTED_EDGE('',*,*,#2452,.T.);
#3351=ORIENTED_EDGE('',*,*,#2428,.T.);
#3352=ORIENTED_EDGE('',*,*,#2453,.F.);
#3353=ORIENTED_EDGE('',*,*,#2454,.T.);
#3354=ORIENTED_EDGE('',*,*,#2455,.T.);
#3355=ORIENTED_EDGE('',*,*,#2456,.T.);
#3356=ORIENTED_EDGE('',*,*,#2456,.F.);
#3357=ORIENTED_EDGE('',*,*,#2457,.F.);
#3358=ORIENTED_EDGE('',*,*,#2458,.F.);
#3359=ORIENTED_EDGE('',*,*,#2459,.F.);
#3360=ORIENTED_EDGE('',*,*,#2460,.T.);
#3361=ORIENTED_EDGE('',*,*,#2461,.T.);
#3362=ORIENTED_EDGE('',*,*,#2462,.T.);
#3363=ORIENTED_EDGE('',*,*,#2458,.T.);
#3364=ORIENTED_EDGE('',*,*,#2460,.F.);
#3365=ORIENTED_EDGE('',*,*,#2457,.T.);
#3366=ORIENTED_EDGE('',*,*,#2455,.F.);
#3367=ORIENTED_EDGE('',*,*,#2463,.F.);
#3368=ORIENTED_EDGE('',*,*,#2464,.F.);
#3369=ORIENTED_EDGE('',*,*,#2465,.F.);
#3370=ORIENTED_EDGE('',*,*,#2463,.T.);
#3371=ORIENTED_EDGE('',*,*,#2466,.T.);
#3372=ORIENTED_EDGE('',*,*,#2467,.T.);
#3373=ORIENTED_EDGE('',*,*,#2426,.T.);
#3374=ORIENTED_EDGE('',*,*,#2468,.T.);
#3375=ORIENTED_EDGE('',*,*,#2425,.T.);
#3376=ORIENTED_EDGE('',*,*,#2469,.T.);
#3377=ORIENTED_EDGE('',*,*,#2470,.F.);
#3378=ORIENTED_EDGE('',*,*,#2471,.T.);
#3379=ORIENTED_EDGE('',*,*,#2468,.F.);
#3380=ORIENTED_EDGE('',*,*,#2472,.T.);
#3381=ORIENTED_EDGE('',*,*,#2473,.T.);
#3382=ORIENTED_EDGE('',*,*,#2474,.T.);
#3383=ORIENTED_EDGE('',*,*,#2475,.T.);
#3384=ORIENTED_EDGE('',*,*,#2472,.F.);
#3385=ORIENTED_EDGE('',*,*,#2476,.T.);
#3386=ORIENTED_EDGE('',*,*,#2467,.F.);
#3387=ORIENTED_EDGE('',*,*,#2477,.T.);
#3388=ORIENTED_EDGE('',*,*,#2478,.T.);
#3389=ORIENTED_EDGE('',*,*,#2479,.T.);
#3390=ORIENTED_EDGE('',*,*,#2480,.T.);
#3391=ORIENTED_EDGE('',*,*,#2481,.T.);
#3392=ORIENTED_EDGE('',*,*,#2482,.T.);
#3393=ORIENTED_EDGE('',*,*,#2483,.F.);
#3394=ORIENTED_EDGE('',*,*,#2484,.T.);
#3395=ORIENTED_EDGE('',*,*,#2485,.T.);
#3396=ORIENTED_EDGE('',*,*,#2481,.F.);
#3397=ORIENTED_EDGE('',*,*,#2478,.F.);
#3398=ORIENTED_EDGE('',*,*,#2486,.T.);
#3399=ORIENTED_EDGE('',*,*,#2474,.F.);
#3400=ORIENTED_EDGE('',*,*,#2487,.T.);
#3401=ORIENTED_EDGE('',*,*,#2488,.F.);
#3402=ORIENTED_EDGE('',*,*,#2489,.T.);
#3403=ORIENTED_EDGE('',*,*,#2490,.T.);
#3404=ORIENTED_EDGE('',*,*,#2487,.F.);
#3405=ORIENTED_EDGE('',*,*,#2491,.T.);
#3406=ORIENTED_EDGE('',*,*,#2484,.F.);
#3407=ORIENTED_EDGE('',*,*,#2469,.F.);
#3408=ORIENTED_EDGE('',*,*,#2492,.T.);
#3409=ORIENTED_EDGE('',*,*,#2489,.F.);
#3410=ORIENTED_EDGE('',*,*,#2471,.F.);
#3411=ORIENTED_EDGE('',*,*,#2493,.F.);
#3412=ORIENTED_EDGE('',*,*,#2482,.F.);
#3413=ORIENTED_EDGE('',*,*,#2494,.F.);
#3414=ORIENTED_EDGE('',*,*,#2486,.F.);
#3415=ORIENTED_EDGE('',*,*,#2495,.T.);
#3416=ORIENTED_EDGE('',*,*,#2340,.T.);
#3417=ORIENTED_EDGE('',*,*,#2496,.T.);
#3418=ORIENTED_EDGE('',*,*,#2393,.F.);
#3419=ORIENTED_EDGE('',*,*,#2412,.F.);
#3420=ORIENTED_EDGE('',*,*,#2497,.F.);
#3421=ORIENTED_EDGE('',*,*,#2498,.T.);
#3422=ORIENTED_EDGE('',*,*,#2499,.T.);
#3423=ORIENTED_EDGE('',*,*,#2500,.F.);
#3424=ORIENTED_EDGE('',*,*,#2501,.T.);
#3425=ORIENTED_EDGE('',*,*,#2502,.T.);
#3426=ORIENTED_EDGE('',*,*,#2503,.F.);
#3427=ORIENTED_EDGE('',*,*,#2504,.F.);
#3428=ORIENTED_EDGE('',*,*,#2439,.F.);
#3429=ORIENTED_EDGE('',*,*,#2341,.F.);
#3430=ORIENTED_EDGE('',*,*,#2495,.F.);
#3431=ORIENTED_EDGE('',*,*,#2477,.F.);
#3432=ORIENTED_EDGE('',*,*,#2485,.F.);
#3433=ORIENTED_EDGE('',*,*,#2505,.F.);
#3434=ORIENTED_EDGE('',*,*,#2388,.T.);
#3435=ORIENTED_EDGE('',*,*,#2491,.F.);
#3436=ORIENTED_EDGE('',*,*,#2506,.T.);
#3437=ORIENTED_EDGE('',*,*,#2389,.T.);
#3438=ORIENTED_EDGE('',*,*,#2505,.T.);
#3439=ORIENTED_EDGE('',*,*,#2360,.T.);
#3440=ORIENTED_EDGE('',*,*,#2390,.T.);
#3441=ORIENTED_EDGE('',*,*,#2506,.F.);
#3442=ORIENTED_EDGE('',*,*,#2490,.F.);
#3443=ORIENTED_EDGE('',*,*,#2507,.F.);
#3444=ORIENTED_EDGE('',*,*,#2370,.T.);
#3445=ORIENTED_EDGE('',*,*,#2368,.T.);
#3446=ORIENTED_EDGE('',*,*,#2369,.T.);
#3447=ORIENTED_EDGE('',*,*,#2333,.T.);
#3448=ORIENTED_EDGE('',*,*,#2358,.T.);
#3449=ORIENTED_EDGE('',*,*,#2508,.F.);
#3450=ORIENTED_EDGE('',*,*,#2475,.F.);
#3451=ORIENTED_EDGE('',*,*,#2496,.F.);
#3452=ORIENTED_EDGE('',*,*,#2339,.T.);
#3453=ORIENTED_EDGE('',*,*,#2331,.T.);
#3454=ORIENTED_EDGE('',*,*,#2338,.T.);
#3455=ORIENTED_EDGE('',*,*,#2509,.T.);
#3456=ORIENTED_EDGE('',*,*,#2510,.T.);
#3457=ORIENTED_EDGE('',*,*,#2511,.T.);
#3458=ORIENTED_EDGE('',*,*,#2503,.T.);
#3459=ORIENTED_EDGE('',*,*,#2509,.F.);
#3460=ORIENTED_EDGE('',*,*,#2502,.F.);
#3461=ORIENTED_EDGE('',*,*,#2512,.F.);
#3462=ORIENTED_EDGE('',*,*,#2513,.F.);
#3463=ORIENTED_EDGE('',*,*,#2514,.T.);
#3464=ORIENTED_EDGE('',*,*,#2515,.T.);
#3465=ORIENTED_EDGE('',*,*,#2497,.T.);
#3466=ORIENTED_EDGE('',*,*,#2411,.T.);
#3467=ORIENTED_EDGE('',*,*,#2516,.T.);
#3468=ORIENTED_EDGE('',*,*,#2516,.F.);
#3469=ORIENTED_EDGE('',*,*,#2410,.T.);
#3470=ORIENTED_EDGE('',*,*,#2517,.F.);
#3471=ORIENTED_EDGE('',*,*,#2518,.T.);
#3472=ORIENTED_EDGE('',*,*,#2519,.T.);
#3473=ORIENTED_EDGE('',*,*,#2520,.F.);
#3474=ORIENTED_EDGE('',*,*,#2521,.F.);
#3475=ORIENTED_EDGE('',*,*,#2522,.T.);
#3476=ORIENTED_EDGE('',*,*,#2523,.F.);
#3477=ORIENTED_EDGE('',*,*,#2524,.T.);
#3478=ORIENTED_EDGE('',*,*,#2525,.F.);
#3479=ORIENTED_EDGE('',*,*,#2526,.T.);
#3480=ORIENTED_EDGE('',*,*,#2527,.F.);
#3481=ORIENTED_EDGE('',*,*,#2528,.T.);
#3482=ORIENTED_EDGE('',*,*,#2529,.T.);
#3483=ORIENTED_EDGE('',*,*,#2530,.T.);
#3484=ORIENTED_EDGE('',*,*,#2476,.F.);
#3485=ORIENTED_EDGE('',*,*,#2508,.T.);
#3486=ORIENTED_EDGE('',*,*,#2357,.T.);
#3487=ORIENTED_EDGE('',*,*,#2427,.T.);
#3488=ORIENTED_EDGE('',*,*,#2454,.F.);
#3489=ORIENTED_EDGE('',*,*,#2479,.F.);
#3490=ORIENTED_EDGE('',*,*,#2473,.F.);
#3491=ORIENTED_EDGE('',*,*,#2466,.F.);
#3492=ORIENTED_EDGE('',*,*,#2531,.T.);
#3493=ORIENTED_EDGE('',*,*,#2430,.T.);
#3494=ORIENTED_EDGE('',*,*,#2532,.T.);
#3495=ORIENTED_EDGE('',*,*,#2533,.T.);
#3496=ORIENTED_EDGE('',*,*,#2510,.F.);
#3497=ORIENTED_EDGE('',*,*,#2513,.T.);
#3498=ORIENTED_EDGE('',*,*,#2534,.T.);
#3499=ORIENTED_EDGE('',*,*,#2535,.F.);
#3500=ORIENTED_EDGE('',*,*,#2536,.T.);
#3501=ORIENTED_EDGE('',*,*,#2537,.T.);
#3502=ORIENTED_EDGE('',*,*,#2533,.F.);
#3503=ORIENTED_EDGE('',*,*,#2538,.T.);
#3504=ORIENTED_EDGE('',*,*,#2492,.F.);
#3505=ORIENTED_EDGE('',*,*,#2424,.T.);
#3506=ORIENTED_EDGE('',*,*,#2371,.T.);
#3507=ORIENTED_EDGE('',*,*,#2507,.T.);
#3508=ORIENTED_EDGE('',*,*,#2539,.T.);
#3509=ORIENTED_EDGE('',*,*,#2517,.T.);
#3510=ORIENTED_EDGE('',*,*,#2409,.T.);
#3511=ORIENTED_EDGE('',*,*,#2436,.T.);
#3512=ORIENTED_EDGE('',*,*,#2540,.F.);
#3513=ORIENTED_EDGE('',*,*,#2541,.T.);
#3514=ORIENTED_EDGE('',*,*,#2542,.F.);
#3515=ORIENTED_EDGE('',*,*,#2541,.F.);
#3516=ORIENTED_EDGE('',*,*,#2540,.T.);
#3517=ORIENTED_EDGE('',*,*,#2326,.T.);
#3518=ORIENTED_EDGE('',*,*,#2543,.F.);
#3519=ORIENTED_EDGE('',*,*,#2544,.T.);
#3520=ORIENTED_EDGE('',*,*,#2545,.T.);
#3521=ORIENTED_EDGE('',*,*,#2546,.F.);
#3522=ORIENTED_EDGE('',*,*,#2547,.F.);
#3523=ORIENTED_EDGE('',*,*,#2548,.T.);
#3524=ORIENTED_EDGE('',*,*,#2549,.T.);
#3525=ORIENTED_EDGE('',*,*,#2544,.F.);
#3526=ORIENTED_EDGE('',*,*,#2550,.F.);
#3527=ORIENTED_EDGE('',*,*,#2551,.T.);
#3528=ORIENTED_EDGE('',*,*,#2552,.T.);
#3529=ORIENTED_EDGE('',*,*,#2548,.F.);
#3530=ORIENTED_EDGE('',*,*,#2553,.F.);
#3531=ORIENTED_EDGE('',*,*,#2546,.T.);
#3532=ORIENTED_EDGE('',*,*,#2554,.T.);
#3533=ORIENTED_EDGE('',*,*,#2551,.F.);
#3534=ORIENTED_EDGE('',*,*,#2554,.F.);
#3535=ORIENTED_EDGE('',*,*,#2545,.F.);
#3536=ORIENTED_EDGE('',*,*,#2549,.F.);
#3537=ORIENTED_EDGE('',*,*,#2552,.F.);
#3538=ORIENTED_EDGE('',*,*,#2462,.F.);
#3539=ORIENTED_EDGE('',*,*,#2555,.F.);
#3540=ORIENTED_EDGE('',*,*,#2556,.T.);
#3541=ORIENTED_EDGE('',*,*,#2480,.F.);
#3542=ORIENTED_EDGE('',*,*,#2453,.T.);
#3543=ORIENTED_EDGE('',*,*,#2459,.T.);
#3544=ORIENTED_EDGE('',*,*,#2494,.T.);
#3545=ORIENTED_EDGE('',*,*,#2556,.F.);
#3546=ORIENTED_EDGE('',*,*,#2557,.F.);
#3547=ORIENTED_EDGE('',*,*,#2464,.T.);
#3548=ORIENTED_EDGE('',*,*,#2461,.F.);
#3549=ORIENTED_EDGE('',*,*,#2465,.T.);
#3550=ORIENTED_EDGE('',*,*,#2557,.T.);
#3551=ORIENTED_EDGE('',*,*,#2555,.T.);
#3552=ORIENTED_EDGE('',*,*,#2543,.T.);
#3553=ORIENTED_EDGE('',*,*,#2553,.T.);
#3554=ORIENTED_EDGE('',*,*,#2550,.T.);
#3555=ORIENTED_EDGE('',*,*,#2547,.T.);
#3556=ORIENTED_EDGE('',*,*,#2558,.F.);
#3557=ORIENTED_EDGE('',*,*,#2559,.T.);
#3558=ORIENTED_EDGE('',*,*,#2493,.T.);
#3559=ORIENTED_EDGE('',*,*,#2560,.F.);
#3560=ORIENTED_EDGE('',*,*,#2561,.F.);
#3561=ORIENTED_EDGE('',*,*,#2562,.T.);
#3562=ORIENTED_EDGE('',*,*,#2483,.T.);
#3563=ORIENTED_EDGE('',*,*,#2559,.F.);
#3564=ORIENTED_EDGE('',*,*,#2563,.F.);
#3565=ORIENTED_EDGE('',*,*,#2564,.T.);
#3566=ORIENTED_EDGE('',*,*,#2488,.T.);
#3567=ORIENTED_EDGE('',*,*,#2562,.F.);
#3568=ORIENTED_EDGE('',*,*,#2565,.F.);
#3569=ORIENTED_EDGE('',*,*,#2560,.T.);
#3570=ORIENTED_EDGE('',*,*,#2470,.T.);
#3571=ORIENTED_EDGE('',*,*,#2564,.F.);
#3572=ORIENTED_EDGE('',*,*,#2558,.T.);
#3573=ORIENTED_EDGE('',*,*,#2565,.T.);
#3574=ORIENTED_EDGE('',*,*,#2563,.T.);
#3575=ORIENTED_EDGE('',*,*,#2561,.T.);
#3576=ORIENTED_EDGE('',*,*,#2542,.T.);
#3577=ORIENTED_EDGE('',*,*,#2446,.F.);
#3578=ORIENTED_EDGE('',*,*,#2347,.F.);
#3579=ORIENTED_EDGE('',*,*,#2566,.T.);
#3580=ORIENTED_EDGE('',*,*,#2567,.F.);
#3581=ORIENTED_EDGE('',*,*,#2568,.F.);
#3582=ORIENTED_EDGE('',*,*,#2566,.F.);
#3583=ORIENTED_EDGE('',*,*,#2346,.F.);
#3584=ORIENTED_EDGE('',*,*,#2569,.T.);
#3585=ORIENTED_EDGE('',*,*,#2443,.F.);
#3586=ORIENTED_EDGE('',*,*,#2570,.F.);
#3587=ORIENTED_EDGE('',*,*,#2569,.F.);
#3588=ORIENTED_EDGE('',*,*,#2345,.F.);
#3589=ORIENTED_EDGE('',*,*,#2571,.F.);
#3590=ORIENTED_EDGE('',*,*,#2572,.F.);
#3591=ORIENTED_EDGE('',*,*,#2353,.F.);
#3592=ORIENTED_EDGE('',*,*,#2573,.T.);
#3593=ORIENTED_EDGE('',*,*,#2574,.F.);
#3594=ORIENTED_EDGE('',*,*,#2573,.F.);
#3595=ORIENTED_EDGE('',*,*,#2352,.F.);
#3596=ORIENTED_EDGE('',*,*,#2575,.T.);
#3597=ORIENTED_EDGE('',*,*,#2450,.F.);
#3598=ORIENTED_EDGE('',*,*,#2576,.F.);
#3599=ORIENTED_EDGE('',*,*,#2575,.F.);
#3600=ORIENTED_EDGE('',*,*,#2351,.F.);
#3601=ORIENTED_EDGE('',*,*,#2414,.F.);
#3602=ORIENTED_EDGE('',*,*,#2384,.F.);
#3603=ORIENTED_EDGE('',*,*,#2577,.T.);
#3604=ORIENTED_EDGE('',*,*,#2396,.F.);
#3605=ORIENTED_EDGE('',*,*,#2397,.F.);
#3606=ORIENTED_EDGE('',*,*,#2577,.F.);
#3607=ORIENTED_EDGE('',*,*,#2383,.F.);
#3608=ORIENTED_EDGE('',*,*,#2578,.T.);
#3609=ORIENTED_EDGE('',*,*,#2416,.F.);
#3610=ORIENTED_EDGE('',*,*,#2398,.F.);
#3611=ORIENTED_EDGE('',*,*,#2578,.F.);
#3612=ORIENTED_EDGE('',*,*,#2382,.F.);
#3613=ORIENTED_EDGE('',*,*,#2403,.F.);
#3614=ORIENTED_EDGE('',*,*,#2579,.F.);
#3615=ORIENTED_EDGE('',*,*,#2377,.F.);
#3616=ORIENTED_EDGE('',*,*,#2421,.T.);
#3617=ORIENTED_EDGE('',*,*,#2418,.F.);
#3618=ORIENTED_EDGE('',*,*,#2378,.F.);
#3619=ORIENTED_EDGE('',*,*,#2579,.T.);
#3620=ORIENTED_EDGE('',*,*,#2402,.F.);
#3621=ORIENTED_EDGE('',*,*,#2451,.F.);
#3622=ORIENTED_EDGE('',*,*,#2354,.T.);
#3623=ORIENTED_EDGE('',*,*,#2572,.T.);
#3624=ORIENTED_EDGE('',*,*,#2580,.T.);
#3625=ORIENTED_EDGE('',*,*,#2419,.F.);
#3626=ORIENTED_EDGE('',*,*,#2374,.T.);
#3627=ORIENTED_EDGE('',*,*,#2422,.F.);
#3628=ORIENTED_EDGE('',*,*,#2406,.T.);
#3629=ORIENTED_EDGE('',*,*,#2437,.F.);
#3630=ORIENTED_EDGE('',*,*,#2504,.T.);
#3631=ORIENTED_EDGE('',*,*,#2511,.F.);
#3632=ORIENTED_EDGE('',*,*,#2538,.F.);
#3633=ORIENTED_EDGE('',*,*,#2532,.F.);
#3634=ORIENTED_EDGE('',*,*,#2429,.T.);
#3635=ORIENTED_EDGE('',*,*,#2452,.F.);
#3636=ORIENTED_EDGE('',*,*,#2580,.F.);
#3637=ORIENTED_EDGE('',*,*,#2571,.T.);
#3638=ORIENTED_EDGE('',*,*,#2574,.T.);
#3639=ORIENTED_EDGE('',*,*,#2576,.T.);
#3640=ORIENTED_EDGE('',*,*,#2449,.F.);
#3641=ORIENTED_EDGE('',*,*,#2447,.F.);
#3642=ORIENTED_EDGE('',*,*,#2444,.F.);
#3643=ORIENTED_EDGE('',*,*,#2567,.T.);
#3644=ORIENTED_EDGE('',*,*,#2568,.T.);
#3645=ORIENTED_EDGE('',*,*,#2570,.T.);
#3646=ORIENTED_EDGE('',*,*,#2442,.F.);
#3647=ORIENTED_EDGE('',*,*,#2440,.F.);
#3648=ORIENTED_EDGE('',*,*,#2581,.T.);
#3649=ORIENTED_EDGE('',*,*,#2582,.T.);
#3650=ORIENTED_EDGE('',*,*,#2527,.T.);
#3651=ORIENTED_EDGE('',*,*,#2583,.T.);
#3652=ORIENTED_EDGE('',*,*,#2581,.F.);
#3653=ORIENTED_EDGE('',*,*,#2584,.T.);
#3654=ORIENTED_EDGE('',*,*,#2585,.F.);
#3655=ORIENTED_EDGE('',*,*,#2586,.T.);
#3656=ORIENTED_EDGE('',*,*,#2587,.F.);
#3657=ORIENTED_EDGE('',*,*,#2588,.T.);
#3658=ORIENTED_EDGE('',*,*,#2589,.F.);
#3659=ORIENTED_EDGE('',*,*,#2590,.T.);
#3660=ORIENTED_EDGE('',*,*,#2591,.T.);
#3661=ORIENTED_EDGE('',*,*,#2592,.T.);
#3662=ORIENTED_EDGE('',*,*,#2593,.T.);
#3663=ORIENTED_EDGE('',*,*,#2594,.T.);
#3664=ORIENTED_EDGE('',*,*,#2583,.F.);
#3665=ORIENTED_EDGE('',*,*,#2526,.F.);
#3666=ORIENTED_EDGE('',*,*,#2595,.F.);
#3667=ORIENTED_EDGE('',*,*,#2584,.F.);
#3668=ORIENTED_EDGE('',*,*,#2585,.T.);
#3669=ORIENTED_EDGE('',*,*,#2595,.T.);
#3670=ORIENTED_EDGE('',*,*,#2525,.T.);
#3671=ORIENTED_EDGE('',*,*,#2596,.T.);
#3672=ORIENTED_EDGE('',*,*,#2589,.T.);
#3673=ORIENTED_EDGE('',*,*,#2597,.T.);
#3674=ORIENTED_EDGE('',*,*,#2521,.T.);
#3675=ORIENTED_EDGE('',*,*,#2598,.T.);
#3676=ORIENTED_EDGE('',*,*,#2597,.F.);
#3677=ORIENTED_EDGE('',*,*,#2588,.F.);
#3678=ORIENTED_EDGE('',*,*,#2599,.F.);
#3679=ORIENTED_EDGE('',*,*,#2522,.F.);
#3680=ORIENTED_EDGE('',*,*,#2587,.T.);
#3681=ORIENTED_EDGE('',*,*,#2600,.T.);
#3682=ORIENTED_EDGE('',*,*,#2523,.T.);
#3683=ORIENTED_EDGE('',*,*,#2599,.T.);
#3684=ORIENTED_EDGE('',*,*,#2601,.T.);
#3685=ORIENTED_EDGE('',*,*,#2602,.T.);
#3686=ORIENTED_EDGE('',*,*,#2594,.F.);
#3687=ORIENTED_EDGE('',*,*,#2603,.F.);
#3688=ORIENTED_EDGE('',*,*,#2604,.T.);
#3689=ORIENTED_EDGE('',*,*,#2603,.T.);
#3690=ORIENTED_EDGE('',*,*,#2593,.F.);
#3691=ORIENTED_EDGE('',*,*,#2605,.F.);
#3692=ORIENTED_EDGE('',*,*,#2606,.T.);
#3693=ORIENTED_EDGE('',*,*,#2605,.T.);
#3694=ORIENTED_EDGE('',*,*,#2592,.F.);
#3695=ORIENTED_EDGE('',*,*,#2607,.F.);
#3696=ORIENTED_EDGE('',*,*,#2608,.T.);
#3697=ORIENTED_EDGE('',*,*,#2607,.T.);
#3698=ORIENTED_EDGE('',*,*,#2591,.F.);
#3699=ORIENTED_EDGE('',*,*,#2602,.F.);
#3700=ORIENTED_EDGE('',*,*,#2596,.F.);
#3701=ORIENTED_EDGE('',*,*,#2524,.F.);
#3702=ORIENTED_EDGE('',*,*,#2600,.F.);
#3703=ORIENTED_EDGE('',*,*,#2586,.F.);
#3704=ORIENTED_EDGE('',*,*,#2609,.F.);
#3705=ORIENTED_EDGE('',*,*,#2610,.T.);
#3706=ORIENTED_EDGE('',*,*,#2611,.F.);
#3707=ORIENTED_EDGE('',*,*,#2612,.F.);
#3708=ORIENTED_EDGE('',*,*,#2613,.F.);
#3709=ORIENTED_EDGE('',*,*,#2612,.T.);
#3710=ORIENTED_EDGE('',*,*,#2614,.F.);
#3711=ORIENTED_EDGE('',*,*,#2615,.F.);
#3712=ORIENTED_EDGE('',*,*,#2616,.F.);
#3713=ORIENTED_EDGE('',*,*,#2615,.T.);
#3714=ORIENTED_EDGE('',*,*,#2617,.F.);
#3715=ORIENTED_EDGE('',*,*,#2618,.F.);
#3716=ORIENTED_EDGE('',*,*,#2619,.F.);
#3717=ORIENTED_EDGE('',*,*,#2618,.T.);
#3718=ORIENTED_EDGE('',*,*,#2620,.F.);
#3719=ORIENTED_EDGE('',*,*,#2621,.F.);
#3720=ORIENTED_EDGE('',*,*,#2622,.F.);
#3721=ORIENTED_EDGE('',*,*,#2621,.T.);
#3722=ORIENTED_EDGE('',*,*,#2623,.F.);
#3723=ORIENTED_EDGE('',*,*,#2624,.F.);
#3724=ORIENTED_EDGE('',*,*,#2625,.F.);
#3725=ORIENTED_EDGE('',*,*,#2624,.T.);
#3726=ORIENTED_EDGE('',*,*,#2626,.F.);
#3727=ORIENTED_EDGE('',*,*,#2627,.F.);
#3728=ORIENTED_EDGE('',*,*,#2628,.F.);
#3729=ORIENTED_EDGE('',*,*,#2627,.T.);
#3730=ORIENTED_EDGE('',*,*,#2629,.F.);
#3731=ORIENTED_EDGE('',*,*,#2630,.F.);
#3732=ORIENTED_EDGE('',*,*,#2631,.F.);
#3733=ORIENTED_EDGE('',*,*,#2630,.T.);
#3734=ORIENTED_EDGE('',*,*,#2632,.F.);
#3735=ORIENTED_EDGE('',*,*,#2610,.F.);
#3736=ORIENTED_EDGE('',*,*,#2632,.T.);
#3737=ORIENTED_EDGE('',*,*,#2629,.T.);
#3738=ORIENTED_EDGE('',*,*,#2626,.T.);
#3739=ORIENTED_EDGE('',*,*,#2623,.T.);
#3740=ORIENTED_EDGE('',*,*,#2620,.T.);
#3741=ORIENTED_EDGE('',*,*,#2617,.T.);
#3742=ORIENTED_EDGE('',*,*,#2614,.T.);
#3743=ORIENTED_EDGE('',*,*,#2611,.T.);
#3744=ORIENTED_EDGE('',*,*,#2633,.T.);
#3745=ORIENTED_EDGE('',*,*,#2634,.F.);
#3746=ORIENTED_EDGE('',*,*,#2604,.F.);
#3747=ORIENTED_EDGE('',*,*,#2635,.T.);
#3748=ORIENTED_EDGE('',*,*,#2636,.T.);
#3749=ORIENTED_EDGE('',*,*,#2637,.F.);
#3750=ORIENTED_EDGE('',*,*,#2601,.F.);
#3751=ORIENTED_EDGE('',*,*,#2634,.T.);
#3752=ORIENTED_EDGE('',*,*,#2638,.T.);
#3753=ORIENTED_EDGE('',*,*,#2639,.F.);
#3754=ORIENTED_EDGE('',*,*,#2608,.F.);
#3755=ORIENTED_EDGE('',*,*,#2637,.T.);
#3756=ORIENTED_EDGE('',*,*,#2640,.T.);
#3757=ORIENTED_EDGE('',*,*,#2635,.F.);
#3758=ORIENTED_EDGE('',*,*,#2606,.F.);
#3759=ORIENTED_EDGE('',*,*,#2639,.T.);
#3760=ORIENTED_EDGE('',*,*,#2633,.F.);
#3761=ORIENTED_EDGE('',*,*,#2640,.F.);
#3762=ORIENTED_EDGE('',*,*,#2638,.F.);
#3763=ORIENTED_EDGE('',*,*,#2636,.F.);
#3764=ORIENTED_EDGE('',*,*,#2609,.T.);
#3765=ORIENTED_EDGE('',*,*,#2613,.T.);
#3766=ORIENTED_EDGE('',*,*,#2616,.T.);
#3767=ORIENTED_EDGE('',*,*,#2619,.T.);
#3768=ORIENTED_EDGE('',*,*,#2622,.T.);
#3769=ORIENTED_EDGE('',*,*,#2625,.T.);
#3770=ORIENTED_EDGE('',*,*,#2628,.T.);
#3771=ORIENTED_EDGE('',*,*,#2631,.T.);
#3772=ORIENTED_EDGE('',*,*,#2641,.F.);
#3773=ORIENTED_EDGE('',*,*,#2642,.T.);
#3774=ORIENTED_EDGE('',*,*,#2642,.F.);
#3775=ORIENTED_EDGE('',*,*,#2643,.F.);
#3776=ORIENTED_EDGE('',*,*,#2644,.T.);
#3777=ORIENTED_EDGE('',*,*,#2641,.T.);
#3778=ORIENTED_EDGE('',*,*,#2644,.F.);
#3779=ORIENTED_EDGE('',*,*,#2645,.F.);
#3780=ORIENTED_EDGE('',*,*,#2646,.T.);
#3781=ORIENTED_EDGE('',*,*,#2646,.F.);
#3782=ORIENTED_EDGE('',*,*,#2647,.F.);
#3783=ORIENTED_EDGE('',*,*,#2648,.T.);
#3784=ORIENTED_EDGE('',*,*,#2645,.T.);
#3785=ORIENTED_EDGE('',*,*,#2648,.F.);
#3786=ORIENTED_EDGE('',*,*,#2649,.F.);
#3787=ORIENTED_EDGE('',*,*,#2650,.T.);
#3788=ORIENTED_EDGE('',*,*,#2650,.F.);
#3789=ORIENTED_EDGE('',*,*,#2514,.F.);
#3790=ORIENTED_EDGE('',*,*,#2651,.T.);
#3791=ORIENTED_EDGE('',*,*,#2649,.T.);
#3792=ORIENTED_EDGE('',*,*,#2651,.F.);
#3793=ORIENTED_EDGE('',*,*,#2652,.F.);
#3794=ORIENTED_EDGE('',*,*,#2653,.T.);
#3795=ORIENTED_EDGE('',*,*,#2653,.F.);
#3796=ORIENTED_EDGE('',*,*,#2654,.F.);
#3797=ORIENTED_EDGE('',*,*,#2655,.T.);
#3798=ORIENTED_EDGE('',*,*,#2652,.T.);
#3799=ORIENTED_EDGE('',*,*,#2655,.F.);
#3800=ORIENTED_EDGE('',*,*,#2656,.F.);
#3801=ORIENTED_EDGE('',*,*,#2519,.F.);
#3802=ORIENTED_EDGE('',*,*,#2657,.T.);
#3803=ORIENTED_EDGE('',*,*,#2434,.F.);
#3804=ORIENTED_EDGE('',*,*,#2539,.F.);
#3805=ORIENTED_EDGE('',*,*,#2435,.F.);
#3806=ORIENTED_EDGE('',*,*,#2657,.F.);
#3807=ORIENTED_EDGE('',*,*,#2518,.F.);
#3808=ORIENTED_EDGE('',*,*,#2654,.T.);
#3809=ORIENTED_EDGE('',*,*,#2658,.F.);
#3810=ORIENTED_EDGE('',*,*,#2499,.F.);
#3811=ORIENTED_EDGE('',*,*,#2659,.T.);
#3812=ORIENTED_EDGE('',*,*,#2529,.F.);
#3813=ORIENTED_EDGE('',*,*,#2515,.F.);
#3814=ORIENTED_EDGE('',*,*,#2530,.F.);
#3815=ORIENTED_EDGE('',*,*,#2659,.F.);
#3816=ORIENTED_EDGE('',*,*,#2498,.F.);
#3817=ORIENTED_EDGE('',*,*,#2643,.T.);
#3818=ORIENTED_EDGE('',*,*,#2660,.F.);
#3819=ORIENTED_EDGE('',*,*,#2432,.F.);
#3820=ORIENTED_EDGE('',*,*,#2661,.T.);
#3821=ORIENTED_EDGE('',*,*,#2536,.F.);
#3822=ORIENTED_EDGE('',*,*,#2531,.F.);
#3823=ORIENTED_EDGE('',*,*,#2537,.F.);
#3824=ORIENTED_EDGE('',*,*,#2661,.F.);
#3825=ORIENTED_EDGE('',*,*,#2431,.F.);
#3826=ORIENTED_EDGE('',*,*,#2647,.T.);
#3827=ORIENTED_EDGE('',*,*,#2662,.F.);
#3828=ORIENTED_EDGE('',*,*,#2534,.F.);
#3829=ORIENTED_EDGE('',*,*,#2512,.T.);
#3830=ORIENTED_EDGE('',*,*,#2501,.F.);
#3831=ORIENTED_EDGE('',*,*,#2582,.F.);
#3832=ORIENTED_EDGE('',*,*,#2590,.F.);
#3833=ORIENTED_EDGE('',*,*,#2598,.F.);
#3834=ORIENTED_EDGE('',*,*,#2520,.T.);
#3835=ORIENTED_EDGE('',*,*,#2656,.T.);
#3836=ORIENTED_EDGE('',*,*,#2433,.T.);
#3837=ORIENTED_EDGE('',*,*,#2660,.T.);
#3838=ORIENTED_EDGE('',*,*,#2535,.T.);
#3839=ORIENTED_EDGE('',*,*,#2662,.T.);
#3840=ORIENTED_EDGE('',*,*,#2500,.T.);
#3841=ORIENTED_EDGE('',*,*,#2658,.T.);
#3842=ORIENTED_EDGE('',*,*,#2528,.F.);
#3843=ORIENTED_EDGE('',*,*,#2663,.F.);
#3844=ORIENTED_EDGE('',*,*,#2664,.T.);
#3845=ORIENTED_EDGE('',*,*,#2665,.F.);
#3846=ORIENTED_EDGE('',*,*,#2664,.F.);
#3847=ORIENTED_EDGE('',*,*,#2666,.F.);
#3848=ORIENTED_EDGE('',*,*,#2667,.T.);
#3849=ORIENTED_EDGE('',*,*,#2663,.T.);
#3850=ORIENTED_EDGE('',*,*,#2667,.F.);
#3851=ORIENTED_EDGE('',*,*,#2668,.F.);
#3852=ORIENTED_EDGE('',*,*,#2669,.F.);
#3853=ORIENTED_EDGE('',*,*,#2670,.F.);
#3854=ORIENTED_EDGE('',*,*,#2671,.T.);
#3855=ORIENTED_EDGE('',*,*,#2672,.F.);
#3856=ORIENTED_EDGE('',*,*,#2671,.F.);
#3857=ORIENTED_EDGE('',*,*,#2673,.F.);
#3858=ORIENTED_EDGE('',*,*,#2674,.T.);
#3859=ORIENTED_EDGE('',*,*,#2675,.F.);
#3860=ORIENTED_EDGE('',*,*,#2674,.F.);
#3861=ORIENTED_EDGE('',*,*,#2676,.F.);
#3862=ORIENTED_EDGE('',*,*,#2677,.T.);
#3863=ORIENTED_EDGE('',*,*,#2678,.F.);
#3864=ORIENTED_EDGE('',*,*,#2677,.F.);
#3865=ORIENTED_EDGE('',*,*,#2679,.F.);
#3866=ORIENTED_EDGE('',*,*,#2680,.T.);
#3867=ORIENTED_EDGE('',*,*,#2681,.F.);
#3868=ORIENTED_EDGE('',*,*,#2680,.F.);
#3869=ORIENTED_EDGE('',*,*,#2682,.F.);
#3870=ORIENTED_EDGE('',*,*,#2683,.T.);
#3871=ORIENTED_EDGE('',*,*,#2684,.F.);
#3872=ORIENTED_EDGE('',*,*,#2683,.F.);
#3873=ORIENTED_EDGE('',*,*,#2685,.F.);
#3874=ORIENTED_EDGE('',*,*,#2686,.T.);
#3875=ORIENTED_EDGE('',*,*,#2687,.F.);
#3876=ORIENTED_EDGE('',*,*,#2686,.F.);
#3877=ORIENTED_EDGE('',*,*,#2688,.F.);
#3878=ORIENTED_EDGE('',*,*,#2689,.T.);
#3879=ORIENTED_EDGE('',*,*,#2690,.F.);
#3880=ORIENTED_EDGE('',*,*,#2689,.F.);
#3881=ORIENTED_EDGE('',*,*,#2691,.F.);
#3882=ORIENTED_EDGE('',*,*,#2692,.T.);
#3883=ORIENTED_EDGE('',*,*,#2693,.F.);
#3884=ORIENTED_EDGE('',*,*,#2692,.F.);
#3885=ORIENTED_EDGE('',*,*,#2694,.F.);
#3886=ORIENTED_EDGE('',*,*,#2695,.T.);
#3887=ORIENTED_EDGE('',*,*,#2696,.F.);
#3888=ORIENTED_EDGE('',*,*,#2695,.F.);
#3889=ORIENTED_EDGE('',*,*,#2697,.F.);
#3890=ORIENTED_EDGE('',*,*,#2698,.T.);
#3891=ORIENTED_EDGE('',*,*,#2699,.F.);
#3892=ORIENTED_EDGE('',*,*,#2698,.F.);
#3893=ORIENTED_EDGE('',*,*,#2700,.F.);
#3894=ORIENTED_EDGE('',*,*,#2701,.T.);
#3895=ORIENTED_EDGE('',*,*,#2702,.F.);
#3896=ORIENTED_EDGE('',*,*,#2701,.F.);
#3897=ORIENTED_EDGE('',*,*,#2703,.F.);
#3898=ORIENTED_EDGE('',*,*,#2704,.T.);
#3899=ORIENTED_EDGE('',*,*,#2705,.F.);
#3900=ORIENTED_EDGE('',*,*,#2704,.F.);
#3901=ORIENTED_EDGE('',*,*,#2706,.F.);
#3902=ORIENTED_EDGE('',*,*,#2707,.T.);
#3903=ORIENTED_EDGE('',*,*,#2708,.F.);
#3904=ORIENTED_EDGE('',*,*,#2707,.F.);
#3905=ORIENTED_EDGE('',*,*,#2709,.F.);
#3906=ORIENTED_EDGE('',*,*,#2710,.T.);
#3907=ORIENTED_EDGE('',*,*,#2711,.F.);
#3908=ORIENTED_EDGE('',*,*,#2710,.F.);
#3909=ORIENTED_EDGE('',*,*,#2712,.F.);
#3910=ORIENTED_EDGE('',*,*,#2713,.T.);
#3911=ORIENTED_EDGE('',*,*,#2714,.F.);
#3912=ORIENTED_EDGE('',*,*,#2713,.F.);
#3913=ORIENTED_EDGE('',*,*,#2715,.F.);
#3914=ORIENTED_EDGE('',*,*,#2716,.T.);
#3915=ORIENTED_EDGE('',*,*,#2717,.F.);
#3916=ORIENTED_EDGE('',*,*,#2716,.F.);
#3917=ORIENTED_EDGE('',*,*,#2718,.F.);
#3918=ORIENTED_EDGE('',*,*,#2719,.T.);
#3919=ORIENTED_EDGE('',*,*,#2720,.F.);
#3920=ORIENTED_EDGE('',*,*,#2719,.F.);
#3921=ORIENTED_EDGE('',*,*,#2721,.F.);
#3922=ORIENTED_EDGE('',*,*,#2722,.T.);
#3923=ORIENTED_EDGE('',*,*,#2723,.F.);
#3924=ORIENTED_EDGE('',*,*,#2722,.F.);
#3925=ORIENTED_EDGE('',*,*,#2724,.F.);
#3926=ORIENTED_EDGE('',*,*,#2725,.T.);
#3927=ORIENTED_EDGE('',*,*,#2726,.F.);
#3928=ORIENTED_EDGE('',*,*,#2725,.F.);
#3929=ORIENTED_EDGE('',*,*,#2727,.F.);
#3930=ORIENTED_EDGE('',*,*,#2728,.T.);
#3931=ORIENTED_EDGE('',*,*,#2729,.F.);
#3932=ORIENTED_EDGE('',*,*,#2728,.F.);
#3933=ORIENTED_EDGE('',*,*,#2730,.F.);
#3934=ORIENTED_EDGE('',*,*,#2731,.T.);
#3935=ORIENTED_EDGE('',*,*,#2732,.F.);
#3936=ORIENTED_EDGE('',*,*,#2731,.F.);
#3937=ORIENTED_EDGE('',*,*,#2733,.F.);
#3938=ORIENTED_EDGE('',*,*,#2734,.T.);
#3939=ORIENTED_EDGE('',*,*,#2735,.F.);
#3940=ORIENTED_EDGE('',*,*,#2734,.F.);
#3941=ORIENTED_EDGE('',*,*,#2736,.F.);
#3942=ORIENTED_EDGE('',*,*,#2737,.T.);
#3943=ORIENTED_EDGE('',*,*,#2738,.F.);
#3944=ORIENTED_EDGE('',*,*,#2737,.F.);
#3945=ORIENTED_EDGE('',*,*,#2739,.F.);
#3946=ORIENTED_EDGE('',*,*,#2740,.T.);
#3947=ORIENTED_EDGE('',*,*,#2741,.F.);
#3948=ORIENTED_EDGE('',*,*,#2740,.F.);
#3949=ORIENTED_EDGE('',*,*,#2742,.F.);
#3950=ORIENTED_EDGE('',*,*,#2743,.T.);
#3951=ORIENTED_EDGE('',*,*,#2744,.F.);
#3952=ORIENTED_EDGE('',*,*,#2743,.F.);
#3953=ORIENTED_EDGE('',*,*,#2745,.F.);
#3954=ORIENTED_EDGE('',*,*,#2746,.T.);
#3955=ORIENTED_EDGE('',*,*,#2747,.F.);
#3956=ORIENTED_EDGE('',*,*,#2746,.F.);
#3957=ORIENTED_EDGE('',*,*,#2748,.F.);
#3958=ORIENTED_EDGE('',*,*,#2749,.T.);
#3959=ORIENTED_EDGE('',*,*,#2750,.F.);
#3960=ORIENTED_EDGE('',*,*,#2749,.F.);
#3961=ORIENTED_EDGE('',*,*,#2751,.F.);
#3962=ORIENTED_EDGE('',*,*,#2752,.T.);
#3963=ORIENTED_EDGE('',*,*,#2753,.F.);
#3964=ORIENTED_EDGE('',*,*,#2752,.F.);
#3965=ORIENTED_EDGE('',*,*,#2754,.F.);
#3966=ORIENTED_EDGE('',*,*,#2755,.T.);
#3967=ORIENTED_EDGE('',*,*,#2756,.F.);
#3968=ORIENTED_EDGE('',*,*,#2755,.F.);
#3969=ORIENTED_EDGE('',*,*,#2757,.F.);
#3970=ORIENTED_EDGE('',*,*,#2758,.T.);
#3971=ORIENTED_EDGE('',*,*,#2759,.F.);
#3972=ORIENTED_EDGE('',*,*,#2758,.F.);
#3973=ORIENTED_EDGE('',*,*,#2760,.F.);
#3974=ORIENTED_EDGE('',*,*,#2761,.T.);
#3975=ORIENTED_EDGE('',*,*,#2762,.F.);
#3976=ORIENTED_EDGE('',*,*,#2761,.F.);
#3977=ORIENTED_EDGE('',*,*,#2763,.F.);
#3978=ORIENTED_EDGE('',*,*,#2764,.T.);
#3979=ORIENTED_EDGE('',*,*,#2765,.F.);
#3980=ORIENTED_EDGE('',*,*,#2764,.F.);
#3981=ORIENTED_EDGE('',*,*,#2766,.F.);
#3982=ORIENTED_EDGE('',*,*,#2767,.T.);
#3983=ORIENTED_EDGE('',*,*,#2768,.F.);
#3984=ORIENTED_EDGE('',*,*,#2767,.F.);
#3985=ORIENTED_EDGE('',*,*,#2769,.F.);
#3986=ORIENTED_EDGE('',*,*,#2770,.T.);
#3987=ORIENTED_EDGE('',*,*,#2771,.F.);
#3988=ORIENTED_EDGE('',*,*,#2770,.F.);
#3989=ORIENTED_EDGE('',*,*,#2772,.F.);
#3990=ORIENTED_EDGE('',*,*,#2773,.T.);
#3991=ORIENTED_EDGE('',*,*,#2774,.F.);
#3992=ORIENTED_EDGE('',*,*,#2773,.F.);
#3993=ORIENTED_EDGE('',*,*,#2775,.F.);
#3994=ORIENTED_EDGE('',*,*,#2776,.T.);
#3995=ORIENTED_EDGE('',*,*,#2777,.F.);
#3996=ORIENTED_EDGE('',*,*,#2776,.F.);
#3997=ORIENTED_EDGE('',*,*,#2778,.F.);
#3998=ORIENTED_EDGE('',*,*,#2779,.T.);
#3999=ORIENTED_EDGE('',*,*,#2780,.F.);
#4000=ORIENTED_EDGE('',*,*,#2779,.F.);
#4001=ORIENTED_EDGE('',*,*,#2781,.F.);
#4002=ORIENTED_EDGE('',*,*,#2782,.T.);
#4003=ORIENTED_EDGE('',*,*,#2783,.F.);
#4004=ORIENTED_EDGE('',*,*,#2782,.F.);
#4005=ORIENTED_EDGE('',*,*,#2784,.F.);
#4006=ORIENTED_EDGE('',*,*,#2785,.T.);
#4007=ORIENTED_EDGE('',*,*,#2786,.F.);
#4008=ORIENTED_EDGE('',*,*,#2785,.F.);
#4009=ORIENTED_EDGE('',*,*,#2787,.F.);
#4010=ORIENTED_EDGE('',*,*,#2788,.T.);
#4011=ORIENTED_EDGE('',*,*,#2789,.F.);
#4012=ORIENTED_EDGE('',*,*,#2788,.F.);
#4013=ORIENTED_EDGE('',*,*,#2790,.F.);
#4014=ORIENTED_EDGE('',*,*,#2791,.T.);
#4015=ORIENTED_EDGE('',*,*,#2792,.F.);
#4016=ORIENTED_EDGE('',*,*,#2791,.F.);
#4017=ORIENTED_EDGE('',*,*,#2793,.F.);
#4018=ORIENTED_EDGE('',*,*,#2794,.T.);
#4019=ORIENTED_EDGE('',*,*,#2795,.F.);
#4020=ORIENTED_EDGE('',*,*,#2794,.F.);
#4021=ORIENTED_EDGE('',*,*,#2796,.F.);
#4022=ORIENTED_EDGE('',*,*,#2797,.T.);
#4023=ORIENTED_EDGE('',*,*,#2798,.F.);
#4024=ORIENTED_EDGE('',*,*,#2797,.F.);
#4025=ORIENTED_EDGE('',*,*,#2799,.F.);
#4026=ORIENTED_EDGE('',*,*,#2800,.T.);
#4027=ORIENTED_EDGE('',*,*,#2801,.F.);
#4028=ORIENTED_EDGE('',*,*,#2800,.F.);
#4029=ORIENTED_EDGE('',*,*,#2802,.F.);
#4030=ORIENTED_EDGE('',*,*,#2803,.T.);
#4031=ORIENTED_EDGE('',*,*,#2804,.F.);
#4032=ORIENTED_EDGE('',*,*,#2803,.F.);
#4033=ORIENTED_EDGE('',*,*,#2805,.F.);
#4034=ORIENTED_EDGE('',*,*,#2806,.T.);
#4035=ORIENTED_EDGE('',*,*,#2807,.F.);
#4036=ORIENTED_EDGE('',*,*,#2806,.F.);
#4037=ORIENTED_EDGE('',*,*,#2808,.F.);
#4038=ORIENTED_EDGE('',*,*,#2809,.T.);
#4039=ORIENTED_EDGE('',*,*,#2810,.F.);
#4040=ORIENTED_EDGE('',*,*,#2809,.F.);
#4041=ORIENTED_EDGE('',*,*,#2811,.F.);
#4042=ORIENTED_EDGE('',*,*,#2669,.T.);
#4043=ORIENTED_EDGE('',*,*,#2670,.T.);
#4044=ORIENTED_EDGE('',*,*,#2811,.T.);
#4045=ORIENTED_EDGE('',*,*,#2808,.T.);
#4046=ORIENTED_EDGE('',*,*,#2805,.T.);
#4047=ORIENTED_EDGE('',*,*,#2802,.T.);
#4048=ORIENTED_EDGE('',*,*,#2799,.T.);
#4049=ORIENTED_EDGE('',*,*,#2796,.T.);
#4050=ORIENTED_EDGE('',*,*,#2793,.T.);
#4051=ORIENTED_EDGE('',*,*,#2790,.T.);
#4052=ORIENTED_EDGE('',*,*,#2787,.T.);
#4053=ORIENTED_EDGE('',*,*,#2784,.T.);
#4054=ORIENTED_EDGE('',*,*,#2781,.T.);
#4055=ORIENTED_EDGE('',*,*,#2778,.T.);
#4056=ORIENTED_EDGE('',*,*,#2775,.T.);
#4057=ORIENTED_EDGE('',*,*,#2772,.T.);
#4058=ORIENTED_EDGE('',*,*,#2769,.T.);
#4059=ORIENTED_EDGE('',*,*,#2766,.T.);
#4060=ORIENTED_EDGE('',*,*,#2763,.T.);
#4061=ORIENTED_EDGE('',*,*,#2760,.T.);
#4062=ORIENTED_EDGE('',*,*,#2757,.T.);
#4063=ORIENTED_EDGE('',*,*,#2754,.T.);
#4064=ORIENTED_EDGE('',*,*,#2751,.T.);
#4065=ORIENTED_EDGE('',*,*,#2748,.T.);
#4066=ORIENTED_EDGE('',*,*,#2745,.T.);
#4067=ORIENTED_EDGE('',*,*,#2742,.T.);
#4068=ORIENTED_EDGE('',*,*,#2739,.T.);
#4069=ORIENTED_EDGE('',*,*,#2736,.T.);
#4070=ORIENTED_EDGE('',*,*,#2733,.T.);
#4071=ORIENTED_EDGE('',*,*,#2730,.T.);
#4072=ORIENTED_EDGE('',*,*,#2727,.T.);
#4073=ORIENTED_EDGE('',*,*,#2724,.T.);
#4074=ORIENTED_EDGE('',*,*,#2721,.T.);
#4075=ORIENTED_EDGE('',*,*,#2718,.T.);
#4076=ORIENTED_EDGE('',*,*,#2715,.T.);
#4077=ORIENTED_EDGE('',*,*,#2712,.T.);
#4078=ORIENTED_EDGE('',*,*,#2709,.T.);
#4079=ORIENTED_EDGE('',*,*,#2706,.T.);
#4080=ORIENTED_EDGE('',*,*,#2703,.T.);
#4081=ORIENTED_EDGE('',*,*,#2700,.T.);
#4082=ORIENTED_EDGE('',*,*,#2697,.T.);
#4083=ORIENTED_EDGE('',*,*,#2694,.T.);
#4084=ORIENTED_EDGE('',*,*,#2691,.T.);
#4085=ORIENTED_EDGE('',*,*,#2688,.T.);
#4086=ORIENTED_EDGE('',*,*,#2685,.T.);
#4087=ORIENTED_EDGE('',*,*,#2682,.T.);
#4088=ORIENTED_EDGE('',*,*,#2679,.T.);
#4089=ORIENTED_EDGE('',*,*,#2676,.T.);
#4090=ORIENTED_EDGE('',*,*,#2673,.T.);
#4091=ORIENTED_EDGE('',*,*,#2666,.T.);
#4092=ORIENTED_EDGE('',*,*,#2668,.T.);
#4093=ORIENTED_EDGE('',*,*,#2672,.T.);
#4094=ORIENTED_EDGE('',*,*,#2675,.T.);
#4095=ORIENTED_EDGE('',*,*,#2678,.T.);
#4096=ORIENTED_EDGE('',*,*,#2681,.T.);
#4097=ORIENTED_EDGE('',*,*,#2684,.T.);
#4098=ORIENTED_EDGE('',*,*,#2687,.T.);
#4099=ORIENTED_EDGE('',*,*,#2690,.T.);
#4100=ORIENTED_EDGE('',*,*,#2693,.T.);
#4101=ORIENTED_EDGE('',*,*,#2696,.T.);
#4102=ORIENTED_EDGE('',*,*,#2699,.T.);
#4103=ORIENTED_EDGE('',*,*,#2702,.T.);
#4104=ORIENTED_EDGE('',*,*,#2705,.T.);
#4105=ORIENTED_EDGE('',*,*,#2708,.T.);
#4106=ORIENTED_EDGE('',*,*,#2711,.T.);
#4107=ORIENTED_EDGE('',*,*,#2714,.T.);
#4108=ORIENTED_EDGE('',*,*,#2717,.T.);
#4109=ORIENTED_EDGE('',*,*,#2720,.T.);
#4110=ORIENTED_EDGE('',*,*,#2723,.T.);
#4111=ORIENTED_EDGE('',*,*,#2726,.T.);
#4112=ORIENTED_EDGE('',*,*,#2729,.T.);
#4113=ORIENTED_EDGE('',*,*,#2732,.T.);
#4114=ORIENTED_EDGE('',*,*,#2735,.T.);
#4115=ORIENTED_EDGE('',*,*,#2738,.T.);
#4116=ORIENTED_EDGE('',*,*,#2741,.T.);
#4117=ORIENTED_EDGE('',*,*,#2744,.T.);
#4118=ORIENTED_EDGE('',*,*,#2747,.T.);
#4119=ORIENTED_EDGE('',*,*,#2750,.T.);
#4120=ORIENTED_EDGE('',*,*,#2753,.T.);
#4121=ORIENTED_EDGE('',*,*,#2756,.T.);
#4122=ORIENTED_EDGE('',*,*,#2759,.T.);
#4123=ORIENTED_EDGE('',*,*,#2762,.T.);
#4124=ORIENTED_EDGE('',*,*,#2765,.T.);
#4125=ORIENTED_EDGE('',*,*,#2768,.T.);
#4126=ORIENTED_EDGE('',*,*,#2771,.T.);
#4127=ORIENTED_EDGE('',*,*,#2774,.T.);
#4128=ORIENTED_EDGE('',*,*,#2777,.T.);
#4129=ORIENTED_EDGE('',*,*,#2780,.T.);
#4130=ORIENTED_EDGE('',*,*,#2783,.T.);
#4131=ORIENTED_EDGE('',*,*,#2786,.T.);
#4132=ORIENTED_EDGE('',*,*,#2789,.T.);
#4133=ORIENTED_EDGE('',*,*,#2792,.T.);
#4134=ORIENTED_EDGE('',*,*,#2795,.T.);
#4135=ORIENTED_EDGE('',*,*,#2798,.T.);
#4136=ORIENTED_EDGE('',*,*,#2801,.T.);
#4137=ORIENTED_EDGE('',*,*,#2804,.T.);
#4138=ORIENTED_EDGE('',*,*,#2807,.T.);
#4139=ORIENTED_EDGE('',*,*,#2810,.T.);
#4140=ORIENTED_EDGE('',*,*,#2665,.T.);
#4141=ORIENTED_EDGE('',*,*,#2812,.F.);
#4142=ORIENTED_EDGE('',*,*,#2813,.T.);
#4143=ORIENTED_EDGE('',*,*,#2814,.T.);
#4144=ORIENTED_EDGE('',*,*,#2815,.F.);
#4145=ORIENTED_EDGE('',*,*,#2816,.F.);
#4146=ORIENTED_EDGE('',*,*,#2817,.T.);
#4147=ORIENTED_EDGE('',*,*,#2818,.T.);
#4148=ORIENTED_EDGE('',*,*,#2813,.F.);
#4149=ORIENTED_EDGE('',*,*,#2819,.F.);
#4150=ORIENTED_EDGE('',*,*,#2820,.T.);
#4151=ORIENTED_EDGE('',*,*,#2821,.T.);
#4152=ORIENTED_EDGE('',*,*,#2817,.F.);
#4153=ORIENTED_EDGE('',*,*,#2822,.F.);
#4154=ORIENTED_EDGE('',*,*,#2815,.T.);
#4155=ORIENTED_EDGE('',*,*,#2823,.T.);
#4156=ORIENTED_EDGE('',*,*,#2820,.F.);
#4157=ORIENTED_EDGE('',*,*,#2823,.F.);
#4158=ORIENTED_EDGE('',*,*,#2814,.F.);
#4159=ORIENTED_EDGE('',*,*,#2818,.F.);
#4160=ORIENTED_EDGE('',*,*,#2821,.F.);
#4161=ORIENTED_EDGE('',*,*,#2824,.F.);
#4162=ORIENTED_EDGE('',*,*,#2825,.T.);
#4163=ORIENTED_EDGE('',*,*,#2826,.T.);
#4164=ORIENTED_EDGE('',*,*,#2825,.F.);
#4165=ORIENTED_EDGE('',*,*,#2824,.T.);
#4166=ORIENTED_EDGE('',*,*,#2812,.T.);
#4167=ORIENTED_EDGE('',*,*,#2822,.T.);
#4168=ORIENTED_EDGE('',*,*,#2819,.T.);
#4169=ORIENTED_EDGE('',*,*,#2816,.T.);
#4170=ORIENTED_EDGE('',*,*,#2826,.F.);
#4171=CYLINDRICAL_SURFACE('',#4570,0.7);
#4172=CYLINDRICAL_SURFACE('',#4572,0.7);
#4173=CYLINDRICAL_SURFACE('',#4573,0.7);
#4174=CYLINDRICAL_SURFACE('',#4574,0.7);
#4175=CYLINDRICAL_SURFACE('',#4575,0.7);
#4176=CYLINDRICAL_SURFACE('',#4576,0.7);
#4177=CYLINDRICAL_SURFACE('',#4577,0.7);
#4178=CYLINDRICAL_SURFACE('',#4578,0.7);
#4179=CYLINDRICAL_SURFACE('',#4579,0.391478449901791);
#4180=CYLINDRICAL_SURFACE('',#4581,0.391478449901791);
#4181=CYLINDRICAL_SURFACE('',#4582,0.391478449901791);
#4182=CYLINDRICAL_SURFACE('',#4583,0.391478449901791);
#4183=CYLINDRICAL_SURFACE('',#4584,0.391478449901791);
#4184=CYLINDRICAL_SURFACE('',#4585,0.391478449901791);
#4185=CYLINDRICAL_SURFACE('',#4586,0.391478449901791);
#4186=CYLINDRICAL_SURFACE('',#4587,0.391478449901791);
#4187=CYLINDRICAL_SURFACE('',#4588,0.391478449901791);
#4188=CYLINDRICAL_SURFACE('',#4589,0.391478449901791);
#4189=CYLINDRICAL_SURFACE('',#4592,0.111625);
#4190=CYLINDRICAL_SURFACE('',#4595,0.111625);
#4191=CYLINDRICAL_SURFACE('',#4598,0.111625);
#4192=CYLINDRICAL_SURFACE('',#4601,0.111625);
#4193=CYLINDRICAL_SURFACE('',#4604,0.22325);
#4194=CYLINDRICAL_SURFACE('',#4614,1.175);
#4195=CYLINDRICAL_SURFACE('',#4616,0.391478449901791);
#4196=CYLINDRICAL_SURFACE('',#4618,0.7);
#4197=CYLINDRICAL_SURFACE('',#4629,0.22325);
#4198=CYLINDRICAL_SURFACE('',#4631,0.111625);
#4199=CYLINDRICAL_SURFACE('',#4633,0.22325);
#4200=CYLINDRICAL_SURFACE('',#4640,0.111625);
#4201=CYLINDRICAL_SURFACE('',#4641,0.22325);
#4202=CYLINDRICAL_SURFACE('',#4642,0.22325);
#4203=CYLINDRICAL_SURFACE('',#4643,0.22325);
#4204=CYLINDRICAL_SURFACE('',#4648,1.016);
#4205=CYLINDRICAL_SURFACE('',#4663,1.016);
#4206=CYLINDRICAL_SURFACE('',#4679,0.254);
#4207=CYLINDRICAL_SURFACE('',#4692,0.254);
#4208=CYLINDRICAL_SURFACE('',#4693,0.254);
#4209=CYLINDRICAL_SURFACE('',#4695,0.254);
#4210=CYLINDRICAL_SURFACE('',#4696,0.254);
#4211=CYLINDRICAL_SURFACE('',#4698,0.254);
#4212=CYLINDRICAL_SURFACE('',#4700,0.254);
#4213=CYLINDRICAL_SURFACE('',#4703,0.254);
#4214=CYLINDRICAL_SURFACE('',#4705,0.254);
#4215=CYLINDRICAL_SURFACE('',#4708,0.254);
#4216=CYLINDRICAL_SURFACE('',#4710,0.254);
#4217=CYLINDRICAL_SURFACE('',#4712,0.254);
#4218=CYLINDRICAL_SURFACE('',#4716,0.254);
#4219=CYLINDRICAL_SURFACE('',#4720,0.254);
#4220=CYLINDRICAL_SURFACE('',#4723,0.254);
#4221=CYLINDRICAL_SURFACE('',#4725,0.254);
#4222=CYLINDRICAL_SURFACE('',#4730,0.254);
#4223=CYLINDRICAL_SURFACE('',#4733,0.254);
#4224=CYLINDRICAL_SURFACE('',#4737,0.254);
#4225=CYLINDRICAL_SURFACE('',#4745,0.254);
#4226=CYLINDRICAL_SURFACE('',#4747,0.254);
#4227=CYLINDRICAL_SURFACE('',#4750,0.254);
#4228=CYLINDRICAL_SURFACE('',#4756,0.254);
#4229=CYLINDRICAL_SURFACE('',#4763,0.254);
#4230=CYLINDRICAL_SURFACE('',#4765,0.254);
#4231=CYLINDRICAL_SURFACE('',#4769,0.254);
#4232=CYLINDRICAL_SURFACE('',#4770,0.254);
#4233=CYLINDRICAL_SURFACE('',#4772,5.969);
#4234=CYLINDRICAL_SURFACE('',#4790,2.286);
#4235=CYLINDRICAL_SURFACE('',#4794,2.286);
#4236=CYLINDRICAL_SURFACE('',#4798,2.286);
#4237=CYLINDRICAL_SURFACE('',#4800,2.286);
#4238=CYLINDRICAL_SURFACE('',#4805,0.254);
#4239=CYLINDRICAL_SURFACE('',#4812,0.254);
#4240=CYLINDRICAL_SURFACE('',#4813,0.254);
#4241=CYLINDRICAL_SURFACE('',#4815,0.254);
#4242=CYLINDRICAL_SURFACE('',#4833,0.7105);
#4243=CYLINDRICAL_SURFACE('',#4837,0.7105);
#4244=CYLINDRICAL_SURFACE('',#4841,0.7105);
#4245=CYLINDRICAL_SURFACE('',#4844,0.7105);
#4246=CYLINDRICAL_SURFACE('',#4846,3.175);
#4247=CYLINDRICAL_SURFACE('',#4850,2.54);
#4248=CYLINDRICAL_SURFACE('',#4854,3.175);
#4249=CYLINDRICAL_SURFACE('',#4858,3.175);
#4250=CYLINDRICAL_SURFACE('',#4864,1.524);
#4251=CYLINDRICAL_SURFACE('',#4866,0.194490070907773);
#4252=CYLINDRICAL_SURFACE('',#4869,0.19449007090777);
#4253=CYLINDRICAL_SURFACE('',#4872,0.194490070907775);
#4254=CYLINDRICAL_SURFACE('',#4875,0.194490070907772);
#4255=CYLINDRICAL_SURFACE('',#4878,0.194490070907776);
#4256=CYLINDRICAL_SURFACE('',#4881,0.194490070907772);
#4257=CYLINDRICAL_SURFACE('',#4884,0.194490070907774);
#4258=CYLINDRICAL_SURFACE('',#4887,0.194490070907769);
#4259=CYLINDRICAL_SURFACE('',#4890,0.194490070907775);
#4260=CYLINDRICAL_SURFACE('',#4893,0.194490070907773);
#4261=CYLINDRICAL_SURFACE('',#4896,0.194490070907773);
#4262=CYLINDRICAL_SURFACE('',#4899,0.194490070907772);
#4263=CYLINDRICAL_SURFACE('',#4902,0.194490070907773);
#4264=CYLINDRICAL_SURFACE('',#4905,0.19449007090777);
#4265=CYLINDRICAL_SURFACE('',#4908,0.194490070907774);
#4266=CYLINDRICAL_SURFACE('',#4911,0.194490070907771);
#4267=CYLINDRICAL_SURFACE('',#4914,0.194490070907776);
#4268=CYLINDRICAL_SURFACE('',#4917,0.194490070907771);
#4269=CYLINDRICAL_SURFACE('',#4920,0.194490070907774);
#4270=CYLINDRICAL_SURFACE('',#4923,0.194490070907774);
#4271=CYLINDRICAL_SURFACE('',#4926,0.194490070907773);
#4272=CYLINDRICAL_SURFACE('',#4929,0.194490070907771);
#4273=CYLINDRICAL_SURFACE('',#4932,0.194490070907773);
#4274=CYLINDRICAL_SURFACE('',#4935,0.194490070907772);
#4275=CYLINDRICAL_SURFACE('',#4938,0.194490070907773);
#4276=CYLINDRICAL_SURFACE('',#4941,0.194490070907773);
#4277=CYLINDRICAL_SURFACE('',#4944,0.194490070907773);
#4278=CYLINDRICAL_SURFACE('',#4947,0.194490070907771);
#4279=CYLINDRICAL_SURFACE('',#4950,0.194490070907774);
#4280=CYLINDRICAL_SURFACE('',#4953,0.194490070907772);
#4281=CYLINDRICAL_SURFACE('',#4956,0.194490070907774);
#4282=CYLINDRICAL_SURFACE('',#4959,0.194490070907771);
#4283=CYLINDRICAL_SURFACE('',#4962,0.194490070907776);
#4284=CYLINDRICAL_SURFACE('',#4965,0.194490070907773);
#4285=CYLINDRICAL_SURFACE('',#4968,0.194490070907773);
#4286=CYLINDRICAL_SURFACE('',#4971,0.194490070907772);
#4287=CYLINDRICAL_SURFACE('',#4974,0.194490070907775);
#4288=CYLINDRICAL_SURFACE('',#4977,0.19449007090777);
#4289=CYLINDRICAL_SURFACE('',#4980,0.194490070907775);
#4290=CYLINDRICAL_SURFACE('',#4983,0.194490070907771);
#4291=CYLINDRICAL_SURFACE('',#4986,0.194490070907774);
#4292=CYLINDRICAL_SURFACE('',#4989,0.194490070907771);
#4293=CYLINDRICAL_SURFACE('',#4992,0.194490070907774);
#4294=CYLINDRICAL_SURFACE('',#4995,0.194490070907774);
#4295=CYLINDRICAL_SURFACE('',#4998,0.194490070907773);
#4296=CYLINDRICAL_SURFACE('',#5001,0.194490070907773);
#4297=CYLINDRICAL_SURFACE('',#5004,0.194490070907773);
#4298=CYLINDRICAL_SURFACE('',#5007,0.194490070907772);
#4299=CYLINDRICAL_SURFACE('',#5021,30.);
#4300=ADVANCED_FACE('',(#187),#4171,.T.);
#4301=ADVANCED_FACE('',(#188),#4172,.T.);
#4302=ADVANCED_FACE('',(#189),#4173,.T.);
#4303=ADVANCED_FACE('',(#190),#4174,.T.);
#4304=ADVANCED_FACE('',(#191),#4175,.T.);
#4305=ADVANCED_FACE('',(#192),#4176,.T.);
#4306=ADVANCED_FACE('',(#193),#4177,.T.);
#4307=ADVANCED_FACE('',(#194),#4178,.T.);
#4308=ADVANCED_FACE('',(#195),#4179,.T.);
#4309=ADVANCED_FACE('',(#196),#4180,.T.);
#4310=ADVANCED_FACE('',(#197),#4181,.T.);
#4311=ADVANCED_FACE('',(#198),#4182,.T.);
#4312=ADVANCED_FACE('',(#199),#4183,.T.);
#4313=ADVANCED_FACE('',(#200),#4184,.T.);
#4314=ADVANCED_FACE('',(#201),#4185,.T.);
#4315=ADVANCED_FACE('',(#202),#4186,.T.);
#4316=ADVANCED_FACE('',(#203),#4187,.T.);
#4317=ADVANCED_FACE('',(#204),#4188,.T.);
#4318=ADVANCED_FACE('',(#205),#179,.T.);
#4319=ADVANCED_FACE('',(#206),#4189,.F.);
#4320=ADVANCED_FACE('',(#207),#4190,.F.);
#4321=ADVANCED_FACE('',(#208),#4191,.F.);
#4322=ADVANCED_FACE('',(#209),#4192,.F.);
#4323=ADVANCED_FACE('',(#210),#4193,.T.);
#4324=ADVANCED_FACE('',(#211),#180,.T.);
#4325=ADVANCED_FACE('',(#212),#178,.T.);
#4326=ADVANCED_FACE('',(#213),#4194,.T.);
#4327=ADVANCED_FACE('',(#214),#4195,.T.);
#4328=ADVANCED_FACE('',(#215),#4196,.T.);
#4329=ADVANCED_FACE('',(#216),#157,.T.);
#4330=ADVANCED_FACE('',(#217),#158,.T.);
#4331=ADVANCED_FACE('',(#218),#159,.T.);
#4332=ADVANCED_FACE('',(#219),#160,.T.);
#4333=ADVANCED_FACE('',(#220),#161,.T.);
#4334=ADVANCED_FACE('',(#221,#63),#77,.F.);
#4335=ADVANCED_FACE('',(#222,#64),#78,.T.);
#4336=ADVANCED_FACE('',(#223),#162,.T.);
#4337=ADVANCED_FACE('',(#224),#163,.T.);
#4338=ADVANCED_FACE('',(#225),#164,.T.);
#4339=ADVANCED_FACE('',(#226),#165,.T.);
#4340=ADVANCED_FACE('',(#227),#166,.T.);
#4341=ADVANCED_FACE('',(#228),#167,.T.);
#4342=ADVANCED_FACE('',(#229),#168,.T.);
#4343=ADVANCED_FACE('',(#230),#169,.T.);
#4344=ADVANCED_FACE('',(#231),#170,.T.);
#4345=ADVANCED_FACE('',(#232),#171,.T.);
#4346=ADVANCED_FACE('',(#233),#172,.T.);
#4347=ADVANCED_FACE('',(#234),#173,.T.);
#4348=ADVANCED_FACE('',(#235),#174,.T.);
#4349=ADVANCED_FACE('',(#236),#175,.T.);
#4350=ADVANCED_FACE('',(#237),#176,.T.);
#4351=ADVANCED_FACE('',(#238),#177,.T.);
#4352=ADVANCED_FACE('',(#239),#79,.F.);
#4353=ADVANCED_FACE('',(#240),#4197,.T.);
#4354=ADVANCED_FACE('',(#241),#4198,.F.);
#4355=ADVANCED_FACE('',(#242),#4199,.T.);
#4356=ADVANCED_FACE('',(#243),#80,.T.);
#4357=ADVANCED_FACE('',(#244),#4200,.F.);
#4358=ADVANCED_FACE('',(#245),#4201,.T.);
#4359=ADVANCED_FACE('',(#246),#4202,.T.);
#4360=ADVANCED_FACE('',(#247),#4203,.T.);
#4361=ADVANCED_FACE('',(#248),#181,.F.);
#4362=ADVANCED_FACE('',(#249),#81,.T.);
#4363=ADVANCED_FACE('',(#250),#82,.T.);
#4364=ADVANCED_FACE('',(#251),#4204,.T.);
#4365=ADVANCED_FACE('',(#252),#83,.T.);
#4366=ADVANCED_FACE('',(#253),#84,.T.);
#4367=ADVANCED_FACE('',(#254),#85,.T.);
#4368=ADVANCED_FACE('',(#255),#4205,.T.);
#4369=ADVANCED_FACE('',(#256),#86,.T.);
#4370=ADVANCED_FACE('',(#257),#87,.T.);
#4371=ADVANCED_FACE('',(#258),#88,.T.);
#4372=ADVANCED_FACE('',(#259),#4206,.T.);
#4373=ADVANCED_FACE('',(#260),#89,.T.);
#4374=ADVANCED_FACE('',(#261),#90,.T.);
#4375=ADVANCED_FACE('',(#262),#4207,.T.);
#4376=ADVANCED_FACE('',(#263),#4208,.T.);
#4377=ADVANCED_FACE('',(#264),#91,.T.);
#4378=ADVANCED_FACE('',(#265),#4209,.T.);
#4379=ADVANCED_FACE('',(#266),#4210,.T.);
#4380=ADVANCED_FACE('',(#267),#92,.F.);
#4381=ADVANCED_FACE('',(#268),#4211,.T.);
#4382=ADVANCED_FACE('',(#269),#93,.F.);
#4383=ADVANCED_FACE('',(#270),#4212,.T.);
#4384=ADVANCED_FACE('',(#271),#94,.T.);
#4385=ADVANCED_FACE('',(#272),#4213,.T.);
#4386=ADVANCED_FACE('',(#273),#4214,.T.);
#4387=ADVANCED_FACE('',(#274),#95,.T.);
#4388=ADVANCED_FACE('',(#275),#4215,.T.);
#4389=ADVANCED_FACE('',(#276),#4216,.T.);
#4390=ADVANCED_FACE('',(#277),#4217,.F.);
#4391=ADVANCED_FACE('',(#278),#96,.F.);
#4392=ADVANCED_FACE('',(#279),#4218,.T.);
#4393=ADVANCED_FACE('',(#280),#97,.T.);
#4394=ADVANCED_FACE('',(#281),#4219,.T.);
#4395=ADVANCED_FACE('',(#282),#4220,.T.);
#4396=ADVANCED_FACE('',(#283),#4221,.T.);
#4397=ADVANCED_FACE('',(#284),#39,.T.);
#4398=ADVANCED_FACE('',(#285),#4222,.T.);
#4399=ADVANCED_FACE('',(#286),#4223,.T.);
#4400=ADVANCED_FACE('',(#287),#40,.T.);
#4401=ADVANCED_FACE('',(#288),#4224,.T.);
#4402=ADVANCED_FACE('',(#289),#41,.T.);
#4403=ADVANCED_FACE('',(#290),#42,.T.);
#4404=ADVANCED_FACE('',(#291),#98,.F.);
#4405=ADVANCED_FACE('',(#292),#4225,.T.);
#4406=ADVANCED_FACE('',(#293),#99,.F.);
#4407=ADVANCED_FACE('',(#294),#4226,.T.);
#4408=ADVANCED_FACE('',(#295),#100,.F.);
#4409=ADVANCED_FACE('',(#296),#101,.F.);
#4410=ADVANCED_FACE('',(#297),#4227,.T.);
#4411=ADVANCED_FACE('',(#298,#65),#102,.T.);
#4412=ADVANCED_FACE('',(#299),#4228,.T.);
#4413=ADVANCED_FACE('',(#300),#103,.F.);
#4414=ADVANCED_FACE('',(#301),#4229,.T.);
#4415=ADVANCED_FACE('',(#302),#104,.F.);
#4416=ADVANCED_FACE('',(#303),#4230,.T.);
#4417=ADVANCED_FACE('',(#304),#105,.F.);
#4418=ADVANCED_FACE('',(#305),#4231,.T.);
#4419=ADVANCED_FACE('',(#306),#4232,.T.);
#4420=ADVANCED_FACE('',(#307),#4233,.T.);
#4421=ADVANCED_FACE('',(#308,#66),#106,.T.);
#4422=ADVANCED_FACE('',(#309),#107,.F.);
#4423=ADVANCED_FACE('',(#310),#108,.F.);
#4424=ADVANCED_FACE('',(#311),#109,.F.);
#4425=ADVANCED_FACE('',(#312),#110,.F.);
#4426=ADVANCED_FACE('',(#313),#111,.F.);
#4427=ADVANCED_FACE('',(#314),#112,.T.);
#4428=ADVANCED_FACE('',(#315),#113,.T.);
#4429=ADVANCED_FACE('',(#316,#67),#114,.T.);
#4430=ADVANCED_FACE('',(#317),#115,.F.);
#4431=ADVANCED_FACE('',(#318),#116,.F.);
#4432=ADVANCED_FACE('',(#319),#117,.F.);
#4433=ADVANCED_FACE('',(#320),#118,.F.);
#4434=ADVANCED_FACE('',(#321,#68),#119,.T.);
#4435=ADVANCED_FACE('',(#322),#120,.F.);
#4436=ADVANCED_FACE('',(#323),#4234,.F.);
#4437=ADVANCED_FACE('',(#324),#121,.F.);
#4438=ADVANCED_FACE('',(#325),#122,.F.);
#4439=ADVANCED_FACE('',(#326),#4235,.F.);
#4440=ADVANCED_FACE('',(#327),#123,.F.);
#4441=ADVANCED_FACE('',(#328),#124,.F.);
#4442=ADVANCED_FACE('',(#329),#4236,.F.);
#4443=ADVANCED_FACE('',(#330),#125,.F.);
#4444=ADVANCED_FACE('',(#331),#4237,.F.);
#4445=ADVANCED_FACE('',(#332),#126,.F.);
#4446=ADVANCED_FACE('',(#333),#127,.T.);
#4447=ADVANCED_FACE('',(#334),#128,.T.);
#4448=ADVANCED_FACE('',(#335),#129,.T.);
#4449=ADVANCED_FACE('',(#336),#4238,.T.);
#4450=ADVANCED_FACE('',(#337,#69),#130,.T.);
#4451=ADVANCED_FACE('',(#338),#131,.T.);
#4452=ADVANCED_FACE('',(#339),#4239,.T.);
#4453=ADVANCED_FACE('',(#340),#4240,.T.);
#4454=ADVANCED_FACE('',(#341),#132,.T.);
#4455=ADVANCED_FACE('',(#342),#4241,.T.);
#4456=ADVANCED_FACE('',(#343),#133,.T.);
#4457=ADVANCED_FACE('',(#344),#134,.T.);
#4458=ADVANCED_FACE('',(#345),#135,.T.);
#4459=ADVANCED_FACE('',(#346),#136,.T.);
#4460=ADVANCED_FACE('',(#347),#137,.T.);
#4461=ADVANCED_FACE('',(#348),#31,.T.);
#4462=ADVANCED_FACE('',(#349),#32,.T.);
#4463=ADVANCED_FACE('',(#350),#33,.T.);
#4464=ADVANCED_FACE('',(#351),#34,.T.);
#4465=ADVANCED_FACE('',(#352),#35,.T.);
#4466=ADVANCED_FACE('',(#353),#36,.T.);
#4467=ADVANCED_FACE('',(#354),#37,.T.);
#4468=ADVANCED_FACE('',(#355),#38,.T.);
#4469=ADVANCED_FACE('',(#356),#138,.T.);
#4470=ADVANCED_FACE('',(#357),#139,.T.);
#4471=ADVANCED_FACE('',(#358),#140,.T.);
#4472=ADVANCED_FACE('',(#359),#141,.T.);
#4473=ADVANCED_FACE('',(#360),#142,.T.);
#4474=ADVANCED_FACE('',(#361,#70),#143,.T.);
#4475=ADVANCED_FACE('',(#362),#182,.F.);
#4476=ADVANCED_FACE('',(#363),#4242,.F.);
#4477=ADVANCED_FACE('',(#364),#183,.F.);
#4478=ADVANCED_FACE('',(#365),#4243,.F.);
#4479=ADVANCED_FACE('',(#366),#184,.F.);
#4480=ADVANCED_FACE('',(#367),#4244,.F.);
#4481=ADVANCED_FACE('',(#368),#185,.F.);
#4482=ADVANCED_FACE('',(#369),#4245,.F.);
#4483=ADVANCED_FACE('',(#370),#4246,.F.);
#4484=ADVANCED_FACE('',(#371,#71),#144,.T.);
#4485=ADVANCED_FACE('',(#372),#4247,.F.);
#4486=ADVANCED_FACE('',(#373,#72),#145,.T.);
#4487=ADVANCED_FACE('',(#374),#4248,.F.);
#4488=ADVANCED_FACE('',(#375,#73),#146,.T.);
#4489=ADVANCED_FACE('',(#376),#4249,.F.);
#4490=ADVANCED_FACE('',(#377),#147,.F.);
#4491=ADVANCED_FACE('',(#378),#186,.F.);
#4492=ADVANCED_FACE('',(#379),#4250,.F.);
#4493=ADVANCED_FACE('',(#380),#4251,.T.);
#4494=ADVANCED_FACE('',(#381),#4252,.F.);
#4495=ADVANCED_FACE('',(#382),#4253,.T.);
#4496=ADVANCED_FACE('',(#383),#4254,.F.);
#4497=ADVANCED_FACE('',(#384),#4255,.T.);
#4498=ADVANCED_FACE('',(#385),#4256,.F.);
#4499=ADVANCED_FACE('',(#386),#4257,.T.);
#4500=ADVANCED_FACE('',(#387),#4258,.F.);
#4501=ADVANCED_FACE('',(#388),#4259,.T.);
#4502=ADVANCED_FACE('',(#389),#4260,.F.);
#4503=ADVANCED_FACE('',(#390),#4261,.T.);
#4504=ADVANCED_FACE('',(#391),#4262,.F.);
#4505=ADVANCED_FACE('',(#392),#4263,.T.);
#4506=ADVANCED_FACE('',(#393),#4264,.F.);
#4507=ADVANCED_FACE('',(#394),#4265,.T.);
#4508=ADVANCED_FACE('',(#395),#4266,.F.);
#4509=ADVANCED_FACE('',(#396),#4267,.T.);
#4510=ADVANCED_FACE('',(#397),#4268,.F.);
#4511=ADVANCED_FACE('',(#398),#4269,.T.);
#4512=ADVANCED_FACE('',(#399),#4270,.F.);
#4513=ADVANCED_FACE('',(#400),#4271,.T.);
#4514=ADVANCED_FACE('',(#401),#4272,.F.);
#4515=ADVANCED_FACE('',(#402),#4273,.T.);
#4516=ADVANCED_FACE('',(#403),#4274,.F.);
#4517=ADVANCED_FACE('',(#404),#4275,.T.);
#4518=ADVANCED_FACE('',(#405),#4276,.F.);
#4519=ADVANCED_FACE('',(#406),#4277,.T.);
#4520=ADVANCED_FACE('',(#407),#4278,.F.);
#4521=ADVANCED_FACE('',(#408),#4279,.T.);
#4522=ADVANCED_FACE('',(#409),#4280,.F.);
#4523=ADVANCED_FACE('',(#410),#4281,.T.);
#4524=ADVANCED_FACE('',(#411),#4282,.F.);
#4525=ADVANCED_FACE('',(#412),#4283,.T.);
#4526=ADVANCED_FACE('',(#413),#4284,.F.);
#4527=ADVANCED_FACE('',(#414),#4285,.T.);
#4528=ADVANCED_FACE('',(#415),#4286,.F.);
#4529=ADVANCED_FACE('',(#416),#4287,.T.);
#4530=ADVANCED_FACE('',(#417),#4288,.F.);
#4531=ADVANCED_FACE('',(#418),#4289,.T.);
#4532=ADVANCED_FACE('',(#419),#4290,.F.);
#4533=ADVANCED_FACE('',(#420),#4291,.T.);
#4534=ADVANCED_FACE('',(#421),#4292,.F.);
#4535=ADVANCED_FACE('',(#422),#4293,.T.);
#4536=ADVANCED_FACE('',(#423),#4294,.F.);
#4537=ADVANCED_FACE('',(#424),#4295,.T.);
#4538=ADVANCED_FACE('',(#425),#4296,.F.);
#4539=ADVANCED_FACE('',(#426),#4297,.T.);
#4540=ADVANCED_FACE('',(#427),#4298,.F.);
#4541=ADVANCED_FACE('',(#428,#74),#148,.T.);
#4542=ADVANCED_FACE('',(#429,#75),#149,.F.);
#4543=ADVANCED_FACE('',(#430),#150,.F.);
#4544=ADVANCED_FACE('',(#431),#151,.F.);
#4545=ADVANCED_FACE('',(#432),#152,.F.);
#4546=ADVANCED_FACE('',(#433),#153,.F.);
#4547=ADVANCED_FACE('',(#434),#154,.F.);
#4548=ADVANCED_FACE('',(#435),#4299,.T.);
#4549=ADVANCED_FACE('',(#436,#76),#155,.T.);
#4550=ADVANCED_FACE('',(#437),#156,.F.);
#4551=CLOSED_SHELL('',(#4300,#4301,#4302,#4303,#4304,#4305,#4306,#4307,
#4308,#4309,#4310,#4311,#4312,#4313,#4314,#4315,#4316,#4317,#4318,#4319,
#4320,#4321,#4322,#4323,#4324,#4325,#4326,#4327,#4328,#4329,#4330,#4331,
#4332,#4333,#4334,#4335,#4336,#4337,#4338,#4339,#4340,#4341,#4342,#4343,
#4344,#4345,#4346,#4347,#4348,#4349,#4350,#4351,#4352,#4353,#4354,#4355,
#4356,#4357,#4358,#4359,#4360));
#4552=CLOSED_SHELL('',(#4361,#4362,#4363,#4364,#4365,#4366,#4367,#4368,
#4369,#4370,#4371,#4372,#4373,#4374,#4375,#4376,#4377,#4378,#4379,#4380,
#4381,#4382,#4383,#4384,#4385,#4386,#4387,#4388,#4389,#4390,#4391,#4392,
#4393,#4394,#4395,#4396,#4397,#4398,#4399,#4400,#4401,#4402,#4403,#4404,
#4405,#4406,#4407,#4408,#4409,#4410,#4411,#4412,#4413,#4414,#4415,#4416,
#4417,#4418,#4419,#4420,#4421,#4422,#4423,#4424,#4425,#4426,#4427,#4428,
#4429,#4430,#4431,#4432,#4433,#4434,#4435,#4436,#4437,#4438,#4439,#4440,
#4441,#4442,#4443,#4444,#4445,#4446,#4447,#4448,#4449,#4450,#4451,#4452,
#4453,#4454,#4455,#4456,#4457,#4458,#4459,#4460,#4461,#4462,#4463,#4464,
#4465,#4466,#4467,#4468,#4469,#4470,#4471,#4472,#4473,#4474,#4475,#4476,
#4477,#4478,#4479,#4480,#4481,#4482,#4483,#4484,#4485,#4486,#4487,#4488,
#4489,#4490));
#4553=CLOSED_SHELL('',(#4491,#4492,#4493,#4494,#4495,#4496,#4497,#4498,
#4499,#4500,#4501,#4502,#4503,#4504,#4505,#4506,#4507,#4508,#4509,#4510,
#4511,#4512,#4513,#4514,#4515,#4516,#4517,#4518,#4519,#4520,#4521,#4522,
#4523,#4524,#4525,#4526,#4527,#4528,#4529,#4530,#4531,#4532,#4533,#4534,
#4535,#4536,#4537,#4538,#4539,#4540,#4541,#4542));
#4554=CLOSED_SHELL('',(#4543,#4544,#4545,#4546,#4547,#4548,#4549,#4550));
#4555=DERIVED_UNIT_ELEMENT(#4557,1.);
#4556=DERIVED_UNIT_ELEMENT(#11038,-3.);
#4557=(
MASS_UNIT()
NAMED_UNIT(*)
SI_UNIT(.KILO.,.GRAM.)
);
#4558=DERIVED_UNIT((#4555,#4556));
#4559=MEASURE_REPRESENTATION_ITEM('density measure',
POSITIVE_RATIO_MEASURE(7850.),#4558);
#4560=PROPERTY_DEFINITION_REPRESENTATION(#4565,#4562);
#4561=PROPERTY_DEFINITION_REPRESENTATION(#4566,#4563);
#4562=REPRESENTATION('material name',(#4564),#11035);
#4563=REPRESENTATION('density',(#4559),#11035);
#4564=DESCRIPTIVE_REPRESENTATION_ITEM('Steel','Steel');
#4565=PROPERTY_DEFINITION('material property','material name',#11058);
#4566=PROPERTY_DEFINITION('material property','density of part',#11058);
#4567=AXIS2_PLACEMENT_3D('',#6288,#5027,#5028);
#4568=AXIS2_PLACEMENT_3D('',#6289,#5029,#5030);
#4569=AXIS2_PLACEMENT_3D('',#6290,#5031,#5032);
#4570=AXIS2_PLACEMENT_3D('',#6291,#5033,#5034);
#4571=AXIS2_PLACEMENT_3D('',#6331,#5036,#5037);
#4572=AXIS2_PLACEMENT_3D('',#6362,#5038,#5039);
#4573=AXIS2_PLACEMENT_3D('',#6448,#5041,#5042);
#4574=AXIS2_PLACEMENT_3D('',#6534,#5044,#5045);
#4575=AXIS2_PLACEMENT_3D('',#6620,#5047,#5048);
#4576=AXIS2_PLACEMENT_3D('',#6706,#5050,#5051);
#4577=AXIS2_PLACEMENT_3D('',#6792,#5053,#5054);
#4578=AXIS2_PLACEMENT_3D('',#6878,#5056,#5057);
#4579=AXIS2_PLACEMENT_3D('',#6964,#5059,#5060);
#4580=AXIS2_PLACEMENT_3D('',#6988,#5062,#5063);
#4581=AXIS2_PLACEMENT_3D('',#6999,#5064,#5065);
#4582=AXIS2_PLACEMENT_3D('',#7083,#5067,#5068);
#4583=AXIS2_PLACEMENT_3D('',#7167,#5070,#5071);
#4584=AXIS2_PLACEMENT_3D('',#7251,#5073,#5074);
#4585=AXIS2_PLACEMENT_3D('',#7335,#5076,#5077);
#4586=AXIS2_PLACEMENT_3D('',#7419,#5079,#5080);
#4587=AXIS2_PLACEMENT_3D('',#7503,#5082,#5083);
#4588=AXIS2_PLACEMENT_3D('',#7587,#5085,#5086);
#4589=AXIS2_PLACEMENT_3D('',#7671,#5088,#5089);
#4590=AXIS2_PLACEMENT_3D('',#7757,#5091,#5092);
#4591=AXIS2_PLACEMENT_3D('',#7813,#5095,#5096);
#4592=AXIS2_PLACEMENT_3D('',#7844,#5097,#5098);
#4593=AXIS2_PLACEMENT_3D('',#7847,#5099,#5100);
#4594=AXIS2_PLACEMENT_3D('',#7851,#5102,#5103);
#4595=AXIS2_PLACEMENT_3D('',#7853,#5105,#5106);
#4596=AXIS2_PLACEMENT_3D('',#7856,#5107,#5108);
#4597=AXIS2_PLACEMENT_3D('',#7860,#5110,#5111);
#4598=AXIS2_PLACEMENT_3D('',#7862,#5113,#5114);
#4599=AXIS2_PLACEMENT_3D('',#7865,#5115,#5116);
#4600=AXIS2_PLACEMENT_3D('',#7869,#5118,#5119);
#4601=AXIS2_PLACEMENT_3D('',#7871,#5121,#5122);
#4602=AXIS2_PLACEMENT_3D('',#7874,#5123,#5124);
#4603=AXIS2_PLACEMENT_3D('',#7878,#5126,#5127);
#4604=AXIS2_PLACEMENT_3D('',#7880,#5129,#5130);
#4605=AXIS2_PLACEMENT_3D('',#7882,#5131,#5132);
#4606=AXIS2_PLACEMENT_3D('',#7885,#5134,#5135);
#4607=AXIS2_PLACEMENT_3D('',#7886,#5136,#5137);
#4608=AXIS2_PLACEMENT_3D('',#7934,#5138,#5139);
#4609=AXIS2_PLACEMENT_3D('',#7976,#5140,#5141);
#4610=AXIS2_PLACEMENT_3D('',#7979,#5142,#5143);
#4611=AXIS2_PLACEMENT_3D('',#7981,#5144,#5145);
#4612=AXIS2_PLACEMENT_3D('',#7982,#5146,#5147);
#4613=AXIS2_PLACEMENT_3D('',#7983,#5148,#5149);
#4614=AXIS2_PLACEMENT_3D('',#7984,#5150,#5151);
#4615=AXIS2_PLACEMENT_3D('',#7986,#5152,#5153);
#4616=AXIS2_PLACEMENT_3D('',#7988,#5155,#5156);
#4617=AXIS2_PLACEMENT_3D('',#8032,#5157,#5158);
#4618=AXIS2_PLACEMENT_3D('',#8061,#5159,#5160);
#4619=AXIS2_PLACEMENT_3D('',#8375,#5166,#5167);
#4620=AXIS2_PLACEMENT_3D('',#8410,#5168,#5169);
#4621=AXIS2_PLACEMENT_3D('',#8412,#5170,#5171);
#4622=AXIS2_PLACEMENT_3D('',#8414,#5172,#5173);
#4623=AXIS2_PLACEMENT_3D('',#8416,#5174,#5175);
#4624=AXIS2_PLACEMENT_3D('',#8417,#5176,#5177);
#4625=AXIS2_PLACEMENT_3D('',#8418,#5178,#5179);
#4626=AXIS2_PLACEMENT_3D('',#8419,#5180,#5181);
#4627=AXIS2_PLACEMENT_3D('',#8420,#5182,#5183);
#4628=AXIS2_PLACEMENT_3D('',#9235,#5198,#5199);
#4629=AXIS2_PLACEMENT_3D('',#9236,#5200,#5201);
#4630=AXIS2_PLACEMENT_3D('',#9240,#5203,#5204);
#4631=AXIS2_PLACEMENT_3D('',#9242,#5206,#5207);
#4632=AXIS2_PLACEMENT_3D('',#9244,#5208,#5209);
#4633=AXIS2_PLACEMENT_3D('',#9246,#5211,#5212);
#4634=AXIS2_PLACEMENT_3D('',#9247,#5213,#5214);
#4635=AXIS2_PLACEMENT_3D('',#9248,#5215,#5216);
#4636=AXIS2_PLACEMENT_3D('',#9249,#5217,#5218);
#4637=AXIS2_PLACEMENT_3D('',#9250,#5219,#5220);
#4638=AXIS2_PLACEMENT_3D('',#9251,#5221,#5222);
#4639=AXIS2_PLACEMENT_3D('',#9252,#5223,#5224);
#4640=AXIS2_PLACEMENT_3D('',#9253,#5225,#5226);
#4641=AXIS2_PLACEMENT_3D('',#9254,#5227,#5228);
#4642=AXIS2_PLACEMENT_3D('',#9255,#5229,#5230);
#4643=AXIS2_PLACEMENT_3D('',#9256,#5231,#5232);
#4644=AXIS2_PLACEMENT_3D('',#9257,#5233,#5234);
#4645=AXIS2_PLACEMENT_3D('',#9259,#5235,#5236);
#4646=AXIS2_PLACEMENT_3D('',#9262,#5238,#5239);
#4647=AXIS2_PLACEMENT_3D('',#9271,#5244,#5245);
#4648=AXIS2_PLACEMENT_3D('',#9280,#5250,#5251);
#4649=AXIS2_PLACEMENT_3D('',#9281,#5252,#5253);
#4650=AXIS2_PLACEMENT_3D('',#9282,#5254,#5255);
#4651=AXIS2_PLACEMENT_3D('',#9283,#5256,#5257);
#4652=AXIS2_PLACEMENT_3D('',#9285,#5259,#5260);
#4653=AXIS2_PLACEMENT_3D('',#9289,#5262,#5263);
#4654=AXIS2_PLACEMENT_3D('',#9293,#5265,#5266);
#4655=AXIS2_PLACEMENT_3D('',#9297,#5268,#5269);
#4656=AXIS2_PLACEMENT_3D('',#9301,#5271,#5272);
#4657=AXIS2_PLACEMENT_3D('',#9305,#5274,#5275);
#4658=AXIS2_PLACEMENT_3D('',#9309,#5277,#5278);
#4659=AXIS2_PLACEMENT_3D('',#9313,#5280,#5281);
#4660=AXIS2_PLACEMENT_3D('',#9319,#5284,#5285);
#4661=AXIS2_PLACEMENT_3D('',#9323,#5287,#5288);
#4662=AXIS2_PLACEMENT_3D('',#9325,#5290,#5291);
#4663=AXIS2_PLACEMENT_3D('',#9334,#5296,#5297);
#4664=AXIS2_PLACEMENT_3D('',#9336,#5298,#5299);
#4665=AXIS2_PLACEMENT_3D('',#9338,#5300,#5301);
#4666=AXIS2_PLACEMENT_3D('',#9340,#5303,#5304);
#4667=AXIS2_PLACEMENT_3D('',#9346,#5308,#5309);
#4668=AXIS2_PLACEMENT_3D('',#9348,#5311,#5312);
#4669=AXIS2_PLACEMENT_3D('',#9352,#5314,#5315);
#4670=AXIS2_PLACEMENT_3D('',#9356,#5317,#5318);
#4671=AXIS2_PLACEMENT_3D('',#9360,#5320,#5321);
#4672=AXIS2_PLACEMENT_3D('',#9364,#5323,#5324);
#4673=AXIS2_PLACEMENT_3D('',#9368,#5326,#5327);
#4674=AXIS2_PLACEMENT_3D('',#9372,#5329,#5330);
#4675=AXIS2_PLACEMENT_3D('',#9376,#5332,#5333);
#4676=AXIS2_PLACEMENT_3D('',#9380,#5335,#5336);
#4677=AXIS2_PLACEMENT_3D('',#9384,#5338,#5339);
#4678=AXIS2_PLACEMENT_3D('',#9388,#5341,#5342);
#4679=AXIS2_PLACEMENT_3D('',#9390,#5344,#5345);
#4680=AXIS2_PLACEMENT_3D('',#9394,#5347,#5348);
#4681=AXIS2_PLACEMENT_3D('',#9396,#5350,#5351);
#4682=AXIS2_PLACEMENT_3D('',#9400,#5353,#5354);
#4683=AXIS2_PLACEMENT_3D('',#9404,#5356,#5357);
#4684=AXIS2_PLACEMENT_3D('',#9408,#5359,#5360);
#4685=AXIS2_PLACEMENT_3D('',#9412,#5362,#5363);
#4686=AXIS2_PLACEMENT_3D('',#9416,#5365,#5366);
#4687=AXIS2_PLACEMENT_3D('',#9420,#5368,#5369);
#4688=AXIS2_PLACEMENT_3D('',#9424,#5371,#5372);
#4689=AXIS2_PLACEMENT_3D('',#9428,#5374,#5375);
#4690=AXIS2_PLACEMENT_3D('',#9432,#5377,#5378);
#4691=AXIS2_PLACEMENT_3D('',#9434,#5380,#5381);
#4692=AXIS2_PLACEMENT_3D('',#9436,#5383,#5384);
#4693=AXIS2_PLACEMENT_3D('',#9438,#5386,#5387);
#4694=AXIS2_PLACEMENT_3D('',#9441,#5390,#5391);
#4695=AXIS2_PLACEMENT_3D('',#9443,#5393,#5394);
#4696=AXIS2_PLACEMENT_3D('',#9445,#5396,#5397);
#4697=AXIS2_PLACEMENT_3D('',#9448,#5400,#5401);
#4698=AXIS2_PLACEMENT_3D('',#9450,#5403,#5404);
#4699=AXIS2_PLACEMENT_3D('',#9453,#5407,#5408);
#4700=AXIS2_PLACEMENT_3D('',#9478,#5422,#5423);
#4701=AXIS2_PLACEMENT_3D('',#9481,#5424,#5425);
#4702=AXIS2_PLACEMENT_3D('',#9484,#5428,#5429);
#4703=AXIS2_PLACEMENT_3D('',#9488,#5432,#5433);
#4704=AXIS2_PLACEMENT_3D('',#9490,#5434,#5435);
#4705=AXIS2_PLACEMENT_3D('',#9492,#5437,#5438);
#4706=AXIS2_PLACEMENT_3D('',#9495,#5439,#5440);
#4707=AXIS2_PLACEMENT_3D('',#9498,#5443,#5444);
#4708=AXIS2_PLACEMENT_3D('',#9502,#5447,#5448);
#4709=AXIS2_PLACEMENT_3D('',#9504,#5449,#5450);
#4710=AXIS2_PLACEMENT_3D('',#9506,#5452,#5453);
#4711=AXIS2_PLACEMENT_3D('',#9509,#5455,#5456);
#4712=AXIS2_PLACEMENT_3D('',#9510,#5457,#5458);
#4713=AXIS2_PLACEMENT_3D('',#9513,#5459,#5460);
#4714=AXIS2_PLACEMENT_3D('',#9517,#5462,#5463);
#4715=AXIS2_PLACEMENT_3D('',#9519,#5465,#5466);
#4716=AXIS2_PLACEMENT_3D('',#9525,#5470,#5471);
#4717=AXIS2_PLACEMENT_3D('',#9527,#5472,#5473);
#4718=AXIS2_PLACEMENT_3D('',#9530,#5475,#5476);
#4719=AXIS2_PLACEMENT_3D('',#9531,#5477,#5478);
#4720=AXIS2_PLACEMENT_3D('',#9537,#5482,#5483);
#4721=AXIS2_PLACEMENT_3D('',#9540,#5485,#5486);
#4722=AXIS2_PLACEMENT_3D('',#9541,#5487,#5488);
#4723=AXIS2_PLACEMENT_3D('',#9542,#5489,#5490);
#4724=AXIS2_PLACEMENT_3D('',#9544,#5491,#5492);
#4725=AXIS2_PLACEMENT_3D('',#9548,#5495,#5496);
#4726=AXIS2_PLACEMENT_3D('',#9550,#5497,#5498);
#4727=AXIS2_PLACEMENT_3D('',#9554,#5500,#5501);
#4728=AXIS2_PLACEMENT_3D('',#9556,#5503,#5504);
#4729=AXIS2_PLACEMENT_3D('',#9557,#5505,#5506);
#4730=AXIS2_PLACEMENT_3D('',#9558,#5507,#5508);
#4731=AXIS2_PLACEMENT_3D('',#9562,#5510,#5511);
#4732=AXIS2_PLACEMENT_3D('',#9566,#5514,#5515);
#4733=AXIS2_PLACEMENT_3D('',#9567,#5516,#5517);
#4734=AXIS2_PLACEMENT_3D('',#9573,#5520,#5521);
#4735=AXIS2_PLACEMENT_3D('',#9575,#5523,#5524);
#4736=AXIS2_PLACEMENT_3D('',#9576,#5525,#5526);
#4737=AXIS2_PLACEMENT_3D('',#9577,#5527,#5528);
#4738=AXIS2_PLACEMENT_3D('',#9579,#5529,#5530);
#4739=AXIS2_PLACEMENT_3D('',#9582,#5532,#5533);
#4740=AXIS2_PLACEMENT_3D('',#9584,#5535,#5536);
#4741=AXIS2_PLACEMENT_3D('',#9585,#5537,#5538);
#4742=AXIS2_PLACEMENT_3D('',#9586,#5539,#5540);
#4743=AXIS2_PLACEMENT_3D('',#9587,#5541,#5542);
#4744=AXIS2_PLACEMENT_3D('',#9588,#5543,#5544);
#4745=AXIS2_PLACEMENT_3D('',#9591,#5547,#5548);
#4746=AXIS2_PLACEMENT_3D('',#9594,#5551,#5552);
#4747=AXIS2_PLACEMENT_3D('',#9611,#5562,#5563);
#4748=AXIS2_PLACEMENT_3D('',#9613,#5565,#5566);
#4749=AXIS2_PLACEMENT_3D('',#9615,#5568,#5569);
#4750=AXIS2_PLACEMENT_3D('',#9617,#5571,#5572);
#4751=AXIS2_PLACEMENT_3D('',#9619,#5573,#5574);
#4752=AXIS2_PLACEMENT_3D('',#9622,#5576,#5577);
#4753=AXIS2_PLACEMENT_3D('',#9623,#5578,#5579);
#4754=AXIS2_PLACEMENT_3D('',#9625,#5580,#5581);
#4755=AXIS2_PLACEMENT_3D('',#9628,#5583,#5584);
#4756=AXIS2_PLACEMENT_3D('',#9629,#5585,#5586);
#4757=AXIS2_PLACEMENT_3D('',#9631,#5587,#5588);
#4758=AXIS2_PLACEMENT_3D('',#9633,#5590,#5591);
#4759=AXIS2_PLACEMENT_3D('',#9643,#5596,#5597);
#4760=AXIS2_PLACEMENT_3D('',#9647,#5599,#5600);
#4761=AXIS2_PLACEMENT_3D('',#9651,#5602,#5603);
#4762=AXIS2_PLACEMENT_3D('',#9655,#5605,#5606);
#4763=AXIS2_PLACEMENT_3D('',#9661,#5610,#5611);
#4764=AXIS2_PLACEMENT_3D('',#9662,#5612,#5613);
#4765=AXIS2_PLACEMENT_3D('',#9663,#5614,#5615);
#4766=AXIS2_PLACEMENT_3D('',#9665,#5616,#5617);
#4767=AXIS2_PLACEMENT_3D('',#9667,#5618,#5619);
#4768=AXIS2_PLACEMENT_3D('',#9669,#5621,#5622);
#4769=AXIS2_PLACEMENT_3D('',#9678,#5628,#5629);
#4770=AXIS2_PLACEMENT_3D('',#9679,#5630,#5631);
#4771=AXIS2_PLACEMENT_3D('',#9680,#5632,#5633);
#4772=AXIS2_PLACEMENT_3D('',#9681,#5634,#5635);
#4773=AXIS2_PLACEMENT_3D('',#9683,#5636,#5637);
#4774=AXIS2_PLACEMENT_3D('',#9686,#5639,#5640);
#4775=AXIS2_PLACEMENT_3D('',#9687,#5641,#5642);
#4776=AXIS2_PLACEMENT_3D('',#9688,#5643,#5644);
#4777=AXIS2_PLACEMENT_3D('',#9697,#5649,#5650);
#4778=AXIS2_PLACEMENT_3D('',#9703,#5654,#5655);
#4779=AXIS2_PLACEMENT_3D('',#9709,#5659,#5660);
#4780=AXIS2_PLACEMENT_3D('',#9712,#5663,#5664);
#4781=AXIS2_PLACEMENT_3D('',#9713,#5665,#5666);
#4782=AXIS2_PLACEMENT_3D('',#9717,#5669,#5670);
#4783=AXIS2_PLACEMENT_3D('',#9719,#5672,#5673);
#4784=AXIS2_PLACEMENT_3D('',#9720,#5674,#5675);
#4785=AXIS2_PLACEMENT_3D('',#9726,#5679,#5680);
#4786=AXIS2_PLACEMENT_3D('',#9730,#5683,#5684);
#4787=AXIS2_PLACEMENT_3D('',#9734,#5687,#5688);
#4788=AXIS2_PLACEMENT_3D('',#9736,#5690,#5691);
#4789=AXIS2_PLACEMENT_3D('',#9737,#5692,#5693);
#4790=AXIS2_PLACEMENT_3D('',#9741,#5696,#5697);
#4791=AXIS2_PLACEMENT_3D('',#9743,#5698,#5699);
#4792=AXIS2_PLACEMENT_3D('',#9745,#5701,#5702);
#4793=AXIS2_PLACEMENT_3D('',#9747,#5704,#5705);
#4794=AXIS2_PLACEMENT_3D('',#9753,#5709,#5710);
#4795=AXIS2_PLACEMENT_3D('',#9755,#5711,#5712);
#4796=AXIS2_PLACEMENT_3D('',#9757,#5714,#5715);
#4797=AXIS2_PLACEMENT_3D('',#9759,#5717,#5718);
#4798=AXIS2_PLACEMENT_3D('',#9761,#5720,#5721);
#4799=AXIS2_PLACEMENT_3D('',#9763,#5723,#5724);
#4800=AXIS2_PLACEMENT_3D('',#9764,#5725,#5726);
#4801=AXIS2_PLACEMENT_3D('',#9766,#5728,#5729);
#4802=AXIS2_PLACEMENT_3D('',#9767,#5730,#5731);
#4803=AXIS2_PLACEMENT_3D('',#9769,#5733,#5734);
#4804=AXIS2_PLACEMENT_3D('',#9770,#5735,#5736);
#4805=AXIS2_PLACEMENT_3D('',#9771,#5737,#5738);
#4806=AXIS2_PLACEMENT_3D('',#9774,#5739,#5740);
#4807=AXIS2_PLACEMENT_3D('',#9777,#5743,#5744);
#4808=AXIS2_PLACEMENT_3D('',#9781,#5746,#5747);
#4809=AXIS2_PLACEMENT_3D('',#9785,#5749,#5750);
#4810=AXIS2_PLACEMENT_3D('',#9789,#5752,#5753);
#4811=AXIS2_PLACEMENT_3D('',#9799,#5759,#5760);
#4812=AXIS2_PLACEMENT_3D('',#9801,#5762,#5763);
#4813=AXIS2_PLACEMENT_3D('',#9803,#5765,#5766);
#4814=AXIS2_PLACEMENT_3D('',#9806,#5769,#5770);
#4815=AXIS2_PLACEMENT_3D('',#9808,#5772,#5773);
#4816=AXIS2_PLACEMENT_3D('',#9810,#5775,#5776);
#4817=AXIS2_PLACEMENT_3D('',#9816,#5780,#5781);
#4818=AXIS2_PLACEMENT_3D('',#9820,#5784,#5785);
#4819=AXIS2_PLACEMENT_3D('',#9824,#5788,#5789);
#4820=AXIS2_PLACEMENT_3D('',#9826,#5791,#5792);
#4821=AXIS2_PLACEMENT_3D('',#9983,#5794,#5795);
#4822=AXIS2_PLACEMENT_3D('',#10227,#5797,#5798);
#4823=AXIS2_PLACEMENT_3D('',#10398,#5800,#5801);
#4824=AXIS2_PLACEMENT_3D('',#10623,#5803,#5804);
#4825=AXIS2_PLACEMENT_3D('',#10624,#5805,#5806);
#4826=AXIS2_PLACEMENT_3D('',#10625,#5807,#5808);
#4827=AXIS2_PLACEMENT_3D('',#10631,#5812,#5813);
#4828=AXIS2_PLACEMENT_3D('',#10635,#5816,#5817);
#4829=AXIS2_PLACEMENT_3D('',#10639,#5820,#5821);
#4830=AXIS2_PLACEMENT_3D('',#10641,#5823,#5824);
#4831=AXIS2_PLACEMENT_3D('',#10642,#5825,#5826);
#4832=AXIS2_PLACEMENT_3D('',#10644,#5827,#5828);
#4833=AXIS2_PLACEMENT_3D('',#10647,#5830,#5831);
#4834=AXIS2_PLACEMENT_3D('',#10649,#5832,#5833);
#4835=AXIS2_PLACEMENT_3D('',#10651,#5835,#5836);
#4836=AXIS2_PLACEMENT_3D('',#10653,#5837,#5838);
#4837=AXIS2_PLACEMENT_3D('',#10656,#5840,#5841);
#4838=AXIS2_PLACEMENT_3D('',#10658,#5842,#5843);
#4839=AXIS2_PLACEMENT_3D('',#10660,#5845,#5846);
#4840=AXIS2_PLACEMENT_3D('',#10662,#5847,#5848);
#4841=AXIS2_PLACEMENT_3D('',#10665,#5850,#5851);
#4842=AXIS2_PLACEMENT_3D('',#10667,#5853,#5854);
#4843=AXIS2_PLACEMENT_3D('',#10669,#5855,#5856);
#4844=AXIS2_PLACEMENT_3D('',#10672,#5858,#5859);
#4845=AXIS2_PLACEMENT_3D('',#10674,#5860,#5861);
#4846=AXIS2_PLACEMENT_3D('',#10676,#5863,#5864);
#4847=AXIS2_PLACEMENT_3D('',#10677,#5865,#5866);
#4848=AXIS2_PLACEMENT_3D('',#10678,#5867,#5868);
#4849=AXIS2_PLACEMENT_3D('',#10679,#5869,#5870);
#4850=AXIS2_PLACEMENT_3D('',#10680,#5871,#5872);
#4851=AXIS2_PLACEMENT_3D('',#10681,#5873,#5874);
#4852=AXIS2_PLACEMENT_3D('',#10682,#5875,#5876);
#4853=AXIS2_PLACEMENT_3D('',#10683,#5877,#5878);
#4854=AXIS2_PLACEMENT_3D('',#10684,#5879,#5880);
#4855=AXIS2_PLACEMENT_3D('',#10685,#5881,#5882);
#4856=AXIS2_PLACEMENT_3D('',#10686,#5883,#5884);
#4857=AXIS2_PLACEMENT_3D('',#10687,#5885,#5886);
#4858=AXIS2_PLACEMENT_3D('',#10688,#5887,#5888);
#4859=AXIS2_PLACEMENT_3D('',#10689,#5889,#5890);
#4860=AXIS2_PLACEMENT_3D('',#10690,#5891,#5892);
#4861=AXIS2_PLACEMENT_3D('',#10691,#5893,#5894);
#4862=AXIS2_PLACEMENT_3D('',#10693,#5895,#5896);
#4863=AXIS2_PLACEMENT_3D('',#10696,#5898,#5899);
#4864=AXIS2_PLACEMENT_3D('',#10697,#5900,#5901);
#4865=AXIS2_PLACEMENT_3D('',#10699,#5902,#5903);
#4866=AXIS2_PLACEMENT_3D('',#10701,#5905,#5906);
#4867=AXIS2_PLACEMENT_3D('',#10704,#5907,#5908);
#4868=AXIS2_PLACEMENT_3D('',#10708,#5910,#5911);
#4869=AXIS2_PLACEMENT_3D('',#10710,#5913,#5914);
#4870=AXIS2_PLACEMENT_3D('',#10712,#5915,#5916);
#4871=AXIS2_PLACEMENT_3D('',#10714,#5917,#5918);
#4872=AXIS2_PLACEMENT_3D('',#10716,#5920,#5921);
#4873=AXIS2_PLACEMENT_3D('',#10718,#5922,#5923);
#4874=AXIS2_PLACEMENT_3D('',#10720,#5924,#5925);
#4875=AXIS2_PLACEMENT_3D('',#10722,#5927,#5928);
#4876=AXIS2_PLACEMENT_3D('',#10724,#5929,#5930);
#4877=AXIS2_PLACEMENT_3D('',#10726,#5931,#5932);
#4878=AXIS2_PLACEMENT_3D('',#10728,#5934,#5935);
#4879=AXIS2_PLACEMENT_3D('',#10730,#5936,#5937);
#4880=AXIS2_PLACEMENT_3D('',#10732,#5938,#5939);
#4881=AXIS2_PLACEMENT_3D('',#10734,#5941,#5942);
#4882=AXIS2_PLACEMENT_3D('',#10736,#5943,#5944);
#4883=AXIS2_PLACEMENT_3D('',#10738,#5945,#5946);
#4884=AXIS2_PLACEMENT_3D('',#10740,#5948,#5949);
#4885=AXIS2_PLACEMENT_3D('',#10742,#5950,#5951);
#4886=AXIS2_PLACEMENT_3D('',#10744,#5952,#5953);
#4887=AXIS2_PLACEMENT_3D('',#10746,#5955,#5956);
#4888=AXIS2_PLACEMENT_3D('',#10748,#5957,#5958);
#4889=AXIS2_PLACEMENT_3D('',#10750,#5959,#5960);
#4890=AXIS2_PLACEMENT_3D('',#10752,#5962,#5963);
#4891=AXIS2_PLACEMENT_3D('',#10754,#5964,#5965);
#4892=AXIS2_PLACEMENT_3D('',#10756,#5966,#5967);
#4893=AXIS2_PLACEMENT_3D('',#10758,#5969,#5970);
#4894=AXIS2_PLACEMENT_3D('',#10760,#5971,#5972);
#4895=AXIS2_PLACEMENT_3D('',#10762,#5973,#5974);
#4896=AXIS2_PLACEMENT_3D('',#10764,#5976,#5977);
#4897=AXIS2_PLACEMENT_3D('',#10766,#5978,#5979);
#4898=AXIS2_PLACEMENT_3D('',#10768,#5980,#5981);
#4899=AXIS2_PLACEMENT_3D('',#10770,#5983,#5984);
#4900=AXIS2_PLACEMENT_3D('',#10772,#5985,#5986);
#4901=AXIS2_PLACEMENT_3D('',#10774,#5987,#5988);
#4902=AXIS2_PLACEMENT_3D('',#10776,#5990,#5991);
#4903=AXIS2_PLACEMENT_3D('',#10778,#5992,#5993);
#4904=AXIS2_PLACEMENT_3D('',#10780,#5994,#5995);
#4905=AXIS2_PLACEMENT_3D('',#10782,#5997,#5998);
#4906=AXIS2_PLACEMENT_3D('',#10784,#5999,#6000);
#4907=AXIS2_PLACEMENT_3D('',#10786,#6001,#6002);
#4908=AXIS2_PLACEMENT_3D('',#10788,#6004,#6005);
#4909=AXIS2_PLACEMENT_3D('',#10790,#6006,#6007);
#4910=AXIS2_PLACEMENT_3D('',#10792,#6008,#6009);
#4911=AXIS2_PLACEMENT_3D('',#10794,#6011,#6012);
#4912=AXIS2_PLACEMENT_3D('',#10796,#6013,#6014);
#4913=AXIS2_PLACEMENT_3D('',#10798,#6015,#6016);
#4914=AXIS2_PLACEMENT_3D('',#10800,#6018,#6019);
#4915=AXIS2_PLACEMENT_3D('',#10802,#6020,#6021);
#4916=AXIS2_PLACEMENT_3D('',#10804,#6022,#6023);
#4917=AXIS2_PLACEMENT_3D('',#10806,#6025,#6026);
#4918=AXIS2_PLACEMENT_3D('',#10808,#6027,#6028);
#4919=AXIS2_PLACEMENT_3D('',#10810,#6029,#6030);
#4920=AXIS2_PLACEMENT_3D('',#10812,#6032,#6033);
#4921=AXIS2_PLACEMENT_3D('',#10814,#6034,#6035);
#4922=AXIS2_PLACEMENT_3D('',#10816,#6036,#6037);
#4923=AXIS2_PLACEMENT_3D('',#10818,#6039,#6040);
#4924=AXIS2_PLACEMENT_3D('',#10820,#6041,#6042);
#4925=AXIS2_PLACEMENT_3D('',#10822,#6043,#6044);
#4926=AXIS2_PLACEMENT_3D('',#10824,#6046,#6047);
#4927=AXIS2_PLACEMENT_3D('',#10826,#6048,#6049);
#4928=AXIS2_PLACEMENT_3D('',#10828,#6050,#6051);
#4929=AXIS2_PLACEMENT_3D('',#10830,#6053,#6054);
#4930=AXIS2_PLACEMENT_3D('',#10832,#6055,#6056);
#4931=AXIS2_PLACEMENT_3D('',#10834,#6057,#6058);
#4932=AXIS2_PLACEMENT_3D('',#10836,#6060,#6061);
#4933=AXIS2_PLACEMENT_3D('',#10838,#6062,#6063);
#4934=AXIS2_PLACEMENT_3D('',#10840,#6064,#6065);
#4935=AXIS2_PLACEMENT_3D('',#10842,#6067,#6068);
#4936=AXIS2_PLACEMENT_3D('',#10844,#6069,#6070);
#4937=AXIS2_PLACEMENT_3D('',#10846,#6071,#6072);
#4938=AXIS2_PLACEMENT_3D('',#10848,#6074,#6075);
#4939=AXIS2_PLACEMENT_3D('',#10850,#6076,#6077);
#4940=AXIS2_PLACEMENT_3D('',#10852,#6078,#6079);
#4941=AXIS2_PLACEMENT_3D('',#10854,#6081,#6082);
#4942=AXIS2_PLACEMENT_3D('',#10856,#6083,#6084);
#4943=AXIS2_PLACEMENT_3D('',#10858,#6085,#6086);
#4944=AXIS2_PLACEMENT_3D('',#10860,#6088,#6089);
#4945=AXIS2_PLACEMENT_3D('',#10862,#6090,#6091);
#4946=AXIS2_PLACEMENT_3D('',#10864,#6092,#6093);
#4947=AXIS2_PLACEMENT_3D('',#10866,#6095,#6096);
#4948=AXIS2_PLACEMENT_3D('',#10868,#6097,#6098);
#4949=AXIS2_PLACEMENT_3D('',#10870,#6099,#6100);
#4950=AXIS2_PLACEMENT_3D('',#10872,#6102,#6103);
#4951=AXIS2_PLACEMENT_3D('',#10874,#6104,#6105);
#4952=AXIS2_PLACEMENT_3D('',#10876,#6106,#6107);
#4953=AXIS2_PLACEMENT_3D('',#10878,#6109,#6110);
#4954=AXIS2_PLACEMENT_3D('',#10880,#6111,#6112);
#4955=AXIS2_PLACEMENT_3D('',#10882,#6113,#6114);
#4956=AXIS2_PLACEMENT_3D('',#10884,#6116,#6117);
#4957=AXIS2_PLACEMENT_3D('',#10886,#6118,#6119);
#4958=AXIS2_PLACEMENT_3D('',#10888,#6120,#6121);
#4959=AXIS2_PLACEMENT_3D('',#10890,#6123,#6124);
#4960=AXIS2_PLACEMENT_3D('',#10892,#6125,#6126);
#4961=AXIS2_PLACEMENT_3D('',#10894,#6127,#6128);
#4962=AXIS2_PLACEMENT_3D('',#10896,#6130,#6131);
#4963=AXIS2_PLACEMENT_3D('',#10898,#6132,#6133);
#4964=AXIS2_PLACEMENT_3D('',#10900,#6134,#6135);
#4965=AXIS2_PLACEMENT_3D('',#10902,#6137,#6138);
#4966=AXIS2_PLACEMENT_3D('',#10904,#6139,#6140);
#4967=AXIS2_PLACEMENT_3D('',#10906,#6141,#6142);
#4968=AXIS2_PLACEMENT_3D('',#10908,#6144,#6145);
#4969=AXIS2_PLACEMENT_3D('',#10910,#6146,#6147);
#4970=AXIS2_PLACEMENT_3D('',#10912,#6148,#6149);
#4971=AXIS2_PLACEMENT_3D('',#10914,#6151,#6152);
#4972=AXIS2_PLACEMENT_3D('',#10916,#6153,#6154);
#4973=AXIS2_PLACEMENT_3D('',#10918,#6155,#6156);
#4974=AXIS2_PLACEMENT_3D('',#10920,#6158,#6159);
#4975=AXIS2_PLACEMENT_3D('',#10922,#6160,#6161);
#4976=AXIS2_PLACEMENT_3D('',#10924,#6162,#6163);
#4977=AXIS2_PLACEMENT_3D('',#10926,#6165,#6166);
#4978=AXIS2_PLACEMENT_3D('',#10928,#6167,#6168);
#4979=AXIS2_PLACEMENT_3D('',#10930,#6169,#6170);
#4980=AXIS2_PLACEMENT_3D('',#10932,#6172,#6173);
#4981=AXIS2_PLACEMENT_3D('',#10934,#6174,#6175);
#4982=AXIS2_PLACEMENT_3D('',#10936,#6176,#6177);
#4983=AXIS2_PLACEMENT_3D('',#10938,#6179,#6180);
#4984=AXIS2_PLACEMENT_3D('',#10940,#6181,#6182);
#4985=AXIS2_PLACEMENT_3D('',#10942,#6183,#6184);
#4986=AXIS2_PLACEMENT_3D('',#10944,#6186,#6187);
#4987=AXIS2_PLACEMENT_3D('',#10946,#6188,#6189);
#4988=AXIS2_PLACEMENT_3D('',#10948,#6190,#6191);
#4989=AXIS2_PLACEMENT_3D('',#10950,#6193,#6194);
#4990=AXIS2_PLACEMENT_3D('',#10952,#6195,#6196);
#4991=AXIS2_PLACEMENT_3D('',#10954,#6197,#6198);
#4992=AXIS2_PLACEMENT_3D('',#10956,#6200,#6201);
#4993=AXIS2_PLACEMENT_3D('',#10958,#6202,#6203);
#4994=AXIS2_PLACEMENT_3D('',#10960,#6204,#6205);
#4995=AXIS2_PLACEMENT_3D('',#10962,#6207,#6208);
#4996=AXIS2_PLACEMENT_3D('',#10964,#6209,#6210);
#4997=AXIS2_PLACEMENT_3D('',#10966,#6211,#6212);
#4998=AXIS2_PLACEMENT_3D('',#10968,#6214,#6215);
#4999=AXIS2_PLACEMENT_3D('',#10970,#6216,#6217);
#5000=AXIS2_PLACEMENT_3D('',#10972,#6218,#6219);
#5001=AXIS2_PLACEMENT_3D('',#10974,#6221,#6222);
#5002=AXIS2_PLACEMENT_3D('',#10976,#6223,#6224);
#5003=AXIS2_PLACEMENT_3D('',#10978,#6225,#6226);
#5004=AXIS2_PLACEMENT_3D('',#10980,#6228,#6229);
#5005=AXIS2_PLACEMENT_3D('',#10982,#6230,#6231);
#5006=AXIS2_PLACEMENT_3D('',#10984,#6232,#6233);
#5007=AXIS2_PLACEMENT_3D('',#10986,#6235,#6236);
#5008=AXIS2_PLACEMENT_3D('',#10987,#6237,#6238);
#5009=AXIS2_PLACEMENT_3D('',#10988,#6239,#6240);
#5010=AXIS2_PLACEMENT_3D('',#10989,#6241,#6242);
#5011=AXIS2_PLACEMENT_3D('',#10990,#6243,#6244);
#5012=AXIS2_PLACEMENT_3D('',#10991,#6245,#6246);
#5013=AXIS2_PLACEMENT_3D('',#10992,#6247,#6248);
#5014=AXIS2_PLACEMENT_3D('',#10993,#6249,#6250);
#5015=AXIS2_PLACEMENT_3D('',#10994,#6251,#6252);
#5016=AXIS2_PLACEMENT_3D('',#10995,#6253,#6254);
#5017=AXIS2_PLACEMENT_3D('',#11004,#6259,#6260);
#5018=AXIS2_PLACEMENT_3D('',#11010,#6264,#6265);
#5019=AXIS2_PLACEMENT_3D('',#11016,#6269,#6270);
#5020=AXIS2_PLACEMENT_3D('',#11019,#6273,#6274);
#5021=AXIS2_PLACEMENT_3D('',#11020,#6275,#6276);
#5022=AXIS2_PLACEMENT_3D('',#11022,#6277,#6278);
#5023=AXIS2_PLACEMENT_3D('',#11025,#6280,#6281);
#5024=AXIS2_PLACEMENT_3D('',#11026,#6282,#6283);
#5025=AXIS2_PLACEMENT_3D('',#11027,#6284,#6285);
#5026=AXIS2_PLACEMENT_3D('',#11028,#6286,#6287);
#5027=DIRECTION('axis',(0.,0.,1.));
#5028=DIRECTION('refdir',(1.,0.,0.));
#5029=DIRECTION('axis',(0.,0.,1.));
#5030=DIRECTION('refdir',(1.,0.,0.));
#5031=DIRECTION('axis',(0.,0.,1.));
#5032=DIRECTION('refdir',(1.,0.,0.));
#5033=DIRECTION('center_axis',(0.,0.,-1.));
#5034=DIRECTION('ref_axis',(-1.,0.,0.));
#5035=DIRECTION('',(0.,0.,1.));
#5036=DIRECTION('center_axis',(0.,0.,1.));
#5037=DIRECTION('ref_axis',(1.,0.,0.));
#5038=DIRECTION('center_axis',(0.,0.,-1.));
#5039=DIRECTION('ref_axis',(-1.,0.,0.));
#5040=DIRECTION('',(0.,0.,1.));
#5041=DIRECTION('center_axis',(0.,0.,-1.));
#5042=DIRECTION('ref_axis',(-1.,0.,0.));
#5043=DIRECTION('',(0.,0.,1.));
#5044=DIRECTION('center_axis',(0.,0.,-1.));
#5045=DIRECTION('ref_axis',(-1.,0.,0.));
#5046=DIRECTION('',(0.,0.,1.));
#5047=DIRECTION('center_axis',(0.,0.,-1.));
#5048=DIRECTION('ref_axis',(-1.,0.,0.));
#5049=DIRECTION('',(0.,0.,1.));
#5050=DIRECTION('center_axis',(0.,0.,-1.));
#5051=DIRECTION('ref_axis',(-1.,0.,0.));
#5052=DIRECTION('',(0.,0.,1.));
#5053=DIRECTION('center_axis',(0.,0.,-1.));
#5054=DIRECTION('ref_axis',(-1.,0.,0.));
#5055=DIRECTION('',(0.,0.,1.));
#5056=DIRECTION('center_axis',(0.,0.,-1.));
#5057=DIRECTION('ref_axis',(-1.,0.,0.));
#5058=DIRECTION('',(0.,0.,1.));
#5059=DIRECTION('center_axis',(0.,0.,1.));
#5060=DIRECTION('ref_axis',(1.,0.,0.));
#5061=DIRECTION('',(0.,0.,-1.));
#5062=DIRECTION('center_axis',(0.,0.,-1.));
#5063=DIRECTION('ref_axis',(1.,-1.77635683940025E-15,0.));
#5064=DIRECTION('center_axis',(0.,0.,1.));
#5065=DIRECTION('ref_axis',(1.,0.,0.));
#5066=DIRECTION('',(0.,0.,-1.));
#5067=DIRECTION('center_axis',(0.,0.,1.));
#5068=DIRECTION('ref_axis',(1.,0.,0.));
#5069=DIRECTION('',(0.,0.,-1.));
#5070=DIRECTION('center_axis',(0.,0.,1.));
#5071=DIRECTION('ref_axis',(1.,0.,0.));
#5072=DIRECTION('',(0.,0.,-1.));
#5073=DIRECTION('center_axis',(0.,0.,1.));
#5074=DIRECTION('ref_axis',(1.,0.,0.));
#5075=DIRECTION('',(0.,0.,-1.));
#5076=DIRECTION('center_axis',(0.,0.,1.));
#5077=DIRECTION('ref_axis',(1.,0.,0.));
#5078=DIRECTION('',(0.,0.,-1.));
#5079=DIRECTION('center_axis',(0.,0.,1.));
#5080=DIRECTION('ref_axis',(1.,0.,0.));
#5081=DIRECTION('',(0.,0.,-1.));
#5082=DIRECTION('center_axis',(0.,0.,1.));
#5083=DIRECTION('ref_axis',(1.,0.,0.));
#5084=DIRECTION('',(0.,0.,-1.));
#5085=DIRECTION('center_axis',(0.,0.,1.));
#5086=DIRECTION('ref_axis',(1.,0.,0.));
#5087=DIRECTION('',(0.,0.,-1.));
#5088=DIRECTION('center_axis',(0.,0.,1.));
#5089=DIRECTION('ref_axis',(1.,0.,0.));
#5090=DIRECTION('',(0.,0.,-1.));
#5091=DIRECTION('center_axis',(0.,0.,1.));
#5092=DIRECTION('ref_axis',(1.,0.,0.));
#5093=DIRECTION('',(0.293995894686118,3.60041131389817E-17,-0.955806682288688));
#5094=DIRECTION('',(0.293995894686118,3.60041131389817E-17,-0.955806682288688));
#5095=DIRECTION('center_axis',(0.,0.,1.));
#5096=DIRECTION('ref_axis',(1.,0.,0.));
#5097=DIRECTION('center_axis',(1.21154403123964E-16,-6.9948527257128E-17,
1.));
#5098=DIRECTION('ref_axis',(1.,8.47457206923767E-33,-1.21154403123964E-16));
#5099=DIRECTION('center_axis',(1.21154403123964E-16,-6.9948527257128E-17,
1.));
#5100=DIRECTION('ref_axis',(-0.50000000000001,0.866025403784433,1.21154403123964E-16));
#5101=DIRECTION('',(1.21154403123964E-16,-6.9948527257128E-17,1.));
#5102=DIRECTION('center_axis',(1.21154403123964E-16,-6.9948527257128E-17,
1.));
#5103=DIRECTION('ref_axis',(-0.50000000000001,0.866025403784433,1.21154403123964E-16));
#5104=DIRECTION('',(1.21154403123964E-16,-6.9948527257128E-17,1.));
#5105=DIRECTION('center_axis',(1.21154403123965E-16,-2.09845581771387E-16,
1.));
#5106=DIRECTION('ref_axis',(-2.54237162077137E-32,-1.,-2.09845581771387E-16));
#5107=DIRECTION('center_axis',(1.21154403123965E-16,-2.09845581771387E-16,
1.));
#5108=DIRECTION('ref_axis',(0.499999999999992,0.866025403784443,1.21154403123965E-16));
#5109=DIRECTION('',(1.21154403123965E-16,-2.09845581771387E-16,1.));
#5110=DIRECTION('center_axis',(1.21154403123965E-16,-2.09845581771387E-16,
1.));
#5111=DIRECTION('ref_axis',(0.499999999999992,0.866025403784443,1.21154403123965E-16));
#5112=DIRECTION('',(1.21154403123965E-16,-2.09845581771387E-16,1.));
#5113=DIRECTION('center_axis',(9.76895910391311E-31,-2.79794109028518E-16,
1.));
#5114=DIRECTION('ref_axis',(-2.7332972086154E-46,-1.,-2.79794109028518E-16));
#5115=DIRECTION('center_axis',(9.76895910391311E-31,-2.79794109028518E-16,
1.));
#5116=DIRECTION('ref_axis',(1.,6.79902818132007E-15,9.25432121860922E-31));
#5117=DIRECTION('',(9.76895910391311E-31,-2.79794109028518E-16,1.));
#5118=DIRECTION('center_axis',(9.76895910391311E-31,-2.79794109028518E-16,
1.));
#5119=DIRECTION('ref_axis',(1.,6.79902818132007E-15,9.25432121860922E-31));
#5120=DIRECTION('',(9.76895910391311E-31,-2.79794109028518E-16,1.));
#5121=DIRECTION('center_axis',(-1.21154403123964E-16,-2.09845581771389E-16,
1.));
#5122=DIRECTION('ref_axis',(2.54237162077137E-32,-1.,-2.09845581771389E-16));
#5123=DIRECTION('center_axis',(-1.21154403123964E-16,-2.09845581771389E-16,
1.));
#5124=DIRECTION('ref_axis',(0.500000000000004,-0.866025403784436,-1.21154403123964E-16));
#5125=DIRECTION('',(-1.21154403123964E-16,-2.09845581771389E-16,1.));
#5126=DIRECTION('center_axis',(-1.21154403123964E-16,-2.09845581771389E-16,
1.));
#5127=DIRECTION('ref_axis',(0.500000000000004,-0.866025403784436,-1.21154403123964E-16));
#5128=DIRECTION('',(-1.21154403123964E-16,-2.09845581771389E-16,1.));
#5129=DIRECTION('center_axis',(-1.21154403123965E-16,-6.99485272571297E-17,
1.));
#5130=DIRECTION('ref_axis',(1.,-8.47457206923794E-33,1.21154403123965E-16));
#5131=DIRECTION('center_axis',(1.21154403123965E-16,6.99485272571297E-17,
-1.));
#5132=DIRECTION('ref_axis',(0.499999999999998,0.86602540378444,1.21154403123965E-16));
#5133=DIRECTION('',(-1.21154403123965E-16,-6.99485272571297E-17,1.));
#5134=DIRECTION('center_axis',(1.21154403123965E-16,6.99485272571297E-17,
-1.));
#5135=DIRECTION('ref_axis',(0.499999999999998,0.86602540378444,1.21154403123965E-16));
#5136=DIRECTION('center_axis',(0.,0.,1.));
#5137=DIRECTION('ref_axis',(1.,0.,0.));
#5138=DIRECTION('center_axis',(0.,0.,1.));
#5139=DIRECTION('ref_axis',(1.,0.,0.));
#5140=DIRECTION('center_axis',(0.,5.02416507231453E-31,-1.));
#5141=DIRECTION('ref_axis',(0.,1.,0.));
#5142=DIRECTION('center_axis',(0.,5.02416507231453E-31,-1.));
#5143=DIRECTION('ref_axis',(0.,1.,5.02416507231453E-31));
#5144=DIRECTION('center_axis',(-1.,1.22464679914735E-16,6.15282767419792E-47));
#5145=DIRECTION('ref_axis',(-1.22464679914735E-16,-1.,0.));
#5146=DIRECTION('center_axis',(0.,5.02416507231453E-31,-1.));
#5147=DIRECTION('ref_axis',(0.,1.,5.02416507231453E-31));
#5148=DIRECTION('center_axis',(0.,5.02416507231453E-31,-1.));
#5149=DIRECTION('ref_axis',(0.,1.,5.02416507231453E-31));
#5150=DIRECTION('center_axis',(0.,0.,-1.));
#5151=DIRECTION('ref_axis',(-1.,0.,0.));
#5152=DIRECTION('center_axis',(0.,0.,1.));
#5153=DIRECTION('ref_axis',(1.,0.,0.));
#5154=DIRECTION('',(0.,0.,1.));
#5155=DIRECTION('center_axis',(0.,0.,1.));
#5156=DIRECTION('ref_axis',(1.,0.,0.));
#5157=DIRECTION('center_axis',(0.,0.,1.));
#5158=DIRECTION('ref_axis',(1.,0.,0.));
#5159=DIRECTION('center_axis',(0.,0.,-1.));
#5160=DIRECTION('ref_axis',(-1.,0.,0.));
#5161=DIRECTION('',(-1.66038990685579E-14,-0.86602540378444,0.499999999999998));
#5162=DIRECTION('',(-1.66038990685579E-14,-0.86602540378444,0.499999999999998));
#5163=DIRECTION('',(1.66038990685579E-14,0.86602540378444,0.499999999999998));
#5164=DIRECTION('',(1.66038990685579E-14,0.86602540378444,0.499999999999998));
#5165=DIRECTION('',(1.66038990685579E-14,0.86602540378444,0.499999999999998));
#5166=DIRECTION('center_axis',(0.,0.,1.));
#5167=DIRECTION('ref_axis',(1.,0.,0.));
#5168=DIRECTION('center_axis',(0.,0.,1.));
#5169=DIRECTION('ref_axis',(1.,0.,0.));
#5170=DIRECTION('center_axis',(-1.21154403123965E-16,-6.99485272571297E-17,
1.));
#5171=DIRECTION('ref_axis',(-0.499999999999998,-0.86602540378444,-1.21154403123965E-16));
#5172=DIRECTION('center_axis',(0.,0.,-1.));
#5173=DIRECTION('ref_axis',(1.,0.,0.));
#5174=DIRECTION('center_axis',(0.,0.,1.));
#5175=DIRECTION('ref_axis',(-1.,0.,0.));
#5176=DIRECTION('center_axis',(0.,0.,-1.));
#5177=DIRECTION('ref_axis',(1.,0.,0.));
#5178=DIRECTION('center_axis',(-1.21154403123965E-16,2.09845581771387E-16,
-1.));
#5179=DIRECTION('ref_axis',(-0.499999999999992,-0.866025403784443,-1.21154403123965E-16));
#5180=DIRECTION('center_axis',(-9.76895910391311E-31,2.79794109028518E-16,
-1.));
#5181=DIRECTION('ref_axis',(-1.,-6.79902818132007E-15,-9.25432121860922E-31));
#5182=DIRECTION('center_axis',(1.21154403123964E-16,2.09845581771389E-16,
-1.));
#5183=DIRECTION('ref_axis',(-0.500000000000004,0.866025403784436,1.21154403123964E-16));
#5184=DIRECTION('',(-1.96806393667716E-14,-0.86602540378444,0.499999999999998));
#5185=DIRECTION('',(1.96806393667716E-14,0.86602540378444,0.499999999999998));
#5186=DIRECTION('',(1.96806393667716E-14,0.86602540378444,0.499999999999998));
#5187=DIRECTION('',(-1.96806393667716E-14,-0.86602540378444,0.499999999999998));
#5188=DIRECTION('',(-1.96806393667716E-14,-0.86602540378444,0.499999999999998));
#5189=DIRECTION('',(1.96806393667716E-14,0.86602540378444,0.499999999999998));
#5190=DIRECTION('',(1.96806393667716E-14,0.86602540378444,0.499999999999998));
#5191=DIRECTION('',(-1.96806393667716E-14,-0.86602540378444,0.499999999999998));
#5192=DIRECTION('',(-1.66038990685579E-14,-0.86602540378444,0.499999999999998));
#5193=DIRECTION('',(1.66038990685579E-14,0.86602540378444,0.499999999999998));
#5194=DIRECTION('',(1.66038990685579E-14,0.86602540378444,0.499999999999998));
#5195=DIRECTION('',(-1.66038990685579E-14,-0.86602540378444,0.499999999999998));
#5196=DIRECTION('',(-1.66038990685579E-14,-0.86602540378444,0.499999999999998));
#5197=DIRECTION('',(1.66038990685579E-14,0.86602540378444,0.499999999999998));
#5198=DIRECTION('center_axis',(0.,0.,1.));
#5199=DIRECTION('ref_axis',(1.,0.,0.));
#5200=DIRECTION('center_axis',(0.,0.,1.));
#5201=DIRECTION('ref_axis',(1.,0.,0.));
#5202=DIRECTION('',(-1.21154403123965E-16,-6.99485272571297E-17,1.));
#5203=DIRECTION('center_axis',(0.,0.,-1.));
#5204=DIRECTION('ref_axis',(1.,0.,0.));
#5205=DIRECTION('',(0.,0.,1.));
#5206=DIRECTION('center_axis',(0.,0.,1.));
#5207=DIRECTION('ref_axis',(1.,0.,0.));
#5208=DIRECTION('center_axis',(0.,0.,1.));
#5209=DIRECTION('ref_axis',(-1.,0.,0.));
#5210=DIRECTION('',(0.,0.,1.));
#5211=DIRECTION('center_axis',(0.,0.,1.));
#5212=DIRECTION('ref_axis',(1.,0.,0.));
#5213=DIRECTION('center_axis',(0.,0.,-1.));
#5214=DIRECTION('ref_axis',(1.,0.,0.));
#5215=DIRECTION('center_axis',(0.,0.,1.));
#5216=DIRECTION('ref_axis',(1.,0.,0.));
#5217=DIRECTION('center_axis',(-1.21154403123965E-16,-6.99485272571297E-17,
1.));
#5218=DIRECTION('ref_axis',(-0.499999999999998,-0.86602540378444,-1.21154403123965E-16));
#5219=DIRECTION('center_axis',(1.21154403123964E-16,2.09845581771389E-16,
-1.));
#5220=DIRECTION('ref_axis',(-0.500000000000004,0.866025403784436,1.21154403123964E-16));
#5221=DIRECTION('center_axis',(-9.76895910391311E-31,2.79794109028518E-16,
-1.));
#5222=DIRECTION('ref_axis',(-1.,-6.79902818132007E-15,-9.25432121860922E-31));
#5223=DIRECTION('center_axis',(-1.21154403123965E-16,2.09845581771387E-16,
-1.));
#5224=DIRECTION('ref_axis',(-0.499999999999992,-0.866025403784443,-1.21154403123965E-16));
#5225=DIRECTION('center_axis',(-1.21154403123965E-16,-6.99485272571297E-17,
1.));
#5226=DIRECTION('ref_axis',(-0.86602540378444,0.499999999999998,-6.99485272571297E-17));
#5227=DIRECTION('center_axis',(-1.21154403123964E-16,-2.09845581771389E-16,
1.));
#5228=DIRECTION('ref_axis',(0.500000000000001,0.866025403784438,2.4230880624793E-16));
#5229=DIRECTION('center_axis',(9.76895910391311E-31,-2.79794109028518E-16,
1.));
#5230=DIRECTION('ref_axis',(-0.5,0.866025403784439,2.4230880624793E-16));
#5231=DIRECTION('center_axis',(1.21154403123965E-16,-2.09845581771387E-16,
1.));
#5232=DIRECTION('ref_axis',(-2.54237162077137E-32,-1.,-2.09845581771387E-16));
#5233=DIRECTION('center_axis',(0.,1.,0.));
#5234=DIRECTION('ref_axis',(0.,0.,1.));
#5235=DIRECTION('center_axis',(0.,-1.,0.));
#5236=DIRECTION('ref_axis',(0.,0.,1.));
#5237=DIRECTION('',(-1.04972719113862E-16,-0.515038074910054,0.857167300702112));
#5238=DIRECTION('center_axis',(2.73184799366426E-16,0.,-1.));
#5239=DIRECTION('ref_axis',(-1.,0.,-2.73184799366426E-16));
#5240=DIRECTION('',(1.,0.,2.73184799366426E-16));
#5241=DIRECTION('',(0.,1.,0.));
#5242=DIRECTION('',(-1.,0.,-2.73184799366426E-16));
#5243=DIRECTION('',(0.,1.,0.));
#5244=DIRECTION('center_axis',(2.73184799366426E-16,0.,1.));
#5245=DIRECTION('ref_axis',(1.,0.,-2.73184799366426E-16));
#5246=DIRECTION('',(-1.,0.,2.73184799366426E-16));
#5247=DIRECTION('',(0.,-1.,0.));
#5248=DIRECTION('',(1.,0.,-2.73184799366426E-16));
#5249=DIRECTION('',(0.,1.,0.));
#5250=DIRECTION('center_axis',(0.,1.,0.));
#5251=DIRECTION('ref_axis',(0.,0.,-1.));
#5252=DIRECTION('center_axis',(0.,-1.,0.));
#5253=DIRECTION('ref_axis',(0.,0.,-1.));
#5254=DIRECTION('center_axis',(0.,1.,0.));
#5255=DIRECTION('ref_axis',(0.,0.,-1.));
#5256=DIRECTION('center_axis',(0.,1.,0.));
#5257=DIRECTION('ref_axis',(-1.,0.,0.));
#5258=DIRECTION('',(0.,0.,1.));
#5259=DIRECTION('center_axis',(0.,1.,0.));
#5260=DIRECTION('ref_axis',(0.,0.,-1.));
#5261=DIRECTION('',(0.,0.,1.));
#5262=DIRECTION('center_axis',(0.,-1.,0.));
#5263=DIRECTION('ref_axis',(-0.707106781186548,0.,-0.707106781186548));
#5264=DIRECTION('',(-1.,0.,0.));
#5265=DIRECTION('center_axis',(0.,-1.,0.));
#5266=DIRECTION('ref_axis',(-0.707106781186554,0.,-0.707106781186541));
#5267=DIRECTION('',(0.,0.,-1.));
#5268=DIRECTION('center_axis',(0.,-1.,0.));
#5269=DIRECTION('ref_axis',(-0.707106781186538,0.,0.707106781186557));
#5270=DIRECTION('',(1.,0.,0.));
#5271=DIRECTION('center_axis',(0.,-1.,0.));
#5272=DIRECTION('ref_axis',(-0.719546324832702,0.,0.694444444444443));
#5273=DIRECTION('',(-1.,0.,0.));
#5274=DIRECTION('center_axis',(0.,-1.,0.));
#5275=DIRECTION('ref_axis',(-0.707106781186551,0.,-0.707106781186544));
#5276=DIRECTION('',(0.,0.,-1.));
#5277=DIRECTION('center_axis',(0.,-1.,0.));
#5278=DIRECTION('ref_axis',(-0.70710678118654,0.,0.707106781186555));
#5279=DIRECTION('',(1.,0.,0.));
#5280=DIRECTION('center_axis',(0.,-1.,0.));
#5281=DIRECTION('ref_axis',(-0.719546324832702,0.,0.694444444444443));
#5282=DIRECTION('',(-1.,0.,0.));
#5283=DIRECTION('',(0.,0.,-1.));
#5284=DIRECTION('center_axis',(0.,-1.,0.));
#5285=DIRECTION('ref_axis',(-0.707106781186551,0.,0.707106781186544));
#5286=DIRECTION('',(-1.,0.,0.));
#5287=DIRECTION('center_axis',(0.,-1.,0.));
#5288=DIRECTION('ref_axis',(-0.707106781186544,0.,0.707106781186551));
#5289=DIRECTION('',(0.,0.,1.));
#5290=DIRECTION('center_axis',(-1.36592399683213E-16,0.,-1.));
#5291=DIRECTION('ref_axis',(-1.,0.,1.36592399683213E-16));
#5292=DIRECTION('',(1.,0.,-1.36592399683213E-16));
#5293=DIRECTION('',(0.,-1.,0.));
#5294=DIRECTION('',(-1.,0.,1.36592399683213E-16));
#5295=DIRECTION('',(0.,1.,0.));
#5296=DIRECTION('center_axis',(0.,1.,0.));
#5297=DIRECTION('ref_axis',(0.,0.,1.));
#5298=DIRECTION('center_axis',(0.,-1.,0.));
#5299=DIRECTION('ref_axis',(0.,0.,1.));
#5300=DIRECTION('center_axis',(0.,1.,0.));
#5301=DIRECTION('ref_axis',(0.,0.,1.));
#5302=DIRECTION('',(0.,1.,0.));
#5303=DIRECTION('center_axis',(-1.0244429976241E-16,0.,1.));
#5304=DIRECTION('ref_axis',(1.,0.,1.0244429976241E-16));
#5305=DIRECTION('',(-1.,0.,-1.0244429976241E-16));
#5306=DIRECTION('',(1.,0.,1.0244429976241E-16));
#5307=DIRECTION('',(0.,1.,0.));
#5308=DIRECTION('center_axis',(0.,1.,0.));
#5309=DIRECTION('ref_axis',(-1.,0.,0.));
#5310=DIRECTION('',(0.,0.,-1.));
#5311=DIRECTION('center_axis',(0.,1.,0.));
#5312=DIRECTION('ref_axis',(0.,0.,1.));
#5313=DIRECTION('',(0.,0.,-1.));
#5314=DIRECTION('center_axis',(0.,-1.,0.));
#5315=DIRECTION('ref_axis',(0.707106781186551,0.,0.707106781186544));
#5316=DIRECTION('',(1.,0.,0.));
#5317=DIRECTION('center_axis',(0.,-1.,0.));
#5318=DIRECTION('ref_axis',(0.707106781186551,0.,0.707106781186544));
#5319=DIRECTION('',(0.,0.,1.));
#5320=DIRECTION('center_axis',(0.,-1.,0.));
#5321=DIRECTION('ref_axis',(0.707106781186538,0.,-0.707106781186557));
#5322=DIRECTION('',(-1.,0.,0.));
#5323=DIRECTION('center_axis',(0.,-1.,0.));
#5324=DIRECTION('ref_axis',(0.719546324832702,0.,-0.694444444444443));
#5325=DIRECTION('',(1.,0.,0.));
#5326=DIRECTION('center_axis',(0.,-1.,0.));
#5327=DIRECTION('ref_axis',(0.707106781186552,0.,0.707106781186543));
#5328=DIRECTION('',(0.,0.,1.));
#5329=DIRECTION('center_axis',(0.,-1.,0.));
#5330=DIRECTION('ref_axis',(0.707106781186538,0.,-0.707106781186557));
#5331=DIRECTION('',(-1.,0.,0.));
#5332=DIRECTION('center_axis',(0.,-1.,0.));
#5333=DIRECTION('ref_axis',(0.719546324832702,0.,-0.694444444444443));
#5334=DIRECTION('',(1.,0.,0.));
#5335=DIRECTION('center_axis',(0.,-1.,0.));
#5336=DIRECTION('ref_axis',(0.707106781186551,0.,0.707106781186544));
#5337=DIRECTION('',(0.,0.,1.));
#5338=DIRECTION('center_axis',(0.,-1.,0.));
#5339=DIRECTION('ref_axis',(0.707106781186554,0.,-0.707106781186541));
#5340=DIRECTION('',(1.,0.,0.));
#5341=DIRECTION('center_axis',(0.,-1.,0.));
#5342=DIRECTION('ref_axis',(0.707106781186554,0.,-0.707106781186541));
#5343=DIRECTION('',(0.,0.,-1.));
#5344=DIRECTION('center_axis',(0.,1.,0.));
#5345=DIRECTION('ref_axis',(0.707106781186554,0.,-0.707106781186541));
#5346=DIRECTION('',(0.,-1.,0.));
#5347=DIRECTION('center_axis',(0.,1.,0.));
#5348=DIRECTION('ref_axis',(0.707106781186554,0.,-0.707106781186541));
#5349=DIRECTION('',(0.,1.,0.));
#5350=DIRECTION('center_axis',(0.,-1.,0.));
#5351=DIRECTION('ref_axis',(0.,0.,-1.));
#5352=DIRECTION('',(0.,0.,-1.));
#5353=DIRECTION('center_axis',(0.,1.,0.));
#5354=DIRECTION('ref_axis',(0.707106781186551,0.,0.707106781186544));
#5355=DIRECTION('',(-1.,0.,0.));
#5356=DIRECTION('center_axis',(0.,1.,0.));
#5357=DIRECTION('ref_axis',(0.719546324832702,0.,-0.694444444444443));
#5358=DIRECTION('',(1.,0.,0.));
#5359=DIRECTION('center_axis',(0.,1.,0.));
#5360=DIRECTION('ref_axis',(0.707106781186538,0.,-0.707106781186557));
#5361=DIRECTION('',(0.,0.,-1.));
#5362=DIRECTION('center_axis',(0.,1.,0.));
#5363=DIRECTION('ref_axis',(0.707106781186552,0.,0.707106781186543));
#5364=DIRECTION('',(-1.,0.,0.));
#5365=DIRECTION('center_axis',(0.,1.,0.));
#5366=DIRECTION('ref_axis',(0.719546324832702,0.,-0.694444444444443));
#5367=DIRECTION('',(1.,0.,0.));
#5368=DIRECTION('center_axis',(0.,1.,0.));
#5369=DIRECTION('ref_axis',(0.707106781186538,0.,-0.707106781186557));
#5370=DIRECTION('',(0.,0.,-1.));
#5371=DIRECTION('center_axis',(0.,1.,0.));
#5372=DIRECTION('ref_axis',(0.707106781186551,0.,0.707106781186544));
#5373=DIRECTION('',(-1.,0.,0.));
#5374=DIRECTION('center_axis',(0.,1.,0.));
#5375=DIRECTION('ref_axis',(0.707106781186551,0.,0.707106781186544));
#5376=DIRECTION('',(0.,0.,1.));
#5377=DIRECTION('center_axis',(0.,1.,0.));
#5378=DIRECTION('ref_axis',(0.707106781186554,0.,-0.707106781186541));
#5379=DIRECTION('',(1.,0.,0.));
#5380=DIRECTION('center_axis',(1.,0.,0.));
#5381=DIRECTION('ref_axis',(0.,0.,-1.));
#5382=DIRECTION('',(0.,1.,0.));
#5383=DIRECTION('center_axis',(0.,-1.,0.));
#5384=DIRECTION('ref_axis',(0.707106781186551,0.,0.707106781186544));
#5385=DIRECTION('',(0.,-1.,0.));
#5386=DIRECTION('center_axis',(0.,1.,0.));
#5387=DIRECTION('ref_axis',(0.707106781186538,0.,-0.707106781186557));
#5388=DIRECTION('',(0.,-1.,0.));
#5389=DIRECTION('',(0.,1.,0.));
#5390=DIRECTION('center_axis',(1.,0.,0.));
#5391=DIRECTION('ref_axis',(0.,0.,-1.));
#5392=DIRECTION('',(0.,1.,0.));
#5393=DIRECTION('center_axis',(0.,-1.,0.));
#5394=DIRECTION('ref_axis',(0.707106781186552,0.,0.707106781186543));
#5395=DIRECTION('',(0.,-1.,0.));
#5396=DIRECTION('center_axis',(0.,1.,0.));
#5397=DIRECTION('ref_axis',(0.707106781186538,0.,-0.707106781186557));
#5398=DIRECTION('',(0.,-1.,0.));
#5399=DIRECTION('',(0.,1.,0.));
#5400=DIRECTION('center_axis',(0.,0.,1.));
#5401=DIRECTION('ref_axis',(-1.,0.,0.));
#5402=DIRECTION('',(0.,-1.,0.));
#5403=DIRECTION('center_axis',(0.,-1.,0.));
#5404=DIRECTION('ref_axis',(0.707106781186551,0.,0.707106781186544));
#5405=DIRECTION('',(0.,1.,0.));
#5406=DIRECTION('',(0.,-1.,0.));
#5407=DIRECTION('center_axis',(0.,0.,-1.));
#5408=DIRECTION('ref_axis',(0.,-1.,0.));
#5409=DIRECTION('',(0.,-1.,0.));
#5410=DIRECTION('',(1.,0.,0.));
#5411=DIRECTION('',(0.978858702803383,0.204537624768838,0.));
#5412=DIRECTION('',(0.,1.,0.));
#5413=DIRECTION('',(0.,1.,0.));
#5414=DIRECTION('',(-1.,0.,0.));
#5415=DIRECTION('',(0.,1.,0.));
#5416=DIRECTION('',(1.,0.,0.));
#5417=DIRECTION('',(0.,-1.,0.));
#5418=DIRECTION('',(-1.,0.,0.));
#5419=DIRECTION('',(0.,1.,0.));
#5420=DIRECTION('',(1.,0.,0.));
#5421=DIRECTION('',(0.,-1.,0.));
#5422=DIRECTION('center_axis',(0.,-1.,0.));
#5423=DIRECTION('ref_axis',(-0.707106781186554,0.,-0.707106781186541));
#5424=DIRECTION('center_axis',(0.,1.,0.));
#5425=DIRECTION('ref_axis',(-0.707106781186554,0.,-0.707106781186541));
#5426=DIRECTION('',(0.,1.,0.));
#5427=DIRECTION('',(0.,-1.,0.));
#5428=DIRECTION('center_axis',(-1.,0.,0.));
#5429=DIRECTION('ref_axis',(0.,0.,1.));
#5430=DIRECTION('',(0.,0.,1.));
#5431=DIRECTION('',(0.,-1.,0.));
#5432=DIRECTION('center_axis',(0.,1.,0.));
#5433=DIRECTION('ref_axis',(-0.707106781186538,0.,0.707106781186557));
#5434=DIRECTION('center_axis',(0.,1.,0.));
#5435=DIRECTION('ref_axis',(-0.707106781186538,0.,0.707106781186557));
#5436=DIRECTION('',(0.,1.,0.));
#5437=DIRECTION('center_axis',(0.,-1.,0.));
#5438=DIRECTION('ref_axis',(-0.707106781186551,0.,-0.707106781186544));
#5439=DIRECTION('center_axis',(0.,1.,0.));
#5440=DIRECTION('ref_axis',(-0.707106781186551,0.,-0.707106781186544));
#5441=DIRECTION('',(0.,1.,0.));
#5442=DIRECTION('',(0.,-1.,0.));
#5443=DIRECTION('center_axis',(-1.,0.,0.));
#5444=DIRECTION('ref_axis',(0.,0.,1.));
#5445=DIRECTION('',(0.,0.,1.));
#5446=DIRECTION('',(0.,-1.,0.));
#5447=DIRECTION('center_axis',(0.,1.,0.));
#5448=DIRECTION('ref_axis',(-0.70710678118654,0.,0.707106781186555));
#5449=DIRECTION('center_axis',(0.,1.,0.));
#5450=DIRECTION('ref_axis',(-0.70710678118654,0.,0.707106781186555));
#5451=DIRECTION('',(0.,1.,0.));
#5452=DIRECTION('center_axis',(0.,1.,0.));
#5453=DIRECTION('ref_axis',(-0.707106781186551,0.,0.707106781186544));
#5454=DIRECTION('',(0.,-1.,0.));
#5455=DIRECTION('center_axis',(0.,1.,0.));
#5456=DIRECTION('ref_axis',(-0.707106781186551,0.,0.707106781186544));
#5457=DIRECTION('center_axis',(-1.32792621676293E-16,-2.7747710008307E-17,
-1.));
#5458=DIRECTION('ref_axis',(0.511429064063554,-0.859325498534215,0.));
#5459=DIRECTION('center_axis',(0.,0.,-1.));
#5460=DIRECTION('ref_axis',(0.511429064063554,-0.859325498534215,0.));
#5461=DIRECTION('',(1.32792621676293E-16,2.7747710008307E-17,1.));
#5462=DIRECTION('center_axis',(8.020103496697E-17,0.,1.));
#5463=DIRECTION('ref_axis',(0.511429064063554,-0.859325498534215,0.));
#5464=DIRECTION('',(-1.32792621676293E-16,-2.7747710008307E-17,-1.));
#5465=DIRECTION('center_axis',(0.762845515362162,-0.646580791310597,-8.33591196247161E-17));
#5466=DIRECTION('ref_axis',(-0.646580791310597,-0.762845515362162,5.18564486528723E-17));
#5467=DIRECTION('',(-0.646580791310597,-0.762845515362162,5.18564486528723E-17));
#5468=DIRECTION('',(1.09273919746571E-16,0.,1.));
#5469=DIRECTION('',(0.646580791310597,0.762845515362162,0.));
#5470=DIRECTION('center_axis',(1.09273919746571E-16,0.,1.));
#5471=DIRECTION('ref_axis',(-0.420368415017953,0.90735351195402,0.));
#5472=DIRECTION('center_axis',(-8.020103496697E-17,0.,-1.));
#5473=DIRECTION('ref_axis',(-0.420368415017953,0.90735351195402,0.));
#5474=DIRECTION('',(-1.09273919746571E-16,0.,-1.));
#5475=DIRECTION('center_axis',(0.,0.,1.));
#5476=DIRECTION('ref_axis',(-0.420368415017953,0.90735351195402,0.));
#5477=DIRECTION('center_axis',(8.020103496697E-17,0.,1.));
#5478=DIRECTION('ref_axis',(-1.,0.,8.020103496697E-17));
#5479=DIRECTION('',(-0.978858702803383,-0.204537624768838,7.8505481051257E-17));
#5480=DIRECTION('',(0.,-1.,0.));
#5481=DIRECTION('',(1.,0.,-8.020103496697E-17));
#5482=DIRECTION('center_axis',(-0.978858702803383,-0.204537624768838,0.));
#5483=DIRECTION('ref_axis',(-0.144629941481836,0.692157626575743,0.707106781186544));
#5484=DIRECTION('',(-0.978858702803383,-0.204537624768838,0.));
#5485=DIRECTION('center_axis',(0.978858702803382,0.204537624768841,4.98099770760642E-15));
#5486=DIRECTION('ref_axis',(-0.204537624768841,0.978858702803382,0.));
#5487=DIRECTION('center_axis',(-0.994700634061166,-0.10281365959013,0.));
#5488=DIRECTION('ref_axis',(-0.10281365959013,0.994700634061165,0.));
#5489=DIRECTION('center_axis',(-1.,0.,0.));
#5490=DIRECTION('ref_axis',(0.,0.707106781186538,0.707106781186557));
#5491=DIRECTION('center_axis',(-1.,-1.74838271594514E-14,0.));
#5492=DIRECTION('ref_axis',(0.,0.,1.));
#5493=DIRECTION('',(1.,0.,0.));
#5494=DIRECTION('',(-1.,0.,0.));
#5495=DIRECTION('center_axis',(0.,0.,-1.));
#5496=DIRECTION('ref_axis',(-0.776059799489977,0.630659327700444,0.));
#5497=DIRECTION('center_axis',(0.,0.,-1.));
#5498=DIRECTION('ref_axis',(-1.,0.,0.));
#5499=DIRECTION('',(0.,0.,-1.));
#5500=DIRECTION('center_axis',(0.,0.,1.));
#5501=DIRECTION('ref_axis',(-0.204537624768841,0.978858702803382,0.));
#5502=DIRECTION('',(0.,0.,1.));
#5503=DIRECTION('center_axis',(-0.420316939714217,0.341567491056089,-0.840633879428449));
#5504=DIRECTION('ref_axis',(-0.65238215991371,0.530153597242577,0.541603804230619));
#5505=DIRECTION('center_axis',(0.,1.,0.));
#5506=DIRECTION('ref_axis',(-0.707106781186545,0.,0.70710678118655));
#5507=DIRECTION('center_axis',(0.978858702803383,0.204537624768838,0.));
#5508=DIRECTION('ref_axis',(-0.144629941481836,0.692157626575743,-0.707106781186544));
#5509=DIRECTION('',(-0.978858702803383,-0.204537624768838,0.));
#5510=DIRECTION('center_axis',(0.978858702803382,0.204537624768841,-4.98099770760637E-15));
#5511=DIRECTION('ref_axis',(-8.74191357972561E-15,1.74838271594512E-14,
-1.));
#5512=DIRECTION('',(0.978858702803383,0.204537624768838,0.));
#5513=DIRECTION('',(0.978858702803383,0.204537624768838,0.));
#5514=DIRECTION('center_axis',(-0.994700634061166,-0.10281365959013,0.));
#5515=DIRECTION('ref_axis',(0.10281365959013,-0.994700634061165,0.));
#5516=DIRECTION('center_axis',(1.,0.,0.));
#5517=DIRECTION('ref_axis',(0.,0.707106781186541,-0.707106781186554));
#5518=DIRECTION('',(1.,0.,0.));
#5519=DIRECTION('',(-1.,0.,0.));
#5520=DIRECTION('center_axis',(-1.,0.,0.));
#5521=DIRECTION('ref_axis',(0.,1.,-8.74191357972569E-15));
#5522=DIRECTION('',(-1.,0.,0.));
#5523=DIRECTION('center_axis',(0.420316939714217,-0.341567491056089,-0.840633879428449));
#5524=DIRECTION('ref_axis',(-0.652382159913719,0.530153597242564,-0.54160380423062));
#5525=DIRECTION('center_axis',(0.,1.,0.));
#5526=DIRECTION('ref_axis',(-0.707106781186548,0.,-0.707106781186548));
#5527=DIRECTION('center_axis',(0.,0.,1.));
#5528=DIRECTION('ref_axis',(0.70710678118656,0.707106781186535,0.));
#5529=DIRECTION('center_axis',(0.,8.74191357972569E-15,1.));
#5530=DIRECTION('ref_axis',(1.,0.,0.));
#5531=DIRECTION('',(0.,0.,-1.));
#5532=DIRECTION('center_axis',(0.,0.,-1.));
#5533=DIRECTION('ref_axis',(-1.74838271594514E-14,1.,0.));
#5534=DIRECTION('',(0.,0.,-1.));
#5535=DIRECTION('center_axis',(0.408248290463862,-0.816496580927724,-0.408248290463869));
#5536=DIRECTION('ref_axis',(0.577350269189621,0.577350269189621,-0.577350269189635));
#5537=DIRECTION('center_axis',(0.,1.,0.));
#5538=DIRECTION('ref_axis',(0.707106781186552,0.,-0.707106781186543));
#5539=DIRECTION('center_axis',(0.408248290463862,-0.816496580927724,0.408248290463869));
#5540=DIRECTION('ref_axis',(0.577350269189622,0.577350269189622,0.577350269189633));
#5541=DIRECTION('center_axis',(0.,1.,0.));
#5542=DIRECTION('ref_axis',(0.707106781186552,0.,0.707106781186543));
#5543=DIRECTION('center_axis',(0.,-1.,0.));
#5544=DIRECTION('ref_axis',(0.,0.,-1.));
#5545=DIRECTION('',(-1.21415466385078E-16,0.,1.));
#5546=DIRECTION('',(0.,0.,-1.));
#5547=DIRECTION('center_axis',(0.,-1.,0.));
#5548=DIRECTION('ref_axis',(-0.707106781186548,0.,-0.707106781186548));
#5549=DIRECTION('',(0.,-1.,0.));
#5550=DIRECTION('',(0.,1.,0.));
#5551=DIRECTION('center_axis',(0.,0.,1.));
#5552=DIRECTION('ref_axis',(0.,1.,0.));
#5553=DIRECTION('',(0.,1.,0.));
#5554=DIRECTION('',(-1.,0.,0.));
#5555=DIRECTION('',(0.,-1.,0.));
#5556=DIRECTION('',(1.,0.,0.));
#5557=DIRECTION('',(0.,1.,0.));
#5558=DIRECTION('',(-1.,0.,0.));
#5559=DIRECTION('',(0.,-1.,0.));
#5560=DIRECTION('',(1.,0.,0.));
#5561=DIRECTION('',(0.,1.,0.));
#5562=DIRECTION('center_axis',(0.,-1.,0.));
#5563=DIRECTION('ref_axis',(0.707106781186554,0.,-0.707106781186541));
#5564=DIRECTION('',(0.,-1.,0.));
#5565=DIRECTION('center_axis',(-1.,0.,0.));
#5566=DIRECTION('ref_axis',(0.,1.,0.));
#5567=DIRECTION('',(0.,1.,0.));
#5568=DIRECTION('center_axis',(1.,0.,0.));
#5569=DIRECTION('ref_axis',(0.,-1.,0.));
#5570=DIRECTION('',(0.,-1.,0.));
#5571=DIRECTION('center_axis',(0.,-1.,0.));
#5572=DIRECTION('ref_axis',(-0.707106781186548,0.,-0.707106781186548));
#5573=DIRECTION('center_axis',(0.,1.,0.));
#5574=DIRECTION('ref_axis',(-0.707106781186548,0.,-0.707106781186548));
#5575=DIRECTION('',(0.,1.,0.));
#5576=DIRECTION('center_axis',(0.,1.,0.));
#5577=DIRECTION('ref_axis',(-0.707106781186548,0.,-0.707106781186548));
#5578=DIRECTION('center_axis',(0.,-1.,0.));
#5579=DIRECTION('ref_axis',(1.,0.,0.));
#5580=DIRECTION('center_axis',(0.,1.,0.));
#5581=DIRECTION('ref_axis',(1.,0.,0.));
#5582=DIRECTION('',(0.,0.,1.));
#5583=DIRECTION('center_axis',(0.,1.,0.));
#5584=DIRECTION('ref_axis',(0.,0.,-1.));
#5585=DIRECTION('center_axis',(0.,-1.,0.));
#5586=DIRECTION('ref_axis',(0.707106781186554,0.,-0.707106781186541));
#5587=DIRECTION('center_axis',(0.,1.,0.));
#5588=DIRECTION('ref_axis',(0.707106781186554,0.,-0.707106781186541));
#5589=DIRECTION('',(0.,-1.,0.));
#5590=DIRECTION('center_axis',(-1.,0.,0.));
#5591=DIRECTION('ref_axis',(0.,1.,0.));
#5592=DIRECTION('',(0.,1.,0.));
#5593=DIRECTION('',(0.,0.,-1.));
#5594=DIRECTION('',(0.,-1.,0.));
#5595=DIRECTION('',(0.,0.,1.));
#5596=DIRECTION('center_axis',(-1.,0.,0.));
#5597=DIRECTION('ref_axis',(0.,-0.707106781186547,0.707106781186547));
#5598=DIRECTION('',(0.,1.,0.));
#5599=DIRECTION('center_axis',(-1.,0.,0.));
#5600=DIRECTION('ref_axis',(0.,0.707106781186547,0.707106781186548));
#5601=DIRECTION('',(0.,0.,-1.));
#5602=DIRECTION('center_axis',(-1.,0.,0.));
#5603=DIRECTION('ref_axis',(0.,0.707106781186549,-0.707106781186546));
#5604=DIRECTION('',(0.,-1.,0.));
#5605=DIRECTION('center_axis',(-1.,0.,0.));
#5606=DIRECTION('ref_axis',(0.,-0.707106781186549,-0.707106781186546));
#5607=DIRECTION('',(0.,0.,-1.));
#5608=DIRECTION('',(0.,1.,0.));
#5609=DIRECTION('',(0.,0.,-1.));
#5610=DIRECTION('center_axis',(0.,-1.,0.));
#5611=DIRECTION('ref_axis',(-0.707106781186544,0.,0.707106781186551));
#5612=DIRECTION('center_axis',(0.204537624768838,-0.978858702803383,0.));
#5613=DIRECTION('ref_axis',(-0.978858702803383,-0.204537624768838,0.));
#5614=DIRECTION('center_axis',(0.,-1.,0.));
#5615=DIRECTION('ref_axis',(-0.707106781186544,0.,0.707106781186551));
#5616=DIRECTION('center_axis',(0.,1.,0.));
#5617=DIRECTION('ref_axis',(-0.707106781186544,0.,0.707106781186551));
#5618=DIRECTION('center_axis',(0.,1.,0.));
#5619=DIRECTION('ref_axis',(-0.707106781186544,0.,0.707106781186551));
#5620=DIRECTION('',(0.,-1.,0.));
#5621=DIRECTION('center_axis',(1.,0.,0.));
#5622=DIRECTION('ref_axis',(0.,-1.,0.));
#5623=DIRECTION('',(0.,-1.,0.));
#5624=DIRECTION('',(0.,0.,-1.));
#5625=DIRECTION('',(0.,1.,0.));
#5626=DIRECTION('',(0.,0.,1.));
#5627=DIRECTION('',(0.,0.,-1.));
#5628=DIRECTION('center_axis',(0.,-1.,0.));
#5629=DIRECTION('ref_axis',(0.707106781186551,0.,0.707106781186544));
#5630=DIRECTION('center_axis',(0.,-1.,0.));
#5631=DIRECTION('ref_axis',(0.707106781186551,0.,0.707106781186544));
#5632=DIRECTION('center_axis',(0.,1.,0.));
#5633=DIRECTION('ref_axis',(0.707106781186551,0.,0.707106781186544));
#5634=DIRECTION('center_axis',(0.,1.,0.));
#5635=DIRECTION('ref_axis',(-1.,0.,0.));
#5636=DIRECTION('center_axis',(0.,1.,0.));
#5637=DIRECTION('ref_axis',(-1.,0.,0.));
#5638=DIRECTION('',(0.,-1.,0.));
#5639=DIRECTION('center_axis',(0.,-1.,0.));
#5640=DIRECTION('ref_axis',(-1.,0.,0.));
#5641=DIRECTION('center_axis',(0.,1.,0.));
#5642=DIRECTION('ref_axis',(-1.,0.,0.));
#5643=DIRECTION('center_axis',(0.,0.,1.));
#5644=DIRECTION('ref_axis',(-1.,0.,0.));
#5645=DIRECTION('',(-1.,0.,0.));
#5646=DIRECTION('',(0.,-1.,0.));
#5647=DIRECTION('',(-1.,0.,0.));
#5648=DIRECTION('',(0.,-1.,0.));
#5649=DIRECTION('center_axis',(1.,0.,-6.24422398551832E-17));
#5650=DIRECTION('ref_axis',(6.24422398551832E-17,0.,1.));
#5651=DIRECTION('',(6.24422398551832E-17,0.,1.));
#5652=DIRECTION('',(0.,-1.,0.));
#5653=DIRECTION('',(6.24422398551832E-17,0.,1.));
#5654=DIRECTION('center_axis',(0.,0.,-1.));
#5655=DIRECTION('ref_axis',(1.,0.,0.));
#5656=DIRECTION('',(1.,0.,0.));
#5657=DIRECTION('',(0.,-1.,0.));
#5658=DIRECTION('',(1.,0.,0.));
#5659=DIRECTION('center_axis',(-1.,0.,1.87326719565549E-16));
#5660=DIRECTION('ref_axis',(-1.87326719565549E-16,0.,-1.));
#5661=DIRECTION('',(-1.87326719565549E-16,0.,-1.));
#5662=DIRECTION('',(-1.87326719565549E-16,0.,-1.));
#5663=DIRECTION('center_axis',(0.,-1.,0.));
#5664=DIRECTION('ref_axis',(0.,0.,-1.));
#5665=DIRECTION('center_axis',(0.,0.,-1.));
#5666=DIRECTION('ref_axis',(1.,0.,0.));
#5667=DIRECTION('',(-1.,0.,0.));
#5668=DIRECTION('',(0.,-1.,0.));
#5669=DIRECTION('center_axis',(1.,0.,0.));
#5670=DIRECTION('ref_axis',(0.,0.,1.));
#5671=DIRECTION('',(0.,0.,-1.));
#5672=DIRECTION('center_axis',(0.,1.,0.));
#5673=DIRECTION('ref_axis',(-1.,0.,0.));
#5674=DIRECTION('center_axis',(1.,0.,1.21415466385078E-16));
#5675=DIRECTION('ref_axis',(-1.21415466385078E-16,0.,1.));
#5676=DIRECTION('',(-1.21415466385078E-16,0.,1.));
#5677=DIRECTION('',(0.,-1.,0.));
#5678=DIRECTION('',(0.,-1.,0.));
#5679=DIRECTION('center_axis',(0.,0.,1.));
#5680=DIRECTION('ref_axis',(-1.,0.,0.));
#5681=DIRECTION('',(-1.,0.,0.));
#5682=DIRECTION('',(0.,-1.,0.));
#5683=DIRECTION('center_axis',(-1.,0.,0.));
#5684=DIRECTION('ref_axis',(0.,0.,-1.));
#5685=DIRECTION('',(0.,0.,-1.));
#5686=DIRECTION('',(0.,-1.,0.));
#5687=DIRECTION('center_axis',(0.,0.,-1.));
#5688=DIRECTION('ref_axis',(1.,0.,0.));
#5689=DIRECTION('',(1.,0.,0.));
#5690=DIRECTION('center_axis',(0.,1.,0.));
#5691=DIRECTION('ref_axis',(0.,0.,-1.));
#5692=DIRECTION('center_axis',(0.,0.,1.));
#5693=DIRECTION('ref_axis',(-1.,0.,0.));
#5694=DIRECTION('',(0.,-1.,0.));
#5695=DIRECTION('',(1.,0.,0.));
#5696=DIRECTION('center_axis',(0.,-1.,0.));
#5697=DIRECTION('ref_axis',(1.,0.,-1.57840106300602E-15));
#5698=DIRECTION('center_axis',(0.,1.,0.));
#5699=DIRECTION('ref_axis',(-0.719546324832702,0.,0.694444444444443));
#5700=DIRECTION('',(0.,-1.,0.));
#5701=DIRECTION('center_axis',(0.,0.,-1.));
#5702=DIRECTION('ref_axis',(1.,0.,0.));
#5703=DIRECTION('',(-1.,0.,0.));
#5704=DIRECTION('center_axis',(0.,0.,1.));
#5705=DIRECTION('ref_axis',(-1.,0.,0.));
#5706=DIRECTION('',(1.,0.,0.));
#5707=DIRECTION('',(0.,-1.,0.));
#5708=DIRECTION('',(0.,-1.,0.));
#5709=DIRECTION('center_axis',(0.,-1.,0.));
#5710=DIRECTION('ref_axis',(1.,0.,-3.03538665962696E-16));
#5711=DIRECTION('center_axis',(0.,1.,0.));
#5712=DIRECTION('ref_axis',(-0.719546324832702,0.,0.694444444444443));
#5713=DIRECTION('',(0.,-1.,0.));
#5714=DIRECTION('center_axis',(0.,0.,-1.));
#5715=DIRECTION('ref_axis',(1.,0.,0.));
#5716=DIRECTION('',(-1.,0.,0.));
#5717=DIRECTION('center_axis',(0.,0.,-1.));
#5718=DIRECTION('ref_axis',(1.,0.,0.));
#5719=DIRECTION('',(0.,-1.,0.));
#5720=DIRECTION('center_axis',(0.,-1.,0.));
#5721=DIRECTION('ref_axis',(-1.,0.,3.03538665962696E-16));
#5722=DIRECTION('',(0.,-1.,0.));
#5723=DIRECTION('center_axis',(0.,0.,1.));
#5724=DIRECTION('ref_axis',(-1.,0.,0.));
#5725=DIRECTION('center_axis',(0.,-1.,0.));
#5726=DIRECTION('ref_axis',(-1.,0.,3.03538665962696E-16));
#5727=DIRECTION('',(0.,-1.,0.));
#5728=DIRECTION('center_axis',(0.,0.,-1.));
#5729=DIRECTION('ref_axis',(1.,0.,0.));
#5730=DIRECTION('center_axis',(-1.,0.,0.));
#5731=DIRECTION('ref_axis',(0.,0.,1.));
#5732=DIRECTION('',(0.,0.,1.));
#5733=DIRECTION('center_axis',(1.,0.,0.));
#5734=DIRECTION('ref_axis',(0.,0.,-1.));
#5735=DIRECTION('center_axis',(0.,-1.,0.));
#5736=DIRECTION('ref_axis',(0.,0.,1.));
#5737=DIRECTION('center_axis',(1.,0.,0.));
#5738=DIRECTION('ref_axis',(0.,-0.707106781186549,-0.707106781186546));
#5739=DIRECTION('center_axis',(-1.,0.,0.));
#5740=DIRECTION('ref_axis',(0.,-0.707106781186549,-0.707106781186546));
#5741=DIRECTION('',(-1.,0.,0.));
#5742=DIRECTION('',(1.,0.,0.));
#5743=DIRECTION('center_axis',(1.,0.,0.));
#5744=DIRECTION('ref_axis',(0.,0.,-1.));
#5745=DIRECTION('',(0.,1.,0.));
#5746=DIRECTION('center_axis',(-1.,0.,0.));
#5747=DIRECTION('ref_axis',(0.,0.707106781186549,-0.707106781186546));
#5748=DIRECTION('',(0.,0.,1.));
#5749=DIRECTION('center_axis',(-1.,0.,0.));
#5750=DIRECTION('ref_axis',(0.,0.707106781186547,0.707106781186548));
#5751=DIRECTION('',(0.,-1.,0.));
#5752=DIRECTION('center_axis',(-1.,0.,0.));
#5753=DIRECTION('ref_axis',(0.,-0.707106781186547,0.707106781186547));
#5754=DIRECTION('',(0.,0.,-1.));
#5755=DIRECTION('',(0.,-1.,0.));
#5756=DIRECTION('',(0.,0.,1.));
#5757=DIRECTION('',(0.,1.,0.));
#5758=DIRECTION('',(0.,0.,-1.));
#5759=DIRECTION('center_axis',(0.,0.,-1.));
#5760=DIRECTION('ref_axis',(0.,1.,0.));
#5761=DIRECTION('',(-1.,0.,0.));
#5762=DIRECTION('center_axis',(1.,0.,0.));
#5763=DIRECTION('ref_axis',(0.,0.707106781186549,-0.707106781186546));
#5764=DIRECTION('',(1.,0.,0.));
#5765=DIRECTION('center_axis',(1.,0.,0.));
#5766=DIRECTION('ref_axis',(0.,-0.707106781186547,0.707106781186547));
#5767=DIRECTION('',(-1.,0.,0.));
#5768=DIRECTION('',(1.,0.,0.));
#5769=DIRECTION('center_axis',(0.,0.,1.));
#5770=DIRECTION('ref_axis',(0.,-1.,0.));
#5771=DIRECTION('',(1.,0.,0.));
#5772=DIRECTION('center_axis',(1.,0.,0.));
#5773=DIRECTION('ref_axis',(0.,0.707106781186547,0.707106781186548));
#5774=DIRECTION('',(-1.,0.,0.));
#5775=DIRECTION('center_axis',(0.,-1.,0.));
#5776=DIRECTION('ref_axis',(0.,0.,-1.));
#5777=DIRECTION('',(0.,0.,-1.));
#5778=DIRECTION('',(1.,0.,0.));
#5779=DIRECTION('',(1.,0.,0.));
#5780=DIRECTION('center_axis',(0.,0.,-1.));
#5781=DIRECTION('ref_axis',(0.,1.,0.));
#5782=DIRECTION('',(0.,1.,0.));
#5783=DIRECTION('',(1.,0.,0.));
#5784=DIRECTION('center_axis',(0.,1.,0.));
#5785=DIRECTION('ref_axis',(0.,0.,1.));
#5786=DIRECTION('',(0.,0.,1.));
#5787=DIRECTION('',(1.,0.,0.));
#5788=DIRECTION('center_axis',(0.,0.,1.));
#5789=DIRECTION('ref_axis',(0.,-1.,0.));
#5790=DIRECTION('',(0.,-1.,0.));
#5791=DIRECTION('center_axis',(0.,1.,0.));
#5792=DIRECTION('ref_axis',(0.,0.,1.));
#5793=DIRECTION('',(2.65365166052257E-18,2.16618484531887E-17,1.));
#5794=DIRECTION('center_axis',(0.947712131178545,-0.319126489682414,4.39797178629921E-18));
#5795=DIRECTION('ref_axis',(0.168450889866192,0.500249766144087,-0.849337664993184));
#5796=DIRECTION('',(2.65365166052257E-18,2.16618484531887E-17,1.));
#5797=DIRECTION('center_axis',(0.947712131178545,-0.319126489682414,4.39797178629921E-18));
#5798=DIRECTION('ref_axis',(-0.135188773868498,-0.401471031508008,0.9058393932038));
#5799=DIRECTION('',(-2.65365166052257E-18,-2.16618484531887E-17,-1.));
#5800=DIRECTION('center_axis',(0.947712131178545,-0.319126489682414,4.39797178629921E-18));
#5801=DIRECTION('ref_axis',(-0.135188773868498,-0.401471031508008,0.9058393932038));
#5802=DIRECTION('',(-2.65365166052257E-18,-2.16618484531887E-17,-1.));
#5803=DIRECTION('center_axis',(0.947712131178545,-0.319126489682414,4.39797178629921E-18));
#5804=DIRECTION('ref_axis',(0.168450889866192,0.500249766144087,-0.849337664993184));
#5805=DIRECTION('center_axis',(0.947712131178545,-0.319126489682414,4.39797178629921E-18));
#5806=DIRECTION('ref_axis',(-2.65365166052257E-18,-2.16618484531887E-17,
-1.));
#5807=DIRECTION('center_axis',(0.17364817766693,0.,0.984807753012208));
#5808=DIRECTION('ref_axis',(0.,-1.,0.));
#5809=DIRECTION('',(0.,1.,0.));
#5810=DIRECTION('',(0.970287525247814,-0.171087869746035,-0.171087869746035));
#5811=DIRECTION('',(0.970287525247814,0.171087869746035,-0.171087869746035));
#5812=DIRECTION('center_axis',(0.17364817766693,0.984807753012208,0.));
#5813=DIRECTION('ref_axis',(0.,0.,1.));
#5814=DIRECTION('',(0.,0.,-1.));
#5815=DIRECTION('',(0.970287525247814,-0.171087869746035,0.171087869746035));
#5816=DIRECTION('center_axis',(0.17364817766693,0.,-0.984807753012208));
#5817=DIRECTION('ref_axis',(0.,1.,0.));
#5818=DIRECTION('',(0.,-1.,0.));
#5819=DIRECTION('',(0.970287525247814,0.171087869746035,0.171087869746035));
#5820=DIRECTION('center_axis',(0.17364817766693,-0.984807753012208,0.));
#5821=DIRECTION('ref_axis',(0.,0.,-1.));
#5822=DIRECTION('',(0.,0.,1.));
#5823=DIRECTION('center_axis',(1.,0.,0.));
#5824=DIRECTION('ref_axis',(0.,0.,-1.));
#5825=DIRECTION('center_axis',(0.,-1.,0.));
#5826=DIRECTION('ref_axis',(0.,0.,-1.));
#5827=DIRECTION('center_axis',(0.,-1.,0.));
#5828=DIRECTION('ref_axis',(0.,0.,-1.));
#5829=DIRECTION('',(-1.04972719113862E-16,0.515038074910054,-0.857167300702112));
#5830=DIRECTION('center_axis',(0.,1.,0.));
#5831=DIRECTION('ref_axis',(0.,0.,-1.));
#5832=DIRECTION('center_axis',(0.,1.,0.));
#5833=DIRECTION('ref_axis',(0.,0.,-1.));
#5834=DIRECTION('',(0.,1.,0.));
#5835=DIRECTION('center_axis',(0.,-1.,0.));
#5836=DIRECTION('ref_axis',(0.,0.,-1.));
#5837=DIRECTION('center_axis',(0.,-1.,0.));
#5838=DIRECTION('ref_axis',(0.,0.,-1.));
#5839=DIRECTION('',(-1.04972719113862E-16,0.515038074910054,-0.857167300702112));
#5840=DIRECTION('center_axis',(0.,1.,0.));
#5841=DIRECTION('ref_axis',(0.,0.,-1.));
#5842=DIRECTION('center_axis',(0.,1.,0.));
#5843=DIRECTION('ref_axis',(0.,0.,-1.));
#5844=DIRECTION('',(0.,1.,0.));
#5845=DIRECTION('center_axis',(0.,-1.,0.));
#5846=DIRECTION('ref_axis',(0.,0.,-1.));
#5847=DIRECTION('center_axis',(0.,-1.,0.));
#5848=DIRECTION('ref_axis',(0.,0.,-1.));
#5849=DIRECTION('',(-1.04972719113862E-16,0.515038074910054,-0.857167300702112));
#5850=DIRECTION('center_axis',(0.,1.,0.));
#5851=DIRECTION('ref_axis',(0.,0.,-1.));
#5852=DIRECTION('',(0.,1.,0.));
#5853=DIRECTION('center_axis',(0.,-1.,0.));
#5854=DIRECTION('ref_axis',(0.,0.,-1.));
#5855=DIRECTION('center_axis',(0.,-1.,0.));
#5856=DIRECTION('ref_axis',(0.,0.,-1.));
#5857=DIRECTION('',(-1.04972719113862E-16,0.515038074910054,-0.857167300702112));
#5858=DIRECTION('center_axis',(0.,1.,0.));
#5859=DIRECTION('ref_axis',(0.,0.,-1.));
#5860=DIRECTION('center_axis',(0.,1.,0.));
#5861=DIRECTION('ref_axis',(0.,0.,-1.));
#5862=DIRECTION('',(0.,1.,0.));
#5863=DIRECTION('center_axis',(0.,1.,0.));
#5864=DIRECTION('ref_axis',(-1.,0.,0.));
#5865=DIRECTION('center_axis',(0.,1.,0.));
#5866=DIRECTION('ref_axis',(-1.,0.,0.));
#5867=DIRECTION('center_axis',(0.,1.,0.));
#5868=DIRECTION('ref_axis',(-1.,0.,0.));
#5869=DIRECTION('center_axis',(0.,-1.,0.));
#5870=DIRECTION('ref_axis',(1.,0.,0.));
#5871=DIRECTION('center_axis',(0.,1.,0.));
#5872=DIRECTION('ref_axis',(0.,0.,1.));
#5873=DIRECTION('center_axis',(0.,1.,0.));
#5874=DIRECTION('ref_axis',(0.,0.,1.));
#5875=DIRECTION('center_axis',(0.,1.,0.));
#5876=DIRECTION('ref_axis',(0.,0.,1.));
#5877=DIRECTION('center_axis',(0.,-1.,0.));
#5878=DIRECTION('ref_axis',(1.,0.,0.));
#5879=DIRECTION('center_axis',(0.,1.,0.));
#5880=DIRECTION('ref_axis',(0.,0.,-1.));
#5881=DIRECTION('center_axis',(0.,1.,0.));
#5882=DIRECTION('ref_axis',(0.,0.,-1.));
#5883=DIRECTION('center_axis',(0.,1.,0.));
#5884=DIRECTION('ref_axis',(0.,0.,-1.));
#5885=DIRECTION('center_axis',(0.,-1.,0.));
#5886=DIRECTION('ref_axis',(1.,0.,0.));
#5887=DIRECTION('center_axis',(0.,1.,0.));
#5888=DIRECTION('ref_axis',(1.,0.,0.));
#5889=DIRECTION('center_axis',(0.,1.,0.));
#5890=DIRECTION('ref_axis',(1.,0.,0.));
#5891=DIRECTION('center_axis',(0.,1.,0.));
#5892=DIRECTION('ref_axis',(0.,0.,-1.));
#5893=DIRECTION('center_axis',(0.,1.,0.));
#5894=DIRECTION('ref_axis',(0.,0.,1.));
#5895=DIRECTION('center_axis',(0.,-1.,0.));
#5896=DIRECTION('ref_axis',(0.,0.,1.));
#5897=DIRECTION('',(-1.04972719113862E-16,-0.515038074910054,0.857167300702112));
#5898=DIRECTION('center_axis',(0.,1.,0.));
#5899=DIRECTION('ref_axis',(0.,0.,1.));
#5900=DIRECTION('center_axis',(0.,-1.,0.));
#5901=DIRECTION('ref_axis',(0.,0.,1.));
#5902=DIRECTION('center_axis',(0.,-1.,0.));
#5903=DIRECTION('ref_axis',(0.,0.,1.));
#5904=DIRECTION('',(0.,-1.,0.));
#5905=DIRECTION('center_axis',(0.,-1.,0.));
#5906=DIRECTION('ref_axis',(-0.751839807478977,0.,0.65934581510007));
#5907=DIRECTION('center_axis',(0.,-1.,0.));
#5908=DIRECTION('ref_axis',(-0.608761429008727,0.,-0.793353340291231));
#5909=DIRECTION('',(0.,-1.,0.));
#5910=DIRECTION('center_axis',(0.,1.,0.));
#5911=DIRECTION('ref_axis',(-0.608761429008727,0.,-0.793353340291231));
#5912=DIRECTION('',(0.,-1.,0.));
#5913=DIRECTION('center_axis',(0.,-1.,0.));
#5914=DIRECTION('ref_axis',(0.608761429008725,0.,0.793353340291232));
#5915=DIRECTION('center_axis',(0.,1.,0.));
#5916=DIRECTION('ref_axis',(0.608761429008725,0.,0.793353340291232));
#5917=DIRECTION('center_axis',(0.,-1.,0.));
#5918=DIRECTION('ref_axis',(0.608761429008725,0.,0.793353340291232));
#5919=DIRECTION('',(0.,-1.,0.));
#5920=DIRECTION('center_axis',(0.,-1.,0.));
#5921=DIRECTION('ref_axis',(-0.896872741532692,0.,0.442288690218993));
#5922=DIRECTION('center_axis',(0.,-1.,0.));
#5923=DIRECTION('ref_axis',(-0.382683432365084,0.,-0.923879532511289));
#5924=DIRECTION('center_axis',(0.,1.,0.));
#5925=DIRECTION('ref_axis',(-0.382683432365084,0.,-0.923879532511289));
#5926=DIRECTION('',(0.,-1.,0.));
#5927=DIRECTION('center_axis',(0.,-1.,0.));
#5928=DIRECTION('ref_axis',(0.382683432365101,0.,0.923879532511282));
#5929=DIRECTION('center_axis',(0.,1.,0.));
#5930=DIRECTION('ref_axis',(0.382683432365101,0.,0.923879532511282));
#5931=DIRECTION('center_axis',(0.,-1.,0.));
#5932=DIRECTION('ref_axis',(0.382683432365101,0.,0.923879532511282));
#5933=DIRECTION('',(0.,-1.,0.));
#5934=DIRECTION('center_axis',(0.,-1.,0.));
#5935=DIRECTION('ref_axis',(-0.980785280403232,0.,0.195090322016122));
#5936=DIRECTION('center_axis',(0.,-1.,0.));
#5937=DIRECTION('ref_axis',(-0.130526192220043,0.,-0.991444861373811));
#5938=DIRECTION('center_axis',(0.,1.,0.));
#5939=DIRECTION('ref_axis',(-0.130526192220043,0.,-0.991444861373811));
#5940=DIRECTION('',(0.,-1.,0.));
#5941=DIRECTION('center_axis',(0.,-1.,0.));
#5942=DIRECTION('ref_axis',(0.130526192220058,0.,0.99144486137381));
#5943=DIRECTION('center_axis',(0.,1.,0.));
#5944=DIRECTION('ref_axis',(0.130526192220058,0.,0.99144486137381));
#5945=DIRECTION('center_axis',(0.,-1.,0.));
#5946=DIRECTION('ref_axis',(0.130526192220058,0.,0.99144486137381));
#5947=DIRECTION('',(0.,-1.,0.));
#5948=DIRECTION('center_axis',(0.,-1.,0.));
#5949=DIRECTION('ref_axis',(-0.997858923238603,0.,-0.0654031292301506));
#5950=DIRECTION('center_axis',(0.,-1.,0.));
#5951=DIRECTION('ref_axis',(0.130526192220056,0.,-0.99144486137381));
#5952=DIRECTION('center_axis',(0.,1.,0.));
#5953=DIRECTION('ref_axis',(0.130526192220056,0.,-0.99144486137381));
#5954=DIRECTION('',(0.,-1.,0.));
#5955=DIRECTION('center_axis',(0.,-1.,0.));
#5956=DIRECTION('ref_axis',(-0.130526192220059,0.,0.991444861373809));
#5957=DIRECTION('center_axis',(0.,1.,0.));
#5958=DIRECTION('ref_axis',(-0.130526192220059,0.,0.991444861373809));
#5959=DIRECTION('center_axis',(0.,-1.,0.));
#5960=DIRECTION('ref_axis',(-0.130526192220059,0.,0.991444861373809));
#5961=DIRECTION('',(0.,-1.,0.));
#5962=DIRECTION('center_axis',(0.,-1.,0.));
#5963=DIRECTION('ref_axis',(-0.946930129495103,0.,-0.321439465303168));
#5964=DIRECTION('center_axis',(0.,-1.,0.));
#5965=DIRECTION('ref_axis',(0.382683432365084,0.,-0.923879532511289));
#5966=DIRECTION('center_axis',(0.,1.,0.));
#5967=DIRECTION('ref_axis',(0.382683432365084,0.,-0.923879532511289));
#5968=DIRECTION('',(0.,-1.,0.));
#5969=DIRECTION('center_axis',(0.,-1.,0.));
#5970=DIRECTION('ref_axis',(-0.382683432365088,0.,0.923879532511288));
#5971=DIRECTION('center_axis',(0.,1.,0.));
#5972=DIRECTION('ref_axis',(-0.382683432365088,0.,0.923879532511288));
#5973=DIRECTION('center_axis',(0.,-1.,0.));
#5974=DIRECTION('ref_axis',(-0.382683432365088,0.,0.923879532511288));
#5975=DIRECTION('',(0.,-1.,0.));
#5976=DIRECTION('center_axis',(0.,-1.,0.));
#5977=DIRECTION('ref_axis',(-0.831469612302545,0.,-0.555570233019602));
#5978=DIRECTION('center_axis',(0.,-1.,0.));
#5979=DIRECTION('ref_axis',(0.608761429008714,0.,-0.79335334029124));
#5980=DIRECTION('center_axis',(0.,1.,0.));
#5981=DIRECTION('ref_axis',(0.608761429008714,0.,-0.79335334029124));
#5982=DIRECTION('',(0.,-1.,0.));
#5983=DIRECTION('center_axis',(0.,-1.,0.));
#5984=DIRECTION('ref_axis',(-0.60876142900872,0.,0.793353340291236));
#5985=DIRECTION('center_axis',(0.,1.,0.));
#5986=DIRECTION('ref_axis',(-0.60876142900872,0.,0.793353340291236));
#5987=DIRECTION('center_axis',(0.,-1.,0.));
#5988=DIRECTION('ref_axis',(-0.60876142900872,0.,0.793353340291236));
#5989=DIRECTION('',(0.,-1.,0.));
#5990=DIRECTION('center_axis',(0.,-1.,0.));
#5991=DIRECTION('ref_axis',(-0.659345815100068,0.,-0.751839807478978));
#5992=DIRECTION('center_axis',(0.,-1.,0.));
#5993=DIRECTION('ref_axis',(0.793353340291231,0.,-0.608761429008727));
#5994=DIRECTION('center_axis',(0.,1.,0.));
#5995=DIRECTION('ref_axis',(0.793353340291231,0.,-0.608761429008727));
#5996=DIRECTION('',(0.,-1.,0.));
#5997=DIRECTION('center_axis',(0.,-1.,0.));
#5998=DIRECTION('ref_axis',(-0.793353340291241,0.,0.608761429008712));
#5999=DIRECTION('center_axis',(0.,1.,0.));
#6000=DIRECTION('ref_axis',(-0.793353340291241,0.,0.608761429008712));
#6001=DIRECTION('center_axis',(0.,-1.,0.));
#6002=DIRECTION('ref_axis',(-0.793353340291241,0.,0.608761429008712));
#6003=DIRECTION('',(0.,-1.,0.));
#6004=DIRECTION('center_axis',(0.,-1.,0.));
#6005=DIRECTION('ref_axis',(-0.442288690218995,0.,-0.896872741532691));
#6006=DIRECTION('center_axis',(0.,-1.,0.));
#6007=DIRECTION('ref_axis',(0.923879532511284,0.,-0.382683432365097));
#6008=DIRECTION('center_axis',(0.,1.,0.));
#6009=DIRECTION('ref_axis',(0.923879532511284,0.,-0.382683432365097));
#6010=DIRECTION('',(0.,-1.,0.));
#6011=DIRECTION('center_axis',(0.,-1.,0.));
#6012=DIRECTION('ref_axis',(-0.923879532511286,0.,0.382683432365092));
#6013=DIRECTION('center_axis',(0.,1.,0.));
#6014=DIRECTION('ref_axis',(-0.923879532511286,0.,0.382683432365092));
#6015=DIRECTION('center_axis',(0.,-1.,0.));
#6016=DIRECTION('ref_axis',(-0.923879532511286,0.,0.382683432365092));
#6017=DIRECTION('',(0.,-1.,0.));
#6018=DIRECTION('center_axis',(0.,-1.,0.));
#6019=DIRECTION('ref_axis',(-0.195090322016125,0.,-0.980785280403231));
#6020=DIRECTION('center_axis',(0.,-1.,0.));
#6021=DIRECTION('ref_axis',(0.991444861373811,0.,-0.130526192220043));
#6022=DIRECTION('center_axis',(0.,1.,0.));
#6023=DIRECTION('ref_axis',(0.991444861373811,0.,-0.130526192220043));
#6024=DIRECTION('',(0.,-1.,0.));
#6025=DIRECTION('center_axis',(0.,-1.,0.));
#6026=DIRECTION('ref_axis',(-0.99144486137381,0.,0.130526192220052));
#6027=DIRECTION('center_axis',(0.,1.,0.));
#6028=DIRECTION('ref_axis',(-0.99144486137381,0.,0.130526192220052));
#6029=DIRECTION('center_axis',(0.,-1.,0.));
#6030=DIRECTION('ref_axis',(-0.99144486137381,0.,0.130526192220052));
#6031=DIRECTION('',(0.,-1.,0.));
#6032=DIRECTION('center_axis',(0.,-1.,0.));
#6033=DIRECTION('ref_axis',(0.0654031292301451,0.,-0.997858923238603));
#6034=DIRECTION('center_axis',(0.,-1.,0.));
#6035=DIRECTION('ref_axis',(0.99144486137381,0.,0.130526192220053));
#6036=DIRECTION('center_axis',(0.,1.,0.));
#6037=DIRECTION('ref_axis',(0.99144486137381,0.,0.130526192220053));
#6038=DIRECTION('',(0.,-1.,0.));
#6039=DIRECTION('center_axis',(0.,-1.,0.));
#6040=DIRECTION('ref_axis',(-0.99144486137381,0.,-0.130526192220053));
#6041=DIRECTION('center_axis',(0.,1.,0.));
#6042=DIRECTION('ref_axis',(-0.99144486137381,0.,-0.130526192220053));
#6043=DIRECTION('center_axis',(0.,-1.,0.));
#6044=DIRECTION('ref_axis',(-0.99144486137381,0.,-0.130526192220053));
#6045=DIRECTION('',(0.,-1.,0.));
#6046=DIRECTION('center_axis',(0.,-1.,0.));
#6047=DIRECTION('ref_axis',(0.321439465303164,0.,-0.946930129495105));
#6048=DIRECTION('center_axis',(0.,-1.,0.));
#6049=DIRECTION('ref_axis',(0.923879532511286,0.,0.382683432365093));
#6050=DIRECTION('center_axis',(0.,1.,0.));
#6051=DIRECTION('ref_axis',(0.923879532511286,0.,0.382683432365093));
#6052=DIRECTION('',(0.,-1.,0.));
#6053=DIRECTION('center_axis',(0.,-1.,0.));
#6054=DIRECTION('ref_axis',(-0.923879532511286,0.,-0.382683432365092));
#6055=DIRECTION('center_axis',(0.,1.,0.));
#6056=DIRECTION('ref_axis',(-0.923879532511286,0.,-0.382683432365092));
#6057=DIRECTION('center_axis',(0.,-1.,0.));
#6058=DIRECTION('ref_axis',(-0.923879532511286,0.,-0.382683432365092));
#6059=DIRECTION('',(0.,-1.,0.));
#6060=DIRECTION('center_axis',(0.,-1.,0.));
#6061=DIRECTION('ref_axis',(0.555570233019607,0.,-0.831469612302542));
#6062=DIRECTION('center_axis',(0.,-1.,0.));
#6063=DIRECTION('ref_axis',(0.793353340291229,0.,0.608761429008729));
#6064=DIRECTION('center_axis',(0.,1.,0.));
#6065=DIRECTION('ref_axis',(0.793353340291229,0.,0.608761429008729));
#6066=DIRECTION('',(0.,-1.,0.));
#6067=DIRECTION('center_axis',(0.,-1.,0.));
#6068=DIRECTION('ref_axis',(-0.793353340291236,0.,-0.60876142900872));
#6069=DIRECTION('center_axis',(0.,1.,0.));
#6070=DIRECTION('ref_axis',(-0.793353340291236,0.,-0.60876142900872));
#6071=DIRECTION('center_axis',(0.,-1.,0.));
#6072=DIRECTION('ref_axis',(-0.793353340291236,0.,-0.60876142900872));
#6073=DIRECTION('',(0.,-1.,0.));
#6074=DIRECTION('center_axis',(0.,-1.,0.));
#6075=DIRECTION('ref_axis',(0.751839807478982,0.,-0.659345815100063));
#6076=DIRECTION('center_axis',(0.,-1.,0.));
#6077=DIRECTION('ref_axis',(0.608761429008717,0.,0.793353340291238));
#6078=DIRECTION('center_axis',(0.,1.,0.));
#6079=DIRECTION('ref_axis',(0.608761429008717,0.,0.793353340291238));
#6080=DIRECTION('',(0.,-1.,0.));
#6081=DIRECTION('center_axis',(0.,-1.,0.));
#6082=DIRECTION('ref_axis',(-0.608761429008717,0.,-0.793353340291238));
#6083=DIRECTION('center_axis',(0.,1.,0.));
#6084=DIRECTION('ref_axis',(-0.608761429008717,0.,-0.793353340291238));
#6085=DIRECTION('center_axis',(0.,-1.,0.));
#6086=DIRECTION('ref_axis',(-0.608761429008717,0.,-0.793353340291238));
#6087=DIRECTION('',(0.,-1.,0.));
#6088=DIRECTION('center_axis',(0.,-1.,0.));
#6089=DIRECTION('ref_axis',(0.896872741532689,0.,-0.442288690218999));
#6090=DIRECTION('center_axis',(0.,-1.,0.));
#6091=DIRECTION('ref_axis',(0.382683432365088,0.,0.923879532511288));
#6092=DIRECTION('center_axis',(0.,1.,0.));
#6093=DIRECTION('ref_axis',(0.382683432365088,0.,0.923879532511288));
#6094=DIRECTION('',(0.,-1.,0.));
#6095=DIRECTION('center_axis',(0.,-1.,0.));
#6096=DIRECTION('ref_axis',(-0.382683432365092,0.,-0.923879532511286));
#6097=DIRECTION('center_axis',(0.,1.,0.));
#6098=DIRECTION('ref_axis',(-0.382683432365092,0.,-0.923879532511286));
#6099=DIRECTION('center_axis',(0.,-1.,0.));
#6100=DIRECTION('ref_axis',(-0.382683432365092,0.,-0.923879532511286));
#6101=DIRECTION('',(0.,-1.,0.));
#6102=DIRECTION('center_axis',(0.,-1.,0.));
#6103=DIRECTION('ref_axis',(0.980785280403232,0.,-0.19509032201612));
#6104=DIRECTION('center_axis',(0.,-1.,0.));
#6105=DIRECTION('ref_axis',(0.130526192220045,0.,0.991444861373811));
#6106=DIRECTION('center_axis',(0.,1.,0.));
#6107=DIRECTION('ref_axis',(0.130526192220045,0.,0.991444861373811));
#6108=DIRECTION('',(0.,-1.,0.));
#6109=DIRECTION('center_axis',(0.,-1.,0.));
#6110=DIRECTION('ref_axis',(-0.130526192220058,0.,-0.99144486137381));
#6111=DIRECTION('center_axis',(0.,1.,0.));
#6112=DIRECTION('ref_axis',(-0.130526192220058,0.,-0.99144486137381));
#6113=DIRECTION('center_axis',(0.,-1.,0.));
#6114=DIRECTION('ref_axis',(-0.130526192220058,0.,-0.99144486137381));
#6115=DIRECTION('',(0.,-1.,0.));
#6116=DIRECTION('center_axis',(0.,-1.,0.));
#6117=DIRECTION('ref_axis',(0.997858923238603,0.,0.0654031292301506));
#6118=DIRECTION('center_axis',(0.,-1.,0.));
#6119=DIRECTION('ref_axis',(-0.130526192220056,0.,0.99144486137381));
#6120=DIRECTION('center_axis',(0.,1.,0.));
#6121=DIRECTION('ref_axis',(-0.130526192220056,0.,0.99144486137381));
#6122=DIRECTION('',(0.,-1.,0.));
#6123=DIRECTION('center_axis',(0.,-1.,0.));
#6124=DIRECTION('ref_axis',(0.130526192220046,0.,-0.991444861373811));
#6125=DIRECTION('center_axis',(0.,1.,0.));
#6126=DIRECTION('ref_axis',(0.130526192220046,0.,-0.991444861373811));
#6127=DIRECTION('center_axis',(0.,-1.,0.));
#6128=DIRECTION('ref_axis',(0.130526192220046,0.,-0.991444861373811));
#6129=DIRECTION('',(0.,-1.,0.));
#6130=DIRECTION('center_axis',(0.,-1.,0.));
#6131=DIRECTION('ref_axis',(0.946930129495106,0.,0.321439465303161));
#6132=DIRECTION('center_axis',(0.,-1.,0.));
#6133=DIRECTION('ref_axis',(-0.382683432365093,0.,0.923879532511285));
#6134=DIRECTION('center_axis',(0.,1.,0.));
#6135=DIRECTION('ref_axis',(-0.382683432365093,0.,0.923879532511285));
#6136=DIRECTION('',(0.,-1.,0.));
#6137=DIRECTION('center_axis',(0.,-1.,0.));
#6138=DIRECTION('ref_axis',(0.382683432365088,0.,-0.923879532511288));
#6139=DIRECTION('center_axis',(0.,1.,0.));
#6140=DIRECTION('ref_axis',(0.382683432365088,0.,-0.923879532511288));
#6141=DIRECTION('center_axis',(0.,-1.,0.));
#6142=DIRECTION('ref_axis',(0.382683432365088,0.,-0.923879532511288));
#6143=DIRECTION('',(0.,-1.,0.));
#6144=DIRECTION('center_axis',(0.,-1.,0.));
#6145=DIRECTION('ref_axis',(0.831469612302545,0.,0.555570233019603));
#6146=DIRECTION('center_axis',(0.,-1.,0.));
#6147=DIRECTION('ref_axis',(-0.608761429008727,0.,0.793353340291231));
#6148=DIRECTION('center_axis',(0.,1.,0.));
#6149=DIRECTION('ref_axis',(-0.608761429008727,0.,0.793353340291231));
#6150=DIRECTION('',(0.,-1.,0.));
#6151=DIRECTION('center_axis',(0.,-1.,0.));
#6152=DIRECTION('ref_axis',(0.60876142900872,0.,-0.793353340291236));
#6153=DIRECTION('center_axis',(0.,1.,0.));
#6154=DIRECTION('ref_axis',(0.60876142900872,0.,-0.793353340291236));
#6155=DIRECTION('center_axis',(0.,-1.,0.));
#6156=DIRECTION('ref_axis',(0.60876142900872,0.,-0.793353340291236));
#6157=DIRECTION('',(0.,-1.,0.));
#6158=DIRECTION('center_axis',(0.,-1.,0.));
#6159=DIRECTION('ref_axis',(0.659345815100064,0.,0.751839807478982));
#6160=DIRECTION('center_axis',(0.,-1.,0.));
#6161=DIRECTION('ref_axis',(-0.793353340291244,0.,0.608761429008709));
#6162=DIRECTION('center_axis',(0.,1.,0.));
#6163=DIRECTION('ref_axis',(-0.793353340291244,0.,0.608761429008709));
#6164=DIRECTION('',(0.,-1.,0.));
#6165=DIRECTION('center_axis',(0.,-1.,0.));
#6166=DIRECTION('ref_axis',(0.793353340291232,0.,-0.608761429008725));
#6167=DIRECTION('center_axis',(0.,1.,0.));
#6168=DIRECTION('ref_axis',(0.793353340291232,0.,-0.608761429008725));
#6169=DIRECTION('center_axis',(0.,-1.,0.));
#6170=DIRECTION('ref_axis',(0.793353340291232,0.,-0.608761429008725));
#6171=DIRECTION('',(0.,-1.,0.));
#6172=DIRECTION('center_axis',(0.,-1.,0.));
#6173=DIRECTION('ref_axis',(0.442288690218995,0.,0.896872741532691));
#6174=DIRECTION('center_axis',(0.,-1.,0.));
#6175=DIRECTION('ref_axis',(-0.923879532511289,0.,0.382683432365084));
#6176=DIRECTION('center_axis',(0.,1.,0.));
#6177=DIRECTION('ref_axis',(-0.923879532511289,0.,0.382683432365084));
#6178=DIRECTION('',(0.,-1.,0.));
#6179=DIRECTION('center_axis',(0.,-1.,0.));
#6180=DIRECTION('ref_axis',(0.923879532511286,0.,-0.382683432365092));
#6181=DIRECTION('center_axis',(0.,1.,0.));
#6182=DIRECTION('ref_axis',(0.923879532511286,0.,-0.382683432365092));
#6183=DIRECTION('center_axis',(0.,-1.,0.));
#6184=DIRECTION('ref_axis',(0.923879532511286,0.,-0.382683432365092));
#6185=DIRECTION('',(0.,-1.,0.));
#6186=DIRECTION('center_axis',(0.,-1.,0.));
#6187=DIRECTION('ref_axis',(0.195090322016125,0.,0.980785280403231));
#6188=DIRECTION('center_axis',(0.,-1.,0.));
#6189=DIRECTION('ref_axis',(-0.991444861373811,0.,0.13052619222005));
#6190=DIRECTION('center_axis',(0.,1.,0.));
#6191=DIRECTION('ref_axis',(-0.991444861373811,0.,0.13052619222005));
#6192=DIRECTION('',(0.,-1.,0.));
#6193=DIRECTION('center_axis',(0.,-1.,0.));
#6194=DIRECTION('ref_axis',(0.99144486137381,0.,-0.130526192220052));
#6195=DIRECTION('center_axis',(0.,1.,0.));
#6196=DIRECTION('ref_axis',(0.99144486137381,0.,-0.130526192220052));
#6197=DIRECTION('center_axis',(0.,-1.,0.));
#6198=DIRECTION('ref_axis',(0.99144486137381,0.,-0.130526192220052));
#6199=DIRECTION('',(0.,-1.,0.));
#6200=DIRECTION('center_axis',(0.,-1.,0.));
#6201=DIRECTION('ref_axis',(-0.0654031292301477,0.,0.997858923238603));
#6202=DIRECTION('center_axis',(0.,-1.,0.));
#6203=DIRECTION('ref_axis',(-0.99144486137381,0.,-0.130526192220053));
#6204=DIRECTION('center_axis',(0.,1.,0.));
#6205=DIRECTION('ref_axis',(-0.99144486137381,0.,-0.130526192220053));
#6206=DIRECTION('',(0.,-1.,0.));
#6207=DIRECTION('center_axis',(0.,-1.,0.));
#6208=DIRECTION('ref_axis',(0.991444861373811,0.,0.13052619222005));
#6209=DIRECTION('center_axis',(0.,1.,0.));
#6210=DIRECTION('ref_axis',(0.991444861373811,0.,0.13052619222005));
#6211=DIRECTION('center_axis',(0.,-1.,0.));
#6212=DIRECTION('ref_axis',(0.991444861373811,0.,0.13052619222005));
#6213=DIRECTION('',(0.,-1.,0.));
#6214=DIRECTION('center_axis',(0.,-1.,0.));
#6215=DIRECTION('ref_axis',(-0.321439465303164,0.,0.946930129495105));
#6216=DIRECTION('center_axis',(0.,-1.,0.));
#6217=DIRECTION('ref_axis',(-0.923879532511286,0.,-0.382683432365093));
#6218=DIRECTION('center_axis',(0.,1.,0.));
#6219=DIRECTION('ref_axis',(-0.923879532511286,0.,-0.382683432365093));
#6220=DIRECTION('',(0.,-1.,0.));
#6221=DIRECTION('center_axis',(0.,-1.,0.));
#6222=DIRECTION('ref_axis',(0.923879532511288,0.,0.382683432365088));
#6223=DIRECTION('center_axis',(0.,1.,0.));
#6224=DIRECTION('ref_axis',(0.923879532511288,0.,0.382683432365088));
#6225=DIRECTION('center_axis',(0.,-1.,0.));
#6226=DIRECTION('ref_axis',(0.923879532511288,0.,0.382683432365088));
#6227=DIRECTION('',(0.,-1.,0.));
#6228=DIRECTION('center_axis',(0.,-1.,0.));
#6229=DIRECTION('ref_axis',(-0.555570233019608,0.,0.831469612302541));
#6230=DIRECTION('center_axis',(0.,-1.,0.));
#6231=DIRECTION('ref_axis',(-0.793353340291232,0.,-0.608761429008725));
#6232=DIRECTION('center_axis',(0.,1.,0.));
#6233=DIRECTION('ref_axis',(-0.793353340291232,0.,-0.608761429008725));
#6234=DIRECTION('',(0.,-1.,0.));
#6235=DIRECTION('center_axis',(0.,-1.,0.));
#6236=DIRECTION('ref_axis',(0.793353340291236,0.,0.60876142900872));
#6237=DIRECTION('center_axis',(0.,1.,0.));
#6238=DIRECTION('ref_axis',(0.793353340291236,0.,0.60876142900872));
#6239=DIRECTION('center_axis',(0.,-1.,0.));
#6240=DIRECTION('ref_axis',(0.793353340291236,0.,0.60876142900872));
#6241=DIRECTION('center_axis',(0.,1.,0.));
#6242=DIRECTION('ref_axis',(-1.,0.,0.));
#6243=DIRECTION('center_axis',(0.,1.,0.));
#6244=DIRECTION('ref_axis',(-1.,0.,0.));
#6245=DIRECTION('',(-1.48368246027497E-67,-1.,0.));
#6246=DIRECTION('',(1.,0.,-5.71493695641137E-101));
#6247=DIRECTION('',(4.50683769953869E-38,-1.,0.));
#6248=DIRECTION('',(1.,-5.31268345273979E-38,-1.02951151789361E-84));
#6249=DIRECTION('',(2.72062822123583E-38,-1.,0.));
#6250=DIRECTION('',(1.,-3.78821421651714E-38,5.14755758946803E-85));
#6251=DIRECTION('',(2.14895066501551E-38,-1.,0.));
#6252=DIRECTION('',(1.,-2.1213999612496E-38,-5.14755758946803E-85));
#6253=DIRECTION('center_axis',(1.,0.,0.));
#6254=DIRECTION('ref_axis',(0.,-1.,0.));
#6255=DIRECTION('',(0.,-1.,0.));
#6256=DIRECTION('',(0.,0.,-1.));
#6257=DIRECTION('',(0.,-1.,0.));
#6258=DIRECTION('',(0.,0.,-1.));
#6259=DIRECTION('center_axis',(0.,1.,0.));
#6260=DIRECTION('ref_axis',(1.,0.,0.));
#6261=DIRECTION('',(1.,0.,0.));
#6262=DIRECTION('',(0.,0.,-1.));
#6263=DIRECTION('',(1.,0.,0.));
#6264=DIRECTION('center_axis',(-1.,0.,0.));
#6265=DIRECTION('ref_axis',(0.,1.,0.));
#6266=DIRECTION('',(0.,1.,0.));
#6267=DIRECTION('',(0.,0.,-1.));
#6268=DIRECTION('',(0.,1.,0.));
#6269=DIRECTION('center_axis',(0.,-1.,0.));
#6270=DIRECTION('ref_axis',(-1.,0.,0.));
#6271=DIRECTION('',(-1.,0.,0.));
#6272=DIRECTION('',(-1.,0.,0.));
#6273=DIRECTION('center_axis',(0.,0.,-1.));
#6274=DIRECTION('ref_axis',(-1.,0.,0.));
#6275=DIRECTION('center_axis',(0.,0.,1.));
#6276=DIRECTION('ref_axis',(1.,0.,0.));
#6277=DIRECTION('center_axis',(0.,0.,1.));
#6278=DIRECTION('ref_axis',(1.,0.,0.));
#6279=DIRECTION('',(0.,0.,-1.));
#6280=DIRECTION('center_axis',(0.,0.,1.));
#6281=DIRECTION('ref_axis',(1.,0.,0.));
#6282=DIRECTION('center_axis',(0.,0.,1.));
#6283=DIRECTION('ref_axis',(1.,0.,0.));
#6284=DIRECTION('center_axis',(0.,0.,1.));
#6285=DIRECTION('ref_axis',(1.,0.,0.));
#6286=DIRECTION('',(-1.50463276905253E-36,-1.,-9.93779851303814E-32));
#6287=DIRECTION('',(1.,-2.57377879473402E-85,-2.61012178719941E-54));
#6288=CARTESIAN_POINT('',(0.,0.,0.));
#6289=CARTESIAN_POINT('',(0.,0.,0.));
#6290=CARTESIAN_POINT('',(0.,0.,0.));
#6291=CARTESIAN_POINT('Origin',(0.,-2.86377409121928E-31,0.21375));
#6292=CARTESIAN_POINT('',(0.7,-4.89087682270281E-16,-0.534374999999999));
#6293=CARTESIAN_POINT('',(0.7,-5.67721761181387E-18,-0.463124999999999));
#6294=CARTESIAN_POINT('',(0.7,-8.5725275940315E-17,0.21375));
#6295=CARTESIAN_POINT('',(0.648917367620871,-0.262499999999999,-5.24833210208417E-18));
#6296=CARTESIAN_POINT('Ctrl Pts',(0.7,-8.92450088600247E-16,-0.534374999999999));
#6297=CARTESIAN_POINT('Ctrl Pts',(0.7,0.034055130489458,-0.529753232290715));
#6298=CARTESIAN_POINT('Ctrl Pts',(0.69751487324227,0.0681389656628462,-0.525127568945756));
#6299=CARTESIAN_POINT('Ctrl Pts',(0.678213282726963,0.199215806191469,-0.507338569159728));
#6300=CARTESIAN_POINT('Ctrl Pts',(0.644358389164555,0.287396117000822,-0.495605863124974));
#6301=CARTESIAN_POINT('Ctrl Pts',(0.552003649622284,0.439735481290456,-0.474413910109131));
#6302=CARTESIAN_POINT('Ctrl Pts',(0.491102120236636,0.506817043754988,-0.462704067227833));
#6303=CARTESIAN_POINT('Ctrl Pts',(0.34464283068631,0.616367140009226,-0.438056654681687));
#6304=CARTESIAN_POINT('Ctrl Pts',(0.259583051007174,0.656744337916836,-0.425319525746482));
#6305=CARTESIAN_POINT('Ctrl Pts',(0.0808415391527592,0.701238155261498,
-0.401292451644106));
#6306=CARTESIAN_POINT('Ctrl Pts',(-0.0107196896003862,0.705797248105049,
-0.391008477930143));
#6307=CARTESIAN_POINT('Ctrl Pts',(-0.190700120341637,0.679637724306334,
-0.368079903965847));
#6308=CARTESIAN_POINT('Ctrl Pts',(-0.277250507981085,0.6491428812241,-0.355838169230553));
#6309=CARTESIAN_POINT('Ctrl Pts',(-0.433636304517434,0.556941679179338,
-0.331201320668663));
#6310=CARTESIAN_POINT('Ctrl Pts',(-0.502119206074279,0.496106968390583,
-0.31902431731522));
#6311=CARTESIAN_POINT('Ctrl Pts',(-0.612372566611293,0.351187736987511,
-0.29623221225233));
#6312=CARTESIAN_POINT('Ctrl Pts',(-0.652877796025053,0.268500330752192,
-0.285814330602083));
#6313=CARTESIAN_POINT('Ctrl Pts',(-0.700364864517582,0.0902995736102603,
-0.261629942132821));
#6314=CARTESIAN_POINT('Ctrl Pts',(-0.706148347432837,-0.00351112330297741,
-0.248898490408881));
#6315=CARTESIAN_POINT('Ctrl Pts',(-0.681192266587252,-0.184367675245006,
-0.22435367264532));
#6316=CARTESIAN_POINT('Ctrl Pts',(-0.652043342960947,-0.269973521503793,
-0.212735736367342));
#6317=CARTESIAN_POINT('Ctrl Pts',(-0.564145874343989,-0.423488845834085,
-0.19190151377966));
#6318=CARTESIAN_POINT('Ctrl Pts',(-0.503716018069593,-0.496107579108058,
-0.179913317781144));
#6319=CARTESIAN_POINT('Ctrl Pts',(-0.351769121821427,-0.612133841451059,
-0.154181481612404));
#6320=CARTESIAN_POINT('Ctrl Pts',(-0.268417986886723,-0.652999788079291,
-0.141612008052155));
#6321=CARTESIAN_POINT('Ctrl Pts',(-0.0930944886269402,-0.699521983636981,
-0.117849020038646));
#6322=CARTESIAN_POINT('Ctrl Pts',(-0.0031882137940825,-0.705675632540541,
-0.107634849412601));
#6323=CARTESIAN_POINT('Ctrl Pts',(0.179140232547026,-0.683232353405864,
-0.0846824821790698));
#6324=CARTESIAN_POINT('Ctrl Pts',(0.269405798212557,-0.652912512338089,
-0.0720159702058056));
#6325=CARTESIAN_POINT('Ctrl Pts',(0.419138614188108,-0.566161920131293,
-0.0485309226925935));
#6326=CARTESIAN_POINT('Ctrl Pts',(0.480227938824118,-0.515373334821997,
-0.0379046027347373));
#6327=CARTESIAN_POINT('Ctrl Pts',(0.580905577674654,-0.39786556739322,-0.0180980152026817));
#6328=CARTESIAN_POINT('Ctrl Pts',(0.620493563667177,-0.33276552395956,-0.00953603539451184));
#6329=CARTESIAN_POINT('Ctrl Pts',(0.648917367620781,-0.262500000000221,
-3.00960356061895E-14));
#6330=CARTESIAN_POINT('',(0.271477636746089,-0.645213059962955,-3.61714774696946E-18));
#6331=CARTESIAN_POINT('Origin',(0.,-2.86377409121928E-31,0.));
#6332=CARTESIAN_POINT('Ctrl Pts',(0.271477636746088,-0.645213059962954,
1.7185429189152E-17));
#6333=CARTESIAN_POINT('Ctrl Pts',(0.197206206121068,-0.676463252674474,
-0.0108498199928312));
#6334=CARTESIAN_POINT('Ctrl Pts',(0.118031503438087,-0.6946819341868,-0.0213916503336696));
#6335=CARTESIAN_POINT('Ctrl Pts',(-0.0416368853993895,-0.7032330107905,
-0.0407380500844716));
#6336=CARTESIAN_POINT('Ctrl Pts',(-0.120888553966904,-0.694034296127726,
-0.0502380914519039));
#6337=CARTESIAN_POINT('Ctrl Pts',(-0.285494753560898,-0.645748199315078,
-0.0728611470135292));
#6338=CARTESIAN_POINT('Ctrl Pts',(-0.367947968662371,-0.602584114578909,
-0.0854810313286978));
#6339=CARTESIAN_POINT('Ctrl Pts',(-0.512945783867202,-0.485547438321013,
-0.110464691772997));
#6340=CARTESIAN_POINT('Ctrl Pts',(-0.573418978580582,-0.412320274961422,
-0.122167248398092));
#6341=CARTESIAN_POINT('Ctrl Pts',(-0.659963279318067,-0.250087177478551,
-0.144184597342196));
#6342=CARTESIAN_POINT('Ctrl Pts',(-0.686571089820335,-0.163357627118652,
-0.155955036319611));
#6343=CARTESIAN_POINT('Ctrl Pts',(-0.705943438807037,0.018735489211868,
-0.180667673535896));
#6344=CARTESIAN_POINT('Ctrl Pts',(-0.697165620673677,0.112597176075337,
-0.19340604532451));
#6345=CARTESIAN_POINT('Ctrl Pts',(-0.644050555525505,0.288833169500856,
-0.217323787289401));
#6346=CARTESIAN_POINT('Ctrl Pts',(-0.601312707563334,0.369655029991458,
-0.227535237556586));
#6347=CARTESIAN_POINT('Ctrl Pts',(-0.487033446169589,0.510971340452995,
-0.250556030954771));
#6348=CARTESIAN_POINT('Ctrl Pts',(-0.416533752473444,0.569889869947352,
-0.262840045372587));
#6349=CARTESIAN_POINT('Ctrl Pts',(-0.254932303871082,0.658580369846669,
-0.287851673835628));
#6350=CARTESIAN_POINT('Ctrl Pts',(-0.164849674662446,0.686708328149064,
-0.300347950015812));
#6351=CARTESIAN_POINT('Ctrl Pts',(0.0195371456514641,0.705730896039545,
-0.323310122406829));
#6352=CARTESIAN_POINT('Ctrl Pts',(0.111831002222056,0.697098793930032,-0.333965591042208));
#6353=CARTESIAN_POINT('Ctrl Pts',(0.288924444230525,0.644316840692712,-0.358361373389285));
#6354=CARTESIAN_POINT('Ctrl Pts',(0.371737138940459,0.600357326728057,-0.371077483623446));
#6355=CARTESIAN_POINT('Ctrl Pts',(0.516649298956547,0.481664983567103,-0.396163425666031));
#6356=CARTESIAN_POINT('Ctrl Pts',(0.57291104513772,0.410927329493332,-0.407356290997332));
#6357=CARTESIAN_POINT('Ctrl Pts',(0.658463568689194,0.255257357591201,-0.428482930041193));
#6358=CARTESIAN_POINT('Ctrl Pts',(0.686573400755497,0.165269905886572,-0.440695512772535));
#6359=CARTESIAN_POINT('Ctrl Pts',(0.698747479484741,0.0483803676034136,
-0.456559092968107));
#6360=CARTESIAN_POINT('Ctrl Pts',(0.7,0.0241769206363302,-0.459843846485068));
#6361=CARTESIAN_POINT('Ctrl Pts',(0.7,7.43708407166873E-17,-0.463124999999999));
#6362=CARTESIAN_POINT('Origin',(0.,-2.86377409121928E-31,0.21375));
#6363=CARTESIAN_POINT('',(0.7,-5.67721761181387E-18,-1.104375));
#6364=CARTESIAN_POINT('',(0.7,-5.67721761181387E-18,-1.033125));
#6365=CARTESIAN_POINT('',(0.7,-8.5725275940315E-17,0.21375));
#6366=CARTESIAN_POINT('',(-8.84940527607164E-14,-0.7,-0.676875000000009));
#6367=CARTESIAN_POINT('Ctrl Pts',(0.7,7.43708407166873E-17,-1.104375));
#6368=CARTESIAN_POINT('Ctrl Pts',(0.7,0.0687106015609399,-1.09504998978816));
#6369=CARTESIAN_POINT('Ctrl Pts',(0.689882597200768,0.137199949391334,-1.08575500686832));
#6370=CARTESIAN_POINT('Ctrl Pts',(0.643525455672836,0.289990842433449,-1.06501909995546));
#6371=CARTESIAN_POINT('Ctrl Pts',(0.600659833235192,0.370707137608115,-1.05481663578857));
#6372=CARTESIAN_POINT('Ctrl Pts',(0.486149879898947,0.511814726853048,-1.03178289192601));
#6373=CARTESIAN_POINT('Ctrl Pts',(0.415535521984477,0.570620682023371,-1.01949303976309));
#6374=CARTESIAN_POINT('Ctrl Pts',(0.253764800925481,0.659030807532975,-0.994480541771458));
#6375=CARTESIAN_POINT('Ctrl Pts',(0.163634197179353,0.686998818116839,-0.981989480642204));
#6376=CARTESIAN_POINT('Ctrl Pts',(-0.0208295511680395,0.705699787861105,
-0.959040089475438));
#6377=CARTESIAN_POINT('Ctrl Pts',(-0.113156165393983,0.69689124811384,-0.948364576388478));
#6378=CARTESIAN_POINT('Ctrl Pts',(-0.290174781714929,0.643752203660031,
-0.923953357265845));
#6379=CARTESIAN_POINT('Ctrl Pts',(-0.372887324048779,0.599641114302775,
-0.911238732669592));
#6380=CARTESIAN_POINT('Ctrl Pts',(-0.513753703323374,0.483815530179982,
-0.886822829483919));
#6381=CARTESIAN_POINT('Ctrl Pts',(-0.571242155583631,0.414303406160031,
-0.875601890836004));
#6382=CARTESIAN_POINT('Ctrl Pts',(-0.65893432732835,0.254040370727928,-0.853851907455933));
#6383=CARTESIAN_POINT('Ctrl Pts',(-0.686878553763914,0.163998698876857,
-0.841631966276144));
#6384=CARTESIAN_POINT('Ctrl Pts',(-0.70569570857937,-0.019986847173514,
-0.816662499312165));
#6385=CARTESIAN_POINT('Ctrl Pts',(-0.697017502069634,-0.112173580596702,
-0.804151442633305));
#6386=CARTESIAN_POINT('Ctrl Pts',(-0.645180733956062,-0.285957597073764,
-0.78056646896856));
#6387=CARTESIAN_POINT('Ctrl Pts',(-0.603377052292034,-0.366007270974618,
-0.770454915552179));
#6388=CARTESIAN_POINT('Ctrl Pts',(-0.488950957912491,-0.509686657347231,
-0.747256512997024));
#6389=CARTESIAN_POINT('Ctrl Pts',(-0.416127797145185,-0.570675743050688,
-0.734558914774583));
#6390=CARTESIAN_POINT('Ctrl Pts',(-0.281619779118066,-0.643561535572198,
-0.713804094197342));
#6391=CARTESIAN_POINT('Ctrl Pts',(-0.226381001656899,-0.665009371318208,
-0.705856380296349));
#6392=CARTESIAN_POINT('Ctrl Pts',(-0.113633054918624,-0.693075318622538,
-0.690700411472857));
#6393=CARTESIAN_POINT('Ctrl Pts',(-0.0568497657233637,-0.699999999999993,
-0.683556667749978));
#6394=CARTESIAN_POINT('Ctrl Pts',(-8.85100720891487E-14,-0.7,-0.67687500000001));
#6395=CARTESIAN_POINT('Ctrl Pts',(2.84888085347655E-11,-0.7,-0.67687499999665));
#6396=CARTESIAN_POINT('Ctrl Pts',(0.0621701447902468,-0.69999999999747,
-0.66956801735582));
#6397=CARTESIAN_POINT('Ctrl Pts',(0.124230873205544,-0.691716453504599,
-0.661711796841552));
#6398=CARTESIAN_POINT('Ctrl Pts',(0.246793370311227,-0.658226257102979,
-0.64503423005108));
#6399=CARTESIAN_POINT('Ctrl Pts',(0.306404579014598,-0.63267706781986,-0.636294309345004));
#6400=CARTESIAN_POINT('Ctrl Pts',(0.441602842962844,-0.551095306766948,
-0.614868279192071));
#6401=CARTESIAN_POINT('Ctrl Pts',(0.511153439245713,-0.487305021581518,
-0.602365230687652));
#6402=CARTESIAN_POINT('Ctrl Pts',(0.61865403544178,-0.339467590383508,-0.579698642875448));
#6403=CARTESIAN_POINT('Ctrl Pts',(0.656852877961115,-0.257932005895879,
-0.569380057943011));
#6404=CARTESIAN_POINT('Ctrl Pts',(0.692885104688027,-0.115159657848072,
-0.550003810707951));
#6405=CARTESIAN_POINT('Ctrl Pts',(0.7,-0.0576209172086131,-0.542194981621168));
#6406=CARTESIAN_POINT('Ctrl Pts',(0.7,-8.92450088600247E-16,-0.534374999999999));
#6407=CARTESIAN_POINT('',(-8.84940527607164E-14,-0.7,-0.605625000000009));
#6408=CARTESIAN_POINT('Ctrl Pts',(0.7,7.43708407166873E-17,-0.463124999999999));
#6409=CARTESIAN_POINT('Ctrl Pts',(0.7,-0.0671974583940597,-0.472244655067764));
#6410=CARTESIAN_POINT('Ctrl Pts',(0.690323350558574,-0.134189998412436,
-0.481336499784543));
#6411=CARTESIAN_POINT('Ctrl Pts',(0.645695205205751,-0.284789187583049,
-0.501774961171984));
#6412=CARTESIAN_POINT('Ctrl Pts',(0.60404468212234,-0.364900261312073,-0.511891498053046));
#6413=CARTESIAN_POINT('Ctrl Pts',(0.489885625414588,-0.508791401064293,
-0.535072884110794));
#6414=CARTESIAN_POINT('Ctrl Pts',(0.417161078204488,-0.569923376467576,
-0.547768588169522));
#6415=CARTESIAN_POINT('Ctrl Pts',(0.282582647292287,-0.643158952643066,
-0.568555419834694));
#6416=CARTESIAN_POINT('Ctrl Pts',(0.227171201158754,-0.66475884209615,-0.576533745763506));
#6417=CARTESIAN_POINT('Ctrl Pts',(0.114041158150363,-0.693025286041967,
-0.591748228262353));
#6418=CARTESIAN_POINT('Ctrl Pts',(0.0570547277825566,-0.70000000000001,
-0.598919242645368));
#6419=CARTESIAN_POINT('Ctrl Pts',(-1.23998034062816E-13,-0.7,-0.605625000000013));
#6420=CARTESIAN_POINT('Ctrl Pts',(-8.85100720891487E-14,-0.7,-0.60562500000001));
#6421=CARTESIAN_POINT('Ctrl Pts',(-0.0781827627115932,-0.69999999999999,
-0.61481397795914));
#6422=CARTESIAN_POINT('Ctrl Pts',(-0.156009809814303,-0.686901235310867,
-0.624849992691309));
#6423=CARTESIAN_POINT('Ctrl Pts',(-0.306633128202318,-0.634449251780291,
-0.646112297162314));
#6424=CARTESIAN_POINT('Ctrl Pts',(-0.377866853167798,-0.594781610506048,
-0.657176273485208));
#6425=CARTESIAN_POINT('Ctrl Pts',(-0.513853543773233,-0.484574099375966,
-0.68063743062744));
#6426=CARTESIAN_POINT('Ctrl Pts',(-0.574151560491252,-0.411286427665996,
-0.692307556245329));
#6427=CARTESIAN_POINT('Ctrl Pts',(-0.660398071758502,-0.24894236945969,
-0.714339964144756));
#6428=CARTESIAN_POINT('Ctrl Pts',(-0.686859230001081,-0.162150861797064,
-0.726118811613255));
#6429=CARTESIAN_POINT('Ctrl Pts',(-0.70591052842841,0.0200077398652348,
-0.750840336124567));
#6430=CARTESIAN_POINT('Ctrl Pts',(-0.696961128846729,0.113869451946671,
-0.763578711335619));
#6431=CARTESIAN_POINT('Ctrl Pts',(-0.643525455679444,0.289990842418914,
-0.787480900042566));
#6432=CARTESIAN_POINT('Ctrl Pts',(-0.600659833243405,0.370707137594905,
-0.797683364209564));
#6433=CARTESIAN_POINT('Ctrl Pts',(-0.486149879910057,0.511814726842462,
-0.820717108071964));
#6434=CARTESIAN_POINT('Ctrl Pts',(-0.415535521997027,0.570620682014201,
-0.833006960234814));
#6435=CARTESIAN_POINT('Ctrl Pts',(-0.253764800940154,0.659030807527329,
-0.858019458226432));
#6436=CARTESIAN_POINT('Ctrl Pts',(-0.163634197194627,0.686998818113203,
-0.870510519355753));
#6437=CARTESIAN_POINT('Ctrl Pts',(0.0208295511518006,0.70569978786151,-0.893459910522679));
#6438=CARTESIAN_POINT('Ctrl Pts',(0.113156165377331,0.696891248116464,-0.904135423609385));
#6439=CARTESIAN_POINT('Ctrl Pts',(0.29017478169922,0.643752203667143,-0.928546642731825));
#6440=CARTESIAN_POINT('Ctrl Pts',(0.372887324034331,0.599641114311791,-0.941261267328097));
#6441=CARTESIAN_POINT('Ctrl Pts',(0.51375370331199,0.483815530192106,-0.965677170513919));
#6442=CARTESIAN_POINT('Ctrl Pts',(0.571242155573976,0.414303406173364,-0.976898109162185));
#6443=CARTESIAN_POINT('Ctrl Pts',(0.658934327322444,0.254040370743238,-0.998648092541988));
#6444=CARTESIAN_POINT('Ctrl Pts',(0.686878553760092,0.163998698892848,-1.01086803372168));
#6445=CARTESIAN_POINT('Ctrl Pts',(0.69879183139131,0.0475161109979065,-1.026676384936));
#6446=CARTESIAN_POINT('Ctrl Pts',(0.7,0.0237450057223263,-1.02990246350911));
#6447=CARTESIAN_POINT('Ctrl Pts',(0.7,7.43708407166873E-17,-1.033125));
#6448=CARTESIAN_POINT('Origin',(0.,-2.86377409121928E-31,0.21375));
#6449=CARTESIAN_POINT('',(0.7,-5.67721761181387E-18,-1.674375));
#6450=CARTESIAN_POINT('',(0.7,-4.89087682270281E-16,-1.603125));
#6451=CARTESIAN_POINT('',(0.7,-8.5725275940315E-17,0.21375));
#6452=CARTESIAN_POINT('',(-8.84940527607164E-14,-0.7,-1.24687500000001));
#6453=CARTESIAN_POINT('Ctrl Pts',(0.7,7.43708407166873E-17,-1.674375));
#6454=CARTESIAN_POINT('Ctrl Pts',(0.7,0.0687106015609209,-1.66504998978816));
#6455=CARTESIAN_POINT('Ctrl Pts',(0.689882597200774,0.137199949391296,-1.65575500686832));
#6456=CARTESIAN_POINT('Ctrl Pts',(0.643525455672859,0.289990842433398,-1.63501909995547));
#6457=CARTESIAN_POINT('Ctrl Pts',(0.600659833235221,0.370707137608068,-1.62481663578858));
#6458=CARTESIAN_POINT('Ctrl Pts',(0.486149879898987,0.511814726853011,-1.60178289192602));
#6459=CARTESIAN_POINT('Ctrl Pts',(0.415535521984522,0.570620682023339,-1.58949303976309));
#6460=CARTESIAN_POINT('Ctrl Pts',(0.253764800925533,0.659030807532955,-1.56448054177147));
#6461=CARTESIAN_POINT('Ctrl Pts',(0.163634197179407,0.686998818116826,-1.55198948064221));
#6462=CARTESIAN_POINT('Ctrl Pts',(-0.0208295511679826,0.705699787861106,
-1.52904008947545));
#6463=CARTESIAN_POINT('Ctrl Pts',(-0.113156165393924,0.696891248113849,
-1.51836457638849));
#6464=CARTESIAN_POINT('Ctrl Pts',(-0.290174781714874,0.643752203660056,
-1.49395335726585));
#6465=CARTESIAN_POINT('Ctrl Pts',(-0.372887324048729,0.599641114302806,
-1.4812387326696));
#6466=CARTESIAN_POINT('Ctrl Pts',(-0.513753703323334,0.483815530180025,
-1.45682282948393));
#6467=CARTESIAN_POINT('Ctrl Pts',(-0.571242155583597,0.414303406160078,
-1.44560189083601));
#6468=CARTESIAN_POINT('Ctrl Pts',(-0.658934327328329,0.254040370727982,
-1.42385190745594));
#6469=CARTESIAN_POINT('Ctrl Pts',(-0.686878553763901,0.163998698876915,
-1.41163196627615));
#6470=CARTESIAN_POINT('Ctrl Pts',(-0.705695708579372,-0.0199868471734571,
-1.38666249931217));
#6471=CARTESIAN_POINT('Ctrl Pts',(-0.697017502069643,-0.112173580596645,
-1.37415144263331));
#6472=CARTESIAN_POINT('Ctrl Pts',(-0.645180733956085,-0.285957597073711,
-1.35056646896857));
#6473=CARTESIAN_POINT('Ctrl Pts',(-0.603377052292065,-0.366007270974568,
-1.34045491555219));
#6474=CARTESIAN_POINT('Ctrl Pts',(-0.488950957912534,-0.50968665734719,
-1.31725651299703));
#6475=CARTESIAN_POINT('Ctrl Pts',(-0.416127797145233,-0.570675743050654,
-1.30455891477459));
#6476=CARTESIAN_POINT('Ctrl Pts',(-0.281619779118108,-0.643561535572181,
-1.28380409419735));
#6477=CARTESIAN_POINT('Ctrl Pts',(-0.226381001656934,-0.665009371318197,
-1.27585638029635));
#6478=CARTESIAN_POINT('Ctrl Pts',(-0.113633054918643,-0.693075318622536,
-1.26070041147286));
#6479=CARTESIAN_POINT('Ctrl Pts',(-0.0568497657233732,-0.699999999999993,
-1.25355666774998));
#6480=CARTESIAN_POINT('Ctrl Pts',(-8.85100720891487E-14,-0.7,-1.24687500000001));
#6481=CARTESIAN_POINT('Ctrl Pts',(2.84888085347655E-11,-0.7,-1.24687499999665));
#6482=CARTESIAN_POINT('Ctrl Pts',(0.0781811512501149,-0.699999999996818,
-1.23768621143896));
#6483=CARTESIAN_POINT('Ctrl Pts',(0.15601643609134,-0.686899554726483,-1.22764911446932));
#6484=CARTESIAN_POINT('Ctrl Pts',(0.306636235455605,-0.63444752390949,-1.20638722038756));
#6485=CARTESIAN_POINT('Ctrl Pts',(0.377868228649921,-0.594780495778501,
-1.19532348920937));
#6486=CARTESIAN_POINT('Ctrl Pts',(0.513853543784618,-0.484574099363737,
-1.17186256937039));
#6487=CARTESIAN_POINT('Ctrl Pts',(0.574151560500439,-0.411286427653007,
-1.16019244375291));
#6488=CARTESIAN_POINT('Ctrl Pts',(0.660398071763949,-0.24894236944531,-1.13816003585329));
#6489=CARTESIAN_POINT('Ctrl Pts',(0.686859230004686,-0.162150861781908,
-1.12638118838469));
#6490=CARTESIAN_POINT('Ctrl Pts',(0.698737160620467,-0.0485802702375301,
-1.11096803667509));
#6491=CARTESIAN_POINT('Ctrl Pts',(0.7,-0.0242763255851396,-1.10766964418655));
#6492=CARTESIAN_POINT('Ctrl Pts',(0.7,7.43708407166873E-17,-1.104375));
#6493=CARTESIAN_POINT('',(-8.84940527607164E-14,-0.7,-1.17562500000001));
#6494=CARTESIAN_POINT('Ctrl Pts',(0.7,7.43708407166873E-17,-1.033125));
#6495=CARTESIAN_POINT('Ctrl Pts',(0.7,-0.0676169078920922,-1.04230158035678));
#6496=CARTESIAN_POINT('Ctrl Pts',(0.690202161280748,-0.135022175113257,
-1.05144943805108));
#6497=CARTESIAN_POINT('Ctrl Pts',(0.645180733962545,-0.285957597059073,
-1.07193353102944));
#6498=CARTESIAN_POINT('Ctrl Pts',(0.603377052300446,-0.366007270960699,
-1.08204508444589));
#6499=CARTESIAN_POINT('Ctrl Pts',(0.488950957924262,-0.509686657335978,
-1.10524348700083));
#6500=CARTESIAN_POINT('Ctrl Pts',(0.416127797158195,-0.570675743041234,
-1.11794108522324));
#6501=CARTESIAN_POINT('Ctrl Pts',(0.281619779130155,-0.643561535567157,
-1.13869590580089));
#6502=CARTESIAN_POINT('Ctrl Pts',(0.226381001666783,-0.665009371315084,
-1.14664361970228));
#6503=CARTESIAN_POINT('Ctrl Pts',(0.113633054923638,-0.693075318621932,
-1.16179958852651));
#6504=CARTESIAN_POINT('Ctrl Pts',(0.0568497657257723,-0.700000000000009,
-1.16894333224974));
#6505=CARTESIAN_POINT('Ctrl Pts',(-1.09912079437886E-13,-0.7,-1.17562500000001));
#6506=CARTESIAN_POINT('Ctrl Pts',(-8.85100720891487E-14,-0.7,-1.17562500000001));
#6507=CARTESIAN_POINT('Ctrl Pts',(-0.0781827627115506,-0.69999999999999,
-1.18481397795913));
#6508=CARTESIAN_POINT('Ctrl Pts',(-0.156009809814218,-0.686901235310882,
-1.1948499926913));
#6509=CARTESIAN_POINT('Ctrl Pts',(-0.306633128202164,-0.63444925178036,
-1.21611229716229));
#6510=CARTESIAN_POINT('Ctrl Pts',(-0.377866853167617,-0.594781610506158,
-1.22717627348518));
#6511=CARTESIAN_POINT('Ctrl Pts',(-0.513853543773066,-0.484574099376145,
-1.25063743062741));
#6512=CARTESIAN_POINT('Ctrl Pts',(-0.574151560491118,-0.411286427666186,
-1.2623075562453));
#6513=CARTESIAN_POINT('Ctrl Pts',(-0.660398071758422,-0.2489423694599,-1.28433996414473));
#6514=CARTESIAN_POINT('Ctrl Pts',(-0.686859230001028,-0.162150861797286,
-1.29611881161323));
#6515=CARTESIAN_POINT('Ctrl Pts',(-0.705910528428416,0.0200077398650009,
-1.32084033612454));
#6516=CARTESIAN_POINT('Ctrl Pts',(-0.696961128846768,0.113869451946437,
-1.33357871133559));
#6517=CARTESIAN_POINT('Ctrl Pts',(-0.64352545567954,0.289990842418703,-1.35748090004254));
#6518=CARTESIAN_POINT('Ctrl Pts',(-0.600659833243525,0.370707137594713,
-1.36768336420954));
#6519=CARTESIAN_POINT('Ctrl Pts',(-0.486149879910219,0.511814726842307,
-1.39071710807193));
#6520=CARTESIAN_POINT('Ctrl Pts',(-0.41553552199721,0.570620682014067,-1.40300696023478));
#6521=CARTESIAN_POINT('Ctrl Pts',(-0.253764800940368,0.659030807527246,
-1.4280194582264));
#6522=CARTESIAN_POINT('Ctrl Pts',(-0.16363419719485,0.68699881811315,-1.44051051935572));
#6523=CARTESIAN_POINT('Ctrl Pts',(0.0208295511515631,0.705699787861516,
-1.46345991052265));
#6524=CARTESIAN_POINT('Ctrl Pts',(0.113156165377087,0.696891248116502,-1.47413542360935));
#6525=CARTESIAN_POINT('Ctrl Pts',(0.290174781698991,0.643752203667247,-1.49854664273179));
#6526=CARTESIAN_POINT('Ctrl Pts',(0.372887324034121,0.599641114311922,-1.51126126732806));
#6527=CARTESIAN_POINT('Ctrl Pts',(0.513753703311824,0.483815530192283,-1.53567717051389));
#6528=CARTESIAN_POINT('Ctrl Pts',(0.571242155573835,0.414303406173558,-1.54689810916216));
#6529=CARTESIAN_POINT('Ctrl Pts',(0.658934327322358,0.254040370743461,-1.56864809254196));
#6530=CARTESIAN_POINT('Ctrl Pts',(0.686878553760036,0.163998698893081,-1.58086803372165));
#6531=CARTESIAN_POINT('Ctrl Pts',(0.698791831391302,0.0475161109980648,
-1.59667638493598));
#6532=CARTESIAN_POINT('Ctrl Pts',(0.7,0.023745005722405,-1.5999024635091));
#6533=CARTESIAN_POINT('Ctrl Pts',(0.7,-8.92450088600247E-16,-1.603125));
#6534=CARTESIAN_POINT('Origin',(0.,-2.86377409121928E-31,0.21375));
#6535=CARTESIAN_POINT('',(0.7,-5.67721761181387E-18,-2.244375));
#6536=CARTESIAN_POINT('',(0.7,-4.89087682270281E-16,-2.173125));
#6537=CARTESIAN_POINT('',(0.7,-8.5725275940315E-17,0.21375));
#6538=CARTESIAN_POINT('',(-8.84940527607164E-14,-0.7,-1.81687500000001));
#6539=CARTESIAN_POINT('Ctrl Pts',(0.7,7.43708407166873E-17,-2.244375));
#6540=CARTESIAN_POINT('Ctrl Pts',(0.7,0.0687106015551758,-2.23504998978894));
#6541=CARTESIAN_POINT('Ctrl Pts',(0.689882597202465,0.137199949379899,-2.22575500686987));
#6542=CARTESIAN_POINT('Ctrl Pts',(0.643525455679833,0.28999084241806,-2.20501909995755));
#6543=CARTESIAN_POINT('Ctrl Pts',(0.600659833243888,0.370707137594128,-2.19481663579054));
#6544=CARTESIAN_POINT('Ctrl Pts',(0.486149879910711,0.511814726841839,-2.17178289192815));
#6545=CARTESIAN_POINT('Ctrl Pts',(0.415535521997765,0.570620682013661,-2.15949303976531));
#6546=CARTESIAN_POINT('Ctrl Pts',(0.253764800941017,0.659030807526996,-2.13448054177369));
#6547=CARTESIAN_POINT('Ctrl Pts',(0.163634197195525,0.686998818112989,-2.12198948064437));
#6548=CARTESIAN_POINT('Ctrl Pts',(-0.0208295511508461,0.705699787861534,
-2.09904008947743));
#6549=CARTESIAN_POINT('Ctrl Pts',(-0.113156165376353,0.696891248116617,
-2.08836457639074));
#6550=CARTESIAN_POINT('Ctrl Pts',(-0.290174781698297,0.643752203667561,
-2.06395335726831));
#6551=CARTESIAN_POINT('Ctrl Pts',(-0.372887324033482,0.59964111431232,-2.05123873267204));
#6552=CARTESIAN_POINT('Ctrl Pts',(-0.513753703311322,0.483815530192818,
-2.02682282948621));
#6553=CARTESIAN_POINT('Ctrl Pts',(-0.571242155573409,0.414303406174146,
-2.01560189083792));
#6554=CARTESIAN_POINT('Ctrl Pts',(-0.658934327322097,0.254040370744137,
-1.99385190745813));
#6555=CARTESIAN_POINT('Ctrl Pts',(-0.686878553759867,0.163998698893787,
-1.98163196627844));
#6556=CARTESIAN_POINT('Ctrl Pts',(-0.705695708579886,-0.0199868471563009,
-1.9566624993145));
#6557=CARTESIAN_POINT('Ctrl Pts',(-0.697017502072363,-0.112173580579916,
-1.94415144263558));
#6558=CARTESIAN_POINT('Ctrl Pts',(-0.645180733962927,-0.285957597058211,
-1.92056646897067));
#6559=CARTESIAN_POINT('Ctrl Pts',(-0.60337705230094,-0.366007270959881,
-1.91045491555423));
#6560=CARTESIAN_POINT('Ctrl Pts',(-0.488950957924953,-0.509686657335316,
-1.8872565129993));
#6561=CARTESIAN_POINT('Ctrl Pts',(-0.41612779715896,-0.570675743040678,
-1.87455891477688));
#6562=CARTESIAN_POINT('Ctrl Pts',(-0.281619779130895,-0.643561535566845,
-1.85380409419921));
#6563=CARTESIAN_POINT('Ctrl Pts',(-0.226381001667426,-0.665009371314877,
-1.84585638029781));
#6564=CARTESIAN_POINT('Ctrl Pts',(-0.113633054924059,-0.693075318621873,
-1.83070041147354));
#6565=CARTESIAN_POINT('Ctrl Pts',(-0.0568497657260932,-0.699999999999993,
-1.8235566677503));
#6566=CARTESIAN_POINT('Ctrl Pts',(-8.85100720891487E-14,-0.7,-1.81687500000001));
#6567=CARTESIAN_POINT('Ctrl Pts',(2.84888085347655E-11,-0.7,-1.81687499999665));
#6568=CARTESIAN_POINT('Ctrl Pts',(0.0781811512501053,-0.699999999996818,
-1.80768621143897));
#6569=CARTESIAN_POINT('Ctrl Pts',(0.156016436091321,-0.686899554726487,
-1.79764911446932));
#6570=CARTESIAN_POINT('Ctrl Pts',(0.306636235455569,-0.634447523909506,
-1.77638722038756));
#6571=CARTESIAN_POINT('Ctrl Pts',(0.377868228649879,-0.594780495778526,
-1.76532348920938));
#6572=CARTESIAN_POINT('Ctrl Pts',(0.513853543784581,-0.484574099363778,
-1.7418625693704));
#6573=CARTESIAN_POINT('Ctrl Pts',(0.574151560500407,-0.411286427653051,
-1.73019244375291));
#6574=CARTESIAN_POINT('Ctrl Pts',(0.66039807176393,-0.24894236944536,-1.7081600358533));
#6575=CARTESIAN_POINT('Ctrl Pts',(0.686859230004673,-0.162150861781961,
-1.69638118838469));
#6576=CARTESIAN_POINT('Ctrl Pts',(0.698737160620465,-0.0485802702375667,
-1.6809680366751));
#6577=CARTESIAN_POINT('Ctrl Pts',(0.7,-0.0242763255851577,-1.67766964418656));
#6578=CARTESIAN_POINT('Ctrl Pts',(0.7,7.43708407166873E-17,-1.674375));
#6579=CARTESIAN_POINT('',(-8.84940527607164E-14,-0.7,-1.74562500000001));
#6580=CARTESIAN_POINT('Ctrl Pts',(0.7,-8.92450088600247E-16,-1.603125));
#6581=CARTESIAN_POINT('Ctrl Pts',(0.7,-0.0676169078920156,-1.61230158035677));
#6582=CARTESIAN_POINT('Ctrl Pts',(0.690202161280771,-0.135022175113105,
-1.62144943805106));
#6583=CARTESIAN_POINT('Ctrl Pts',(0.64518073396264,-0.285957597058859,-1.64193353102941));
#6584=CARTESIAN_POINT('Ctrl Pts',(0.603377052300568,-0.366007270960496,
-1.65204508444586));
#6585=CARTESIAN_POINT('Ctrl Pts',(0.488950957924434,-0.509686657335813,
-1.6752434870008));
#6586=CARTESIAN_POINT('Ctrl Pts',(0.416127797158385,-0.570675743041096,
-1.68794108522321));
#6587=CARTESIAN_POINT('Ctrl Pts',(0.281619779130333,-0.643561535567083,
-1.70869590580087));
#6588=CARTESIAN_POINT('Ctrl Pts',(0.226381001666929,-0.665009371315038,
-1.71664361970226));
#6589=CARTESIAN_POINT('Ctrl Pts',(0.113633054923713,-0.693075318621923,
-1.7317995885265));
#6590=CARTESIAN_POINT('Ctrl Pts',(0.0568497657258097,-0.700000000000009,
-1.73894333224973));
#6591=CARTESIAN_POINT('Ctrl Pts',(-1.09912079437886E-13,-0.7,-1.74562500000001));
#6592=CARTESIAN_POINT('Ctrl Pts',(-8.85100720891487E-14,-0.7,-1.74562500000001));
#6593=CARTESIAN_POINT('Ctrl Pts',(-0.0781827627115461,-0.69999999999999,
-1.75481397795913));
#6594=CARTESIAN_POINT('Ctrl Pts',(-0.15600980981421,-0.686901235310883,
-1.7648499926913));
#6595=CARTESIAN_POINT('Ctrl Pts',(-0.306633128202146,-0.634449251780368,
-1.78611229716229));
#6596=CARTESIAN_POINT('Ctrl Pts',(-0.377866853167596,-0.59478161050617,
-1.79717627348518));
#6597=CARTESIAN_POINT('Ctrl Pts',(-0.513853543773047,-0.484574099376165,
-1.8206374306274));
#6598=CARTESIAN_POINT('Ctrl Pts',(-0.574151560491102,-0.411286427666207,
-1.8323075562453));
#6599=CARTESIAN_POINT('Ctrl Pts',(-0.660398071758413,-0.248942369459923,
-1.85433996414472));
#6600=CARTESIAN_POINT('Ctrl Pts',(-0.686859230001022,-0.16215086179731,
-1.86611881161322));
#6601=CARTESIAN_POINT('Ctrl Pts',(-0.705910528428417,0.0200077398649754,
-1.89084033612453));
#6602=CARTESIAN_POINT('Ctrl Pts',(-0.696961128846771,0.113869451946411,
-1.90357871133558));
#6603=CARTESIAN_POINT('Ctrl Pts',(-0.643525455679551,0.289990842418679,
-1.92748090004253));
#6604=CARTESIAN_POINT('Ctrl Pts',(-0.600659833243538,0.370707137594691,
-1.93768336420953));
#6605=CARTESIAN_POINT('Ctrl Pts',(-0.486149879910237,0.51181472684229,-1.96071710807193));
#6606=CARTESIAN_POINT('Ctrl Pts',(-0.41553552199723,0.570620682014052,-1.97300696023478));
#6607=CARTESIAN_POINT('Ctrl Pts',(-0.253764800940392,0.659030807527237,
-1.9980194582264));
#6608=CARTESIAN_POINT('Ctrl Pts',(-0.163634197194874,0.686998818113144,
-2.01051051935572));
#6609=CARTESIAN_POINT('Ctrl Pts',(0.0208295511515377,0.705699787861516,
-2.03345991052265));
#6610=CARTESIAN_POINT('Ctrl Pts',(0.113156165377061,0.696891248116505,-2.04413542360935));
#6611=CARTESIAN_POINT('Ctrl Pts',(0.290174781698966,0.643752203667258,-2.06854664273179));
#6612=CARTESIAN_POINT('Ctrl Pts',(0.372887324034097,0.599641114311936,-2.08126126732806));
#6613=CARTESIAN_POINT('Ctrl Pts',(0.513753703311807,0.483815530192301,-2.10567717051388));
#6614=CARTESIAN_POINT('Ctrl Pts',(0.57124215557382,0.414303406173578,-2.11689810916216));
#6615=CARTESIAN_POINT('Ctrl Pts',(0.658934327322348,0.254040370743485,-2.13864809254195));
#6616=CARTESIAN_POINT('Ctrl Pts',(0.686878553760029,0.163998698893107,-2.15086803372165));
#6617=CARTESIAN_POINT('Ctrl Pts',(0.6987918313913,0.047516110998082,-2.16667638493597));
#6618=CARTESIAN_POINT('Ctrl Pts',(0.7,0.0237450057224136,-2.1699024635091));
#6619=CARTESIAN_POINT('Ctrl Pts',(0.7,-8.92450088600247E-16,-2.173125));
#6620=CARTESIAN_POINT('Origin',(0.,-2.86377409121928E-31,0.21375));
#6621=CARTESIAN_POINT('',(0.7,-5.67721761181387E-18,-2.814375));
#6622=CARTESIAN_POINT('',(0.7,-4.89087682270281E-16,-2.743125));
#6623=CARTESIAN_POINT('',(0.7,-8.5725275940315E-17,0.21375));
#6624=CARTESIAN_POINT('',(-8.84940527607164E-14,-0.7,-2.38687500000001));
#6625=CARTESIAN_POINT('Ctrl Pts',(0.7,7.43708407166873E-17,-2.814375));
#6626=CARTESIAN_POINT('Ctrl Pts',(0.7,0.06871060156104,-2.80504998978814));
#6627=CARTESIAN_POINT('Ctrl Pts',(0.689882597200739,0.137199949391532,-2.79575500686829));
#6628=CARTESIAN_POINT('Ctrl Pts',(0.643525455672715,0.289990842433715,-2.77501909995542));
#6629=CARTESIAN_POINT('Ctrl Pts',(0.600659833235042,0.370707137608357,-2.76481663578854));
#6630=CARTESIAN_POINT('Ctrl Pts',(0.486149879898744,0.511814726853242,-2.74178289192597));
#6631=CARTESIAN_POINT('Ctrl Pts',(0.415535521984249,0.570620682023539,-2.72949303976305));
#6632=CARTESIAN_POINT('Ctrl Pts',(0.253764800925212,0.659030807533079,-2.70448054177142));
#6633=CARTESIAN_POINT('Ctrl Pts',(0.163634197179073,0.686998818116906,-2.69198948064217));
#6634=CARTESIAN_POINT('Ctrl Pts',(-0.0208295511683371,0.705699787861097,
-2.6690400894754));
#6635=CARTESIAN_POINT('Ctrl Pts',(-0.113156165394288,0.696891248113791,
-2.65836457638844));
#6636=CARTESIAN_POINT('Ctrl Pts',(-0.290174781715217,0.6437522036599,-2.6339533572658));
#6637=CARTESIAN_POINT('Ctrl Pts',(-0.372887324049044,0.59964111430261,-2.62123873266955));
#6638=CARTESIAN_POINT('Ctrl Pts',(-0.513753703323582,0.48381553017976,-2.59682282948388));
#6639=CARTESIAN_POINT('Ctrl Pts',(-0.571242155583808,0.414303406159787,
-2.58560189083597));
#6640=CARTESIAN_POINT('Ctrl Pts',(-0.658934327328458,0.254040370727648,
-2.56385190745589));
#6641=CARTESIAN_POINT('Ctrl Pts',(-0.686878553763984,0.163998698876565,
-2.5516319662761));
#6642=CARTESIAN_POINT('Ctrl Pts',(-0.705695708579361,-0.0199868471738132,
-2.52666249931212));
#6643=CARTESIAN_POINT('Ctrl Pts',(-0.697017502069587,-0.112173580596993,
-2.51415144263327));
#6644=CARTESIAN_POINT('Ctrl Pts',(-0.645180733955943,-0.285957597074033,
-2.49056646896852));
#6645=CARTESIAN_POINT('Ctrl Pts',(-0.60337705229188,-0.366007270974873,
-2.48045491555214));
#6646=CARTESIAN_POINT('Ctrl Pts',(-0.488950957912276,-0.509686657347437,
-2.45725651299699));
#6647=CARTESIAN_POINT('Ctrl Pts',(-0.416127797144948,-0.570675743050861,
-2.44455891477454));
#6648=CARTESIAN_POINT('Ctrl Pts',(-0.281619779117843,-0.643561535572292,
-2.42380409419731));
#6649=CARTESIAN_POINT('Ctrl Pts',(-0.226381001656716,-0.665009371318266,
-2.41585638029632));
#6650=CARTESIAN_POINT('Ctrl Pts',(-0.11363305491853,-0.69307531862255,-2.40070041147284));
#6651=CARTESIAN_POINT('Ctrl Pts',(-0.0568497657233164,-0.699999999999993,
-2.39355666774997));
#6652=CARTESIAN_POINT('Ctrl Pts',(-8.85100720891487E-14,-0.7,-2.38687500000001));
#6653=CARTESIAN_POINT('Ctrl Pts',(-8.85055917443337E-14,-0.7,-2.38687500000001));
#6654=CARTESIAN_POINT('Ctrl Pts',(0.078182762711273,-0.70000000000001,-2.3776860220409));
#6655=CARTESIAN_POINT('Ctrl Pts',(0.156009809813844,-0.686901235310955,
-2.36765000730875));
#6656=CARTESIAN_POINT('Ctrl Pts',(0.306633128201639,-0.634449251780602,
-2.34638770283778));
#6657=CARTESIAN_POINT('Ctrl Pts',(0.37786685316704,-0.594781610506511,-2.33532372651491));
#6658=CARTESIAN_POINT('Ctrl Pts',(0.513853543772563,-0.484574099376686,
-2.31186256937269));
#6659=CARTESIAN_POINT('Ctrl Pts',(0.574151560490711,-0.411286427666761,
-2.30019244375477));
#6660=CARTESIAN_POINT('Ctrl Pts',(0.660398071758181,-0.248942369460537,
-2.27816003585536));
#6661=CARTESIAN_POINT('Ctrl Pts',(0.686859230000868,-0.162150861797957,
-2.26638118838686));
#6662=CARTESIAN_POINT('Ctrl Pts',(0.698737160619893,-0.0485802702485607,
-2.25096803667659));
#6663=CARTESIAN_POINT('Ctrl Pts',(0.7,-0.024276325590652,-2.2476696441873));
#6664=CARTESIAN_POINT('Ctrl Pts',(0.7,7.43708407166873E-17,-2.244375));
#6665=CARTESIAN_POINT('',(-8.84940527607164E-14,-0.7,-2.31562500000001));
#6666=CARTESIAN_POINT('Ctrl Pts',(0.7,-8.92450088600247E-16,-2.173125));
#6667=CARTESIAN_POINT('Ctrl Pts',(0.7,-0.067616907892007,-2.18230158035677));
#6668=CARTESIAN_POINT('Ctrl Pts',(0.690202161280773,-0.135022175113088,
-2.19144943805106));
#6669=CARTESIAN_POINT('Ctrl Pts',(0.64518073396265,-0.285957597058835,-2.21193353102941));
#6670=CARTESIAN_POINT('Ctrl Pts',(0.603377052300582,-0.366007270960473,
-2.22204508444585));
#6671=CARTESIAN_POINT('Ctrl Pts',(0.488950957924452,-0.509686657335795,
-2.24524348700079));
#6672=CARTESIAN_POINT('Ctrl Pts',(0.416127797158406,-0.57067574304108,-2.25794108522321));
#6673=CARTESIAN_POINT('Ctrl Pts',(0.28161977913035,-0.643561535567076,-2.27869590580087));
#6674=CARTESIAN_POINT('Ctrl Pts',(0.226381001666944,-0.665009371315033,
-2.28664361970225));
#6675=CARTESIAN_POINT('Ctrl Pts',(0.113633054923722,-0.693075318621921,
-2.3017995885265));
#6676=CARTESIAN_POINT('Ctrl Pts',(0.0568497657258145,-0.700000000000009,
-2.30894333224973));
#6677=CARTESIAN_POINT('Ctrl Pts',(-1.09912079437886E-13,-0.7,-2.31562500000001));
#6678=CARTESIAN_POINT('Ctrl Pts',(-8.85100720891487E-14,-0.7,-2.31562500000001));
#6679=CARTESIAN_POINT('Ctrl Pts',(-0.0781827627115556,-0.69999999999999,
-2.32481397795914));
#6680=CARTESIAN_POINT('Ctrl Pts',(-0.156009809814228,-0.68690123531088,
-2.3348499926913));
#6681=CARTESIAN_POINT('Ctrl Pts',(-0.30663312820218,-0.634449251780353,
-2.35611229716229));
#6682=CARTESIAN_POINT('Ctrl Pts',(-0.377866853167635,-0.594781610506147,
-2.36717627348518));
#6683=CARTESIAN_POINT('Ctrl Pts',(-0.513853543773085,-0.484574099376126,
-2.39063743062741));
#6684=CARTESIAN_POINT('Ctrl Pts',(-0.574151560491132,-0.411286427666165,
-2.40230755624531));
#6685=CARTESIAN_POINT('Ctrl Pts',(-0.660398071758431,-0.248942369459877,
-2.42433996414473));
#6686=CARTESIAN_POINT('Ctrl Pts',(-0.686859230001034,-0.162150861797262,
-2.43611881161323));
#6687=CARTESIAN_POINT('Ctrl Pts',(-0.705910528428416,0.0200077398650272,
-2.46084033612454));
#6688=CARTESIAN_POINT('Ctrl Pts',(-0.696961128846763,0.113869451946463,
-2.47357871133559));
#6689=CARTESIAN_POINT('Ctrl Pts',(-0.64352545567953,0.289990842418725,-2.49748090004254));
#6690=CARTESIAN_POINT('Ctrl Pts',(-0.600659833243512,0.370707137594734,
-2.50768336420954));
#6691=CARTESIAN_POINT('Ctrl Pts',(-0.486149879910201,0.511814726842324,
-2.53071710807194));
#6692=CARTESIAN_POINT('Ctrl Pts',(-0.41553552199719,0.570620682014082,-2.54300696023479));
#6693=CARTESIAN_POINT('Ctrl Pts',(-0.253764800940346,0.659030807527255,
-2.5680194582264));
#6694=CARTESIAN_POINT('Ctrl Pts',(-0.163634197194826,0.686998818113156,
-2.58051051935573));
#6695=CARTESIAN_POINT('Ctrl Pts',(0.0208295511515901,0.705699787861516,
-2.60345991052265));
#6696=CARTESIAN_POINT('Ctrl Pts',(0.113156165377115,0.696891248116497,-2.61413542360936));
#6697=CARTESIAN_POINT('Ctrl Pts',(0.290174781699016,0.643752203667236,-2.63854664273179));
#6698=CARTESIAN_POINT('Ctrl Pts',(0.372887324034143,0.599641114311908,-2.65126126732807));
#6699=CARTESIAN_POINT('Ctrl Pts',(0.513753703311842,0.483815530192263,-2.67567717051389));
#6700=CARTESIAN_POINT('Ctrl Pts',(0.57124215557385,0.414303406173537,-2.68689810916216));
#6701=CARTESIAN_POINT('Ctrl Pts',(0.658934327322367,0.254040370743437,-2.70864809254196));
#6702=CARTESIAN_POINT('Ctrl Pts',(0.686878553760042,0.163998698893056,-2.72086803372166));
#6703=CARTESIAN_POINT('Ctrl Pts',(0.698791831391302,0.0475161109980476,
-2.73667638493598));
#6704=CARTESIAN_POINT('Ctrl Pts',(0.7,0.0237450057223963,-2.7399024635091));
#6705=CARTESIAN_POINT('Ctrl Pts',(0.7,-8.92450088600247E-16,-2.743125));
#6706=CARTESIAN_POINT('Origin',(0.,-2.86377409121928E-31,0.21375));
#6707=CARTESIAN_POINT('',(0.7,-5.67721761181387E-18,-3.384375));
#6708=CARTESIAN_POINT('',(0.7,-4.89087682270281E-16,-3.313125));
#6709=CARTESIAN_POINT('',(0.7,-8.5725275940315E-17,0.21375));
#6710=CARTESIAN_POINT('',(-8.58517219621085E-14,-0.7,-2.95687500000001));
#6711=CARTESIAN_POINT('Ctrl Pts',(0.7,7.43708407166873E-17,-3.384375));
#6712=CARTESIAN_POINT('Ctrl Pts',(0.7,0.0687098010887943,-3.37505009842366));
#6713=CARTESIAN_POINT('Ctrl Pts',(0.689882832950429,0.137198361493663,-3.36575522236872));
#6714=CARTESIAN_POINT('Ctrl Pts',(0.643526427322862,0.289988705264043,-3.34501938999988));
#6715=CARTESIAN_POINT('Ctrl Pts',(0.600661040847324,0.370705195256986,-3.33481690952406));
#6716=CARTESIAN_POINT('Ctrl Pts',(0.48615151354675,0.511813170189339,-3.31178318956269));
#6717=CARTESIAN_POINT('Ctrl Pts',(0.415537367294969,0.570619333535402,-3.29949334815069));
#6718=CARTESIAN_POINT('Ctrl Pts',(0.253766958486124,0.659029977311455,-3.27448085169038));
#6719=CARTESIAN_POINT('Ctrl Pts',(0.163636443091634,0.686998283459063,-3.26198978088916));
#6720=CARTESIAN_POINT('Ctrl Pts',(-0.0208271633268524,0.705699847473473,
-3.23904036607811));
#6721=CARTESIAN_POINT('Ctrl Pts',(-0.113153716928191,0.696891633913672,
-3.22836489034088));
#6722=CARTESIAN_POINT('Ctrl Pts',(-0.290172471840125,0.643753249468523,
-3.20395369971567));
#6723=CARTESIAN_POINT('Ctrl Pts',(-0.372885199533396,0.599642440049002,
-3.19123907232953));
#6724=CARTESIAN_POINT('Ctrl Pts',(-0.51375202959455,0.483817312700551,-3.1668231471574));
#6725=CARTESIAN_POINT('Ctrl Pts',(-0.571240735912259,0.414305366414896,
-3.15560215687059));
#6726=CARTESIAN_POINT('Ctrl Pts',(-0.658933458929818,0.254042621851058,
-3.1338522129655));
#6727=CARTESIAN_POINT('Ctrl Pts',(-0.68687799168514,0.164001049961717,-3.12163228535195));
#6728=CARTESIAN_POINT('Ctrl Pts',(-0.705695780249565,-0.0199844565490666,
-3.09666282375406));
#6729=CARTESIAN_POINT('Ctrl Pts',(-0.697017880981464,-0.112171249465991,
-3.08415175900104));
#6730=CARTESIAN_POINT('Ctrl Pts',(-0.645181687303581,-0.285955437109131,
-3.06056676210662));
#6731=CARTESIAN_POINT('Ctrl Pts',(-0.603378289024618,-0.366005224476071,
-3.0504551997774));
#6732=CARTESIAN_POINT('Ctrl Pts',(-0.488952688485414,-0.509685002776817,
-3.02725682866918));
#6733=CARTESIAN_POINT('Ctrl Pts',(-0.416129709890051,-0.570674352957912,
-3.01455923391107));
#6734=CARTESIAN_POINT('Ctrl Pts',(-0.281623095065515,-0.643559960751985,
-2.99380459079014));
#6735=CARTESIAN_POINT('Ctrl Pts',(-0.226385725333951,-0.665007643127917,
-2.98585705274971));
#6736=CARTESIAN_POINT('Ctrl Pts',(-0.113826854082172,-0.693027609660736,
-2.97072642647368));
#6737=CARTESIAN_POINT('Ctrl Pts',(-0.0570429152454258,-0.699999999999993,
-2.96357936900329));
#6738=CARTESIAN_POINT('Ctrl Pts',(-8.57123100670932E-14,-0.7,-2.95687500000001));
#6739=CARTESIAN_POINT('Ctrl Pts',(-1.39135231114122E-12,-0.7,-2.95687500000016));
#6740=CARTESIAN_POINT('Ctrl Pts',(0.0781827627084564,-0.700000000000155,
-2.94768602204124));
#6741=CARTESIAN_POINT('Ctrl Pts',(0.156009809839099,-0.686901235305073,
-2.93765000730538));
#6742=CARTESIAN_POINT('Ctrl Pts',(0.306633128221998,-0.634449251770512,
-2.91638770283471));
#6743=CARTESIAN_POINT('Ctrl Pts',(0.377866853184434,-0.594781610495196,
-2.9053237265121));
#6744=CARTESIAN_POINT('Ctrl Pts',(0.513853543784828,-0.484574099363511,
-2.88186256937035));
#6745=CARTESIAN_POINT('Ctrl Pts',(0.574151560500608,-0.411286427652768,
-2.87019244375287));
#6746=CARTESIAN_POINT('Ctrl Pts',(0.660398071764049,-0.248942369445045,
-2.84816003585326));
#6747=CARTESIAN_POINT('Ctrl Pts',(0.686859230004752,-0.162150861781629,
-2.83638118838465));
#6748=CARTESIAN_POINT('Ctrl Pts',(0.698737160620477,-0.0485802702373385,
-2.82096803667507));
#6749=CARTESIAN_POINT('Ctrl Pts',(0.7,-0.0242763255850438,-2.81766964418654));
#6750=CARTESIAN_POINT('Ctrl Pts',(0.7,7.43708407166873E-17,-2.814375));
#6751=CARTESIAN_POINT('',(-8.58517219621085E-14,-0.7,-2.88562500000001));
#6752=CARTESIAN_POINT('Ctrl Pts',(0.7,-8.92450088600247E-16,-2.743125));
#6753=CARTESIAN_POINT('Ctrl Pts',(0.7,-0.0676169078920237,-2.75230158035677));
#6754=CARTESIAN_POINT('Ctrl Pts',(0.690202161280768,-0.135022175113121,
-2.76144943805107));
#6755=CARTESIAN_POINT('Ctrl Pts',(0.64518073396263,-0.285957597058882,-2.78193353102942));
#6756=CARTESIAN_POINT('Ctrl Pts',(0.603377052300555,-0.366007270960518,
-2.79204508444586));
#6757=CARTESIAN_POINT('Ctrl Pts',(0.488950957924415,-0.509686657335831,
-2.8152434870008));
#6758=CARTESIAN_POINT('Ctrl Pts',(0.416127797158365,-0.570675743041111,
-2.82794108522322));
#6759=CARTESIAN_POINT('Ctrl Pts',(0.281621313358768,-0.643560704215486,
-2.84869566906676));
#6760=CARTESIAN_POINT('Ctrl Pts',(0.226384263329634,-0.665008105771631,
-2.85664315047629));
#6761=CARTESIAN_POINT('Ctrl Pts',(0.113639732276557,-0.693074095497899,
-2.87179872072604));
#6762=CARTESIAN_POINT('Ctrl Pts',(0.0568481451710717,-0.700000000000007,
-2.8789435227168));
#6763=CARTESIAN_POINT('Ctrl Pts',(-8.57647286522905E-14,-0.7,-2.88562500000001));
#6764=CARTESIAN_POINT('Ctrl Pts',(-8.57123100670932E-14,-0.7,-2.88562500000001));
#6765=CARTESIAN_POINT('Ctrl Pts',(-0.0784488817842055,-0.69999999999999,
-2.89484525547106));
#6766=CARTESIAN_POINT('Ctrl Pts',(-0.15626380844444,-0.686813409460265,
-2.90488580527444));
#6767=CARTESIAN_POINT('Ctrl Pts',(-0.306636235435963,-0.634447523919252,
-2.92611277960947));
#6768=CARTESIAN_POINT('Ctrl Pts',(-0.377868228633329,-0.594780495789326,
-2.93717651078794));
#6769=CARTESIAN_POINT('Ctrl Pts',(-0.513853543773063,-0.484574099376149,
-2.96063743062741));
#6770=CARTESIAN_POINT('Ctrl Pts',(-0.574151560491115,-0.411286427666189,
-2.9723075562453));
#6771=CARTESIAN_POINT('Ctrl Pts',(-0.66039807175842,-0.248942369459905,
-2.99433996414473));
#6772=CARTESIAN_POINT('Ctrl Pts',(-0.686859230001027,-0.162150861797291,
-3.00611881161323));
#6773=CARTESIAN_POINT('Ctrl Pts',(-0.705910528428416,0.0200077398649965,
-3.03084033612454));
#6774=CARTESIAN_POINT('Ctrl Pts',(-0.696961128846768,0.113869451946432,
-3.04357871133559));
#6775=CARTESIAN_POINT('Ctrl Pts',(-0.643525455679543,0.289990842418697,
-3.06748090004254));
#6776=CARTESIAN_POINT('Ctrl Pts',(-0.600659833243528,0.370707137594708,
-3.07768336420954));
#6777=CARTESIAN_POINT('Ctrl Pts',(-0.486149879910223,0.511814726842303,
-3.10071710807193));
#6778=CARTESIAN_POINT('Ctrl Pts',(-0.415535521997215,0.570620682014064,
-3.11300696023478));
#6779=CARTESIAN_POINT('Ctrl Pts',(-0.253764800940374,0.659030807527244,
-3.1380194582264));
#6780=CARTESIAN_POINT('Ctrl Pts',(-0.163634197194855,0.686998818113149,
-3.15051051935572));
#6781=CARTESIAN_POINT('Ctrl Pts',(0.0208295511515581,0.705699787861516,
-3.17345991052265));
#6782=CARTESIAN_POINT('Ctrl Pts',(0.113156165377082,0.696891248116503,-3.18413542360935));
#6783=CARTESIAN_POINT('Ctrl Pts',(0.290174781698985,0.64375220366725,-3.20854664273179));
#6784=CARTESIAN_POINT('Ctrl Pts',(0.372887324034115,0.599641114311926,-3.22126126732806));
#6785=CARTESIAN_POINT('Ctrl Pts',(0.513753703311821,0.483815530192286,-3.24567717051389));
#6786=CARTESIAN_POINT('Ctrl Pts',(0.571242155573831,0.414303406173562,-3.25689810916216));
#6787=CARTESIAN_POINT('Ctrl Pts',(0.658934327322355,0.254040370743468,-3.27864809254196));
#6788=CARTESIAN_POINT('Ctrl Pts',(0.686878553760034,0.163998698893088,-3.29086803372165));
#6789=CARTESIAN_POINT('Ctrl Pts',(0.698791831391302,0.0475161109980688,
-3.30667638493598));
#6790=CARTESIAN_POINT('Ctrl Pts',(0.7,0.023745005722407,-3.3099024635091));
#6791=CARTESIAN_POINT('Ctrl Pts',(0.7,-8.92450088600247E-16,-3.313125));
#6792=CARTESIAN_POINT('Origin',(0.,-2.86377409121928E-31,0.21375));
#6793=CARTESIAN_POINT('',(0.7,-5.67721761181387E-18,-3.954375));
#6794=CARTESIAN_POINT('',(0.7,-5.67721761181387E-18,-3.883125));
#6795=CARTESIAN_POINT('',(0.7,-8.5725275940315E-17,0.21375));
#6796=CARTESIAN_POINT('',(-8.58517219621085E-14,-0.7,-3.52687500000001));
#6797=CARTESIAN_POINT('Ctrl Pts',(0.7,7.43708407166873E-17,-3.954375));
#6798=CARTESIAN_POINT('Ctrl Pts',(0.7,0.0687098045352543,-3.94505009795593));
#6799=CARTESIAN_POINT('Ctrl Pts',(0.689882831935407,0.137198368330411,-3.93575522144087));
#6800=CARTESIAN_POINT('Ctrl Pts',(0.643526423139406,0.289988714465702,-3.91501938875108));
#6801=CARTESIAN_POINT('Ctrl Pts',(0.600661035647925,0.370705203619848,-3.90481690834549));
#6802=CARTESIAN_POINT('Ctrl Pts',(0.48615150651304,0.511813176891612,-3.8817831882812));
#6803=CARTESIAN_POINT('Ctrl Pts',(0.415537359349939,0.57061933934137,-3.86949334682292));
#6804=CARTESIAN_POINT('Ctrl Pts',(0.253766949196687,0.659029980886014,-3.84448085035601));
#6805=CARTESIAN_POINT('Ctrl Pts',(0.163636433421794,0.686998285761064,-3.83198977959644));
#6806=CARTESIAN_POINT('Ctrl Pts',(-0.0208271736077727,0.705699847216827,
-3.80904036488719));
#6807=CARTESIAN_POINT('Ctrl Pts',(-0.113153727470131,0.696891632252618,
-3.79836488898915));
#6808=CARTESIAN_POINT('Ctrl Pts',(-0.29017248178536,0.643753244965785,-3.77395369824125));
#6809=CARTESIAN_POINT('Ctrl Pts',(-0.372885208680563,0.599642434340983,
-3.76123907086711));
#6810=CARTESIAN_POINT('Ctrl Pts',(-0.513752036800844,0.483817305025876,
-3.73682314578965));
#6811=CARTESIAN_POINT('Ctrl Pts',(-0.571240742024703,0.414305357974982,
-3.72560215572518));
#6812=CARTESIAN_POINT('Ctrl Pts',(-0.658933462668744,0.254042612158803,
-3.70385221165012));
#6813=CARTESIAN_POINT('Ctrl Pts',(-0.686877994105201,0.164001039839073,
-3.69163228397816));
#6814=CARTESIAN_POINT('Ctrl Pts',(-0.705695779941005,-0.0199844668419571,
-3.66666282235716));
#6815=CARTESIAN_POINT('Ctrl Pts',(-0.697017879350067,-0.112171259502731,
-3.65415175763891));
#6816=CARTESIAN_POINT('Ctrl Pts',(-0.645181683198939,-0.285955446408912,
-3.63056676084451));
#6817=CARTESIAN_POINT('Ctrl Pts',(-0.603378283699856,-0.366005233287321,
-3.62045519855367));
#6818=CARTESIAN_POINT('Ctrl Pts',(-0.488952681034411,-0.509685009900615,
-3.59725682731004));
#6819=CARTESIAN_POINT('Ctrl Pts',(-0.416129701654702,-0.570674358942997,
-3.58455923253703));
#6820=CARTESIAN_POINT('Ctrl Pts',(-0.281623087394294,-0.643559963953013,
-3.56380458967132));
#6821=CARTESIAN_POINT('Ctrl Pts',(-0.226385719039222,-0.665007645119858,
-3.55585705187471));
#6822=CARTESIAN_POINT('Ctrl Pts',(-0.113826850826888,-0.693027610061145,
-3.54072642606391));
#6823=CARTESIAN_POINT('Ctrl Pts',(-0.0570429136074281,-0.699999999999993,
-3.53357936881078));
#6824=CARTESIAN_POINT('Ctrl Pts',(-8.57123100670932E-14,-0.7,-3.52687500000001));
#6825=CARTESIAN_POINT('Ctrl Pts',(-8.5730034182771E-14,-0.7,-3.52687500000001));
#6826=CARTESIAN_POINT('Ctrl Pts',(0.0781807249478197,-0.70000000000001,
-3.51768626154335));
#6827=CARTESIAN_POINT('Ctrl Pts',(0.156015591512458,-0.686899697615488,
-3.50764922343042));
#6828=CARTESIAN_POINT('Ctrl Pts',(0.306634676993074,-0.634448222410108,
-3.48638745095506));
#6829=CARTESIAN_POINT('Ctrl Pts',(0.377866394646597,-0.594781602396525,
-3.47532377985543));
#6830=CARTESIAN_POINT('Ctrl Pts',(0.513851869662336,-0.484575897728535,
-3.45186288816526));
#6831=CARTESIAN_POINT('Ctrl Pts',(0.574150209586255,-0.411288337658919,
-3.440192702968));
#6832=CARTESIAN_POINT('Ctrl Pts',(0.660397270712812,-0.248944484128925,
-3.41816032284607));
#6833=CARTESIAN_POINT('Ctrl Pts',(0.686858699885164,-0.162153090641457,
-3.40638149087277));
#6834=CARTESIAN_POINT('Ctrl Pts',(0.698737080973884,-0.0485818020752798,
-3.39096824456736));
#6835=CARTESIAN_POINT('Ctrl Pts',(0.7,-0.0242770911256372,-3.38766974808134));
#6836=CARTESIAN_POINT('Ctrl Pts',(0.7,7.43708407166873E-17,-3.384375));
#6837=CARTESIAN_POINT('',(-8.58517219621085E-14,-0.7,-3.45562500000001));
#6838=CARTESIAN_POINT('Ctrl Pts',(0.7,-8.92450088600247E-16,-3.313125));
#6839=CARTESIAN_POINT('Ctrl Pts',(0.7,-0.0676169078920135,-3.32230158035677));
#6840=CARTESIAN_POINT('Ctrl Pts',(0.690202161280771,-0.135022175113101,
-3.33144943805106));
#6841=CARTESIAN_POINT('Ctrl Pts',(0.645180733962643,-0.285957597058853,
-3.35193353102941));
#6842=CARTESIAN_POINT('Ctrl Pts',(0.603377052300572,-0.366007270960491,
-3.36204508444586));
#6843=CARTESIAN_POINT('Ctrl Pts',(0.488950957924438,-0.509686657335809,
-3.3852434870008));
#6844=CARTESIAN_POINT('Ctrl Pts',(0.41612779715839,-0.570675743041092,-3.39794108522321));
#6845=CARTESIAN_POINT('Ctrl Pts',(0.281621313358792,-0.643560704215476,
-3.41869566906676));
#6846=CARTESIAN_POINT('Ctrl Pts',(0.226384263329653,-0.665008105771625,
-3.42664315047629));
#6847=CARTESIAN_POINT('Ctrl Pts',(0.113639732276565,-0.693074095497898,
-3.44179872072604));
#6848=CARTESIAN_POINT('Ctrl Pts',(0.0568481451710755,-0.700000000000007,
-3.4489435227168));
#6849=CARTESIAN_POINT('Ctrl Pts',(-8.57647286522905E-14,-0.7,-3.45562500000001));
#6850=CARTESIAN_POINT('Ctrl Pts',(-8.57123100670932E-14,-0.7,-3.45562500000001));
#6851=CARTESIAN_POINT('Ctrl Pts',(-0.0781827608761575,-0.699999999999991,
-3.46481397774342));
#6852=CARTESIAN_POINT('Ctrl Pts',(-0.15600980617786,-0.686901235926048,
-3.47484999222217));
#6853=CARTESIAN_POINT('Ctrl Pts',(-0.306633121492043,-0.634449254787785,
-3.49611229616956));
#6854=CARTESIAN_POINT('Ctrl Pts',(-0.377866845271105,-0.594781615270808,
-3.50717627223377));
#6855=CARTESIAN_POINT('Ctrl Pts',(-0.513853536564947,-0.48457410711923,
-3.5306374292548));
#6856=CARTESIAN_POINT('Ctrl Pts',(-0.574151554674607,-0.411286435889955,
-3.54230755512922));
#6857=CARTESIAN_POINT('Ctrl Pts',(-0.660398068309413,-0.248942378564933,
-3.56433996290904));
#6858=CARTESIAN_POINT('Ctrl Pts',(-0.686859227718549,-0.162150871393915,
-3.57611881031083));
#6859=CARTESIAN_POINT('Ctrl Pts',(-0.705910528699189,0.0200077297499862,
-3.60084033475178));
#6860=CARTESIAN_POINT('Ctrl Pts',(-0.696961130481843,0.113869441832467,
-3.61357870996298));
#6861=CARTESIAN_POINT('Ctrl Pts',(-0.643525459863113,0.289990833216866,
-3.63748089879372));
#6862=CARTESIAN_POINT('Ctrl Pts',(-0.60065983844306,0.370707129231689,-3.64768336303093));
#6863=CARTESIAN_POINT('Ctrl Pts',(-0.486149886944104,0.511814720139908,
-3.67071710679042));
#6864=CARTESIAN_POINT('Ctrl Pts',(-0.415535529942434,0.570620676207996,
-3.68300695890698));
#6865=CARTESIAN_POINT('Ctrl Pts',(-0.25376481023002,0.659030803952639,-3.70801945689201));
#6866=CARTESIAN_POINT('Ctrl Pts',(-0.163634206864908,0.68699881581113,-3.72051051806297));
#6867=CARTESIAN_POINT('Ctrl Pts',(0.0208295408704145,0.705699788118201,
-3.74345990933171));
#6868=CARTESIAN_POINT('Ctrl Pts',(0.113156154834912,0.696891249777629,-3.75413542225759));
#6869=CARTESIAN_POINT('Ctrl Pts',(0.290174771753537,0.643752208170127,-3.77854664125733));
#6870=CARTESIAN_POINT('Ctrl Pts',(0.372887314886757,0.599641120020109,-3.79126126586561));
#6871=CARTESIAN_POINT('Ctrl Pts',(0.513753696105381,0.483815537867167,-3.8156771691461));
#6872=CARTESIAN_POINT('Ctrl Pts',(0.571242149461268,0.414303414613701,-3.82689810801671));
#6873=CARTESIAN_POINT('Ctrl Pts',(0.65893432358337,0.254040380435974,-3.84864809122655));
#6874=CARTESIAN_POINT('Ctrl Pts',(0.686878551339949,0.16399870901599,-3.86086803234783));
#6875=CARTESIAN_POINT('Ctrl Pts',(0.69879183104138,0.0475161178788475,-3.87667638400216));
#6876=CARTESIAN_POINT('Ctrl Pts',(0.7,0.0237450091610587,-3.87990246304243));
#6877=CARTESIAN_POINT('Ctrl Pts',(0.7,7.43708407166873E-17,-3.883125));
#6878=CARTESIAN_POINT('Origin',(0.,-2.86377409121928E-31,0.21375));
#6879=CARTESIAN_POINT('',(0.7,-5.67721761181387E-18,-4.524375));
#6880=CARTESIAN_POINT('',(0.7,-4.89087682270281E-16,-4.453125));
#6881=CARTESIAN_POINT('',(0.7,-8.5725275940315E-17,0.21375));
#6882=CARTESIAN_POINT('',(-8.58517219621085E-14,-0.7,-4.09687500000001));
#6883=CARTESIAN_POINT('Ctrl Pts',(0.7,7.43708407166873E-17,-4.524375));
#6884=CARTESIAN_POINT('Ctrl Pts',(0.7,0.0687106015609778,-4.51504998978815));
#6885=CARTESIAN_POINT('Ctrl Pts',(0.689882597200756,0.137199949391408,-4.50575500686831));
#6886=CARTESIAN_POINT('Ctrl Pts',(0.643525455672791,0.289990842433547,-4.48501909995545));
#6887=CARTESIAN_POINT('Ctrl Pts',(0.600659833235136,0.370707137608205,-4.47481663578856));
#6888=CARTESIAN_POINT('Ctrl Pts',(0.486149879898871,0.51181472685312,-4.451782891926));
#6889=CARTESIAN_POINT('Ctrl Pts',(0.415535521984391,0.570620682023434,-4.43949303976307));
#6890=CARTESIAN_POINT('Ctrl Pts',(0.253764800925382,0.659030807533013,-4.41448054177144));
#6891=CARTESIAN_POINT('Ctrl Pts',(0.163634197179249,0.686998818116864,-4.40198948064219));
#6892=CARTESIAN_POINT('Ctrl Pts',(-0.0208295511681518,0.705699787861102,
-4.37904008947543));
#6893=CARTESIAN_POINT('Ctrl Pts',(-0.113156165394098,0.696891248113821,
-4.36836457638846));
#6894=CARTESIAN_POINT('Ctrl Pts',(-0.290174781715038,0.643752203659982,
-4.34395335726583));
#6895=CARTESIAN_POINT('Ctrl Pts',(-0.372887324048879,0.599641114302712,
-4.33123873266958));
#6896=CARTESIAN_POINT('Ctrl Pts',(-0.513753703323452,0.483815530179899,
-4.3068228294839));
#6897=CARTESIAN_POINT('Ctrl Pts',(-0.571242155583697,0.414303406159939,
-4.29560189083599));
#6898=CARTESIAN_POINT('Ctrl Pts',(-0.658934327328391,0.254040370727822,
-4.27385190745592));
#6899=CARTESIAN_POINT('Ctrl Pts',(-0.68687855376394,0.163998698876748,-4.26163196627613));
#6900=CARTESIAN_POINT('Ctrl Pts',(-0.705695708579367,-0.0199868471736262,
-4.23666249931215));
#6901=CARTESIAN_POINT('Ctrl Pts',(-0.697017502069617,-0.11217358059681,
-4.22415144263329));
#6902=CARTESIAN_POINT('Ctrl Pts',(-0.645180733956017,-0.285957597073864,
-4.20056646896855));
#6903=CARTESIAN_POINT('Ctrl Pts',(-0.603377052291977,-0.366007270974713,
-4.19045491555217));
#6904=CARTESIAN_POINT('Ctrl Pts',(-0.488950957912411,-0.509686657347308,
-4.16725651299701));
#6905=CARTESIAN_POINT('Ctrl Pts',(-0.416127797145097,-0.570675743050753,
-4.15455891477457));
#6906=CARTESIAN_POINT('Ctrl Pts',(-0.281619779117981,-0.643561535572234,
-4.13380409419733));
#6907=CARTESIAN_POINT('Ctrl Pts',(-0.226381001656829,-0.66500937131823,
-4.12585638029634));
#6908=CARTESIAN_POINT('Ctrl Pts',(-0.113633054918586,-0.693075318622543,
-4.11070041147285));
#6909=CARTESIAN_POINT('Ctrl Pts',(-0.0568497657233437,-0.699999999999993,
-4.10355666774998));
#6910=CARTESIAN_POINT('Ctrl Pts',(-8.57123100670932E-14,-0.7,-4.09687500000001));
#6911=CARTESIAN_POINT('Ctrl Pts',(-8.5730034182771E-14,-0.7,-4.09687500000001));
#6912=CARTESIAN_POINT('Ctrl Pts',(0.0781807267831791,-0.70000000000001,
-4.08768626132764));
#6913=CARTESIAN_POINT('Ctrl Pts',(0.156015595148745,-0.686899697000295,
-4.07764922296129));
#6914=CARTESIAN_POINT('Ctrl Pts',(0.306634683703057,-0.634448219402717,
-4.05638744996235));
#6915=CARTESIAN_POINT('Ctrl Pts',(0.377866402542957,-0.594781597631966,
-4.04532377860404));
#6916=CARTESIAN_POINT('Ctrl Pts',(0.513851876870344,-0.484575889985622,
-4.02186288679268));
#6917=CARTESIAN_POINT('Ctrl Pts',(0.574150215402677,-0.41128832943533,-4.01019270185194));
#6918=CARTESIAN_POINT('Ctrl Pts',(0.66039727416178,-0.248944475024088,-3.98816032161041));
#6919=CARTESIAN_POINT('Ctrl Pts',(0.686858702167627,-0.162153081045031,
-3.9763814895704));
#6920=CARTESIAN_POINT('Ctrl Pts',(0.69873708131681,-0.0485817954799002,
-3.96096824367227));
#6921=CARTESIAN_POINT('Ctrl Pts',(0.7,-0.0242770878295764,-3.95766974763401));
#6922=CARTESIAN_POINT('Ctrl Pts',(0.7,7.43708407166873E-17,-3.954375));
#6923=CARTESIAN_POINT('',(-8.58517219621085E-14,-0.7,-4.02562500000001));
#6924=CARTESIAN_POINT('Ctrl Pts',(0.7,7.43708407166873E-17,-3.883125));
#6925=CARTESIAN_POINT('Ctrl Pts',(0.7,-0.0676169045523619,-3.89230157990353));
#6926=CARTESIAN_POINT('Ctrl Pts',(0.690202162248679,-0.135022168487806,
-3.90144943715192));
#6927=CARTESIAN_POINT('Ctrl Pts',(0.645180738067419,-0.285957587758851,
-3.92193352976727));
#6928=CARTESIAN_POINT('Ctrl Pts',(0.603377057625501,-0.366007262149031,
-3.93204508322209));
#6929=CARTESIAN_POINT('Ctrl Pts',(0.488950965375661,-0.50968665021185,-3.95524348564163));
#6930=CARTESIAN_POINT('Ctrl Pts',(0.416127805393976,-0.570675737055877,
-3.96794108384913));
#6931=CARTESIAN_POINT('Ctrl Pts',(0.281621321030224,-0.643560701014382,
-3.9886956679479));
#6932=CARTESIAN_POINT('Ctrl Pts',(0.226384269624552,-0.665008103779643,
-3.99664314960127));
#6933=CARTESIAN_POINT('Ctrl Pts',(0.113639735527006,-0.693074095100091,
-4.01179872031701));
#6934=CARTESIAN_POINT('Ctrl Pts',(0.0568481468035167,-0.700000000000007,
-4.01894352252494));
#6935=CARTESIAN_POINT('Ctrl Pts',(-8.57647286522905E-14,-0.7,-4.02562500000001));
#6936=CARTESIAN_POINT('Ctrl Pts',(-8.57123100670932E-14,-0.7,-4.02562500000001));
#6937=CARTESIAN_POINT('Ctrl Pts',(-0.0802104224493229,-0.69999999999999,
-4.03505229290213));
#6938=CARTESIAN_POINT('Ctrl Pts',(-0.1597457131415,-0.686214621859537,-4.04533567257952));
#6939=CARTESIAN_POINT('Ctrl Pts',(-0.313037169409249,-0.631542292637585,
-4.0670622349975));
#6940=CARTESIAN_POINT('Ctrl Pts',(-0.385387577491867,-0.590181326997114,
-4.07837236149525));
#6941=CARTESIAN_POINT('Ctrl Pts',(-0.520696258897653,-0.477119914010865,
-4.10194748847324));
#6942=CARTESIAN_POINT('Ctrl Pts',(-0.579668782519618,-0.403374198489216,
-4.11338135877646));
#6943=CARTESIAN_POINT('Ctrl Pts',(-0.66364663419405,-0.240192217309541,
-4.1355274847937));
#6944=CARTESIAN_POINT('Ctrl Pts',(-0.688985586492327,-0.152936828871438,
-4.1473692875103));
#6945=CARTESIAN_POINT('Ctrl Pts',(-0.705584387475907,0.0297021168006699,
-4.1721560015658));
#6946=CARTESIAN_POINT('Ctrl Pts',(-0.695326352979274,0.123553725261895,
-4.18489300557126));
#6947=CARTESIAN_POINT('Ctrl Pts',(-0.639451615005303,0.298793667834165,
-4.20867556920606));
#6948=CARTESIAN_POINT('Ctrl Pts',(-0.595611405332405,0.378709558207991,
-4.21881973753389));
#6949=CARTESIAN_POINT('Ctrl Pts',(-0.479341537115165,0.51821674410792,-4.24195172894743));
#6950=CARTESIAN_POINT('Ctrl Pts',(-0.407855943926058,0.576154023251568,
-4.25428503327804));
#6951=CARTESIAN_POINT('Ctrl Pts',(-0.244806812037923,0.662408203905043,
-4.27930148921754));
#6952=CARTESIAN_POINT('Ctrl Pts',(-0.154319090207991,0.689149757803263,
-4.29175129930971));
#6953=CARTESIAN_POINT('Ctrl Pts',(0.0307264556511792,0.705384714546306,
-4.31460173371622));
#6954=CARTESIAN_POINT('Ctrl Pts',(0.123307473169617,0.695217607151435,-4.32544209580462));
#6955=CARTESIAN_POINT('Ctrl Pts',(0.299740633766384,0.639334905483052,-4.34997068187347));
#6956=CARTESIAN_POINT('Ctrl Pts',(0.381674746520593,0.594067160627558,-4.36267230340689));
#6957=CARTESIAN_POINT('Ctrl Pts',(0.520666395014246,0.476349084341453,-4.38699628480972));
#6958=CARTESIAN_POINT('Ctrl Pts',(0.57709993498554,0.406094472318371,-4.39801217875679));
#6959=CARTESIAN_POINT('Ctrl Pts',(0.662489121340095,0.244625935928656,-4.41992576583825));
#6960=CARTESIAN_POINT('Ctrl Pts',(0.689152598822031,0.154176916537233,-4.43220098989852));
#6961=CARTESIAN_POINT('Ctrl Pts',(0.699106995363353,0.0408508490074183,
-4.44758095620614));
#6962=CARTESIAN_POINT('Ctrl Pts',(0.7,0.0204143134208477,-4.45035448603574));
#6963=CARTESIAN_POINT('Ctrl Pts',(0.7,-8.92450088600247E-16,-4.453125));
#6964=CARTESIAN_POINT('Origin',(0.,0.,-6.));
#6965=CARTESIAN_POINT('',(-0.391478449901791,1.85419780357673E-15,-5.5575));
#6966=CARTESIAN_POINT('',(-0.391478449901791,2.9210493151555E-16,-5.7));
#6967=CARTESIAN_POINT('',(-0.391478449901791,-4.79422830607396E-17,-6.));
#6968=CARTESIAN_POINT('',(0.390923974699278,0.0208284119132537,-5.83744557329463));
#6969=CARTESIAN_POINT('Ctrl Pts',(-0.391478449901791,3.75633789021419E-15,
-5.5575));
#6970=CARTESIAN_POINT('Ctrl Pts',(-0.391478449901791,0.0477211771865363,
-5.56908048887201));
#6971=CARTESIAN_POINT('Ctrl Pts',(-0.382752350875972,0.0951622348437477,
-5.58059300119183));
#6972=CARTESIAN_POINT('Ctrl Pts',(-0.347380391359165,0.187568872179962,
-5.6030173020675));
#6973=CARTESIAN_POINT('Ctrl Pts',(-0.32013116434674,0.23103000052195,-5.61325380787509));
#6974=CARTESIAN_POINT('Ctrl Pts',(-0.24878341144116,0.306893881549112,-5.63745306116857));
#6975=CARTESIAN_POINT('Ctrl Pts',(-0.204932085405817,0.337741493895704,
-5.6504116697706));
#6976=CARTESIAN_POINT('Ctrl Pts',(-0.109544088841371,0.379287257070557,
-5.67549919230512));
#6977=CARTESIAN_POINT('Ctrl Pts',(-0.0590906621544974,0.390381834422402,
-5.68744855401628));
#6978=CARTESIAN_POINT('Ctrl Pts',(0.0366194370011706,0.392283141882296,
-5.7077935128429));
#6979=CARTESIAN_POINT('Ctrl Pts',(0.0912122170695004,0.385660743332168,
-5.71987488785191));
#6980=CARTESIAN_POINT('Ctrl Pts',(0.196737742771452,0.342481976405276,-5.74729103579633));
#6981=CARTESIAN_POINT('Ctrl Pts',(0.240782915931895,0.313098432085415,-5.76011274041174));
#6982=CARTESIAN_POINT('Ctrl Pts',(0.310964875982885,0.242441145629994,-5.7834352511058));
#6983=CARTESIAN_POINT('Ctrl Pts',(0.337736010492296,0.203466934465514,-5.79312471822121));
#6984=CARTESIAN_POINT('Ctrl Pts',(0.376900936216078,0.116404428562345,-5.81425215975184));
#6985=CARTESIAN_POINT('Ctrl Pts',(0.388356826030485,0.0690106720600063,
-5.82575319350951));
#6986=CARTESIAN_POINT('Ctrl Pts',(0.390923974699277,0.0208284119132539,
-5.83744557329463));
#6987=CARTESIAN_POINT('',(-0.0236381717774817,0.390764140591902,-5.83744557329463));
#6988=CARTESIAN_POINT('Origin',(0.,0.,-5.83744557329463));
#6989=CARTESIAN_POINT('Ctrl Pts',(-0.0236381717774816,0.390764140591902,
-5.83744557329463));
#6990=CARTESIAN_POINT('Ctrl Pts',(-0.0725272418620018,0.387806734533739,
-5.82681229687402));
#6991=CARTESIAN_POINT('Ctrl Pts',(-0.120294544915142,0.375711185003368,
-5.81530599325582));
#6992=CARTESIAN_POINT('Ctrl Pts',(-0.209547028515136,0.334378149326832,
-5.79153371046204));
#6993=CARTESIAN_POINT('Ctrl Pts',(-0.250254100598053,0.305125064910408,
-5.7794293645599));
#6994=CARTESIAN_POINT('Ctrl Pts',(-0.319827748877942,0.231560513424022,
-5.75588194286114));
#6995=CARTESIAN_POINT('Ctrl Pts',(-0.347389312466425,0.187688885468367,
-5.74554642566907));
#6996=CARTESIAN_POINT('Ctrl Pts',(-0.382797146444777,0.09491105924399,-5.72303204845743));
#6997=CARTESIAN_POINT('Ctrl Pts',(-0.391478449901791,0.0475987043564209,
-5.71155076841393));
#6998=CARTESIAN_POINT('Ctrl Pts',(-0.391478449901791,6.3215214609184E-16,
-5.7));
#6999=CARTESIAN_POINT('Origin',(0.,0.,-6.));
#7000=CARTESIAN_POINT('',(-0.391478449901791,-2.47083663680431E-16,-4.9875));
#7001=CARTESIAN_POINT('',(-0.391478449901791,1.43363250082176E-16,-5.13));
#7002=CARTESIAN_POINT('',(-0.391478449901791,-4.79422830607396E-17,-6.));
#7003=CARTESIAN_POINT('',(-7.50563279238718E-15,-0.391478449901791,-5.41500000000098));
#7004=CARTESIAN_POINT('Ctrl Pts',(-0.391478449901791,-4.46225044300122E-16,
-4.9875));
#7005=CARTESIAN_POINT('Ctrl Pts',(-0.391478449901791,0.0430830279655166,
-4.99795495009432));
#7006=CARTESIAN_POINT('Ctrl Pts',(-0.384366108196547,0.0859880575917936,
-5.00836670536595));
#7007=CARTESIAN_POINT('Ctrl Pts',(-0.353719237363268,0.175380612611977,
-5.03005957946681));
#7008=CARTESIAN_POINT('Ctrl Pts',(-0.327878819315602,0.219934784433067,
-5.04027933753916));
#7009=CARTESIAN_POINT('Ctrl Pts',(-0.259638892518067,0.297603097867394,
-5.06404439626864));
#7010=CARTESIAN_POINT('Ctrl Pts',(-0.217739426465174,0.329477388381391,
-5.07671737735178));
#7011=CARTESIAN_POINT('Ctrl Pts',(-0.12326320063446,0.375320102227647,-5.10213465386952));
#7012=CARTESIAN_POINT('Ctrl Pts',(-0.0712954201426608,0.388596151653962,
-5.11466695818149));
#7013=CARTESIAN_POINT('Ctrl Pts',(0.0265043737776396,0.393125569050152,
-5.1357699650016));
#7014=CARTESIAN_POINT('Ctrl Pts',(0.0780551289525817,0.387769471682361,
-5.14685395530992));
#7015=CARTESIAN_POINT('Ctrl Pts',(0.181082779636957,0.351069868451575,-5.17295900558942));
#7016=CARTESIAN_POINT('Ctrl Pts',(0.226721153860382,0.323482448230867,-5.1858976019564));
#7017=CARTESIAN_POINT('Ctrl Pts',(0.305177000202604,0.251067128978817,-5.21117224858814));
#7018=CARTESIAN_POINT('Ctrl Pts',(0.334460150491399,0.208944748372186,-5.22179541817605));
#7019=CARTESIAN_POINT('Ctrl Pts',(0.377376439454238,0.117164916064201,-5.24406761239631));
#7020=CARTESIAN_POINT('Ctrl Pts',(0.389816570862607,0.0644692475320693,
-5.25685526012458));
#7021=CARTESIAN_POINT('Ctrl Pts',(0.392783474074788,-0.0407767548781021,
-5.28239528724861));
#7022=CARTESIAN_POINT('Ctrl Pts',(0.383943527456236,-0.0924527998362454,
-5.29493550312066));
#7023=CARTESIAN_POINT('Ctrl Pts',(0.346662394676866,-0.189037392910079,
-5.31837366771009));
#7024=CARTESIAN_POINT('Ctrl Pts',(0.318909180654509,-0.232832489841509,
-5.32872932265802));
#7025=CARTESIAN_POINT('Ctrl Pts',(0.24669168820124,-0.308572623080583,-5.35309634393889));
#7026=CARTESIAN_POINT('Ctrl Pts',(0.202655650544632,-0.339108800294805,
-5.36605598325428));
#7027=CARTESIAN_POINT('Ctrl Pts',(0.0946537597742181,-0.385294500770731,
-5.39435740566069));
#7028=CARTESIAN_POINT('Ctrl Pts',(0.0397639474850811,-0.391478449901807,
-5.40664327966171));
#7029=CARTESIAN_POINT('Ctrl Pts',(-1.56957780106364E-13,-0.391478449901791,
-5.41500000000003));
#7030=CARTESIAN_POINT('Ctrl Pts',(-1.86407636480205E-13,-0.391478449901791,
-5.41500000000004));
#7031=CARTESIAN_POINT('Ctrl Pts',(-0.0362966469458739,-0.391478449901774,
-5.42262803863622));
#7032=CARTESIAN_POINT('Ctrl Pts',(-0.085193542045924,-0.386376052462338,
-5.43352322187073));
#7033=CARTESIAN_POINT('Ctrl Pts',(-0.184486262309093,-0.348720317948117,
-5.45895935792625));
#7034=CARTESIAN_POINT('Ctrl Pts',(-0.226524980084303,-0.32300132458161,
-5.47091475151685));
#7035=CARTESIAN_POINT('Ctrl Pts',(-0.303828102096954,-0.253010790586619,
-5.49565293257228));
#7036=CARTESIAN_POINT('Ctrl Pts',(-0.334181488564747,-0.209747628545388,
-5.50660058339914));
#7037=CARTESIAN_POINT('Ctrl Pts',(-0.376728903517719,-0.118329072466278,
-5.52878510678655));
#7038=CARTESIAN_POINT('Ctrl Pts',(-0.388989949272342,-0.0677360737689216,
-5.5410625000312));
#7039=CARTESIAN_POINT('Ctrl Pts',(-0.391364858562583,-0.0108932534309747,
-5.55485653628903));
#7040=CARTESIAN_POINT('Ctrl Pts',(-0.391478449901791,-0.00544480342651089,
-5.5561787106017));
#7041=CARTESIAN_POINT('Ctrl Pts',(-0.391478449901791,3.75633789021419E-15,
-5.5575));
#7042=CARTESIAN_POINT('',(-2.37902093192471E-12,-0.391478449901792,-5.5575000000005));
#7043=CARTESIAN_POINT('Ctrl Pts',(-0.391478449901791,6.3215214609184E-16,
-5.7));
#7044=CARTESIAN_POINT('Ctrl Pts',(-0.391478449901791,-0.00418969676654085,
-5.69898328709301));
#7045=CARTESIAN_POINT('Ctrl Pts',(-0.391411191424638,-0.00838161209371477,
-5.69796603580835));
#7046=CARTESIAN_POINT('Ctrl Pts',(-0.389622493574474,-0.064041504035298,
-5.68445906055651));
#7047=CARTESIAN_POINT('Ctrl Pts',(-0.377826070780116,-0.114798451494074,
-5.67214188189753));
#7048=CARTESIAN_POINT('Ctrl Pts',(-0.33599985466622,-0.206883733785135,
-5.64979556418874));
#7049=CARTESIAN_POINT('Ctrl Pts',(-0.306037512153528,-0.250223726333071,
-5.63895542642495));
#7050=CARTESIAN_POINT('Ctrl Pts',(-0.229328081467713,-0.321120352351482,
-5.61423207389237));
#7051=CARTESIAN_POINT('Ctrl Pts',(-0.186905151770208,-0.347523944223504,
-5.60211286931519));
#7052=CARTESIAN_POINT('Ctrl Pts',(-0.0959455092758696,-0.382557825990873,
-5.57874612028322));
#7053=CARTESIAN_POINT('Ctrl Pts',(-0.0482583060740125,-0.391478449901498,
-5.56764187960119));
#7054=CARTESIAN_POINT('Ctrl Pts',(-2.37954248599118E-12,-0.391478449901791,
-5.5575000000005));
#7055=CARTESIAN_POINT('Ctrl Pts',(-2.37976305328014E-12,-0.391478449901791,
-5.5575000000005));
#7056=CARTESIAN_POINT('Ctrl Pts',(0.0182010274827232,-0.391478449901902,
-5.55367490450113));
#7057=CARTESIAN_POINT('Ctrl Pts',(0.0465808437621435,-0.39030567030107,
-5.54756835378896));
#7058=CARTESIAN_POINT('Ctrl Pts',(0.108852051297592,-0.377101042027272,
-5.53287936549037));
#7059=CARTESIAN_POINT('Ctrl Pts',(0.135747277186795,-0.368270098857975,
-5.52615561111013));
#7060=CARTESIAN_POINT('Ctrl Pts',(0.209776568604765,-0.334761581518556,
-5.50653199443391));
#7061=CARTESIAN_POINT('Ctrl Pts',(0.253224410893861,-0.303251061647939,
-5.49357774743637));
#7062=CARTESIAN_POINT('Ctrl Pts',(0.323724482342623,-0.226045428787658,
-5.46939384003777));
#7063=CARTESIAN_POINT('Ctrl Pts',(0.350465868347386,-0.181840372442533,
-5.4591271681401));
#7064=CARTESIAN_POINT('Ctrl Pts',(0.385762865483708,-0.0845978383886663,
-5.43552934113982));
#7065=CARTESIAN_POINT('Ctrl Pts',(0.39355752189391,-0.0326464862597136,
-5.42292231652968));
#7066=CARTESIAN_POINT('Ctrl Pts',(0.388376442193114,0.0726873685988602,
-5.39736097026893));
#7067=CARTESIAN_POINT('Ctrl Pts',(0.374806171835989,0.12517913117826,-5.38462280435892));
#7068=CARTESIAN_POINT('Ctrl Pts',(0.330562014087648,0.214727758645549,-5.3628920561874));
#7069=CARTESIAN_POINT('Ctrl Pts',(0.300647866961133,0.25675128013832,-5.35203072808442));
#7070=CARTESIAN_POINT('Ctrl Pts',(0.219732579895736,0.328254926379642,-5.32634982753029));
#7071=CARTESIAN_POINT('Ctrl Pts',(0.173588917730267,0.354824922381813,-5.31342848981944));
#7072=CARTESIAN_POINT('Ctrl Pts',(0.0705126936202007,0.389114726228521,
-5.28760562421144));
#7073=CARTESIAN_POINT('Ctrl Pts',(0.0177400818063151,0.394119753807926,
-5.27654870633196));
#7074=CARTESIAN_POINT('Ctrl Pts',(-0.0824671293293643,0.386161924099869,
-5.25452377492269));
#7075=CARTESIAN_POINT('Ctrl Pts',(-0.132493286692899,0.371942884483646,
-5.24228510104327));
#7076=CARTESIAN_POINT('Ctrl Pts',(-0.22562876718495,0.324313867617919,-5.21693285227174));
#7077=CARTESIAN_POINT('Ctrl Pts',(-0.267653280556904,0.290633033738457,
-5.20401439470169));
#7078=CARTESIAN_POINT('Ctrl Pts',(-0.334204283287122,0.210160854063286,
-5.18026407040411));
#7079=CARTESIAN_POINT('Ctrl Pts',(-0.358654396871161,0.165014155803027,
-5.17004395339059));
#7080=CARTESIAN_POINT('Ctrl Pts',(-0.385556362417738,0.0785117815333191,
-5.14905243889551));
#7081=CARTESIAN_POINT('Ctrl Pts',(-0.391478449901791,0.0393131905933916,
-5.13954012438567));
#7082=CARTESIAN_POINT('Ctrl Pts',(-0.391478449901791,3.34668783225092E-16,
-5.13));
#7083=CARTESIAN_POINT('Origin',(0.,0.,-6.));
#7084=CARTESIAN_POINT('',(-0.391478449901791,-2.47083663680431E-16,-4.4175));
#7085=CARTESIAN_POINT('',(-0.391478449901791,-1.16934692426229E-16,-4.56));
#7086=CARTESIAN_POINT('',(-0.391478449901791,-4.79422830607396E-17,-6.));
#7087=CARTESIAN_POINT('',(-7.50563279238718E-15,-0.391478449901791,-4.84500000000098));
#7088=CARTESIAN_POINT('Ctrl Pts',(-0.391478449901791,-4.46225044300122E-16,
-4.4175));
#7089=CARTESIAN_POINT('Ctrl Pts',(-0.391478449901791,0.0430830279655176,
-4.42795495009432));
#7090=CARTESIAN_POINT('Ctrl Pts',(-0.384366108196547,0.0859880575917958,
-4.43836670536595));
#7091=CARTESIAN_POINT('Ctrl Pts',(-0.353719237363267,0.175380612611981,
-4.46005957946681));
#7092=CARTESIAN_POINT('Ctrl Pts',(-0.3278788193156,0.219934784433071,-4.47027933753916));
#7093=CARTESIAN_POINT('Ctrl Pts',(-0.259638892518065,0.297603097867396,
-4.49404439626864));
#7094=CARTESIAN_POINT('Ctrl Pts',(-0.217739426465172,0.329477388381393,
-4.50671737735178));
#7095=CARTESIAN_POINT('Ctrl Pts',(-0.123263200634456,0.375320102227648,
-4.53213465386952));
#7096=CARTESIAN_POINT('Ctrl Pts',(-0.0712954201426571,0.388596151653962,
-4.54466695818149));
#7097=CARTESIAN_POINT('Ctrl Pts',(0.0265043737776496,0.393125569050152,
-4.56576996500161));
#7098=CARTESIAN_POINT('Ctrl Pts',(0.0780551289525907,0.387769471682359,
-4.57685395530992));
#7099=CARTESIAN_POINT('Ctrl Pts',(0.181082779636961,0.351069868451573,-4.60295900558942));
#7100=CARTESIAN_POINT('Ctrl Pts',(0.226721153860386,0.323482448230865,-4.6158976019564));
#7101=CARTESIAN_POINT('Ctrl Pts',(0.305177000202602,0.251067128978818,-4.64117224858814));
#7102=CARTESIAN_POINT('Ctrl Pts',(0.334460150491399,0.208944748372188,-4.65179541817605));
#7103=CARTESIAN_POINT('Ctrl Pts',(0.377376439454239,0.117164916064197,-4.67406761239631));
#7104=CARTESIAN_POINT('Ctrl Pts',(0.389816570862608,0.0644692475320651,
-4.68685526012458));
#7105=CARTESIAN_POINT('Ctrl Pts',(0.392783474074788,-0.0407767548781059,
-4.71239528724861));
#7106=CARTESIAN_POINT('Ctrl Pts',(0.383943527456235,-0.092452799836249,
-4.72493550312066));
#7107=CARTESIAN_POINT('Ctrl Pts',(0.346662394676865,-0.189037392910082,
-4.74837366771009));
#7108=CARTESIAN_POINT('Ctrl Pts',(0.318909180654507,-0.232832489841511,
-4.75872932265802));
#7109=CARTESIAN_POINT('Ctrl Pts',(0.246691688201238,-0.308572623080585,
-4.78309634393889));
#7110=CARTESIAN_POINT('Ctrl Pts',(0.202655650544629,-0.339108800294806,
-4.79605598325428));
#7111=CARTESIAN_POINT('Ctrl Pts',(0.0946537597742139,-0.385294500770732,
-4.82435740566069));
#7112=CARTESIAN_POINT('Ctrl Pts',(0.0397639474850773,-0.391478449901807,
-4.83664327966171));
#7113=CARTESIAN_POINT('Ctrl Pts',(-1.56957780106364E-13,-0.391478449901791,
-4.84500000000003));
#7114=CARTESIAN_POINT('Ctrl Pts',(-1.56157500624905E-13,-0.391478449901791,
-4.84500000000003));
#7115=CARTESIAN_POINT('Ctrl Pts',(-0.0451359113038366,-0.391478449901773,
-4.85448568268082));
#7116=CARTESIAN_POINT('Ctrl Pts',(-0.0897917962593718,-0.383674485560587,
-4.86481737714119));
#7117=CARTESIAN_POINT('Ctrl Pts',(-0.175745180132422,-0.352881055384002,
-4.88661750499799));
#7118=CARTESIAN_POINT('Ctrl Pts',(-0.216323974421893,-0.329568161755655,
-4.89797413979073));
#7119=CARTESIAN_POINT('Ctrl Pts',(-0.296154732327574,-0.262476961014235,
-4.92289173397984));
#7120=CARTESIAN_POINT('Ctrl Pts',(-0.327872993660109,-0.219097502212978,
-4.93433165135794));
#7121=CARTESIAN_POINT('Ctrl Pts',(-0.372551219219165,-0.13082270384137,
-4.95575327966827));
#7122=CARTESIAN_POINT('Ctrl Pts',(-0.386450445932472,-0.080851865748405,
-4.96787969331894));
#7123=CARTESIAN_POINT('Ctrl Pts',(-0.39110158335481,-0.0198445711544866,
-4.98268432174198));
#7124=CARTESIAN_POINT('Ctrl Pts',(-0.391478449901791,-0.00991756946623168,
-4.98509330532874));
#7125=CARTESIAN_POINT('Ctrl Pts',(-0.391478449901791,-4.46225044300122E-16,
-4.9875));
#7126=CARTESIAN_POINT('',(4.79422830607397E-17,-0.391478449901792,-4.9875));
#7127=CARTESIAN_POINT('Ctrl Pts',(-0.391478449901791,3.34668783225092E-16,
-5.13));
#7128=CARTESIAN_POINT('Ctrl Pts',(-0.391478449901791,-0.0135570715046349,
-5.12671010807041));
#7129=CARTESIAN_POINT('Ctrl Pts',(-0.390774232881097,-0.0271277712091449,
-5.12341690898818));
#7130=CARTESIAN_POINT('Ctrl Pts',(-0.384057017960414,-0.0914565275748508,
-5.10780626207703));
#7131=CARTESIAN_POINT('Ctrl Pts',(-0.368846438356424,-0.140878194992683,
-5.09581311556827));
#7132=CARTESIAN_POINT('Ctrl Pts',(-0.322806935293307,-0.226098238233282,
-5.07513278409693));
#7133=CARTESIAN_POINT('Ctrl Pts',(-0.290040909274311,-0.269780696912305,
-5.06322066573122));
#7134=CARTESIAN_POINT('Ctrl Pts',(-0.207771632905331,-0.334752304192545,
-5.03804777751604));
#7135=CARTESIAN_POINT('Ctrl Pts',(-0.168475015855199,-0.356154593970424,
-5.027192425741));
#7136=CARTESIAN_POINT('Ctrl Pts',(-0.0858350057092748,-0.384352214493995,
-5.00640359291592));
#7137=CARTESIAN_POINT('Ctrl Pts',(-0.0431309159434177,-0.391478449901791,
-4.99656431642907));
#7138=CARTESIAN_POINT('Ctrl Pts',(-2.12834750174581E-16,-0.391478449901791,
-4.9875));
#7139=CARTESIAN_POINT('Ctrl Pts',(3.4694469519536E-17,-0.391478449901791,
-4.9875));
#7140=CARTESIAN_POINT('Ctrl Pts',(0.0182010274851215,-0.391478449901791,
-4.98367490450062));
#7141=CARTESIAN_POINT('Ctrl Pts',(0.0465808437651799,-0.390305670300793,
-4.97756835378829));
#7142=CARTESIAN_POINT('Ctrl Pts',(0.108852051301937,-0.377101042026058,
-4.96287936548931));
#7143=CARTESIAN_POINT('Ctrl Pts',(0.135747277191545,-0.368270098856265,
-4.95615561110893));
#7144=CARTESIAN_POINT('Ctrl Pts',(0.209776568609574,-0.334761581515551,
-4.93653199443254));
#7145=CARTESIAN_POINT('Ctrl Pts',(0.253224410898261,-0.303251061644275,
-4.923577747435));
#7146=CARTESIAN_POINT('Ctrl Pts',(0.323724482345852,-0.226045428783006,
-4.89939384003653));
#7147=CARTESIAN_POINT('Ctrl Pts',(0.350465868349931,-0.181840372437598,
-4.8891271681389));
#7148=CARTESIAN_POINT('Ctrl Pts',(0.385762865484896,-0.0845978383832905,
-4.86552934113852));
#7149=CARTESIAN_POINT('Ctrl Pts',(0.393557521894381,-0.0326464862541581,
-4.85292231652834));
#7150=CARTESIAN_POINT('Ctrl Pts',(0.388376442192072,0.0726873686044588,
-4.82736097026757));
#7151=CARTESIAN_POINT('Ctrl Pts',(0.374806171834176,0.125179131183711,-4.81462280435759));
#7152=CARTESIAN_POINT('Ctrl Pts',(0.330562014084934,0.214727758649516,-4.79289205618643));
#7153=CARTESIAN_POINT('Ctrl Pts',(0.300647866958003,0.256751280142182,-4.78203072808329));
#7154=CARTESIAN_POINT('Ctrl Pts',(0.219732579890818,0.328254926382943,-4.75634982752886));
#7155=CARTESIAN_POINT('Ctrl Pts',(0.173588917724892,0.354824922384453,-4.74342848981799));
#7156=CARTESIAN_POINT('Ctrl Pts',(0.0705126936150142,0.389114726229342,
-4.71760562421025));
#7157=CARTESIAN_POINT('Ctrl Pts',(0.0177400818013368,0.394119753808205,
-4.70654870633094));
#7158=CARTESIAN_POINT('Ctrl Pts',(-0.0824671293347463,0.386161924098729,
-4.68452377492142));
#7159=CARTESIAN_POINT('Ctrl Pts',(-0.132493286698158,0.371942884481784,
-4.67228510104193));
#7160=CARTESIAN_POINT('Ctrl Pts',(-0.225628767189638,0.324313867614665,
-4.64693285227036));
#7161=CARTESIAN_POINT('Ctrl Pts',(-0.267653280561147,0.290633033734561,
-4.63401439470033));
#7162=CARTESIAN_POINT('Ctrl Pts',(-0.334204283290169,0.210160854058422,
-4.61026407040288));
#7163=CARTESIAN_POINT('Ctrl Pts',(-0.358654396873521,0.165014155797879,
-4.60004395338934));
#7164=CARTESIAN_POINT('Ctrl Pts',(-0.385556362418298,0.0785117815296306,
-4.57905243889462));
#7165=CARTESIAN_POINT('Ctrl Pts',(-0.391478449901791,0.039313190591533,
-4.56954012438522));
#7166=CARTESIAN_POINT('Ctrl Pts',(-0.391478449901791,-1.85927101791718E-16,
-4.56));
#7167=CARTESIAN_POINT('Origin',(0.,0.,-6.));
#7168=CARTESIAN_POINT('',(-0.391478449901791,5.03996991863173E-17,-3.8475));
#7169=CARTESIAN_POINT('',(-0.391478449901791,3.18069890071455E-17,-3.99));
#7170=CARTESIAN_POINT('',(-0.391478449901791,-4.79422830607396E-17,-6.));
#7171=CARTESIAN_POINT('',(-7.50563279238718E-15,-0.391478449901791,-4.27500000000098));
#7172=CARTESIAN_POINT('Ctrl Pts',(-0.391478449901791,1.48741681433374E-16,
-3.8475));
#7173=CARTESIAN_POINT('Ctrl Pts',(-0.391478449901791,0.0430830279655161,
-3.85795495009432));
#7174=CARTESIAN_POINT('Ctrl Pts',(-0.384366108196547,0.0859880575917914,
-3.86836670536595));
#7175=CARTESIAN_POINT('Ctrl Pts',(-0.35371923736327,0.175380612611974,-3.89005957946681));
#7176=CARTESIAN_POINT('Ctrl Pts',(-0.327878819315604,0.219934784433065,
-3.90027933753916));
#7177=CARTESIAN_POINT('Ctrl Pts',(-0.25963889251807,0.297603097867391,-3.92404439626864));
#7178=CARTESIAN_POINT('Ctrl Pts',(-0.217739426465178,0.329477388381389,
-3.93671737735178));
#7179=CARTESIAN_POINT('Ctrl Pts',(-0.123263200634463,0.375320102227646,
-3.96213465386952));
#7180=CARTESIAN_POINT('Ctrl Pts',(-0.0712954201426638,0.388596151653961,
-3.97466695818149));
#7181=CARTESIAN_POINT('Ctrl Pts',(0.0265043737776325,0.393125569050152,
-3.9957699650016));
#7182=CARTESIAN_POINT('Ctrl Pts',(0.0780551289525752,0.387769471682363,
-4.00685395530992));
#7183=CARTESIAN_POINT('Ctrl Pts',(0.181082779636955,0.351069868451576,-4.03295900558942));
#7184=CARTESIAN_POINT('Ctrl Pts',(0.22672115386038,0.323482448230869,-4.0458976019564));
#7185=CARTESIAN_POINT('Ctrl Pts',(0.305177000202597,0.251067128978823,-4.07117224858814));
#7186=CARTESIAN_POINT('Ctrl Pts',(0.334460150491395,0.208944748372194,-4.08179541817605));
#7187=CARTESIAN_POINT('Ctrl Pts',(0.377376439454237,0.117164916064203,-4.10406761239631));
#7188=CARTESIAN_POINT('Ctrl Pts',(0.389816570862607,0.0644692475320717,
-4.11685526012458));
#7189=CARTESIAN_POINT('Ctrl Pts',(0.392783474074789,-0.0407767548781,-4.14239528724861));
#7190=CARTESIAN_POINT('Ctrl Pts',(0.383943527456237,-0.0924527998362433,
-4.15493550312066));
#7191=CARTESIAN_POINT('Ctrl Pts',(0.346662394676868,-0.189037392910077,
-4.17837366771009));
#7192=CARTESIAN_POINT('Ctrl Pts',(0.31890918065451,-0.232832489841506,-4.18872932265801));
#7193=CARTESIAN_POINT('Ctrl Pts',(0.246691688201243,-0.308572623080581,
-4.21309634393888));
#7194=CARTESIAN_POINT('Ctrl Pts',(0.202655650544634,-0.339108800294803,
-4.22605598325428));
#7195=CARTESIAN_POINT('Ctrl Pts',(0.0946537597742354,-0.385294500770724,
-4.25435740566069));
#7196=CARTESIAN_POINT('Ctrl Pts',(0.0397639474851019,-0.391478449901807,
-4.2666432796617));
#7197=CARTESIAN_POINT('Ctrl Pts',(-1.56957780106364E-13,-0.391478449901791,
-4.27500000000003));
#7198=CARTESIAN_POINT('Ctrl Pts',(-1.56157500624905E-13,-0.391478449901791,
-4.27500000000003));
#7199=CARTESIAN_POINT('Ctrl Pts',(-0.0451359113038376,-0.391478449901773,
-4.28448568268082));
#7200=CARTESIAN_POINT('Ctrl Pts',(-0.0897917962593733,-0.383674485560587,
-4.29481737714119));
#7201=CARTESIAN_POINT('Ctrl Pts',(-0.175745180132424,-0.352881055384001,
-4.31661750499799));
#7202=CARTESIAN_POINT('Ctrl Pts',(-0.216323974421895,-0.329568161755654,
-4.32797413979073));
#7203=CARTESIAN_POINT('Ctrl Pts',(-0.296154732327576,-0.262476961014232,
-4.35289173397984));
#7204=CARTESIAN_POINT('Ctrl Pts',(-0.327872993660111,-0.219097502212975,
-4.36433165135794));
#7205=CARTESIAN_POINT('Ctrl Pts',(-0.372551219219166,-0.130822703841367,
-4.38575327966827));
#7206=CARTESIAN_POINT('Ctrl Pts',(-0.386450445932473,-0.0808518657484021,
-4.39787969331894));
#7207=CARTESIAN_POINT('Ctrl Pts',(-0.391101583354811,-0.0198445711544844,
-4.41268432174198));
#7208=CARTESIAN_POINT('Ctrl Pts',(-0.391478449901791,-0.00991756946623058,
-4.41509330532874));
#7209=CARTESIAN_POINT('Ctrl Pts',(-0.391478449901791,-4.46225044300122E-16,
-4.4175));
#7210=CARTESIAN_POINT('',(-2.37980326302442E-12,-0.391478449901792,-4.4175000000005));
#7211=CARTESIAN_POINT('Ctrl Pts',(-0.391478449901791,-1.85927101791718E-16,
-4.56));
#7212=CARTESIAN_POINT('Ctrl Pts',(-0.391478449901791,-0.0135570715064297,
-4.55671010806997));
#7213=CARTESIAN_POINT('Ctrl Pts',(-0.39077423288091,-0.0271277712127354,
-4.55341690898731));
#7214=CARTESIAN_POINT('Ctrl Pts',(-0.384057017959162,-0.0914565275800616,
-4.53780626207576));
#7215=CARTESIAN_POINT('Ctrl Pts',(-0.368846438354531,-0.140878194997614,
-4.52581311556707));
#7216=CARTESIAN_POINT('Ctrl Pts',(-0.322806935290882,-0.226098238236508,
-4.50513278409614));
#7217=CARTESIAN_POINT('Ctrl Pts',(-0.290040909271386,-0.269780696915777,
-4.49322066573018));
#7218=CARTESIAN_POINT('Ctrl Pts',(-0.207771632901391,-0.334752304194801,
-4.46804777751494));
#7219=CARTESIAN_POINT('Ctrl Pts',(-0.168475015852328,-0.356154593971606,
-4.45719242574026));
#7220=CARTESIAN_POINT('Ctrl Pts',(-0.0858350057089063,-0.384352214493926,
-4.43640359291586));
#7221=CARTESIAN_POINT('Ctrl Pts',(-0.0431309159444264,-0.391478449901529,
-4.42656431642931));
#7222=CARTESIAN_POINT('Ctrl Pts',(-2.37980326302441E-12,-0.391478449901791,
-4.4175000000005));
#7223=CARTESIAN_POINT('Ctrl Pts',(-2.38087327630476E-12,-0.391478449901791,
-4.4175000000005));
#7224=CARTESIAN_POINT('Ctrl Pts',(0.0182010274827229,-0.391478449901902,
-4.41367490450113));
#7225=CARTESIAN_POINT('Ctrl Pts',(0.0465808437621233,-0.390305670301069,
-4.40756835378897));
#7226=CARTESIAN_POINT('Ctrl Pts',(0.108852051297526,-0.37710104202729,-4.39287936549039));
#7227=CARTESIAN_POINT('Ctrl Pts',(0.135747277186712,-0.368270098858004,
-4.38615561111015));
#7228=CARTESIAN_POINT('Ctrl Pts',(0.209776568604677,-0.334761581518612,
-4.36653199443394));
#7229=CARTESIAN_POINT('Ctrl Pts',(0.253224410893779,-0.303251061648006,
-4.3535777474364));
#7230=CARTESIAN_POINT('Ctrl Pts',(0.323724482342564,-0.226045428787744,
-4.3293938400378));
#7231=CARTESIAN_POINT('Ctrl Pts',(0.350465868347339,-0.181840372442624,
-4.31912716814012));
#7232=CARTESIAN_POINT('Ctrl Pts',(0.385762865483686,-0.0845978383887659,
-4.29552934113985));
#7233=CARTESIAN_POINT('Ctrl Pts',(0.393557521893901,-0.0326464862598167,
-4.28292231652971));
#7234=CARTESIAN_POINT('Ctrl Pts',(0.388376442193133,0.0726873685987558,
-4.25736097026895));
#7235=CARTESIAN_POINT('Ctrl Pts',(0.374806171836023,0.125179131178159,-4.24462280435894));
#7236=CARTESIAN_POINT('Ctrl Pts',(0.330562014087701,0.214727758645471,-4.22289205618742));
#7237=CARTESIAN_POINT('Ctrl Pts',(0.300647866961194,0.256751280138245,-4.21203072808444));
#7238=CARTESIAN_POINT('Ctrl Pts',(0.219732579895828,0.328254926379581,-4.18634982753032));
#7239=CARTESIAN_POINT('Ctrl Pts',(0.173588917730367,0.354824922381764,-4.17342848981947));
#7240=CARTESIAN_POINT('Ctrl Pts',(0.0705126936203013,0.389114726228505,
-4.14760562421147));
#7241=CARTESIAN_POINT('Ctrl Pts',(0.0177400818064123,0.394119753807921,
-4.13654870633198));
#7242=CARTESIAN_POINT('Ctrl Pts',(-0.0824671293292653,0.38616192409989,
-4.11452377492272));
#7243=CARTESIAN_POINT('Ctrl Pts',(-0.132493286692803,0.37194288448368,-4.10228510104329));
#7244=CARTESIAN_POINT('Ctrl Pts',(-0.225628767184863,0.32431386761798,-4.07693285227176));
#7245=CARTESIAN_POINT('Ctrl Pts',(-0.267653280556825,0.29063303373853,-4.06401439470172));
#7246=CARTESIAN_POINT('Ctrl Pts',(-0.334204283287066,0.210160854063377,
-4.04026407040413));
#7247=CARTESIAN_POINT('Ctrl Pts',(-0.358654396871117,0.165014155803124,
-4.03004395339061));
#7248=CARTESIAN_POINT('Ctrl Pts',(-0.385556362417727,0.0785117815333873,
-4.00905243889553));
#7249=CARTESIAN_POINT('Ctrl Pts',(-0.391478449901791,0.0393131905934256,
-3.99954012438568));
#7250=CARTESIAN_POINT('Ctrl Pts',(-0.391478449901791,1.11556261075031E-16,
-3.99));
#7251=CARTESIAN_POINT('Origin',(0.,0.,-6.));
#7252=CARTESIAN_POINT('',(-0.391478449901791,-9.83419822470569E-17,-3.2775));
#7253=CARTESIAN_POINT('',(-0.391478449901791,3.18069890071455E-17,-3.42));
#7254=CARTESIAN_POINT('',(-0.391478449901791,-4.79422830607396E-17,-6.));
#7255=CARTESIAN_POINT('',(-7.50563279238718E-15,-0.391478449901791,-3.70500000000098));
#7256=CARTESIAN_POINT('Ctrl Pts',(-0.391478449901791,-1.48741681433374E-16,
-3.2775));
#7257=CARTESIAN_POINT('Ctrl Pts',(-0.391478449901791,0.0430830279655184,
-3.28795495009432));
#7258=CARTESIAN_POINT('Ctrl Pts',(-0.384366108196546,0.0859880575917967,
-3.29836670536595));
#7259=CARTESIAN_POINT('Ctrl Pts',(-0.353719237363266,0.175380612611982,
-3.32005957946681));
#7260=CARTESIAN_POINT('Ctrl Pts',(-0.3278788193156,0.219934784433071,-3.33027933753917));
#7261=CARTESIAN_POINT('Ctrl Pts',(-0.259638892518064,0.297603097867397,
-3.35404439626864));
#7262=CARTESIAN_POINT('Ctrl Pts',(-0.217739426465171,0.329477388381394,
-3.36671737735178));
#7263=CARTESIAN_POINT('Ctrl Pts',(-0.123263200634455,0.375320102227649,
-3.39213465386952));
#7264=CARTESIAN_POINT('Ctrl Pts',(-0.0712954201426556,0.388596151653963,
-3.40466695818149));
#7265=CARTESIAN_POINT('Ctrl Pts',(0.0265043737776491,0.393125569050152,
-3.42576996500161));
#7266=CARTESIAN_POINT('Ctrl Pts',(0.0780551289525907,0.387769471682359,
-3.43685395530992));
#7267=CARTESIAN_POINT('Ctrl Pts',(0.181082779636962,0.351069868451572,-3.46295900558942));
#7268=CARTESIAN_POINT('Ctrl Pts',(0.226721153860387,0.323482448230864,-3.4758976019564));
#7269=CARTESIAN_POINT('Ctrl Pts',(0.305177000202603,0.251067128978816,-3.50117224858814));
#7270=CARTESIAN_POINT('Ctrl Pts',(0.3344601504914,0.208944748372187,-3.51179541817605));
#7271=CARTESIAN_POINT('Ctrl Pts',(0.377376439454239,0.117164916064196,-3.53406761239631));
#7272=CARTESIAN_POINT('Ctrl Pts',(0.389816570862608,0.0644692475320643,
-3.54685526012458));
#7273=CARTESIAN_POINT('Ctrl Pts',(0.392783474074788,-0.0407767548781083,
-3.57239528724861));
#7274=CARTESIAN_POINT('Ctrl Pts',(0.383943527456235,-0.092452799836251,
-3.58493550312066));
#7275=CARTESIAN_POINT('Ctrl Pts',(0.346662394676864,-0.189037392910084,
-3.60837366771009));
#7276=CARTESIAN_POINT('Ctrl Pts',(0.318909180654506,-0.232832489841513,
-3.61872932265802));
#7277=CARTESIAN_POINT('Ctrl Pts',(0.246691688201236,-0.308572623080587,
-3.64309634393889));
#7278=CARTESIAN_POINT('Ctrl Pts',(0.202655650544627,-0.339108800294807,
-3.65605598325428));
#7279=CARTESIAN_POINT('Ctrl Pts',(0.0946537597742329,-0.385294500770724,
-3.68435740566069));
#7280=CARTESIAN_POINT('Ctrl Pts',(0.0397639474851041,-0.391478449901807,
-3.6966432796617));
#7281=CARTESIAN_POINT('Ctrl Pts',(-1.56472057533091E-13,-0.391478449901791,
-3.70500000000003));
#7282=CARTESIAN_POINT('Ctrl Pts',(-1.56157500624905E-13,-0.391478449901791,
-3.70500000000003));
#7283=CARTESIAN_POINT('Ctrl Pts',(-0.0451359113038361,-0.391478449901773,
-3.71448568268082));
#7284=CARTESIAN_POINT('Ctrl Pts',(-0.0897917962593707,-0.383674485560587,
-3.72481737714119));
#7285=CARTESIAN_POINT('Ctrl Pts',(-0.17574518013242,-0.352881055384003,
-3.74661750499799));
#7286=CARTESIAN_POINT('Ctrl Pts',(-0.21632397442189,-0.329568161755657,
-3.75797413979073));
#7287=CARTESIAN_POINT('Ctrl Pts',(-0.296154732327566,-0.262476961014242,
-3.78289173397984));
#7288=CARTESIAN_POINT('Ctrl Pts',(-0.327872993660104,-0.219097502212988,
-3.79433165135793));
#7289=CARTESIAN_POINT('Ctrl Pts',(-0.372551219219164,-0.130822703841374,
-3.81575327966827));
#7290=CARTESIAN_POINT('Ctrl Pts',(-0.386450445932472,-0.0808518657484086,
-3.82787969331894));
#7291=CARTESIAN_POINT('Ctrl Pts',(-0.39110158335481,-0.019844571154489,
-3.84268432174198));
#7292=CARTESIAN_POINT('Ctrl Pts',(-0.391478449901791,-0.00991756946623218,
-3.84509330532874));
#7293=CARTESIAN_POINT('Ctrl Pts',(-0.391478449901791,1.48741681433374E-16,
-3.8475));
#7294=CARTESIAN_POINT('',(4.79422830607397E-17,-0.391478449901792,-3.8475));
#7295=CARTESIAN_POINT('Ctrl Pts',(-0.391478449901791,1.11556261075031E-16,
-3.99));
#7296=CARTESIAN_POINT('Ctrl Pts',(-0.391478449901791,-0.0135570715046019,
-3.98671010807042));
#7297=CARTESIAN_POINT('Ctrl Pts',(-0.3907742328811,-0.0271277712090783,
-3.9834169089882));
#7298=CARTESIAN_POINT('Ctrl Pts',(-0.384057017960437,-0.0914565275747538,
-3.96780626207705));
#7299=CARTESIAN_POINT('Ctrl Pts',(-0.368846438356459,-0.140878194992591,
-3.95581311556829));
#7300=CARTESIAN_POINT('Ctrl Pts',(-0.322806935293353,-0.22609823823322,
-3.93513278409694));
#7301=CARTESIAN_POINT('Ctrl Pts',(-0.290040909274366,-0.269780696912239,
-3.92322066573124));
#7302=CARTESIAN_POINT('Ctrl Pts',(-0.20777163290541,-0.334752304192498,
-3.89804777751606));
#7303=CARTESIAN_POINT('Ctrl Pts',(-0.168475015855266,-0.356154593970395,
-3.88719242574102));
#7304=CARTESIAN_POINT('Ctrl Pts',(-0.0858350057093129,-0.384352214493988,
-3.86640359291593));
#7305=CARTESIAN_POINT('Ctrl Pts',(-0.0431309159434372,-0.391478449901791,
-3.85656431642907));
#7306=CARTESIAN_POINT('Ctrl Pts',(-2.12834750174581E-16,-0.391478449901791,
-3.8475));
#7307=CARTESIAN_POINT('Ctrl Pts',(3.4694469519536E-17,-0.391478449901791,
-3.8475));
#7308=CARTESIAN_POINT('Ctrl Pts',(0.0182010274851412,-0.391478449901791,
-3.84367490450061));
#7309=CARTESIAN_POINT('Ctrl Pts',(0.0465808437651808,-0.390305670300789,
-3.83756835378829));
#7310=CARTESIAN_POINT('Ctrl Pts',(0.108852051301889,-0.37710104202607,-3.82287936548932));
#7311=CARTESIAN_POINT('Ctrl Pts',(0.135747277191486,-0.368270098856285,
-3.81615561110894));
#7312=CARTESIAN_POINT('Ctrl Pts',(0.209776568609507,-0.334761581515592,
-3.79653199443256));
#7313=CARTESIAN_POINT('Ctrl Pts',(0.2532244108982,-0.303251061644326,-3.78357774743502));
#7314=CARTESIAN_POINT('Ctrl Pts',(0.323724482345806,-0.226045428783071,
-3.75939384003655));
#7315=CARTESIAN_POINT('Ctrl Pts',(0.350465868349895,-0.181840372437667,
-3.74912716813891));
#7316=CARTESIAN_POINT('Ctrl Pts',(0.385762865484879,-0.0845978383833647,
-3.72552934113854));
#7317=CARTESIAN_POINT('Ctrl Pts',(0.393557521894374,-0.0326464862542345,
-3.71292231652835));
#7318=CARTESIAN_POINT('Ctrl Pts',(0.388376442192086,0.0726873686043809,
-3.68736097026759));
#7319=CARTESIAN_POINT('Ctrl Pts',(0.374806171834201,0.125179131183635,-3.67462280435761));
#7320=CARTESIAN_POINT('Ctrl Pts',(0.33056201408498,0.214727758649443,-3.65289205618645));
#7321=CARTESIAN_POINT('Ctrl Pts',(0.30064786695806,0.256751280142116,-3.64203072808331));
#7322=CARTESIAN_POINT('Ctrl Pts',(0.219732579890886,0.328254926382898,-3.61634982752888));
#7323=CARTESIAN_POINT('Ctrl Pts',(0.173588917724967,0.354824922384417,-3.60342848981801));
#7324=CARTESIAN_POINT('Ctrl Pts',(0.070512693615092,0.389114726229329,-3.57760562421027));
#7325=CARTESIAN_POINT('Ctrl Pts',(0.0177400818014123,0.394119753808202,
-3.56654870633096));
#7326=CARTESIAN_POINT('Ctrl Pts',(-0.0824671293346713,0.386161924098745,
-3.54452377492144));
#7327=CARTESIAN_POINT('Ctrl Pts',(-0.132493286698085,0.37194288448181,-3.53228510104195));
#7328=CARTESIAN_POINT('Ctrl Pts',(-0.225628767189573,0.32431386761471,-3.50693285227038));
#7329=CARTESIAN_POINT('Ctrl Pts',(-0.267653280561088,0.290633033734615,
-3.49401439470034));
#7330=CARTESIAN_POINT('Ctrl Pts',(-0.334204283290126,0.21016085405849,-3.4702640704029));
#7331=CARTESIAN_POINT('Ctrl Pts',(-0.358654396873488,0.165014155797951,
-3.46004395338936));
#7332=CARTESIAN_POINT('Ctrl Pts',(-0.38555636241829,0.0785117815296821,
-3.43905243889463));
#7333=CARTESIAN_POINT('Ctrl Pts',(-0.391478449901791,0.0393131905915595,
-3.42954012438522));
#7334=CARTESIAN_POINT('Ctrl Pts',(-0.391478449901791,1.11556261075031E-16,
-3.42));
#7335=CARTESIAN_POINT('Origin',(0.,0.,-6.));
#7336=CARTESIAN_POINT('',(-0.391478449901791,-9.83419822470568E-17,-2.7075));
#7337=CARTESIAN_POINT('',(-0.391478449901791,3.18069890071455E-17,-2.85));
#7338=CARTESIAN_POINT('',(-0.391478449901791,-4.79422830607396E-17,-6.));
#7339=CARTESIAN_POINT('',(-7.50563279238718E-15,-0.391478449901791,-3.13500000000098));
#7340=CARTESIAN_POINT('Ctrl Pts',(-0.391478449901791,-1.48741681433374E-16,
-2.7075));
#7341=CARTESIAN_POINT('Ctrl Pts',(-0.391478449901791,0.043083027965518,
-2.71795495009432));
#7342=CARTESIAN_POINT('Ctrl Pts',(-0.384366108196546,0.0859880575917961,
-2.72836670536595));
#7343=CARTESIAN_POINT('Ctrl Pts',(-0.353719237363267,0.17538061261198,-2.75005957946681));
#7344=CARTESIAN_POINT('Ctrl Pts',(-0.3278788193156,0.21993478443307,-2.76027933753917));
#7345=CARTESIAN_POINT('Ctrl Pts',(-0.259638892518065,0.297603097867396,
-2.78404439626864));
#7346=CARTESIAN_POINT('Ctrl Pts',(-0.217739426465171,0.329477388381393,
-2.79671737735178));
#7347=CARTESIAN_POINT('Ctrl Pts',(-0.123263200634456,0.375320102227648,
-2.82213465386952));
#7348=CARTESIAN_POINT('Ctrl Pts',(-0.0712954201426569,0.388596151653962,
-2.83466695818149));
#7349=CARTESIAN_POINT('Ctrl Pts',(0.0265043737776409,0.393125569050152,
-2.8557699650016));
#7350=CARTESIAN_POINT('Ctrl Pts',(0.0780551289525836,0.387769471682361,
-2.86685395530992));
#7351=CARTESIAN_POINT('Ctrl Pts',(0.181082779636961,0.351069868451572,-2.89295900558942));
#7352=CARTESIAN_POINT('Ctrl Pts',(0.226721153860386,0.323482448230864,-2.9058976019564));
#7353=CARTESIAN_POINT('Ctrl Pts',(0.305177000202598,0.251067128978822,-2.93117224858814));
#7354=CARTESIAN_POINT('Ctrl Pts',(0.334460150491396,0.208944748372193,-2.94179541817605));
#7355=CARTESIAN_POINT('Ctrl Pts',(0.377376439454239,0.117164916064196,-2.96406761239631));
#7356=CARTESIAN_POINT('Ctrl Pts',(0.389816570862608,0.0644692475320643,
-2.97685526012458));
#7357=CARTESIAN_POINT('Ctrl Pts',(0.392783474074788,-0.0407767548781063,
-3.00239528724861));
#7358=CARTESIAN_POINT('Ctrl Pts',(0.383943527456235,-0.0924527998362495,
-3.01493550312066));
#7359=CARTESIAN_POINT('Ctrl Pts',(0.346662394676864,-0.189037392910083,
-3.03837366771009));
#7360=CARTESIAN_POINT('Ctrl Pts',(0.318909180654506,-0.232832489841512,
-3.04872932265802));
#7361=CARTESIAN_POINT('Ctrl Pts',(0.246691688201237,-0.308572623080586,
-3.07309634393889));
#7362=CARTESIAN_POINT('Ctrl Pts',(0.202655650544629,-0.339108800294806,
-3.08605598325428));
#7363=CARTESIAN_POINT('Ctrl Pts',(0.0946537597742304,-0.385294500770725,
-3.11435740566069));
#7364=CARTESIAN_POINT('Ctrl Pts',(0.0397639474850996,-0.391478449901807,
-3.1266432796617));
#7365=CARTESIAN_POINT('Ctrl Pts',(-1.56957780106364E-13,-0.391478449901791,
-3.13500000000003));
#7366=CARTESIAN_POINT('Ctrl Pts',(-1.56157500624905E-13,-0.391478449901791,
-3.13500000000003));
#7367=CARTESIAN_POINT('Ctrl Pts',(-0.0451359113038379,-0.391478449901773,
-3.14448568268082));
#7368=CARTESIAN_POINT('Ctrl Pts',(-0.0897917962593738,-0.383674485560587,
-3.15481737714119));
#7369=CARTESIAN_POINT('Ctrl Pts',(-0.175745180132424,-0.352881055384001,
-3.17661750499799));
#7370=CARTESIAN_POINT('Ctrl Pts',(-0.216323974421896,-0.329568161755653,
-3.18797413979073));
#7371=CARTESIAN_POINT('Ctrl Pts',(-0.296154732327578,-0.262476961014231,
-3.21289173397984));
#7372=CARTESIAN_POINT('Ctrl Pts',(-0.327872993660112,-0.219097502212973,
-3.22433165135794));
#7373=CARTESIAN_POINT('Ctrl Pts',(-0.372551219219166,-0.130822703841367,
-3.24575327966827));
#7374=CARTESIAN_POINT('Ctrl Pts',(-0.386450445932473,-0.0808518657484015,
-3.25787969331894));
#7375=CARTESIAN_POINT('Ctrl Pts',(-0.391101583354811,-0.0198445711544838,
-3.27268432174198));
#7376=CARTESIAN_POINT('Ctrl Pts',(-0.391478449901791,-0.00991756946623,
-3.27509330532874));
#7377=CARTESIAN_POINT('Ctrl Pts',(-0.391478449901791,-1.48741681433374E-16,
-3.2775));
#7378=CARTESIAN_POINT('',(-2.37954248599118E-12,-0.391478449901792,-3.2775000000005));
#7379=CARTESIAN_POINT('Ctrl Pts',(-0.391478449901791,1.11556261075031E-16,
-3.42));
#7380=CARTESIAN_POINT('Ctrl Pts',(-0.391478449901791,-0.0135570715064044,
-3.41671010806998));
#7381=CARTESIAN_POINT('Ctrl Pts',(-0.390774232880913,-0.0271277712126852,
-3.41341690898732));
#7382=CARTESIAN_POINT('Ctrl Pts',(-0.38405701795918,-0.091456527579989,
-3.39780626207578));
#7383=CARTESIAN_POINT('Ctrl Pts',(-0.368846438354557,-0.140878194997545,
-3.38581311556709));
#7384=CARTESIAN_POINT('Ctrl Pts',(-0.322806935290919,-0.226098238236456,
-3.36513278409616));
#7385=CARTESIAN_POINT('Ctrl Pts',(-0.290040909271432,-0.269780696915725,
-3.3532206657302));
#7386=CARTESIAN_POINT('Ctrl Pts',(-0.20777163290145,-0.334752304194766,
-3.32804777751495));
#7387=CARTESIAN_POINT('Ctrl Pts',(-0.168475015852377,-0.356154593971583,
-3.31719242574027));
#7388=CARTESIAN_POINT('Ctrl Pts',(-0.085835005708941,-0.384352214493919,
-3.29640359291586));
#7389=CARTESIAN_POINT('Ctrl Pts',(-0.0431309159444446,-0.391478449901529,
-3.28656431642932));
#7390=CARTESIAN_POINT('Ctrl Pts',(-2.38032481709088E-12,-0.391478449901791,
-3.2775000000005));
#7391=CARTESIAN_POINT('Ctrl Pts',(-2.37976305328014E-12,-0.391478449901791,
-3.2775000000005));
#7392=CARTESIAN_POINT('Ctrl Pts',(0.0182010274827436,-0.391478449901902,
-3.27367490450113));
#7393=CARTESIAN_POINT('Ctrl Pts',(0.0465808437621856,-0.390305670301067,
-3.26756835378895));
#7394=CARTESIAN_POINT('Ctrl Pts',(0.108852051297675,-0.377101042027249,
-3.25287936549035));
#7395=CARTESIAN_POINT('Ctrl Pts',(0.135747277186896,-0.368270098857939,
-3.24615561111011));
#7396=CARTESIAN_POINT('Ctrl Pts',(0.20977656860488,-0.334761581518485,-3.22653199443388));
#7397=CARTESIAN_POINT('Ctrl Pts',(0.253224410893966,-0.303251061647851,
-3.21357774743634));
#7398=CARTESIAN_POINT('Ctrl Pts',(0.3237244823427,-0.226045428787548,-3.18939384003774));
#7399=CARTESIAN_POINT('Ctrl Pts',(0.350465868347447,-0.181840372442416,
-3.17912716814007));
#7400=CARTESIAN_POINT('Ctrl Pts',(0.385762865483737,-0.0845978383885385,
-3.15552934113979));
#7401=CARTESIAN_POINT('Ctrl Pts',(0.393557521893921,-0.0326464862595816,
-3.14292231652965));
#7402=CARTESIAN_POINT('Ctrl Pts',(0.388376442193089,0.0726873685989924,
-3.11736097026889));
#7403=CARTESIAN_POINT('Ctrl Pts',(0.374806171835946,0.125179131178389,-3.10462280435888));
#7404=CARTESIAN_POINT('Ctrl Pts',(0.330562014087584,0.214727758645643,-3.08289205618737));
#7405=CARTESIAN_POINT('Ctrl Pts',(0.300647866961059,0.256751280138411,-3.07203072808439));
#7406=CARTESIAN_POINT('Ctrl Pts',(0.21973257989562,0.328254926379721,-3.04634982753026));
#7407=CARTESIAN_POINT('Ctrl Pts',(0.17358891773014,0.354824922381876,-3.0334284898194));
#7408=CARTESIAN_POINT('Ctrl Pts',(0.0705126936200787,0.38911472622854,-3.00760562421141));
#7409=CARTESIAN_POINT('Ctrl Pts',(0.0177400818061982,0.394119753807933,
-2.99654870633193));
#7410=CARTESIAN_POINT('Ctrl Pts',(-0.082467129329493,0.386161924099842,
-2.97452377492266));
#7411=CARTESIAN_POINT('Ctrl Pts',(-0.132493286693026,0.371942884483601,
-2.96228510104323));
#7412=CARTESIAN_POINT('Ctrl Pts',(-0.225628767185061,0.324313867617842,
-2.93693285227171));
#7413=CARTESIAN_POINT('Ctrl Pts',(-0.267653280557005,0.290633033738365,
-2.92401439470166));
#7414=CARTESIAN_POINT('Ctrl Pts',(-0.334204283287195,0.21016085406317,-2.90026407040408));
#7415=CARTESIAN_POINT('Ctrl Pts',(-0.358654396871217,0.165014155802905,
-2.89004395339056));
#7416=CARTESIAN_POINT('Ctrl Pts',(-0.385556362417751,0.0785117815332311,
-2.86905243889549));
#7417=CARTESIAN_POINT('Ctrl Pts',(-0.391478449901791,0.0393131905933472,
-2.85954012438566));
#7418=CARTESIAN_POINT('Ctrl Pts',(-0.391478449901791,3.34668783225092E-16,
-2.85));
#7419=CARTESIAN_POINT('Origin',(0.,0.,-6.));
#7420=CARTESIAN_POINT('',(-0.391478449901791,-9.83419822470569E-17,-2.1375));
#7421=CARTESIAN_POINT('',(-0.391478449901791,1.43363250082176E-16,-2.28));
#7422=CARTESIAN_POINT('',(-0.391478449901791,-4.79422830607396E-17,-6.));
#7423=CARTESIAN_POINT('',(-8.89644363630889E-15,-0.391478449901791,-2.56500000000098));
#7424=CARTESIAN_POINT('Ctrl Pts',(-0.391478449901791,-1.48741681433374E-16,
-2.1375));
#7425=CARTESIAN_POINT('Ctrl Pts',(-0.391478449901791,0.0430830279655166,
-2.14795495009432));
#7426=CARTESIAN_POINT('Ctrl Pts',(-0.384366108196547,0.0859880575917929,
-2.15836670536595));
#7427=CARTESIAN_POINT('Ctrl Pts',(-0.353719237363269,0.175380612611976,
-2.18005957946681));
#7428=CARTESIAN_POINT('Ctrl Pts',(-0.327878819315603,0.219934784433066,
-2.19027933753916));
#7429=CARTESIAN_POINT('Ctrl Pts',(-0.259638892518068,0.297603097867393,
-2.21404439626864));
#7430=CARTESIAN_POINT('Ctrl Pts',(-0.217739426465176,0.32947738838139,-2.22671737735178));
#7431=CARTESIAN_POINT('Ctrl Pts',(-0.123263200634461,0.375320102227647,
-2.25213465386952));
#7432=CARTESIAN_POINT('Ctrl Pts',(-0.071295420142662,0.388596151653961,
-2.26466695818149));
#7433=CARTESIAN_POINT('Ctrl Pts',(0.0265043737776414,0.393125569050152,
-2.28576996500161));
#7434=CARTESIAN_POINT('Ctrl Pts',(0.0780551289525831,0.387769471682361,
-2.29685395530992));
#7435=CARTESIAN_POINT('Ctrl Pts',(0.181082779636957,0.351069868451575,-2.32295900558942));
#7436=CARTESIAN_POINT('Ctrl Pts',(0.226721153860382,0.323482448230867,-2.3358976019564));
#7437=CARTESIAN_POINT('Ctrl Pts',(0.305177000202595,0.251067128978825,-2.36117224858814));
#7438=CARTESIAN_POINT('Ctrl Pts',(0.334460150491394,0.208944748372197,-2.37179541817605));
#7439=CARTESIAN_POINT('Ctrl Pts',(0.377376439454238,0.117164916064202,-2.39406761239631));
#7440=CARTESIAN_POINT('Ctrl Pts',(0.389816570862607,0.0644692475320701,
-2.40685526012458));
#7441=CARTESIAN_POINT('Ctrl Pts',(0.392783474074789,-0.040776754878102,
-2.43239528724861));
#7442=CARTESIAN_POINT('Ctrl Pts',(0.383943527456236,-0.092452799836245,
-2.44493550312066));
#7443=CARTESIAN_POINT('Ctrl Pts',(0.346662394676867,-0.189037392910078,
-2.46837366771009));
#7444=CARTESIAN_POINT('Ctrl Pts',(0.31890918065451,-0.232832489841508,-2.47872932265801));
#7445=CARTESIAN_POINT('Ctrl Pts',(0.246691688201241,-0.308572623080583,
-2.50309634393889));
#7446=CARTESIAN_POINT('Ctrl Pts',(0.202655650544633,-0.339108800294804,
-2.51605598325428));
#7447=CARTESIAN_POINT('Ctrl Pts',(0.0946537597742313,-0.385294500770726,
-2.54435740566069));
#7448=CARTESIAN_POINT('Ctrl Pts',(0.0397639474850976,-0.391478449901807,
-2.5566432796617));
#7449=CARTESIAN_POINT('Ctrl Pts',(-1.5799861419195E-13,-0.391478449901791,
-2.56500000000003));
#7450=CARTESIAN_POINT('Ctrl Pts',(-1.57461385791081E-13,-0.391478449901791,
-2.56500000000003));
#7451=CARTESIAN_POINT('Ctrl Pts',(-0.0451359113038384,-0.391478449901773,
-2.57448568268082));
#7452=CARTESIAN_POINT('Ctrl Pts',(-0.0897917962593738,-0.383674485560587,
-2.58481737714119));
#7453=CARTESIAN_POINT('Ctrl Pts',(-0.175745180132425,-0.352881055384001,
-2.60661750499799));
#7454=CARTESIAN_POINT('Ctrl Pts',(-0.216323974421896,-0.329568161755653,
-2.61797413979073));
#7455=CARTESIAN_POINT('Ctrl Pts',(-0.296154732327574,-0.262476961014234,
-2.64289173397984));
#7456=CARTESIAN_POINT('Ctrl Pts',(-0.32787299366011,-0.219097502212978,
-2.65433165135794));
#7457=CARTESIAN_POINT('Ctrl Pts',(-0.372551219219166,-0.130822703841367,
-2.67575327966827));
#7458=CARTESIAN_POINT('Ctrl Pts',(-0.386450445932473,-0.0808518657484017,
-2.68787969331894));
#7459=CARTESIAN_POINT('Ctrl Pts',(-0.39110158335481,-0.0198445711544841,
-2.70268432174198));
#7460=CARTESIAN_POINT('Ctrl Pts',(-0.391478449901791,-0.00991756946623026,
-2.70509330532874));
#7461=CARTESIAN_POINT('Ctrl Pts',(-0.391478449901791,-1.48741681433374E-16,
-2.7075));
#7462=CARTESIAN_POINT('',(4.79422830607397E-17,-0.391478449901792,-2.7075));
#7463=CARTESIAN_POINT('Ctrl Pts',(-0.391478449901791,3.34668783225092E-16,
-2.85));
#7464=CARTESIAN_POINT('Ctrl Pts',(-0.391478449901791,-0.0135570715046776,
-2.8467101080704));
#7465=CARTESIAN_POINT('Ctrl Pts',(-0.390774232881092,-0.0271277712092306,
-2.84341690898816));
#7466=CARTESIAN_POINT('Ctrl Pts',(-0.384057017960384,-0.0914565275749749,
-2.827806262077));
#7467=CARTESIAN_POINT('Ctrl Pts',(-0.368846438356379,-0.1408781949928,-2.81581311556824));
#7468=CARTESIAN_POINT('Ctrl Pts',(-0.322806935293246,-0.226098238233365,
-2.79513278409691));
#7469=CARTESIAN_POINT('Ctrl Pts',(-0.290040909274235,-0.269780696912392,
-2.78322066573119));
#7470=CARTESIAN_POINT('Ctrl Pts',(-0.207771632905228,-0.334752304192605,
-2.75804777751601));
#7471=CARTESIAN_POINT('Ctrl Pts',(-0.168475015855112,-0.356154593970462,
-2.74719242574098));
#7472=CARTESIAN_POINT('Ctrl Pts',(-0.0858350057092298,-0.384352214494002,
-2.72640359291591));
#7473=CARTESIAN_POINT('Ctrl Pts',(-0.043130915943395,-0.391478449901791,
-2.71656431642906));
#7474=CARTESIAN_POINT('Ctrl Pts',(-2.12834750174581E-16,-0.391478449901791,
-2.7075));
#7475=CARTESIAN_POINT('Ctrl Pts',(3.4694469519536E-17,-0.391478449901791,
-2.7075));
#7476=CARTESIAN_POINT('Ctrl Pts',(0.0182010274850896,-0.391478449901791,
-2.70367490450062));
#7477=CARTESIAN_POINT('Ctrl Pts',(0.0465808437650903,-0.390305670300797,
-2.69756835378831));
#7478=CARTESIAN_POINT('Ctrl Pts',(0.108852051301727,-0.377101042026114,
-2.68287936548936));
#7479=CARTESIAN_POINT('Ctrl Pts',(0.135747277191287,-0.368270098856356,
-2.67615561110899));
#7480=CARTESIAN_POINT('Ctrl Pts',(0.209776568609288,-0.334761581515729,
-2.65653199443262));
#7481=CARTESIAN_POINT('Ctrl Pts',(0.253224410898,-0.303251061644493,-2.64357774743508));
#7482=CARTESIAN_POINT('Ctrl Pts',(0.32372448234566,-0.226045428783282,-2.61939384003661));
#7483=CARTESIAN_POINT('Ctrl Pts',(0.35046586834978,-0.181840372437891,-2.60912716813897));
#7484=CARTESIAN_POINT('Ctrl Pts',(0.385762865484825,-0.08459783838361,-2.5855293411386));
#7485=CARTESIAN_POINT('Ctrl Pts',(0.393557521894353,-0.0326464862544884,
-2.57292231652842));
#7486=CARTESIAN_POINT('Ctrl Pts',(0.388376442192134,0.0726873686041256,
-2.54736097026765));
#7487=CARTESIAN_POINT('Ctrl Pts',(0.374806171834285,0.125179131183387,-2.53462280435767));
#7488=CARTESIAN_POINT('Ctrl Pts',(0.330562014085097,0.214727758649278,-2.51289205618649));
#7489=CARTESIAN_POINT('Ctrl Pts',(0.300647866958191,0.256751280141951,-2.50203072808336));
#7490=CARTESIAN_POINT('Ctrl Pts',(0.219732579891111,0.328254926382747,-2.47634982752894));
#7491=CARTESIAN_POINT('Ctrl Pts',(0.173588917725213,0.354824922384296,-2.46342848981807));
#7492=CARTESIAN_POINT('Ctrl Pts',(0.0705126936153214,0.389114726229294,
-2.43760562421032));
#7493=CARTESIAN_POINT('Ctrl Pts',(0.0177400818016316,0.394119753808189,
-2.426548706331));
#7494=CARTESIAN_POINT('Ctrl Pts',(-0.0824671293344253,0.386161924098797,
-2.4045237749215));
#7495=CARTESIAN_POINT('Ctrl Pts',(-0.132493286697845,0.371942884481895,
-2.39228510104201));
#7496=CARTESIAN_POINT('Ctrl Pts',(-0.225628767189359,0.324313867614859,
-2.36693285227044));
#7497=CARTESIAN_POINT('Ctrl Pts',(-0.267653280560894,0.290633033734793,
-2.35401439470041));
#7498=CARTESIAN_POINT('Ctrl Pts',(-0.334204283289987,0.210160854058713,
-2.33026407040295));
#7499=CARTESIAN_POINT('Ctrl Pts',(-0.35865439687338,0.165014155798187,-2.32004395338941));
#7500=CARTESIAN_POINT('Ctrl Pts',(-0.385556362418264,0.0785117815298512,
-2.29905243889467));
#7501=CARTESIAN_POINT('Ctrl Pts',(-0.391478449901791,0.0393131905916448,
-2.28954012438524));
#7502=CARTESIAN_POINT('Ctrl Pts',(-0.391478449901791,3.34668783225092E-16,
-2.28));
#7503=CARTESIAN_POINT('Origin',(0.,0.,-6.));
#7504=CARTESIAN_POINT('',(-0.391478449901791,-9.83419822470569E-17,-1.5675));
#7505=CARTESIAN_POINT('',(-0.391478449901791,-1.16934692426229E-16,-1.71));
#7506=CARTESIAN_POINT('',(-0.391478449901791,-4.79422830607396E-17,-6.));
#7507=CARTESIAN_POINT('',(-8.89644363630889E-15,-0.391478449901791,-1.99500000000098));
#7508=CARTESIAN_POINT('Ctrl Pts',(-0.391478449901791,-1.48741681433374E-16,
-1.5675));
#7509=CARTESIAN_POINT('Ctrl Pts',(-0.391478449901791,0.043083027966185,
-1.57795495009448));
#7510=CARTESIAN_POINT('Ctrl Pts',(-0.384366108196326,0.0859880575931175,
-1.58836670536627));
#7511=CARTESIAN_POINT('Ctrl Pts',(-0.353719237362386,0.175380612613748,
-1.61005957946724));
#7512=CARTESIAN_POINT('Ctrl Pts',(-0.327878819314518,0.219934784434677,
-1.62027933753959));
#7513=CARTESIAN_POINT('Ctrl Pts',(-0.259638892516611,0.297603097868668,
-1.6440443962691));
#7514=CARTESIAN_POINT('Ctrl Pts',(-0.217739426463542,0.329477388382474,
-1.65671737735225));
#7515=CARTESIAN_POINT('Ctrl Pts',(-0.123263200632583,0.375320102228262,
-1.68213465386999));
#7516=CARTESIAN_POINT('Ctrl Pts',(-0.0712954201407261,0.388596151654316,
-1.69466695818194));
#7517=CARTESIAN_POINT('Ctrl Pts',(0.0265043737791579,0.39312556905,-1.71576996500191));
#7518=CARTESIAN_POINT('Ctrl Pts',(0.0780551289541698,0.3877694716821,-1.72685395531028));
#7519=CARTESIAN_POINT('Ctrl Pts',(0.181082779638754,0.35106986845065,-1.75295900558991));
#7520=CARTESIAN_POINT('Ctrl Pts',(0.226721153862057,0.323482448229697,-1.76589760195689));
#7521=CARTESIAN_POINT('Ctrl Pts',(0.305177000203747,0.251067128977377,-1.79117224858856));
#7522=CARTESIAN_POINT('Ctrl Pts',(0.334460150492388,0.208944748370658,-1.80179541817642));
#7523=CARTESIAN_POINT('Ctrl Pts',(0.377376439454841,0.117164916062248,-1.82406761239678));
#7524=CARTESIAN_POINT('Ctrl Pts',(0.389816570862936,0.0644692475300699,
-1.83685526012506));
#7525=CARTESIAN_POINT('Ctrl Pts',(0.39278347407458,-0.0407767548800742,
-1.86239528724909));
#7526=CARTESIAN_POINT('Ctrl Pts',(0.383943527455775,-0.0924527998381476,
-1.87493550312112));
#7527=CARTESIAN_POINT('Ctrl Pts',(0.346662394675924,-0.189037392911819,
-1.89837366771052));
#7528=CARTESIAN_POINT('Ctrl Pts',(0.318909180653319,-0.232832489843149,
-1.90872932265846));
#7529=CARTESIAN_POINT('Ctrl Pts',(0.246691688199633,-0.308572623081864,
-1.93309634393938));
#7530=CARTESIAN_POINT('Ctrl Pts',(0.202655650542884,-0.339108800295846,
-1.94605598325477));
#7531=CARTESIAN_POINT('Ctrl Pts',(0.0946537597725833,-0.385294500771072,
-1.97435740566108));
#7532=CARTESIAN_POINT('Ctrl Pts',(0.0397639474840258,-0.391478449901807,
-1.98664327966193));
#7533=CARTESIAN_POINT('Ctrl Pts',(-1.58553725704262E-13,-0.391478449901791,
-1.99500000000003));
#7534=CARTESIAN_POINT('Ctrl Pts',(-1.57722162824317E-13,-0.391478449901791,
-1.99500000000003));
#7535=CARTESIAN_POINT('Ctrl Pts',(-0.0451359113038376,-0.391478449901773,
-2.00448568268082));
#7536=CARTESIAN_POINT('Ctrl Pts',(-0.0897917962593718,-0.383674485560587,
-2.01481737714119));
#7537=CARTESIAN_POINT('Ctrl Pts',(-0.175745180132421,-0.352881055384003,
-2.03661750499799));
#7538=CARTESIAN_POINT('Ctrl Pts',(-0.216323974421892,-0.329568161755656,
-2.04797413979072));
#7539=CARTESIAN_POINT('Ctrl Pts',(-0.296154732327568,-0.262476961014241,
-2.07289173397984));
#7540=CARTESIAN_POINT('Ctrl Pts',(-0.327872993660105,-0.219097502212986,
-2.08433165135794));
#7541=CARTESIAN_POINT('Ctrl Pts',(-0.372551219219164,-0.130822703841372,
-2.10575327966827));
#7542=CARTESIAN_POINT('Ctrl Pts',(-0.386450445932472,-0.0808518657484064,
-2.11787969331894));
#7543=CARTESIAN_POINT('Ctrl Pts',(-0.39110158335481,-0.0198445711544875,
-2.13268432174198));
#7544=CARTESIAN_POINT('Ctrl Pts',(-0.391478449901791,-0.00991756946623177,
-2.13509330532874));
#7545=CARTESIAN_POINT('Ctrl Pts',(-0.391478449901791,-1.48741681433374E-16,
-2.1375));
#7546=CARTESIAN_POINT('',(-2.3811071481906E-12,-0.391478449901792,-2.1375000000005));
#7547=CARTESIAN_POINT('Ctrl Pts',(-0.391478449901791,3.34668783225092E-16,
-2.28));
#7548=CARTESIAN_POINT('Ctrl Pts',(-0.391478449901791,-0.013557071506322,
-2.27671010807));
#7549=CARTESIAN_POINT('Ctrl Pts',(-0.390774232880922,-0.0271277712125208,
-2.27341690898736));
#7550=CARTESIAN_POINT('Ctrl Pts',(-0.384057017959237,-0.0914565275797508,
-2.25780626207584));
#7551=CARTESIAN_POINT('Ctrl Pts',(-0.368846438354644,-0.140878194997319,
-2.24581311556715));
#7552=CARTESIAN_POINT('Ctrl Pts',(-0.322806935291026,-0.226098238236317,
-2.22513278409619));
#7553=CARTESIAN_POINT('Ctrl Pts',(-0.290040909271559,-0.269780696915571,
-2.21322066573024));
#7554=CARTESIAN_POINT('Ctrl Pts',(-0.207771632901646,-0.334752304194651,
-2.18804777751501));
#7555=CARTESIAN_POINT('Ctrl Pts',(-0.168475015852544,-0.356154593971511,
-2.17719242574032));
#7556=CARTESIAN_POINT('Ctrl Pts',(-0.0858350057090247,-0.384352214493906,
-2.15640359291588));
#7557=CARTESIAN_POINT('Ctrl Pts',(-0.043130915944487,-0.391478449901529,
-2.14656431642933));
#7558=CARTESIAN_POINT('Ctrl Pts',(-2.38110714819059E-12,-0.391478449901791,
-2.1375000000005));
#7559=CARTESIAN_POINT('Ctrl Pts',(-2.38139369334755E-12,-0.391478449901791,
-2.1375000000005));
#7560=CARTESIAN_POINT('Ctrl Pts',(0.0182010274827494,-0.391478449901902,
-2.13367490450113));
#7561=CARTESIAN_POINT('Ctrl Pts',(0.0465808437621985,-0.390305670301066,
-2.12756835378895));
#7562=CARTESIAN_POINT('Ctrl Pts',(0.108852051297703,-0.377101042027242,
-2.11287936549035));
#7563=CARTESIAN_POINT('Ctrl Pts',(0.13574727718693,-0.368270098857927,-2.1061556111101));
#7564=CARTESIAN_POINT('Ctrl Pts',(0.209776568604916,-0.334761581518462,
-2.08653199443387));
#7565=CARTESIAN_POINT('Ctrl Pts',(0.253224410893998,-0.303251061647824,
-2.07357774743633));
#7566=CARTESIAN_POINT('Ctrl Pts',(0.323724482342724,-0.226045428787512,
-2.04939384003774));
#7567=CARTESIAN_POINT('Ctrl Pts',(0.350465868347466,-0.181840372442378,
-2.03912716814006));
#7568=CARTESIAN_POINT('Ctrl Pts',(0.385762865483745,-0.0845978383884979,
-2.01552934113978));
#7569=CARTESIAN_POINT('Ctrl Pts',(0.393557521893925,-0.0326464862595398,
-2.00292231652964));
#7570=CARTESIAN_POINT('Ctrl Pts',(0.388376442193081,0.0726873685990346,
-1.97736097026888));
#7571=CARTESIAN_POINT('Ctrl Pts',(0.374806171835932,0.125179131178431,-1.96462280435887));
#7572=CARTESIAN_POINT('Ctrl Pts',(0.330562014087565,0.214727758645669,-1.94289205618737));
#7573=CARTESIAN_POINT('Ctrl Pts',(0.300647866961038,0.256751280138438,-1.93203072808438));
#7574=CARTESIAN_POINT('Ctrl Pts',(0.219732579895582,0.328254926379746,-1.90634982753025));
#7575=CARTESIAN_POINT('Ctrl Pts',(0.173588917730099,0.354824922381896,-1.89342848981939));
#7576=CARTESIAN_POINT('Ctrl Pts',(0.0705126936200403,0.389114726228546,
-1.86760562421141));
#7577=CARTESIAN_POINT('Ctrl Pts',(0.0177400818061615,0.394119753807935,
-1.85654870633193));
#7578=CARTESIAN_POINT('Ctrl Pts',(-0.0824671293295337,0.386161924099833,
-1.83452377492265));
#7579=CARTESIAN_POINT('Ctrl Pts',(-0.132493286693065,0.371942884483587,
-1.82228510104322));
#7580=CARTESIAN_POINT('Ctrl Pts',(-0.225628767185097,0.324313867617817,
-1.7969328522717));
#7581=CARTESIAN_POINT('Ctrl Pts',(-0.267653280557037,0.290633033738335,
-1.78401439470165));
#7582=CARTESIAN_POINT('Ctrl Pts',(-0.334204283287218,0.210160854063134,
-1.76026407040407));
#7583=CARTESIAN_POINT('Ctrl Pts',(-0.358654396871235,0.165014155802867,
-1.75004395339055));
#7584=CARTESIAN_POINT('Ctrl Pts',(-0.385556362417755,0.0785117815332034,
-1.72905243889549));
#7585=CARTESIAN_POINT('Ctrl Pts',(-0.391478449901791,0.039313190593333,
-1.71954012438565));
#7586=CARTESIAN_POINT('Ctrl Pts',(-0.391478449901791,-1.85927101791718E-16,
-1.71));
#7587=CARTESIAN_POINT('Origin',(0.,0.,-6.));
#7588=CARTESIAN_POINT('',(-0.391478449901791,-2.47083663680431E-16,-0.9975));
#7589=CARTESIAN_POINT('',(-0.391478449901791,-1.16934692426229E-16,-1.14));
#7590=CARTESIAN_POINT('',(-0.391478449901791,-4.79422830607396E-17,-6.));
#7591=CARTESIAN_POINT('',(-2.34093852618578E-12,-0.391478449901792,-1.42500000000049));
#7592=CARTESIAN_POINT('Ctrl Pts',(-0.391478449901791,-4.46225044300122E-16,
-0.9975));
#7593=CARTESIAN_POINT('Ctrl Pts',(-0.391478449901791,0.0430830279666223,
-1.00795495009459));
#7594=CARTESIAN_POINT('Ctrl Pts',(-0.384366108196182,0.085988057593984,
-1.01836670536648));
#7595=CARTESIAN_POINT('Ctrl Pts',(-0.353719237361808,0.175380612614907,
-1.04005957946752));
#7596=CARTESIAN_POINT('Ctrl Pts',(-0.327878819313808,0.219934784435732,
-1.05027933753987));
#7597=CARTESIAN_POINT('Ctrl Pts',(-0.259638892515658,0.297603097869501,
-1.0740443962694));
#7598=CARTESIAN_POINT('Ctrl Pts',(-0.217739426462474,0.329477388383183,
-1.08671737735256));
#7599=CARTESIAN_POINT('Ctrl Pts',(-0.123263200631354,0.375320102228665,
-1.11213465387029));
#7600=CARTESIAN_POINT('Ctrl Pts',(-0.0712954201394592,0.388596151654548,
-1.12466695818223));
#7601=CARTESIAN_POINT('Ctrl Pts',(0.0265043737801437,0.393125569049901,
-1.1457699650021));
#7602=CARTESIAN_POINT('Ctrl Pts',(0.0780551289552026,0.387769471681932,
-1.15685395531052));
#7603=CARTESIAN_POINT('Ctrl Pts',(0.181082779639932,0.351069868450045,-1.18295900559023));
#7604=CARTESIAN_POINT('Ctrl Pts',(0.226721153863154,0.323482448228931,-1.19589760195721));
#7605=CARTESIAN_POINT('Ctrl Pts',(0.305177000204504,0.251067128976427,-1.22117224858883));
#7606=CARTESIAN_POINT('Ctrl Pts',(0.33446015049304,0.208944748369648,-1.23179541817667));
#7607=CARTESIAN_POINT('Ctrl Pts',(0.377376439455237,0.117164916060968,-1.25406761239709));
#7608=CARTESIAN_POINT('Ctrl Pts',(0.389816570863151,0.0644692475287599,
-1.26685526012538));
#7609=CARTESIAN_POINT('Ctrl Pts',(0.392783474074444,-0.0407767548813665,
-1.2923952872494));
#7610=CARTESIAN_POINT('Ctrl Pts',(0.383943527455473,-0.0924527998393944,
-1.30493550312142));
#7611=CARTESIAN_POINT('Ctrl Pts',(0.346662394675307,-0.189037392912959,
-1.32837366771079));
#7612=CARTESIAN_POINT('Ctrl Pts',(0.318909180652539,-0.232832489844225,
-1.33872932265876));
#7613=CARTESIAN_POINT('Ctrl Pts',(0.24669168819858,-0.308572623082703,-1.3630963439397));
#7614=CARTESIAN_POINT('Ctrl Pts',(0.202655650541739,-0.339108800296529,
-1.37605598325509));
#7615=CARTESIAN_POINT('Ctrl Pts',(0.0946537597747509,-0.385294500769911,
-1.40435740566048));
#7616=CARTESIAN_POINT('Ctrl Pts',(0.0397639474870956,-0.391478449902029,
-1.41664327966131));
#7617=CARTESIAN_POINT('Ctrl Pts',(-2.34125219211358E-12,-0.391478449901791,
-1.42500000000049));
#7618=CARTESIAN_POINT('Ctrl Pts',(-2.34016515397258E-12,-0.391478449901791,
-1.42500000000049));
#7619=CARTESIAN_POINT('Ctrl Pts',(-0.0451359113060279,-0.391478449901521,
-1.43448568268131));
#7620=CARTESIAN_POINT('Ctrl Pts',(-0.0897917962615281,-0.383674485560084,
-1.4448173771417));
#7621=CARTESIAN_POINT('Ctrl Pts',(-0.175745180134376,-0.352881055383024,
-1.46661750499852));
#7622=CARTESIAN_POINT('Ctrl Pts',(-0.216323974423686,-0.329568161754473,
-1.47797413979125));
#7623=CARTESIAN_POINT('Ctrl Pts',(-0.29615473232868,-0.2624769610129,-1.50289173398024));
#7624=CARTESIAN_POINT('Ctrl Pts',(-0.327872993661024,-0.219097502211668,
-1.51433165135825));
#7625=CARTESIAN_POINT('Ctrl Pts',(-0.372551219219797,-0.13082270383958,
-1.53575327966871));
#7626=CARTESIAN_POINT('Ctrl Pts',(-0.38645044593287,-0.0808518657465207,
-1.5478796933194));
#7627=CARTESIAN_POINT('Ctrl Pts',(-0.391101583354859,-0.0198445711531962,
-1.56268432174229));
#7628=CARTESIAN_POINT('Ctrl Pts',(-0.391478449901791,-0.00991756946558665,
-1.5650933053289));
#7629=CARTESIAN_POINT('Ctrl Pts',(-0.391478449901791,-1.48741681433374E-16,
-1.5675));
#7630=CARTESIAN_POINT('',(4.79422830607397E-17,-0.391478449901792,-1.5675));
#7631=CARTESIAN_POINT('Ctrl Pts',(-0.391478449901791,-1.85927101791718E-16,
-1.71));
#7632=CARTESIAN_POINT('Ctrl Pts',(-0.391478449901791,-0.0135570715046915,
-1.7067101080704));
#7633=CARTESIAN_POINT('Ctrl Pts',(-0.390774232881091,-0.0271277712092573,
-1.70341690898815));
#7634=CARTESIAN_POINT('Ctrl Pts',(-0.384057017960375,-0.0914565275750139,
-1.68780626207699));
#7635=CARTESIAN_POINT('Ctrl Pts',(-0.368846438356365,-0.140878194992837,
-1.67581311556823));
#7636=CARTESIAN_POINT('Ctrl Pts',(-0.322806935293234,-0.226098238233378,
-1.6551327840969));
#7637=CARTESIAN_POINT('Ctrl Pts',(-0.290040909274223,-0.26978069691241,
-1.64322066573118));
#7638=CARTESIAN_POINT('Ctrl Pts',(-0.207771632905196,-0.334752304192624,
-1.618047777516));
#7639=CARTESIAN_POINT('Ctrl Pts',(-0.168475015855085,-0.356154593970474,
-1.60719242574098));
#7640=CARTESIAN_POINT('Ctrl Pts',(-0.0858350057092136,-0.384352214494005,
-1.58640359291591));
#7641=CARTESIAN_POINT('Ctrl Pts',(-0.0431309159433865,-0.391478449901791,
-1.57656431642906));
#7642=CARTESIAN_POINT('Ctrl Pts',(4.79422830607396E-17,-0.391478449901791,
-1.5675));
#7643=CARTESIAN_POINT('Ctrl Pts',(3.4694469519536E-17,-0.391478449901791,
-1.5675));
#7644=CARTESIAN_POINT('Ctrl Pts',(0.0182010274851134,-0.391478449901791,
-1.56367490450062));
#7645=CARTESIAN_POINT('Ctrl Pts',(0.0465808437651497,-0.390305670300794,
-1.5575683537883));
#7646=CARTESIAN_POINT('Ctrl Pts',(0.108852051301861,-0.377101042026078,
-1.54287936548933));
#7647=CARTESIAN_POINT('Ctrl Pts',(0.135747277191452,-0.368270098856298,
-1.53615561110895));
#7648=CARTESIAN_POINT('Ctrl Pts',(0.209776568609468,-0.334761581515617,
-1.51653199443257));
#7649=CARTESIAN_POINT('Ctrl Pts',(0.253224410898165,-0.303251061644356,
-1.50357774743503));
#7650=CARTESIAN_POINT('Ctrl Pts',(0.323724482345781,-0.226045428783108,
-1.47939384003656));
#7651=CARTESIAN_POINT('Ctrl Pts',(0.350465868349875,-0.181840372437707,
-1.46912716813892));
#7652=CARTESIAN_POINT('Ctrl Pts',(0.38576286548487,-0.0845978383834082,
-1.44552934113855));
#7653=CARTESIAN_POINT('Ctrl Pts',(0.393557521894371,-0.0326464862542796,
-1.43292231652837));
#7654=CARTESIAN_POINT('Ctrl Pts',(0.388376442192095,0.0726873686043359,
-1.4073609702676));
#7655=CARTESIAN_POINT('Ctrl Pts',(0.374806171834216,0.125179131183591,-1.39462280435762));
#7656=CARTESIAN_POINT('Ctrl Pts',(0.330562014085001,0.214727758649413,-1.37289205618646));
#7657=CARTESIAN_POINT('Ctrl Pts',(0.300647866958084,0.256751280142087,-1.36203072808332));
#7658=CARTESIAN_POINT('Ctrl Pts',(0.219732579890926,0.328254926382871,-1.33634982752889));
#7659=CARTESIAN_POINT('Ctrl Pts',(0.17358891772501,0.354824922384395,-1.32342848981802));
#7660=CARTESIAN_POINT('Ctrl Pts',(0.0705126936151325,0.389114726229323,
-1.29760562421028));
#7661=CARTESIAN_POINT('Ctrl Pts',(0.0177400818014509,0.394119753808199,
-1.28654870633097));
#7662=CARTESIAN_POINT('Ctrl Pts',(-0.082467129334627,0.386161924098754,
-1.26452377492145));
#7663=CARTESIAN_POINT('Ctrl Pts',(-0.132493286698042,0.371942884481826,
-1.25228510104196));
#7664=CARTESIAN_POINT('Ctrl Pts',(-0.225628767189535,0.324313867614737,
-1.22693285227039));
#7665=CARTESIAN_POINT('Ctrl Pts',(-0.267653280561054,0.290633033734647,
-1.21401439470036));
#7666=CARTESIAN_POINT('Ctrl Pts',(-0.334204283290102,0.21016085405853,-1.19026407040291));
#7667=CARTESIAN_POINT('Ctrl Pts',(-0.358654396873469,0.165014155797993,
-1.18004395338937));
#7668=CARTESIAN_POINT('Ctrl Pts',(-0.385556362418285,0.0785117815297124,
-1.15905243889464));
#7669=CARTESIAN_POINT('Ctrl Pts',(-0.391478449901791,0.0393131905915744,
-1.14954012438523));
#7670=CARTESIAN_POINT('Ctrl Pts',(-0.391478449901791,-1.85927101791718E-16,
-1.14));
#7671=CARTESIAN_POINT('Origin',(0.,0.,-6.));
#7672=CARTESIAN_POINT('',(-0.391478449901791,-9.83419822470569E-17,-0.4275));
#7673=CARTESIAN_POINT('',(-0.391478449901791,4.11033440967314E-17,-0.569999999999999));
#7674=CARTESIAN_POINT('',(-0.391478449901791,-4.79422830607396E-17,-6.));
#7675=CARTESIAN_POINT('',(-2.34093852618578E-12,-0.391478449901792,-0.855000000000491));
#7676=CARTESIAN_POINT('Ctrl Pts',(-0.391478449901791,-1.48741681433374E-16,
-0.4275));
#7677=CARTESIAN_POINT('Ctrl Pts',(-0.391478449901791,0.018637608229334,
-0.432022784797557));
#7678=CARTESIAN_POINT('Ctrl Pts',(-0.390147520006849,0.0372900716997792,
-0.43654917451361));
#7679=CARTESIAN_POINT('Ctrl Pts',(-0.378840557248964,0.115786576695403,
-0.455597906254668));
#7680=CARTESIAN_POINT('Ctrl Pts',(-0.357396765784614,0.166070370919562,
-0.467540265090693));
#7681=CARTESIAN_POINT('Ctrl Pts',(-0.306822050756521,0.248502959275205,
-0.488170907235236));
#7682=CARTESIAN_POINT('Ctrl Pts',(-0.271693919461069,0.286435867807435,
-0.500155958506755));
#7683=CARTESIAN_POINT('Ctrl Pts',(-0.188178690249308,0.347236019947176,
-0.525084550843348));
#7684=CARTESIAN_POINT('Ctrl Pts',(-0.140176881551176,0.369249383735353,
-0.537843514787363));
#7685=CARTESIAN_POINT('Ctrl Pts',(-0.0395299812593218,0.392806168845931,
-0.561853548236909));
#7686=CARTESIAN_POINT('Ctrl Pts',(0.0117409804900552,0.394611198626866,
-0.572087351770928));
#7687=CARTESIAN_POINT('Ctrl Pts',(0.114837217018,0.378050023051558,-0.595763321749838));
#7688=CARTESIAN_POINT('Ctrl Pts',(0.165200036383901,0.358886327458324,-0.608672707272257));
#7689=CARTESIAN_POINT('Ctrl Pts',(0.253520858974577,0.302700860134962,-0.63405131221152));
#7690=CARTESIAN_POINT('Ctrl Pts',(0.291157386167002,0.266745573323169,-0.646323568953513));
#7691=CARTESIAN_POINT('Ctrl Pts',(0.348934239512007,0.184154375510089,-0.668487044514711));
#7692=CARTESIAN_POINT('Ctrl Pts',(0.371191983758203,0.13619766894993,-0.67944893792113));
#7693=CARTESIAN_POINT('Ctrl Pts',(0.393847611150856,0.0303657375362176,
-0.705131152323545));
#7694=CARTESIAN_POINT('Ctrl Pts',(0.394349905086291,-0.0229144436298025,
-0.718060643620043));
#7695=CARTESIAN_POINT('Ctrl Pts',(0.373641269185152,-0.129468194425197,
-0.743918021792716));
#7696=CARTESIAN_POINT('Ctrl Pts',(0.352354360237195,-0.176558065985019,
-0.754872491524515));
#7697=CARTESIAN_POINT('Ctrl Pts',(0.29821125125021,-0.259155004524344,-0.776273002397761));
#7698=CARTESIAN_POINT('Ctrl Pts',(0.260321108173117,-0.297143436099911,
-0.788845250026115));
#7699=CARTESIAN_POINT('Ctrl Pts',(0.183751454858685,-0.34785266374677,-0.81108979115907));
#7700=CARTESIAN_POINT('Ctrl Pts',(0.148307165912361,-0.364383380654366,
-0.820544452700377));
#7701=CARTESIAN_POINT('Ctrl Pts',(0.0681583675852416,-0.388077293018252,
-0.840263279893697));
#7702=CARTESIAN_POINT('Ctrl Pts',(0.0297950613592568,-0.391478449901969,
-0.848738323003915));
#7703=CARTESIAN_POINT('Ctrl Pts',(-2.34125219211358E-12,-0.391478449901791,
-0.855000000000491));
#7704=CARTESIAN_POINT('Ctrl Pts',(-2.34042593100582E-12,-0.391478449901791,
-0.855000000000493));
#7705=CARTESIAN_POINT('Ctrl Pts',(-0.0451359113062598,-0.391478449901521,
-0.864485682681363));
#7706=CARTESIAN_POINT('Ctrl Pts',(-0.0897917962619852,-0.383674485560004,
-0.87481737714181));
#7707=CARTESIAN_POINT('Ctrl Pts',(-0.175745180135212,-0.352881055382638,
-0.896617504998742));
#7708=CARTESIAN_POINT('Ctrl Pts',(-0.216323974424665,-0.329568161753863,
-0.907974139791525));
#7709=CARTESIAN_POINT('Ctrl Pts',(-0.296154732329405,-0.262476961012026,
-0.932891733980495));
#7710=CARTESIAN_POINT('Ctrl Pts',(-0.327872993661624,-0.21909750221081,
-0.944331651358463));
#7711=CARTESIAN_POINT('Ctrl Pts',(-0.372551219220211,-0.130822703838407,
-0.965753279668991));
#7712=CARTESIAN_POINT('Ctrl Pts',(-0.386450445933131,-0.0808518657452869,
-0.977879693319698));
#7713=CARTESIAN_POINT('Ctrl Pts',(-0.391101583354892,-0.0198445711523513,
-0.992684321742495));
#7714=CARTESIAN_POINT('Ctrl Pts',(-0.391478449901791,-0.00991756946516471,
-0.995093305328999));
#7715=CARTESIAN_POINT('Ctrl Pts',(-0.391478449901791,-4.46225044300122E-16,
-0.9975));
#7716=CARTESIAN_POINT('',(-2.3811071481906E-12,-0.391478449901792,-0.9975000000005));
#7717=CARTESIAN_POINT('Ctrl Pts',(-0.391478449901791,-1.85927101791718E-16,
-1.14));
#7718=CARTESIAN_POINT('Ctrl Pts',(-0.391478449901791,-0.01355707150639,
-1.13671010806998));
#7719=CARTESIAN_POINT('Ctrl Pts',(-0.390774232880915,-0.0271277712126558,
-1.13341690898733));
#7720=CARTESIAN_POINT('Ctrl Pts',(-0.38405701795919,-0.0914565275799468,
-1.11780626207579));
#7721=CARTESIAN_POINT('Ctrl Pts',(-0.368846438354573,-0.140878194997505,
-1.1058131155671));
#7722=CARTESIAN_POINT('Ctrl Pts',(-0.322806935290942,-0.226098238236425,
-1.08513278409616));
#7723=CARTESIAN_POINT('Ctrl Pts',(-0.29004090927146,-0.269780696915694,
-1.07322066573021));
#7724=CARTESIAN_POINT('Ctrl Pts',(-0.207771632901485,-0.334752304194745,
-1.04804777751496));
#7725=CARTESIAN_POINT('Ctrl Pts',(-0.168475015852408,-0.35615459397157,
-1.03719242574028));
#7726=CARTESIAN_POINT('Ctrl Pts',(-0.0858350057089505,-0.384352214493919,
-1.01640359291587));
#7727=CARTESIAN_POINT('Ctrl Pts',(-0.0431309159444494,-0.391478449901529,
-1.00656431642932));
#7728=CARTESIAN_POINT('Ctrl Pts',(-2.38110714819059E-12,-0.391478449901791,
-0.9975000000005));
#7729=CARTESIAN_POINT('Ctrl Pts',(-2.38139369334755E-12,-0.391478449901791,
-0.997500000000498));
#7730=CARTESIAN_POINT('Ctrl Pts',(0.0182010274837162,-0.391478449901902,
-0.993674904500925));
#7731=CARTESIAN_POINT('Ctrl Pts',(0.0465808437647626,-0.39030567030094,
-0.987568353788398));
#7732=CARTESIAN_POINT('Ctrl Pts',(0.108852051303596,-0.377101042025659,
-0.972879365488915));
#7733=CARTESIAN_POINT('Ctrl Pts',(0.13574727719418,-0.368270098855376,-0.966155611108267));
#7734=CARTESIAN_POINT('Ctrl Pts',(0.209776568612884,-0.334761581513482,
-0.946531994431591));
#7735=CARTESIAN_POINT('Ctrl Pts',(0.253224410901291,-0.303251061641753,
-0.933577747434061));
#7736=CARTESIAN_POINT('Ctrl Pts',(0.323724482348074,-0.226045428779804,
-0.909393840035676));
#7737=CARTESIAN_POINT('Ctrl Pts',(0.350465868351682,-0.181840372434202,
-0.899127168138073));
#7738=CARTESIAN_POINT('Ctrl Pts',(0.385762865485713,-0.0845978383795893,
-0.87552934113762));
#7739=CARTESIAN_POINT('Ctrl Pts',(0.393557521894705,-0.0326464862503326,
-0.862922316527408));
#7740=CARTESIAN_POINT('Ctrl Pts',(0.388376442191354,0.0726873686083128,
-0.837360970266633));
#7741=CARTESIAN_POINT('Ctrl Pts',(0.374806171832929,0.125179131187464,-0.824622804356682));
#7742=CARTESIAN_POINT('Ctrl Pts',(0.330562014083075,0.214727758652228,-0.802892056185776));
#7743=CARTESIAN_POINT('Ctrl Pts',(0.300647866955863,0.256751280144827,-0.792030728082522));
#7744=CARTESIAN_POINT('Ctrl Pts',(0.219732579887432,0.328254926385216,-0.766349827527871));
#7745=CARTESIAN_POINT('Ctrl Pts',(0.173588917721193,0.354824922386271,-0.753428489816991));
#7746=CARTESIAN_POINT('Ctrl Pts',(0.0705126936114424,0.389114726229909,
-0.727605624209433));
#7747=CARTESIAN_POINT('Ctrl Pts',(0.0177400817979082,0.394119753808397,
-0.716548706330247));
#7748=CARTESIAN_POINT('Ctrl Pts',(-0.0824671293384498,0.386161924097945,
-0.694523774920549));
#7749=CARTESIAN_POINT('Ctrl Pts',(-0.132493286701777,0.371942884480503,
-0.682285101041017));
#7750=CARTESIAN_POINT('Ctrl Pts',(-0.225628767192864,0.324313867612426,
-0.656932852269409));
#7751=CARTESIAN_POINT('Ctrl Pts',(-0.267653280564067,0.29063303373188,-0.644014394699387));
#7752=CARTESIAN_POINT('Ctrl Pts',(-0.334204283292266,0.210160854055075,
-0.620264070402032));
#7753=CARTESIAN_POINT('Ctrl Pts',(-0.358654396875145,0.165014155794336,
-0.61004395338848));
#7754=CARTESIAN_POINT('Ctrl Pts',(-0.385556362418683,0.0785117815270927,
-0.589052438894005));
#7755=CARTESIAN_POINT('Ctrl Pts',(-0.391478449901791,0.039313190590255,
-0.579540124384907));
#7756=CARTESIAN_POINT('Ctrl Pts',(-0.391478449901791,1.30148971254202E-16,
-0.569999999999999));
#7757=CARTESIAN_POINT('Origin',(0.,0.,-4.8344146992453));
#7758=CARTESIAN_POINT('',(-0.576265407932161,3.89067892524168E-8,-5.23668681278949));
#7759=CARTESIAN_POINT('',(-0.496180384945578,8.24474068447375E-9,-5.49705031277492));
#7760=CARTESIAN_POINT('',(-0.7,-8.57252759403147E-17,-4.8344146992453));
#7761=CARTESIAN_POINT('',(-8.90757899351117E-15,-0.464601095365927,-5.59971737904258));
#7762=CARTESIAN_POINT('Ctrl Pts',(-0.576265409572322,3.97240018136513E-8,
-5.2366868074572));
#7763=CARTESIAN_POINT('Ctrl Pts',(-0.573687452122802,0.0598681712585619,
-5.24506796194576));
#7764=CARTESIAN_POINT('Ctrl Pts',(-0.561773183573393,0.119076125008276,
-5.2534719832994));
#7765=CARTESIAN_POINT('Ctrl Pts',(-0.520720807240664,0.229755214607576,
-5.26938934918427));
#7766=CARTESIAN_POINT('Ctrl Pts',(-0.486428444601396,0.297401027525067,
-5.27826200955712));
#7767=CARTESIAN_POINT('Ctrl Pts',(-0.379456568660445,0.41374122978397,-5.29967214340646));
#7768=CARTESIAN_POINT('Ctrl Pts',(-0.321735424125401,0.456214639880446,
-5.30993961031814));
#7769=CARTESIAN_POINT('Ctrl Pts',(-0.192189945231358,0.517502416705926,
-5.33090437854485));
#7770=CARTESIAN_POINT('Ctrl Pts',(-0.121280739287052,0.535279553646761,
-5.34141789411066));
#7771=CARTESIAN_POINT('Ctrl Pts',(-0.0133688917410229,0.540561961704458,
-5.35602780982974));
#7772=CARTESIAN_POINT('Ctrl Pts',(0.0227656855673418,0.53888768832248,-5.36058353972834));
#7773=CARTESIAN_POINT('Ctrl Pts',(0.125463768422119,0.523200174987036,-5.37486745431788));
#7774=CARTESIAN_POINT('Ctrl Pts',(0.189726490904006,0.500167141671388,-5.38493217745201));
#7775=CARTESIAN_POINT('Ctrl Pts',(0.307068441352817,0.430456676739674,-5.40577067980686));
#7776=CARTESIAN_POINT('Ctrl Pts',(0.358850317681162,0.383943682998258,-5.41636989687273));
#7777=CARTESIAN_POINT('Ctrl Pts',(0.410551483673412,0.314914587275934,-5.42893240579826));
#7778=CARTESIAN_POINT('Ctrl Pts',(0.420218829576442,0.300589889399479,-5.43140517272958));
#7779=CARTESIAN_POINT('Ctrl Pts',(0.44676415898448,0.256745557540471,-5.43858511927342));
#7780=CARTESIAN_POINT('Ctrl Pts',(0.461606665137418,0.225877929947315,-5.44315417229581));
#7781=CARTESIAN_POINT('Ctrl Pts',(0.49492731009287,0.132652276635501,-5.45760046649478));
#7782=CARTESIAN_POINT('Ctrl Pts',(0.504687945605918,0.068253955130082,-5.4677426751225));
#7783=CARTESIAN_POINT('Ctrl Pts',(0.499252554518228,-0.0618863782150563,
-5.48864834794115));
#7784=CARTESIAN_POINT('Ctrl Pts',(0.483593451006936,-0.126470353867017,
-5.4992359614301));
#7785=CARTESIAN_POINT('Ctrl Pts',(0.436675348418342,-0.227590840870455,
-5.51612376539706));
#7786=CARTESIAN_POINT('Ctrl Pts',(0.402525750530675,-0.287105788321615,
-5.52533570447965));
#7787=CARTESIAN_POINT('Ctrl Pts',(0.295237919377566,-0.383864280855579,
-5.54860968454804));
#7788=CARTESIAN_POINT('Ctrl Pts',(0.241770917058575,-0.415901204870089,
-5.55906913436029));
#7789=CARTESIAN_POINT('Ctrl Pts',(0.154462583556377,-0.447395293635211,
-5.57472386807407));
#7790=CARTESIAN_POINT('Ctrl Pts',(0.124233253060811,-0.45506242262205,-5.5799211999758));
#7791=CARTESIAN_POINT('Ctrl Pts',(0.055524218293218,-0.465477738518921,
-5.5912392598715));
#7792=CARTESIAN_POINT('Ctrl Pts',(0.0234393086478047,-0.465685264617587,
-5.59619264873606));
#7793=CARTESIAN_POINT('Ctrl Pts',(5.08584785258137E-10,-0.464601095389452,
-5.5997173789661));
#7794=CARTESIAN_POINT('',(-0.427379655467695,1.08441514730176E-8,-5.72072757551869));
#7795=CARTESIAN_POINT('Ctrl Pts',(-8.60872477570218E-15,-0.464601095365927,
-5.59971737904258));
#7796=CARTESIAN_POINT('Ctrl Pts',(-0.0230653353874062,-0.463534223967947,
-5.60318587241192));
#7797=CARTESIAN_POINT('Ctrl Pts',(-0.0449842777751527,-0.460818926391399,
-5.60664831498923));
#7798=CARTESIAN_POINT('Ctrl Pts',(-0.088624936399465,-0.452173821324938,
-5.61386960232829));
#7799=CARTESIAN_POINT('Ctrl Pts',(-0.109945984708887,-0.446296970524711,
-5.617564706171));
#7800=CARTESIAN_POINT('Ctrl Pts',(-0.171507484385723,-0.424369905918384,
-5.62874739929139));
#7801=CARTESIAN_POINT('Ctrl Pts',(-0.209951864693182,-0.404073760735234,
-5.63641652560124));
#7802=CARTESIAN_POINT('Ctrl Pts',(-0.292821978574416,-0.343775807294778,
-5.65470024902555));
#7803=CARTESIAN_POINT('Ctrl Pts',(-0.333458360233457,-0.299780084476242,
-5.66519843033507));
#7804=CARTESIAN_POINT('Ctrl Pts',(-0.379061730424001,-0.225226611425431,
-5.67957764005892));
#7805=CARTESIAN_POINT('Ctrl Pts',(-0.39162748448104,-0.19970255482561,-5.68398590372833));
#7806=CARTESIAN_POINT('Ctrl Pts',(-0.420662753361524,-0.121283123692375,
-5.69813849692605));
#7807=CARTESIAN_POINT('Ctrl Pts',(-0.429583175994379,-0.0665020099784336,
-5.70821045148115));
#7808=CARTESIAN_POINT('Ctrl Pts',(-0.427776221834627,-0.00774042450059884,
-5.71926761678066));
#7809=CARTESIAN_POINT('Ctrl Pts',(-0.427604218126551,-0.00386764725822418,
-5.71999750276432));
#7810=CARTESIAN_POINT('Ctrl Pts',(-0.427379656073686,1.12512605199212E-8,
-5.72072757354856));
#7811=CARTESIAN_POINT('',(-0.341478449901792,-4.18190490650029E-17,-6.));
#7812=CARTESIAN_POINT('',(-0.7,-8.57252759403147E-17,-4.8344146992453));
#7813=CARTESIAN_POINT('Origin',(0.,0.,-6.));
#7814=CARTESIAN_POINT('Ctrl Pts',(-0.427379656073686,1.12512605199212E-8,
-5.72072757354856));
#7815=CARTESIAN_POINT('Ctrl Pts',(-0.424355837436124,0.0520795934222531,
-5.73055827119294));
#7816=CARTESIAN_POINT('Ctrl Pts',(-0.41180208337581,0.103229739242742,-5.74042941932556));
#7817=CARTESIAN_POINT('Ctrl Pts',(-0.372185608135845,0.190952244743397,
-5.75771191562303));
#7818=CARTESIAN_POINT('Ctrl Pts',(-0.342659138725324,0.240374995998743,
-5.76680963397682));
#7819=CARTESIAN_POINT('Ctrl Pts',(-0.256482803646943,0.319158000626958,
-5.78891865800241));
#7820=CARTESIAN_POINT('Ctrl Pts',(-0.213759946649671,0.345635347595557,
-5.79886428337236));
#7821=CARTESIAN_POINT('Ctrl Pts',(-0.121563663879101,0.381357140655015,
-5.81866930282881));
#7822=CARTESIAN_POINT('Ctrl Pts',(-0.0728657438658928,0.390578467020828,
-5.82838441756931));
#7823=CARTESIAN_POINT('Ctrl Pts',(-0.0236381717774814,0.390764140591902,
-5.83744557329463));
#7824=CARTESIAN_POINT('Ctrl Pts',(0.390923974699276,0.020828411913255,-5.83744557329463));
#7825=CARTESIAN_POINT('Ctrl Pts',(0.392838371152209,0.0723287694941075,
-5.82232236993642));
#7826=CARTESIAN_POINT('Ctrl Pts',(0.384485644733811,0.123911760299153,-5.80772553733727));
#7827=CARTESIAN_POINT('Ctrl Pts',(0.359582097022245,0.189833679901097,-5.78958986898405));
#7828=CARTESIAN_POINT('Ctrl Pts',(0.351862911936106,0.206431807291278,-5.78517542632845));
#7829=CARTESIAN_POINT('Ctrl Pts',(0.315899988557234,0.272701374688197,-5.76627026747477));
#7830=CARTESIAN_POINT('Ctrl Pts',(0.278590109629404,0.316981052195969,-5.75076739307033));
#7831=CARTESIAN_POINT('Ctrl Pts',(0.190836582464367,0.386391100483163,-5.72037282908466));
#7832=CARTESIAN_POINT('Ctrl Pts',(0.14167532285911,0.411773535866298,-5.70569759599163));
#7833=CARTESIAN_POINT('Ctrl Pts',(0.0187885151530688,0.447429460435196,
-5.67361480889154));
#7834=CARTESIAN_POINT('Ctrl Pts',(-0.0440362285090424,0.446105857597699,
-5.6603779762803));
#7835=CARTESIAN_POINT('Ctrl Pts',(-0.120067134212723,0.436506354770462,
-5.64175042262977));
#7836=CARTESIAN_POINT('Ctrl Pts',(-0.150175530537859,0.429574542246894,
-5.63408089333291));
#7837=CARTESIAN_POINT('Ctrl Pts',(-0.235746342950853,0.400580503318241,
-5.6114452206379));
#7838=CARTESIAN_POINT('Ctrl Pts',(-0.28798144157121,0.370650536374721,-5.59653474560456));
#7839=CARTESIAN_POINT('Ctrl Pts',(-0.39106613293275,0.28115216198811,-5.56422829750445));
#7840=CARTESIAN_POINT('Ctrl Pts',(-0.426288893453855,0.225282481519285,
-5.551240118072));
#7841=CARTESIAN_POINT('Ctrl Pts',(-0.475484125332731,0.123329686668223,
-5.52616838944394));
#7842=CARTESIAN_POINT('Ctrl Pts',(-0.49171709663243,0.06232893867365,-5.51156085150001));
#7843=CARTESIAN_POINT('Ctrl Pts',(-0.496180384945579,1.64894814297121E-8,
-5.49705031277492));
#7844=CARTESIAN_POINT('Origin',(0.384136393166133,0.221781250000004,0.492857142857143));
#7845=CARTESIAN_POINT('',(0.467772073200593,0.147854166666673,0.492857142857143));
#7846=CARTESIAN_POINT('',(0.361931500989006,0.331175415239299,0.492857142857143));
#7847=CARTESIAN_POINT('Origin',(0.384136393166133,0.221781250000004,0.492857142857143));
#7848=CARTESIAN_POINT('',(0.467772073200593,0.147854166666673,1.15));
#7849=CARTESIAN_POINT('',(0.467772073200593,0.147854166666673,0.492857142857143));
#7850=CARTESIAN_POINT('',(0.361931500989006,0.331175415239299,1.15));
#7851=CARTESIAN_POINT('Origin',(0.384136393166133,0.221781250000004,1.15));
#7852=CARTESIAN_POINT('',(0.361931500989006,0.331175415239299,0.492857142857143));
#7853=CARTESIAN_POINT('Origin',(0.384136393166137,-0.221781249999997,0.492857142857143));
#7854=CARTESIAN_POINT('',(0.361931500989013,-0.331175415239292,0.492857142857143));
#7855=CARTESIAN_POINT('',(0.467772073200596,-0.147854166666663,0.492857142857143));
#7856=CARTESIAN_POINT('Origin',(0.384136393166137,-0.221781249999997,0.492857142857143));
#7857=CARTESIAN_POINT('',(0.361931500989013,-0.331175415239292,1.15));
#7858=CARTESIAN_POINT('',(0.361931500989013,-0.331175415239292,0.492857142857143));
#7859=CARTESIAN_POINT('',(0.467772073200596,-0.147854166666663,1.15));
#7860=CARTESIAN_POINT('Origin',(0.384136393166137,-0.221781249999997,1.15));
#7861=CARTESIAN_POINT('',(0.467772073200596,-0.147854166666663,0.492857142857143));
#7862=CARTESIAN_POINT('Origin',(3.09738038272121E-15,-0.4435625,0.492857142857143));
#7863=CARTESIAN_POINT('',(-0.105840572211582,-0.479029581905963,0.492857142857143));
#7864=CARTESIAN_POINT('',(0.105840572211588,-0.479029581905962,0.492857142857143));
#7865=CARTESIAN_POINT('Origin',(3.09738038272121E-15,-0.4435625,0.492857142857143));
#7866=CARTESIAN_POINT('',(-0.105840572211582,-0.479029581905964,1.15));
#7867=CARTESIAN_POINT('',(-0.105840572211582,-0.479029581905963,0.492857142857143));
#7868=CARTESIAN_POINT('',(0.105840572211588,-0.479029581905962,1.15));
#7869=CARTESIAN_POINT('Origin',(3.09738038272122E-15,-0.4435625,1.15));
#7870=CARTESIAN_POINT('',(0.105840572211588,-0.479029581905962,0.492857142857143));
#7871=CARTESIAN_POINT('Origin',(-0.384136393166134,-0.221781250000002,0.492857142857143));
#7872=CARTESIAN_POINT('',(-0.467772073200594,-0.14785416666667,0.492857142857143));
#7873=CARTESIAN_POINT('',(-0.361931500989008,-0.331175415239297,0.492857142857143));
#7874=CARTESIAN_POINT('Origin',(-0.384136393166134,-0.221781250000002,0.492857142857143));
#7875=CARTESIAN_POINT('',(-0.467772073200594,-0.14785416666667,1.15));
#7876=CARTESIAN_POINT('',(-0.467772073200594,-0.14785416666667,0.492857142857143));
#7877=CARTESIAN_POINT('',(-0.361931500989008,-0.331175415239297,1.15));
#7878=CARTESIAN_POINT('Origin',(-0.384136393166134,-0.221781250000002,1.15));
#7879=CARTESIAN_POINT('',(-0.361931500989008,-0.331175415239297,0.492857142857143));
#7880=CARTESIAN_POINT('Origin',(-0.635043433269513,-3.44746312910139E-17,
0.492857142857143));
#7881=CARTESIAN_POINT('',(-0.467772073200595,0.147854166666666,0.492857142857143));
#7882=CARTESIAN_POINT('Origin',(-0.635043433269513,-3.44746312910139E-17,
0.492857142857143));
#7883=CARTESIAN_POINT('',(-0.467772073200595,0.147854166666666,1.15));
#7884=CARTESIAN_POINT('',(-0.467772073200595,0.147854166666666,0.492857142857143));
#7885=CARTESIAN_POINT('Origin',(-0.635043433269513,-8.04408063456992E-17,
1.15));
#7886=CARTESIAN_POINT('Origin',(0.,0.,-4.8344146992453));
#7887=CARTESIAN_POINT('',(-1.43414474109952E-13,-0.549476552721926,-5.32377975280537));
#7888=CARTESIAN_POINT('Ctrl Pts',(-0.496180384945579,1.64894814297121E-8,
-5.49705031277492));
#7889=CARTESIAN_POINT('Ctrl Pts',(-0.496365567722922,-0.00258602369189966,
-5.49644826745018));
#7890=CARTESIAN_POINT('Ctrl Pts',(-0.49653048925309,-0.00517434472317971,
-5.49584636524938));
#7891=CARTESIAN_POINT('Ctrl Pts',(-0.500400662154971,-0.0745024863164542,
-5.47974241910347));
#7892=CARTESIAN_POINT('Ctrl Pts',(-0.490577672356229,-0.141470515383845,
-5.46464628281261));
#7893=CARTESIAN_POINT('Ctrl Pts',(-0.454552385089898,-0.240541453115571,
-5.4428342128312));
#7894=CARTESIAN_POINT('Ctrl Pts',(-0.438955348379878,-0.270432342735003,
-5.43647493534857));
#7895=CARTESIAN_POINT('Ctrl Pts',(-0.38857771680414,-0.35365368857387,-5.41683724584385));
#7896=CARTESIAN_POINT('Ctrl Pts',(-0.341542782799191,-0.405206361840684,
-5.40188975549678));
#7897=CARTESIAN_POINT('Ctrl Pts',(-0.245769776196614,-0.476046441588614,
-5.3760153712835));
#7898=CARTESIAN_POINT('Ctrl Pts',(-0.201450603238189,-0.500005764935826,
-5.36521651670956));
#7899=CARTESIAN_POINT('Ctrl Pts',(-0.130089830908744,-0.5263700928823,-5.34941556202703));
#7900=CARTESIAN_POINT('Ctrl Pts',(-0.105151299027181,-0.533563827427113,
-5.34415527530807));
#7901=CARTESIAN_POINT('Ctrl Pts',(-0.0453730828824399,-0.546149516542729,
-5.33213232519127));
#7902=CARTESIAN_POINT('Ctrl Pts',(-0.0176212021704295,-0.548489769595728,
-5.32698787211262));
#7903=CARTESIAN_POINT('Ctrl Pts',(2.57382804742613E-13,-0.549476552721948,
-5.32377975280529));
#7904=CARTESIAN_POINT('',(-0.675247084867196,0.184503047070648,-4.8344146992453));
#7905=CARTESIAN_POINT('Ctrl Pts',(4.21510661070221E-10,-0.549476552745539,
-5.3237797527286));
#7906=CARTESIAN_POINT('Ctrl Pts',(0.0353522484705846,-0.551456270193062,
-5.31734351594602));
#7907=CARTESIAN_POINT('Ctrl Pts',(0.0872056355378763,-0.551177973666806,
-5.30761599739973));
#7908=CARTESIAN_POINT('Ctrl Pts',(0.197200006699777,-0.527870207944555,
-5.28513883553689));
#7909=CARTESIAN_POINT('Ctrl Pts',(0.243741962219992,-0.511464530443687,
-5.27510528309819));
#7910=CARTESIAN_POINT('Ctrl Pts',(0.351871253685021,-0.456695517554714,
-5.250483149466));
#7911=CARTESIAN_POINT('Ctrl Pts',(0.409470600379054,-0.412090155466676,
-5.23615600761296));
#7912=CARTESIAN_POINT('Ctrl Pts',(0.483285963266806,-0.32804166084351,-5.21554565825373));
#7913=CARTESIAN_POINT('Ctrl Pts',(0.505901319005881,-0.295923869284464,
-5.20893730658471));
#7914=CARTESIAN_POINT('Ctrl Pts',(0.564938192518296,-0.192076230470124,
-5.18793054704308));
#7915=CARTESIAN_POINT('Ctrl Pts',(0.590227847171214,-0.114956695489468,
-5.17266903706295));
#7916=CARTESIAN_POINT('Ctrl Pts',(0.608701810530707,0.0412823206928756,
-5.1425192443231));
#7917=CARTESIAN_POINT('Ctrl Pts',(0.602974713575396,0.118928054467459,-5.12788261687352));
#7918=CARTESIAN_POINT('Ctrl Pts',(0.554357064548671,0.29758438407868,-5.09487168696896));
#7919=CARTESIAN_POINT('Ctrl Pts',(0.504430240522538,0.371354376876416,-5.08144641263132));
#7920=CARTESIAN_POINT('Ctrl Pts',(0.418725911805872,0.480000040132297,-5.05732449247821));
#7921=CARTESIAN_POINT('Ctrl Pts',(0.354286646105647,0.534941311945673,-5.04203139737423));
#7922=CARTESIAN_POINT('Ctrl Pts',(0.206593245490227,0.617435167106997,-5.01165453836387));
#7923=CARTESIAN_POINT('Ctrl Pts',(0.124370670650193,0.643733463342416,-4.99685241418539));
#7924=CARTESIAN_POINT('Ctrl Pts',(-0.00241881893604363,0.657554383927975,
-4.97673237101775));
#7925=CARTESIAN_POINT('Ctrl Pts',(-0.0447049904392562,0.657960848993622,
-4.97040429736932));
#7926=CARTESIAN_POINT('Ctrl Pts',(-0.173183103723315,0.64751478506882,-4.94959499576017));
#7927=CARTESIAN_POINT('Ctrl Pts',(-0.25796974581861,0.623563859322838,-4.93463445680009));
#7928=CARTESIAN_POINT('Ctrl Pts',(-0.413839962079406,0.544579976357435,
-4.90471789065778));
#7929=CARTESIAN_POINT('Ctrl Pts',(-0.48353106842377,0.490126245190874,-4.89001807957977));
#7930=CARTESIAN_POINT('Ctrl Pts',(-0.607218544942962,0.34694853916119,-4.86054363055279));
#7931=CARTESIAN_POINT('Ctrl Pts',(-0.649746353362693,0.262589552993305,
-4.84747523371605));
#7932=CARTESIAN_POINT('Ctrl Pts',(-0.675247084850784,0.184503047120904,
-4.83441469925371));
#7933=CARTESIAN_POINT('',(-0.34173786551426,0.610913440082765,-4.8344146992453));
#7934=CARTESIAN_POINT('Origin',(0.,0.,-4.8344146992453));
#7935=CARTESIAN_POINT('',(-4.20172961015299E-14,-0.613486849921835,-5.11567660951393));
#7936=CARTESIAN_POINT('Ctrl Pts',(-0.341737865514084,0.610913440082842,
-4.83441469924536));
#7937=CARTESIAN_POINT('Ctrl Pts',(-0.269838763379473,0.647852029523362,
-4.84372379625062));
#7938=CARTESIAN_POINT('Ctrl Pts',(-0.192069301880731,0.672065824854007,
-4.85300316616066));
#7939=CARTESIAN_POINT('Ctrl Pts',(-0.0572696268097759,0.689538483470055,
-4.86782828662947));
#7940=CARTESIAN_POINT('Ctrl Pts',(0.0277125584297704,0.69450847362289,-4.87598504385318));
#7941=CARTESIAN_POINT('Ctrl Pts',(0.216538687399891,0.65137417649436,-4.8975709935753));
#7942=CARTESIAN_POINT('Ctrl Pts',(0.298899603040085,0.614318022450703,-4.90818774000723));
#7943=CARTESIAN_POINT('Ctrl Pts',(0.442997026812194,0.511291184257518,-4.92933655992193));
#7944=CARTESIAN_POINT('Ctrl Pts',(0.503780155955173,0.446803285051736,-4.93967496553603));
#7945=CARTESIAN_POINT('Ctrl Pts',(0.573715157192902,0.335557151105311,-4.95401104685481));
#7946=CARTESIAN_POINT('Ctrl Pts',(0.59344142250719,0.296261187594857,-4.95854180343717));
#7947=CARTESIAN_POINT('Ctrl Pts',(0.638648850594451,0.176867584425683,-4.9729203530786));
#7948=CARTESIAN_POINT('Ctrl Pts',(0.652883923908175,0.0937434204312887,
-4.98305748141038));
#7949=CARTESIAN_POINT('Ctrl Pts',(0.649117562010537,-0.0748098903619539,
-5.00392930504462));
#7950=CARTESIAN_POINT('Ctrl Pts',(0.630539056010303,-0.158707663614905,
-5.01448150469084));
#7951=CARTESIAN_POINT('Ctrl Pts',(0.567787626136015,-0.301611944815712,
-5.03271139377033));
#7952=CARTESIAN_POINT('Ctrl Pts',(0.522745184155689,-0.375556154922402,
-5.0416783383579));
#7953=CARTESIAN_POINT('Ctrl Pts',(0.393239880010481,-0.498173089218033,
-5.06356981758469));
#7954=CARTESIAN_POINT('Ctrl Pts',(0.3243413259731,-0.541827377650979,-5.07400216129293));
#7955=CARTESIAN_POINT('Ctrl Pts',(0.209696680387918,-0.586513824105387,
-5.08981988486809));
#7956=CARTESIAN_POINT('Ctrl Pts',(0.168854010742904,-0.597835669756931,
-5.09520040354781));
#7957=CARTESIAN_POINT('Ctrl Pts',(0.0767113983181373,-0.61356421021819,
-5.10678526848398));
#7958=CARTESIAN_POINT('Ctrl Pts',(0.033208350275458,-0.614650103965208,
-5.11189476763128));
#7959=CARTESIAN_POINT('Ctrl Pts',(-4.24382342548029E-14,-0.613486849921835,
-5.11567660951393));
#7960=CARTESIAN_POINT('Ctrl Pts',(-4.201729610153E-14,-0.613486849921835,
-5.11567660951394));
#7961=CARTESIAN_POINT('Ctrl Pts',(-0.0270526190224495,-0.612539224755256,
-5.11875742282763));
#7962=CARTESIAN_POINT('Ctrl Pts',(-0.0530242575341703,-0.609858379723558,
-5.1218428640528));
#7963=CARTESIAN_POINT('Ctrl Pts',(-0.104814599912897,-0.601109071014848,
-5.12824688924969));
#7964=CARTESIAN_POINT('Ctrl Pts',(-0.130247419982033,-0.59508529893527,
-5.13151922202586));
#7965=CARTESIAN_POINT('Ctrl Pts',(-0.204245749903804,-0.572382180709907,
-5.14142926715918));
#7966=CARTESIAN_POINT('Ctrl Pts',(-0.251143425699915,-0.551118998845969,
-5.14822733351239));
#7967=CARTESIAN_POINT('Ctrl Pts',(-0.361497149056715,-0.482929067463337,
-5.16561381920768));
#7968=CARTESIAN_POINT('Ctrl Pts',(-0.419544140545297,-0.428987950754317,
-5.17614706312445));
#7969=CARTESIAN_POINT('Ctrl Pts',(-0.487502670100317,-0.335089860309591,
-5.19079805140755));
#7970=CARTESIAN_POINT('Ctrl Pts',(-0.506763934103694,-0.302538258217752,
-5.19523918811473));
#7971=CARTESIAN_POINT('Ctrl Pts',(-0.555271954804385,-0.198748079271743,
-5.20921881457011));
#7972=CARTESIAN_POINT('Ctrl Pts',(-0.573528836556415,-0.123128865025418,
-5.21954538132961));
#7973=CARTESIAN_POINT('Ctrl Pts',(-0.576973847162989,-0.0308060265354708,
-5.23238159185609));
#7974=CARTESIAN_POINT('Ctrl Pts',(-0.576927735707769,-0.0153812181020896,
-5.23453352999948));
#7975=CARTESIAN_POINT('Ctrl Pts',(-0.576265409572322,3.97240017985537E-8,
-5.2366868074572));
#7976=CARTESIAN_POINT('Origin',(0.,0.,0.575));
#7977=CARTESIAN_POINT('',(-1.43895998899814E-16,-1.175,0.575));
#7978=CARTESIAN_POINT('',(1.175,-1.43895998899814E-16,0.575));
#7979=CARTESIAN_POINT('Origin',(0.,-2.88889491658085E-31,0.575));
#7980=CARTESIAN_POINT('',(-7.34788079488412E-17,-0.6,1.15));
#7981=CARTESIAN_POINT('Origin',(-7.34788079488412E-17,-0.6,0.575));
#7982=CARTESIAN_POINT('Origin',(0.,-5.77778983316171E-31,1.15));
#7983=CARTESIAN_POINT('Origin',(0.,-2.88889491658085E-31,0.575));
#7984=CARTESIAN_POINT('Origin',(0.,0.,1.15));
#7985=CARTESIAN_POINT('',(1.175,-1.43895998899814E-16,0.));
#7986=CARTESIAN_POINT('Origin',(0.,0.,0.));
#7987=CARTESIAN_POINT('',(1.175,-1.43895998899814E-16,1.15));
#7988=CARTESIAN_POINT('Origin',(0.,0.,-6.));
#7989=CARTESIAN_POINT('',(4.79422830607397E-17,-0.391478449901792,-0.4275));
#7990=CARTESIAN_POINT('Ctrl Pts',(-0.391478449901791,1.30148971254202E-16,
-0.569999999999999));
#7991=CARTESIAN_POINT('Ctrl Pts',(-0.391478449901791,-0.0135570715076642,
-0.566710108069674));
#7992=CARTESIAN_POINT('Ctrl Pts',(-0.390774232880782,-0.027127771215206,
-0.563416908986711));
#7993=CARTESIAN_POINT('Ctrl Pts',(-0.384057017958301,-0.0914565275836473,
-0.547806262074895));
#7994=CARTESIAN_POINT('Ctrl Pts',(-0.368846438353228,-0.140878195001007,
-0.535813115566251));
#7995=CARTESIAN_POINT('Ctrl Pts',(-0.322806935289212,-0.22609823823873,
-0.515132784095605));
#7996=CARTESIAN_POINT('Ctrl Pts',(-0.290040909269371,-0.269780696918169,
-0.503220665729466));
#7997=CARTESIAN_POINT('Ctrl Pts',(-0.207771632898119,-0.334752304196796,
-0.478047777514007));
#7998=CARTESIAN_POINT('Ctrl Pts',(-0.16847501584909,-0.356154593973105,
-0.467192425739396));
#7999=CARTESIAN_POINT('Ctrl Pts',(-0.0858350057059658,-0.384352214494549,
-0.446403592915162));
#8000=CARTESIAN_POINT('Ctrl Pts',(-0.0431309159417416,-0.391478449901791,
-0.436564316428717));
#8001=CARTESIAN_POINT('Ctrl Pts',(4.79422830607396E-17,-0.391478449901791,
-0.427499999999999));
#8002=CARTESIAN_POINT('',(-0.391478449901792,2.36766543687891E-15,5.44708306030425E-17));
#8003=CARTESIAN_POINT('Ctrl Pts',(3.4694469519536E-17,-0.391478449901791,
-0.427499999999998));
#8004=CARTESIAN_POINT('Ctrl Pts',(0.025487951936249,-0.391478449901791,
-0.422143497444333));
#8005=CARTESIAN_POINT('Ctrl Pts',(0.0680901520142041,-0.389167226206928,
-0.412909862895157));
#8006=CARTESIAN_POINT('Ctrl Pts',(0.158546616163138,-0.360358985535975,
-0.39040424849014));
#8007=CARTESIAN_POINT('Ctrl Pts',(0.195998209845162,-0.34143380202389,-0.380237202988149));
#8008=CARTESIAN_POINT('Ctrl Pts',(0.272559727055505,-0.285942062896886,
-0.357414086154701));
#8009=CARTESIAN_POINT('Ctrl Pts',(0.308778583219073,-0.246457963384035,
-0.345011596480565));
#8010=CARTESIAN_POINT('Ctrl Pts',(0.35680165211304,-0.166079979927413,-0.325166499027645));
#8011=CARTESIAN_POINT('Ctrl Pts',(0.378157625136758,-0.117894829412751,
-0.313609515535518));
#8012=CARTESIAN_POINT('Ctrl Pts',(0.394992185126016,-0.00586728176399556,
-0.286423812135264));
#8013=CARTESIAN_POINT('Ctrl Pts',(0.392174600197019,0.0475240222245718,
-0.273467354684844));
#8014=CARTESIAN_POINT('Ctrl Pts',(0.36572589841955,0.148968949597523,-0.248849733707651));
#8015=CARTESIAN_POINT('Ctrl Pts',(0.342887455081736,0.195874012936883,-0.238294261997275));
#8016=CARTESIAN_POINT('Ctrl Pts',(0.280100155992949,0.278370596028352,-0.215089280156063));
#8017=CARTESIAN_POINT('Ctrl Pts',(0.240860015658625,0.312907912335935,-0.202652060248562));
#8018=CARTESIAN_POINT('Ctrl Pts',(0.149955739770209,0.365536970647722,-0.177162037913122));
#8019=CARTESIAN_POINT('Ctrl Pts',(0.0986838557151595,0.38260869703417,-0.164315433857876));
#8020=CARTESIAN_POINT('Ctrl Pts',(-0.00502676445211005,0.394731356909751,
-0.141048892983046));
#8021=CARTESIAN_POINT('Ctrl Pts',(-0.0560558390782226,0.390776824568911,
-0.130634273117045));
#8022=CARTESIAN_POINT('Ctrl Pts',(-0.156106177338525,0.362889440276466,
-0.106224159246436));
#8023=CARTESIAN_POINT('Ctrl Pts',(-0.203663135997478,0.338486918379755,
-0.0932687959249787));
#8024=CARTESIAN_POINT('Ctrl Pts',(-0.291641231847701,0.267932235110189,
-0.0662187303943642));
#8025=CARTESIAN_POINT('Ctrl Pts',(-0.322646212060034,0.225467790339455,
-0.0547142252343367));
#8026=CARTESIAN_POINT('Ctrl Pts',(-0.358276569556569,0.161102674842599,
-0.0390947550598505));
#8027=CARTESIAN_POINT('Ctrl Pts',(-0.37039524998166,0.130819103707227,-0.0317458466880635));
#8028=CARTESIAN_POINT('Ctrl Pts',(-0.387168344459733,0.0669694237928732,
-0.0162514571670589));
#8029=CARTESIAN_POINT('Ctrl Pts',(-0.391478449901791,0.0335391651393879,
-0.00813894274139666));
#8030=CARTESIAN_POINT('Ctrl Pts',(-0.391478449901791,1.48741681433374E-15,
8.55264668241904E-16));
#8031=CARTESIAN_POINT('',(0.,0.391478449901792,-6.50521303491303E-16));
#8032=CARTESIAN_POINT('Origin',(0.,0.,0.));
#8033=CARTESIAN_POINT('Ctrl Pts',(-1.53200383288222E-16,0.391478449901791,
-1.37949771399176E-15));
#8034=CARTESIAN_POINT('Ctrl Pts',(0.0304340728964627,0.391478449901791,
-0.0063959705219541));
#8035=CARTESIAN_POINT('Ctrl Pts',(0.0606921497299695,0.387929800550972,
-0.0131855290520365));
#8036=CARTESIAN_POINT('Ctrl Pts',(0.120791564285061,0.373704327480867,-0.0275419613133311));
#8037=CARTESIAN_POINT('Ctrl Pts',(0.150392310375386,0.362799327654496,-0.0350859584620552));
#8038=CARTESIAN_POINT('Ctrl Pts',(0.225720876699592,0.324249911365754,-0.0555942654254003));
#8039=CARTESIAN_POINT('Ctrl Pts',(0.267736640326321,0.290556462547377,-0.0685124147969832));
#8040=CARTESIAN_POINT('Ctrl Pts',(0.334264131249747,0.210065279964252,-0.0922601036111557));
#8041=CARTESIAN_POINT('Ctrl Pts',(0.358700750780175,0.164912987497789,-0.102480597102548));
#8042=CARTESIAN_POINT('Ctrl Pts',(0.389369651652504,0.0662011237495614,
-0.126434986056612));
#8043=CARTESIAN_POINT('Ctrl Pts',(0.394705200670217,0.0137001143289342,
-0.139175395895802));
#8044=CARTESIAN_POINT('Ctrl Pts',(0.384438049327712,-0.0908868185156014,
-0.164555486735345));
#8045=CARTESIAN_POINT('Ctrl Pts',(0.368639846129985,-0.142095825077389,
-0.176982366489748));
#8046=CARTESIAN_POINT('Ctrl Pts',(0.323014553172398,-0.225020285938281,
-0.197105629427366));
#8047=CARTESIAN_POINT('Ctrl Pts',(0.292052843007089,-0.267396804779158,
-0.208567260538775));
#8048=CARTESIAN_POINT('Ctrl Pts',(0.204573069710066,-0.337936278407107,
-0.23551075402932));
#8049=CARTESIAN_POINT('Ctrl Pts',(0.15709209782724,-0.362461915257684,-0.248465086246407));
#8050=CARTESIAN_POINT('Ctrl Pts',(0.0561422256174044,-0.390899603729267,
-0.27313101567333));
#8051=CARTESIAN_POINT('Ctrl Pts',(0.00405284264911671,-0.39487728317091,
-0.283735864704388));
#8052=CARTESIAN_POINT('Ctrl Pts',(-0.0988875006667944,-0.382315031945957,
-0.306893863342927));
#8053=CARTESIAN_POINT('Ctrl Pts',(-0.14848215977948,-0.365888853154257,
-0.319309657338148));
#8054=CARTESIAN_POINT('Ctrl Pts',(-0.239769545263133,-0.314026640211596,
-0.344787148194412));
#8055=CARTESIAN_POINT('Ctrl Pts',(-0.280381887189723,-0.278408697037372,
-0.357643865299839));
#8056=CARTESIAN_POINT('Ctrl Pts',(-0.343226883887431,-0.195026698370931,
-0.380968404581217));
#8057=CARTESIAN_POINT('Ctrl Pts',(-0.365588164387653,-0.1489790430382,-0.391347284334094));
#8058=CARTESIAN_POINT('Ctrl Pts',(-0.387160414359042,-0.0670911455284687,
-0.411219004643031));
#8059=CARTESIAN_POINT('Ctrl Pts',(-0.391478449901791,-0.03356966979269,
-0.419353654700264));
#8060=CARTESIAN_POINT('Ctrl Pts',(-0.391478449901791,-1.48741681433374E-16,
-0.4275));
#8061=CARTESIAN_POINT('Origin',(0.,-2.86377409121928E-31,0.21375));
#8062=CARTESIAN_POINT('',(-8.58517219621085E-14,-0.7,-4.59562500000001));
#8063=CARTESIAN_POINT('Ctrl Pts',(0.7,-8.92450088600247E-16,-4.453125));
#8064=CARTESIAN_POINT('Ctrl Pts',(0.7,-0.0708535192980011,-4.46274083476187));
#8065=CARTESIAN_POINT('Ctrl Pts',(0.689241673794989,-0.141439343954077,
-4.47232033953662));
#8066=CARTESIAN_POINT('Ctrl Pts',(0.641138692784494,-0.29494873650574,-4.49315375709721));
#8067=CARTESIAN_POINT('Ctrl Pts',(0.598147098059657,-0.374527316813045,
-4.50323791749608));
#8068=CARTESIAN_POINT('Ctrl Pts',(0.48165924327588,-0.516559799693564,-4.52656688874888));
#8069=CARTESIAN_POINT('Ctrl Pts',(0.408081962185145,-0.576437377896817,
-4.53927769653234));
#8070=CARTESIAN_POINT('Ctrl Pts',(0.274147020108072,-0.646631403647078,
-4.55978250673375));
#8071=CARTESIAN_POINT('Ctrl Pts',(0.220255322833276,-0.666918983092592,
-4.56749316390303));
#8072=CARTESIAN_POINT('Ctrl Pts',(0.110477682652953,-0.693455615699113,
-4.58219625167354));
#8073=CARTESIAN_POINT('Ctrl Pts',(0.0552603870011865,-0.7,-4.58913013514033));
#8074=CARTESIAN_POINT('Ctrl Pts',(4.71844785465692E-15,-0.7,-4.595625));
#8075=CARTESIAN_POINT('Ctrl Pts',(-8.57123100670932E-14,-0.7,-4.59562500000001));
#8076=CARTESIAN_POINT('Ctrl Pts',(-0.0602893889540174,-0.699999999999993,
-4.60271093361317));
#8077=CARTESIAN_POINT('Ctrl Pts',(-0.120479493397369,-0.692211827688508,
-4.61031368123847));
#8078=CARTESIAN_POINT('Ctrl Pts',(-0.23959797357393,-0.660691820046008,
-4.62645277438542));
#8079=CARTESIAN_POINT('Ctrl Pts',(-0.297690293437144,-0.63662908803091,
-4.63491331027616));
#8080=CARTESIAN_POINT('Ctrl Pts',(-0.433268052222456,-0.557817404653036,
-4.656195973667));
#8081=CARTESIAN_POINT('Ctrl Pts',(-0.504401655700976,-0.494453642700123,
-4.66885613355543));
#8082=CARTESIAN_POINT('Ctrl Pts',(-0.614327864988092,-0.347252638010891,
-4.69176462248722));
#8083=CARTESIAN_POINT('Ctrl Pts',(-0.653570497585834,-0.266156108067855,
-4.70200381390508));
#8084=CARTESIAN_POINT('Ctrl Pts',(-0.700429572615236,-0.0897895354957659,
-4.72593927732557));
#8085=CARTESIAN_POINT('Ctrl Pts',(-0.706144843755751,0.00401888288131525,
-4.73867041981961));
#8086=CARTESIAN_POINT('Ctrl Pts',(-0.681061985056843,0.184845194740725,
-4.76321113357195));
#8087=CARTESIAN_POINT('Ctrl Pts',(-0.651855575524282,0.270424505416914,
-4.7748254685923));
#8088=CARTESIAN_POINT('Ctrl Pts',(-0.576470730488883,0.40187776011866,-4.79266555315896));
#8089=CARTESIAN_POINT('Ctrl Pts',(-0.538656090758044,0.451344256427038,
-4.80044259374688));
#8090=CARTESIAN_POINT('Ctrl Pts',(-0.449235057919456,0.540661527191135,
-4.81701324308692));
#8091=CARTESIAN_POINT('Ctrl Pts',(-0.397770917706344,0.579569203079837,
-4.82570209111766));
#8092=CARTESIAN_POINT('Ctrl Pts',(-0.341737865512304,0.610913440083859,
-4.83441469924565));
#8093=CARTESIAN_POINT('',(-8.58517219621085E-14,-0.7,-4.66687500000001));
#8094=CARTESIAN_POINT('Ctrl Pts',(-0.675247084867196,0.184503047070648,
-4.8344146992453));
#8095=CARTESIAN_POINT('Ctrl Pts',(-0.687341719291536,0.140238918281259,
-4.82840742462388));
#8096=CARTESIAN_POINT('Ctrl Pts',(-0.695049787137249,0.0949155168851563,
-4.82225639157727));
#8097=CARTESIAN_POINT('Ctrl Pts',(-0.704691181390648,-0.0420075189684917,
-4.80367397956856));
#8098=CARTESIAN_POINT('Ctrl Pts',(-0.693194394499154,-0.133601967298917,
-4.791243304438));
#8099=CARTESIAN_POINT('Ctrl Pts',(-0.636069750490052,-0.305783073513414,
-4.76787586859461));
#8100=CARTESIAN_POINT('Ctrl Pts',(-0.591623410677913,-0.384796919960691,
-4.75779847442619));
#8101=CARTESIAN_POINT('Ctrl Pts',(-0.472634146700034,-0.524802408545687,
-4.73431305354173));
#8102=CARTESIAN_POINT('Ctrl Pts',(-0.398159634903174,-0.583311949280477,
-4.72158962353573));
#8103=CARTESIAN_POINT('Ctrl Pts',(-0.264989853004082,-0.650262841531594,
-4.70139481392811));
#8104=CARTESIAN_POINT('Ctrl Pts',(-0.21276519968104,-0.669176193210063,
-4.69397333897029));
#8105=CARTESIAN_POINT('Ctrl Pts',(-0.10662723165915,-0.693905450677173,
-4.6798206725304));
#8106=CARTESIAN_POINT('Ctrl Pts',(-0.0533275712675206,-0.699999999999994,
-4.67314269712397));
#8107=CARTESIAN_POINT('Ctrl Pts',(-8.61786037374358E-14,-0.7,-4.66687500000001));
#8108=CARTESIAN_POINT('Ctrl Pts',(-1.39232375628776E-12,-0.7,-4.66687500000016));
#8109=CARTESIAN_POINT('Ctrl Pts',(0.0781827627084233,-0.700000000000156,
-4.65768602204124));
#8110=CARTESIAN_POINT('Ctrl Pts',(0.156009809839035,-0.686901235305083,
-4.64765000730539));
#8111=CARTESIAN_POINT('Ctrl Pts',(0.306633128221875,-0.634449251770567,
-4.62638770283473));
#8112=CARTESIAN_POINT('Ctrl Pts',(0.377866853184289,-0.594781610495283,
-4.61532372651212));
#8113=CARTESIAN_POINT('Ctrl Pts',(0.513853543784697,-0.484574099363652,
-4.59186256937038));
#8114=CARTESIAN_POINT('Ctrl Pts',(0.574151560500502,-0.411286427652917,
-4.58019244375289));
#8115=CARTESIAN_POINT('Ctrl Pts',(0.660398071763986,-0.248942369445212,
-4.55816003585328));
#8116=CARTESIAN_POINT('Ctrl Pts',(0.68685923000471,-0.162150861781805,-4.54638118838467));
#8117=CARTESIAN_POINT('Ctrl Pts',(0.698737160620471,-0.0485802702374591,
-4.53096803667508));
#8118=CARTESIAN_POINT('Ctrl Pts',(0.7,-0.024276325585104,-4.52766964418655));
#8119=CARTESIAN_POINT('Ctrl Pts',(0.7,7.43708407166873E-17,-4.524375));
#8120=CARTESIAN_POINT('Ctrl Pts',(0.,0.391478449901792,-4.56));
#8121=CARTESIAN_POINT('Ctrl Pts',(0.226020188432737,0.391478449901792,-4.6075));
#8122=CARTESIAN_POINT('Ctrl Pts',(0.339030282649106,0.195739224950896,-4.655));
#8123=CARTESIAN_POINT('Ctrl Pts',(0.452040376865474,2.76794900306833E-17,
-4.7025));
#8124=CARTESIAN_POINT('Ctrl Pts',(0.339030282649106,-0.195739224950896,
-4.75));
#8125=CARTESIAN_POINT('Ctrl Pts',(0.226020188432737,-0.391478449901792,
-4.7975));
#8126=CARTESIAN_POINT('Ctrl Pts',(4.79422830607397E-17,-0.391478449901792,
-4.845));
#8127=CARTESIAN_POINT('Ctrl Pts',(-0.226020188432737,-0.391478449901792,
-4.8925));
#8128=CARTESIAN_POINT('Ctrl Pts',(-0.339030282649106,-0.195739224950896,
-4.94));
#8129=CARTESIAN_POINT('Ctrl Pts',(-0.452040376865474,-8.303847009205E-17,
-4.9875));
#8130=CARTESIAN_POINT('Ctrl Pts',(-0.339030282649106,0.195739224950896,
-5.035));
#8131=CARTESIAN_POINT('Ctrl Pts',(-0.226020188432737,0.391478449901792,
-5.0825));
#8132=CARTESIAN_POINT('Ctrl Pts',(0.,0.391478449901792,-5.13));
#8133=CARTESIAN_POINT('Ctrl Pts',(0.226020188432737,0.391478449901792,-5.1775));
#8134=CARTESIAN_POINT('Ctrl Pts',(0.339030282649106,0.195739224950896,-5.225));
#8135=CARTESIAN_POINT('Ctrl Pts',(0.452040376865474,2.76794900306833E-17,
-5.2725));
#8136=CARTESIAN_POINT('Ctrl Pts',(0.339030282649106,-0.195739224950896,
-5.32));
#8137=CARTESIAN_POINT('Ctrl Pts',(0.226020188432737,-0.391478449901792,
-5.3675));
#8138=CARTESIAN_POINT('Ctrl Pts',(4.79422830607397E-17,-0.391478449901792,
-5.415));
#8139=CARTESIAN_POINT('Ctrl Pts',(-0.226020188432737,-0.391478449901792,
-5.4625));
#8140=CARTESIAN_POINT('Ctrl Pts',(-0.339030282649106,-0.195739224950896,
-5.51));
#8141=CARTESIAN_POINT('Ctrl Pts',(-0.452040376865474,-8.303847009205E-17,
-5.5575));
#8142=CARTESIAN_POINT('Ctrl Pts',(-0.339030282649106,0.195739224950896,
-5.605));
#8143=CARTESIAN_POINT('Ctrl Pts',(-0.226020188432737,0.391478449901792,
-5.6525));
#8144=CARTESIAN_POINT('Ctrl Pts',(0.,0.391478449901792,-5.7));
#8145=CARTESIAN_POINT('Ctrl Pts',(0.,0.700060664121065,-4.38183997555337));
#8146=CARTESIAN_POINT('Ctrl Pts',(0.404180212879365,0.700060664121065,-4.42933997555337));
#8147=CARTESIAN_POINT('Ctrl Pts',(0.606270319319047,0.350030332060532,-4.47683997555337));
#8148=CARTESIAN_POINT('Ctrl Pts',(0.80836042575873,4.9497800398141E-17,
-4.52433997555337));
#8149=CARTESIAN_POINT('Ctrl Pts',(0.606270319319047,-0.350030332060532,
-4.57183997555337));
#8150=CARTESIAN_POINT('Ctrl Pts',(0.404180212879365,-0.700060664121065,
-4.61933997555337));
#8151=CARTESIAN_POINT('Ctrl Pts',(8.57327051524832E-17,-0.700060664121065,
-4.66683997555337));
#8152=CARTESIAN_POINT('Ctrl Pts',(-0.404180212879365,-0.700060664121065,
-4.71433997555337));
#8153=CARTESIAN_POINT('Ctrl Pts',(-0.606270319319047,-0.350030332060533,
-4.76183997555337));
#8154=CARTESIAN_POINT('Ctrl Pts',(-0.80836042575873,-1.48493401194423E-16,
-4.80933997555337));
#8155=CARTESIAN_POINT('Ctrl Pts',(-0.606270319319048,0.350030332060532,
-4.85683997555337));
#8156=CARTESIAN_POINT('Ctrl Pts',(-0.404180212879365,0.700060664121064,
-4.90433997555337));
#8157=CARTESIAN_POINT('Ctrl Pts',(0.,0.700060664121065,-4.95183997555337));
#8158=CARTESIAN_POINT('Ctrl Pts',(0.404180212879365,0.700060664121065,-4.99933997555337));
#8159=CARTESIAN_POINT('Ctrl Pts',(0.606270319319047,0.350030332060532,-5.04683997555337));
#8160=CARTESIAN_POINT('Ctrl Pts',(0.80836042575873,4.9497800398141E-17,
-5.09433997555337));
#8161=CARTESIAN_POINT('Ctrl Pts',(0.606270319319047,-0.350030332060532,
-5.14183997555337));
#8162=CARTESIAN_POINT('Ctrl Pts',(0.404180212879365,-0.700060664121065,
-5.18933997555337));
#8163=CARTESIAN_POINT('Ctrl Pts',(8.57327051524832E-17,-0.700060664121065,
-5.23683997555337));
#8164=CARTESIAN_POINT('Ctrl Pts',(-0.404180212879365,-0.700060664121065,
-5.28433997555337));
#8165=CARTESIAN_POINT('Ctrl Pts',(-0.606270319319047,-0.350030332060533,
-5.33183997555337));
#8166=CARTESIAN_POINT('Ctrl Pts',(-0.80836042575873,-1.48493401194423E-16,
-5.37933997555337));
#8167=CARTESIAN_POINT('Ctrl Pts',(-0.606270319319048,0.350030332060532,
-5.42683997555337));
#8168=CARTESIAN_POINT('Ctrl Pts',(-0.404180212879365,0.700060664121064,
-5.47433997555337));
#8169=CARTESIAN_POINT('Ctrl Pts',(0.,0.700060664121065,-5.52183997555337));
#8170=CARTESIAN_POINT('',(-7.50563279238721E-15,-0.391478449901792,-5.415));
#8171=CARTESIAN_POINT('',(-7.50563279238721E-15,-0.391478449901792,-4.845));
#8172=CARTESIAN_POINT('Ctrl Pts',(0.,0.700046901683303,-4.31065207869948));
#8173=CARTESIAN_POINT('Ctrl Pts',(0.404172267132218,0.700046901683303,-4.35815207869948));
#8174=CARTESIAN_POINT('Ctrl Pts',(0.606258400698328,0.350023450841652,-4.40565207869948));
#8175=CARTESIAN_POINT('Ctrl Pts',(0.808344534264437,4.949682732476E-17,
-4.45315207869948));
#8176=CARTESIAN_POINT('Ctrl Pts',(0.606258400698328,-0.350023450841651,
-4.50065207869948));
#8177=CARTESIAN_POINT('Ctrl Pts',(0.404172267132219,-0.700046901683303,
-4.54815207869948));
#8178=CARTESIAN_POINT('Ctrl Pts',(8.57310197399479E-17,-0.700046901683303,
-4.59565207869948));
#8179=CARTESIAN_POINT('Ctrl Pts',(-0.404172267132218,-0.700046901683303,
-4.64315207869948));
#8180=CARTESIAN_POINT('Ctrl Pts',(-0.606258400698327,-0.350023450841652,
-4.69065207869948));
#8181=CARTESIAN_POINT('Ctrl Pts',(-0.808344534264437,-1.4849048197428E-16,
-4.73815207869948));
#8182=CARTESIAN_POINT('Ctrl Pts',(-0.606258400698328,0.350023450841651,
-4.78565207869948));
#8183=CARTESIAN_POINT('Ctrl Pts',(-0.404172267132219,0.700046901683303,
-4.83315207869948));
#8184=CARTESIAN_POINT('Ctrl Pts',(0.,0.700046901683303,-4.88065207869948));
#8185=CARTESIAN_POINT('Ctrl Pts',(0.404172267132218,0.700046901683303,-4.92815207869948));
#8186=CARTESIAN_POINT('Ctrl Pts',(0.606258400698328,0.350023450841652,-4.97565207869948));
#8187=CARTESIAN_POINT('Ctrl Pts',(0.808344534264437,4.949682732476E-17,
-5.02315207869948));
#8188=CARTESIAN_POINT('Ctrl Pts',(0.606258400698328,-0.350023450841651,
-5.07065207869948));
#8189=CARTESIAN_POINT('Ctrl Pts',(0.404172267132219,-0.700046901683303,
-5.11815207869948));
#8190=CARTESIAN_POINT('Ctrl Pts',(8.57310197399479E-17,-0.700046901683303,
-5.16565207869948));
#8191=CARTESIAN_POINT('Ctrl Pts',(-0.404172267132218,-0.700046901683303,
-5.21315207869948));
#8192=CARTESIAN_POINT('Ctrl Pts',(-0.606258400698327,-0.350023450841652,
-5.26065207869948));
#8193=CARTESIAN_POINT('Ctrl Pts',(-0.808344534264437,-1.4849048197428E-16,
-5.30815207869948));
#8194=CARTESIAN_POINT('Ctrl Pts',(-0.606258400698328,0.350023450841651,
-5.35565207869948));
#8195=CARTESIAN_POINT('Ctrl Pts',(-0.404172267132219,0.700046901683303,
-5.40315207869948));
#8196=CARTESIAN_POINT('Ctrl Pts',(0.,0.700046901683303,-5.45065207869948));
#8197=CARTESIAN_POINT('Ctrl Pts',(0.,0.391478449901792,-4.1325));
#8198=CARTESIAN_POINT('Ctrl Pts',(0.226020188432737,0.391478449901792,-4.18));
#8199=CARTESIAN_POINT('Ctrl Pts',(0.339030282649105,0.195739224950896,-4.2275));
#8200=CARTESIAN_POINT('Ctrl Pts',(0.452040376865474,2.76794900306833E-17,
-4.275));
#8201=CARTESIAN_POINT('Ctrl Pts',(0.339030282649106,-0.195739224950896,
-4.3225));
#8202=CARTESIAN_POINT('Ctrl Pts',(0.226020188432737,-0.391478449901792,
-4.37));
#8203=CARTESIAN_POINT('Ctrl Pts',(4.79422830607397E-17,-0.391478449901792,
-4.4175));
#8204=CARTESIAN_POINT('Ctrl Pts',(-0.226020188432737,-0.391478449901792,
-4.465));
#8205=CARTESIAN_POINT('Ctrl Pts',(-0.339030282649105,-0.195739224950896,
-4.5125));
#8206=CARTESIAN_POINT('Ctrl Pts',(-0.452040376865474,-8.30384700920499E-17,
-4.56));
#8207=CARTESIAN_POINT('Ctrl Pts',(-0.339030282649106,0.195739224950896,
-4.6075));
#8208=CARTESIAN_POINT('Ctrl Pts',(-0.226020188432737,0.391478449901792,
-4.655));
#8209=CARTESIAN_POINT('Ctrl Pts',(0.,0.391478449901792,-4.7025));
#8210=CARTESIAN_POINT('Ctrl Pts',(0.226020188432737,0.391478449901792,-4.75));
#8211=CARTESIAN_POINT('Ctrl Pts',(0.339030282649105,0.195739224950896,-4.7975));
#8212=CARTESIAN_POINT('Ctrl Pts',(0.452040376865474,2.76794900306833E-17,
-4.845));
#8213=CARTESIAN_POINT('Ctrl Pts',(0.339030282649106,-0.195739224950896,
-4.8925));
#8214=CARTESIAN_POINT('Ctrl Pts',(0.226020188432737,-0.391478449901792,
-4.94));
#8215=CARTESIAN_POINT('Ctrl Pts',(4.79422830607397E-17,-0.391478449901792,
-4.9875));
#8216=CARTESIAN_POINT('Ctrl Pts',(-0.226020188432737,-0.391478449901792,
-5.035));
#8217=CARTESIAN_POINT('Ctrl Pts',(-0.339030282649105,-0.195739224950896,
-5.0825));
#8218=CARTESIAN_POINT('Ctrl Pts',(-0.452040376865474,-8.30384700920499E-17,
-5.13));
#8219=CARTESIAN_POINT('Ctrl Pts',(-0.339030282649106,0.195739224950896,
-5.1775));
#8220=CARTESIAN_POINT('Ctrl Pts',(-0.226020188432737,0.391478449901792,
-5.225));
#8221=CARTESIAN_POINT('Ctrl Pts',(0.,0.391478449901792,-5.2725));
#8222=CARTESIAN_POINT('',(-1.3420771835561E-14,-0.7,-5.165625));
#8223=CARTESIAN_POINT('',(-1.3420771835561E-14,-0.7,-4.595625));
#8224=CARTESIAN_POINT('Ctrl Pts',(0.,0.391414730146723,-5.13003678861774));
#8225=CARTESIAN_POINT('Ctrl Pts',(0.225983399814995,0.391414730146723,-5.17753678861774));
#8226=CARTESIAN_POINT('Ctrl Pts',(0.338975099722493,0.195707365073362,-5.22503678861774));
#8227=CARTESIAN_POINT('Ctrl Pts',(0.451966799629991,2.76749847243871E-17,
-5.27253678861774));
#8228=CARTESIAN_POINT('Ctrl Pts',(0.338975099722493,-0.195707365073362,
-5.32003678861774));
#8229=CARTESIAN_POINT('Ctrl Pts',(0.225983399814996,-0.391414730146723,
-5.36753678861774));
#8230=CARTESIAN_POINT('Ctrl Pts',(4.7934479641331E-17,-0.391414730146723,
-5.41503678861774));
#8231=CARTESIAN_POINT('Ctrl Pts',(-0.225983399814995,-0.391414730146723,
-5.46253678861774));
#8232=CARTESIAN_POINT('Ctrl Pts',(-0.338975099722493,-0.195707365073362,
-5.51003678861774));
#8233=CARTESIAN_POINT('Ctrl Pts',(-0.451966799629991,-8.30249541731612E-17,
-5.55753678861774));
#8234=CARTESIAN_POINT('Ctrl Pts',(-0.338975099722493,0.195707365073361,
-5.60503678861774));
#8235=CARTESIAN_POINT('Ctrl Pts',(-0.225983399814996,0.391414730146723,
-5.65253678861774));
#8236=CARTESIAN_POINT('Ctrl Pts',(0.,0.391414730146723,-5.70003678861774));
#8237=CARTESIAN_POINT('Ctrl Pts',(0.225983399814995,0.391414730146723,-5.74753678861774));
#8238=CARTESIAN_POINT('Ctrl Pts',(0.338975099722493,0.195707365073362,-5.79503678861774));
#8239=CARTESIAN_POINT('Ctrl Pts',(0.451966799629991,2.76749847243871E-17,
-5.84253678861774));
#8240=CARTESIAN_POINT('Ctrl Pts',(0.338975099722493,-0.195707365073362,
-5.89003678861774));
#8241=CARTESIAN_POINT('Ctrl Pts',(0.225983399814996,-0.391414730146723,
-5.93753678861774));
#8242=CARTESIAN_POINT('Ctrl Pts',(4.7934479641331E-17,-0.391414730146723,
-5.98503678861774));
#8243=CARTESIAN_POINT('Ctrl Pts',(-0.225983399814995,-0.391414730146723,
-6.03253678861774));
#8244=CARTESIAN_POINT('Ctrl Pts',(-0.338975099722493,-0.195707365073362,
-6.08003678861774));
#8245=CARTESIAN_POINT('Ctrl Pts',(-0.451966799629991,-8.30249541731612E-17,
-6.12753678861774));
#8246=CARTESIAN_POINT('Ctrl Pts',(-0.338975099722493,0.195707365073361,
-6.17503678861774));
#8247=CARTESIAN_POINT('Ctrl Pts',(-0.225983399814996,0.391414730146723,
-6.22253678861774));
#8248=CARTESIAN_POINT('Ctrl Pts',(0.,0.391414730146723,-6.27003678861774));
#8249=CARTESIAN_POINT('Ctrl Pts',(0.,0.7,-4.951875));
#8250=CARTESIAN_POINT('Ctrl Pts',(0.404145188432738,0.7,-4.999375));
#8251=CARTESIAN_POINT('Ctrl Pts',(0.606217782649107,0.35,-5.046875));
#8252=CARTESIAN_POINT('Ctrl Pts',(0.808290376865476,4.94935111404957E-17,
-5.094375));
#8253=CARTESIAN_POINT('Ctrl Pts',(0.606217782649107,-0.35,-5.141875));
#8254=CARTESIAN_POINT('Ctrl Pts',(0.404145188432738,-0.7,-5.189375));
#8255=CARTESIAN_POINT('Ctrl Pts',(8.57252759403148E-17,-0.7,-5.236875));
#8256=CARTESIAN_POINT('Ctrl Pts',(-0.404145188432738,-0.7,-5.284375));
#8257=CARTESIAN_POINT('Ctrl Pts',(-0.606217782649107,-0.35,-5.331875));
#8258=CARTESIAN_POINT('Ctrl Pts',(-0.808290376865476,-1.48480533421487E-16,
-5.379375));
#8259=CARTESIAN_POINT('Ctrl Pts',(-0.606217782649108,0.35,-5.426875));
#8260=CARTESIAN_POINT('Ctrl Pts',(-0.404145188432739,0.7,-5.474375));
#8261=CARTESIAN_POINT('Ctrl Pts',(0.,0.7,-5.521875));
#8262=CARTESIAN_POINT('Ctrl Pts',(0.404145188432738,0.7,-5.569375));
#8263=CARTESIAN_POINT('Ctrl Pts',(0.606217782649107,0.35,-5.616875));
#8264=CARTESIAN_POINT('Ctrl Pts',(0.808290376865476,4.94935111404957E-17,
-5.664375));
#8265=CARTESIAN_POINT('Ctrl Pts',(0.606217782649107,-0.35,-5.711875));
#8266=CARTESIAN_POINT('Ctrl Pts',(0.404145188432738,-0.7,-5.759375));
#8267=CARTESIAN_POINT('Ctrl Pts',(8.57252759403148E-17,-0.7,-5.806875));
#8268=CARTESIAN_POINT('Ctrl Pts',(-0.404145188432738,-0.7,-5.854375));
#8269=CARTESIAN_POINT('Ctrl Pts',(-0.606217782649107,-0.35,-5.901875));
#8270=CARTESIAN_POINT('Ctrl Pts',(-0.808290376865476,-1.48480533421487E-16,
-5.949375));
#8271=CARTESIAN_POINT('Ctrl Pts',(-0.606217782649108,0.35,-5.996875));
#8272=CARTESIAN_POINT('Ctrl Pts',(-0.404145188432739,0.7,-6.044375));
#8273=CARTESIAN_POINT('Ctrl Pts',(0.,0.7,-6.091875));
#8274=CARTESIAN_POINT('Ctrl Pts',(0.,0.7,-4.880625));
#8275=CARTESIAN_POINT('Ctrl Pts',(0.404145188432738,0.7,-4.928125));
#8276=CARTESIAN_POINT('Ctrl Pts',(0.606217782649107,0.35,-4.975625));
#8277=CARTESIAN_POINT('Ctrl Pts',(0.808290376865476,4.94935111404957E-17,
-5.023125));
#8278=CARTESIAN_POINT('Ctrl Pts',(0.606217782649107,-0.35,-5.070625));
#8279=CARTESIAN_POINT('Ctrl Pts',(0.404145188432738,-0.7,-5.118125));
#8280=CARTESIAN_POINT('Ctrl Pts',(8.57252759403147E-17,-0.7,-5.165625));
#8281=CARTESIAN_POINT('Ctrl Pts',(-0.404145188432738,-0.7,-5.213125));
#8282=CARTESIAN_POINT('Ctrl Pts',(-0.606217782649107,-0.35,-5.260625));
#8283=CARTESIAN_POINT('Ctrl Pts',(-0.808290376865476,-1.48480533421487E-16,
-5.308125));
#8284=CARTESIAN_POINT('Ctrl Pts',(-0.606217782649108,0.35,-5.355625));
#8285=CARTESIAN_POINT('Ctrl Pts',(-0.404145188432739,0.7,-5.403125));
#8286=CARTESIAN_POINT('Ctrl Pts',(0.,0.7,-5.450625));
#8287=CARTESIAN_POINT('Ctrl Pts',(0.404145188432738,0.7,-5.498125));
#8288=CARTESIAN_POINT('Ctrl Pts',(0.606217782649107,0.35,-5.545625));
#8289=CARTESIAN_POINT('Ctrl Pts',(0.808290376865476,4.94935111404957E-17,
-5.593125));
#8290=CARTESIAN_POINT('Ctrl Pts',(0.606217782649107,-0.35,-5.640625));
#8291=CARTESIAN_POINT('Ctrl Pts',(0.404145188432738,-0.7,-5.688125));
#8292=CARTESIAN_POINT('Ctrl Pts',(8.57252759403147E-17,-0.7,-5.735625));
#8293=CARTESIAN_POINT('Ctrl Pts',(-0.404145188432738,-0.7,-5.783125));
#8294=CARTESIAN_POINT('Ctrl Pts',(-0.606217782649107,-0.35,-5.830625));
#8295=CARTESIAN_POINT('Ctrl Pts',(-0.808290376865476,-1.48480533421487E-16,
-5.878125));
#8296=CARTESIAN_POINT('Ctrl Pts',(-0.606217782649108,0.35,-5.925625));
#8297=CARTESIAN_POINT('Ctrl Pts',(-0.404145188432739,0.7,-5.973125));
#8298=CARTESIAN_POINT('Ctrl Pts',(0.,0.7,-6.020625));
#8299=CARTESIAN_POINT('Ctrl Pts',(0.,0.391478449901792,-4.7025));
#8300=CARTESIAN_POINT('Ctrl Pts',(0.226020188432737,0.391478449901792,-4.75));
#8301=CARTESIAN_POINT('Ctrl Pts',(0.339030282649105,0.195739224950896,-4.7975));
#8302=CARTESIAN_POINT('Ctrl Pts',(0.452040376865474,2.76794900306833E-17,
-4.845));
#8303=CARTESIAN_POINT('Ctrl Pts',(0.339030282649106,-0.195739224950896,
-4.8925));
#8304=CARTESIAN_POINT('Ctrl Pts',(0.226020188432737,-0.391478449901792,
-4.94));
#8305=CARTESIAN_POINT('Ctrl Pts',(4.79422830607397E-17,-0.391478449901792,
-4.9875));
#8306=CARTESIAN_POINT('Ctrl Pts',(-0.226020188432737,-0.391478449901792,
-5.035));
#8307=CARTESIAN_POINT('Ctrl Pts',(-0.339030282649105,-0.195739224950896,
-5.0825));
#8308=CARTESIAN_POINT('Ctrl Pts',(-0.452040376865474,-8.30384700920499E-17,
-5.13));
#8309=CARTESIAN_POINT('Ctrl Pts',(-0.339030282649106,0.195739224950896,
-5.1775));
#8310=CARTESIAN_POINT('Ctrl Pts',(-0.226020188432737,0.391478449901792,
-5.225));
#8311=CARTESIAN_POINT('Ctrl Pts',(0.,0.391478449901792,-5.2725));
#8312=CARTESIAN_POINT('Ctrl Pts',(0.226020188432737,0.391478449901792,-5.32));
#8313=CARTESIAN_POINT('Ctrl Pts',(0.339030282649105,0.195739224950896,-5.3675));
#8314=CARTESIAN_POINT('Ctrl Pts',(0.452040376865474,2.76794900306833E-17,
-5.415));
#8315=CARTESIAN_POINT('Ctrl Pts',(0.339030282649106,-0.195739224950896,
-5.4625));
#8316=CARTESIAN_POINT('Ctrl Pts',(0.226020188432737,-0.391478449901792,
-5.51));
#8317=CARTESIAN_POINT('Ctrl Pts',(4.79422830607397E-17,-0.391478449901792,
-5.5575));
#8318=CARTESIAN_POINT('Ctrl Pts',(-0.226020188432737,-0.391478449901792,
-5.605));
#8319=CARTESIAN_POINT('Ctrl Pts',(-0.339030282649105,-0.195739224950896,
-5.6525));
#8320=CARTESIAN_POINT('Ctrl Pts',(-0.452040376865474,-8.30384700920499E-17,
-5.7));
#8321=CARTESIAN_POINT('Ctrl Pts',(-0.339030282649106,0.195739224950896,
-5.7475));
#8322=CARTESIAN_POINT('Ctrl Pts',(-0.226020188432737,0.391478449901792,
-5.795));
#8323=CARTESIAN_POINT('Ctrl Pts',(0.,0.391478449901792,-5.8425));
#8324=CARTESIAN_POINT('',(-1.3420771835561E-14,-0.7,-5.735625));
#8325=CARTESIAN_POINT('Ctrl Pts',(0.,0.7,-5.450625));
#8326=CARTESIAN_POINT('Ctrl Pts',(0.404145188432738,0.7,-5.498125));
#8327=CARTESIAN_POINT('Ctrl Pts',(0.606217782649107,0.35,-5.545625));
#8328=CARTESIAN_POINT('Ctrl Pts',(0.808290376865476,4.94935111404957E-17,
-5.593125));
#8329=CARTESIAN_POINT('Ctrl Pts',(0.606217782649107,-0.35,-5.640625));
#8330=CARTESIAN_POINT('Ctrl Pts',(0.404145188432738,-0.7,-5.688125));
#8331=CARTESIAN_POINT('Ctrl Pts',(8.57252759403147E-17,-0.7,-5.735625));
#8332=CARTESIAN_POINT('Ctrl Pts',(-0.404145188432738,-0.7,-5.783125));
#8333=CARTESIAN_POINT('Ctrl Pts',(-0.606217782649107,-0.35,-5.830625));
#8334=CARTESIAN_POINT('Ctrl Pts',(-0.808290376865476,-1.48480533421487E-16,
-5.878125));
#8335=CARTESIAN_POINT('Ctrl Pts',(-0.606217782649108,0.35,-5.925625));
#8336=CARTESIAN_POINT('Ctrl Pts',(-0.404145188432739,0.7,-5.973125));
#8337=CARTESIAN_POINT('Ctrl Pts',(0.,0.7,-6.020625));
#8338=CARTESIAN_POINT('Ctrl Pts',(0.404145188432738,0.7,-6.068125));
#8339=CARTESIAN_POINT('Ctrl Pts',(0.606217782649107,0.35,-6.115625));
#8340=CARTESIAN_POINT('Ctrl Pts',(0.808290376865476,4.94935111404957E-17,
-6.163125));
#8341=CARTESIAN_POINT('Ctrl Pts',(0.606217782649107,-0.35,-6.210625));
#8342=CARTESIAN_POINT('Ctrl Pts',(0.404145188432738,-0.7,-6.258125));
#8343=CARTESIAN_POINT('Ctrl Pts',(8.57252759403147E-17,-0.7,-6.305625));
#8344=CARTESIAN_POINT('Ctrl Pts',(-0.404145188432738,-0.7,-6.353125));
#8345=CARTESIAN_POINT('Ctrl Pts',(-0.606217782649107,-0.35,-6.400625));
#8346=CARTESIAN_POINT('Ctrl Pts',(-0.808290376865476,-1.48480533421487E-16,
-6.448125));
#8347=CARTESIAN_POINT('Ctrl Pts',(-0.606217782649108,0.35,-6.495625));
#8348=CARTESIAN_POINT('Ctrl Pts',(-0.404145188432739,0.7,-6.543125));
#8349=CARTESIAN_POINT('Ctrl Pts',(0.,0.7,-6.590625));
#8350=CARTESIAN_POINT('Ctrl Pts',(0.,0.391478449901792,-5.2725));
#8351=CARTESIAN_POINT('Ctrl Pts',(0.226020188432737,0.391478449901792,-5.32));
#8352=CARTESIAN_POINT('Ctrl Pts',(0.339030282649105,0.195739224950896,-5.3675));
#8353=CARTESIAN_POINT('Ctrl Pts',(0.452040376865474,2.76794900306833E-17,
-5.415));
#8354=CARTESIAN_POINT('Ctrl Pts',(0.339030282649106,-0.195739224950896,
-5.4625));
#8355=CARTESIAN_POINT('Ctrl Pts',(0.226020188432737,-0.391478449901792,
-5.51));
#8356=CARTESIAN_POINT('Ctrl Pts',(4.79422830607397E-17,-0.391478449901792,
-5.5575));
#8357=CARTESIAN_POINT('Ctrl Pts',(-0.226020188432737,-0.391478449901792,
-5.605));
#8358=CARTESIAN_POINT('Ctrl Pts',(-0.339030282649105,-0.195739224950896,
-5.6525));
#8359=CARTESIAN_POINT('Ctrl Pts',(-0.452040376865474,-8.30384700920499E-17,
-5.7));
#8360=CARTESIAN_POINT('Ctrl Pts',(-0.339030282649106,0.195739224950896,
-5.7475));
#8361=CARTESIAN_POINT('Ctrl Pts',(-0.226020188432737,0.391478449901792,
-5.795));
#8362=CARTESIAN_POINT('Ctrl Pts',(0.,0.391478449901792,-5.8425));
#8363=CARTESIAN_POINT('Ctrl Pts',(0.226020188432737,0.391478449901792,-5.89));
#8364=CARTESIAN_POINT('Ctrl Pts',(0.339030282649105,0.195739224950896,-5.9375));
#8365=CARTESIAN_POINT('Ctrl Pts',(0.452040376865474,2.76794900306833E-17,
-5.985));
#8366=CARTESIAN_POINT('Ctrl Pts',(0.339030282649106,-0.195739224950896,
-6.0325));
#8367=CARTESIAN_POINT('Ctrl Pts',(0.226020188432737,-0.391478449901792,
-6.08));
#8368=CARTESIAN_POINT('Ctrl Pts',(4.79422830607397E-17,-0.391478449901792,
-6.1275));
#8369=CARTESIAN_POINT('Ctrl Pts',(-0.226020188432737,-0.391478449901792,
-6.175));
#8370=CARTESIAN_POINT('Ctrl Pts',(-0.339030282649105,-0.195739224950896,
-6.2225));
#8371=CARTESIAN_POINT('Ctrl Pts',(-0.452040376865474,-8.30384700920499E-17,
-6.27));
#8372=CARTESIAN_POINT('Ctrl Pts',(-0.339030282649106,0.195739224950896,
-6.3175));
#8373=CARTESIAN_POINT('Ctrl Pts',(-0.226020188432737,0.391478449901792,
-6.365));
#8374=CARTESIAN_POINT('Ctrl Pts',(0.,0.391478449901792,-6.4125));
#8375=CARTESIAN_POINT('Origin',(0.,0.,0.));
#8376=CARTESIAN_POINT('Ctrl Pts',(-0.391478449901792,2.30549606221731E-15,
0.));
#8377=CARTESIAN_POINT('Ctrl Pts',(-0.403097158481794,-0.027642765290492,
0.));
#8378=CARTESIAN_POINT('Ctrl Pts',(-0.411305699572863,-0.0565968254546695,
1.83993046149443E-17));
#8379=CARTESIAN_POINT('Ctrl Pts',(-0.421280061673345,-0.119145569057022,
1.83993046149443E-17));
#8380=CARTESIAN_POINT('Ctrl Pts',(-0.422180985218445,-0.152630403833307,
-3.44018887600256E-17));
#8381=CARTESIAN_POINT('Ctrl Pts',(-0.416926987988989,-0.204787477074566,
-3.62657513146725E-17));
#8382=CARTESIAN_POINT('Ctrl Pts',(-0.413165505946157,-0.228414997580523,
0.));
#8383=CARTESIAN_POINT('Ctrl Pts',(-0.396107551577602,-0.289079740902494,
0.));
#8384=CARTESIAN_POINT('Ctrl Pts',(-0.385019817773331,-0.318359635236078,
5.4561485697782E-17));
#8385=CARTESIAN_POINT('Ctrl Pts',(-0.34205879409976,-0.407226345723123,
5.4561485697782E-17));
#8386=CARTESIAN_POINT('Ctrl Pts',(-0.30145541068517,-0.461704511963176,
-6.66818385339248E-15));
#8387=CARTESIAN_POINT('Ctrl Pts',(-0.198743210667982,-0.556040736907554,
-6.66818385339248E-15));
#8388=CARTESIAN_POINT('Ctrl Pts',(-0.136482729926582,-0.593624173257898,
1.78116547098988E-17));
#8389=CARTESIAN_POINT('Ctrl Pts',(-0.00646396931713331,-0.64085948704045,
1.78116547098988E-17));
#8390=CARTESIAN_POINT('Ctrl Pts',(0.0532421207777101,-0.649679382741387,
1.22461175757274E-18));
#8391=CARTESIAN_POINT('Ctrl Pts',(0.157733636055074,-0.657541922421063,
-1.47358250748249E-18));
#8392=CARTESIAN_POINT('Ctrl Pts',(0.21507076869274,-0.65484610842715,1.45676245987732E-18));
#8393=CARTESIAN_POINT('Ctrl Pts',(0.271477636746088,-0.645213059962954,
1.45676245987732E-18));
#8394=CARTESIAN_POINT('Ctrl Pts',(0.648917367620871,-0.2625,0.));
#8395=CARTESIAN_POINT('Ctrl Pts',(0.658220933800522,-0.20824952332406,0.));
#8396=CARTESIAN_POINT('Ctrl Pts',(0.660422408999566,-0.153024330737858,
1.8490032039685E-17));
#8397=CARTESIAN_POINT('Ctrl Pts',(0.650722981076281,-0.0479274375615515,
1.8490032039685E-17));
#8398=CARTESIAN_POINT('Ctrl Pts',(0.640004722562002,0.00160360672820143,
-1.85637813516779E-17));
#8399=CARTESIAN_POINT('Ctrl Pts',(0.597151064167799,0.124526398316241,-1.85637813516779E-17));
#8400=CARTESIAN_POINT('Ctrl Pts',(0.556697516161795,0.193837128869197,-2.11202953567381E-15));
#8401=CARTESIAN_POINT('Ctrl Pts',(0.493147105344458,0.266136821275317,-2.11202953567381E-15));
#8402=CARTESIAN_POINT('Ctrl Pts',(0.480732541137439,0.279308952688848,3.50015526601698E-17));
#8403=CARTESIAN_POINT('Ctrl Pts',(0.426620355179714,0.330280264263491,3.50015526601698E-17));
#8404=CARTESIAN_POINT('Ctrl Pts',(0.37907871708516,0.36133275978333,1.64790656107469E-17));
#8405=CARTESIAN_POINT('Ctrl Pts',(0.274995000606395,0.404851477558476,2.04017477037082E-17));
#8406=CARTESIAN_POINT('Ctrl Pts',(0.219335793702751,0.416866317321809,-2.43344548948855E-18));
#8407=CARTESIAN_POINT('Ctrl Pts',(0.107356917947918,0.419520661885621,-6.77200617742737E-18));
#8408=CARTESIAN_POINT('Ctrl Pts',(0.0522238542046499,0.410488178856298,
-1.23259516440783E-31));
#8409=CARTESIAN_POINT('Ctrl Pts',(-3.29622510246027E-16,0.391478449901793,
-1.23259516440783E-31));
#8410=CARTESIAN_POINT('Origin',(0.,0.,1.15));
#8411=CARTESIAN_POINT('',(-0.36193150098901,0.331175415239294,1.15));
#8412=CARTESIAN_POINT('Origin',(-0.384136393166136,0.221781249999999,1.15));
#8413=CARTESIAN_POINT('',(-0.105840572211585,0.479029581905962,1.15));
#8414=CARTESIAN_POINT('Origin',(-0.317521716634755,0.549963745717887,1.15));
#8415=CARTESIAN_POINT('',(0.105840572211585,0.479029581905963,1.15));
#8416=CARTESIAN_POINT('Origin',(0.,0.4435625,1.15));
#8417=CARTESIAN_POINT('Origin',(0.317521716634755,0.549963745717887,1.15));
#8418=CARTESIAN_POINT('Origin',(0.635043433269513,4.20390648815347E-15,
1.15));
#8419=CARTESIAN_POINT('Origin',(0.317521716634759,-0.549963745717885,1.15));
#8420=CARTESIAN_POINT('Origin',(-0.317521716634756,-0.549963745717887,1.15));
#8421=CARTESIAN_POINT('Ctrl Pts',(0.,0.391478449901792,-6.50521303491303E-16));
#8422=CARTESIAN_POINT('Ctrl Pts',(0.226020188432737,0.391478449901792,-0.0475000000000005));
#8423=CARTESIAN_POINT('Ctrl Pts',(0.339030282649106,0.195739224950896,-0.0950000000000004));
#8424=CARTESIAN_POINT('Ctrl Pts',(0.452040376865474,2.7679490030683E-17,
-0.1425));
#8425=CARTESIAN_POINT('Ctrl Pts',(0.339030282649106,-0.195739224950896,
-0.19));
#8426=CARTESIAN_POINT('Ctrl Pts',(0.226020188432737,-0.391478449901792,
-0.2375));
#8427=CARTESIAN_POINT('Ctrl Pts',(4.79422830607397E-17,-0.391478449901792,
-0.285));
#8428=CARTESIAN_POINT('Ctrl Pts',(-0.226020188432737,-0.391478449901792,
-0.3325));
#8429=CARTESIAN_POINT('Ctrl Pts',(-0.339030282649106,-0.195739224950896,
-0.38));
#8430=CARTESIAN_POINT('Ctrl Pts',(-0.452040376865474,-8.30384700920503E-17,
-0.4275));
#8431=CARTESIAN_POINT('Ctrl Pts',(-0.339030282649106,0.195739224950896,
-0.475));
#8432=CARTESIAN_POINT('Ctrl Pts',(-0.226020188432737,0.391478449901792,
-0.522499999999999));
#8433=CARTESIAN_POINT('Ctrl Pts',(0.,0.391478449901792,-0.569999999999999));
#8434=CARTESIAN_POINT('Ctrl Pts',(0.226020188432737,0.391478449901792,-0.617499999999999));
#8435=CARTESIAN_POINT('Ctrl Pts',(0.339030282649106,0.195739224950896,-0.664999999999999));
#8436=CARTESIAN_POINT('Ctrl Pts',(0.452040376865474,2.7679490030683E-17,
-0.712499999999999));
#8437=CARTESIAN_POINT('Ctrl Pts',(0.339030282649106,-0.195739224950896,
-0.759999999999999));
#8438=CARTESIAN_POINT('Ctrl Pts',(0.226020188432737,-0.391478449901792,
-0.807499999999999));
#8439=CARTESIAN_POINT('Ctrl Pts',(4.79422830607397E-17,-0.391478449901792,
-0.854999999999999));
#8440=CARTESIAN_POINT('Ctrl Pts',(-0.226020188432737,-0.391478449901792,
-0.902499999999998));
#8441=CARTESIAN_POINT('Ctrl Pts',(-0.339030282649106,-0.195739224950896,
-0.949999999999998));
#8442=CARTESIAN_POINT('Ctrl Pts',(-0.452040376865474,-8.30384700920503E-17,
-0.997499999999998));
#8443=CARTESIAN_POINT('Ctrl Pts',(-0.339030282649106,0.195739224950896,
-1.045));
#8444=CARTESIAN_POINT('Ctrl Pts',(-0.226020188432737,0.391478449901792,
-1.0925));
#8445=CARTESIAN_POINT('Ctrl Pts',(0.,0.391478449901792,-1.14));
#8446=CARTESIAN_POINT('Ctrl Pts',(0.,0.7,0.178125));
#8447=CARTESIAN_POINT('Ctrl Pts',(0.404145188432738,0.7,0.130625));
#8448=CARTESIAN_POINT('Ctrl Pts',(0.606217782649107,0.35,0.0831249999999997));
#8449=CARTESIAN_POINT('Ctrl Pts',(0.808290376865476,4.94935111404954E-17,
0.0356249999999998));
#8450=CARTESIAN_POINT('Ctrl Pts',(0.606217782649107,-0.35,-0.0118750000000001));
#8451=CARTESIAN_POINT('Ctrl Pts',(0.404145188432738,-0.7,-0.0593749999999999));
#8452=CARTESIAN_POINT('Ctrl Pts',(8.57252759403147E-17,-0.7,-0.106875));
#8453=CARTESIAN_POINT('Ctrl Pts',(-0.404145188432738,-0.7,-0.154375));
#8454=CARTESIAN_POINT('Ctrl Pts',(-0.606217782649107,-0.35,-0.201875));
#8455=CARTESIAN_POINT('Ctrl Pts',(-0.808290376865476,-1.48480533421487E-16,
-0.249374999999999));
#8456=CARTESIAN_POINT('Ctrl Pts',(-0.606217782649108,0.35,-0.296874999999999));
#8457=CARTESIAN_POINT('Ctrl Pts',(-0.404145188432739,0.7,-0.344374999999999));
#8458=CARTESIAN_POINT('Ctrl Pts',(0.,0.7,-0.391874999999999));
#8459=CARTESIAN_POINT('Ctrl Pts',(0.404145188432738,0.7,-0.439374999999999));
#8460=CARTESIAN_POINT('Ctrl Pts',(0.606217782649107,0.35,-0.486874999999999));
#8461=CARTESIAN_POINT('Ctrl Pts',(0.808290376865476,4.94935111404954E-17,
-0.534374999999999));
#8462=CARTESIAN_POINT('Ctrl Pts',(0.606217782649107,-0.35,-0.581874999999999));
#8463=CARTESIAN_POINT('Ctrl Pts',(0.404145188432738,-0.7,-0.629374999999999));
#8464=CARTESIAN_POINT('Ctrl Pts',(8.57252759403147E-17,-0.7,-0.676874999999998));
#8465=CARTESIAN_POINT('Ctrl Pts',(-0.404145188432738,-0.7,-0.724374999999998));
#8466=CARTESIAN_POINT('Ctrl Pts',(-0.606217782649107,-0.35,-0.771874999999998));
#8467=CARTESIAN_POINT('Ctrl Pts',(-0.808290376865476,-1.48480533421487E-16,
-0.819374999999998));
#8468=CARTESIAN_POINT('Ctrl Pts',(-0.606217782649108,0.35,-0.866874999999998));
#8469=CARTESIAN_POINT('Ctrl Pts',(-0.404145188432739,0.7,-0.914374999999998));
#8470=CARTESIAN_POINT('Ctrl Pts',(0.,0.7,-0.961874999999998));
#8471=CARTESIAN_POINT('',(-8.89644363630892E-15,-0.391478449901792,-0.855000000000001));
#8472=CARTESIAN_POINT('Ctrl Pts',(0.,0.7,0.249374999999999));
#8473=CARTESIAN_POINT('Ctrl Pts',(0.404145188432738,0.7,0.201875));
#8474=CARTESIAN_POINT('Ctrl Pts',(0.606217782649107,0.35,0.154375));
#8475=CARTESIAN_POINT('Ctrl Pts',(0.808290376865476,4.94935111404954E-17,
0.106875));
#8476=CARTESIAN_POINT('Ctrl Pts',(0.606217782649107,-0.35,0.059375));
#8477=CARTESIAN_POINT('Ctrl Pts',(0.404145188432738,-0.7,0.0118750000000001));
#8478=CARTESIAN_POINT('Ctrl Pts',(8.57252759403147E-17,-0.7,-0.0356249999999998));
#8479=CARTESIAN_POINT('Ctrl Pts',(-0.404145188432738,-0.7,-0.0831249999999996));
#8480=CARTESIAN_POINT('Ctrl Pts',(-0.606217782649107,-0.35,-0.130625));
#8481=CARTESIAN_POINT('Ctrl Pts',(-0.808290376865476,-1.48480533421487E-16,
-0.178125));
#8482=CARTESIAN_POINT('Ctrl Pts',(-0.606217782649108,0.35,-0.225624999999999));
#8483=CARTESIAN_POINT('Ctrl Pts',(-0.404145188432739,0.7,-0.273124999999999));
#8484=CARTESIAN_POINT('Ctrl Pts',(0.,0.7,-0.320624999999999));
#8485=CARTESIAN_POINT('Ctrl Pts',(0.404145188432738,0.7,-0.368124999999999));
#8486=CARTESIAN_POINT('Ctrl Pts',(0.606217782649107,0.35,-0.415624999999999));
#8487=CARTESIAN_POINT('Ctrl Pts',(0.808290376865476,4.94935111404954E-17,
-0.463124999999999));
#8488=CARTESIAN_POINT('Ctrl Pts',(0.606217782649107,-0.35,-0.510624999999999));
#8489=CARTESIAN_POINT('Ctrl Pts',(0.404145188432738,-0.7,-0.558124999999999));
#8490=CARTESIAN_POINT('Ctrl Pts',(8.57252759403147E-17,-0.7,-0.605624999999998));
#8491=CARTESIAN_POINT('Ctrl Pts',(-0.404145188432738,-0.7,-0.653124999999998));
#8492=CARTESIAN_POINT('Ctrl Pts',(-0.606217782649107,-0.35,-0.700624999999998));
#8493=CARTESIAN_POINT('Ctrl Pts',(-0.808290376865476,-1.48480533421487E-16,
-0.748124999999998));
#8494=CARTESIAN_POINT('Ctrl Pts',(-0.606217782649108,0.35,-0.795624999999998));
#8495=CARTESIAN_POINT('Ctrl Pts',(-0.404145188432739,0.7,-0.843124999999998));
#8496=CARTESIAN_POINT('Ctrl Pts',(0.,0.7,-0.890624999999998));
#8497=CARTESIAN_POINT('Ctrl Pts',(0.,0.391478449901792,0.4275));
#8498=CARTESIAN_POINT('Ctrl Pts',(0.226020188432737,0.391478449901792,0.38));
#8499=CARTESIAN_POINT('Ctrl Pts',(0.339030282649106,0.195739224950896,0.3325));
#8500=CARTESIAN_POINT('Ctrl Pts',(0.452040376865474,2.7679490030683E-17,
0.285));
#8501=CARTESIAN_POINT('Ctrl Pts',(0.339030282649106,-0.195739224950896,
0.2375));
#8502=CARTESIAN_POINT('Ctrl Pts',(0.226020188432737,-0.391478449901792,
0.19));
#8503=CARTESIAN_POINT('Ctrl Pts',(4.79422830607397E-17,-0.391478449901792,
0.1425));
#8504=CARTESIAN_POINT('Ctrl Pts',(-0.226020188432737,-0.391478449901792,
0.0950000000000005));
#8505=CARTESIAN_POINT('Ctrl Pts',(-0.339030282649105,-0.195739224950896,
0.0475000000000006));
#8506=CARTESIAN_POINT('Ctrl Pts',(-0.452040376865474,-8.30384700920502E-17,
6.50521303491303E-16));
#8507=CARTESIAN_POINT('Ctrl Pts',(-0.339030282649106,0.195739224950896,
-0.0474999999999992));
#8508=CARTESIAN_POINT('Ctrl Pts',(-0.226020188432737,0.391478449901792,
-0.0949999999999991));
#8509=CARTESIAN_POINT('Ctrl Pts',(0.,0.391478449901792,-0.142499999999999));
#8510=CARTESIAN_POINT('Ctrl Pts',(0.226020188432737,0.391478449901792,-0.189999999999999));
#8511=CARTESIAN_POINT('Ctrl Pts',(0.339030282649106,0.195739224950896,-0.237499999999999));
#8512=CARTESIAN_POINT('Ctrl Pts',(0.452040376865474,2.7679490030683E-17,
-0.284999999999999));
#8513=CARTESIAN_POINT('Ctrl Pts',(0.339030282649106,-0.195739224950896,
-0.332499999999998));
#8514=CARTESIAN_POINT('Ctrl Pts',(0.226020188432737,-0.391478449901792,
-0.379999999999998));
#8515=CARTESIAN_POINT('Ctrl Pts',(4.79422830607397E-17,-0.391478449901792,
-0.427499999999998));
#8516=CARTESIAN_POINT('Ctrl Pts',(-0.226020188432737,-0.391478449901792,
-0.474999999999998));
#8517=CARTESIAN_POINT('Ctrl Pts',(-0.339030282649105,-0.195739224950896,
-0.522499999999998));
#8518=CARTESIAN_POINT('Ctrl Pts',(-0.452040376865474,-8.30384700920502E-17,
-0.569999999999998));
#8519=CARTESIAN_POINT('Ctrl Pts',(-0.339030282649106,0.195739224950896,
-0.617499999999998));
#8520=CARTESIAN_POINT('Ctrl Pts',(-0.226020188432737,0.391478449901792,
-0.664999999999998));
#8521=CARTESIAN_POINT('Ctrl Pts',(0.,0.391478449901792,-0.712499999999998));
#8522=CARTESIAN_POINT('',(-1.59076714107213E-14,-0.7,-0.605625000000001));
#8523=CARTESIAN_POINT('Ctrl Pts',(0.,0.7,-0.320625));
#8524=CARTESIAN_POINT('Ctrl Pts',(0.404145188432738,0.7,-0.368125));
#8525=CARTESIAN_POINT('Ctrl Pts',(0.606217782649107,0.35,-0.415625));
#8526=CARTESIAN_POINT('Ctrl Pts',(0.808290376865476,4.94935111404957E-17,
-0.463125));
#8527=CARTESIAN_POINT('Ctrl Pts',(0.606217782649107,-0.35,-0.510625));
#8528=CARTESIAN_POINT('Ctrl Pts',(0.404145188432738,-0.7,-0.558125));
#8529=CARTESIAN_POINT('Ctrl Pts',(8.57252759403147E-17,-0.7,-0.605625));
#8530=CARTESIAN_POINT('Ctrl Pts',(-0.404145188432738,-0.7,-0.653125));
#8531=CARTESIAN_POINT('Ctrl Pts',(-0.606217782649107,-0.35,-0.700625));
#8532=CARTESIAN_POINT('Ctrl Pts',(-0.808290376865476,-1.48480533421487E-16,
-0.748125));
#8533=CARTESIAN_POINT('Ctrl Pts',(-0.606217782649108,0.35,-0.795624999999999));
#8534=CARTESIAN_POINT('Ctrl Pts',(-0.404145188432739,0.7,-0.843124999999999));
#8535=CARTESIAN_POINT('Ctrl Pts',(0.,0.7,-0.890624999999999));
#8536=CARTESIAN_POINT('Ctrl Pts',(0.404145188432738,0.7,-0.938124999999999));
#8537=CARTESIAN_POINT('Ctrl Pts',(0.606217782649107,0.35,-0.985624999999999));
#8538=CARTESIAN_POINT('Ctrl Pts',(0.808290376865476,4.94935111404957E-17,
-1.033125));
#8539=CARTESIAN_POINT('Ctrl Pts',(0.606217782649107,-0.35,-1.080625));
#8540=CARTESIAN_POINT('Ctrl Pts',(0.404145188432738,-0.7,-1.128125));
#8541=CARTESIAN_POINT('Ctrl Pts',(8.57252759403147E-17,-0.7,-1.175625));
#8542=CARTESIAN_POINT('Ctrl Pts',(-0.404145188432738,-0.7,-1.223125));
#8543=CARTESIAN_POINT('Ctrl Pts',(-0.606217782649107,-0.35,-1.270625));
#8544=CARTESIAN_POINT('Ctrl Pts',(-0.808290376865476,-1.48480533421487E-16,
-1.318125));
#8545=CARTESIAN_POINT('Ctrl Pts',(-0.606217782649108,0.35,-1.365625));
#8546=CARTESIAN_POINT('Ctrl Pts',(-0.404145188432739,0.7,-1.413125));
#8547=CARTESIAN_POINT('Ctrl Pts',(0.,0.7,-1.460625));
#8548=CARTESIAN_POINT('Ctrl Pts',(0.,0.391478449901792,-0.1425));
#8549=CARTESIAN_POINT('Ctrl Pts',(0.226020188432737,0.391478449901792,-0.19));
#8550=CARTESIAN_POINT('Ctrl Pts',(0.339030282649106,0.195739224950896,-0.2375));
#8551=CARTESIAN_POINT('Ctrl Pts',(0.452040376865474,2.76794900306833E-17,
-0.285));
#8552=CARTESIAN_POINT('Ctrl Pts',(0.339030282649106,-0.195739224950896,
-0.3325));
#8553=CARTESIAN_POINT('Ctrl Pts',(0.226020188432737,-0.391478449901792,
-0.38));
#8554=CARTESIAN_POINT('Ctrl Pts',(4.79422830607397E-17,-0.391478449901792,
-0.4275));
#8555=CARTESIAN_POINT('Ctrl Pts',(-0.226020188432737,-0.391478449901792,
-0.475));
#8556=CARTESIAN_POINT('Ctrl Pts',(-0.339030282649105,-0.195739224950896,
-0.522499999999999));
#8557=CARTESIAN_POINT('Ctrl Pts',(-0.452040376865474,-8.30384700920499E-17,
-0.569999999999999));
#8558=CARTESIAN_POINT('Ctrl Pts',(-0.339030282649106,0.195739224950896,
-0.617499999999999));
#8559=CARTESIAN_POINT('Ctrl Pts',(-0.226020188432737,0.391478449901792,
-0.664999999999999));
#8560=CARTESIAN_POINT('Ctrl Pts',(0.,0.391478449901792,-0.712499999999999));
#8561=CARTESIAN_POINT('Ctrl Pts',(0.226020188432737,0.391478449901792,-0.759999999999999));
#8562=CARTESIAN_POINT('Ctrl Pts',(0.339030282649106,0.195739224950896,-0.807499999999999));
#8563=CARTESIAN_POINT('Ctrl Pts',(0.452040376865474,2.76794900306833E-17,
-0.854999999999999));
#8564=CARTESIAN_POINT('Ctrl Pts',(0.339030282649106,-0.195739224950896,
-0.902499999999998));
#8565=CARTESIAN_POINT('Ctrl Pts',(0.226020188432737,-0.391478449901792,
-0.949999999999999));
#8566=CARTESIAN_POINT('Ctrl Pts',(4.79422830607397E-17,-0.391478449901792,
-0.997499999999998));
#8567=CARTESIAN_POINT('Ctrl Pts',(-0.226020188432737,-0.391478449901792,
-1.045));
#8568=CARTESIAN_POINT('Ctrl Pts',(-0.339030282649105,-0.195739224950896,
-1.0925));
#8569=CARTESIAN_POINT('Ctrl Pts',(-0.452040376865474,-8.30384700920499E-17,
-1.14));
#8570=CARTESIAN_POINT('Ctrl Pts',(-0.339030282649106,0.195739224950896,
-1.1875));
#8571=CARTESIAN_POINT('Ctrl Pts',(-0.226020188432737,0.391478449901792,
-1.235));
#8572=CARTESIAN_POINT('Ctrl Pts',(0.,0.391478449901792,-1.2825));
#8573=CARTESIAN_POINT('',(-1.59076714107213E-14,-0.7,-1.175625));
#8574=CARTESIAN_POINT('Ctrl Pts',(0.,0.391478449901792,-0.570000000000001));
#8575=CARTESIAN_POINT('Ctrl Pts',(0.226020188432737,0.391478449901792,-0.617500000000001));
#8576=CARTESIAN_POINT('Ctrl Pts',(0.339030282649106,0.195739224950896,-0.665));
#8577=CARTESIAN_POINT('Ctrl Pts',(0.452040376865474,2.76794900306833E-17,
-0.7125));
#8578=CARTESIAN_POINT('Ctrl Pts',(0.339030282649106,-0.195739224950896,
-0.76));
#8579=CARTESIAN_POINT('Ctrl Pts',(0.226020188432737,-0.391478449901792,
-0.8075));
#8580=CARTESIAN_POINT('Ctrl Pts',(4.79422830607397E-17,-0.391478449901792,
-0.855));
#8581=CARTESIAN_POINT('Ctrl Pts',(-0.226020188432737,-0.391478449901792,
-0.9025));
#8582=CARTESIAN_POINT('Ctrl Pts',(-0.339030282649106,-0.195739224950896,
-0.95));
#8583=CARTESIAN_POINT('Ctrl Pts',(-0.452040376865474,-8.303847009205E-17,
-0.9975));
#8584=CARTESIAN_POINT('Ctrl Pts',(-0.339030282649106,0.195739224950896,
-1.045));
#8585=CARTESIAN_POINT('Ctrl Pts',(-0.226020188432737,0.391478449901792,
-1.0925));
#8586=CARTESIAN_POINT('Ctrl Pts',(0.,0.391478449901792,-1.14));
#8587=CARTESIAN_POINT('Ctrl Pts',(0.226020188432737,0.391478449901792,-1.1875));
#8588=CARTESIAN_POINT('Ctrl Pts',(0.339030282649106,0.195739224950896,-1.235));
#8589=CARTESIAN_POINT('Ctrl Pts',(0.452040376865474,2.76794900306833E-17,
-1.2825));
#8590=CARTESIAN_POINT('Ctrl Pts',(0.339030282649106,-0.195739224950896,
-1.33));
#8591=CARTESIAN_POINT('Ctrl Pts',(0.226020188432737,-0.391478449901792,
-1.3775));
#8592=CARTESIAN_POINT('Ctrl Pts',(4.79422830607397E-17,-0.391478449901792,
-1.425));
#8593=CARTESIAN_POINT('Ctrl Pts',(-0.226020188432737,-0.391478449901792,
-1.4725));
#8594=CARTESIAN_POINT('Ctrl Pts',(-0.339030282649106,-0.195739224950896,
-1.52));
#8595=CARTESIAN_POINT('Ctrl Pts',(-0.452040376865474,-8.303847009205E-17,
-1.5675));
#8596=CARTESIAN_POINT('Ctrl Pts',(-0.339030282649106,0.195739224950896,
-1.615));
#8597=CARTESIAN_POINT('Ctrl Pts',(-0.226020188432737,0.391478449901792,
-1.6625));
#8598=CARTESIAN_POINT('Ctrl Pts',(0.,0.391478449901792,-1.71));
#8599=CARTESIAN_POINT('Ctrl Pts',(0.,0.7,-0.391875000000001));
#8600=CARTESIAN_POINT('Ctrl Pts',(0.404145188432738,0.7,-0.439375));
#8601=CARTESIAN_POINT('Ctrl Pts',(0.606217782649107,0.35,-0.486875));
#8602=CARTESIAN_POINT('Ctrl Pts',(0.808290376865476,4.94935111404957E-17,
-0.534375));
#8603=CARTESIAN_POINT('Ctrl Pts',(0.606217782649107,-0.35,-0.581875));
#8604=CARTESIAN_POINT('Ctrl Pts',(0.404145188432738,-0.7,-0.629375));
#8605=CARTESIAN_POINT('Ctrl Pts',(8.57252759403147E-17,-0.7,-0.676875));
#8606=CARTESIAN_POINT('Ctrl Pts',(-0.404145188432738,-0.7,-0.724375));
#8607=CARTESIAN_POINT('Ctrl Pts',(-0.606217782649107,-0.35,-0.771875));
#8608=CARTESIAN_POINT('Ctrl Pts',(-0.808290376865476,-1.48480533421487E-16,
-0.819374999999999));
#8609=CARTESIAN_POINT('Ctrl Pts',(-0.606217782649108,0.35,-0.866874999999999));
#8610=CARTESIAN_POINT('Ctrl Pts',(-0.404145188432739,0.7,-0.914374999999999));
#8611=CARTESIAN_POINT('Ctrl Pts',(0.,0.7,-0.961874999999999));
#8612=CARTESIAN_POINT('Ctrl Pts',(0.404145188432738,0.7,-1.009375));
#8613=CARTESIAN_POINT('Ctrl Pts',(0.606217782649107,0.35,-1.056875));
#8614=CARTESIAN_POINT('Ctrl Pts',(0.808290376865476,4.94935111404957E-17,
-1.104375));
#8615=CARTESIAN_POINT('Ctrl Pts',(0.606217782649107,-0.35,-1.151875));
#8616=CARTESIAN_POINT('Ctrl Pts',(0.404145188432738,-0.7,-1.199375));
#8617=CARTESIAN_POINT('Ctrl Pts',(8.57252759403147E-17,-0.7,-1.246875));
#8618=CARTESIAN_POINT('Ctrl Pts',(-0.404145188432738,-0.7,-1.294375));
#8619=CARTESIAN_POINT('Ctrl Pts',(-0.606217782649107,-0.35,-1.341875));
#8620=CARTESIAN_POINT('Ctrl Pts',(-0.808290376865476,-1.48480533421487E-16,
-1.389375));
#8621=CARTESIAN_POINT('Ctrl Pts',(-0.606217782649108,0.35,-1.436875));
#8622=CARTESIAN_POINT('Ctrl Pts',(-0.404145188432739,0.7,-1.484375));
#8623=CARTESIAN_POINT('Ctrl Pts',(0.,0.7,-1.531875));
#8624=CARTESIAN_POINT('',(-8.89644363630892E-15,-0.391478449901792,-1.425));
#8625=CARTESIAN_POINT('Ctrl Pts',(0.,0.391478449901792,-1.14));
#8626=CARTESIAN_POINT('Ctrl Pts',(0.226020188432737,0.391478449901792,-1.1875));
#8627=CARTESIAN_POINT('Ctrl Pts',(0.339030282649106,0.195739224950896,-1.235));
#8628=CARTESIAN_POINT('Ctrl Pts',(0.452040376865474,2.76794900306833E-17,
-1.2825));
#8629=CARTESIAN_POINT('Ctrl Pts',(0.339030282649106,-0.195739224950896,
-1.33));
#8630=CARTESIAN_POINT('Ctrl Pts',(0.226020188432737,-0.391478449901792,
-1.3775));
#8631=CARTESIAN_POINT('Ctrl Pts',(4.79422830607397E-17,-0.391478449901792,
-1.425));
#8632=CARTESIAN_POINT('Ctrl Pts',(-0.226020188432737,-0.391478449901792,
-1.4725));
#8633=CARTESIAN_POINT('Ctrl Pts',(-0.339030282649106,-0.195739224950896,
-1.52));
#8634=CARTESIAN_POINT('Ctrl Pts',(-0.452040376865474,-8.303847009205E-17,
-1.5675));
#8635=CARTESIAN_POINT('Ctrl Pts',(-0.339030282649106,0.195739224950896,
-1.615));
#8636=CARTESIAN_POINT('Ctrl Pts',(-0.226020188432737,0.391478449901792,
-1.6625));
#8637=CARTESIAN_POINT('Ctrl Pts',(0.,0.391478449901792,-1.71));
#8638=CARTESIAN_POINT('Ctrl Pts',(0.226020188432737,0.391478449901792,-1.7575));
#8639=CARTESIAN_POINT('Ctrl Pts',(0.339030282649106,0.195739224950896,-1.805));
#8640=CARTESIAN_POINT('Ctrl Pts',(0.452040376865474,2.76794900306833E-17,
-1.8525));
#8641=CARTESIAN_POINT('Ctrl Pts',(0.339030282649106,-0.195739224950896,
-1.9));
#8642=CARTESIAN_POINT('Ctrl Pts',(0.226020188432737,-0.391478449901792,
-1.9475));
#8643=CARTESIAN_POINT('Ctrl Pts',(4.79422830607397E-17,-0.391478449901792,
-1.995));
#8644=CARTESIAN_POINT('Ctrl Pts',(-0.226020188432737,-0.391478449901792,
-2.0425));
#8645=CARTESIAN_POINT('Ctrl Pts',(-0.339030282649106,-0.195739224950896,
-2.09));
#8646=CARTESIAN_POINT('Ctrl Pts',(-0.452040376865474,-8.303847009205E-17,
-2.1375));
#8647=CARTESIAN_POINT('Ctrl Pts',(-0.339030282649106,0.195739224950896,
-2.185));
#8648=CARTESIAN_POINT('Ctrl Pts',(-0.226020188432737,0.391478449901792,
-2.2325));
#8649=CARTESIAN_POINT('Ctrl Pts',(0.,0.391478449901792,-2.28));
#8650=CARTESIAN_POINT('Ctrl Pts',(0.,0.7,-0.961875));
#8651=CARTESIAN_POINT('Ctrl Pts',(0.404145188432738,0.7,-1.009375));
#8652=CARTESIAN_POINT('Ctrl Pts',(0.606217782649107,0.35,-1.056875));
#8653=CARTESIAN_POINT('Ctrl Pts',(0.808290376865476,4.94935111404957E-17,
-1.104375));
#8654=CARTESIAN_POINT('Ctrl Pts',(0.606217782649107,-0.35,-1.151875));
#8655=CARTESIAN_POINT('Ctrl Pts',(0.404145188432738,-0.7,-1.199375));
#8656=CARTESIAN_POINT('Ctrl Pts',(8.57252759403147E-17,-0.7,-1.246875));
#8657=CARTESIAN_POINT('Ctrl Pts',(-0.404145188432738,-0.7,-1.294375));
#8658=CARTESIAN_POINT('Ctrl Pts',(-0.606217782649107,-0.35,-1.341875));
#8659=CARTESIAN_POINT('Ctrl Pts',(-0.808290376865476,-1.48480533421487E-16,
-1.389375));
#8660=CARTESIAN_POINT('Ctrl Pts',(-0.606217782649108,0.35,-1.436875));
#8661=CARTESIAN_POINT('Ctrl Pts',(-0.404145188432739,0.7,-1.484375));
#8662=CARTESIAN_POINT('Ctrl Pts',(0.,0.7,-1.531875));
#8663=CARTESIAN_POINT('Ctrl Pts',(0.404145188432738,0.7,-1.579375));
#8664=CARTESIAN_POINT('Ctrl Pts',(0.606217782649107,0.35,-1.626875));
#8665=CARTESIAN_POINT('Ctrl Pts',(0.808290376865476,4.94935111404957E-17,
-1.674375));
#8666=CARTESIAN_POINT('Ctrl Pts',(0.606217782649107,-0.35,-1.721875));
#8667=CARTESIAN_POINT('Ctrl Pts',(0.404145188432738,-0.7,-1.769375));
#8668=CARTESIAN_POINT('Ctrl Pts',(8.57252759403147E-17,-0.7,-1.816875));
#8669=CARTESIAN_POINT('Ctrl Pts',(-0.404145188432738,-0.7,-1.864375));
#8670=CARTESIAN_POINT('Ctrl Pts',(-0.606217782649107,-0.35,-1.911875));
#8671=CARTESIAN_POINT('Ctrl Pts',(-0.808290376865476,-1.48480533421487E-16,
-1.959375));
#8672=CARTESIAN_POINT('Ctrl Pts',(-0.606217782649108,0.35,-2.006875));
#8673=CARTESIAN_POINT('Ctrl Pts',(-0.404145188432739,0.7,-2.054375));
#8674=CARTESIAN_POINT('Ctrl Pts',(0.,0.7,-2.101875));
#8675=CARTESIAN_POINT('',(-8.89644363630892E-15,-0.391478449901792,-1.995));
#8676=CARTESIAN_POINT('Ctrl Pts',(0.,0.7,-0.890625));
#8677=CARTESIAN_POINT('Ctrl Pts',(0.404145188432738,0.7,-0.938125));
#8678=CARTESIAN_POINT('Ctrl Pts',(0.606217782649107,0.35,-0.985625));
#8679=CARTESIAN_POINT('Ctrl Pts',(0.808290376865476,4.94935111404957E-17,
-1.033125));
#8680=CARTESIAN_POINT('Ctrl Pts',(0.606217782649107,-0.35,-1.080625));
#8681=CARTESIAN_POINT('Ctrl Pts',(0.404145188432738,-0.7,-1.128125));
#8682=CARTESIAN_POINT('Ctrl Pts',(8.57252759403147E-17,-0.7,-1.175625));
#8683=CARTESIAN_POINT('Ctrl Pts',(-0.404145188432738,-0.7,-1.223125));
#8684=CARTESIAN_POINT('Ctrl Pts',(-0.606217782649107,-0.35,-1.270625));
#8685=CARTESIAN_POINT('Ctrl Pts',(-0.808290376865476,-1.48480533421487E-16,
-1.318125));
#8686=CARTESIAN_POINT('Ctrl Pts',(-0.606217782649108,0.35,-1.365625));
#8687=CARTESIAN_POINT('Ctrl Pts',(-0.404145188432739,0.7,-1.413125));
#8688=CARTESIAN_POINT('Ctrl Pts',(0.,0.7,-1.460625));
#8689=CARTESIAN_POINT('Ctrl Pts',(0.404145188432738,0.7,-1.508125));
#8690=CARTESIAN_POINT('Ctrl Pts',(0.606217782649107,0.35,-1.555625));
#8691=CARTESIAN_POINT('Ctrl Pts',(0.808290376865476,4.94935111404957E-17,
-1.603125));
#8692=CARTESIAN_POINT('Ctrl Pts',(0.606217782649107,-0.35,-1.650625));
#8693=CARTESIAN_POINT('Ctrl Pts',(0.404145188432738,-0.7,-1.698125));
#8694=CARTESIAN_POINT('Ctrl Pts',(8.57252759403147E-17,-0.7,-1.745625));
#8695=CARTESIAN_POINT('Ctrl Pts',(-0.404145188432738,-0.7,-1.793125));
#8696=CARTESIAN_POINT('Ctrl Pts',(-0.606217782649107,-0.35,-1.840625));
#8697=CARTESIAN_POINT('Ctrl Pts',(-0.808290376865476,-1.48480533421487E-16,
-1.888125));
#8698=CARTESIAN_POINT('Ctrl Pts',(-0.606217782649108,0.35,-1.935625));
#8699=CARTESIAN_POINT('Ctrl Pts',(-0.404145188432739,0.7,-1.983125));
#8700=CARTESIAN_POINT('Ctrl Pts',(0.,0.7,-2.030625));
#8701=CARTESIAN_POINT('Ctrl Pts',(0.,0.391478449901792,-0.7125));
#8702=CARTESIAN_POINT('Ctrl Pts',(0.226020188432737,0.391478449901792,-0.76));
#8703=CARTESIAN_POINT('Ctrl Pts',(0.339030282649106,0.195739224950896,-0.8075));
#8704=CARTESIAN_POINT('Ctrl Pts',(0.452040376865474,2.76794900306833E-17,
-0.855));
#8705=CARTESIAN_POINT('Ctrl Pts',(0.339030282649106,-0.195739224950896,
-0.9025));
#8706=CARTESIAN_POINT('Ctrl Pts',(0.226020188432737,-0.391478449901792,
-0.95));
#8707=CARTESIAN_POINT('Ctrl Pts',(4.79422830607397E-17,-0.391478449901792,
-0.9975));
#8708=CARTESIAN_POINT('Ctrl Pts',(-0.226020188432737,-0.391478449901792,
-1.045));
#8709=CARTESIAN_POINT('Ctrl Pts',(-0.339030282649105,-0.195739224950896,
-1.0925));
#8710=CARTESIAN_POINT('Ctrl Pts',(-0.452040376865474,-8.30384700920499E-17,
-1.14));
#8711=CARTESIAN_POINT('Ctrl Pts',(-0.339030282649106,0.195739224950896,
-1.1875));
#8712=CARTESIAN_POINT('Ctrl Pts',(-0.226020188432737,0.391478449901792,
-1.235));
#8713=CARTESIAN_POINT('Ctrl Pts',(0.,0.391478449901792,-1.2825));
#8714=CARTESIAN_POINT('Ctrl Pts',(0.226020188432737,0.391478449901792,-1.33));
#8715=CARTESIAN_POINT('Ctrl Pts',(0.339030282649106,0.195739224950896,-1.3775));
#8716=CARTESIAN_POINT('Ctrl Pts',(0.452040376865474,2.76794900306833E-17,
-1.425));
#8717=CARTESIAN_POINT('Ctrl Pts',(0.339030282649106,-0.195739224950896,
-1.4725));
#8718=CARTESIAN_POINT('Ctrl Pts',(0.226020188432737,-0.391478449901792,
-1.52));
#8719=CARTESIAN_POINT('Ctrl Pts',(4.79422830607397E-17,-0.391478449901792,
-1.5675));
#8720=CARTESIAN_POINT('Ctrl Pts',(-0.226020188432737,-0.391478449901792,
-1.615));
#8721=CARTESIAN_POINT('Ctrl Pts',(-0.339030282649105,-0.195739224950896,
-1.6625));
#8722=CARTESIAN_POINT('Ctrl Pts',(-0.452040376865474,-8.30384700920499E-17,
-1.71));
#8723=CARTESIAN_POINT('Ctrl Pts',(-0.339030282649106,0.195739224950896,
-1.7575));
#8724=CARTESIAN_POINT('Ctrl Pts',(-0.226020188432737,0.391478449901792,
-1.805));
#8725=CARTESIAN_POINT('Ctrl Pts',(0.,0.391478449901792,-1.8525));
#8726=CARTESIAN_POINT('',(-1.59076714107213E-14,-0.7,-1.745625));
#8727=CARTESIAN_POINT('Ctrl Pts',(0.,0.7,-1.460625));
#8728=CARTESIAN_POINT('Ctrl Pts',(0.404145188432738,0.7,-1.508125));
#8729=CARTESIAN_POINT('Ctrl Pts',(0.606217782649107,0.35,-1.555625));
#8730=CARTESIAN_POINT('Ctrl Pts',(0.808290376865476,4.94935111404957E-17,
-1.603125));
#8731=CARTESIAN_POINT('Ctrl Pts',(0.606217782649107,-0.35,-1.650625));
#8732=CARTESIAN_POINT('Ctrl Pts',(0.404145188432738,-0.7,-1.698125));
#8733=CARTESIAN_POINT('Ctrl Pts',(8.57252759403147E-17,-0.7,-1.745625));
#8734=CARTESIAN_POINT('Ctrl Pts',(-0.404145188432738,-0.7,-1.793125));
#8735=CARTESIAN_POINT('Ctrl Pts',(-0.606217782649107,-0.35,-1.840625));
#8736=CARTESIAN_POINT('Ctrl Pts',(-0.808290376865476,-1.48480533421487E-16,
-1.888125));
#8737=CARTESIAN_POINT('Ctrl Pts',(-0.606217782649108,0.35,-1.935625));
#8738=CARTESIAN_POINT('Ctrl Pts',(-0.404145188432739,0.7,-1.983125));
#8739=CARTESIAN_POINT('Ctrl Pts',(0.,0.7,-2.030625));
#8740=CARTESIAN_POINT('Ctrl Pts',(0.404145188432738,0.7,-2.078125));
#8741=CARTESIAN_POINT('Ctrl Pts',(0.606217782649107,0.35,-2.125625));
#8742=CARTESIAN_POINT('Ctrl Pts',(0.808290376865476,4.94935111404957E-17,
-2.173125));
#8743=CARTESIAN_POINT('Ctrl Pts',(0.606217782649107,-0.35,-2.220625));
#8744=CARTESIAN_POINT('Ctrl Pts',(0.404145188432738,-0.7,-2.268125));
#8745=CARTESIAN_POINT('Ctrl Pts',(8.57252759403147E-17,-0.7,-2.315625));
#8746=CARTESIAN_POINT('Ctrl Pts',(-0.404145188432738,-0.7,-2.363125));
#8747=CARTESIAN_POINT('Ctrl Pts',(-0.606217782649107,-0.35,-2.410625));
#8748=CARTESIAN_POINT('Ctrl Pts',(-0.808290376865476,-1.48480533421487E-16,
-2.458125));
#8749=CARTESIAN_POINT('Ctrl Pts',(-0.606217782649108,0.35,-2.505625));
#8750=CARTESIAN_POINT('Ctrl Pts',(-0.404145188432739,0.7,-2.553125));
#8751=CARTESIAN_POINT('Ctrl Pts',(0.,0.7,-2.600625));
#8752=CARTESIAN_POINT('Ctrl Pts',(0.,0.391478449901792,-1.2825));
#8753=CARTESIAN_POINT('Ctrl Pts',(0.226020188432737,0.391478449901792,-1.33));
#8754=CARTESIAN_POINT('Ctrl Pts',(0.339030282649105,0.195739224950896,-1.3775));
#8755=CARTESIAN_POINT('Ctrl Pts',(0.452040376865474,2.76794900306833E-17,
-1.425));
#8756=CARTESIAN_POINT('Ctrl Pts',(0.339030282649106,-0.195739224950896,
-1.4725));
#8757=CARTESIAN_POINT('Ctrl Pts',(0.226020188432737,-0.391478449901792,
-1.52));
#8758=CARTESIAN_POINT('Ctrl Pts',(4.79422830607397E-17,-0.391478449901792,
-1.5675));
#8759=CARTESIAN_POINT('Ctrl Pts',(-0.226020188432737,-0.391478449901792,
-1.615));
#8760=CARTESIAN_POINT('Ctrl Pts',(-0.339030282649105,-0.195739224950896,
-1.6625));
#8761=CARTESIAN_POINT('Ctrl Pts',(-0.452040376865474,-8.30384700920499E-17,
-1.71));
#8762=CARTESIAN_POINT('Ctrl Pts',(-0.339030282649106,0.195739224950896,
-1.7575));
#8763=CARTESIAN_POINT('Ctrl Pts',(-0.226020188432737,0.391478449901792,
-1.805));
#8764=CARTESIAN_POINT('Ctrl Pts',(0.,0.391478449901792,-1.8525));
#8765=CARTESIAN_POINT('Ctrl Pts',(0.226020188432737,0.391478449901792,-1.9));
#8766=CARTESIAN_POINT('Ctrl Pts',(0.339030282649105,0.195739224950896,-1.9475));
#8767=CARTESIAN_POINT('Ctrl Pts',(0.452040376865474,2.76794900306833E-17,
-1.995));
#8768=CARTESIAN_POINT('Ctrl Pts',(0.339030282649106,-0.195739224950896,
-2.0425));
#8769=CARTESIAN_POINT('Ctrl Pts',(0.226020188432737,-0.391478449901792,
-2.09));
#8770=CARTESIAN_POINT('Ctrl Pts',(4.79422830607397E-17,-0.391478449901792,
-2.1375));
#8771=CARTESIAN_POINT('Ctrl Pts',(-0.226020188432737,-0.391478449901792,
-2.185));
#8772=CARTESIAN_POINT('Ctrl Pts',(-0.339030282649105,-0.195739224950896,
-2.2325));
#8773=CARTESIAN_POINT('Ctrl Pts',(-0.452040376865474,-8.30384700920499E-17,
-2.28));
#8774=CARTESIAN_POINT('Ctrl Pts',(-0.339030282649106,0.195739224950896,
-2.3275));
#8775=CARTESIAN_POINT('Ctrl Pts',(-0.226020188432737,0.391478449901792,
-2.375));
#8776=CARTESIAN_POINT('Ctrl Pts',(0.,0.391478449901792,-2.4225));
#8777=CARTESIAN_POINT('',(-1.59076714107213E-14,-0.7,-2.315625));
#8778=CARTESIAN_POINT('Ctrl Pts',(0.,0.391478449901792,-1.71));
#8779=CARTESIAN_POINT('Ctrl Pts',(0.226020188432737,0.391478449901792,-1.7575));
#8780=CARTESIAN_POINT('Ctrl Pts',(0.339030282649106,0.195739224950896,-1.805));
#8781=CARTESIAN_POINT('Ctrl Pts',(0.452040376865474,2.76794900306833E-17,
-1.8525));
#8782=CARTESIAN_POINT('Ctrl Pts',(0.339030282649106,-0.195739224950896,
-1.9));
#8783=CARTESIAN_POINT('Ctrl Pts',(0.226020188432737,-0.391478449901792,
-1.9475));
#8784=CARTESIAN_POINT('Ctrl Pts',(4.79422830607397E-17,-0.391478449901792,
-1.995));
#8785=CARTESIAN_POINT('Ctrl Pts',(-0.226020188432737,-0.391478449901792,
-2.0425));
#8786=CARTESIAN_POINT('Ctrl Pts',(-0.339030282649106,-0.195739224950896,
-2.09));
#8787=CARTESIAN_POINT('Ctrl Pts',(-0.452040376865474,-8.303847009205E-17,
-2.1375));
#8788=CARTESIAN_POINT('Ctrl Pts',(-0.339030282649106,0.195739224950896,
-2.185));
#8789=CARTESIAN_POINT('Ctrl Pts',(-0.226020188432737,0.391478449901792,
-2.2325));
#8790=CARTESIAN_POINT('Ctrl Pts',(0.,0.391478449901792,-2.28));
#8791=CARTESIAN_POINT('Ctrl Pts',(0.226020188432737,0.391478449901792,-2.3275));
#8792=CARTESIAN_POINT('Ctrl Pts',(0.339030282649106,0.195739224950896,-2.375));
#8793=CARTESIAN_POINT('Ctrl Pts',(0.452040376865474,2.76794900306833E-17,
-2.4225));
#8794=CARTESIAN_POINT('Ctrl Pts',(0.339030282649106,-0.195739224950896,
-2.47));
#8795=CARTESIAN_POINT('Ctrl Pts',(0.226020188432737,-0.391478449901792,
-2.5175));
#8796=CARTESIAN_POINT('Ctrl Pts',(4.79422830607397E-17,-0.391478449901792,
-2.565));
#8797=CARTESIAN_POINT('Ctrl Pts',(-0.226020188432737,-0.391478449901792,
-2.6125));
#8798=CARTESIAN_POINT('Ctrl Pts',(-0.339030282649106,-0.195739224950896,
-2.66));
#8799=CARTESIAN_POINT('Ctrl Pts',(-0.452040376865474,-8.303847009205E-17,
-2.7075));
#8800=CARTESIAN_POINT('Ctrl Pts',(-0.339030282649106,0.195739224950896,
-2.755));
#8801=CARTESIAN_POINT('Ctrl Pts',(-0.226020188432737,0.391478449901792,
-2.8025));
#8802=CARTESIAN_POINT('Ctrl Pts',(0.,0.391478449901792,-2.85));
#8803=CARTESIAN_POINT('Ctrl Pts',(0.,0.7,-1.531875));
#8804=CARTESIAN_POINT('Ctrl Pts',(0.404145188432738,0.7,-1.579375));
#8805=CARTESIAN_POINT('Ctrl Pts',(0.606217782649107,0.35,-1.626875));
#8806=CARTESIAN_POINT('Ctrl Pts',(0.808290376865476,4.94935111404957E-17,
-1.674375));
#8807=CARTESIAN_POINT('Ctrl Pts',(0.606217782649107,-0.35,-1.721875));
#8808=CARTESIAN_POINT('Ctrl Pts',(0.404145188432738,-0.7,-1.769375));
#8809=CARTESIAN_POINT('Ctrl Pts',(8.57252759403147E-17,-0.7,-1.816875));
#8810=CARTESIAN_POINT('Ctrl Pts',(-0.404145188432738,-0.7,-1.864375));
#8811=CARTESIAN_POINT('Ctrl Pts',(-0.606217782649107,-0.35,-1.911875));
#8812=CARTESIAN_POINT('Ctrl Pts',(-0.808290376865476,-1.48480533421487E-16,
-1.959375));
#8813=CARTESIAN_POINT('Ctrl Pts',(-0.606217782649108,0.35,-2.006875));
#8814=CARTESIAN_POINT('Ctrl Pts',(-0.404145188432739,0.7,-2.054375));
#8815=CARTESIAN_POINT('Ctrl Pts',(0.,0.7,-2.101875));
#8816=CARTESIAN_POINT('Ctrl Pts',(0.404145188432738,0.7,-2.149375));
#8817=CARTESIAN_POINT('Ctrl Pts',(0.606217782649107,0.35,-2.196875));
#8818=CARTESIAN_POINT('Ctrl Pts',(0.808290376865476,4.94935111404957E-17,
-2.244375));
#8819=CARTESIAN_POINT('Ctrl Pts',(0.606217782649107,-0.35,-2.291875));
#8820=CARTESIAN_POINT('Ctrl Pts',(0.404145188432738,-0.7,-2.339375));
#8821=CARTESIAN_POINT('Ctrl Pts',(8.57252759403147E-17,-0.7,-2.386875));
#8822=CARTESIAN_POINT('Ctrl Pts',(-0.404145188432738,-0.7,-2.434375));
#8823=CARTESIAN_POINT('Ctrl Pts',(-0.606217782649107,-0.35,-2.481875));
#8824=CARTESIAN_POINT('Ctrl Pts',(-0.808290376865476,-1.48480533421487E-16,
-2.529375));
#8825=CARTESIAN_POINT('Ctrl Pts',(-0.606217782649108,0.35,-2.576875));
#8826=CARTESIAN_POINT('Ctrl Pts',(-0.404145188432739,0.7,-2.624375));
#8827=CARTESIAN_POINT('Ctrl Pts',(0.,0.7,-2.671875));
#8828=CARTESIAN_POINT('',(-8.89644363630892E-15,-0.391478449901792,-2.565));
#8829=CARTESIAN_POINT('Ctrl Pts',(0.,0.391478449901792,-2.28));
#8830=CARTESIAN_POINT('Ctrl Pts',(0.226020188432737,0.391478449901792,-2.3275));
#8831=CARTESIAN_POINT('Ctrl Pts',(0.339030282649106,0.195739224950896,-2.375));
#8832=CARTESIAN_POINT('Ctrl Pts',(0.452040376865474,2.76794900306833E-17,
-2.4225));
#8833=CARTESIAN_POINT('Ctrl Pts',(0.339030282649106,-0.195739224950896,
-2.47));
#8834=CARTESIAN_POINT('Ctrl Pts',(0.226020188432737,-0.391478449901792,
-2.5175));
#8835=CARTESIAN_POINT('Ctrl Pts',(4.79422830607397E-17,-0.391478449901792,
-2.565));
#8836=CARTESIAN_POINT('Ctrl Pts',(-0.226020188432737,-0.391478449901792,
-2.6125));
#8837=CARTESIAN_POINT('Ctrl Pts',(-0.339030282649106,-0.195739224950896,
-2.66));
#8838=CARTESIAN_POINT('Ctrl Pts',(-0.452040376865474,-8.303847009205E-17,
-2.7075));
#8839=CARTESIAN_POINT('Ctrl Pts',(-0.339030282649106,0.195739224950896,
-2.755));
#8840=CARTESIAN_POINT('Ctrl Pts',(-0.226020188432737,0.391478449901792,
-2.8025));
#8841=CARTESIAN_POINT('Ctrl Pts',(0.,0.391478449901792,-2.85));
#8842=CARTESIAN_POINT('Ctrl Pts',(0.226020188432737,0.391478449901792,-2.8975));
#8843=CARTESIAN_POINT('Ctrl Pts',(0.339030282649106,0.195739224950896,-2.945));
#8844=CARTESIAN_POINT('Ctrl Pts',(0.452040376865474,2.76794900306833E-17,
-2.9925));
#8845=CARTESIAN_POINT('Ctrl Pts',(0.339030282649106,-0.195739224950896,
-3.04));
#8846=CARTESIAN_POINT('Ctrl Pts',(0.226020188432737,-0.391478449901792,
-3.0875));
#8847=CARTESIAN_POINT('Ctrl Pts',(4.79422830607397E-17,-0.391478449901792,
-3.135));
#8848=CARTESIAN_POINT('Ctrl Pts',(-0.226020188432737,-0.391478449901792,
-3.1825));
#8849=CARTESIAN_POINT('Ctrl Pts',(-0.339030282649106,-0.195739224950896,
-3.23));
#8850=CARTESIAN_POINT('Ctrl Pts',(-0.452040376865474,-8.303847009205E-17,
-3.2775));
#8851=CARTESIAN_POINT('Ctrl Pts',(-0.339030282649106,0.195739224950896,
-3.325));
#8852=CARTESIAN_POINT('Ctrl Pts',(-0.226020188432737,0.391478449901792,
-3.3725));
#8853=CARTESIAN_POINT('Ctrl Pts',(0.,0.391478449901792,-3.42));
#8854=CARTESIAN_POINT('Ctrl Pts',(0.,0.7,-2.101875));
#8855=CARTESIAN_POINT('Ctrl Pts',(0.404145188432738,0.7,-2.149375));
#8856=CARTESIAN_POINT('Ctrl Pts',(0.606217782649107,0.35,-2.196875));
#8857=CARTESIAN_POINT('Ctrl Pts',(0.808290376865476,4.94935111404957E-17,
-2.244375));
#8858=CARTESIAN_POINT('Ctrl Pts',(0.606217782649107,-0.35,-2.291875));
#8859=CARTESIAN_POINT('Ctrl Pts',(0.404145188432738,-0.7,-2.339375));
#8860=CARTESIAN_POINT('Ctrl Pts',(8.57252759403148E-17,-0.7,-2.386875));
#8861=CARTESIAN_POINT('Ctrl Pts',(-0.404145188432738,-0.7,-2.434375));
#8862=CARTESIAN_POINT('Ctrl Pts',(-0.606217782649107,-0.35,-2.481875));
#8863=CARTESIAN_POINT('Ctrl Pts',(-0.808290376865476,-1.48480533421487E-16,
-2.529375));
#8864=CARTESIAN_POINT('Ctrl Pts',(-0.606217782649108,0.35,-2.576875));
#8865=CARTESIAN_POINT('Ctrl Pts',(-0.404145188432739,0.7,-2.624375));
#8866=CARTESIAN_POINT('Ctrl Pts',(0.,0.7,-2.671875));
#8867=CARTESIAN_POINT('Ctrl Pts',(0.404145188432738,0.7,-2.719375));
#8868=CARTESIAN_POINT('Ctrl Pts',(0.606217782649107,0.35,-2.766875));
#8869=CARTESIAN_POINT('Ctrl Pts',(0.808290376865476,4.94935111404957E-17,
-2.814375));
#8870=CARTESIAN_POINT('Ctrl Pts',(0.606217782649107,-0.35,-2.861875));
#8871=CARTESIAN_POINT('Ctrl Pts',(0.404145188432738,-0.7,-2.909375));
#8872=CARTESIAN_POINT('Ctrl Pts',(8.57252759403148E-17,-0.7,-2.956875));
#8873=CARTESIAN_POINT('Ctrl Pts',(-0.404145188432738,-0.7,-3.004375));
#8874=CARTESIAN_POINT('Ctrl Pts',(-0.606217782649107,-0.35,-3.051875));
#8875=CARTESIAN_POINT('Ctrl Pts',(-0.808290376865476,-1.48480533421487E-16,
-3.099375));
#8876=CARTESIAN_POINT('Ctrl Pts',(-0.606217782649108,0.35,-3.146875));
#8877=CARTESIAN_POINT('Ctrl Pts',(-0.404145188432739,0.7,-3.194375));
#8878=CARTESIAN_POINT('Ctrl Pts',(0.,0.7,-3.241875));
#8879=CARTESIAN_POINT('',(-7.50563279238721E-15,-0.391478449901792,-3.135));
#8880=CARTESIAN_POINT('Ctrl Pts',(0.,0.7,-2.030625));
#8881=CARTESIAN_POINT('Ctrl Pts',(0.404145188432738,0.7,-2.078125));
#8882=CARTESIAN_POINT('Ctrl Pts',(0.606217782649107,0.35,-2.125625));
#8883=CARTESIAN_POINT('Ctrl Pts',(0.808290376865476,4.94935111404957E-17,
-2.173125));
#8884=CARTESIAN_POINT('Ctrl Pts',(0.606217782649107,-0.35,-2.220625));
#8885=CARTESIAN_POINT('Ctrl Pts',(0.404145188432738,-0.7,-2.268125));
#8886=CARTESIAN_POINT('Ctrl Pts',(8.57252759403147E-17,-0.7,-2.315625));
#8887=CARTESIAN_POINT('Ctrl Pts',(-0.404145188432738,-0.7,-2.363125));
#8888=CARTESIAN_POINT('Ctrl Pts',(-0.606217782649107,-0.35,-2.410625));
#8889=CARTESIAN_POINT('Ctrl Pts',(-0.808290376865476,-1.48480533421487E-16,
-2.458125));
#8890=CARTESIAN_POINT('Ctrl Pts',(-0.606217782649108,0.35,-2.505625));
#8891=CARTESIAN_POINT('Ctrl Pts',(-0.404145188432739,0.7,-2.553125));
#8892=CARTESIAN_POINT('Ctrl Pts',(0.,0.7,-2.600625));
#8893=CARTESIAN_POINT('Ctrl Pts',(0.404145188432738,0.7,-2.648125));
#8894=CARTESIAN_POINT('Ctrl Pts',(0.606217782649107,0.35,-2.695625));
#8895=CARTESIAN_POINT('Ctrl Pts',(0.808290376865476,4.94935111404957E-17,
-2.743125));
#8896=CARTESIAN_POINT('Ctrl Pts',(0.606217782649107,-0.35,-2.790625));
#8897=CARTESIAN_POINT('Ctrl Pts',(0.404145188432738,-0.7,-2.838125));
#8898=CARTESIAN_POINT('Ctrl Pts',(8.57252759403147E-17,-0.7,-2.885625));
#8899=CARTESIAN_POINT('Ctrl Pts',(-0.404145188432738,-0.7,-2.933125));
#8900=CARTESIAN_POINT('Ctrl Pts',(-0.606217782649107,-0.35,-2.980625));
#8901=CARTESIAN_POINT('Ctrl Pts',(-0.808290376865476,-1.48480533421487E-16,
-3.028125));
#8902=CARTESIAN_POINT('Ctrl Pts',(-0.606217782649108,0.35,-3.075625));
#8903=CARTESIAN_POINT('Ctrl Pts',(-0.404145188432739,0.7,-3.123125));
#8904=CARTESIAN_POINT('Ctrl Pts',(0.,0.7,-3.170625));
#8905=CARTESIAN_POINT('Ctrl Pts',(0.,0.391478449901792,-1.8525));
#8906=CARTESIAN_POINT('Ctrl Pts',(0.226020188432737,0.391478449901792,-1.9));
#8907=CARTESIAN_POINT('Ctrl Pts',(0.339030282649106,0.195739224950896,-1.9475));
#8908=CARTESIAN_POINT('Ctrl Pts',(0.452040376865474,2.76794900306833E-17,
-1.995));
#8909=CARTESIAN_POINT('Ctrl Pts',(0.339030282649106,-0.195739224950896,
-2.0425));
#8910=CARTESIAN_POINT('Ctrl Pts',(0.226020188432737,-0.391478449901792,
-2.09));
#8911=CARTESIAN_POINT('Ctrl Pts',(4.79422830607397E-17,-0.391478449901792,
-2.1375));
#8912=CARTESIAN_POINT('Ctrl Pts',(-0.226020188432737,-0.391478449901792,
-2.185));
#8913=CARTESIAN_POINT('Ctrl Pts',(-0.339030282649106,-0.195739224950896,
-2.2325));
#8914=CARTESIAN_POINT('Ctrl Pts',(-0.452040376865474,-8.30384700920499E-17,
-2.28));
#8915=CARTESIAN_POINT('Ctrl Pts',(-0.339030282649106,0.195739224950896,
-2.3275));
#8916=CARTESIAN_POINT('Ctrl Pts',(-0.226020188432737,0.391478449901792,
-2.375));
#8917=CARTESIAN_POINT('Ctrl Pts',(0.,0.391478449901792,-2.4225));
#8918=CARTESIAN_POINT('Ctrl Pts',(0.226020188432737,0.391478449901792,-2.47));
#8919=CARTESIAN_POINT('Ctrl Pts',(0.339030282649106,0.195739224950896,-2.5175));
#8920=CARTESIAN_POINT('Ctrl Pts',(0.452040376865474,2.76794900306833E-17,
-2.565));
#8921=CARTESIAN_POINT('Ctrl Pts',(0.339030282649106,-0.195739224950896,
-2.6125));
#8922=CARTESIAN_POINT('Ctrl Pts',(0.226020188432737,-0.391478449901792,
-2.66));
#8923=CARTESIAN_POINT('Ctrl Pts',(4.79422830607397E-17,-0.391478449901792,
-2.7075));
#8924=CARTESIAN_POINT('Ctrl Pts',(-0.226020188432737,-0.391478449901792,
-2.755));
#8925=CARTESIAN_POINT('Ctrl Pts',(-0.339030282649106,-0.195739224950896,
-2.8025));
#8926=CARTESIAN_POINT('Ctrl Pts',(-0.452040376865474,-8.30384700920499E-17,
-2.85));
#8927=CARTESIAN_POINT('Ctrl Pts',(-0.339030282649106,0.195739224950896,
-2.8975));
#8928=CARTESIAN_POINT('Ctrl Pts',(-0.226020188432737,0.391478449901792,
-2.945));
#8929=CARTESIAN_POINT('Ctrl Pts',(0.,0.391478449901792,-2.9925));
#8930=CARTESIAN_POINT('',(-1.3420771835561E-14,-0.7,-2.885625));
#8931=CARTESIAN_POINT('Ctrl Pts',(0.,0.7,-2.600625));
#8932=CARTESIAN_POINT('Ctrl Pts',(0.404145188432738,0.7,-2.648125));
#8933=CARTESIAN_POINT('Ctrl Pts',(0.606217782649107,0.35,-2.695625));
#8934=CARTESIAN_POINT('Ctrl Pts',(0.808290376865476,4.94935111404957E-17,
-2.743125));
#8935=CARTESIAN_POINT('Ctrl Pts',(0.606217782649107,-0.35,-2.790625));
#8936=CARTESIAN_POINT('Ctrl Pts',(0.404145188432738,-0.7,-2.838125));
#8937=CARTESIAN_POINT('Ctrl Pts',(8.57252759403147E-17,-0.7,-2.885625));
#8938=CARTESIAN_POINT('Ctrl Pts',(-0.404145188432738,-0.7,-2.933125));
#8939=CARTESIAN_POINT('Ctrl Pts',(-0.606217782649107,-0.35,-2.980625));
#8940=CARTESIAN_POINT('Ctrl Pts',(-0.808290376865476,-1.48480533421487E-16,
-3.028125));
#8941=CARTESIAN_POINT('Ctrl Pts',(-0.606217782649108,0.35,-3.075625));
#8942=CARTESIAN_POINT('Ctrl Pts',(-0.404145188432739,0.7,-3.123125));
#8943=CARTESIAN_POINT('Ctrl Pts',(0.,0.7,-3.170625));
#8944=CARTESIAN_POINT('Ctrl Pts',(0.404145188432738,0.7,-3.218125));
#8945=CARTESIAN_POINT('Ctrl Pts',(0.606217782649107,0.35,-3.265625));
#8946=CARTESIAN_POINT('Ctrl Pts',(0.808290376865476,4.94935111404957E-17,
-3.313125));
#8947=CARTESIAN_POINT('Ctrl Pts',(0.606217782649107,-0.35,-3.360625));
#8948=CARTESIAN_POINT('Ctrl Pts',(0.404145188432738,-0.7,-3.408125));
#8949=CARTESIAN_POINT('Ctrl Pts',(8.57252759403147E-17,-0.7,-3.455625));
#8950=CARTESIAN_POINT('Ctrl Pts',(-0.404145188432738,-0.7,-3.503125));
#8951=CARTESIAN_POINT('Ctrl Pts',(-0.606217782649107,-0.35,-3.550625));
#8952=CARTESIAN_POINT('Ctrl Pts',(-0.808290376865476,-1.48480533421487E-16,
-3.598125));
#8953=CARTESIAN_POINT('Ctrl Pts',(-0.606217782649108,0.35,-3.645625));
#8954=CARTESIAN_POINT('Ctrl Pts',(-0.404145188432739,0.7,-3.693125));
#8955=CARTESIAN_POINT('Ctrl Pts',(0.,0.7,-3.740625));
#8956=CARTESIAN_POINT('Ctrl Pts',(0.,0.391478449901792,-2.4225));
#8957=CARTESIAN_POINT('Ctrl Pts',(0.226020188432737,0.391478449901792,-2.47));
#8958=CARTESIAN_POINT('Ctrl Pts',(0.339030282649105,0.195739224950896,-2.5175));
#8959=CARTESIAN_POINT('Ctrl Pts',(0.452040376865474,2.76794900306833E-17,
-2.565));
#8960=CARTESIAN_POINT('Ctrl Pts',(0.339030282649106,-0.195739224950896,
-2.6125));
#8961=CARTESIAN_POINT('Ctrl Pts',(0.226020188432737,-0.391478449901792,
-2.66));
#8962=CARTESIAN_POINT('Ctrl Pts',(4.79422830607397E-17,-0.391478449901792,
-2.7075));
#8963=CARTESIAN_POINT('Ctrl Pts',(-0.226020188432737,-0.391478449901792,
-2.755));
#8964=CARTESIAN_POINT('Ctrl Pts',(-0.339030282649105,-0.195739224950896,
-2.8025));
#8965=CARTESIAN_POINT('Ctrl Pts',(-0.452040376865474,-8.30384700920499E-17,
-2.85));
#8966=CARTESIAN_POINT('Ctrl Pts',(-0.339030282649106,0.195739224950896,
-2.8975));
#8967=CARTESIAN_POINT('Ctrl Pts',(-0.226020188432737,0.391478449901792,
-2.945));
#8968=CARTESIAN_POINT('Ctrl Pts',(0.,0.391478449901792,-2.9925));
#8969=CARTESIAN_POINT('Ctrl Pts',(0.226020188432737,0.391478449901792,-3.04));
#8970=CARTESIAN_POINT('Ctrl Pts',(0.339030282649105,0.195739224950896,-3.0875));
#8971=CARTESIAN_POINT('Ctrl Pts',(0.452040376865474,2.76794900306833E-17,
-3.135));
#8972=CARTESIAN_POINT('Ctrl Pts',(0.339030282649106,-0.195739224950896,
-3.1825));
#8973=CARTESIAN_POINT('Ctrl Pts',(0.226020188432737,-0.391478449901792,
-3.23));
#8974=CARTESIAN_POINT('Ctrl Pts',(4.79422830607397E-17,-0.391478449901792,
-3.2775));
#8975=CARTESIAN_POINT('Ctrl Pts',(-0.226020188432737,-0.391478449901792,
-3.325));
#8976=CARTESIAN_POINT('Ctrl Pts',(-0.339030282649105,-0.195739224950896,
-3.3725));
#8977=CARTESIAN_POINT('Ctrl Pts',(-0.452040376865474,-8.30384700920499E-17,
-3.42));
#8978=CARTESIAN_POINT('Ctrl Pts',(-0.339030282649106,0.195739224950896,
-3.4675));
#8979=CARTESIAN_POINT('Ctrl Pts',(-0.226020188432737,0.391478449901792,
-3.515));
#8980=CARTESIAN_POINT('Ctrl Pts',(0.,0.391478449901792,-3.5625));
#8981=CARTESIAN_POINT('',(-1.3420771835561E-14,-0.7,-3.455625));
#8982=CARTESIAN_POINT('Ctrl Pts',(0.,0.391478449901792,-2.85));
#8983=CARTESIAN_POINT('Ctrl Pts',(0.226020188432737,0.391478449901792,-2.8975));
#8984=CARTESIAN_POINT('Ctrl Pts',(0.339030282649106,0.195739224950896,-2.945));
#8985=CARTESIAN_POINT('Ctrl Pts',(0.452040376865474,2.76794900306833E-17,
-2.9925));
#8986=CARTESIAN_POINT('Ctrl Pts',(0.339030282649106,-0.195739224950896,
-3.04));
#8987=CARTESIAN_POINT('Ctrl Pts',(0.226020188432737,-0.391478449901792,
-3.0875));
#8988=CARTESIAN_POINT('Ctrl Pts',(4.79422830607397E-17,-0.391478449901792,
-3.135));
#8989=CARTESIAN_POINT('Ctrl Pts',(-0.226020188432737,-0.391478449901792,
-3.1825));
#8990=CARTESIAN_POINT('Ctrl Pts',(-0.339030282649106,-0.195739224950896,
-3.23));
#8991=CARTESIAN_POINT('Ctrl Pts',(-0.452040376865474,-8.303847009205E-17,
-3.2775));
#8992=CARTESIAN_POINT('Ctrl Pts',(-0.339030282649106,0.195739224950896,
-3.325));
#8993=CARTESIAN_POINT('Ctrl Pts',(-0.226020188432737,0.391478449901792,
-3.3725));
#8994=CARTESIAN_POINT('Ctrl Pts',(0.,0.391478449901792,-3.42));
#8995=CARTESIAN_POINT('Ctrl Pts',(0.226020188432737,0.391478449901792,-3.4675));
#8996=CARTESIAN_POINT('Ctrl Pts',(0.339030282649106,0.195739224950896,-3.515));
#8997=CARTESIAN_POINT('Ctrl Pts',(0.452040376865474,2.76794900306833E-17,
-3.5625));
#8998=CARTESIAN_POINT('Ctrl Pts',(0.339030282649106,-0.195739224950896,
-3.61));
#8999=CARTESIAN_POINT('Ctrl Pts',(0.226020188432737,-0.391478449901792,
-3.6575));
#9000=CARTESIAN_POINT('Ctrl Pts',(4.79422830607397E-17,-0.391478449901792,
-3.705));
#9001=CARTESIAN_POINT('Ctrl Pts',(-0.226020188432737,-0.391478449901792,
-3.7525));
#9002=CARTESIAN_POINT('Ctrl Pts',(-0.339030282649106,-0.195739224950896,
-3.8));
#9003=CARTESIAN_POINT('Ctrl Pts',(-0.452040376865474,-8.303847009205E-17,
-3.8475));
#9004=CARTESIAN_POINT('Ctrl Pts',(-0.339030282649106,0.195739224950896,
-3.895));
#9005=CARTESIAN_POINT('Ctrl Pts',(-0.226020188432737,0.391478449901792,
-3.9425));
#9006=CARTESIAN_POINT('Ctrl Pts',(0.,0.391478449901792,-3.99));
#9007=CARTESIAN_POINT('Ctrl Pts',(0.,0.7,-2.671875));
#9008=CARTESIAN_POINT('Ctrl Pts',(0.404145188432738,0.7,-2.719375));
#9009=CARTESIAN_POINT('Ctrl Pts',(0.606217782649107,0.35,-2.766875));
#9010=CARTESIAN_POINT('Ctrl Pts',(0.808290376865476,4.94935111404957E-17,
-2.814375));
#9011=CARTESIAN_POINT('Ctrl Pts',(0.606217782649107,-0.35,-2.861875));
#9012=CARTESIAN_POINT('Ctrl Pts',(0.404145188432738,-0.7,-2.909375));
#9013=CARTESIAN_POINT('Ctrl Pts',(8.57252759403147E-17,-0.7,-2.956875));
#9014=CARTESIAN_POINT('Ctrl Pts',(-0.404145188432738,-0.7,-3.004375));
#9015=CARTESIAN_POINT('Ctrl Pts',(-0.606217782649107,-0.35,-3.051875));
#9016=CARTESIAN_POINT('Ctrl Pts',(-0.808290376865476,-1.48480533421487E-16,
-3.099375));
#9017=CARTESIAN_POINT('Ctrl Pts',(-0.606217782649107,0.35,-3.146875));
#9018=CARTESIAN_POINT('Ctrl Pts',(-0.404145188432738,0.7,-3.194375));
#9019=CARTESIAN_POINT('Ctrl Pts',(0.,0.7,-3.241875));
#9020=CARTESIAN_POINT('Ctrl Pts',(0.404145188432738,0.7,-3.289375));
#9021=CARTESIAN_POINT('Ctrl Pts',(0.606217782649107,0.35,-3.336875));
#9022=CARTESIAN_POINT('Ctrl Pts',(0.808290376865476,4.94935111404957E-17,
-3.384375));
#9023=CARTESIAN_POINT('Ctrl Pts',(0.606217782649107,-0.35,-3.431875));
#9024=CARTESIAN_POINT('Ctrl Pts',(0.404145188432738,-0.7,-3.479375));
#9025=CARTESIAN_POINT('Ctrl Pts',(8.57252759403147E-17,-0.7,-3.526875));
#9026=CARTESIAN_POINT('Ctrl Pts',(-0.404145188432738,-0.7,-3.574375));
#9027=CARTESIAN_POINT('Ctrl Pts',(-0.606217782649107,-0.35,-3.621875));
#9028=CARTESIAN_POINT('Ctrl Pts',(-0.808290376865476,-1.48480533421487E-16,
-3.669375));
#9029=CARTESIAN_POINT('Ctrl Pts',(-0.606217782649107,0.35,-3.716875));
#9030=CARTESIAN_POINT('Ctrl Pts',(-0.404145188432738,0.7,-3.764375));
#9031=CARTESIAN_POINT('Ctrl Pts',(0.,0.7,-3.811875));
#9032=CARTESIAN_POINT('',(-7.50563279238721E-15,-0.391478449901792,-3.705));
#9033=CARTESIAN_POINT('Ctrl Pts',(0.,0.391478449901792,-3.42));
#9034=CARTESIAN_POINT('Ctrl Pts',(0.226020188432737,0.391478449901792,-3.4675));
#9035=CARTESIAN_POINT('Ctrl Pts',(0.339030282649106,0.195739224950896,-3.515));
#9036=CARTESIAN_POINT('Ctrl Pts',(0.452040376865474,2.76794900306833E-17,
-3.5625));
#9037=CARTESIAN_POINT('Ctrl Pts',(0.339030282649106,-0.195739224950896,
-3.61));
#9038=CARTESIAN_POINT('Ctrl Pts',(0.226020188432737,-0.391478449901792,
-3.6575));
#9039=CARTESIAN_POINT('Ctrl Pts',(4.79422830607397E-17,-0.391478449901792,
-3.705));
#9040=CARTESIAN_POINT('Ctrl Pts',(-0.226020188432737,-0.391478449901792,
-3.7525));
#9041=CARTESIAN_POINT('Ctrl Pts',(-0.339030282649106,-0.195739224950896,
-3.8));
#9042=CARTESIAN_POINT('Ctrl Pts',(-0.452040376865474,-8.303847009205E-17,
-3.8475));
#9043=CARTESIAN_POINT('Ctrl Pts',(-0.339030282649106,0.195739224950896,
-3.895));
#9044=CARTESIAN_POINT('Ctrl Pts',(-0.226020188432737,0.391478449901792,
-3.9425));
#9045=CARTESIAN_POINT('Ctrl Pts',(0.,0.391478449901792,-3.99));
#9046=CARTESIAN_POINT('Ctrl Pts',(0.226020188432737,0.391478449901792,-4.0375));
#9047=CARTESIAN_POINT('Ctrl Pts',(0.339030282649106,0.195739224950896,-4.085));
#9048=CARTESIAN_POINT('Ctrl Pts',(0.452040376865474,2.76794900306833E-17,
-4.1325));
#9049=CARTESIAN_POINT('Ctrl Pts',(0.339030282649106,-0.195739224950896,
-4.18));
#9050=CARTESIAN_POINT('Ctrl Pts',(0.226020188432737,-0.391478449901792,
-4.2275));
#9051=CARTESIAN_POINT('Ctrl Pts',(4.79422830607397E-17,-0.391478449901792,
-4.275));
#9052=CARTESIAN_POINT('Ctrl Pts',(-0.226020188432737,-0.391478449901792,
-4.3225));
#9053=CARTESIAN_POINT('Ctrl Pts',(-0.339030282649106,-0.195739224950896,
-4.37));
#9054=CARTESIAN_POINT('Ctrl Pts',(-0.452040376865474,-8.303847009205E-17,
-4.4175));
#9055=CARTESIAN_POINT('Ctrl Pts',(-0.339030282649106,0.195739224950896,
-4.465));
#9056=CARTESIAN_POINT('Ctrl Pts',(-0.226020188432737,0.391478449901792,
-4.5125));
#9057=CARTESIAN_POINT('Ctrl Pts',(0.,0.391478449901792,-4.56));
#9058=CARTESIAN_POINT('Ctrl Pts',(0.,0.7,-3.241875));
#9059=CARTESIAN_POINT('Ctrl Pts',(0.404145188432738,0.7,-3.289375));
#9060=CARTESIAN_POINT('Ctrl Pts',(0.606217782649107,0.35,-3.336875));
#9061=CARTESIAN_POINT('Ctrl Pts',(0.808290376865476,4.94935111404957E-17,
-3.384375));
#9062=CARTESIAN_POINT('Ctrl Pts',(0.606217782649107,-0.35,-3.431875));
#9063=CARTESIAN_POINT('Ctrl Pts',(0.404145188432738,-0.7,-3.479375));
#9064=CARTESIAN_POINT('Ctrl Pts',(8.57252759403147E-17,-0.7,-3.526875));
#9065=CARTESIAN_POINT('Ctrl Pts',(-0.404145188432738,-0.7,-3.574375));
#9066=CARTESIAN_POINT('Ctrl Pts',(-0.606217782649107,-0.35,-3.621875));
#9067=CARTESIAN_POINT('Ctrl Pts',(-0.808290376865476,-1.48480533421487E-16,
-3.669375));
#9068=CARTESIAN_POINT('Ctrl Pts',(-0.606217782649107,0.35,-3.716875));
#9069=CARTESIAN_POINT('Ctrl Pts',(-0.404145188432738,0.7,-3.764375));
#9070=CARTESIAN_POINT('Ctrl Pts',(0.,0.7,-3.811875));
#9071=CARTESIAN_POINT('Ctrl Pts',(0.404145188432738,0.7,-3.859375));
#9072=CARTESIAN_POINT('Ctrl Pts',(0.606217782649107,0.35,-3.906875));
#9073=CARTESIAN_POINT('Ctrl Pts',(0.808290376865476,4.94935111404957E-17,
-3.954375));
#9074=CARTESIAN_POINT('Ctrl Pts',(0.606217782649107,-0.35,-4.001875));
#9075=CARTESIAN_POINT('Ctrl Pts',(0.404145188432738,-0.7,-4.049375));
#9076=CARTESIAN_POINT('Ctrl Pts',(8.57252759403147E-17,-0.7,-4.096875));
#9077=CARTESIAN_POINT('Ctrl Pts',(-0.404145188432738,-0.7,-4.144375));
#9078=CARTESIAN_POINT('Ctrl Pts',(-0.606217782649107,-0.35,-4.191875));
#9079=CARTESIAN_POINT('Ctrl Pts',(-0.808290376865476,-1.48480533421487E-16,
-4.239375));
#9080=CARTESIAN_POINT('Ctrl Pts',(-0.606217782649107,0.35,-4.286875));
#9081=CARTESIAN_POINT('Ctrl Pts',(-0.404145188432738,0.7,-4.334375));
#9082=CARTESIAN_POINT('Ctrl Pts',(0.,0.7,-4.381875));
#9083=CARTESIAN_POINT('',(-7.50563279238721E-15,-0.391478449901792,-4.275));
#9084=CARTESIAN_POINT('Ctrl Pts',(0.,0.7,-3.170625));
#9085=CARTESIAN_POINT('Ctrl Pts',(0.404145188432738,0.7,-3.218125));
#9086=CARTESIAN_POINT('Ctrl Pts',(0.606217782649107,0.35,-3.265625));
#9087=CARTESIAN_POINT('Ctrl Pts',(0.808290376865476,4.94935111404957E-17,
-3.313125));
#9088=CARTESIAN_POINT('Ctrl Pts',(0.606217782649107,-0.35,-3.360625));
#9089=CARTESIAN_POINT('Ctrl Pts',(0.404145188432738,-0.7,-3.408125));
#9090=CARTESIAN_POINT('Ctrl Pts',(8.57252759403147E-17,-0.7,-3.455625));
#9091=CARTESIAN_POINT('Ctrl Pts',(-0.404145188432738,-0.7,-3.503125));
#9092=CARTESIAN_POINT('Ctrl Pts',(-0.606217782649107,-0.35,-3.550625));
#9093=CARTESIAN_POINT('Ctrl Pts',(-0.808290376865476,-1.48480533421487E-16,
-3.598125));
#9094=CARTESIAN_POINT('Ctrl Pts',(-0.606217782649108,0.35,-3.645625));
#9095=CARTESIAN_POINT('Ctrl Pts',(-0.404145188432739,0.7,-3.693125));
#9096=CARTESIAN_POINT('Ctrl Pts',(0.,0.7,-3.740625));
#9097=CARTESIAN_POINT('Ctrl Pts',(0.404145188432738,0.7,-3.788125));
#9098=CARTESIAN_POINT('Ctrl Pts',(0.606217782649107,0.35,-3.835625));
#9099=CARTESIAN_POINT('Ctrl Pts',(0.808290376865476,4.94935111404957E-17,
-3.883125));
#9100=CARTESIAN_POINT('Ctrl Pts',(0.606217782649107,-0.35,-3.930625));
#9101=CARTESIAN_POINT('Ctrl Pts',(0.404145188432738,-0.7,-3.978125));
#9102=CARTESIAN_POINT('Ctrl Pts',(8.57252759403147E-17,-0.7,-4.025625));
#9103=CARTESIAN_POINT('Ctrl Pts',(-0.404145188432738,-0.7,-4.073125));
#9104=CARTESIAN_POINT('Ctrl Pts',(-0.606217782649107,-0.35,-4.120625));
#9105=CARTESIAN_POINT('Ctrl Pts',(-0.808290376865476,-1.48480533421487E-16,
-4.168125));
#9106=CARTESIAN_POINT('Ctrl Pts',(-0.606217782649108,0.35,-4.215625));
#9107=CARTESIAN_POINT('Ctrl Pts',(-0.404145188432739,0.7,-4.263125));
#9108=CARTESIAN_POINT('Ctrl Pts',(0.,0.7,-4.310625));
#9109=CARTESIAN_POINT('Ctrl Pts',(0.,0.391478449901792,-2.9925));
#9110=CARTESIAN_POINT('Ctrl Pts',(0.226020188432737,0.391478449901792,-3.04));
#9111=CARTESIAN_POINT('Ctrl Pts',(0.339030282649105,0.195739224950896,-3.0875));
#9112=CARTESIAN_POINT('Ctrl Pts',(0.452040376865474,2.76794900306833E-17,
-3.135));
#9113=CARTESIAN_POINT('Ctrl Pts',(0.339030282649106,-0.195739224950896,
-3.1825));
#9114=CARTESIAN_POINT('Ctrl Pts',(0.226020188432737,-0.391478449901792,
-3.23));
#9115=CARTESIAN_POINT('Ctrl Pts',(4.79422830607397E-17,-0.391478449901792,
-3.2775));
#9116=CARTESIAN_POINT('Ctrl Pts',(-0.226020188432737,-0.391478449901792,
-3.325));
#9117=CARTESIAN_POINT('Ctrl Pts',(-0.339030282649105,-0.195739224950896,
-3.3725));
#9118=CARTESIAN_POINT('Ctrl Pts',(-0.452040376865474,-8.30384700920499E-17,
-3.42));
#9119=CARTESIAN_POINT('Ctrl Pts',(-0.339030282649106,0.195739224950896,
-3.4675));
#9120=CARTESIAN_POINT('Ctrl Pts',(-0.226020188432737,0.391478449901792,
-3.515));
#9121=CARTESIAN_POINT('Ctrl Pts',(0.,0.391478449901792,-3.5625));
#9122=CARTESIAN_POINT('Ctrl Pts',(0.226020188432737,0.391478449901792,-3.61));
#9123=CARTESIAN_POINT('Ctrl Pts',(0.339030282649105,0.195739224950896,-3.6575));
#9124=CARTESIAN_POINT('Ctrl Pts',(0.452040376865474,2.76794900306833E-17,
-3.705));
#9125=CARTESIAN_POINT('Ctrl Pts',(0.339030282649106,-0.195739224950896,
-3.7525));
#9126=CARTESIAN_POINT('Ctrl Pts',(0.226020188432737,-0.391478449901792,
-3.8));
#9127=CARTESIAN_POINT('Ctrl Pts',(4.79422830607397E-17,-0.391478449901792,
-3.8475));
#9128=CARTESIAN_POINT('Ctrl Pts',(-0.226020188432737,-0.391478449901792,
-3.895));
#9129=CARTESIAN_POINT('Ctrl Pts',(-0.339030282649105,-0.195739224950896,
-3.9425));
#9130=CARTESIAN_POINT('Ctrl Pts',(-0.452040376865474,-8.30384700920499E-17,
-3.99));
#9131=CARTESIAN_POINT('Ctrl Pts',(-0.339030282649106,0.195739224950896,
-4.0375));
#9132=CARTESIAN_POINT('Ctrl Pts',(-0.226020188432737,0.391478449901792,
-4.085));
#9133=CARTESIAN_POINT('Ctrl Pts',(0.,0.391478449901792,-4.1325));
#9134=CARTESIAN_POINT('',(-1.3420771835561E-14,-0.7,-4.025625));
#9135=CARTESIAN_POINT('Ctrl Pts',(0.,0.7,-3.740625));
#9136=CARTESIAN_POINT('Ctrl Pts',(0.404145188432738,0.7,-3.788125));
#9137=CARTESIAN_POINT('Ctrl Pts',(0.606217782649107,0.35,-3.835625));
#9138=CARTESIAN_POINT('Ctrl Pts',(0.808290376865476,4.94935111404957E-17,
-3.883125));
#9139=CARTESIAN_POINT('Ctrl Pts',(0.606217782649107,-0.35,-3.930625));
#9140=CARTESIAN_POINT('Ctrl Pts',(0.404145188432738,-0.7,-3.978125));
#9141=CARTESIAN_POINT('Ctrl Pts',(8.57252759403147E-17,-0.7,-4.025625));
#9142=CARTESIAN_POINT('Ctrl Pts',(-0.404145188432738,-0.7,-4.073125));
#9143=CARTESIAN_POINT('Ctrl Pts',(-0.606217782649107,-0.35,-4.120625));
#9144=CARTESIAN_POINT('Ctrl Pts',(-0.808290376865476,-1.48480533421487E-16,
-4.168125));
#9145=CARTESIAN_POINT('Ctrl Pts',(-0.606217782649108,0.35,-4.215625));
#9146=CARTESIAN_POINT('Ctrl Pts',(-0.404145188432739,0.7,-4.263125));
#9147=CARTESIAN_POINT('Ctrl Pts',(0.,0.7,-4.310625));
#9148=CARTESIAN_POINT('Ctrl Pts',(0.404145188432738,0.7,-4.358125));
#9149=CARTESIAN_POINT('Ctrl Pts',(0.606217782649107,0.35,-4.405625));
#9150=CARTESIAN_POINT('Ctrl Pts',(0.808290376865476,4.94935111404957E-17,
-4.453125));
#9151=CARTESIAN_POINT('Ctrl Pts',(0.606217782649107,-0.35,-4.500625));
#9152=CARTESIAN_POINT('Ctrl Pts',(0.404145188432738,-0.7,-4.548125));
#9153=CARTESIAN_POINT('Ctrl Pts',(8.57252759403147E-17,-0.7,-4.595625));
#9154=CARTESIAN_POINT('Ctrl Pts',(-0.404145188432738,-0.7,-4.643125));
#9155=CARTESIAN_POINT('Ctrl Pts',(-0.606217782649107,-0.35,-4.690625));
#9156=CARTESIAN_POINT('Ctrl Pts',(-0.808290376865476,-1.48480533421487E-16,
-4.738125));
#9157=CARTESIAN_POINT('Ctrl Pts',(-0.606217782649108,0.35,-4.785625));
#9158=CARTESIAN_POINT('Ctrl Pts',(-0.404145188432739,0.7,-4.833125));
#9159=CARTESIAN_POINT('Ctrl Pts',(0.,0.7,-4.880625));
#9160=CARTESIAN_POINT('Ctrl Pts',(0.,0.391478449901792,-3.5625));
#9161=CARTESIAN_POINT('Ctrl Pts',(0.226020188432737,0.391478449901792,-3.61));
#9162=CARTESIAN_POINT('Ctrl Pts',(0.339030282649105,0.195739224950896,-3.6575));
#9163=CARTESIAN_POINT('Ctrl Pts',(0.452040376865474,2.76794900306833E-17,
-3.705));
#9164=CARTESIAN_POINT('Ctrl Pts',(0.339030282649106,-0.195739224950896,
-3.7525));
#9165=CARTESIAN_POINT('Ctrl Pts',(0.226020188432737,-0.391478449901792,
-3.8));
#9166=CARTESIAN_POINT('Ctrl Pts',(4.79422830607397E-17,-0.391478449901792,
-3.8475));
#9167=CARTESIAN_POINT('Ctrl Pts',(-0.226020188432737,-0.391478449901792,
-3.895));
#9168=CARTESIAN_POINT('Ctrl Pts',(-0.339030282649105,-0.195739224950896,
-3.9425));
#9169=CARTESIAN_POINT('Ctrl Pts',(-0.452040376865474,-8.30384700920499E-17,
-3.99));
#9170=CARTESIAN_POINT('Ctrl Pts',(-0.339030282649106,0.195739224950896,
-4.0375));
#9171=CARTESIAN_POINT('Ctrl Pts',(-0.226020188432737,0.391478449901792,
-4.085));
#9172=CARTESIAN_POINT('Ctrl Pts',(0.,0.391478449901792,-4.1325));
#9173=CARTESIAN_POINT('Ctrl Pts',(0.226020188432737,0.391478449901792,-4.18));
#9174=CARTESIAN_POINT('Ctrl Pts',(0.339030282649105,0.195739224950896,-4.2275));
#9175=CARTESIAN_POINT('Ctrl Pts',(0.452040376865474,2.76794900306833E-17,
-4.275));
#9176=CARTESIAN_POINT('Ctrl Pts',(0.339030282649106,-0.195739224950896,
-4.3225));
#9177=CARTESIAN_POINT('Ctrl Pts',(0.226020188432737,-0.391478449901792,
-4.37));
#9178=CARTESIAN_POINT('Ctrl Pts',(4.79422830607397E-17,-0.391478449901792,
-4.4175));
#9179=CARTESIAN_POINT('Ctrl Pts',(-0.226020188432737,-0.391478449901792,
-4.465));
#9180=CARTESIAN_POINT('Ctrl Pts',(-0.339030282649105,-0.195739224950896,
-4.5125));
#9181=CARTESIAN_POINT('Ctrl Pts',(-0.452040376865474,-8.30384700920499E-17,
-4.56));
#9182=CARTESIAN_POINT('Ctrl Pts',(-0.339030282649106,0.195739224950896,
-4.6075));
#9183=CARTESIAN_POINT('Ctrl Pts',(-0.226020188432737,0.391478449901792,
-4.655));
#9184=CARTESIAN_POINT('Ctrl Pts',(0.,0.391478449901792,-4.7025));
#9185=CARTESIAN_POINT('Ctrl Pts',(0.,0.391478449901792,-3.99));
#9186=CARTESIAN_POINT('Ctrl Pts',(0.226020188432737,0.391478449901792,-4.0375));
#9187=CARTESIAN_POINT('Ctrl Pts',(0.339030282649106,0.195739224950896,-4.085));
#9188=CARTESIAN_POINT('Ctrl Pts',(0.452040376865474,2.76794900306833E-17,
-4.1325));
#9189=CARTESIAN_POINT('Ctrl Pts',(0.339030282649106,-0.195739224950896,
-4.18));
#9190=CARTESIAN_POINT('Ctrl Pts',(0.226020188432737,-0.391478449901792,
-4.2275));
#9191=CARTESIAN_POINT('Ctrl Pts',(4.79422830607397E-17,-0.391478449901792,
-4.275));
#9192=CARTESIAN_POINT('Ctrl Pts',(-0.226020188432737,-0.391478449901792,
-4.3225));
#9193=CARTESIAN_POINT('Ctrl Pts',(-0.339030282649106,-0.195739224950896,
-4.37));
#9194=CARTESIAN_POINT('Ctrl Pts',(-0.452040376865474,-8.303847009205E-17,
-4.4175));
#9195=CARTESIAN_POINT('Ctrl Pts',(-0.339030282649106,0.195739224950896,
-4.465));
#9196=CARTESIAN_POINT('Ctrl Pts',(-0.226020188432737,0.391478449901792,
-4.5125));
#9197=CARTESIAN_POINT('Ctrl Pts',(0.,0.391478449901792,-4.56));
#9198=CARTESIAN_POINT('Ctrl Pts',(0.226020188432737,0.391478449901792,-4.6075));
#9199=CARTESIAN_POINT('Ctrl Pts',(0.339030282649106,0.195739224950896,-4.655));
#9200=CARTESIAN_POINT('Ctrl Pts',(0.452040376865474,2.76794900306833E-17,
-4.7025));
#9201=CARTESIAN_POINT('Ctrl Pts',(0.339030282649106,-0.195739224950896,
-4.75));
#9202=CARTESIAN_POINT('Ctrl Pts',(0.226020188432737,-0.391478449901792,
-4.7975));
#9203=CARTESIAN_POINT('Ctrl Pts',(4.79422830607397E-17,-0.391478449901792,
-4.845));
#9204=CARTESIAN_POINT('Ctrl Pts',(-0.226020188432737,-0.391478449901792,
-4.8925));
#9205=CARTESIAN_POINT('Ctrl Pts',(-0.339030282649106,-0.195739224950896,
-4.94));
#9206=CARTESIAN_POINT('Ctrl Pts',(-0.452040376865474,-8.303847009205E-17,
-4.9875));
#9207=CARTESIAN_POINT('Ctrl Pts',(-0.339030282649106,0.195739224950896,
-5.035));
#9208=CARTESIAN_POINT('Ctrl Pts',(-0.226020188432737,0.391478449901792,
-5.0825));
#9209=CARTESIAN_POINT('Ctrl Pts',(0.,0.391478449901792,-5.13));
#9210=CARTESIAN_POINT('Ctrl Pts',(0.,0.7,-3.811875));
#9211=CARTESIAN_POINT('Ctrl Pts',(0.404145188432738,0.7,-3.859375));
#9212=CARTESIAN_POINT('Ctrl Pts',(0.606217782649107,0.35,-3.906875));
#9213=CARTESIAN_POINT('Ctrl Pts',(0.808290376865476,4.94935111404957E-17,
-3.954375));
#9214=CARTESIAN_POINT('Ctrl Pts',(0.606217782649107,-0.35,-4.001875));
#9215=CARTESIAN_POINT('Ctrl Pts',(0.404145188432738,-0.7,-4.049375));
#9216=CARTESIAN_POINT('Ctrl Pts',(8.57252759403148E-17,-0.7,-4.096875));
#9217=CARTESIAN_POINT('Ctrl Pts',(-0.404145188432738,-0.7,-4.144375));
#9218=CARTESIAN_POINT('Ctrl Pts',(-0.606217782649107,-0.35,-4.191875));
#9219=CARTESIAN_POINT('Ctrl Pts',(-0.808290376865476,-1.48480533421487E-16,
-4.239375));
#9220=CARTESIAN_POINT('Ctrl Pts',(-0.606217782649108,0.35,-4.286875));
#9221=CARTESIAN_POINT('Ctrl Pts',(-0.404145188432739,0.7,-4.334375));
#9222=CARTESIAN_POINT('Ctrl Pts',(0.,0.7,-4.381875));
#9223=CARTESIAN_POINT('Ctrl Pts',(0.404145188432738,0.7,-4.429375));
#9224=CARTESIAN_POINT('Ctrl Pts',(0.606217782649107,0.35,-4.476875));
#9225=CARTESIAN_POINT('Ctrl Pts',(0.808290376865476,4.94935111404957E-17,
-4.524375));
#9226=CARTESIAN_POINT('Ctrl Pts',(0.606217782649107,-0.35,-4.571875));
#9227=CARTESIAN_POINT('Ctrl Pts',(0.404145188432738,-0.7,-4.619375));
#9228=CARTESIAN_POINT('Ctrl Pts',(8.57252759403148E-17,-0.7,-4.666875));
#9229=CARTESIAN_POINT('Ctrl Pts',(-0.404145188432738,-0.7,-4.714375));
#9230=CARTESIAN_POINT('Ctrl Pts',(-0.606217782649107,-0.35,-4.761875));
#9231=CARTESIAN_POINT('Ctrl Pts',(-0.808290376865476,-1.48480533421487E-16,
-4.809375));
#9232=CARTESIAN_POINT('Ctrl Pts',(-0.606217782649108,0.35,-4.856875));
#9233=CARTESIAN_POINT('Ctrl Pts',(-0.404145188432739,0.7,-4.904375));
#9234=CARTESIAN_POINT('Ctrl Pts',(0.,0.7,-4.951875));
#9235=CARTESIAN_POINT('Origin',(0.,0.,-6.));
#9236=CARTESIAN_POINT('Origin',(-0.317521716634755,0.549963745717887,0.492857142857143));
#9237=CARTESIAN_POINT('',(-0.36193150098901,0.331175415239294,0.492857142857143));
#9238=CARTESIAN_POINT('',(-0.36193150098901,0.331175415239294,0.492857142857143));
#9239=CARTESIAN_POINT('',(-0.105840572211585,0.479029581905962,0.492857142857143));
#9240=CARTESIAN_POINT('Origin',(-0.317521716634755,0.549963745717887,0.492857142857143));
#9241=CARTESIAN_POINT('',(-0.105840572211585,0.479029581905962,0.492857142857143));
#9242=CARTESIAN_POINT('Origin',(0.,0.4435625,0.492857142857143));
#9243=CARTESIAN_POINT('',(0.105840572211585,0.479029581905963,0.492857142857143));
#9244=CARTESIAN_POINT('Origin',(0.,0.4435625,0.492857142857143));
#9245=CARTESIAN_POINT('',(0.105840572211585,0.479029581905963,0.492857142857143));
#9246=CARTESIAN_POINT('Origin',(0.317521716634755,0.549963745717887,0.492857142857143));
#9247=CARTESIAN_POINT('Origin',(0.317521716634755,0.549963745717887,0.492857142857143));
#9248=CARTESIAN_POINT('Origin',(-0.317521716634755,0.549963745717887,0.492857142857143));
#9249=CARTESIAN_POINT('Origin',(-0.384136393166136,0.221781249999999,0.492857142857143));
#9250=CARTESIAN_POINT('Origin',(-0.317521716634755,-0.549963745717887,0.492857142857143));
#9251=CARTESIAN_POINT('Origin',(0.317521716634759,-0.549963745717885,0.492857142857143));
#9252=CARTESIAN_POINT('Origin',(0.635043433269513,4.34180501331753E-15,
0.492857142857143));
#9253=CARTESIAN_POINT('Origin',(-0.384136393166136,0.221781249999999,0.492857142857143));
#9254=CARTESIAN_POINT('Origin',(-0.317521716634755,-0.549963745717887,0.492857142857143));
#9255=CARTESIAN_POINT('Origin',(0.317521716634759,-0.549963745717885,0.492857142857143));
#9256=CARTESIAN_POINT('Origin',(0.635043433269513,4.34180501331753E-15,
0.492857142857143));
#9257=CARTESIAN_POINT('Origin',(13.549587726593,35.737144208301,-1.97526589035988));
#9258=CARTESIAN_POINT('',(13.549587726593,35.56,-2.44244841906729));
#9259=CARTESIAN_POINT('Origin',(13.549587726593,35.56,-1.97526589035988));
#9260=CARTESIAN_POINT('',(13.549587726593,35.279288416602,-1.97526589035988));
#9261=CARTESIAN_POINT('',(13.549587726593,35.737144208301,-2.73726589035988));
#9262=CARTESIAN_POINT('Origin',(-15.2400004870991,28.956,-3.2155105639011));
#9263=CARTESIAN_POINT('',(-19.3040004870991,28.956,-3.2155105639011));
#9264=CARTESIAN_POINT('',(-15.2400004870991,28.956,-3.2155105639011));
#9265=CARTESIAN_POINT('',(-15.2400004870991,28.956,-3.2155105639011));
#9266=CARTESIAN_POINT('',(-19.3040004870991,29.972,-3.2155105639011));
#9267=CARTESIAN_POINT('',(-19.3040004870991,28.956,-3.2155105639011));
#9268=CARTESIAN_POINT('',(-15.2400004870991,29.972,-3.2155105639011));
#9269=CARTESIAN_POINT('',(-19.3040004870991,29.972,-3.2155105639011));
#9270=CARTESIAN_POINT('',(-15.2400004870991,23.0505,-3.2155105639011));
#9271=CARTESIAN_POINT('Origin',(-19.3040004870991,28.956,-1.1835105639011));
#9272=CARTESIAN_POINT('',(-15.2400004870991,28.956,-1.1835105639011));
#9273=CARTESIAN_POINT('',(-19.3040004870991,28.956,-1.1835105639011));
#9274=CARTESIAN_POINT('',(-17.2720004870992,28.956,-1.1835105639011));
#9275=CARTESIAN_POINT('',(-15.2400004870991,29.972,-1.1835105639011));
#9276=CARTESIAN_POINT('',(-15.2400004870991,23.0505,-1.1835105639011));
#9277=CARTESIAN_POINT('',(-19.3040004870991,29.972,-1.1835105639011));
#9278=CARTESIAN_POINT('',(-15.2400004870991,29.972,-1.1835105639011));
#9279=CARTESIAN_POINT('',(-19.3040004870991,28.956,-1.1835105639011));
#9280=CARTESIAN_POINT('Origin',(-19.3040004870991,28.956,-2.1995105639011));
#9281=CARTESIAN_POINT('Origin',(-19.3040004870991,28.956,-2.1995105639011));
#9282=CARTESIAN_POINT('Origin',(-19.3040004870991,29.972,-2.1995105639011));
#9283=CARTESIAN_POINT('Origin',(-17.7800004870991,29.972,-2.1995105639011));
#9284=CARTESIAN_POINT('',(-15.2400004870991,29.972,-1.98875516035708));
#9285=CARTESIAN_POINT('Origin',(-15.2400004870992,28.956,7.62000024318695));
#9286=CARTESIAN_POINT('',(-15.2400004870991,28.956,-10.921999756813));
#9287=CARTESIAN_POINT('',(-15.2400004870991,28.956,2.92100024318695));
#9288=CARTESIAN_POINT('',(-14.9860004870991,28.956,-11.175999756813));
#9289=CARTESIAN_POINT('Origin',(-14.9860004870991,28.956,-10.921999756813));
#9290=CARTESIAN_POINT('',(-23.6220004870992,28.956,-11.175999756813));
#9291=CARTESIAN_POINT('',(-5.71500018293415,28.956,-11.175999756813));
#9292=CARTESIAN_POINT('',(-23.8760004870992,28.956,-10.921999756813));
#9293=CARTESIAN_POINT('Origin',(-23.6220004870992,28.956,-10.921999756813));
#9294=CARTESIAN_POINT('',(-23.8760004870992,28.956,-8.69936163245787));
#9295=CARTESIAN_POINT('',(-23.8760004870992,28.956,-11.175999756813));
#9296=CARTESIAN_POINT('',(-23.6220004870992,28.956,-8.44536163245787));
#9297=CARTESIAN_POINT('Origin',(-23.6220004870992,28.956,-8.69936163245787));
#9298=CARTESIAN_POINT('',(-21.93399713852,28.956,-8.44536163245787));
#9299=CARTESIAN_POINT('',(-19.5580004870992,28.956,-8.44536163245787));
#9300=CARTESIAN_POINT('',(-21.93399713852,28.956,-5.27036163245787));
#9301=CARTESIAN_POINT('Origin',(-20.2891142399524,28.956,-6.85786163245787));
#9302=CARTESIAN_POINT('',(-23.6220004870992,28.956,-5.27036163245787));
#9303=CARTESIAN_POINT('',(-18.5869988128096,28.956,-5.27036163245787));
#9304=CARTESIAN_POINT('',(-23.8760004870992,28.956,-5.01636163245787));
#9305=CARTESIAN_POINT('Origin',(-23.6220004870992,28.956,-5.01636163245787));
#9306=CARTESIAN_POINT('',(-23.8760004870992,28.956,1.46036211883177));
#9307=CARTESIAN_POINT('',(-23.8760004870992,28.956,-11.175999756813));
#9308=CARTESIAN_POINT('',(-23.6220004870992,28.956,1.71436211883177));
#9309=CARTESIAN_POINT('Origin',(-23.6220004870992,28.956,1.46036211883177));
#9310=CARTESIAN_POINT('',(-21.93399713852,28.956,1.71436211883177));
#9311=CARTESIAN_POINT('',(-19.5580004870992,28.956,1.71436211883177));
#9312=CARTESIAN_POINT('',(-21.93399713852,28.956,4.88936211883177));
#9313=CARTESIAN_POINT('Origin',(-20.2891142399524,28.956,3.30186211883177));
#9314=CARTESIAN_POINT('',(-23.8760004870992,28.956,4.88936211883177));
#9315=CARTESIAN_POINT('',(-18.5869988128096,28.956,4.88936211883177));
#9316=CARTESIAN_POINT('',(-23.8760004870992,28.956,7.36600024318695));
#9317=CARTESIAN_POINT('',(-23.8760004870992,28.956,-11.175999756813));
#9318=CARTESIAN_POINT('',(-23.6220004870992,28.956,7.62000024318695));
#9319=CARTESIAN_POINT('Origin',(-23.6220004870992,28.956,7.36600024318695));
#9320=CARTESIAN_POINT('',(-14.9860004870991,28.956,7.62000024318695));
#9321=CARTESIAN_POINT('',(-15.2400004870992,28.956,7.62000024318695));
#9322=CARTESIAN_POINT('',(-15.2400004870991,28.956,7.36600024318695));
#9323=CARTESIAN_POINT('Origin',(-14.9860004870991,28.956,7.36600024318695));
#9324=CARTESIAN_POINT('',(-15.2400004870991,28.956,2.92100024318695));
#9325=CARTESIAN_POINT('Origin',(26.9240007295609,28.956,-3.2155105639011));
#9326=CARTESIAN_POINT('',(22.8600007295609,28.956,-3.2155105639011));
#9327=CARTESIAN_POINT('',(26.9240007295609,28.956,-3.2155105639011));
#9328=CARTESIAN_POINT('',(24.8920007295608,28.956,-3.2155105639011));
#9329=CARTESIAN_POINT('',(22.8600007295609,29.972,-3.2155105639011));
#9330=CARTESIAN_POINT('',(22.8600007295609,23.0505,-3.2155105639011));
#9331=CARTESIAN_POINT('',(26.9240007295609,29.972,-3.2155105639011));
#9332=CARTESIAN_POINT('',(26.9240007295609,29.972,-3.2155105639011));
#9333=CARTESIAN_POINT('',(26.9240007295609,28.956,-3.2155105639011));
#9334=CARTESIAN_POINT('Origin',(26.9240007295609,28.956,-2.1995105639011));
#9335=CARTESIAN_POINT('',(26.9240007295609,28.956,-1.1835105639011));
#9336=CARTESIAN_POINT('Origin',(26.9240007295609,28.956,-2.1995105639011));
#9337=CARTESIAN_POINT('',(26.9240007295609,29.972,-1.1835105639011));
#9338=CARTESIAN_POINT('Origin',(26.9240007295609,29.972,-2.1995105639011));
#9339=CARTESIAN_POINT('',(26.9240007295609,28.956,-1.1835105639011));
#9340=CARTESIAN_POINT('Origin',(22.8600007295609,28.956,-1.1835105639011));
#9341=CARTESIAN_POINT('',(22.8600007295609,28.956,-1.1835105639011));
#9342=CARTESIAN_POINT('',(22.8600007295609,28.956,-1.1835105639011));
#9343=CARTESIAN_POINT('',(22.8600007295609,29.972,-1.1835105639011));
#9344=CARTESIAN_POINT('',(22.8600007295609,29.972,-1.1835105639011));
#9345=CARTESIAN_POINT('',(22.8600007295609,23.0505,-1.1835105639011));
#9346=CARTESIAN_POINT('Origin',(25.4000007295609,29.972,-2.1995105639011));
#9347=CARTESIAN_POINT('',(22.8600007295609,29.972,-1.98875516035708));
#9348=CARTESIAN_POINT('Origin',(22.8600007295609,28.956,-11.175999756813));
#9349=CARTESIAN_POINT('',(22.8600007295609,28.956,7.36600024318695));
#9350=CARTESIAN_POINT('',(22.8600007295609,28.956,-6.47699975681305));
#9351=CARTESIAN_POINT('',(22.6060007295609,28.956,7.62000024318695));
#9352=CARTESIAN_POINT('Origin',(22.6060007295609,28.956,7.36600024318695));
#9353=CARTESIAN_POINT('',(31.2420007295609,28.956,7.62000024318695));
#9354=CARTESIAN_POINT('',(13.3350004253959,28.956,7.62000024318695));
#9355=CARTESIAN_POINT('',(31.4960007295609,28.956,7.36600024318695));
#9356=CARTESIAN_POINT('Origin',(31.2420007295609,28.956,7.36600024318695));
#9357=CARTESIAN_POINT('',(31.4960007295609,28.956,5.14336211883177));
#9358=CARTESIAN_POINT('',(31.4960007295609,28.956,7.62000024318695));
#9359=CARTESIAN_POINT('',(31.2420007295609,28.956,4.88936211883177));
#9360=CARTESIAN_POINT('Origin',(31.2420007295609,28.956,5.14336211883177));
#9361=CARTESIAN_POINT('',(29.5539973809817,28.956,4.88936211883177));
#9362=CARTESIAN_POINT('',(27.1780007295608,28.956,4.88936211883177));
#9363=CARTESIAN_POINT('',(29.5539973809817,28.956,1.71436211883177));
#9364=CARTESIAN_POINT('Origin',(27.9091144824141,28.956,3.30186211883177));
#9365=CARTESIAN_POINT('',(31.2420007295609,28.956,1.71436211883177));
#9366=CARTESIAN_POINT('',(26.2069990552713,28.956,1.71436211883177));
#9367=CARTESIAN_POINT('',(31.4960007295609,28.956,1.46036211883177));
#9368=CARTESIAN_POINT('Origin',(31.2420007295609,28.956,1.46036211883177));
#9369=CARTESIAN_POINT('',(31.4960007295609,28.956,-5.01636163245787));
#9370=CARTESIAN_POINT('',(31.4960007295609,28.956,7.62000024318695));
#9371=CARTESIAN_POINT('',(31.2420007295609,28.956,-5.27036163245787));
#9372=CARTESIAN_POINT('Origin',(31.2420007295609,28.956,-5.01636163245787));
#9373=CARTESIAN_POINT('',(29.5539973809817,28.956,-5.27036163245787));
#9374=CARTESIAN_POINT('',(27.1780007295608,28.956,-5.27036163245787));
#9375=CARTESIAN_POINT('',(29.5539973809817,28.956,-8.44536163245787));
#9376=CARTESIAN_POINT('Origin',(27.9091144824141,28.956,-6.85786163245787));
#9377=CARTESIAN_POINT('',(31.2420007295609,28.956,-8.44536163245787));
#9378=CARTESIAN_POINT('',(26.2069990552713,28.956,-8.44536163245787));
#9379=CARTESIAN_POINT('',(31.4960007295609,28.956,-8.69936163245787));
#9380=CARTESIAN_POINT('Origin',(31.2420007295609,28.956,-8.69936163245787));
#9381=CARTESIAN_POINT('',(31.4960007295609,28.956,-10.921999756813));
#9382=CARTESIAN_POINT('',(31.4960007295609,28.956,7.62000024318695));
#9383=CARTESIAN_POINT('',(31.2420007295609,28.956,-11.175999756813));
#9384=CARTESIAN_POINT('Origin',(31.2420007295609,28.956,-10.921999756813));
#9385=CARTESIAN_POINT('',(22.6060007295609,28.956,-11.175999756813));
#9386=CARTESIAN_POINT('',(22.8600007295609,28.956,-11.175999756813));
#9387=CARTESIAN_POINT('',(22.8600007295609,28.956,-10.921999756813));
#9388=CARTESIAN_POINT('Origin',(22.6060007295609,28.956,-10.921999756813));
#9389=CARTESIAN_POINT('',(22.8600007295609,28.956,-6.47699975681305));
#9390=CARTESIAN_POINT('Origin',(31.2420007295609,22.4155,-10.921999756813));
#9391=CARTESIAN_POINT('',(31.4960007295609,26.416,-10.921999756813));
#9392=CARTESIAN_POINT('',(31.4960007295609,22.4155,-10.921999756813));
#9393=CARTESIAN_POINT('',(31.2420007295609,26.416,-11.175999756813));
#9394=CARTESIAN_POINT('Origin',(31.2420007295609,26.416,-10.921999756813));
#9395=CARTESIAN_POINT('',(31.2420007295609,22.4155,-11.175999756813));
#9396=CARTESIAN_POINT('Origin',(22.8600007295609,26.416,7.62000024318695));
#9397=CARTESIAN_POINT('',(31.4960007295609,26.416,-8.69936163245787));
#9398=CARTESIAN_POINT('',(31.4960007295609,26.416,-11.175999756813));
#9399=CARTESIAN_POINT('',(31.2420007295609,26.416,-8.44536163245787));
#9400=CARTESIAN_POINT('Origin',(31.2420007295609,26.416,-8.69936163245787));
#9401=CARTESIAN_POINT('',(29.5539973809817,26.416,-8.44536163245787));
#9402=CARTESIAN_POINT('',(26.2069990552713,26.416,-8.44536163245787));
#9403=CARTESIAN_POINT('',(29.5539973809817,26.416,-5.27036163245787));
#9404=CARTESIAN_POINT('Origin',(27.9091144824141,26.416,-6.85786163245787));
#9405=CARTESIAN_POINT('',(31.2420007295609,26.416,-5.27036163245787));
#9406=CARTESIAN_POINT('',(27.1780007295608,26.416,-5.27036163245787));
#9407=CARTESIAN_POINT('',(31.4960007295609,26.416,-5.01636163245787));
#9408=CARTESIAN_POINT('Origin',(31.2420007295609,26.416,-5.01636163245787));
#9409=CARTESIAN_POINT('',(31.4960007295609,26.416,1.46036211883177));
#9410=CARTESIAN_POINT('',(31.4960007295609,26.416,-11.175999756813));
#9411=CARTESIAN_POINT('',(31.2420007295609,26.416,1.71436211883177));
#9412=CARTESIAN_POINT('Origin',(31.2420007295609,26.416,1.46036211883177));
#9413=CARTESIAN_POINT('',(29.5539973809817,26.416,1.71436211883177));
#9414=CARTESIAN_POINT('',(26.2069990552713,26.416,1.71436211883177));
#9415=CARTESIAN_POINT('',(29.5539973809817,26.416,4.88936211883177));
#9416=CARTESIAN_POINT('Origin',(27.9091144824141,26.416,3.30186211883177));
#9417=CARTESIAN_POINT('',(31.2420007295609,26.416,4.88936211883177));
#9418=CARTESIAN_POINT('',(27.1780007295608,26.416,4.88936211883177));
#9419=CARTESIAN_POINT('',(31.4960007295609,26.416,5.14336211883177));
#9420=CARTESIAN_POINT('Origin',(31.2420007295609,26.416,5.14336211883177));
#9421=CARTESIAN_POINT('',(31.4960007295609,26.416,7.36600024318695));
#9422=CARTESIAN_POINT('',(31.4960007295609,26.416,-11.175999756813));
#9423=CARTESIAN_POINT('',(31.2420007295609,26.416,7.62000024318695));
#9424=CARTESIAN_POINT('Origin',(31.2420007295609,26.416,7.36600024318695));
#9425=CARTESIAN_POINT('',(22.6060007295609,26.416,7.62000024318695));
#9426=CARTESIAN_POINT('',(13.3350004253959,26.416,7.62000024318695));
#9427=CARTESIAN_POINT('',(22.8600007295609,26.416,7.36600024318695));
#9428=CARTESIAN_POINT('Origin',(22.6060007295609,26.416,7.36600024318695));
#9429=CARTESIAN_POINT('',(22.8600007295609,26.416,-10.921999756813));
#9430=CARTESIAN_POINT('',(22.8600007295609,26.416,2.92100024318695));
#9431=CARTESIAN_POINT('',(22.6060007295609,26.416,-11.175999756813));
#9432=CARTESIAN_POINT('Origin',(22.6060007295609,26.416,-10.921999756813));
#9433=CARTESIAN_POINT('',(13.3350004253959,26.416,-11.175999756813));
#9434=CARTESIAN_POINT('Origin',(31.4960007295609,27.686,-1.77799975681305));
#9435=CARTESIAN_POINT('',(31.4960007295609,28.321,-8.69936163245787));
#9436=CARTESIAN_POINT('Origin',(31.2420007295609,28.321,-8.69936163245787));
#9437=CARTESIAN_POINT('',(31.2420007295609,28.321,-8.44536163245787));
#9438=CARTESIAN_POINT('Origin',(31.2420007295609,28.321,-5.01636163245787));
#9439=CARTESIAN_POINT('',(31.4960007295609,28.321,-5.01636163245787));
#9440=CARTESIAN_POINT('',(31.2420007295609,28.321,-5.27036163245787));
#9441=CARTESIAN_POINT('Origin',(31.4960007295609,27.686,-1.77799975681305));
#9442=CARTESIAN_POINT('',(31.4960007295609,28.321,1.46036211883177));
#9443=CARTESIAN_POINT('Origin',(31.2420007295609,28.321,1.46036211883177));
#9444=CARTESIAN_POINT('',(31.2420007295609,28.321,1.71436211883177));
#9445=CARTESIAN_POINT('Origin',(31.2420007295609,28.321,5.14336211883177));
#9446=CARTESIAN_POINT('',(31.4960007295609,28.321,5.14336211883177));
#9447=CARTESIAN_POINT('',(31.2420007295609,28.321,4.88936211883177));
#9448=CARTESIAN_POINT('Origin',(31.4960007295609,28.956,4.88936211883177));
#9449=CARTESIAN_POINT('',(29.5539973809817,28.956,4.88936211883177));
#9450=CARTESIAN_POINT('Origin',(31.2420007295609,22.4155,7.36600024318695));
#9451=CARTESIAN_POINT('',(31.4960007295609,22.4155,7.36600024318695));
#9452=CARTESIAN_POINT('',(31.2420007295609,22.4155,7.62000024318695));
#9453=CARTESIAN_POINT('Origin',(3.81000012123085,17.145,7.62000024318695));
#9454=CARTESIAN_POINT('',(22.6060007295609,33.782,7.62000024318695));
#9455=CARTESIAN_POINT('',(22.6060007295609,17.145,7.62000024318695));
#9456=CARTESIAN_POINT('',(1.80425452757973,33.782,7.62000024318695));
#9457=CARTESIAN_POINT('',(8.06450042539585,33.782,7.62000024318695));
#9458=CARTESIAN_POINT('',(-14.9860004870991,30.2735887552207,7.62000024318695));
#9459=CARTESIAN_POINT('',(1.11254542730936,33.637463780426,7.62000024318695));
#9460=CARTESIAN_POINT('',(-14.9860004870991,17.145,7.62000024318695));
#9461=CARTESIAN_POINT('',(-23.6220004870992,26.416,7.62000024318695));
#9462=CARTESIAN_POINT('',(-23.6220004870992,22.4155,7.62000024318695));
#9463=CARTESIAN_POINT('',(-14.9860004870991,26.416,7.62000024318695));
#9464=CARTESIAN_POINT('',(-5.71500018293415,26.416,7.62000024318695));
#9465=CARTESIAN_POINT('',(-14.9860004870991,1.27,7.62000024318695));
#9466=CARTESIAN_POINT('',(-14.9860004870991,17.145,7.62000024318695));
#9467=CARTESIAN_POINT('',(-12.0650004870991,1.27,7.62000024318695));
#9468=CARTESIAN_POINT('',(-4.92125018293415,1.27,7.62000024318695));
#9469=CARTESIAN_POINT('',(-12.0650004870991,0.,7.62000024318695));
#9470=CARTESIAN_POINT('',(-12.0650004870991,0.,7.62000024318695));
#9471=CARTESIAN_POINT('',(19.6850007295609,0.,7.62000024318695));
#9472=CARTESIAN_POINT('',(3.81000012123085,0.,7.62000024318695));
#9473=CARTESIAN_POINT('',(19.6850007295609,1.27,7.62000024318695));
#9474=CARTESIAN_POINT('',(19.6850007295609,0.,7.62000024318695));
#9475=CARTESIAN_POINT('',(22.6060007295609,1.27,7.62000024318695));
#9476=CARTESIAN_POINT('',(12.5412504253959,1.27,7.62000024318695));
#9477=CARTESIAN_POINT('',(22.6060007295609,17.145,7.62000024318695));
#9478=CARTESIAN_POINT('Origin',(-23.6220004870992,22.4155,-10.921999756813));
#9479=CARTESIAN_POINT('',(-23.6220004870992,26.416,-11.175999756813));
#9480=CARTESIAN_POINT('',(-23.8760004870992,26.416,-10.921999756813));
#9481=CARTESIAN_POINT('Origin',(-23.6220004870992,26.416,-10.921999756813));
#9482=CARTESIAN_POINT('',(-23.8760004870992,22.4155,-10.921999756813));
#9483=CARTESIAN_POINT('',(-23.6220004870992,22.4155,-11.175999756813));
#9484=CARTESIAN_POINT('Origin',(-23.8760004870992,27.686,-1.77799975681305));
#9485=CARTESIAN_POINT('',(-23.8760004870992,26.416,-8.69936163245787));
#9486=CARTESIAN_POINT('',(-23.8760004870992,26.416,7.62000024318695));
#9487=CARTESIAN_POINT('',(-23.8760004870992,28.321,-8.69936163245787));
#9488=CARTESIAN_POINT('Origin',(-23.6220004870992,28.321,-8.69936163245787));
#9489=CARTESIAN_POINT('',(-23.6220004870992,26.416,-8.44536163245787));
#9490=CARTESIAN_POINT('Origin',(-23.6220004870992,26.416,-8.69936163245787));
#9491=CARTESIAN_POINT('',(-23.6220004870992,28.321,-8.44536163245787));
#9492=CARTESIAN_POINT('Origin',(-23.6220004870992,28.321,-5.01636163245787));
#9493=CARTESIAN_POINT('',(-23.6220004870992,26.416,-5.27036163245787));
#9494=CARTESIAN_POINT('',(-23.8760004870992,26.416,-5.01636163245787));
#9495=CARTESIAN_POINT('Origin',(-23.6220004870992,26.416,-5.01636163245787));
#9496=CARTESIAN_POINT('',(-23.8760004870992,28.321,-5.01636163245787));
#9497=CARTESIAN_POINT('',(-23.6220004870992,28.321,-5.27036163245787));
#9498=CARTESIAN_POINT('Origin',(-23.8760004870992,27.686,-1.77799975681305));
#9499=CARTESIAN_POINT('',(-23.8760004870992,26.416,1.46036211883177));
#9500=CARTESIAN_POINT('',(-23.8760004870992,26.416,7.62000024318695));
#9501=CARTESIAN_POINT('',(-23.8760004870992,28.321,1.46036211883177));
#9502=CARTESIAN_POINT('Origin',(-23.6220004870992,28.321,1.46036211883177));
#9503=CARTESIAN_POINT('',(-23.6220004870992,26.416,1.71436211883177));
#9504=CARTESIAN_POINT('Origin',(-23.6220004870992,26.416,1.46036211883177));
#9505=CARTESIAN_POINT('',(-23.6220004870992,28.321,1.71436211883177));
#9506=CARTESIAN_POINT('Origin',(-23.6220004870992,22.4155,7.36600024318695));
#9507=CARTESIAN_POINT('',(-23.8760004870992,26.416,7.36600024318695));
#9508=CARTESIAN_POINT('',(-23.8760004870992,22.4155,7.36600024318695));
#9509=CARTESIAN_POINT('Origin',(-23.6220004870992,26.416,7.36600024318695));
#9510=CARTESIAN_POINT('Origin',(-12.2023528098479,31.3742181729423,7.49300024318695));
#9511=CARTESIAN_POINT('',(-12.1504002531567,31.1255880624303,-10.921999756813));
#9512=CARTESIAN_POINT('',(-12.008590048946,31.2099866519494,-10.921999756813));
#9513=CARTESIAN_POINT('Origin',(-12.2023528098479,31.3742181729423,-10.9219997568131));
#9514=CARTESIAN_POINT('',(-12.1504002531567,31.1255880624303,7.36600024318695));
#9515=CARTESIAN_POINT('',(-12.1504002531567,31.1255880624303,7.49300024318695));
#9516=CARTESIAN_POINT('',(-12.008590048946,31.2099866519494,7.36600024318695));
#9517=CARTESIAN_POINT('Origin',(-12.2023528098479,31.3742181729423,7.36600024318695));
#9518=CARTESIAN_POINT('',(-12.008590048946,31.2099866519494,7.49300024318695));
#9519=CARTESIAN_POINT('Origin',(-9.39799927043915,34.29,7.36600024318695));
#9520=CARTESIAN_POINT('',(-9.47408620157042,34.2002315209929,7.36600024318695));
#9521=CARTESIAN_POINT('',(-7.06184244080116,37.0462321439518,7.36600024318695));
#9522=CARTESIAN_POINT('',(-9.47408620157042,34.2002315209929,-10.921999756813));
#9523=CARTESIAN_POINT('',(-9.47408620157042,34.2002315209929,2.79400024318695));
#9524=CARTESIAN_POINT('',(-9.95549149547074,33.6322624837762,-10.921999756813));
#9525=CARTESIAN_POINT('Origin',(-9.28032344066843,34.036,2.79400024318695));
#9526=CARTESIAN_POINT('',(-9.28032344066843,34.29,7.36600024318695));
#9527=CARTESIAN_POINT('Origin',(-9.28032344066843,34.036,7.36600024318695));
#9528=CARTESIAN_POINT('',(-9.28032344066843,34.29,-10.9219997568131));
#9529=CARTESIAN_POINT('',(-9.28032344066843,34.29,2.79400024318695));
#9530=CARTESIAN_POINT('Origin',(-9.28032344066843,34.036,-10.9219997568131));
#9531=CARTESIAN_POINT('Origin',(1.77800072956085,34.29,7.36600024318695));
#9532=CARTESIAN_POINT('',(1.77800072956085,34.036,7.36600024318695));
#9533=CARTESIAN_POINT('',(1.80342783568593,34.0413131262732,7.36600024318695));
#9534=CARTESIAN_POINT('',(1.77800072956085,34.29,7.36600024318695));
#9535=CARTESIAN_POINT('',(1.77800072956085,34.29,7.36600024318695));
#9536=CARTESIAN_POINT('',(-12.0650004870992,34.29,7.36600024318695));
#9537=CARTESIAN_POINT('Origin',(1.11254542730936,33.637463780426,7.36600024318695));
#9538=CARTESIAN_POINT('',(-15.0379530437904,30.5222188657327,7.36600024318695));
#9539=CARTESIAN_POINT('',(1.06059287061807,33.8860938909381,7.36600024318695));
#9540=CARTESIAN_POINT('Origin',(-14.9860004870991,30.2735887552207,7.36600024318695));
#9541=CARTESIAN_POINT('Origin',(1.80425452757973,33.782,7.36600024318695));
#9542=CARTESIAN_POINT('Origin',(8.06450042539585,33.782,7.36600024318695));
#9543=CARTESIAN_POINT('',(22.6060007295608,34.036,7.36600024318695));
#9544=CARTESIAN_POINT('Origin',(22.6060007295609,33.782,7.36600024318695));
#9545=CARTESIAN_POINT('',(2.28600072956085,34.036,7.36600024318695));
#9546=CARTESIAN_POINT('',(2.28600072956085,34.036,7.36600024318695));
#9547=CARTESIAN_POINT('',(8.06450042539585,34.036,7.36600024318695));
#9548=CARTESIAN_POINT('Origin',(-14.9860004870991,30.2735887552207,2.92100024318695));
#9549=CARTESIAN_POINT('',(-15.2400004870991,30.2735887552207,7.36600024318695));
#9550=CARTESIAN_POINT('Origin',(-14.9860004870991,30.2735887552207,7.36600024318695));
#9551=CARTESIAN_POINT('',(-15.0379530437904,30.5222188657327,-10.921999756813));
#9552=CARTESIAN_POINT('',(-15.0379530437904,30.5222188657327,2.92100024318695));
#9553=CARTESIAN_POINT('',(-15.2400004870991,30.2735887552207,-10.921999756813));
#9554=CARTESIAN_POINT('Origin',(-14.9860004870991,30.2735887552207,-10.921999756813));
#9555=CARTESIAN_POINT('',(-15.2400004870991,30.2735887552207,2.92100024318695));
#9556=CARTESIAN_POINT('Origin',(-14.9860004870991,30.2735887552207,7.36600024318695));
#9557=CARTESIAN_POINT('Origin',(-14.9860004870991,30.2735887552207,7.36600024318695));
#9558=CARTESIAN_POINT('Origin',(1.11254542730936,33.637463780426,-10.921999756813));
#9559=CARTESIAN_POINT('',(1.80425452757973,33.782,-11.175999756813));
#9560=CARTESIAN_POINT('',(-14.9860004870991,30.2735887552207,-11.175999756813));
#9561=CARTESIAN_POINT('',(1.11254542730936,33.637463780426,-11.175999756813));
#9562=CARTESIAN_POINT('Origin',(-14.9860004870991,30.2735887552207,-10.921999756813));
#9563=CARTESIAN_POINT('',(1.06059287061807,33.8860938909381,-10.921999756813));
#9564=CARTESIAN_POINT('',(1.77800072956085,34.036,-10.9219997568131));
#9565=CARTESIAN_POINT('',(-4.82850736530742,32.6555357206607,-10.9219997568131));
#9566=CARTESIAN_POINT('Origin',(1.80425452757973,33.782,-10.921999756813));
#9567=CARTESIAN_POINT('Origin',(8.06450042539585,33.782,-10.921999756813));
#9568=CARTESIAN_POINT('',(2.28600072956085,34.036,-10.9219997568131));
#9569=CARTESIAN_POINT('',(8.06450042539585,34.036,-10.921999756813));
#9570=CARTESIAN_POINT('',(22.6060007295609,34.036,-10.9219997568131));
#9571=CARTESIAN_POINT('',(22.6060007295609,34.036,-10.9219997568131));
#9572=CARTESIAN_POINT('',(22.6060007295609,33.782,-11.175999756813));
#9573=CARTESIAN_POINT('Origin',(22.6060007295609,33.782,-10.921999756813));
#9574=CARTESIAN_POINT('',(8.06450042539585,33.782,-11.175999756813));
#9575=CARTESIAN_POINT('Origin',(-14.9860004870991,30.2735887552207,-10.921999756813));
#9576=CARTESIAN_POINT('Origin',(-14.9860004870991,30.2735887552207,-10.921999756813));
#9577=CARTESIAN_POINT('Origin',(22.6060007295609,33.782,-1.77799975681305));
#9578=CARTESIAN_POINT('',(22.8600007295609,33.782,-10.921999756813));
#9579=CARTESIAN_POINT('Origin',(22.6060007295609,33.782,-10.921999756813));
#9580=CARTESIAN_POINT('',(22.6060007295609,34.036,7.36600024318695));
#9581=CARTESIAN_POINT('',(22.8600007295609,33.782,7.36600024318695));
#9582=CARTESIAN_POINT('Origin',(22.6060007295609,33.782,7.36600024318695));
#9583=CARTESIAN_POINT('',(22.8600007295609,33.782,-1.77799975681305));
#9584=CARTESIAN_POINT('Origin',(22.6060007295609,33.782,-10.921999756813));
#9585=CARTESIAN_POINT('Origin',(22.6060007295609,33.782,-10.921999756813));
#9586=CARTESIAN_POINT('Origin',(22.6060007295609,33.782,7.36600024318695));
#9587=CARTESIAN_POINT('Origin',(22.6060007295609,33.782,7.36600024318695));
#9588=CARTESIAN_POINT('Origin',(12.3190007295609,34.036,-1.77799975681305));
#9589=CARTESIAN_POINT('',(2.28600072956085,34.036,-10.9219997568131));
#9590=CARTESIAN_POINT('',(1.77800072956085,34.036,-11.175999756813));
#9591=CARTESIAN_POINT('Origin',(-14.9860004870991,17.145,-10.921999756813));
#9592=CARTESIAN_POINT('',(-14.9860004870991,17.145,-11.175999756813));
#9593=CARTESIAN_POINT('',(-15.2400004870991,17.145,-10.921999756813));
#9594=CARTESIAN_POINT('Origin',(3.81000012123085,17.145,-11.175999756813));
#9595=CARTESIAN_POINT('',(22.6060007295609,1.27,-11.175999756813));
#9596=CARTESIAN_POINT('',(22.6060007295609,17.145,-11.175999756813));
#9597=CARTESIAN_POINT('',(20.3200007295609,1.27,-11.175999756813));
#9598=CARTESIAN_POINT('',(12.7000004253959,1.27,-11.175999756813));
#9599=CARTESIAN_POINT('',(20.3200007295609,0.,-11.175999756813));
#9600=CARTESIAN_POINT('',(20.3200007295609,0.,-11.175999756813));
#9601=CARTESIAN_POINT('',(-12.0650004870991,0.,-11.175999756813));
#9602=CARTESIAN_POINT('',(3.81000012123085,0.,-11.175999756813));
#9603=CARTESIAN_POINT('',(-12.0650004870991,1.27,-11.175999756813));
#9604=CARTESIAN_POINT('',(-12.0650004870991,0.,-11.175999756813));
#9605=CARTESIAN_POINT('',(-14.9860004870991,1.27,-11.175999756813));
#9606=CARTESIAN_POINT('',(-4.92125018293415,1.27,-11.175999756813));
#9607=CARTESIAN_POINT('',(-14.9860004870991,26.416,-11.175999756813));
#9608=CARTESIAN_POINT('',(-14.9860004870991,17.145,-11.175999756813));
#9609=CARTESIAN_POINT('',(-5.71500018293415,26.416,-11.175999756813));
#9610=CARTESIAN_POINT('',(22.6060007295609,17.145,-11.175999756813));
#9611=CARTESIAN_POINT('Origin',(22.6060007295609,17.145,-10.921999756813));
#9612=CARTESIAN_POINT('',(22.8600007295609,17.145,-10.921999756813));
#9613=CARTESIAN_POINT('Origin',(22.8600007295609,17.145,-1.77799975681305));
#9614=CARTESIAN_POINT('',(22.8600007295609,17.145,7.36600024318695));
#9615=CARTESIAN_POINT('Origin',(-15.2400004870991,17.145,-1.77799975681305));
#9616=CARTESIAN_POINT('',(-15.2400004870991,17.145,7.36600024318695));
#9617=CARTESIAN_POINT('Origin',(-14.9860004870991,17.145,-10.921999756813));
#9618=CARTESIAN_POINT('',(-15.2400004870991,1.27,-10.921999756813));
#9619=CARTESIAN_POINT('Origin',(-14.9860004870991,1.27,-10.921999756813));
#9620=CARTESIAN_POINT('',(-15.2400004870991,26.416,-10.921999756813));
#9621=CARTESIAN_POINT('',(-15.2400004870991,17.145,-10.921999756813));
#9622=CARTESIAN_POINT('Origin',(-14.9860004870991,26.416,-10.921999756813));
#9623=CARTESIAN_POINT('Origin',(-13.6525004870991,1.27,-9.58849975681305));
#9624=CARTESIAN_POINT('',(-15.2400004870991,1.27,-8.00099975681305));
#9625=CARTESIAN_POINT('Origin',(-15.2400004870991,1.27,-11.175999756813));
#9626=CARTESIAN_POINT('',(-15.2400004870991,1.27,-5.68324975681305));
#9627=CARTESIAN_POINT('',(-14.1174684719655,1.27,-9.34296774167941));
#9628=CARTESIAN_POINT('Origin',(-14.1174684719655,1.27,-10.0534677416794));
#9629=CARTESIAN_POINT('Origin',(22.6060007295609,17.145,-10.921999756813));
#9630=CARTESIAN_POINT('',(22.8600007295609,1.27,-10.921999756813));
#9631=CARTESIAN_POINT('Origin',(22.6060007295609,1.27,-10.921999756813));
#9632=CARTESIAN_POINT('',(22.8600007295609,17.145,-10.921999756813));
#9633=CARTESIAN_POINT('Origin',(22.8600007295609,17.145,-1.77799975681305));
#9634=CARTESIAN_POINT('',(22.8600007295609,1.27,7.36600024318695));
#9635=CARTESIAN_POINT('',(22.8600007295609,17.145,7.36600024318695));
#9636=CARTESIAN_POINT('',(22.8600007295609,1.27,4.44500024318695));
#9637=CARTESIAN_POINT('',(22.8600007295609,1.27,2.12725024318695));
#9638=CARTESIAN_POINT('',(22.8600007295609,0.,4.44500024318695));
#9639=CARTESIAN_POINT('',(22.8600007295609,0.,4.44500024318695));
#9640=CARTESIAN_POINT('',(22.8600007295609,0.,1.15330620664856));
#9641=CARTESIAN_POINT('',(22.8600007295609,0.,-1.77799975681305));
#9642=CARTESIAN_POINT('',(22.8600007295609,0.254000000000001,1.40730620664856));
#9643=CARTESIAN_POINT('Origin',(22.8600007295609,0.254,1.15330620664856));
#9644=CARTESIAN_POINT('',(22.8600007295609,4.21161192692322,1.40730620664856));
#9645=CARTESIAN_POINT('',(22.8600007295609,10.8053059634616,1.40730620664856));
#9646=CARTESIAN_POINT('',(22.8600007295609,4.46561192692322,1.15330620664856));
#9647=CARTESIAN_POINT('Origin',(22.8600007295609,4.21161192692322,1.15330620664856));
#9648=CARTESIAN_POINT('',(22.8600007295609,4.46561192692322,-5.34430572027466));
#9649=CARTESIAN_POINT('',(22.8600007295609,4.46561192692322,-3.68815273854385));
#9650=CARTESIAN_POINT('',(22.8600007295609,4.21161192692322,-5.59830572027466));
#9651=CARTESIAN_POINT('Origin',(22.8600007295609,4.21161192692322,-5.34430572027466));
#9652=CARTESIAN_POINT('',(22.8600007295609,0.254,-5.59830572027466));
#9653=CARTESIAN_POINT('',(22.8600007295609,8.5725,-5.59830572027466));
#9654=CARTESIAN_POINT('',(22.8600007295609,0.,-5.34430572027466));
#9655=CARTESIAN_POINT('Origin',(22.8600007295609,0.254,-5.34430572027466));
#9656=CARTESIAN_POINT('',(22.8600007295609,0.,-8.63599975681305));
#9657=CARTESIAN_POINT('',(22.8600007295609,0.,-1.77799975681305));
#9658=CARTESIAN_POINT('',(22.8600007295609,1.27,-8.63599975681305));
#9659=CARTESIAN_POINT('',(22.8600007295609,0.,-8.63599975681305));
#9660=CARTESIAN_POINT('',(22.8600007295609,1.27,-5.84199975681305));
#9661=CARTESIAN_POINT('Origin',(-14.9860004870991,17.145,7.36600024318695));
#9662=CARTESIAN_POINT('Origin',(1.77800072956085,34.036,7.62000024318695));
#9663=CARTESIAN_POINT('Origin',(-14.9860004870991,17.145,7.36600024318695));
#9664=CARTESIAN_POINT('',(-15.2400004870991,1.27,7.36600024318695));
#9665=CARTESIAN_POINT('Origin',(-14.9860004870991,1.27,7.36600024318695));
#9666=CARTESIAN_POINT('',(-15.2400004870991,26.416,7.36600024318695));
#9667=CARTESIAN_POINT('Origin',(-14.9860004870991,26.416,7.36600024318695));
#9668=CARTESIAN_POINT('',(-15.2400004870991,17.145,7.36600024318695));
#9669=CARTESIAN_POINT('Origin',(-15.2400004870991,17.145,-1.77799975681305));
#9670=CARTESIAN_POINT('',(-15.2400004870991,0.,-8.00099975681305));
#9671=CARTESIAN_POINT('',(-15.2400004870991,0.,-8.00099975681305));
#9672=CARTESIAN_POINT('',(-15.2400004870991,0.,4.44500024318695));
#9673=CARTESIAN_POINT('',(-15.2400004870991,0.,-1.77799975681305));
#9674=CARTESIAN_POINT('',(-15.2400004870991,1.27,4.44500024318695));
#9675=CARTESIAN_POINT('',(-15.2400004870991,0.,4.44500024318695));
#9676=CARTESIAN_POINT('',(-15.2400004870991,1.27,2.12725024318695));
#9677=CARTESIAN_POINT('',(-15.2400004870991,26.416,-6.47699975681305));
#9678=CARTESIAN_POINT('Origin',(22.6060007295609,17.145,7.36600024318695));
#9679=CARTESIAN_POINT('Origin',(22.6060007295609,17.145,7.36600024318695));
#9680=CARTESIAN_POINT('Origin',(22.6060007295609,1.27,7.36600024318695));
#9681=CARTESIAN_POINT('Origin',(13.4620007295609,34.29,-1.77799975681305));
#9682=CARTESIAN_POINT('',(19.4310007295609,35.56,-1.77799975681305));
#9683=CARTESIAN_POINT('Origin',(13.4620007295609,35.56,-1.77799975681305));
#9684=CARTESIAN_POINT('',(19.4310007295609,34.29,-1.77799975681305));
#9685=CARTESIAN_POINT('',(19.4310007295609,34.29,-1.77799975681305));
#9686=CARTESIAN_POINT('Origin',(13.4620007295609,34.29,-1.77799975681305));
#9687=CARTESIAN_POINT('Origin',(13.4620007295609,35.56,-1.77799975681305));
#9688=CARTESIAN_POINT('Origin',(1.52400072956085,34.29,7.11200024318695));
#9689=CARTESIAN_POINT('',(1.52400072956085,34.29,7.11200024318695));
#9690=CARTESIAN_POINT('',(-9.14399927043915,34.29,7.11200024318695));
#9691=CARTESIAN_POINT('',(-1.80974957460415,34.29,7.11200024318695));
#9692=CARTESIAN_POINT('',(1.52400072956085,34.036,7.11200024318695));
#9693=CARTESIAN_POINT('',(1.52400072956085,34.29,7.11200024318695));
#9694=CARTESIAN_POINT('',(-9.14399927043915,34.036,7.11200024318695));
#9695=CARTESIAN_POINT('',(-9.14399927043915,34.036,7.11200024318695));
#9696=CARTESIAN_POINT('',(-9.14399927043915,34.29,7.11200024318695));
#9697=CARTESIAN_POINT('Origin',(1.52400072956085,34.29,-10.667999756813));
#9698=CARTESIAN_POINT('',(1.52400072956085,34.29,-10.667999756813));
#9699=CARTESIAN_POINT('',(1.52400072956085,34.29,-6.22299975681305));
#9700=CARTESIAN_POINT('',(1.52400072956085,34.036,-10.667999756813));
#9701=CARTESIAN_POINT('',(1.52400072956085,34.29,-10.667999756813));
#9702=CARTESIAN_POINT('',(1.52400072956085,34.036,7.11200024318695));
#9703=CARTESIAN_POINT('Origin',(-9.14399927043915,34.29,-10.667999756813));
#9704=CARTESIAN_POINT('',(-9.14399927043915,34.29,-10.667999756813));
#9705=CARTESIAN_POINT('',(-7.14374957460415,34.29,-10.667999756813));
#9706=CARTESIAN_POINT('',(-9.14399927043915,34.036,-10.667999756813));
#9707=CARTESIAN_POINT('',(-9.14399927043915,34.29,-10.667999756813));
#9708=CARTESIAN_POINT('',(1.52400072956085,34.036,-10.667999756813));
#9709=CARTESIAN_POINT('Origin',(-9.14399927043915,34.29,7.11200024318695));
#9710=CARTESIAN_POINT('',(-9.14399927043915,34.29,2.66700024318695));
#9711=CARTESIAN_POINT('',(-9.14399927043915,34.036,-10.667999756813));
#9712=CARTESIAN_POINT('Origin',(-3.80999927043915,34.036,-1.77799975681305));
#9713=CARTESIAN_POINT('Origin',(-12.0650004870992,34.29,-10.9219997568131));
#9714=CARTESIAN_POINT('',(1.77800072956085,34.29,-10.9219997568131));
#9715=CARTESIAN_POINT('',(1.77800072956085,34.29,-10.9219997568131));
#9716=CARTESIAN_POINT('',(1.77800072956085,34.29,-10.9219997568131));
#9717=CARTESIAN_POINT('Origin',(1.77800072956085,34.29,-10.9219997568131));
#9718=CARTESIAN_POINT('',(1.77800072956085,34.29,7.62000024318695));
#9719=CARTESIAN_POINT('Origin',(-5.14349987876915,34.29,-1.77799975681305));
#9720=CARTESIAN_POINT('Origin',(2.28600072956085,34.29,-10.9219997568131));
#9721=CARTESIAN_POINT('',(2.28600072956085,34.29,-10.9219997568131));
#9722=CARTESIAN_POINT('',(2.28600072956085,34.29,7.36600024318695));
#9723=CARTESIAN_POINT('',(2.28600072956085,34.29,-6.34999975681305));
#9724=CARTESIAN_POINT('',(2.28600072956085,34.29,-10.9219997568131));
#9725=CARTESIAN_POINT('',(2.28600072956085,34.29,7.36600024318695));
#9726=CARTESIAN_POINT('Origin',(22.6060007295609,34.29,-10.9219997568131));
#9727=CARTESIAN_POINT('',(22.6060007295609,34.29,-10.9219997568131));
#9728=CARTESIAN_POINT('',(13.2080004253959,34.29,-10.9219997568131));
#9729=CARTESIAN_POINT('',(22.6060007295609,34.29,-10.9219997568131));
#9730=CARTESIAN_POINT('Origin',(22.6060007295609,34.29,7.36600024318695));
#9731=CARTESIAN_POINT('',(22.6060007295608,34.29,7.36600024318695));
#9732=CARTESIAN_POINT('',(22.6060007295609,34.29,2.79400024318695));
#9733=CARTESIAN_POINT('',(22.6060007295608,34.29,7.36600024318695));
#9734=CARTESIAN_POINT('Origin',(2.28600072956085,34.29,7.36600024318695));
#9735=CARTESIAN_POINT('',(3.04800042539585,34.29,7.36600024318695));
#9736=CARTESIAN_POINT('Origin',(3.81000012123085,34.29,-1.77799975681305));
#9737=CARTESIAN_POINT('Origin',(-21.93399713852,28.956,-5.27036163245787));
#9738=CARTESIAN_POINT('',(-21.93399713852,26.416,-5.27036163245787));
#9739=CARTESIAN_POINT('',(-21.93399713852,28.956,-5.27036163245787));
#9740=CARTESIAN_POINT('',(-18.5869988128096,26.416,-5.27036163245787));
#9741=CARTESIAN_POINT('Origin',(-20.2891142399524,28.956,-6.85786163245787));
#9742=CARTESIAN_POINT('',(-21.93399713852,26.416,-8.44536163245787));
#9743=CARTESIAN_POINT('Origin',(-20.2891142399524,26.416,-6.85786163245787));
#9744=CARTESIAN_POINT('',(-21.93399713852,28.956,-8.44536163245787));
#9745=CARTESIAN_POINT('Origin',(-23.8760004870992,28.956,-8.44536163245787));
#9746=CARTESIAN_POINT('',(-19.5580004870992,26.416,-8.44536163245787));
#9747=CARTESIAN_POINT('Origin',(-21.93399713852,28.956,4.88936211883177));
#9748=CARTESIAN_POINT('',(-23.8760004870992,26.416,4.88936211883177));
#9749=CARTESIAN_POINT('',(-21.93399713852,26.416,4.88936211883177));
#9750=CARTESIAN_POINT('',(-18.5869988128096,26.416,4.88936211883177));
#9751=CARTESIAN_POINT('',(-23.8760004870992,28.321,4.88936211883177));
#9752=CARTESIAN_POINT('',(-21.93399713852,28.956,4.88936211883177));
#9753=CARTESIAN_POINT('Origin',(-20.2891142399524,28.956,3.30186211883177));
#9754=CARTESIAN_POINT('',(-21.93399713852,26.416,1.71436211883177));
#9755=CARTESIAN_POINT('Origin',(-20.2891142399524,26.416,3.30186211883177));
#9756=CARTESIAN_POINT('',(-21.93399713852,28.956,1.71436211883177));
#9757=CARTESIAN_POINT('Origin',(-23.8760004870992,28.956,1.71436211883177));
#9758=CARTESIAN_POINT('',(-19.5580004870992,26.416,1.71436211883177));
#9759=CARTESIAN_POINT('Origin',(29.5539973809817,28.956,-8.44536163245787));
#9760=CARTESIAN_POINT('',(29.5539973809817,28.956,-8.44536163245787));
#9761=CARTESIAN_POINT('Origin',(27.9091144824141,28.956,-6.85786163245787));
#9762=CARTESIAN_POINT('',(29.5539973809817,28.956,-5.27036163245787));
#9763=CARTESIAN_POINT('Origin',(31.4960007295609,28.956,-5.27036163245787));
#9764=CARTESIAN_POINT('Origin',(27.9091144824141,28.956,3.30186211883177));
#9765=CARTESIAN_POINT('',(29.5539973809817,28.956,1.71436211883177));
#9766=CARTESIAN_POINT('Origin',(29.5539973809817,28.956,1.71436211883177));
#9767=CARTESIAN_POINT('Origin',(-23.8760004870992,27.686,-1.77799975681305));
#9768=CARTESIAN_POINT('',(-23.8760004870992,26.416,7.62000024318695));
#9769=CARTESIAN_POINT('Origin',(31.4960007295609,27.686,-1.77799975681305));
#9770=CARTESIAN_POINT('Origin',(-15.2400004870992,26.416,-11.175999756813));
#9771=CARTESIAN_POINT('Origin',(13.3350004253959,0.254,-5.34430572027466));
#9772=CARTESIAN_POINT('',(23.3680007295609,0.254,-5.59830572027466));
#9773=CARTESIAN_POINT('',(23.3680007295609,0.,-5.34430572027466));
#9774=CARTESIAN_POINT('Origin',(23.3680007295609,0.254,-5.34430572027466));
#9775=CARTESIAN_POINT('',(13.3350004253959,0.,-5.34430572027466));
#9776=CARTESIAN_POINT('',(13.3350004253959,0.254,-5.59830572027466));
#9777=CARTESIAN_POINT('Origin',(23.3680007295609,2.23280596346161,-2.09549975681305));
#9778=CARTESIAN_POINT('',(23.3680007295609,4.21161192692322,-5.59830572027466));
#9779=CARTESIAN_POINT('',(23.3680007295609,4.46561192692322,-5.59830572027466));
#9780=CARTESIAN_POINT('',(23.3680007295609,4.46561192692322,-5.34430572027466));
#9781=CARTESIAN_POINT('Origin',(23.3680007295609,4.21161192692322,-5.34430572027466));
#9782=CARTESIAN_POINT('',(23.3680007295609,4.46561192692322,1.15330620664856));
#9783=CARTESIAN_POINT('',(23.3680007295609,4.46561192692322,1.40730620664856));
#9784=CARTESIAN_POINT('',(23.3680007295609,4.21161192692322,1.40730620664856));
#9785=CARTESIAN_POINT('Origin',(23.3680007295609,4.21161192692322,1.15330620664856));
#9786=CARTESIAN_POINT('',(23.3680007295609,0.254,1.40730620664856));
#9787=CARTESIAN_POINT('',(23.3680007295609,0.,1.40730620664856));
#9788=CARTESIAN_POINT('',(23.3680007295609,0.,1.15330620664856));
#9789=CARTESIAN_POINT('Origin',(23.3680007295609,0.254,1.15330620664856));
#9790=CARTESIAN_POINT('',(23.3680007295609,0.,-5.59830572027466));
#9791=CARTESIAN_POINT('',(23.3680007295609,4.13780596346161,-5.27049975681305));
#9792=CARTESIAN_POINT('',(23.3680007295609,0.327805963461612,-5.27049975681305));
#9793=CARTESIAN_POINT('',(23.3680007295609,4.13780596346161,-5.27049975681305));
#9794=CARTESIAN_POINT('',(23.3680007295609,0.327805963461612,1.07950024318695));
#9795=CARTESIAN_POINT('',(23.3680007295609,0.327805963461612,-5.27049975681305));
#9796=CARTESIAN_POINT('',(23.3680007295609,4.13780596346161,1.07950024318695));
#9797=CARTESIAN_POINT('',(23.3680007295609,0.327805963461612,1.07950024318695));
#9798=CARTESIAN_POINT('',(23.3680007295609,4.13780596346161,1.07950024318695));
#9799=CARTESIAN_POINT('Origin',(22.8600007295609,0.,-5.59830572027466));
#9800=CARTESIAN_POINT('',(22.8600007295609,4.21161192692322,-5.59830572027466));
#9801=CARTESIAN_POINT('Origin',(22.8600007295609,4.21161192692322,-5.34430572027466));
#9802=CARTESIAN_POINT('',(22.8600007295609,4.46561192692322,-5.34430572027466));
#9803=CARTESIAN_POINT('Origin',(13.3350004253959,0.254,1.15330620664856));
#9804=CARTESIAN_POINT('',(13.3350004253959,0.254,1.40730620664856));
#9805=CARTESIAN_POINT('',(13.3350004253959,0.,1.15330620664856));
#9806=CARTESIAN_POINT('Origin',(22.8600007295609,4.46561192692322,1.40730620664856));
#9807=CARTESIAN_POINT('',(22.8600007295609,4.21161192692322,1.40730620664856));
#9808=CARTESIAN_POINT('Origin',(22.8600007295609,4.21161192692322,1.15330620664856));
#9809=CARTESIAN_POINT('',(22.8600007295609,4.46561192692322,1.15330620664856));
#9810=CARTESIAN_POINT('Origin',(22.8600007295609,4.13780596346161,1.07950024318695));
#9811=CARTESIAN_POINT('',(22.8600007295609,4.13780596346161,1.07950024318695));
#9812=CARTESIAN_POINT('',(22.8600007295609,4.13780596346161,-5.27049975681305));
#9813=CARTESIAN_POINT('',(22.8600007295609,4.13780596346161,-0.349249756813049));
#9814=CARTESIAN_POINT('',(22.8600007295609,4.13780596346161,-5.27049975681305));
#9815=CARTESIAN_POINT('',(22.8600007295609,4.13780596346161,1.07950024318695));
#9816=CARTESIAN_POINT('Origin',(22.8600007295609,0.327805963461612,1.07950024318695));
#9817=CARTESIAN_POINT('',(22.8600007295609,0.327805963461612,1.07950024318695));
#9818=CARTESIAN_POINT('',(22.8600007295609,8.73640298173081,1.07950024318695));
#9819=CARTESIAN_POINT('',(22.8600007295609,0.327805963461612,1.07950024318695));
#9820=CARTESIAN_POINT('Origin',(22.8600007295609,0.327805963461612,-5.27049975681305));
#9821=CARTESIAN_POINT('',(22.8600007295609,0.327805963461612,-5.27049975681305));
#9822=CARTESIAN_POINT('',(22.8600007295609,0.327805963461612,-3.52424975681305));
#9823=CARTESIAN_POINT('',(22.8600007295609,0.327805963461612,-5.27049975681305));
#9824=CARTESIAN_POINT('Origin',(22.8600007295609,4.13780596346161,-5.27049975681305));
#9825=CARTESIAN_POINT('',(22.8600007295609,10.6414029817308,-5.27049975681305));
#9826=CARTESIAN_POINT('Origin',(22.8600007295609,4.46561192692322,-5.59830572027466));
#9827=CARTESIAN_POINT('Ctrl Pts',(29.2100007295608,2.53999996930361,-1.55617033954238));
#9828=CARTESIAN_POINT('Ctrl Pts',(29.7455105726888,2.64197868538302,-1.55617033954238));
#9829=CARTESIAN_POINT('Ctrl Pts',(31.0402534801373,2.70454488784345,-1.55617033954237));
#9830=CARTESIAN_POINT('Ctrl Pts',(33.7304319833326,2.38671887206745,-1.55617033954237));
#9831=CARTESIAN_POINT('Ctrl Pts',(36.0125596885744,1.52728973932416,-1.55617033954238));
#9832=CARTESIAN_POINT('Ctrl Pts',(37.3354444818437,0.358172365227176,-1.55617033954238));
#9833=CARTESIAN_POINT('Ctrl Pts',(38.3152678733394,-1.02345828942685,-1.55617033954238));
#9834=CARTESIAN_POINT('Ctrl Pts',(39.2169138396867,-2.7986043233662,-1.55617033954238));
#9835=CARTESIAN_POINT('Ctrl Pts',(41.0489628572461,-4.3191676603357,-1.55617033954237));
#9836=CARTESIAN_POINT('Ctrl Pts',(43.1899140613198,-4.88548399463847,-1.55617033954238));
#9837=CARTESIAN_POINT('Ctrl Pts',(44.491390777924,-5.03956648797973,-1.55617033954238));
#9838=CARTESIAN_POINT('Ctrl Pts',(29.2100007295608,2.53999996930361,-1.49238995105616));
#9839=CARTESIAN_POINT('Ctrl Pts',(29.7455105726888,2.64197868538302,-1.49238995105616));
#9840=CARTESIAN_POINT('Ctrl Pts',(31.0402534801373,2.70454488784345,-1.49238995105615));
#9841=CARTESIAN_POINT('Ctrl Pts',(33.7304319833326,2.38671887206745,-1.49238995105616));
#9842=CARTESIAN_POINT('Ctrl Pts',(36.0125596885744,1.52728973932416,-1.49238995105616));
#9843=CARTESIAN_POINT('Ctrl Pts',(37.3354444818437,0.358172365227177,-1.49238995105616));
#9844=CARTESIAN_POINT('Ctrl Pts',(38.3152678733394,-1.02345828942685,-1.49238995105616));
#9845=CARTESIAN_POINT('Ctrl Pts',(39.2169138396867,-2.7986043233662,-1.49238995105616));
#9846=CARTESIAN_POINT('Ctrl Pts',(41.0489628572461,-4.3191676603357,-1.49238995105616));
#9847=CARTESIAN_POINT('Ctrl Pts',(43.1899140613198,-4.88548399463847,-1.49238995105616));
#9848=CARTESIAN_POINT('Ctrl Pts',(44.491390777924,-5.03956648797973,-1.49238995105616));
#9849=CARTESIAN_POINT('Ctrl Pts',(29.2100007295608,2.53999996930361,-1.42860956256994));
#9850=CARTESIAN_POINT('Ctrl Pts',(29.7455105726888,2.64197868538302,-1.42860956256994));
#9851=CARTESIAN_POINT('Ctrl Pts',(31.0402534801373,2.70454488784345,-1.42860956256994));
#9852=CARTESIAN_POINT('Ctrl Pts',(33.7304319833326,2.38671887206745,-1.42860956256994));
#9853=CARTESIAN_POINT('Ctrl Pts',(36.0125596885744,1.52728973932416,-1.42860956256994));
#9854=CARTESIAN_POINT('Ctrl Pts',(37.3354444818437,0.358172365227175,-1.42860956256994));
#9855=CARTESIAN_POINT('Ctrl Pts',(38.3152678733394,-1.02345828942685,-1.42860956256994));
#9856=CARTESIAN_POINT('Ctrl Pts',(39.2169138396867,-2.7986043233662,-1.42860956256994));
#9857=CARTESIAN_POINT('Ctrl Pts',(41.0489628572461,-4.3191676603357,-1.42860956256994));
#9858=CARTESIAN_POINT('Ctrl Pts',(43.1899140613198,-4.88548399463847,-1.42860956256994));
#9859=CARTESIAN_POINT('Ctrl Pts',(44.491390777924,-5.03956648797973,-1.42860956256994));
#9860=CARTESIAN_POINT('Ctrl Pts',(29.2100007295608,2.53999996930361,-1.36482917408372));
#9861=CARTESIAN_POINT('Ctrl Pts',(29.7455105726888,2.64197868538302,-1.36482917408372));
#9862=CARTESIAN_POINT('Ctrl Pts',(31.0402534801373,2.70454488784345,-1.36482917408372));
#9863=CARTESIAN_POINT('Ctrl Pts',(33.7304319833326,2.38671887206745,-1.36482917408372));
#9864=CARTESIAN_POINT('Ctrl Pts',(36.0125596885744,1.52728973932416,-1.36482917408372));
#9865=CARTESIAN_POINT('Ctrl Pts',(37.3354444818437,0.358172365227176,-1.36482917408372));
#9866=CARTESIAN_POINT('Ctrl Pts',(38.3152678733394,-1.02345828942685,-1.36482917408372));
#9867=CARTESIAN_POINT('Ctrl Pts',(39.2169138396867,-2.7986043233662,-1.36482917408372));
#9868=CARTESIAN_POINT('Ctrl Pts',(41.0489628572461,-4.3191676603357,-1.36482917408372));
#9869=CARTESIAN_POINT('Ctrl Pts',(43.1899140613198,-4.88548399463847,-1.36482917408372));
#9870=CARTESIAN_POINT('Ctrl Pts',(44.491390777924,-5.03956648797973,-1.36482917408372));
#9871=CARTESIAN_POINT('',(29.2100007295608,2.53999996930361,-1.36482917408372));
#9872=CARTESIAN_POINT('',(29.2100007295608,2.53999996930361,-1.55617033954238));
#9873=CARTESIAN_POINT('Ctrl Pts',(29.2100007295608,2.53999996930361,-1.36482917408372));
#9874=CARTESIAN_POINT('Ctrl Pts',(29.2100007295608,2.53999996930361,-1.42860956256994));
#9875=CARTESIAN_POINT('Ctrl Pts',(29.2100007295608,2.53999996930361,-1.49238995105616));
#9876=CARTESIAN_POINT('Ctrl Pts',(29.2100007295608,2.53999996930361,-1.55617033954238));
#9877=CARTESIAN_POINT('',(44.491390777924,-5.03956648797973,-1.36482917408372));
#9878=CARTESIAN_POINT('Ctrl Pts',(29.2100007295608,2.53999996930361,-1.36482917408372));
#9879=CARTESIAN_POINT('Ctrl Pts',(29.7455105726888,2.64197868538302,-1.36482917408372));
#9880=CARTESIAN_POINT('Ctrl Pts',(31.0402534801373,2.70454488784345,-1.36482917408372));
#9881=CARTESIAN_POINT('Ctrl Pts',(33.7304319833326,2.38671887206745,-1.36482917408372));
#9882=CARTESIAN_POINT('Ctrl Pts',(36.0125596885744,1.52728973932416,-1.36482917408372));
#9883=CARTESIAN_POINT('Ctrl Pts',(37.3354444818437,0.358172365227176,-1.36482917408372));
#9884=CARTESIAN_POINT('Ctrl Pts',(38.3152678733394,-1.02345828942685,-1.36482917408372));
#9885=CARTESIAN_POINT('Ctrl Pts',(39.2169138396867,-2.7986043233662,-1.36482917408372));
#9886=CARTESIAN_POINT('Ctrl Pts',(41.0489628572461,-4.3191676603357,-1.36482917408372));
#9887=CARTESIAN_POINT('Ctrl Pts',(43.1899140613198,-4.88548399463847,-1.36482917408372));
#9888=CARTESIAN_POINT('Ctrl Pts',(44.491390777924,-5.03956648797973,-1.36482917408372));
#9889=CARTESIAN_POINT('',(44.491390777924,-5.03956648797973,-1.55617033954238));
#9890=CARTESIAN_POINT('',(44.491390777924,-5.03956648797973,-1.36482917408372));
#9891=CARTESIAN_POINT('Ctrl Pts',(29.2100007295608,2.53999996930361,-1.55617033954238));
#9892=CARTESIAN_POINT('Ctrl Pts',(29.7455105726888,2.64197868538302,-1.55617033954238));
#9893=CARTESIAN_POINT('Ctrl Pts',(31.0367751207398,2.70363906240834,-1.55617033954237));
#9894=CARTESIAN_POINT('Ctrl Pts',(33.7334506662535,2.38740919800385,-1.55617033954237));
#9895=CARTESIAN_POINT('Ctrl Pts',(36.013492590971,1.52934807996708,-1.55617033954238));
#9896=CARTESIAN_POINT('Ctrl Pts',(37.3363021777358,0.358588582804374,-1.55617033954238));
#9897=CARTESIAN_POINT('Ctrl Pts',(38.0726553233206,-0.673462359513877,-1.55617033954238));
#9898=CARTESIAN_POINT('Ctrl Pts',(38.67471724827,-1.7377095507505,-1.55617033954238));
#9899=CARTESIAN_POINT('Ctrl Pts',(39.5227553228485,-3.04973900593988,-1.55617033954238));
#9900=CARTESIAN_POINT('Ctrl Pts',(41.0476384012263,-4.32242622684773,-1.55617033954238));
#9901=CARTESIAN_POINT('Ctrl Pts',(43.1899140613198,-4.88548399463847,-1.55617033954238));
#9902=CARTESIAN_POINT('Ctrl Pts',(44.491390777924,-5.03956648797973,-1.55617033954238));
#9903=CARTESIAN_POINT('Ctrl Pts',(29.2100007295608,2.53999996930361,-2.63482917408372));
#9904=CARTESIAN_POINT('Ctrl Pts',(29.7455105726888,2.64197868538302,-2.63482917408372));
#9905=CARTESIAN_POINT('Ctrl Pts',(31.0367751207398,2.70363906240834,-2.63482917408372));
#9906=CARTESIAN_POINT('Ctrl Pts',(33.7334506662535,2.38740919800385,-2.63482917408372));
#9907=CARTESIAN_POINT('Ctrl Pts',(36.013492590971,1.52934807996708,-2.63482917408372));
#9908=CARTESIAN_POINT('Ctrl Pts',(37.3363021777358,0.358588582804375,-2.63482917408372));
#9909=CARTESIAN_POINT('Ctrl Pts',(38.0726553233206,-0.673462359513869,-2.63482917408372));
#9910=CARTESIAN_POINT('Ctrl Pts',(38.67471724827,-1.73770955075049,-2.63482917408372));
#9911=CARTESIAN_POINT('Ctrl Pts',(39.5227553228485,-3.04973900593988,-2.63482917408372));
#9912=CARTESIAN_POINT('Ctrl Pts',(41.0476384012263,-4.32242622684773,-2.63482917408372));
#9913=CARTESIAN_POINT('Ctrl Pts',(43.1899140613198,-4.88548399463847,-2.63482917408372));
#9914=CARTESIAN_POINT('Ctrl Pts',(44.491390777924,-5.03956648797973,-2.63482917408372));
#9915=CARTESIAN_POINT('Ctrl Pts',(29.2100007295608,2.6442425088255,-2.57004408600601));
#9916=CARTESIAN_POINT('Ctrl Pts',(29.757928104663,2.74622122490491,-2.57004408600601));
#9917=CARTESIAN_POINT('Ctrl Pts',(31.0636485974234,2.80463175452603,-2.57004408600601));
#9918=CARTESIAN_POINT('Ctrl Pts',(33.7744548873419,2.48403085533581,-2.57004408600601));
#9919=CARTESIAN_POINT('Ctrl Pts',(36.0815191971193,1.61170029166336,-2.57004408600601));
#9920=CARTESIAN_POINT('Ctrl Pts',(37.4271706290007,0.412036331679906,-2.57004408600601));
#9921=CARTESIAN_POINT('Ctrl Pts',(38.1709707179398,-0.638213686113044,-2.57004408600601));
#9922=CARTESIAN_POINT('Ctrl Pts',(38.7738407042318,-1.70610694053213,-2.57004408600601));
#9923=CARTESIAN_POINT('Ctrl Pts',(39.6165804036618,-2.99966493777556,-2.57004408600601));
#9924=CARTESIAN_POINT('Ctrl Pts',(41.1105165319008,-4.23265230808776,-2.57004408600601));
#9925=CARTESIAN_POINT('Ctrl Pts',(43.230966843947,-4.78931395933772,-2.57004408600601));
#9926=CARTESIAN_POINT('Ctrl Pts',(44.5246573336372,-4.94077456868998,-2.57004408600601));
#9927=CARTESIAN_POINT('Ctrl Pts',(29.2100007295609,2.81338186832565,-2.37876378542892));
#9928=CARTESIAN_POINT('Ctrl Pts',(29.7780533543301,2.91536058440506,-2.37876378542892));
#9929=CARTESIAN_POINT('Ctrl Pts',(31.1072725827787,2.96847703605914,-2.37876378542892));
#9930=CARTESIAN_POINT('Ctrl Pts',(33.8409981858306,2.64078154543216,-2.37876378542892));
#9931=CARTESIAN_POINT('Ctrl Pts',(36.1918947486932,1.74529999308537,-2.37876378542892));
#9932=CARTESIAN_POINT('Ctrl Pts',(37.5745738459312,0.498782303043776,-2.37876378542892));
#9933=CARTESIAN_POINT('Ctrl Pts',(38.3304493864894,-0.580969732763114,-2.37876378542893));
#9934=CARTESIAN_POINT('Ctrl Pts',(38.9346325034142,-1.654775917439,-2.37876378542892));
#9935=CARTESIAN_POINT('Ctrl Pts',(39.7687757242277,-2.91838646633682,-2.37876378542893));
#9936=CARTESIAN_POINT('Ctrl Pts',(41.2125555850421,-4.08702912964418,-2.37876378542892));
#9937=CARTESIAN_POINT('Ctrl Pts',(43.2975629295352,-4.63326785671385,-2.37876378542892));
#9938=CARTESIAN_POINT('Ctrl Pts',(44.5786341837017,-4.78047914583192,-2.37876378542892));
#9939=CARTESIAN_POINT('Ctrl Pts',(29.2100007295608,2.8794310884259,-1.93455964707345));
#9940=CARTESIAN_POINT('Ctrl Pts',(29.785826806146,2.98140980450531,-1.93455964707345));
#9941=CARTESIAN_POINT('Ctrl Pts',(31.1243835077233,3.03238041063132,-1.93455964707345));
#9942=CARTESIAN_POINT('Ctrl Pts',(33.8670269826621,2.70190572025115,-1.93455964707345));
#9943=CARTESIAN_POINT('Ctrl Pts',(36.2349912665308,1.79739108356282,-1.93455964707345));
#9944=CARTESIAN_POINT('Ctrl Pts',(37.6320008550532,0.53274641107069,-1.93455964707345));
#9945=CARTESIAN_POINT('Ctrl Pts',(38.3925633806809,-0.558425372071111,-1.93455964707345));
#9946=CARTESIAN_POINT('Ctrl Pts',(38.9972667687438,-1.6345293193743,-1.93455964707345));
#9947=CARTESIAN_POINT('Ctrl Pts',(39.8280546622438,-2.88653320319343,-1.93455964707345));
#9948=CARTESIAN_POINT('Ctrl Pts',(41.2524608909073,-4.03031253437619,-1.93455964707345));
#9949=CARTESIAN_POINT('Ctrl Pts',(43.3235152114965,-4.5723135251629,-1.93455964707345));
#9950=CARTESIAN_POINT('Ctrl Pts',(44.5997122394585,-4.71788349868802,-1.93455964707345));
#9951=CARTESIAN_POINT('Ctrl Pts',(29.2100007295608,2.69636377858644,-1.65334797165894));
#9952=CARTESIAN_POINT('Ctrl Pts',(29.7642880466806,2.79834249466585,-1.65334797165894));
#9953=CARTESIAN_POINT('Ctrl Pts',(31.0769515111504,2.85526690720764,-1.65334797165893));
#9954=CARTESIAN_POINT('Ctrl Pts',(33.7948800417457,2.5324959615529,-1.65334797165894));
#9955=CARTESIAN_POINT('Ctrl Pts',(36.1155419267606,1.65301755836352,-1.65334797165894));
#9956=CARTESIAN_POINT('Ctrl Pts',(37.4728421714709,0.438601677035804,-1.65334797165894));
#9957=CARTESIAN_POINT('Ctrl Pts',(38.2204161280833,-0.620926195942374,-1.65334797165894));
#9958=CARTESIAN_POINT('Ctrl Pts',(38.8236768984376,-1.69066236988546,-1.65334797165894));
#9959=CARTESIAN_POINT('Ctrl Pts',(39.6637645583537,-2.97482926646126,-1.65334797165894));
#9960=CARTESIAN_POINT('Ctrl Pts',(41.1418514914142,-4.18750096736934,-1.65334797165894));
#9961=CARTESIAN_POINT('Ctrl Pts',(43.2515880279198,-4.74126086155794,-1.65334797165894));
#9962=CARTESIAN_POINT('Ctrl Pts',(44.5412906114938,-4.8913786090451,-1.65334797165894));
#9963=CARTESIAN_POINT('Ctrl Pts',(29.2100007295608,2.53999996930361,-1.55617033954238));
#9964=CARTESIAN_POINT('Ctrl Pts',(29.7455105726888,2.64197868538302,-1.55617033954238));
#9965=CARTESIAN_POINT('Ctrl Pts',(31.0367751207398,2.70363906240834,-1.55617033954237));
#9966=CARTESIAN_POINT('Ctrl Pts',(33.7334506662535,2.38740919800385,-1.55617033954237));
#9967=CARTESIAN_POINT('Ctrl Pts',(36.013492590971,1.52934807996708,-1.55617033954238));
#9968=CARTESIAN_POINT('Ctrl Pts',(37.3363021777358,0.358588582804374,-1.55617033954238));
#9969=CARTESIAN_POINT('Ctrl Pts',(38.0726553233206,-0.673462359513877,-1.55617033954238));
#9970=CARTESIAN_POINT('Ctrl Pts',(38.67471724827,-1.7377095507505,-1.55617033954238));
#9971=CARTESIAN_POINT('Ctrl Pts',(39.5227553228485,-3.04973900593988,-1.55617033954238));
#9972=CARTESIAN_POINT('Ctrl Pts',(41.0476384012263,-4.32242622684773,-1.55617033954238));
#9973=CARTESIAN_POINT('Ctrl Pts',(43.1899140613198,-4.88548399463847,-1.55617033954238));
#9974=CARTESIAN_POINT('Ctrl Pts',(44.491390777924,-5.03956648797973,-1.55617033954238));
#9975=CARTESIAN_POINT('',(29.2100007295608,2.53999996930361,-2.63482917408372));
#9976=CARTESIAN_POINT('Ctrl Pts',(29.2100007295608,2.53999996930361,-1.55617033954238));
#9977=CARTESIAN_POINT('Ctrl Pts',(29.2100007295608,2.69636377858644,-1.65334797165894));
#9978=CARTESIAN_POINT('Ctrl Pts',(29.2100007295608,2.8794310884259,-1.93455964707345));
#9979=CARTESIAN_POINT('Ctrl Pts',(29.2100007295609,2.81338186832565,-2.37876378542892));
#9980=CARTESIAN_POINT('Ctrl Pts',(29.2100007295608,2.6442425088255,-2.57004408600601));
#9981=CARTESIAN_POINT('Ctrl Pts',(29.2100007295608,2.53999996930361,-2.63482917408372));
#9982=CARTESIAN_POINT('',(44.491390777924,-5.03956648797973,-2.63482917408372));
#9983=CARTESIAN_POINT('Origin',(44.384424462859,-5.35722508948123,-2.09549975681305));
#9984=CARTESIAN_POINT('Ctrl Pts',(29.2100007295608,2.53999996930361,-2.63482917408372));
#9985=CARTESIAN_POINT('Ctrl Pts',(29.7455105726888,2.64197868538302,-2.63482917408372));
#9986=CARTESIAN_POINT('Ctrl Pts',(31.0402437931291,2.70453891435713,-2.63482917408372));
#9987=CARTESIAN_POINT('Ctrl Pts',(33.7304136416802,2.38670710485895,-2.63482917408372));
#9988=CARTESIAN_POINT('Ctrl Pts',(36.0125331525181,1.52727149928192,-2.63482917408372));
#9989=CARTESIAN_POINT('Ctrl Pts',(37.3354207253061,0.358155524794588,-2.63482917408372));
#9990=CARTESIAN_POINT('Ctrl Pts',(38.3152471390101,-1.023470147131,-2.63482917408372));
#9991=CARTESIAN_POINT('Ctrl Pts',(39.2169039751591,-2.79860558727482,-2.63482917408372));
#9992=CARTESIAN_POINT('Ctrl Pts',(41.048951462505,-4.31916901048051,-2.63482917408372));
#9993=CARTESIAN_POINT('Ctrl Pts',(43.1899140613198,-4.88548399463847,-2.63482917408372));
#9994=CARTESIAN_POINT('Ctrl Pts',(44.491390777924,-5.03956648797973,-2.63482917408372));
#9995=CARTESIAN_POINT('Ctrl Pts',(29.2100007295608,2.53999996930361,-2.82617033954238));
#9996=CARTESIAN_POINT('Ctrl Pts',(29.7455105726888,2.64197868538302,-2.82617033954238));
#9997=CARTESIAN_POINT('Ctrl Pts',(31.0402437931291,2.70453891435713,-2.82617033954237));
#9998=CARTESIAN_POINT('Ctrl Pts',(33.7304136416802,2.38670710485895,-2.82617033954237));
#9999=CARTESIAN_POINT('Ctrl Pts',(36.0125331525181,1.52727149928192,-2.82617033954238));
#10000=CARTESIAN_POINT('Ctrl Pts',(37.3354207253061,0.358155524794587,-2.82617033954238));
#10001=CARTESIAN_POINT('Ctrl Pts',(38.3152471390101,-1.023470147131,-2.82617033954238));
#10002=CARTESIAN_POINT('Ctrl Pts',(39.2169039751591,-2.79860558727482,-2.82617033954238));
#10003=CARTESIAN_POINT('Ctrl Pts',(41.048951462505,-4.31916901048051,-2.82617033954237));
#10004=CARTESIAN_POINT('Ctrl Pts',(43.1899140613198,-4.88548399463847,-2.82617033954238));
#10005=CARTESIAN_POINT('Ctrl Pts',(44.491390777924,-5.03956648797973,-2.82617033954238));
#10006=CARTESIAN_POINT('Ctrl Pts',(29.2100007295608,2.53999996930361,-2.76238995105616));
#10007=CARTESIAN_POINT('Ctrl Pts',(29.7455105726888,2.64197868538302,-2.76238995105616));
#10008=CARTESIAN_POINT('Ctrl Pts',(31.0402437931291,2.70453891435713,-2.76238995105615));
#10009=CARTESIAN_POINT('Ctrl Pts',(33.7304136416802,2.38670710485895,-2.76238995105616));
#10010=CARTESIAN_POINT('Ctrl Pts',(36.0125331525181,1.52727149928192,-2.76238995105616));
#10011=CARTESIAN_POINT('Ctrl Pts',(37.3354207253061,0.358155524794588,-2.76238995105616));
#10012=CARTESIAN_POINT('Ctrl Pts',(38.3152471390101,-1.023470147131,-2.76238995105616));
#10013=CARTESIAN_POINT('Ctrl Pts',(39.2169039751591,-2.79860558727482,-2.76238995105616));
#10014=CARTESIAN_POINT('Ctrl Pts',(41.048951462505,-4.31916901048051,-2.76238995105616));
#10015=CARTESIAN_POINT('Ctrl Pts',(43.1899140613198,-4.88548399463847,-2.76238995105616));
#10016=CARTESIAN_POINT('Ctrl Pts',(44.491390777924,-5.03956648797973,-2.76238995105616));
#10017=CARTESIAN_POINT('Ctrl Pts',(29.2100007295608,2.53999996930361,-2.69860956256994));
#10018=CARTESIAN_POINT('Ctrl Pts',(29.7455105726888,2.64197868538302,-2.69860956256994));
#10019=CARTESIAN_POINT('Ctrl Pts',(31.0402437931291,2.70453891435713,-2.69860956256994));
#10020=CARTESIAN_POINT('Ctrl Pts',(33.7304136416802,2.38670710485895,-2.69860956256994));
#10021=CARTESIAN_POINT('Ctrl Pts',(36.0125331525181,1.52727149928192,-2.69860956256994));
#10022=CARTESIAN_POINT('Ctrl Pts',(37.3354207253061,0.358155524794588,-2.69860956256994));
#10023=CARTESIAN_POINT('Ctrl Pts',(38.3152471390101,-1.023470147131,-2.69860956256994));
#10024=CARTESIAN_POINT('Ctrl Pts',(39.2169039751591,-2.79860558727482,-2.69860956256994));
#10025=CARTESIAN_POINT('Ctrl Pts',(41.048951462505,-4.31916901048051,-2.69860956256994));
#10026=CARTESIAN_POINT('Ctrl Pts',(43.1899140613198,-4.88548399463847,-2.69860956256994));
#10027=CARTESIAN_POINT('Ctrl Pts',(44.491390777924,-5.03956648797973,-2.69860956256994));
#10028=CARTESIAN_POINT('Ctrl Pts',(29.2100007295608,2.53999996930361,-2.63482917408372));
#10029=CARTESIAN_POINT('Ctrl Pts',(29.7455105726888,2.64197868538302,-2.63482917408372));
#10030=CARTESIAN_POINT('Ctrl Pts',(31.0402437931291,2.70453891435713,-2.63482917408372));
#10031=CARTESIAN_POINT('Ctrl Pts',(33.7304136416802,2.38670710485895,-2.63482917408372));
#10032=CARTESIAN_POINT('Ctrl Pts',(36.0125331525181,1.52727149928192,-2.63482917408372));
#10033=CARTESIAN_POINT('Ctrl Pts',(37.3354207253061,0.358155524794588,-2.63482917408372));
#10034=CARTESIAN_POINT('Ctrl Pts',(38.3152471390101,-1.023470147131,-2.63482917408372));
#10035=CARTESIAN_POINT('Ctrl Pts',(39.2169039751591,-2.79860558727482,-2.63482917408372));
#10036=CARTESIAN_POINT('Ctrl Pts',(41.048951462505,-4.31916901048051,-2.63482917408372));
#10037=CARTESIAN_POINT('Ctrl Pts',(43.1899140613198,-4.88548399463847,-2.63482917408372));
#10038=CARTESIAN_POINT('Ctrl Pts',(44.491390777924,-5.03956648797973,-2.63482917408372));
#10039=CARTESIAN_POINT('',(29.2100007295608,2.53999996930361,-2.82617033954238));
#10040=CARTESIAN_POINT('Ctrl Pts',(29.2100007295608,2.53999996930361,-2.63482917408372));
#10041=CARTESIAN_POINT('Ctrl Pts',(29.2100007295608,2.53999996930361,-2.69860956256994));
#10042=CARTESIAN_POINT('Ctrl Pts',(29.2100007295608,2.53999996930361,-2.76238995105616));
#10043=CARTESIAN_POINT('Ctrl Pts',(29.2100007295608,2.53999996930361,-2.82617033954238));
#10044=CARTESIAN_POINT('',(44.491390777924,-5.03956648797973,-2.82617033954238));
#10045=CARTESIAN_POINT('',(44.491390777924,-5.03956648797973,-2.63482917408372));
#10046=CARTESIAN_POINT('Ctrl Pts',(29.2100007295608,2.53999996930361,-2.82617033954238));
#10047=CARTESIAN_POINT('Ctrl Pts',(29.7455105726888,2.64197868538302,-2.82617033954238));
#10048=CARTESIAN_POINT('Ctrl Pts',(30.7248081770953,2.69305302195902,-2.82617033954238));
#10049=CARTESIAN_POINT('Ctrl Pts',(32.3793614839267,2.5429748401456,-2.82617033954238));
#10050=CARTESIAN_POINT('Ctrl Pts',(34.1963168674911,2.2186774729027,-2.82617033954238));
#10051=CARTESIAN_POINT('Ctrl Pts',(36.0120597572322,1.52808281947032,-2.82617033954238));
#10052=CARTESIAN_POINT('Ctrl Pts',(37.3375380313599,0.359262038530796,-2.82617033954238));
#10053=CARTESIAN_POINT('Ctrl Pts',(38.3159070794127,-1.02266552221951,-2.82617033954238));
#10054=CARTESIAN_POINT('Ctrl Pts',(39.2168572166005,-2.80032017318976,-2.82617033954238));
#10055=CARTESIAN_POINT('Ctrl Pts',(40.5917085026101,-3.93822491470111,-2.82617033954238));
#10056=CARTESIAN_POINT('Ctrl Pts',(42.1641957441847,-4.5834738132722,-2.82617033954238));
#10057=CARTESIAN_POINT('Ctrl Pts',(43.23233002982,-4.86137738735584,-2.82617033954238));
#10058=CARTESIAN_POINT('Ctrl Pts',(44.166021598773,-5.00104586464442,-2.82617033954238));
#10059=CARTESIAN_POINT('Ctrl Pts',(44.491390777924,-5.03956648797973,-2.82617033954238));
#10060=CARTESIAN_POINT('Ctrl Pts',(29.2100007295608,1.93581575801044,-2.79029174212864));
#10061=CARTESIAN_POINT('Ctrl Pts',(29.673680877991,2.03779447408985,-2.79029174212864));
#10062=CARTESIAN_POINT('Ctrl Pts',(30.5927360188146,2.1020442292288,-2.79029174212864));
#10063=CARTESIAN_POINT('Ctrl Pts',(32.1815326665534,1.97134571723145,-2.79029174212864));
#10064=CARTESIAN_POINT('Ctrl Pts',(33.9287479794236,1.674668469855,-2.79029174212864));
#10065=CARTESIAN_POINT('Ctrl Pts',(35.6196593090095,1.05321953274453,-2.79029174212864));
#10066=CARTESIAN_POINT('Ctrl Pts',(36.8103670053632,0.0486080861518138,
-2.79029174212864));
#10067=CARTESIAN_POINT('Ctrl Pts',(37.7355401242742,-1.18383218202797,-2.79029174212864));
#10068=CARTESIAN_POINT('Ctrl Pts',(38.6430383210882,-3.03427340197535,-2.79029174212864));
#10069=CARTESIAN_POINT('Ctrl Pts',(40.1710905459691,-4.39307744365965,-2.79029174212864));
#10070=CARTESIAN_POINT('Ctrl Pts',(41.865878727085,-5.10938146947395,-2.79029174212864));
#10071=CARTESIAN_POINT('Ctrl Pts',(42.9915827286574,-5.41893495781695,-2.79029174212863));
#10072=CARTESIAN_POINT('Ctrl Pts',(43.9619504795057,-5.56984697378026,-2.79029174212864));
#10073=CARTESIAN_POINT('Ctrl Pts',(44.2985795914525,-5.61215919448881,-2.79029174212864));
#10074=CARTESIAN_POINT('Ctrl Pts',(29.2100007295608,1.79092691489859,-2.85804988829328));
#10075=CARTESIAN_POINT('Ctrl Pts',(29.6564289101712,1.892905630978,-2.85804988829328));
#10076=CARTESIAN_POINT('Ctrl Pts',(30.5610975334462,1.96029400228138,-2.85804988829328));
#10077=CARTESIAN_POINT('Ctrl Pts',(32.1340951452225,1.83425333214122,-2.85804988829328));
#10078=CARTESIAN_POINT('Ctrl Pts',(33.8645970856134,1.54418859322468,-2.85804988829328));
#10079=CARTESIAN_POINT('Ctrl Pts',(35.5255409017216,0.939337412737033,-2.85804988829328));
#10080=CARTESIAN_POINT('Ctrl Pts',(36.6839225761844,-0.0258777663398038,
-2.85804988829328));
#10081=CARTESIAN_POINT('Ctrl Pts',(37.5963189303811,-1.22241668177405,-2.85804988829328));
#10082=CARTESIAN_POINT('Ctrl Pts',(38.5053986106945,-3.09034677458843,-2.85804988829328));
#10083=CARTESIAN_POINT('Ctrl Pts',(40.0702005845652,-4.50215894807471,-2.85804988829328));
#10084=CARTESIAN_POINT('Ctrl Pts',(41.794336845278,-5.23550755684906,-2.85804988829328));
#10085=CARTESIAN_POINT('Ctrl Pts',(42.9338551446416,-5.55265360036236,-2.85804988829328));
#10086=CARTESIAN_POINT('Ctrl Pts',(43.9130082147848,-5.70624922687117,-2.85804988829328));
#10087=CARTESIAN_POINT('Ctrl Pts',(44.2523417235561,-5.74947210877834,-2.85804988829328));
#10088=CARTESIAN_POINT('Ctrl Pts',(29.2100007295609,1.55544111130481,-3.10772169898073));
#10089=CARTESIAN_POINT('Ctrl Pts',(29.6284656924276,1.65741982738422,-3.10772169898073));
#10090=CARTESIAN_POINT('Ctrl Pts',(30.5095795447714,1.72996948393165,-3.10772169898073));
#10091=CARTESIAN_POINT('Ctrl Pts',(32.0569852258505,1.61146925021061,-3.10772169898073));
#10092=CARTESIAN_POINT('Ctrl Pts',(33.7602918162047,1.33218340871366,-3.10772169898073));
#10093=CARTESIAN_POINT('Ctrl Pts',(35.3726209831069,0.754262476677084,-3.10772169898073));
#10094=CARTESIAN_POINT('Ctrl Pts',(36.4784831796109,-0.146972354170163,
-3.10772169898073));
#10095=CARTESIAN_POINT('Ctrl Pts',(37.3701707076813,-1.28531315324084,-3.10772169898073));
#10096=CARTESIAN_POINT('Ctrl Pts',(38.2817886313083,-3.18157017066396,-3.10772169898073));
#10097=CARTESIAN_POINT('Ctrl Pts',(39.9062885485975,-4.67943683025929,-3.10772169898073));
#10098=CARTESIAN_POINT('Ctrl Pts',(41.6780687460854,-5.44047364957714,-3.10772169898073));
#10099=CARTESIAN_POINT('Ctrl Pts',(42.8400146837139,-5.76995225466868,-3.10772169898073));
#10100=CARTESIAN_POINT('Ctrl Pts',(43.8334749779938,-5.9279459151496,-3.10772169898073));
#10101=CARTESIAN_POINT('Ctrl Pts',(44.1771919656852,-5.97264486156449,-3.10772169898073));
#10102=CARTESIAN_POINT('Ctrl Pts',(29.2100007295608,1.55524606107201,-3.62348398534056));
#10103=CARTESIAN_POINT('Ctrl Pts',(29.6284458880573,1.65722477715142,-3.62348398534056));
#10104=CARTESIAN_POINT('Ctrl Pts',(30.5095326236354,1.72978135951677,-3.62348398534056));
#10105=CARTESIAN_POINT('Ctrl Pts',(32.0569208989587,1.61128605398008,-3.62348398534056));
#10106=CARTESIAN_POINT('Ctrl Pts',(33.7602035822481,1.33201053696975,-3.62348398534056));
#10107=CARTESIAN_POINT('Ctrl Pts',(35.3724964991467,0.754109889799624,-3.62348398534056));
#10108=CARTESIAN_POINT('Ctrl Pts',(36.4783160561942,-0.147074144322464,
-3.62348398534056));
#10109=CARTESIAN_POINT('Ctrl Pts',(37.3699889470066,-1.28537343195449,-3.62348398534056));
#10110=CARTESIAN_POINT('Ctrl Pts',(38.281607557215,-3.18164961471677,-3.62348398534056));
#10111=CARTESIAN_POINT('Ctrl Pts',(39.9061555592307,-4.67958319339637,-3.62348398534056));
#10112=CARTESIAN_POINT('Ctrl Pts',(41.677972791527,-5.44064232454213,-3.62348398534056));
#10113=CARTESIAN_POINT('Ctrl Pts',(42.8399362237359,-5.77013081343888,-3.62348398534056));
#10114=CARTESIAN_POINT('Ctrl Pts',(43.8334096277894,-5.92812972122927,-3.62348398534056));
#10115=CARTESIAN_POINT('Ctrl Pts',(44.177129719989,-5.9728297130363,-3.62348398534056));
#10116=CARTESIAN_POINT('Ctrl Pts',(29.2100007295608,1.9091191926146,-3.99825381810279));
#10117=CARTESIAN_POINT('Ctrl Pts',(29.6705018980251,2.01109790869401,-3.99825381810279));
#10118=CARTESIAN_POINT('Ctrl Pts',(30.5869067199975,2.07592580520976,-3.99825381810279));
#10119=CARTESIAN_POINT('Ctrl Pts',(32.1727920712549,1.94608560861821,-3.99825381810279));
#10120=CARTESIAN_POINT('Ctrl Pts',(33.9169279398757,1.65062666486132,-3.99825381810279));
#10121=CARTESIAN_POINT('Ctrl Pts',(35.6023173390588,1.03223608209174,-3.99825381810279));
#10122=CARTESIAN_POINT('Ctrl Pts',(36.7870687343357,0.0348837517670067,
-3.99825381810279));
#10123=CARTESIAN_POINT('Ctrl Pts',(37.7098875067124,-1.19094107602133,-3.99825381810279));
#10124=CARTESIAN_POINT('Ctrl Pts',(38.6176771891572,-3.04460498583772,-3.99825381810279));
#10125=CARTESIAN_POINT('Ctrl Pts',(40.1525008424653,-4.41317633983977,-3.99825381810279));
#10126=CARTESIAN_POINT('Ctrl Pts',(41.8526967204532,-5.13262096263863,-3.99825381810279));
#10127=CARTESIAN_POINT('Ctrl Pts',(42.9809461500067,-5.44357344170946,-3.99825381810279));
#10128=CARTESIAN_POINT('Ctrl Pts',(43.9529325653945,-5.59497982724667,-3.99825381810279));
#10129=CARTESIAN_POINT('Ctrl Pts',(44.2900600102512,-5.63745985337524,-3.99825381810279));
#10130=CARTESIAN_POINT('Ctrl Pts',(29.2100007295609,2.42360469177401,-4.02939465463075));
#10131=CARTESIAN_POINT('Ctrl Pts',(29.7316782773681,2.52558340785342,-4.02939465463075));
#10132=CARTESIAN_POINT('Ctrl Pts',(30.6993575662497,2.57920039191852,-4.02939465463075));
#10133=CARTESIAN_POINT('Ctrl Pts',(32.3412492645545,2.43285348030189,-4.02939465463075));
#10134=CARTESIAN_POINT('Ctrl Pts',(34.1447670131826,2.11387942098021,-4.02939465463075));
#10135=CARTESIAN_POINT('Ctrl Pts',(35.9364679695712,1.43660222627445,-4.02939465463075));
#10136=CARTESIAN_POINT('Ctrl Pts',(37.235984310048,0.299412488450036,-4.02939465463075));
#10137=CARTESIAN_POINT('Ctrl Pts',(38.2041094291195,-1.05372770875989,-4.02939465463075));
#10138=CARTESIAN_POINT('Ctrl Pts',(39.1063186800112,-2.84539742745722,-4.02939465463075));
#10139=CARTESIAN_POINT('Ctrl Pts',(40.5106816491871,-4.02585085330044,-4.02939465463075));
#10140=CARTESIAN_POINT('Ctrl Pts',(42.106725953192,-4.68478738945014,-4.02939465463075));
#10141=CARTESIAN_POINT('Ctrl Pts',(43.1859491629018,-4.96878772483206,-4.02939465463075));
#10142=CARTESIAN_POINT('Ctrl Pts',(44.1267084491842,-5.11062493057219,-4.02939465463075));
#10143=CARTESIAN_POINT('Ctrl Pts',(44.4542459615904,-5.14987570450643,-4.02939465463075));
#10144=CARTESIAN_POINT('Ctrl Pts',(29.2100007295608,2.81907909752302,-3.6980647832323));
#10145=CARTESIAN_POINT('Ctrl Pts',(29.7786790305768,2.92105781360243,-3.6980647832323));
#10146=CARTESIAN_POINT('Ctrl Pts',(30.7858269340734,2.96603803773079,-3.6980647832323));
#10147=CARTESIAN_POINT('Ctrl Pts',(32.4707421472325,2.80701227827477,-3.6980647832323));
#10148=CARTESIAN_POINT('Ctrl Pts',(34.3199155104347,2.46995253909591,-3.6980647832323));
#10149=CARTESIAN_POINT('Ctrl Pts',(36.1933069324921,1.7474250296337,-3.6980647832323));
#10150=CARTESIAN_POINT('Ctrl Pts',(37.5810344922166,0.50276104255932,-3.6980647832323));
#10151=CARTESIAN_POINT('Ctrl Pts',(38.5839674813351,-0.948195470182005,
-3.6980647832323));
#10152=CARTESIAN_POINT('Ctrl Pts',(39.4818974043496,-2.69224259790778,-3.6980647832323));
#10153=CARTESIAN_POINT('Ctrl Pts',(40.7859877816886,-3.72812515747703,-3.6980647832323));
#10154=CARTESIAN_POINT('Ctrl Pts',(42.3019904689811,-4.34055487023124,-3.6980647832323));
#10155=CARTESIAN_POINT('Ctrl Pts',(43.3435360549524,-4.60384004155715,-3.6980647832323));
#10156=CARTESIAN_POINT('Ctrl Pts',(44.260282587138,-4.7383100172317,-3.6980647832323));
#10157=CARTESIAN_POINT('Ctrl Pts',(44.5804523204563,-4.77507981260746,-3.6980647832323));
#10158=CARTESIAN_POINT('Ctrl Pts',(29.2100007295609,2.86469951485108,-3.31483468080553));
#10159=CARTESIAN_POINT('Ctrl Pts',(29.7841503439321,2.96667823093049,-3.31483468080553));
#10160=CARTESIAN_POINT('Ctrl Pts',(30.7957390743426,3.0107012240514,-3.31483468080553));
#10161=CARTESIAN_POINT('Ctrl Pts',(32.485673206434,2.85019346151179,-3.31483468080553));
#10162=CARTESIAN_POINT('Ctrl Pts',(34.3400928641813,2.51106801104869,-3.31483468080553));
#10163=CARTESIAN_POINT('Ctrl Pts',(36.2229669965719,1.78329080618185,-3.31483468080553));
#10164=CARTESIAN_POINT('Ctrl Pts',(37.6208829691775,0.526196609248818,-3.31483468080553));
#10165=CARTESIAN_POINT('Ctrl Pts',(38.6278683417261,-0.936142281142096,
-3.31483468080553));
#10166=CARTESIAN_POINT('Ctrl Pts',(39.5252837486288,-2.67463250284402,-3.31483468080553));
#10167=CARTESIAN_POINT('Ctrl Pts',(40.8177869807533,-3.69377366935821,-3.31483468080553));
#10168=CARTESIAN_POINT('Ctrl Pts',(42.3245205821126,-4.30082936418722,-3.31483468080552));
#10169=CARTESIAN_POINT('Ctrl Pts',(43.3617038728713,-4.56172003262278,-3.31483468080552));
#10170=CARTESIAN_POINT('Ctrl Pts',(44.2756989469929,-4.69536380267468,-3.31483468080553));
#10171=CARTESIAN_POINT('Ctrl Pts',(44.5950110040961,-4.73184478967623,-3.31483468080553));
#10172=CARTESIAN_POINT('Ctrl Pts',(29.2100007295608,2.75256255854548,-3.01340493552557));
#10173=CARTESIAN_POINT('Ctrl Pts',(29.7707439912298,2.85454127462489,-3.01340493552557));
#10174=CARTESIAN_POINT('Ctrl Pts',(30.7713209741098,2.90095063847465,-3.01340493552558));
#10175=CARTESIAN_POINT('Ctrl Pts',(32.4489662424131,2.7440690756752,-3.01340493552558));
#10176=CARTESIAN_POINT('Ctrl Pts',(34.2904728460991,2.41003885735292,-3.01340493552558));
#10177=CARTESIAN_POINT('Ctrl Pts',(36.1500887650097,1.69514012153543,-3.01340493552557));
#10178=CARTESIAN_POINT('Ctrl Pts',(37.5229720558952,0.468572182987251,-3.01340493552558));
#10179=CARTESIAN_POINT('Ctrl Pts',(38.5200282447134,-0.9658728090142,-3.01340493552557));
#10180=CARTESIAN_POINT('Ctrl Pts',(39.4186904854036,-2.71796790654308,-3.01340493552558));
#10181=CARTESIAN_POINT('Ctrl Pts',(40.7396582260163,-3.77820512690268,-3.01340493552557));
#10182=CARTESIAN_POINT('Ctrl Pts',(42.2691449955548,-4.39846253959263,-3.01340493552557));
#10183=CARTESIAN_POINT('Ctrl Pts',(43.3170373406989,-4.66523482053765,-3.01340493552557));
#10184=CARTESIAN_POINT('Ctrl Pts',(44.2378115107385,-4.80092968969807,-3.01340493552557));
#10185=CARTESIAN_POINT('Ctrl Pts',(44.5592251308666,-4.83811834352048,-3.01340493552557));
#10186=CARTESIAN_POINT('Ctrl Pts',(29.2100007295608,2.64188852091838,-2.88949246140115));
#10187=CARTESIAN_POINT('Ctrl Pts',(29.7577090547266,2.74386723699779,-2.88949246140115));
#10188=CARTESIAN_POINT('Ctrl Pts',(30.7469726877119,2.79278700527945,-2.88949246140115));
#10189=CARTESIAN_POINT('Ctrl Pts',(32.4127113639376,2.63940721600769,-2.88949246140115));
#10190=CARTESIAN_POINT('Ctrl Pts',(34.2413925098264,2.31048750058226,-2.88949246140115));
#10191=CARTESIAN_POINT('Ctrl Pts',(36.0782887740078,1.60818091362551,-2.88949246140115));
#10192=CARTESIAN_POINT('Ctrl Pts',(37.4265164032514,0.411612362288304,-2.88949246140115));
#10193=CARTESIAN_POINT('Ctrl Pts',(38.4139201971713,-0.995694434226364,
-2.88949246140115));
#10194=CARTESIAN_POINT('Ctrl Pts',(39.3137301296351,-2.76096536108043,-2.88949246140115));
#10195=CARTESIAN_POINT('Ctrl Pts',(40.6627112862527,-3.86150735306076,-2.88949246140115));
#10196=CARTESIAN_POINT('Ctrl Pts',(42.2145122577531,-4.49475784681019,-2.88949246140115));
#10197=CARTESIAN_POINT('Ctrl Pts',(43.2729106143021,-4.76731562762466,-2.88949246140114));
#10198=CARTESIAN_POINT('Ctrl Pts',(44.200449153324,-4.90512875649311,-2.88949246140115));
#10199=CARTESIAN_POINT('Ctrl Pts',(44.5239061137397,-4.94300547158621,-2.88949246140115));
#10200=CARTESIAN_POINT('Ctrl Pts',(29.2100007295608,2.53999996930361,-2.82617033954238));
#10201=CARTESIAN_POINT('Ctrl Pts',(29.7455105726888,2.64197868538302,-2.82617033954238));
#10202=CARTESIAN_POINT('Ctrl Pts',(30.7248081770953,2.69305302195902,-2.82617033954238));
#10203=CARTESIAN_POINT('Ctrl Pts',(32.3793614839267,2.5429748401456,-2.82617033954238));
#10204=CARTESIAN_POINT('Ctrl Pts',(34.1963168674911,2.2186774729027,-2.82617033954238));
#10205=CARTESIAN_POINT('Ctrl Pts',(36.0120597572322,1.52808281947032,-2.82617033954238));
#10206=CARTESIAN_POINT('Ctrl Pts',(37.3375380313599,0.359262038530796,-2.82617033954238));
#10207=CARTESIAN_POINT('Ctrl Pts',(38.3159070794127,-1.02266552221951,-2.82617033954238));
#10208=CARTESIAN_POINT('Ctrl Pts',(39.2168572166005,-2.80032017318976,-2.82617033954238));
#10209=CARTESIAN_POINT('Ctrl Pts',(40.5917085026101,-3.93822491470111,-2.82617033954238));
#10210=CARTESIAN_POINT('Ctrl Pts',(42.1641957441847,-4.5834738132722,-2.82617033954238));
#10211=CARTESIAN_POINT('Ctrl Pts',(43.23233002982,-4.86137738735584,-2.82617033954238));
#10212=CARTESIAN_POINT('Ctrl Pts',(44.166021598773,-5.00104586464442,-2.82617033954238));
#10213=CARTESIAN_POINT('Ctrl Pts',(44.491390777924,-5.03956648797973,-2.82617033954238));
#10214=CARTESIAN_POINT('',(29.2100007295608,1.93581575801044,-2.79029174212864));
#10215=CARTESIAN_POINT('Ctrl Pts',(29.2100007295608,2.53999996930361,-2.82617033954238));
#10216=CARTESIAN_POINT('Ctrl Pts',(29.2100007295608,2.64188852091838,-2.88949246140115));
#10217=CARTESIAN_POINT('Ctrl Pts',(29.2100007295608,2.75256255854548,-3.01340493552557));
#10218=CARTESIAN_POINT('Ctrl Pts',(29.2100007295609,2.86469951485108,-3.31483468080553));
#10219=CARTESIAN_POINT('Ctrl Pts',(29.2100007295608,2.81907909752302,-3.6980647832323));
#10220=CARTESIAN_POINT('Ctrl Pts',(29.2100007295609,2.42360469177401,-4.02939465463075));
#10221=CARTESIAN_POINT('Ctrl Pts',(29.2100007295608,1.9091191926146,-3.99825381810279));
#10222=CARTESIAN_POINT('Ctrl Pts',(29.2100007295608,1.55524606107201,-3.62348398534056));
#10223=CARTESIAN_POINT('Ctrl Pts',(29.2100007295609,1.55544111130481,-3.10772169898073));
#10224=CARTESIAN_POINT('Ctrl Pts',(29.2100007295608,1.79092691489859,-2.85804988829328));
#10225=CARTESIAN_POINT('Ctrl Pts',(29.2100007295608,1.93581575801044,-2.79029174212864));
#10226=CARTESIAN_POINT('',(44.2985795914525,-5.61215919448881,-2.79029174212864));
#10227=CARTESIAN_POINT('Origin',(44.384424462859,-5.35722508948123,-3.36549975681305));
#10228=CARTESIAN_POINT('Ctrl Pts',(29.2100007295608,1.93581575801044,-2.79029174212864));
#10229=CARTESIAN_POINT('Ctrl Pts',(29.673680877991,2.03779447408985,-2.79029174212864));
#10230=CARTESIAN_POINT('Ctrl Pts',(30.8856333749918,2.11999246494096,-2.79029174212864));
#10231=CARTESIAN_POINT('Ctrl Pts',(33.4903393031219,1.82559398223994,-2.79029174212863));
#10232=CARTESIAN_POINT('Ctrl Pts',(36.0469108441615,0.899695717400676,-2.79029174212864));
#10233=CARTESIAN_POINT('Ctrl Pts',(37.5603391153622,-0.808611585103214,
-2.79029174212863));
#10234=CARTESIAN_POINT('Ctrl Pts',(38.6392666752615,-3.03694741600756,-2.79029174212864));
#10235=CARTESIAN_POINT('Ctrl Pts',(40.6838807549647,-4.84301569659958,-2.79029174212863));
#10236=CARTESIAN_POINT('Ctrl Pts',(42.9520631436653,-5.44291031165459,-2.79029174212864));
#10237=CARTESIAN_POINT('Ctrl Pts',(44.2985795914525,-5.61215919448881,-2.79029174212864));
#10238=CARTESIAN_POINT('Ctrl Pts',(29.2100007295608,1.93581575801044,-2.67070777149746));
#10239=CARTESIAN_POINT('Ctrl Pts',(29.673680877991,2.03779447408985,-2.67070777149746));
#10240=CARTESIAN_POINT('Ctrl Pts',(30.8856333749918,2.11999246494096,-2.67070777149746));
#10241=CARTESIAN_POINT('Ctrl Pts',(33.4903393031219,1.82559398223994,-2.67070777149746));
#10242=CARTESIAN_POINT('Ctrl Pts',(36.0469108441615,0.899695717400676,-2.67070777149746));
#10243=CARTESIAN_POINT('Ctrl Pts',(37.5603391153622,-0.808611585103216,
-2.67070777149746));
#10244=CARTESIAN_POINT('Ctrl Pts',(38.6392666752615,-3.03694741600756,-2.67070777149746));
#10245=CARTESIAN_POINT('Ctrl Pts',(40.6838807549647,-4.84301569659958,-2.67070777149746));
#10246=CARTESIAN_POINT('Ctrl Pts',(42.9520631436653,-5.44291031165459,-2.67070777149746));
#10247=CARTESIAN_POINT('Ctrl Pts',(44.2985795914525,-5.61215919448881,-2.67070777149746));
#10248=CARTESIAN_POINT('Ctrl Pts',(29.2100007295608,1.93581575801044,-2.71056909504119));
#10249=CARTESIAN_POINT('Ctrl Pts',(29.673680877991,2.03779447408985,-2.71056909504119));
#10250=CARTESIAN_POINT('Ctrl Pts',(30.8856333749918,2.11999246494096,-2.71056909504119));
#10251=CARTESIAN_POINT('Ctrl Pts',(33.4903393031219,1.82559398223994,-2.71056909504118));
#10252=CARTESIAN_POINT('Ctrl Pts',(36.0469108441615,0.899695717400675,-2.71056909504119));
#10253=CARTESIAN_POINT('Ctrl Pts',(37.5603391153622,-0.808611585103215,
-2.71056909504118));
#10254=CARTESIAN_POINT('Ctrl Pts',(38.6392666752615,-3.03694741600756,-2.71056909504119));
#10255=CARTESIAN_POINT('Ctrl Pts',(40.6838807549647,-4.84301569659958,-2.71056909504118));
#10256=CARTESIAN_POINT('Ctrl Pts',(42.9520631436653,-5.44291031165459,-2.71056909504119));
#10257=CARTESIAN_POINT('Ctrl Pts',(44.2985795914525,-5.61215919448881,-2.71056909504119));
#10258=CARTESIAN_POINT('Ctrl Pts',(29.2100007295608,1.93581575801044,-2.75043041858491));
#10259=CARTESIAN_POINT('Ctrl Pts',(29.673680877991,2.03779447408985,-2.75043041858491));
#10260=CARTESIAN_POINT('Ctrl Pts',(30.8856333749918,2.11999246494096,-2.75043041858491));
#10261=CARTESIAN_POINT('Ctrl Pts',(33.4903393031219,1.82559398223994,-2.75043041858491));
#10262=CARTESIAN_POINT('Ctrl Pts',(36.0469108441615,0.899695717400677,-2.75043041858491));
#10263=CARTESIAN_POINT('Ctrl Pts',(37.5603391153622,-0.808611585103214,
-2.75043041858491));
#10264=CARTESIAN_POINT('Ctrl Pts',(38.6392666752615,-3.03694741600756,-2.75043041858491));
#10265=CARTESIAN_POINT('Ctrl Pts',(40.6838807549647,-4.84301569659958,-2.75043041858491));
#10266=CARTESIAN_POINT('Ctrl Pts',(42.9520631436653,-5.44291031165459,-2.75043041858491));
#10267=CARTESIAN_POINT('Ctrl Pts',(44.2985795914525,-5.61215919448881,-2.75043041858491));
#10268=CARTESIAN_POINT('Ctrl Pts',(29.2100007295608,1.93581575801044,-2.79029174212864));
#10269=CARTESIAN_POINT('Ctrl Pts',(29.673680877991,2.03779447408985,-2.79029174212864));
#10270=CARTESIAN_POINT('Ctrl Pts',(30.8856333749918,2.11999246494096,-2.79029174212864));
#10271=CARTESIAN_POINT('Ctrl Pts',(33.4903393031219,1.82559398223994,-2.79029174212863));
#10272=CARTESIAN_POINT('Ctrl Pts',(36.0469108441615,0.899695717400676,-2.79029174212864));
#10273=CARTESIAN_POINT('Ctrl Pts',(37.5603391153622,-0.808611585103214,
-2.79029174212863));
#10274=CARTESIAN_POINT('Ctrl Pts',(38.6392666752615,-3.03694741600756,-2.79029174212864));
#10275=CARTESIAN_POINT('Ctrl Pts',(40.6838807549647,-4.84301569659958,-2.79029174212863));
#10276=CARTESIAN_POINT('Ctrl Pts',(42.9520631436653,-5.44291031165459,-2.79029174212864));
#10277=CARTESIAN_POINT('Ctrl Pts',(44.2985795914525,-5.61215919448881,-2.79029174212864));
#10278=CARTESIAN_POINT('',(29.2100007295608,1.93581575801044,-2.67070777149746));
#10279=CARTESIAN_POINT('Ctrl Pts',(29.2100007295608,1.93581575801044,-2.79029174212864));
#10280=CARTESIAN_POINT('Ctrl Pts',(29.2100007295608,1.93581575801044,-2.75043041858491));
#10281=CARTESIAN_POINT('Ctrl Pts',(29.2100007295608,1.93581575801044,-2.71056909504119));
#10282=CARTESIAN_POINT('Ctrl Pts',(29.2100007295608,1.93581575801044,-2.67070777149746));
#10283=CARTESIAN_POINT('',(44.2985795914525,-5.61215919448881,-2.67070777149746));
#10284=CARTESIAN_POINT('',(44.2985795914525,-5.61215919448881,-2.67070777149746));
#10285=CARTESIAN_POINT('Ctrl Pts',(29.2100007295608,1.93581575801044,-2.67070777149746));
#10286=CARTESIAN_POINT('Ctrl Pts',(29.673680877991,2.03779447408985,-2.67070777149746));
#10287=CARTESIAN_POINT('Ctrl Pts',(30.8869883001471,2.12020845732023,-2.67070777149746));
#10288=CARTESIAN_POINT('Ctrl Pts',(33.054304301897,1.8746017143331,-2.67070777149746));
#10289=CARTESIAN_POINT('Ctrl Pts',(34.7768828582941,1.36424277533206,-2.67070777149746));
#10290=CARTESIAN_POINT('Ctrl Pts',(36.2976027947191,0.615386186577767,-2.67070777149746));
#10291=CARTESIAN_POINT('Ctrl Pts',(37.5603714129398,-0.811784135097441,
-2.67070777149746));
#10292=CARTESIAN_POINT('Ctrl Pts',(38.4621247787527,-2.6622182287339,-2.67070777149746));
#10293=CARTESIAN_POINT('Ctrl Pts',(39.6585772729459,-3.94415765672609,-2.67070777149746));
#10294=CARTESIAN_POINT('Ctrl Pts',(41.0585864175802,-4.85440780295973,-2.67070777149746));
#10295=CARTESIAN_POINT('Ctrl Pts',(42.6703290086129,-5.36674616087431,-2.67070777149746));
#10296=CARTESIAN_POINT('Ctrl Pts',(43.9619504795057,-5.56984697378026,-2.67070777149746));
#10297=CARTESIAN_POINT('Ctrl Pts',(44.2985795914525,-5.61215919448881,-2.67070777149746));
#10298=CARTESIAN_POINT('Ctrl Pts',(29.2100007295608,1.93581575801044,-1.52029174212864));
#10299=CARTESIAN_POINT('Ctrl Pts',(29.673680877991,2.03779447408985,-1.52029174212864));
#10300=CARTESIAN_POINT('Ctrl Pts',(30.8869883001471,2.12020845732023,-1.52029174212863));
#10301=CARTESIAN_POINT('Ctrl Pts',(33.054304301897,1.8746017143331,-1.52029174212864));
#10302=CARTESIAN_POINT('Ctrl Pts',(34.7768828582941,1.36424277533206,-1.52029174212863));
#10303=CARTESIAN_POINT('Ctrl Pts',(36.297602794719,0.615386186577769,-1.52029174212863));
#10304=CARTESIAN_POINT('Ctrl Pts',(37.5603714129398,-0.81178413509744,-1.52029174212864));
#10305=CARTESIAN_POINT('Ctrl Pts',(38.4621247787527,-2.6622182287339,-1.52029174212864));
#10306=CARTESIAN_POINT('Ctrl Pts',(39.6585772729459,-3.94415765672609,-1.52029174212864));
#10307=CARTESIAN_POINT('Ctrl Pts',(41.0585864175802,-4.85440780295973,-1.52029174212864));
#10308=CARTESIAN_POINT('Ctrl Pts',(42.6703290086129,-5.36674616087431,-1.52029174212863));
#10309=CARTESIAN_POINT('Ctrl Pts',(43.9619504795057,-5.56984697378026,-1.52029174212864));
#10310=CARTESIAN_POINT('Ctrl Pts',(44.2985795914525,-5.61215919448881,-1.52029174212864));
#10311=CARTESIAN_POINT('Ctrl Pts',(29.2100007295608,1.81164127466402,-1.57836269232603));
#10312=CARTESIAN_POINT('Ctrl Pts',(29.6589053977495,1.91361999074343,-1.57836269232603));
#10313=CARTESIAN_POINT('Ctrl Pts',(30.8556584616939,1.9998741941732,-1.57836269232602));
#10314=CARTESIAN_POINT('Ctrl Pts',(33.0073146598569,1.75871188771628,-1.57836269232603));
#10315=CARTESIAN_POINT('Ctrl Pts',(34.7098845292274,1.25940427154172,-1.57836269232602));
#10316=CARTESIAN_POINT('Ctrl Pts',(36.2014283509935,0.530958558162374,-1.57836269232603));
#10317=CARTESIAN_POINT('Ctrl Pts',(37.4384991996057,-0.843284588544478,
-1.57836269232603));
#10318=CARTESIAN_POINT('Ctrl Pts',(38.3448535399336,-2.70614805268465,-1.57836269232603));
#10319=CARTESIAN_POINT('Ctrl Pts',(39.5607447059251,-4.02397838383302,-1.57836269232603));
#10320=CARTESIAN_POINT('Ctrl Pts',(40.9875455478164,-4.95768846438688,-1.57836269232603));
#10321=CARTESIAN_POINT('Ctrl Pts',(42.6185115372743,-5.48015187532816,-1.57836269232603));
#10322=CARTESIAN_POINT('Ctrl Pts',(43.9200069267876,-5.68674870053655,-1.57836269232603));
#10323=CARTESIAN_POINT('Ctrl Pts',(44.258952224474,-5.72984085873904,-1.57836269232603));
#10324=CARTESIAN_POINT('Ctrl Pts',(29.2100007295608,1.60252937078017,-1.77752310924639));
#10325=CARTESIAN_POINT('Ctrl Pts',(29.63406714972,1.70450808685958,-1.77752310924639));
#10326=CARTESIAN_POINT('Ctrl Pts',(30.8028479372872,1.79725912719807,-1.77752310924639));
#10327=CARTESIAN_POINT('Ctrl Pts',(32.928169425753,1.56358141484617,-1.77752310924639));
#10328=CARTESIAN_POINT('Ctrl Pts',(34.5970424098478,1.08288493415141,-1.77752310924639));
#10329=CARTESIAN_POINT('Ctrl Pts',(36.0395190815123,0.388772579171032,-1.77752310924639));
#10330=CARTESIAN_POINT('Ctrl Pts',(37.2333364004736,-0.896439963528752,
-1.7775231092464));
#10331=CARTESIAN_POINT('Ctrl Pts',(38.1474366357611,-2.78020691822357,-1.77752310924639));
#10332=CARTESIAN_POINT('Ctrl Pts',(39.3960259497111,-4.15840055917612,-1.77752310924639));
#10333=CARTESIAN_POINT('Ctrl Pts',(40.8679114932362,-5.13158654766033,-1.77752310924639));
#10334=CARTESIAN_POINT('Ctrl Pts',(42.531246706961,-5.67111421695754,-1.77752310924639));
#10335=CARTESIAN_POINT('Ctrl Pts',(43.8493801663608,-5.88361547855194,-1.77752310924639));
#10336=CARTESIAN_POINT('Ctrl Pts',(44.1922190766368,-5.92801874682361,-1.77752310924639));
#10337=CARTESIAN_POINT('Ctrl Pts',(29.2100007295608,1.53253504827905,-2.20543563728459));
#10338=CARTESIAN_POINT('Ctrl Pts',(29.625728132556,1.63451376435846,-2.20543563728459));
#10339=CARTESIAN_POINT('Ctrl Pts',(30.7852000150219,1.72942236979974,-2.20543563728459));
#10340=CARTESIAN_POINT('Ctrl Pts',(32.9016857324898,1.49824986383823,-2.20543563728459));
#10341=CARTESIAN_POINT('Ctrl Pts',(34.5592807323107,1.02378263748718,-2.20543563728459));
#10342=CARTESIAN_POINT('Ctrl Pts',(35.9852958571655,0.34118465458417,-2.20543563728459));
#10343=CARTESIAN_POINT('Ctrl Pts',(37.1646227241845,-0.914170409276425,
-2.20543563728459));
#10344=CARTESIAN_POINT('Ctrl Pts',(38.0813169511613,-2.80495010598672,-2.20543563728459));
#10345=CARTESIAN_POINT('Ctrl Pts',(39.3408721545622,-4.20339303199851,-2.20543563728459));
#10346=CARTESIAN_POINT('Ctrl Pts',(40.8278673864538,-5.18981020734545,-2.20543563728459));
#10347=CARTESIAN_POINT('Ctrl Pts',(42.502039173974,-5.73504193538725,-2.20543563728459));
#10348=CARTESIAN_POINT('Ctrl Pts',(43.825735910058,-5.94950976430768,-2.20543563728459));
#10349=CARTESIAN_POINT('Ctrl Pts',(44.1698820341993,-5.99435321537154,-2.20543563728459));
#10350=CARTESIAN_POINT('Ctrl Pts',(29.2100007295608,1.70124169875044,-2.52458133700336));
#10351=CARTESIAN_POINT('Ctrl Pts',(29.6457903423821,1.80322041482985,-2.52458133700336));
#10352=CARTESIAN_POINT('Ctrl Pts',(30.8277795155386,1.89290334850814,-2.52458133700336));
#10353=CARTESIAN_POINT('Ctrl Pts',(32.9655309105412,1.65569249209889,-2.52458133700336));
#10354=CARTESIAN_POINT('Ctrl Pts',(34.6503107591353,1.16621050933809,-2.52458133700336));
#10355=CARTESIAN_POINT('Ctrl Pts',(36.1159470828274,0.455892538441045,-2.52458133700336));
#10356=CARTESIAN_POINT('Ctrl Pts',(37.3301815351021,-0.871343202268187,
-2.52458133700336));
#10357=CARTESIAN_POINT('Ctrl Pts',(38.240625374164,-2.74524371502294,-2.52458133700336));
#10358=CARTESIAN_POINT('Ctrl Pts',(39.473780898424,-4.09494577998612,-2.52458133700336));
#10359=CARTESIAN_POINT('Ctrl Pts',(40.9243853533583,-5.04949825801893,-2.52458133700336));
#10360=CARTESIAN_POINT('Ctrl Pts',(42.5724406489947,-5.58097009628548,-2.52458133700336));
#10361=CARTESIAN_POINT('Ctrl Pts',(43.8827195980436,-5.79068342748724,-2.52458133700336));
#10362=CARTESIAN_POINT('Ctrl Pts',(44.2237207953503,-5.83446787610931,-2.52458133700336));
#10363=CARTESIAN_POINT('Ctrl Pts',(29.2100007295608,1.87372851633723,-2.64167229639877));
#10364=CARTESIAN_POINT('Ctrl Pts',(29.6663160920587,1.97570723241664,-2.64167229639877));
#10365=CARTESIAN_POINT('Ctrl Pts',(30.8712969524485,2.06005692668662,-2.64167229639876));
#10366=CARTESIAN_POINT('Ctrl Pts',(33.030802218289,1.81667244836617,-2.64167229639877));
#10367=CARTESIAN_POINT('Ctrl Pts',(34.7433754263043,1.31183944433309,-2.64167229639876));
#10368=CARTESIAN_POINT('Ctrl Pts',(36.2495417644244,0.573167958674127,-2.64167229639877));
#10369=CARTESIAN_POINT('Ctrl Pts',(37.4994729696187,-0.827590867226892,
-2.64167229639877));
#10370=CARTESIAN_POINT('Ctrl Pts',(38.4035256605538,-2.68422512472157,-2.64167229639877));
#10371=CARTESIAN_POINT('Ctrl Pts',(39.6096781998579,-3.98406945153592,-2.64167229639877));
#10372=CARTESIAN_POINT('Ctrl Pts',(41.0230659600133,-4.9060333516346,-2.64167229639877));
#10373=CARTESIAN_POINT('Ctrl Pts',(42.6444185251998,-5.42344129364167,-2.64167229639876));
#10374=CARTESIAN_POINT('Ctrl Pts',(43.9409823014164,-5.62829904881663,-2.64167229639877));
#10375=CARTESIAN_POINT('Ctrl Pts',(44.2787659079633,-5.67100002661392,-2.64167229639877));
#10376=CARTESIAN_POINT('Ctrl Pts',(29.2100007295608,1.93581575801044,-2.67070777149746));
#10377=CARTESIAN_POINT('Ctrl Pts',(29.673680877991,2.03779447408985,-2.67070777149746));
#10378=CARTESIAN_POINT('Ctrl Pts',(30.8869883001471,2.12020845732023,-2.67070777149746));
#10379=CARTESIAN_POINT('Ctrl Pts',(33.054304301897,1.8746017143331,-2.67070777149746));
#10380=CARTESIAN_POINT('Ctrl Pts',(34.7768828582941,1.36424277533206,-2.67070777149746));
#10381=CARTESIAN_POINT('Ctrl Pts',(36.2976027947191,0.615386186577767,-2.67070777149746));
#10382=CARTESIAN_POINT('Ctrl Pts',(37.5603714129398,-0.811784135097441,
-2.67070777149746));
#10383=CARTESIAN_POINT('Ctrl Pts',(38.4621247787527,-2.6622182287339,-2.67070777149746));
#10384=CARTESIAN_POINT('Ctrl Pts',(39.6585772729459,-3.94415765672609,-2.67070777149746));
#10385=CARTESIAN_POINT('Ctrl Pts',(41.0585864175802,-4.85440780295973,-2.67070777149746));
#10386=CARTESIAN_POINT('Ctrl Pts',(42.6703290086129,-5.36674616087431,-2.67070777149746));
#10387=CARTESIAN_POINT('Ctrl Pts',(43.9619504795057,-5.56984697378026,-2.67070777149746));
#10388=CARTESIAN_POINT('Ctrl Pts',(44.2985795914525,-5.61215919448881,-2.67070777149746));
#10389=CARTESIAN_POINT('',(29.2100007295608,1.93581575801044,-1.52029174212864));
#10390=CARTESIAN_POINT('Ctrl Pts',(29.2100007295608,1.93581575801044,-2.67070777149746));
#10391=CARTESIAN_POINT('Ctrl Pts',(29.2100007295608,1.87372851633723,-2.64167229639877));
#10392=CARTESIAN_POINT('Ctrl Pts',(29.2100007295608,1.70124169875044,-2.52458133700336));
#10393=CARTESIAN_POINT('Ctrl Pts',(29.2100007295608,1.53253504827905,-2.20543563728459));
#10394=CARTESIAN_POINT('Ctrl Pts',(29.2100007295608,1.60252937078017,-1.77752310924639));
#10395=CARTESIAN_POINT('Ctrl Pts',(29.2100007295608,1.81164127466402,-1.57836269232603));
#10396=CARTESIAN_POINT('Ctrl Pts',(29.2100007295608,1.93581575801044,-1.52029174212864));
#10397=CARTESIAN_POINT('',(44.2985795914525,-5.61215919448881,-1.52029174212864));
#10398=CARTESIAN_POINT('Origin',(44.384424462859,-5.35722508948123,-2.09549975681305));
#10399=CARTESIAN_POINT('Ctrl Pts',(29.2100007295608,1.93581575801044,-1.52029174212864));
#10400=CARTESIAN_POINT('Ctrl Pts',(29.673680877991,2.03779447408985,-1.52029174212864));
#10401=CARTESIAN_POINT('Ctrl Pts',(30.885648916242,2.1199962812773,-1.52029174212863));
#10402=CARTESIAN_POINT('Ctrl Pts',(33.4903634552343,1.82559915046103,-1.52029174212863));
#10403=CARTESIAN_POINT('Ctrl Pts',(36.0469507046717,0.89970441218218,-1.52029174212864));
#10404=CARTESIAN_POINT('Ctrl Pts',(37.560361897835,-0.808607851663031,-1.52029174212863));
#10405=CARTESIAN_POINT('Ctrl Pts',(38.6392790318259,-3.03694664645581,-1.52029174212864));
#10406=CARTESIAN_POINT('Ctrl Pts',(40.6838956150366,-4.84300974696003,-1.52029174212863));
#10407=CARTESIAN_POINT('Ctrl Pts',(42.9520631436653,-5.44291031165459,-1.52029174212864));
#10408=CARTESIAN_POINT('Ctrl Pts',(44.2985795914525,-5.61215919448881,-1.52029174212864));
#10409=CARTESIAN_POINT('Ctrl Pts',(29.2100007295608,1.93581575801044,-1.40070777149746));
#10410=CARTESIAN_POINT('Ctrl Pts',(29.673680877991,2.03779447408985,-1.40070777149746));
#10411=CARTESIAN_POINT('Ctrl Pts',(30.885648916242,2.1199962812773,-1.40070777149746));
#10412=CARTESIAN_POINT('Ctrl Pts',(33.4903634552343,1.82559915046103,-1.40070777149746));
#10413=CARTESIAN_POINT('Ctrl Pts',(36.0469507046717,0.89970441218218,-1.40070777149746));
#10414=CARTESIAN_POINT('Ctrl Pts',(37.560361897835,-0.808607851663033,-1.40070777149746));
#10415=CARTESIAN_POINT('Ctrl Pts',(38.6392790318259,-3.03694664645581,-1.40070777149746));
#10416=CARTESIAN_POINT('Ctrl Pts',(40.6838956150366,-4.84300974696003,-1.40070777149746));
#10417=CARTESIAN_POINT('Ctrl Pts',(42.9520631436653,-5.44291031165459,-1.40070777149746));
#10418=CARTESIAN_POINT('Ctrl Pts',(44.2985795914525,-5.61215919448881,-1.40070777149746));
#10419=CARTESIAN_POINT('Ctrl Pts',(29.2100007295608,1.93581575801044,-1.44056909504119));
#10420=CARTESIAN_POINT('Ctrl Pts',(29.673680877991,2.03779447408985,-1.44056909504119));
#10421=CARTESIAN_POINT('Ctrl Pts',(30.885648916242,2.1199962812773,-1.44056909504118));
#10422=CARTESIAN_POINT('Ctrl Pts',(33.4903634552343,1.82559915046103,-1.44056909504118));
#10423=CARTESIAN_POINT('Ctrl Pts',(36.0469507046717,0.899704412182179,-1.44056909504119));
#10424=CARTESIAN_POINT('Ctrl Pts',(37.560361897835,-0.808607851663033,-1.44056909504118));
#10425=CARTESIAN_POINT('Ctrl Pts',(38.6392790318259,-3.03694664645581,-1.44056909504119));
#10426=CARTESIAN_POINT('Ctrl Pts',(40.6838956150366,-4.84300974696003,-1.44056909504118));
#10427=CARTESIAN_POINT('Ctrl Pts',(42.9520631436653,-5.44291031165459,-1.44056909504119));
#10428=CARTESIAN_POINT('Ctrl Pts',(44.2985795914525,-5.61215919448881,-1.44056909504119));
#10429=CARTESIAN_POINT('Ctrl Pts',(29.2100007295608,1.93581575801044,-1.48043041858491));
#10430=CARTESIAN_POINT('Ctrl Pts',(29.673680877991,2.03779447408985,-1.48043041858491));
#10431=CARTESIAN_POINT('Ctrl Pts',(30.885648916242,2.1199962812773,-1.48043041858491));
#10432=CARTESIAN_POINT('Ctrl Pts',(33.4903634552343,1.82559915046103,-1.48043041858491));
#10433=CARTESIAN_POINT('Ctrl Pts',(36.0469507046717,0.89970441218218,-1.48043041858491));
#10434=CARTESIAN_POINT('Ctrl Pts',(37.560361897835,-0.808607851663031,-1.48043041858491));
#10435=CARTESIAN_POINT('Ctrl Pts',(38.6392790318259,-3.03694664645581,-1.48043041858491));
#10436=CARTESIAN_POINT('Ctrl Pts',(40.6838956150366,-4.84300974696003,-1.48043041858491));
#10437=CARTESIAN_POINT('Ctrl Pts',(42.9520631436653,-5.44291031165459,-1.48043041858491));
#10438=CARTESIAN_POINT('Ctrl Pts',(44.2985795914525,-5.61215919448881,-1.48043041858491));
#10439=CARTESIAN_POINT('Ctrl Pts',(29.2100007295608,1.93581575801044,-1.52029174212864));
#10440=CARTESIAN_POINT('Ctrl Pts',(29.673680877991,2.03779447408985,-1.52029174212864));
#10441=CARTESIAN_POINT('Ctrl Pts',(30.885648916242,2.1199962812773,-1.52029174212863));
#10442=CARTESIAN_POINT('Ctrl Pts',(33.4903634552343,1.82559915046103,-1.52029174212863));
#10443=CARTESIAN_POINT('Ctrl Pts',(36.0469507046717,0.89970441218218,-1.52029174212864));
#10444=CARTESIAN_POINT('Ctrl Pts',(37.560361897835,-0.808607851663031,-1.52029174212863));
#10445=CARTESIAN_POINT('Ctrl Pts',(38.6392790318259,-3.03694664645581,-1.52029174212864));
#10446=CARTESIAN_POINT('Ctrl Pts',(40.6838956150366,-4.84300974696003,-1.52029174212863));
#10447=CARTESIAN_POINT('Ctrl Pts',(42.9520631436653,-5.44291031165459,-1.52029174212864));
#10448=CARTESIAN_POINT('Ctrl Pts',(44.2985795914525,-5.61215919448881,-1.52029174212864));
#10449=CARTESIAN_POINT('',(29.2100007295608,1.93581575801044,-1.40070777149746));
#10450=CARTESIAN_POINT('Ctrl Pts',(29.2100007295608,1.93581575801044,-1.52029174212864));
#10451=CARTESIAN_POINT('Ctrl Pts',(29.2100007295608,1.93581575801044,-1.48043041858491));
#10452=CARTESIAN_POINT('Ctrl Pts',(29.2100007295608,1.93581575801044,-1.44056909504119));
#10453=CARTESIAN_POINT('Ctrl Pts',(29.2100007295608,1.93581575801044,-1.40070777149746));
#10454=CARTESIAN_POINT('',(44.2985795914525,-5.61215919448881,-1.40070777149746));
#10455=CARTESIAN_POINT('',(44.2985795914525,-5.61215919448881,-1.40070777149746));
#10456=CARTESIAN_POINT('Ctrl Pts',(29.2100007295608,1.93581575801044,-1.40070777149746));
#10457=CARTESIAN_POINT('Ctrl Pts',(29.673680877991,2.03779447408985,-1.40070777149746));
#10458=CARTESIAN_POINT('Ctrl Pts',(30.8829929166551,2.11899224221975,-1.40070777149746));
#10459=CARTESIAN_POINT('Ctrl Pts',(33.4949507753493,1.82754033920324,-1.40070777149746));
#10460=CARTESIAN_POINT('Ctrl Pts',(35.5129197096177,1.09085123720334,-1.40070777149746));
#10461=CARTESIAN_POINT('Ctrl Pts',(36.7451848695723,0.119546965205484,-1.40070777149746));
#10462=CARTESIAN_POINT('Ctrl Pts',(37.4555590156985,-0.789607664851891,
-1.40070777149746));
#10463=CARTESIAN_POINT('Ctrl Pts',(38.1004605081397,-1.92101473906439,-1.40070777149746));
#10464=CARTESIAN_POINT('Ctrl Pts',(38.9821015493428,-3.33775806070308,-1.40070777149746));
#10465=CARTESIAN_POINT('Ctrl Pts',(40.1721374765966,-4.39142307207195,-1.40070777149746));
#10466=CARTESIAN_POINT('Ctrl Pts',(42.1072222155588,-5.2126139391628,-1.40070777149746));
#10467=CARTESIAN_POINT('Ctrl Pts',(43.2886922556121,-5.48522253236315,-1.40070777149746));
#10468=CARTESIAN_POINT('Ctrl Pts',(44.2985795914525,-5.61215919448881,-1.40070777149746));
#10469=CARTESIAN_POINT('Ctrl Pts',(29.2100007295608,2.53999996930361,-1.36482917408372));
#10470=CARTESIAN_POINT('Ctrl Pts',(29.7455105726888,2.64197868538302,-1.36482917408372));
#10471=CARTESIAN_POINT('Ctrl Pts',(31.0380358583186,2.70421827503257,-1.36482917408372));
#10472=CARTESIAN_POINT('Ctrl Pts',(33.7330583269804,2.38730736841962,-1.36482917408372));
#10473=CARTESIAN_POINT('Ctrl Pts',(35.898008770735,1.57172231034556,-1.36482917408372));
#10474=CARTESIAN_POINT('Ctrl Pts',(37.2648650611698,0.441600855013822,-1.36482917408372));
#10475=CARTESIAN_POINT('Ctrl Pts',(38.0252333729327,-0.584042874196612,
-1.36482917408372));
#10476=CARTESIAN_POINT('Ctrl Pts',(38.6746886380436,-1.73783071541653,-1.36482917408372));
#10477=CARTESIAN_POINT('Ctrl Pts',(39.5246836872945,-3.04966055016833,-1.36482917408372));
#10478=CARTESIAN_POINT('Ctrl Pts',(40.5912444100227,-3.94028305732006,-1.36482917408372));
#10479=CARTESIAN_POINT('Ctrl Pts',(42.3887583553458,-4.67502574800507,-1.36482917408372));
#10480=CARTESIAN_POINT('Ctrl Pts',(43.5152832404709,-4.92400461797379,-1.36482917408372));
#10481=CARTESIAN_POINT('Ctrl Pts',(44.491390777924,-5.03956648797973,-1.36482917408372));
#10482=CARTESIAN_POINT('Ctrl Pts',(29.2100007295608,2.67585137145663,-1.28039967827203));
#10483=CARTESIAN_POINT('Ctrl Pts',(29.7616991814562,2.77783008753604,-1.28039967827203));
#10484=CARTESIAN_POINT('Ctrl Pts',(31.0728564379257,2.83583937989754,-1.28039967827202));
#10485=CARTESIAN_POINT('Ctrl Pts',(33.7865860895776,2.51320191134491,-1.28039967827203));
#10486=CARTESIAN_POINT('Ctrl Pts',(35.984593198663,1.67988019879796,-1.28039967827203));
#10487=CARTESIAN_POINT('Ctrl Pts',(37.3817782909972,0.513972303698122,-1.28039967827203));
#10488=CARTESIAN_POINT('Ctrl Pts',(38.1533964769375,-0.537905876203921,
-1.28039967827203));
#10489=CARTESIAN_POINT('Ctrl Pts',(38.8038805628778,-1.69673764786592,-1.28039967827203));
#10490=CARTESIAN_POINT('Ctrl Pts',(39.6467516111507,-2.98493526687306,-1.28039967827203));
#10491=CARTESIAN_POINT('Ctrl Pts',(40.6855280021163,-3.83885141134643,-1.28039967827203));
#10492=CARTESIAN_POINT('Ctrl Pts',(42.4520635647213,-4.55413455847272,-1.28039967827203));
#10493=CARTESIAN_POINT('Ctrl Pts',(43.5662501395403,-4.79782018851598,-1.28039967827203));
#10494=CARTESIAN_POINT('Ctrl Pts',(44.5347445590116,-4.91081846612169,-1.28039967827203));
#10495=CARTESIAN_POINT('Ctrl Pts',(29.2100007295608,2.88013386926789,-1.0046153334666));
#10496=CARTESIAN_POINT('Ctrl Pts',(29.7859371521268,2.98211258534729,-1.0046153334666));
#10497=CARTESIAN_POINT('Ctrl Pts',(31.1253313552645,3.03366996161351,-1.0046153334666));
#10498=CARTESIAN_POINT('Ctrl Pts',(33.8671074676988,2.70242716015029,-1.0046153334666));
#10499=CARTESIAN_POINT('Ctrl Pts',(36.1148009465994,1.84242560281716,-1.0046153334666));
#10500=CARTESIAN_POINT('Ctrl Pts',(37.5574080301176,0.622917982173269,-1.0046153334666));
#10501=CARTESIAN_POINT('Ctrl Pts',(38.3459187399917,-0.468292757232848,
-1.00461533346661));
#10502=CARTESIAN_POINT('Ctrl Pts',(38.9979361893478,-1.63467679034023,-1.00461533346661));
#10503=CARTESIAN_POINT('Ctrl Pts',(39.8301181217623,-2.88745642745745,-1.00461533346661));
#10504=CARTESIAN_POINT('Ctrl Pts',(40.8271728153468,-3.68630529849725,-1.0046153334666));
#10505=CARTESIAN_POINT('Ctrl Pts',(42.547252591565,-4.37238706553744,-1.0046153334666));
#10506=CARTESIAN_POINT('Ctrl Pts',(43.6428406375625,-4.60805745876096,-1.0046153334666));
#10507=CARTESIAN_POINT('Ctrl Pts',(44.5999365154416,-4.71721746475852,-1.0046153334666));
#10508=CARTESIAN_POINT('Ctrl Pts',(29.2100007295609,2.81928437371751,-0.492452261751144));
#10509=CARTESIAN_POINT('Ctrl Pts',(29.7787066753637,2.92126308979692,-0.492452261751144));
#10510=CARTESIAN_POINT('Ctrl Pts',(31.109712366546,2.97473303851754,-0.49245226175114));
#10511=CARTESIAN_POINT('Ctrl Pts',(33.8431257383756,2.64605409508651,-0.492452261751145));
#10512=CARTESIAN_POINT('Ctrl Pts',(36.0760169664345,1.79399874010988,-0.492452261751144));
#10513=CARTESIAN_POINT('Ctrl Pts',(37.5050754568142,0.590478569985334,-0.492452261751144));
#10514=CARTESIAN_POINT('Ctrl Pts',(38.2885519390758,-0.489004299372778,
-0.492452261751147));
#10515=CARTESIAN_POINT('Ctrl Pts',(38.9401112494119,-1.65313544026339,-0.492452261751145));
#10516=CARTESIAN_POINT('Ctrl Pts',(39.7754795276968,-2.91647707226507,-0.492452261751146));
#10517=CARTESIAN_POINT('Ctrl Pts',(40.7849677695651,-3.73174193792846,-0.492452261751144));
#10518=CARTESIAN_POINT('Ctrl Pts',(42.5188982595125,-4.42652805529605,-0.492452261751144));
#10519=CARTESIAN_POINT('Ctrl Pts',(43.6200216302588,-4.66458026150792,-0.492452261751144));
#10520=CARTESIAN_POINT('Ctrl Pts',(44.5805178295277,-4.7748852698677,-0.492452261751144));
#10521=CARTESIAN_POINT('Ctrl Pts',(29.2100007295608,2.42354719708644,-0.162196773127601));
#10522=CARTESIAN_POINT('Ctrl Pts',(29.7316690883691,2.52552591316585,-0.162196773127601));
#10523=CARTESIAN_POINT('Ctrl Pts',(31.0081487560443,2.5914223744432,-0.162196773127598));
#10524=CARTESIAN_POINT('Ctrl Pts',(33.6871636238775,2.27941835399693,-0.162196773127601));
#10525=CARTESIAN_POINT('Ctrl Pts',(35.8237849569088,1.47904027779484,-0.1621967731276));
#10526=CARTESIAN_POINT('Ctrl Pts',(37.1647053181606,0.379523277881677,-0.162196773127601));
#10527=CARTESIAN_POINT('Ctrl Pts',(37.9154383084217,-0.623671499159173,
-0.162196773127602));
#10528=CARTESIAN_POINT('Ctrl Pts',(38.5640162846179,-1.77314658566227,-0.162196773127601));
#10529=CARTESIAN_POINT('Ctrl Pts',(39.4201101814734,-3.10519419721203,-0.162196773127602));
#10530=CARTESIAN_POINT('Ctrl Pts',(40.5104681918006,-4.02723816385644,-0.162196773127601));
#10531=CARTESIAN_POINT('Ctrl Pts',(42.3344941371484,-4.77864134452472,-0.162196773127601));
#10532=CARTESIAN_POINT('Ctrl Pts',(43.471610754926,-5.03217641596699,-0.162196773127601));
#10533=CARTESIAN_POINT('Ctrl Pts',(44.4542276135126,-5.14993019291931,-0.162196773127601));
#10534=CARTESIAN_POINT('Ctrl Pts',(29.2100007295609,1.90899184864152,-0.192166914718804));
#10535=CARTESIAN_POINT('Ctrl Pts',(29.6704889376907,2.01097056472093,-0.192166914718804));
#10536=CARTESIAN_POINT('Ctrl Pts',(30.8761126736669,2.09300749453353,-0.192166914718804));
#10537=CARTESIAN_POINT('Ctrl Pts',(33.4843803876897,1.80268605414978,-0.192166914718804));
#10538=CARTESIAN_POINT('Ctrl Pts',(35.4958231970282,1.06949944158015,-0.192166914718802));
#10539=CARTESIAN_POINT('Ctrl Pts',(36.7221078101038,0.105252085294804,-0.192166914718806));
#10540=CARTESIAN_POINT('Ctrl Pts',(37.4302616988027,-0.798727544052397,
-0.192166914718805));
#10541=CARTESIAN_POINT('Ctrl Pts',(38.0749606370388,-1.92914008063655,-0.192166914718805));
#10542=CARTESIAN_POINT('Ctrl Pts',(38.9580073126593,-3.35054452456095,-0.192166914718805));
#10543=CARTESIAN_POINT('Ctrl Pts',(40.1535267741177,-4.41145170052737,-0.192166914718804));
#10544=CARTESIAN_POINT('Ctrl Pts',(42.0947227627192,-5.23648227655188,-0.192166914718805));
#10545=CARTESIAN_POINT('Ctrl Pts',(43.2786309419087,-5.51013840804767,-0.192166914718804));
#10546=CARTESIAN_POINT('Ctrl Pts',(44.2900193714161,-5.63758053880338,-0.192166914718804));
#10547=CARTESIAN_POINT('Ctrl Pts',(29.2100007295608,1.55550777610712,-0.567970073049106));
#10548=CARTESIAN_POINT('Ctrl Pts',(29.6284759961233,1.65748649218653,-0.567970073049106));
#10549=CARTESIAN_POINT('Ctrl Pts',(30.7853904455461,1.75062522994344,-0.567970073049106));
#10550=CARTESIAN_POINT('Ctrl Pts',(33.3450697428896,1.4751981872617,-0.567970073049106));
#10551=CARTESIAN_POINT('Ctrl Pts',(35.2705219494139,0.788171442052051,-0.567970073049103));
#10552=CARTESIAN_POINT('Ctrl Pts',(36.4180832189406,-0.083182115886762,
-0.567970073049108));
#10553=CARTESIAN_POINT('Ctrl Pts',(37.0969902124829,-0.919021657897074,
-0.567970073049105));
#10554=CARTESIAN_POINT('Ctrl Pts',(37.7390264497126,-2.03634371950559,-0.567970073049106));
#10555=CARTESIAN_POINT('Ctrl Pts',(38.640585320096,-3.51911564945137,-0.567970073049106));
#10556=CARTESIAN_POINT('Ctrl Pts',(39.9083387000588,-4.67539809958784,-0.567970073049105));
#10557=CARTESIAN_POINT('Ctrl Pts',(41.9300076815688,-5.55099931567093,-0.567970073049107));
#10558=CARTESIAN_POINT('Ctrl Pts',(43.1460671226985,-5.8384864749485,-0.567970073049106));
#10559=CARTESIAN_POINT('Ctrl Pts',(44.1772132401895,-5.97258168252262,-0.567970073049106));
#10560=CARTESIAN_POINT('Ctrl Pts',(29.2100007295609,1.55556239793367,-0.953907127318173));
#10561=CARTESIAN_POINT('Ctrl Pts',(29.6284390533653,1.65754111401308,-0.953907127318173));
#10562=CARTESIAN_POINT('Ctrl Pts',(30.7854517569808,1.75064066314595,-0.953907127318174));
#10563=CARTESIAN_POINT('Ctrl Pts',(33.3451039078065,1.47521372012263,-0.953907127318173));
#10564=CARTESIAN_POINT('Ctrl Pts',(35.270560478695,0.788176174955077,-0.953907127318171));
#10565=CARTESIAN_POINT('Ctrl Pts',(36.4180579028435,-0.0831037393840828,
-0.953907127318175));
#10566=CARTESIAN_POINT('Ctrl Pts',(37.0969594461274,-0.918905607090901,
-0.953907127318173));
#10567=CARTESIAN_POINT('Ctrl Pts',(37.7389904385863,-2.03621631064924,-0.953907127318173));
#10568=CARTESIAN_POINT('Ctrl Pts',(38.6405561079121,-3.51902759925737,-0.953907127318173));
#10569=CARTESIAN_POINT('Ctrl Pts',(39.9083223479053,-4.67534851739882,-0.953907127318173));
#10570=CARTESIAN_POINT('Ctrl Pts',(41.9300313600208,-5.55096683521177,-0.953907127318174));
#10571=CARTESIAN_POINT('Ctrl Pts',(43.1460671806691,-5.83842885900713,-0.953907127318173));
#10572=CARTESIAN_POINT('Ctrl Pts',(44.1772306714613,-5.97252991675497,-0.953907127318173));
#10573=CARTESIAN_POINT('Ctrl Pts',(29.2100007295609,1.70258700113849,-1.23994670313563));
#10574=CARTESIAN_POINT('Ctrl Pts',(29.6459883453171,1.8045657172179,-1.23994670313563));
#10575=CARTESIAN_POINT('Ctrl Pts',(30.8231043455798,1.8931122707336,-1.23994670313563));
#10576=CARTESIAN_POINT('Ctrl Pts',(33.403025594098,1.61148616395422,-1.23994670313563));
#10577=CARTESIAN_POINT('Ctrl Pts',(35.3642636075367,0.905255668385788,-1.23994670313563));
#10578=CARTESIAN_POINT('Ctrl Pts',(36.5446354162041,-0.00481320573953629,
-1.23994670313564));
#10579=CARTESIAN_POINT('Ctrl Pts',(37.2357187992636,-0.869039645380922,
-1.23994670313563));
#10580=CARTESIAN_POINT('Ctrl Pts',(37.8788670362779,-1.99181812878517,-1.23994670313563));
#10581=CARTESIAN_POINT('Ctrl Pts',(38.7727162833211,-3.44902067381707,-1.23994670313563));
#10582=CARTESIAN_POINT('Ctrl Pts',(40.0103968774718,-4.56558047042444,-1.23994670313563));
#10583=CARTESIAN_POINT('Ctrl Pts',(41.9985443482987,-5.42012200713902,-1.23994670313563));
#10584=CARTESIAN_POINT('Ctrl Pts',(43.2012396411337,-5.70187092615817,-1.23994670313563));
#10585=CARTESIAN_POINT('Ctrl Pts',(44.224150116979,-5.83319291671605,-1.23994670313563));
#10586=CARTESIAN_POINT('Ctrl Pts',(29.2100007295608,1.82714912567655,-1.34988916187398));
#10587=CARTESIAN_POINT('Ctrl Pts',(29.6606826725937,1.92912784175596,-1.34988916187398));
#10588=CARTESIAN_POINT('Ctrl Pts',(30.8551935679856,2.01366708320883,-1.34988916187398));
#10589=CARTESIAN_POINT('Ctrl Pts',(33.4521485447816,1.72679853032344,-1.34988916187398));
#10590=CARTESIAN_POINT('Ctrl Pts',(35.4436655966539,1.00429271937053,-1.34988916187397));
#10591=CARTESIAN_POINT('Ctrl Pts',(36.6515851220163,0.0617131464779132,
-1.34988916187398));
#10592=CARTESIAN_POINT('Ctrl Pts',(37.3529493113402,-0.826402291311406,
-1.34988916187398));
#10593=CARTESIAN_POINT('Ctrl Pts',(37.997021470043,-1.95375964996307,-1.34988916187398));
#10594=CARTESIAN_POINT('Ctrl Pts',(38.8843718594001,-3.38946137366974,-1.34988916187398));
#10595=CARTESIAN_POINT('Ctrl Pts',(40.0966594133855,-4.47254763830338,-1.34988916187398));
#10596=CARTESIAN_POINT('Ctrl Pts',(42.0565827968041,-5.30933219915107,-1.34988916187398));
#10597=CARTESIAN_POINT('Ctrl Pts',(43.2479011075931,-5.58614885092522,-1.34988916187398));
#10598=CARTESIAN_POINT('Ctrl Pts',(44.2639011905302,-5.71514388020596,-1.34988916187398));
#10599=CARTESIAN_POINT('Ctrl Pts',(29.2100007295608,1.93581575801044,-1.40070777149746));
#10600=CARTESIAN_POINT('Ctrl Pts',(29.673680877991,2.03779447408985,-1.40070777149746));
#10601=CARTESIAN_POINT('Ctrl Pts',(30.8829929166551,2.11899224221975,-1.40070777149746));
#10602=CARTESIAN_POINT('Ctrl Pts',(33.4949507753493,1.82754033920324,-1.40070777149746));
#10603=CARTESIAN_POINT('Ctrl Pts',(35.5129197096177,1.09085123720334,-1.40070777149746));
#10604=CARTESIAN_POINT('Ctrl Pts',(36.7451848695723,0.119546965205484,-1.40070777149746));
#10605=CARTESIAN_POINT('Ctrl Pts',(37.4555590156985,-0.789607664851891,
-1.40070777149746));
#10606=CARTESIAN_POINT('Ctrl Pts',(38.1004605081397,-1.92101473906439,-1.40070777149746));
#10607=CARTESIAN_POINT('Ctrl Pts',(38.9821015493428,-3.33775806070308,-1.40070777149746));
#10608=CARTESIAN_POINT('Ctrl Pts',(40.1721374765966,-4.39142307207195,-1.40070777149746));
#10609=CARTESIAN_POINT('Ctrl Pts',(42.1072222155588,-5.2126139391628,-1.40070777149746));
#10610=CARTESIAN_POINT('Ctrl Pts',(43.2886922556121,-5.48522253236315,-1.40070777149746));
#10611=CARTESIAN_POINT('Ctrl Pts',(44.2985795914525,-5.61215919448881,-1.40070777149746));
#10612=CARTESIAN_POINT('Ctrl Pts',(29.2100007295608,1.93581575801044,-1.40070777149746));
#10613=CARTESIAN_POINT('Ctrl Pts',(29.2100007295608,1.82714912567655,-1.34988916187398));
#10614=CARTESIAN_POINT('Ctrl Pts',(29.2100007295609,1.70258700113849,-1.23994670313563));
#10615=CARTESIAN_POINT('Ctrl Pts',(29.2100007295609,1.55556239793367,-0.953907127318173));
#10616=CARTESIAN_POINT('Ctrl Pts',(29.2100007295608,1.55550777610712,-0.567970073049106));
#10617=CARTESIAN_POINT('Ctrl Pts',(29.2100007295609,1.90899184864152,-0.192166914718804));
#10618=CARTESIAN_POINT('Ctrl Pts',(29.2100007295608,2.42354719708644,-0.162196773127601));
#10619=CARTESIAN_POINT('Ctrl Pts',(29.2100007295609,2.81928437371751,-0.492452261751144));
#10620=CARTESIAN_POINT('Ctrl Pts',(29.2100007295608,2.88013386926789,-1.0046153334666));
#10621=CARTESIAN_POINT('Ctrl Pts',(29.2100007295608,2.67585137145663,-1.28039967827203));
#10622=CARTESIAN_POINT('Ctrl Pts',(29.2100007295608,2.53999996930361,-1.36482917408372));
#10623=CARTESIAN_POINT('Origin',(44.384424462859,-5.35722508948123,-0.825499756813048));
#10624=CARTESIAN_POINT('Origin',(44.384424462859,-5.35722508948123,-2.09549975681305));
#10625=CARTESIAN_POINT('Origin',(22.8600007295609,0.327805963461612,1.07950024318695));
#10626=CARTESIAN_POINT('',(29.2100007295608,1.44748229096036,-0.0401760843118006));
#10627=CARTESIAN_POINT('',(29.2100007295608,3.01812963596286,-0.0401760843118007));
#10628=CARTESIAN_POINT('',(29.2100007295608,0.327805963461612,-0.0401760843118006));
#10629=CARTESIAN_POINT('',(23.1762391605876,4.08204459573469,1.02373887546003));
#10630=CARTESIAN_POINT('',(23.387064781272,0.420741576339812,0.986564630308751));
#10631=CARTESIAN_POINT('Origin',(22.8600007295609,4.13780596346161,1.07950024318695));
#10632=CARTESIAN_POINT('',(29.2100007295608,3.01812963596286,-4.1508234293143));
#10633=CARTESIAN_POINT('',(29.2100007295608,3.01812963596286,1.07950024318695));
#10634=CARTESIAN_POINT('',(23.387064781272,4.04487035058341,-5.17756414393485));
#10635=CARTESIAN_POINT('Origin',(22.8600007295609,4.13780596346161,-5.27049975681305));
#10636=CARTESIAN_POINT('',(29.2100007295608,1.44748229096036,-4.1508234293143));
#10637=CARTESIAN_POINT('',(29.2100007295608,4.13780596346161,-4.1508234293143));
#10638=CARTESIAN_POINT('',(23.1762391605876,0.383567331188532,-5.21473838908613));
#10639=CARTESIAN_POINT('Origin',(22.8600007295609,0.327805963461612,-5.27049975681305));
#10640=CARTESIAN_POINT('',(29.2100007295608,1.44748229096036,-5.27049975681305));
#10641=CARTESIAN_POINT('Origin',(29.2100007295608,2.23280596346161,-2.09549975681305));
#10642=CARTESIAN_POINT('Origin',(21.9619751174539,26.9084665581766,-10.2779741447061));
#10643=CARTESIAN_POINT('',(21.9619751174539,26.720021646534,-9.56747414470613));
#10644=CARTESIAN_POINT('Origin',(21.9619751174539,26.720021646534,-10.2779741447061));
#10645=CARTESIAN_POINT('',(21.9619751174539,27.1469331163531,-10.2779741447061));
#10646=CARTESIAN_POINT('',(21.9619751174539,26.9084665581766,-9.88109914470613));
#10647=CARTESIAN_POINT('Origin',(21.9619751174539,13.97,-10.2779741447061));
#10648=CARTESIAN_POINT('',(21.9619751174539,1.27,-9.56747414470613));
#10649=CARTESIAN_POINT('Origin',(21.9619751174539,1.27,-10.2779741447061));
#10650=CARTESIAN_POINT('',(21.9619751174539,13.97,-9.56747414470613));
#10651=CARTESIAN_POINT('Origin',(-14.1174684719655,26.9084665581766,6.49746822805331));
#10652=CARTESIAN_POINT('',(-14.1174684719655,26.720021646534,7.20796822805331));
#10653=CARTESIAN_POINT('Origin',(-14.1174684719655,26.720021646534,6.49746822805331));
#10654=CARTESIAN_POINT('',(-14.1174684719655,27.1469331163531,6.49746822805331));
#10655=CARTESIAN_POINT('',(-14.1174684719655,26.9084665581766,6.89434322805331));
#10656=CARTESIAN_POINT('Origin',(-14.1174684719655,13.97,6.49746822805331));
#10657=CARTESIAN_POINT('',(-14.1174684719655,1.27,7.20796822805331));
#10658=CARTESIAN_POINT('Origin',(-14.1174684719655,1.27,6.49746822805331));
#10659=CARTESIAN_POINT('',(-14.1174684719655,13.97,7.20796822805331));
#10660=CARTESIAN_POINT('Origin',(-14.1174684719655,26.9084665581766,-10.0534677416794));
#10661=CARTESIAN_POINT('',(-14.1174684719655,26.720021646534,-9.34296774167941));
#10662=CARTESIAN_POINT('Origin',(-14.1174684719655,26.720021646534,-10.0534677416794));
#10663=CARTESIAN_POINT('',(-14.1174684719655,27.1469331163531,-10.0534677416794));
#10664=CARTESIAN_POINT('',(-14.1174684719655,26.9084665581766,-9.65659274167941));
#10665=CARTESIAN_POINT('Origin',(-14.1174684719655,13.97,-10.0534677416794));
#10666=CARTESIAN_POINT('',(-14.1174684719655,13.97,-9.34296774167941));
#10667=CARTESIAN_POINT('Origin',(21.7374687144272,26.9084665581766,6.49746822805331));
#10668=CARTESIAN_POINT('',(21.7374687144272,26.720021646534,7.20796822805331));
#10669=CARTESIAN_POINT('Origin',(21.7374687144272,26.720021646534,6.49746822805331));
#10670=CARTESIAN_POINT('',(21.7374687144272,27.1469331163531,6.49746822805331));
#10671=CARTESIAN_POINT('',(21.7374687144272,26.9084665581766,6.89434322805331));
#10672=CARTESIAN_POINT('Origin',(21.7374687144272,13.97,6.49746822805331));
#10673=CARTESIAN_POINT('',(21.7374687144272,1.27,7.20796822805331));
#10674=CARTESIAN_POINT('Origin',(21.7374687144272,1.27,6.49746822805331));
#10675=CARTESIAN_POINT('',(21.7374687144272,13.97,7.20796822805331));
#10676=CARTESIAN_POINT('Origin',(22.8600007295609,0.,7.62000024318695));
#10677=CARTESIAN_POINT('Origin',(22.8600007295609,0.,7.62000024318695));
#10678=CARTESIAN_POINT('Origin',(22.8600007295609,1.27,7.62000024318695));
#10679=CARTESIAN_POINT('Origin',(21.2725007295609,1.27,6.03250024318695));
#10680=CARTESIAN_POINT('Origin',(22.8600007295609,0.,-11.175999756813));
#10681=CARTESIAN_POINT('Origin',(22.8600007295609,0.,-11.175999756813));
#10682=CARTESIAN_POINT('Origin',(22.8600007295609,1.27,-11.175999756813));
#10683=CARTESIAN_POINT('Origin',(21.5900007295609,1.27,-9.90599975681305));
#10684=CARTESIAN_POINT('Origin',(-15.2400004870991,0.,7.62000024318695));
#10685=CARTESIAN_POINT('Origin',(-15.2400004870991,0.,7.62000024318695));
#10686=CARTESIAN_POINT('Origin',(-15.2400004870991,1.27,7.62000024318695));
#10687=CARTESIAN_POINT('Origin',(-13.6525004870991,1.27,6.03250024318695));
#10688=CARTESIAN_POINT('Origin',(-15.2400004870991,0.,-11.175999756813));
#10689=CARTESIAN_POINT('Origin',(-15.2400004870991,0.,-11.175999756813));
#10690=CARTESIAN_POINT('Origin',(3.81000012123085,0.,-1.77799975681305));
#10691=CARTESIAN_POINT('Origin',(13.549587726593,35.737144208301,-1.97526589035988));
#10692=CARTESIAN_POINT('',(13.549587726593,36.195,-3.49926589035988));
#10693=CARTESIAN_POINT('Origin',(13.549587726593,36.195,-1.97526589035988));
#10694=CARTESIAN_POINT('',(13.549587726593,35.56,-2.44244841906729));
#10695=CARTESIAN_POINT('',(13.549587726593,35.737144208301,-2.73726589035988));
#10696=CARTESIAN_POINT('Origin',(13.549587726593,35.56,-1.97526589035988));
#10697=CARTESIAN_POINT('Origin',(13.549587726593,37.7825,-1.97526589035988));
#10698=CARTESIAN_POINT('',(13.549587726593,39.37,-3.49926589035988));
#10699=CARTESIAN_POINT('Origin',(13.549587726593,39.37,-1.97526589035988));
#10700=CARTESIAN_POINT('',(13.549587726593,37.7825,-3.49926589035988));
#10701=CARTESIAN_POINT('Origin',(11.2262456641827,39.37,0.18270481254038));
#10702=CARTESIAN_POINT('',(11.3637709121951,35.56,0.320230060552719));
#10703=CARTESIAN_POINT('',(11.1078476106889,35.56,0.0284054651322196));
#10704=CARTESIAN_POINT('Origin',(11.2262456641827,35.56,0.18270481254038));
#10705=CARTESIAN_POINT('',(11.3637709121951,39.37,0.320230060552719));
#10706=CARTESIAN_POINT('',(11.3637709121951,39.37,0.320230060552719));
#10707=CARTESIAN_POINT('',(11.1078476106889,39.37,0.0284054651322196));
#10708=CARTESIAN_POINT('Origin',(11.2262456641827,39.37,0.18270481254038));
#10709=CARTESIAN_POINT('',(11.1078476106889,39.37,0.0284054651322196));
#10710=CARTESIAN_POINT('Origin',(10.9894495571951,39.37,-0.125893882275937));
#10711=CARTESIAN_POINT('',(10.8922045217412,35.56,-0.294327224465901));
#10712=CARTESIAN_POINT('Origin',(10.9894495571951,35.56,-0.125893882275937));
#10713=CARTESIAN_POINT('',(10.8922045217412,39.37,-0.294327224465901));
#10714=CARTESIAN_POINT('Origin',(10.9894495571951,39.37,-0.125893882275937));
#10715=CARTESIAN_POINT('',(10.8922045217412,39.37,-0.294327224465901));
#10716=CARTESIAN_POINT('Origin',(10.7949594862873,39.37,-0.462760566655872));
#10717=CARTESIAN_POINT('',(10.7205313583914,35.56,-0.642445962444235));
#10718=CARTESIAN_POINT('Origin',(10.7949594862873,35.56,-0.462760566655872));
#10719=CARTESIAN_POINT('',(10.7205313583914,39.37,-0.642445962444235));
#10720=CARTESIAN_POINT('Origin',(10.7949594862873,39.37,-0.462760566655872));
#10721=CARTESIAN_POINT('',(10.7205313583914,39.37,-0.642445962444235));
#10722=CARTESIAN_POINT('Origin',(10.6461032304955,39.37,-0.822131358232587));
#10723=CARTESIAN_POINT('',(10.5957654960612,35.56,-1.00999434067919));
#10724=CARTESIAN_POINT('Origin',(10.6461032304955,35.56,-0.822131358232587));
#10725=CARTESIAN_POINT('',(10.5957654960612,39.37,-1.00999434067919));
#10726=CARTESIAN_POINT('Origin',(10.6461032304955,39.37,-0.822131358232587));
#10727=CARTESIAN_POINT('',(10.5957654960612,39.37,-1.00999434067919));
#10728=CARTESIAN_POINT('Origin',(10.545427761627,39.37,-1.19785732312581));
#10729=CARTESIAN_POINT('',(10.5200417132468,35.56,-1.39068350451555));
#10730=CARTESIAN_POINT('Origin',(10.545427761627,35.56,-1.19785732312581));
#10731=CARTESIAN_POINT('',(10.5200417132468,39.37,-1.39068350451555));
#10732=CARTESIAN_POINT('Origin',(10.545427761627,39.37,-1.19785732312581));
#10733=CARTESIAN_POINT('',(10.5200417132468,39.37,-1.39068350451555));
#10734=CARTESIAN_POINT('Origin',(10.4946556648666,39.37,-1.58350968590528));
#10735=CARTESIAN_POINT('',(10.4946556648666,35.56,-1.77799975681305));
#10736=CARTESIAN_POINT('Origin',(10.4946556648666,35.56,-1.58350968590528));
#10737=CARTESIAN_POINT('',(10.4946556648666,39.37,-1.77799975681305));
#10738=CARTESIAN_POINT('Origin',(10.4946556648666,39.37,-1.58350968590528));
#10739=CARTESIAN_POINT('',(10.4946556648666,39.37,-1.77799975681305));
#10740=CARTESIAN_POINT('Origin',(10.4946556648666,39.37,-1.97248982772082));
#10741=CARTESIAN_POINT('',(10.5200417132468,35.56,-2.16531600911056));
#10742=CARTESIAN_POINT('Origin',(10.4946556648666,35.56,-1.97248982772082));
#10743=CARTESIAN_POINT('',(10.5200417132468,39.37,-2.16531600911056));
#10744=CARTESIAN_POINT('Origin',(10.4946556648666,39.37,-1.97248982772082));
#10745=CARTESIAN_POINT('',(10.5200417132468,39.37,-2.16531600911056));
#10746=CARTESIAN_POINT('Origin',(10.545427761627,39.37,-2.3581421905003));
#10747=CARTESIAN_POINT('',(10.5957654960612,35.56,-2.5460051729469));
#10748=CARTESIAN_POINT('Origin',(10.545427761627,35.56,-2.3581421905003));
#10749=CARTESIAN_POINT('',(10.5957654960612,39.37,-2.5460051729469));
#10750=CARTESIAN_POINT('Origin',(10.545427761627,39.37,-2.3581421905003));
#10751=CARTESIAN_POINT('',(10.5957654960612,39.37,-2.5460051729469));
#10752=CARTESIAN_POINT('Origin',(10.6461032304955,39.37,-2.73386815539352));
#10753=CARTESIAN_POINT('',(10.7205313583914,35.56,-2.91355355118188));
#10754=CARTESIAN_POINT('Origin',(10.6461032304955,35.56,-2.73386815539352));
#10755=CARTESIAN_POINT('',(10.7205313583914,39.37,-2.91355355118188));
#10756=CARTESIAN_POINT('Origin',(10.6461032304955,39.37,-2.73386815539352));
#10757=CARTESIAN_POINT('',(10.7205313583914,39.37,-2.91355355118188));
#10758=CARTESIAN_POINT('Origin',(10.7949594862873,39.37,-3.09323894697023));
#10759=CARTESIAN_POINT('',(10.8922045217412,35.56,-3.2616722891602));
#10760=CARTESIAN_POINT('Origin',(10.7949594862873,35.56,-3.09323894697023));
#10761=CARTESIAN_POINT('',(10.8922045217412,39.37,-3.2616722891602));
#10762=CARTESIAN_POINT('Origin',(10.7949594862873,39.37,-3.09323894697023));
#10763=CARTESIAN_POINT('',(10.8922045217412,39.37,-3.2616722891602));
#10764=CARTESIAN_POINT('Origin',(10.9894495571951,39.37,-3.43010563135017));
#10765=CARTESIAN_POINT('',(11.1078476106889,35.56,-3.58440497875833));
#10766=CARTESIAN_POINT('Origin',(10.9894495571951,35.56,-3.43010563135017));
#10767=CARTESIAN_POINT('',(11.1078476106889,39.37,-3.58440497875833));
#10768=CARTESIAN_POINT('Origin',(10.9894495571951,39.37,-3.43010563135017));
#10769=CARTESIAN_POINT('',(11.1078476106889,39.37,-3.58440497875833));
#10770=CARTESIAN_POINT('Origin',(11.2262456641827,39.37,-3.73870432616648));
#10771=CARTESIAN_POINT('',(11.3637709121951,35.56,-3.87622957417882));
#10772=CARTESIAN_POINT('Origin',(11.2262456641827,35.56,-3.73870432616648));
#10773=CARTESIAN_POINT('',(11.3637709121951,39.37,-3.87622957417882));
#10774=CARTESIAN_POINT('Origin',(11.2262456641827,39.37,-3.73870432616648));
#10775=CARTESIAN_POINT('',(11.3637709121951,39.37,-3.87622957417882));
#10776=CARTESIAN_POINT('Origin',(11.5012961602074,39.37,-4.01375482219116));
#10777=CARTESIAN_POINT('',(11.6555955076156,35.56,-4.13215287568498));
#10778=CARTESIAN_POINT('Origin',(11.5012961602074,35.56,-4.01375482219116));
#10779=CARTESIAN_POINT('',(11.6555955076156,39.37,-4.13215287568498));
#10780=CARTESIAN_POINT('Origin',(11.5012961602074,39.37,-4.01375482219116));
#10781=CARTESIAN_POINT('',(11.6555955076156,39.37,-4.13215287568498));
#10782=CARTESIAN_POINT('Origin',(11.8098948550237,39.37,-4.2505509291788));
#10783=CARTESIAN_POINT('',(11.9783281972137,35.56,-4.34779596463269));
#10784=CARTESIAN_POINT('Origin',(11.8098948550237,35.56,-4.2505509291788));
#10785=CARTESIAN_POINT('',(11.9783281972137,39.37,-4.34779596463269));
#10786=CARTESIAN_POINT('Origin',(11.8098948550237,39.37,-4.2505509291788));
#10787=CARTESIAN_POINT('',(11.9783281972137,39.37,-4.34779596463269));
#10788=CARTESIAN_POINT('Origin',(12.1467615394037,39.37,-4.44504100008657));
#10789=CARTESIAN_POINT('',(12.326446935192,35.56,-4.51946912798249));
#10790=CARTESIAN_POINT('Origin',(12.1467615394037,35.56,-4.44504100008657));
#10791=CARTESIAN_POINT('',(12.326446935192,39.37,-4.51946912798249));
#10792=CARTESIAN_POINT('Origin',(12.1467615394037,39.37,-4.44504100008657));
#10793=CARTESIAN_POINT('',(12.326446935192,39.37,-4.51946912798249));
#10794=CARTESIAN_POINT('Origin',(12.5061323309804,39.37,-4.5938972558784));
#10795=CARTESIAN_POINT('',(12.693995313427,35.56,-4.64423499031267));
#10796=CARTESIAN_POINT('Origin',(12.5061323309804,35.56,-4.5938972558784));
#10797=CARTESIAN_POINT('',(12.693995313427,39.37,-4.64423499031267));
#10798=CARTESIAN_POINT('Origin',(12.5061323309804,39.37,-4.5938972558784));
#10799=CARTESIAN_POINT('',(12.693995313427,39.37,-4.64423499031267));
#10800=CARTESIAN_POINT('Origin',(12.8818582958736,39.37,-4.69457272474695));
#10801=CARTESIAN_POINT('',(13.0746844772634,35.56,-4.71995877312714));
#10802=CARTESIAN_POINT('Origin',(12.8818582958736,35.56,-4.69457272474695));
#10803=CARTESIAN_POINT('',(13.0746844772634,39.37,-4.71995877312714));
#10804=CARTESIAN_POINT('Origin',(12.8818582958736,39.37,-4.69457272474695));
#10805=CARTESIAN_POINT('',(13.0746844772634,39.37,-4.71995877312714));
#10806=CARTESIAN_POINT('Origin',(13.2675106586531,39.37,-4.74534482150735));
#10807=CARTESIAN_POINT('',(13.4620007295609,35.56,-4.74534482150735));
#10808=CARTESIAN_POINT('Origin',(13.2675106586531,35.56,-4.74534482150735));
#10809=CARTESIAN_POINT('',(13.4620007295609,39.37,-4.74534482150735));
#10810=CARTESIAN_POINT('Origin',(13.2675106586531,39.37,-4.74534482150735));
#10811=CARTESIAN_POINT('',(13.4620007295609,39.37,-4.74534482150735));
#10812=CARTESIAN_POINT('Origin',(13.6564908004686,39.37,-4.74534482150734));
#10813=CARTESIAN_POINT('',(13.8493169818584,35.56,-4.71995877312715));
#10814=CARTESIAN_POINT('Origin',(13.6564908004686,35.56,-4.74534482150734));
#10815=CARTESIAN_POINT('',(13.8493169818584,39.37,-4.71995877312715));
#10816=CARTESIAN_POINT('Origin',(13.6564908004686,39.37,-4.74534482150734));
#10817=CARTESIAN_POINT('',(13.8493169818584,39.37,-4.71995877312715));
#10818=CARTESIAN_POINT('Origin',(14.0421431632481,39.37,-4.69457272474695));
#10819=CARTESIAN_POINT('',(14.2300061456947,35.56,-4.64423499031267));
#10820=CARTESIAN_POINT('Origin',(14.0421431632481,35.56,-4.69457272474695));
#10821=CARTESIAN_POINT('',(14.2300061456947,39.37,-4.64423499031267));
#10822=CARTESIAN_POINT('Origin',(14.0421431632481,39.37,-4.69457272474695));
#10823=CARTESIAN_POINT('',(14.2300061456947,39.37,-4.64423499031267));
#10824=CARTESIAN_POINT('Origin',(14.4178691281413,39.37,-4.5938972558784));
#10825=CARTESIAN_POINT('',(14.5975545239297,35.56,-4.51946912798249));
#10826=CARTESIAN_POINT('Origin',(14.4178691281413,35.56,-4.5938972558784));
#10827=CARTESIAN_POINT('',(14.5975545239297,39.37,-4.51946912798249));
#10828=CARTESIAN_POINT('Origin',(14.4178691281413,39.37,-4.5938972558784));
#10829=CARTESIAN_POINT('',(14.5975545239297,39.37,-4.51946912798249));
#10830=CARTESIAN_POINT('Origin',(14.777239919718,39.37,-4.44504100008657));
#10831=CARTESIAN_POINT('',(14.945673261908,35.56,-4.34779596463269));
#10832=CARTESIAN_POINT('Origin',(14.777239919718,35.56,-4.44504100008657));
#10833=CARTESIAN_POINT('',(14.945673261908,39.37,-4.34779596463269));
#10834=CARTESIAN_POINT('Origin',(14.777239919718,39.37,-4.44504100008657));
#10835=CARTESIAN_POINT('',(14.945673261908,39.37,-4.34779596463269));
#10836=CARTESIAN_POINT('Origin',(15.114106604098,39.37,-4.2505509291788));
#10837=CARTESIAN_POINT('',(15.2684059515061,35.56,-4.13215287568497));
#10838=CARTESIAN_POINT('Origin',(15.114106604098,35.56,-4.2505509291788));
#10839=CARTESIAN_POINT('',(15.2684059515061,39.37,-4.13215287568497));
#10840=CARTESIAN_POINT('Origin',(15.114106604098,39.37,-4.2505509291788));
#10841=CARTESIAN_POINT('',(15.2684059515061,39.37,-4.13215287568497));
#10842=CARTESIAN_POINT('Origin',(15.4227052989143,39.37,-4.01375482219116));
#10843=CARTESIAN_POINT('',(15.5602305469266,35.56,-3.87622957417882));
#10844=CARTESIAN_POINT('Origin',(15.4227052989143,35.56,-4.01375482219116));
#10845=CARTESIAN_POINT('',(15.5602305469266,39.37,-3.87622957417882));
#10846=CARTESIAN_POINT('Origin',(15.4227052989143,39.37,-4.01375482219116));
#10847=CARTESIAN_POINT('',(15.5602305469266,39.37,-3.87622957417882));
#10848=CARTESIAN_POINT('Origin',(15.697755794939,39.37,-3.73870432616648));
#10849=CARTESIAN_POINT('',(15.8161538484328,35.56,-3.58440497875832));
#10850=CARTESIAN_POINT('Origin',(15.697755794939,35.56,-3.73870432616648));
#10851=CARTESIAN_POINT('',(15.8161538484328,39.37,-3.58440497875832));
#10852=CARTESIAN_POINT('Origin',(15.697755794939,39.37,-3.73870432616648));
#10853=CARTESIAN_POINT('',(15.8161538484328,39.37,-3.58440497875832));
#10854=CARTESIAN_POINT('Origin',(15.9345519019266,39.37,-3.43010563135016));
#10855=CARTESIAN_POINT('',(16.0317969373805,35.56,-3.26167228916019));
#10856=CARTESIAN_POINT('Origin',(15.9345519019266,35.56,-3.43010563135016));
#10857=CARTESIAN_POINT('',(16.0317969373805,39.37,-3.26167228916019));
#10858=CARTESIAN_POINT('Origin',(15.9345519019266,39.37,-3.43010563135016));
#10859=CARTESIAN_POINT('',(16.0317969373805,39.37,-3.26167228916019));
#10860=CARTESIAN_POINT('Origin',(16.1290419728344,39.37,-3.09323894697022));
#10861=CARTESIAN_POINT('',(16.2034701007303,35.56,-2.91355355118186));
#10862=CARTESIAN_POINT('Origin',(16.1290419728344,35.56,-3.09323894697022));
#10863=CARTESIAN_POINT('',(16.2034701007303,39.37,-2.91355355118186));
#10864=CARTESIAN_POINT('Origin',(16.1290419728344,39.37,-3.09323894697022));
#10865=CARTESIAN_POINT('',(16.2034701007303,39.37,-2.91355355118186));
#10866=CARTESIAN_POINT('Origin',(16.2778982286262,39.37,-2.73386815539351));
#10867=CARTESIAN_POINT('',(16.3282359630605,35.56,-2.54600517294691));
#10868=CARTESIAN_POINT('Origin',(16.2778982286262,35.56,-2.73386815539351));
#10869=CARTESIAN_POINT('',(16.3282359630605,39.37,-2.54600517294691));
#10870=CARTESIAN_POINT('Origin',(16.2778982286262,39.37,-2.73386815539351));
#10871=CARTESIAN_POINT('',(16.3282359630605,39.37,-2.54600517294691));
#10872=CARTESIAN_POINT('Origin',(16.3785736974948,39.37,-2.35814219050029));
#10873=CARTESIAN_POINT('',(16.4039597458749,35.56,-2.16531600911055));
#10874=CARTESIAN_POINT('Origin',(16.3785736974948,35.56,-2.35814219050029));
#10875=CARTESIAN_POINT('',(16.4039597458749,39.37,-2.16531600911055));
#10876=CARTESIAN_POINT('Origin',(16.3785736974948,39.37,-2.35814219050029));
#10877=CARTESIAN_POINT('',(16.4039597458749,39.37,-2.16531600911055));
#10878=CARTESIAN_POINT('Origin',(16.4293457942551,39.37,-1.97248982772082));
#10879=CARTESIAN_POINT('',(16.4293457942551,35.56,-1.77799975681305));
#10880=CARTESIAN_POINT('Origin',(16.4293457942551,35.56,-1.97248982772082));
#10881=CARTESIAN_POINT('',(16.4293457942551,39.37,-1.77799975681305));
#10882=CARTESIAN_POINT('Origin',(16.4293457942551,39.37,-1.97248982772082));
#10883=CARTESIAN_POINT('',(16.4293457942551,39.37,-1.77799975681305));
#10884=CARTESIAN_POINT('Origin',(16.4293457942551,39.37,-1.58350968590528));
#10885=CARTESIAN_POINT('',(16.4039597458749,35.56,-1.39068350451554));
#10886=CARTESIAN_POINT('Origin',(16.4293457942551,35.56,-1.58350968590528));
#10887=CARTESIAN_POINT('',(16.4039597458749,39.37,-1.39068350451554));
#10888=CARTESIAN_POINT('Origin',(16.4293457942551,39.37,-1.58350968590528));
#10889=CARTESIAN_POINT('',(16.4039597458749,39.37,-1.39068350451554));
#10890=CARTESIAN_POINT('Origin',(16.3785736974947,39.37,-1.1978573231258));
#10891=CARTESIAN_POINT('',(16.3282359630605,35.56,-1.0099943406792));
#10892=CARTESIAN_POINT('Origin',(16.3785736974947,35.56,-1.1978573231258));
#10893=CARTESIAN_POINT('',(16.3282359630605,39.37,-1.0099943406792));
#10894=CARTESIAN_POINT('Origin',(16.3785736974947,39.37,-1.1978573231258));
#10895=CARTESIAN_POINT('',(16.3282359630605,39.37,-1.0099943406792));
#10896=CARTESIAN_POINT('Origin',(16.2778982286262,39.37,-0.822131358232583));
#10897=CARTESIAN_POINT('',(16.2034701007303,35.56,-0.64244596244422));
#10898=CARTESIAN_POINT('Origin',(16.2778982286262,35.56,-0.822131358232583));
#10899=CARTESIAN_POINT('',(16.2034701007303,39.37,-0.64244596244422));
#10900=CARTESIAN_POINT('Origin',(16.2778982286262,39.37,-0.822131358232583));
#10901=CARTESIAN_POINT('',(16.2034701007303,39.37,-0.64244596244422));
#10902=CARTESIAN_POINT('Origin',(16.1290419728344,39.37,-0.462760566655867));
#10903=CARTESIAN_POINT('',(16.0317969373805,35.56,-0.2943272244659));
#10904=CARTESIAN_POINT('Origin',(16.1290419728344,35.56,-0.462760566655867));
#10905=CARTESIAN_POINT('',(16.0317969373805,39.37,-0.2943272244659));
#10906=CARTESIAN_POINT('Origin',(16.1290419728344,39.37,-0.462760566655867));
#10907=CARTESIAN_POINT('',(16.0317969373805,39.37,-0.2943272244659));
#10908=CARTESIAN_POINT('Origin',(15.9345519019266,39.37,-0.125893882275931));
#10909=CARTESIAN_POINT('',(15.8161538484328,35.56,0.0284054651322285));
#10910=CARTESIAN_POINT('Origin',(15.9345519019266,35.56,-0.125893882275931));
#10911=CARTESIAN_POINT('',(15.8161538484328,39.37,0.0284054651322285));
#10912=CARTESIAN_POINT('Origin',(15.9345519019266,39.37,-0.125893882275931));
#10913=CARTESIAN_POINT('',(15.8161538484328,39.37,0.0284054651322285));
#10914=CARTESIAN_POINT('Origin',(15.697755794939,39.37,0.182704812540386));
#10915=CARTESIAN_POINT('',(15.5602305469266,35.56,0.320230060552722));
#10916=CARTESIAN_POINT('Origin',(15.697755794939,35.56,0.182704812540386));
#10917=CARTESIAN_POINT('',(15.5602305469266,39.37,0.320230060552722));
#10918=CARTESIAN_POINT('Origin',(15.697755794939,39.37,0.182704812540386));
#10919=CARTESIAN_POINT('',(15.5602305469266,39.37,0.320230060552722));
#10920=CARTESIAN_POINT('Origin',(15.4227052989143,39.37,0.457755308565062));
#10921=CARTESIAN_POINT('',(15.2684059515061,35.56,0.576153362058884));
#10922=CARTESIAN_POINT('Origin',(15.4227052989143,35.56,0.457755308565062));
#10923=CARTESIAN_POINT('',(15.2684059515061,39.37,0.576153362058884));
#10924=CARTESIAN_POINT('Origin',(15.4227052989143,39.37,0.457755308565062));
#10925=CARTESIAN_POINT('',(15.2684059515061,39.37,0.576153362058884));
#10926=CARTESIAN_POINT('Origin',(15.114106604098,39.37,0.694551415552702));
#10927=CARTESIAN_POINT('',(14.945673261908,35.56,0.791796451006587));
#10928=CARTESIAN_POINT('Origin',(15.114106604098,35.56,0.694551415552702));
#10929=CARTESIAN_POINT('',(14.945673261908,39.37,0.791796451006587));
#10930=CARTESIAN_POINT('Origin',(15.114106604098,39.37,0.694551415552702));
#10931=CARTESIAN_POINT('',(14.945673261908,39.37,0.791796451006587));
#10932=CARTESIAN_POINT('Origin',(14.777239919718,39.37,0.889041486460473));
#10933=CARTESIAN_POINT('',(14.5975545239297,35.56,0.963469614356389));
#10934=CARTESIAN_POINT('Origin',(14.777239919718,35.56,0.889041486460473));
#10935=CARTESIAN_POINT('',(14.5975545239297,39.37,0.963469614356389));
#10936=CARTESIAN_POINT('Origin',(14.777239919718,39.37,0.889041486460473));
#10937=CARTESIAN_POINT('',(14.5975545239297,39.37,0.963469614356389));
#10938=CARTESIAN_POINT('Origin',(14.4178691281413,39.37,1.03789774225231));
#10939=CARTESIAN_POINT('',(14.2300061456947,35.56,1.08823547668658));
#10940=CARTESIAN_POINT('Origin',(14.4178691281413,35.56,1.03789774225231));
#10941=CARTESIAN_POINT('',(14.2300061456947,39.37,1.08823547668658));
#10942=CARTESIAN_POINT('Origin',(14.4178691281413,39.37,1.03789774225231));
#10943=CARTESIAN_POINT('',(14.2300061456947,39.37,1.08823547668658));
#10944=CARTESIAN_POINT('Origin',(14.0421431632481,39.37,1.13857321112085));
#10945=CARTESIAN_POINT('',(13.8493169818584,35.56,1.16395925950105));
#10946=CARTESIAN_POINT('Origin',(14.0421431632481,35.56,1.13857321112085));
#10947=CARTESIAN_POINT('',(13.8493169818584,39.37,1.16395925950105));
#10948=CARTESIAN_POINT('Origin',(14.0421431632481,39.37,1.13857321112085));
#10949=CARTESIAN_POINT('',(13.8493169818584,39.37,1.16395925950105));
#10950=CARTESIAN_POINT('Origin',(13.6564908004686,39.37,1.18934530788124));
#10951=CARTESIAN_POINT('',(13.4620007295609,35.56,1.18934530788124));
#10952=CARTESIAN_POINT('Origin',(13.6564908004686,35.56,1.18934530788124));
#10953=CARTESIAN_POINT('',(13.4620007295609,39.37,1.18934530788124));
#10954=CARTESIAN_POINT('Origin',(13.6564908004686,39.37,1.18934530788124));
#10955=CARTESIAN_POINT('',(13.4620007295609,39.37,1.18934530788124));
#10956=CARTESIAN_POINT('Origin',(13.2675106586531,39.37,1.18934530788124));
#10957=CARTESIAN_POINT('',(13.0746844772633,35.56,1.16395925950104));
#10958=CARTESIAN_POINT('Origin',(13.2675106586531,35.56,1.18934530788124));
#10959=CARTESIAN_POINT('',(13.0746844772633,39.37,1.16395925950104));
#10960=CARTESIAN_POINT('Origin',(13.2675106586531,39.37,1.18934530788124));
#10961=CARTESIAN_POINT('',(13.0746844772633,39.37,1.16395925950104));
#10962=CARTESIAN_POINT('Origin',(12.8818582958736,39.37,1.13857321112085));
#10963=CARTESIAN_POINT('',(12.693995313427,35.56,1.08823547668657));
#10964=CARTESIAN_POINT('Origin',(12.8818582958736,35.56,1.13857321112085));
#10965=CARTESIAN_POINT('',(12.693995313427,39.37,1.08823547668657));
#10966=CARTESIAN_POINT('Origin',(12.8818582958736,39.37,1.13857321112085));
#10967=CARTESIAN_POINT('',(12.693995313427,39.37,1.08823547668657));
#10968=CARTESIAN_POINT('Origin',(12.5061323309804,39.37,1.0378977422523));
#10969=CARTESIAN_POINT('',(12.326446935192,35.56,0.963469614356385));
#10970=CARTESIAN_POINT('Origin',(12.5061323309804,35.56,1.0378977422523));
#10971=CARTESIAN_POINT('',(12.326446935192,39.37,0.963469614356385));
#10972=CARTESIAN_POINT('Origin',(12.5061323309804,39.37,1.0378977422523));
#10973=CARTESIAN_POINT('',(12.326446935192,39.37,0.963469614356385));
#10974=CARTESIAN_POINT('Origin',(12.1467615394037,39.37,0.889041486460473));
#10975=CARTESIAN_POINT('',(11.9783281972137,35.56,0.791796451006587));
#10976=CARTESIAN_POINT('Origin',(12.1467615394037,35.56,0.889041486460473));
#10977=CARTESIAN_POINT('',(11.9783281972137,39.37,0.791796451006587));
#10978=CARTESIAN_POINT('Origin',(12.1467615394037,39.37,0.889041486460473));
#10979=CARTESIAN_POINT('',(11.9783281972137,39.37,0.791796451006587));
#10980=CARTESIAN_POINT('Origin',(11.8098948550237,39.37,0.694551415552699));
#10981=CARTESIAN_POINT('',(11.6555955076156,35.56,0.576153362058875));
#10982=CARTESIAN_POINT('Origin',(11.8098948550237,35.56,0.694551415552699));
#10983=CARTESIAN_POINT('',(11.6555955076156,39.37,0.576153362058875));
#10984=CARTESIAN_POINT('Origin',(11.8098948550237,39.37,0.694551415552699));
#10985=CARTESIAN_POINT('',(11.6555955076156,39.37,0.576153362058875));
#10986=CARTESIAN_POINT('Origin',(11.5012961602074,39.37,0.457755308565058));
#10987=CARTESIAN_POINT('Origin',(11.5012961602074,35.56,0.457755308565058));
#10988=CARTESIAN_POINT('Origin',(11.5012961602074,39.37,0.457755308565058));
#10989=CARTESIAN_POINT('Origin',(13.4620007295609,39.37,-1.77799975681305));
#10990=CARTESIAN_POINT('Origin',(13.4620007295609,35.56,-1.77799975681305));
#10991=CARTESIAN_POINT('',(-14.1174684719655,1.27,6.4974682280533));
#10992=CARTESIAN_POINT('',(-14.1174684719655,1.27,-10.0534677416794));
#10993=CARTESIAN_POINT('',(21.7374687144272,1.27,6.4974682280533));
#10994=CARTESIAN_POINT('',(21.9619751174539,1.27,-10.2779741447061));
#10995=CARTESIAN_POINT('Origin',(-125.,28.,50.));
#10996=CARTESIAN_POINT('',(-125.,28.,50.));
#10997=CARTESIAN_POINT('',(-125.,8.,50.));
#10998=CARTESIAN_POINT('',(-125.,22.3487314653985,50.));
#10999=CARTESIAN_POINT('',(-125.,28.,30.));
#11000=CARTESIAN_POINT('',(-125.,28.,50.));
#11001=CARTESIAN_POINT('',(-125.,8.,30.));
#11002=CARTESIAN_POINT('',(-125.,28.,30.));
#11003=CARTESIAN_POINT('',(-125.,8.,50.));
#11004=CARTESIAN_POINT('Origin',(-165.,28.,50.));
#11005=CARTESIAN_POINT('',(-165.,28.,50.));
#11006=CARTESIAN_POINT('',(-154.985140597616,28.,50.));
#11007=CARTESIAN_POINT('',(-165.,28.,30.));
#11008=CARTESIAN_POINT('',(-165.,28.,50.));
#11009=CARTESIAN_POINT('',(-165.,28.,30.));
#11010=CARTESIAN_POINT('Origin',(-165.,8.,50.));
#11011=CARTESIAN_POINT('',(-165.,8.,50.));
#11012=CARTESIAN_POINT('',(-165.,12.3487314653985,50.));
#11013=CARTESIAN_POINT('',(-165.,8.,30.));
#11014=CARTESIAN_POINT('',(-165.,8.,50.));
#11015=CARTESIAN_POINT('',(-165.,8.,30.));
#11016=CARTESIAN_POINT('Origin',(-125.,8.,50.));
#11017=CARTESIAN_POINT('',(-134.985140597616,8.,50.));
#11018=CARTESIAN_POINT('',(-125.,8.,30.));
#11019=CARTESIAN_POINT('Origin',(-145.,18.,30.));
#11020=CARTESIAN_POINT('Origin',(-144.970281195232,16.6974629307969,0.));
#11021=CARTESIAN_POINT('',(-174.970281195232,16.6974629307969,50.));
#11022=CARTESIAN_POINT('Origin',(-144.970281195232,16.6974629307969,50.));
#11023=CARTESIAN_POINT('',(-174.970281195232,16.6974629307969,0.));
#11024=CARTESIAN_POINT('',(-174.970281195232,16.6974629307969,0.));
#11025=CARTESIAN_POINT('Origin',(-144.970281195232,16.6974629307969,0.));
#11026=CARTESIAN_POINT('Origin',(-144.970281195232,16.6974629307969,50.));
#11027=CARTESIAN_POINT('Origin',(-144.970281195232,16.6974629307969,0.));
#11028=CARTESIAN_POINT('',(-149.064000121231,16.222000243187,25.));
#11029=UNCERTAINTY_MEASURE_WITH_UNIT(LENGTH_MEASURE(0.01),#11037,
'DISTANCE_ACCURACY_VALUE',
'Maximum model space distance between geometric entities at asserted c
onnectivities');
#11030=UNCERTAINTY_MEASURE_WITH_UNIT(LENGTH_MEASURE(0.01),#11037,
'DISTANCE_ACCURACY_VALUE',
'Maximum model space distance between geometric entities at asserted c
onnectivities');
#11031=UNCERTAINTY_MEASURE_WITH_UNIT(LENGTH_MEASURE(0.01),#11037,
'DISTANCE_ACCURACY_VALUE',
'Maximum model space distance between geometric entities at asserted c
onnectivities');
#11032=UNCERTAINTY_MEASURE_WITH_UNIT(LENGTH_MEASURE(0.01),#11037,
'DISTANCE_ACCURACY_VALUE',
'Maximum model space distance between geometric entities at asserted c
onnectivities');
#11033=(
GEOMETRIC_REPRESENTATION_CONTEXT(3)
GLOBAL_UNCERTAINTY_ASSIGNED_CONTEXT((#11029))
GLOBAL_UNIT_ASSIGNED_CONTEXT((#11037,#11039,#11040))
REPRESENTATION_CONTEXT('','3D')
);
#11034=(
GEOMETRIC_REPRESENTATION_CONTEXT(3)
GLOBAL_UNCERTAINTY_ASSIGNED_CONTEXT((#11030))
GLOBAL_UNIT_ASSIGNED_CONTEXT((#11037,#11039,#11040))
REPRESENTATION_CONTEXT('','3D')
);
#11035=(
GEOMETRIC_REPRESENTATION_CONTEXT(3)
GLOBAL_UNCERTAINTY_ASSIGNED_CONTEXT((#11031))
GLOBAL_UNIT_ASSIGNED_CONTEXT((#11037,#11039,#11040))
REPRESENTATION_CONTEXT('','3D')
);
#11036=(
GEOMETRIC_REPRESENTATION_CONTEXT(3)
GLOBAL_UNCERTAINTY_ASSIGNED_CONTEXT((#11032))
GLOBAL_UNIT_ASSIGNED_CONTEXT((#11037,#11039,#11040))
REPRESENTATION_CONTEXT('','3D')
);
#11037=(
LENGTH_UNIT()
NAMED_UNIT(*)
SI_UNIT(.MILLI.,.METRE.)
);
#11038=(
LENGTH_UNIT()
NAMED_UNIT(*)
SI_UNIT($,.METRE.)
);
#11039=(
NAMED_UNIT(*)
PLANE_ANGLE_UNIT()
SI_UNIT($,.RADIAN.)
);
#11040=(
NAMED_UNIT(*)
SI_UNIT($,.STERADIAN.)
SOLID_ANGLE_UNIT()
);
#11041=SHAPE_DEFINITION_REPRESENTATION(#11044,#11052);
#11042=SHAPE_DEFINITION_REPRESENTATION(#11045,#11053);
#11043=SHAPE_DEFINITION_REPRESENTATION(#11046,#11054);
#11044=PRODUCT_DEFINITION_SHAPE('',$,#11056);
#11045=PRODUCT_DEFINITION_SHAPE('',$,#11057);
#11046=PRODUCT_DEFINITION_SHAPE('',$,#11058);
#11047=PRODUCT_DEFINITION_SHAPE($,$,#26);
#11048=PRODUCT_DEFINITION_SHAPE($,$,#27);
#11049=PRODUCT_DEFINITION_SHAPE($,$,#28);
#11050=PRODUCT_DEFINITION_SHAPE($,$,#29);
#11051=PRODUCT_DEFINITION_SHAPE($,$,#30);
#11052=SHAPE_REPRESENTATION('',(#4567,#5026),#11033);
#11053=SHAPE_REPRESENTATION('',(#4568,#5012,#5013,#5014,#5015),#11034);
#11054=SHAPE_REPRESENTATION('',(#4569),#11035);
#11055=PRODUCT_DEFINITION_CONTEXT('part definition',#11066,'design');
#11056=PRODUCT_DEFINITION('2026-09-19-22-04-22-366','AgriRover_ArmBase',
#11059,#11055);
#11057=PRODUCT_DEFINITION('2026-03-21-05-20-27-896',
'Servo_Standard.011dc887-81a2-42f3-b0f8-fbcaafb0c6c9',#11060,#11055);
#11058=PRODUCT_DEFINITION('2026-03-21-05-20-27-897','96817A787',#11061,
#11055);
#11059=PRODUCT_DEFINITION_FORMATION('',$,#11068);
#11060=PRODUCT_DEFINITION_FORMATION('',$,#11069);
#11061=PRODUCT_DEFINITION_FORMATION('',$,#11070);
#11062=PRODUCT_RELATED_PRODUCT_CATEGORY('AgriRover_ArmBase',
'AgriRover_ArmBase',(#11068));
#11063=PRODUCT_RELATED_PRODUCT_CATEGORY(
'Servo_Standard.011dc887-81a2-42f3-b0f8-fbcaafb0c6c9',
'Servo_Standard.011dc887-81a2-42f3-b0f8-fbcaafb0c6c9',(#11069));
#11064=PRODUCT_RELATED_PRODUCT_CATEGORY('96817A787','96817A787',(#11070));
#11065=APPLICATION_PROTOCOL_DEFINITION('international standard',
'automotive_design',2009,#11066);
#11066=APPLICATION_CONTEXT(
'Core Data for Automotive Mechanical Design Process');
#11067=PRODUCT_CONTEXT('part definition',#11066,'mechanical');
#11068=PRODUCT('2026-09-19-22-04-22-366','AgriRover_ArmBase',$,(#11067));
#11069=PRODUCT('2026-03-21-05-20-27-896',
'Servo_Standard.011dc887-81a2-42f3-b0f8-fbcaafb0c6c9',$,(#11067));
#11070=PRODUCT('2026-03-21-05-20-27-897','96817A787',
'Thread-Forming Screw for Thin Plastic, 18-8 Stainless Steel, M1.4 Thr
ead Size, 6mm Length',(#11067));
#11071=PRESENTATION_STYLE_ASSIGNMENT((#11077));
#11072=PRESENTATION_STYLE_ASSIGNMENT((#11078));
#11073=PRESENTATION_STYLE_ASSIGNMENT((#11079));
#11074=PRESENTATION_STYLE_ASSIGNMENT((#11080));
#11075=PRESENTATION_STYLE_ASSIGNMENT((#11081));
#11076=PRESENTATION_STYLE_ASSIGNMENT((#11082));
#11077=SURFACE_STYLE_USAGE(.BOTH.,#11083);
#11078=SURFACE_STYLE_USAGE(.BOTH.,#11084);
#11079=SURFACE_STYLE_USAGE(.BOTH.,#11085);
#11080=SURFACE_STYLE_USAGE(.BOTH.,#11086);
#11081=SURFACE_STYLE_USAGE(.BOTH.,#11087);
#11082=SURFACE_STYLE_USAGE(.BOTH.,#11088);
#11083=SURFACE_SIDE_STYLE('',(#11089));
#11084=SURFACE_SIDE_STYLE('',(#11090));
#11085=SURFACE_SIDE_STYLE('',(#11091));
#11086=SURFACE_SIDE_STYLE('',(#11092));
#11087=SURFACE_SIDE_STYLE('',(#11093));
#11088=SURFACE_SIDE_STYLE('',(#11094));
#11089=SURFACE_STYLE_FILL_AREA(#11095);
#11090=SURFACE_STYLE_FILL_AREA(#11096);
#11091=SURFACE_STYLE_FILL_AREA(#11097);
#11092=SURFACE_STYLE_FILL_AREA(#11098);
#11093=SURFACE_STYLE_FILL_AREA(#11099);
#11094=SURFACE_STYLE_FILL_AREA(#11100);
#11095=FILL_AREA_STYLE('Steel - Satin',(#11101));
#11096=FILL_AREA_STYLE('Plastic - Glossy (Black)',(#11102));
#11097=FILL_AREA_STYLE('Plastic - Glossy (Yellow)',(#11103));
#11098=FILL_AREA_STYLE('Plastic - Glossy (Red)',(#11104));
#11099=FILL_AREA_STYLE('Plastic - Matte (Black)',(#11105));
#11100=FILL_AREA_STYLE('Plastic - Glossy (White)',(#11106));
#11101=FILL_AREA_STYLE_COLOUR('Steel - Satin',#11107);
#11102=FILL_AREA_STYLE_COLOUR('Plastic - Glossy (Black)',#11108);
#11103=FILL_AREA_STYLE_COLOUR('Plastic - Glossy (Yellow)',#11109);
#11104=FILL_AREA_STYLE_COLOUR('Plastic - Glossy (Red)',#11110);
#11105=FILL_AREA_STYLE_COLOUR('Plastic - Matte (Black)',#11111);
#11106=FILL_AREA_STYLE_COLOUR('Plastic - Glossy (White)',#11112);
#11107=COLOUR_RGB('Steel - Satin',0.627450980392157,0.627450980392157,0.627450980392157);
#11108=COLOUR_RGB('Plastic - Glossy (Black)',0.0980392156862745,0.0980392156862745,
0.0980392156862745);
#11109=COLOUR_RGB('Plastic - Glossy (Yellow)',0.909803921568627,0.67843137254902,
0.137254901960784);
#11110=COLOUR_RGB('Plastic - Glossy (Red)',0.768627450980392,0.207843137254902,
0.152941176470588);
#11111=COLOUR_RGB('Plastic - Matte (Black)',0.0980392156862745,0.0980392156862745,
0.0980392156862745);
#11112=COLOUR_RGB('Plastic - Glossy (White)',0.964705882352941,0.964705882352941,
0.952941176470588);
ENDSEC;
END-ISO-10303-21;
