ISO-10303-21;
HEADER;
/* Generated by software containing ST-Developer
 * from STEP Tools, Inc. (www.steptools.com) 
 */

FILE_DESCRIPTION(
/* description */ (''),
/* implementation_level */ '2;1');

FILE_NAME(
/* name */ 'AgriRover_Armforelink.step',
/* time_stamp */ '2026-09-20T17:13:05+05:30',
/* author */ (''),
/* organization */ (''),
/* preprocessor_version */ 'ST-DEVELOPER v20.1',
/* originating_system */ 'Autodesk Translation Framework v15.8.0.0',
/* authorisation */ '');

FILE_SCHEMA (('AUTOMOTIVE_DESIGN { 1 0 10303 214 3 1 1 }'));
ENDSEC;

DATA;
#10=MECHANICAL_DESIGN_GEOMETRIC_PRESENTATION_REPRESENTATION('',(#13),#2877);
#11=SHAPE_REPRESENTATION_RELATIONSHIP('SRR','None',#2884,#12);
#12=ADVANCED_BREP_SHAPE_REPRESENTATION('',(#14),#2876);
#13=STYLED_ITEM('',(#2893),#14);
#14=MANIFOLD_SOLID_BREP('Body1',#1395);
#15=B_SPLINE_SURFACE_WITH_KNOTS('',3,3,((#2223,#2224,#2225,#2226,#2227,
#2228,#2229,#2230,#2231,#2232,#2233),(#2234,#2235,#2236,#2237,#2238,#2239,
#2240,#2241,#2242,#2243,#2244),(#2245,#2246,#2247,#2248,#2249,#2250,#2251,
#2252,#2253,#2254,#2255),(#2256,#2257,#2258,#2259,#2260,#2261,#2262,#2263,
#2264,#2265,#2266),(#2267,#2268,#2269,#2270,#2271,#2272,#2273,#2274,#2275,
#2276,#2277),(#2278,#2279,#2280,#2281,#2282,#2283,#2284,#2285,#2286,#2287,
#2288),(#2289,#2290,#2291,#2292,#2293,#2294,#2295,#2296,#2297,#2298,#2299),
(#2300,#2301,#2302,#2303,#2304,#2305,#2306,#2307,#2308,#2309,#2310),(#2311,
#2312,#2313,#2314,#2315,#2316,#2317,#2318,#2319,#2320,#2321)),
 .UNSPECIFIED.,.F.,.F.,.F.,(4,1,1,1,1,1,4),(4,1,1,1,1,1,1,1,4),(0.,0.142857142857143,
0.285714285714286,0.428571428571429,0.571428571428571,0.857142857142857,
1.),(1.03022483910305E-15,1.42857137410455,1.78571421763069,2.8571427482091,
5.71428549641819,7.14285687052274,7.85714255757501,8.57142824462729,9.99999961873183),
 .UNSPECIFIED.);
#16=B_SPLINE_SURFACE_WITH_KNOTS('',3,3,((#2353,#2354,#2355,#2356,#2357,
#2358,#2359,#2360,#2361,#2362,#2363,#2364,#2365,#2366),(#2367,#2368,#2369,
#2370,#2371,#2372,#2373,#2374,#2375,#2376,#2377,#2378,#2379,#2380),(#2381,
#2382,#2383,#2384,#2385,#2386,#2387,#2388,#2389,#2390,#2391,#2392,#2393,
#2394),(#2395,#2396,#2397,#2398,#2399,#2400,#2401,#2402,#2403,#2404,#2405,
#2406,#2407,#2408),(#2409,#2410,#2411,#2412,#2413,#2414,#2415,#2416,#2417,
#2418,#2419,#2420,#2421,#2422),(#2423,#2424,#2425,#2426,#2427,#2428,#2429,
#2430,#2431,#2432,#2433,#2434,#2435,#2436),(#2437,#2438,#2439,#2440,#2441,
#2442,#2443,#2444,#2445,#2446,#2447,#2448,#2449,#2450),(#2451,#2452,#2453,
#2454,#2455,#2456,#2457,#2458,#2459,#2460,#2461,#2462,#2463,#2464),(#2465,
#2466,#2467,#2468,#2469,#2470,#2471,#2472,#2473,#2474,#2475,#2476,#2477,
#2478)),.UNSPECIFIED.,.F.,.F.,.F.,(4,1,1,1,1,1,4),(4,1,1,1,1,1,1,1,1,1,
1,4),(0.,0.142857142857143,0.285714285714286,0.428571428571429,0.571428571428571,
0.857142857142857,1.),(9.99999939674927,10.5146455573288,11.0292917179083,
11.5439378784878,11.8012609587775,12.0585840390673,12.315907119357,12.5732301996468,
12.8305532799365,13.0878763602263,13.2165379003711,13.6025225208058),
 .UNSPECIFIED.);
#17=B_SPLINE_SURFACE_WITH_KNOTS('',3,3,((#2517,#2518,#2519,#2520,#2521,
#2522,#2523,#2524,#2525,#2526,#2527),(#2528,#2529,#2530,#2531,#2532,#2533,
#2534,#2535,#2536,#2537,#2538),(#2539,#2540,#2541,#2542,#2543,#2544,#2545,
#2546,#2547,#2548,#2549),(#2550,#2551,#2552,#2553,#2554,#2555,#2556,#2557,
#2558,#2559,#2560),(#2561,#2562,#2563,#2564,#2565,#2566,#2567,#2568,#2569,
#2570,#2571),(#2572,#2573,#2574,#2575,#2576,#2577,#2578,#2579,#2580,#2581,
#2582),(#2583,#2584,#2585,#2586,#2587,#2588,#2589,#2590,#2591,#2592,#2593),
(#2594,#2595,#2596,#2597,#2598,#2599,#2600,#2601,#2602,#2603,#2604),(#2605,
#2606,#2607,#2608,#2609,#2610,#2611,#2612,#2613,#2614,#2615)),
 .UNSPECIFIED.,.F.,.F.,.F.,(4,1,1,1,1,1,4),(4,1,1,1,1,1,1,1,4),(0.,0.142857142857143,
0.285714285714286,0.428571428571429,0.571428571428571,0.857142857142857,
1.),(13.6025225208058,15.0310938087315,15.3882366307129,16.4596650966572,
17.8882363845829,20.7453789604344,21.4596646043973,22.1739502483601,23.6025215362859),
 .UNSPECIFIED.);
#18=B_SPLINE_SURFACE_WITH_KNOTS('',3,3,((#2637,#2638,#2639,#2640,#2641,
#2642,#2643,#2644,#2645,#2646),(#2647,#2648,#2649,#2650,#2651,#2652,#2653,
#2654,#2655,#2656),(#2657,#2658,#2659,#2660,#2661,#2662,#2663,#2664,#2665,
#2666),(#2667,#2668,#2669,#2670,#2671,#2672,#2673,#2674,#2675,#2676),(#2677,
#2678,#2679,#2680,#2681,#2682,#2683,#2684,#2685,#2686),(#2687,#2688,#2689,
#2690,#2691,#2692,#2693,#2694,#2695,#2696),(#2697,#2698,#2699,#2700,#2701,
#2702,#2703,#2704,#2705,#2706),(#2707,#2708,#2709,#2710,#2711,#2712,#2713,
#2714,#2715,#2716),(#2717,#2718,#2719,#2720,#2721,#2722,#2723,#2724,#2725,
#2726)),.UNSPECIFIED.,.F.,.F.,.F.,(4,1,1,1,1,1,4),(4,1,1,1,1,1,1,4),(0.,
0.142857142857143,0.285714285714286,0.428571428571429,0.571428571428571,
0.857142857142857,1.),(23.6025213143032,24.1171673887042,24.6318134631051,
25.1464595375061,25.6611056119071,26.175751686308,26.690397760709,27.2050438351099),
 .UNSPECIFIED.);
#19=TOROIDAL_SURFACE('',#1461,11.5,1.);
#20=TOROIDAL_SURFACE('',#1468,11.5,1.);
#21=B_SPLINE_CURVE_WITH_KNOTS('',3,(#2081,#2082,#2083,#2084,#2085,#2086,
#2087,#2088,#2089,#2090,#2091),.UNSPECIFIED.,.F.,.F.,(4,1,1,1,1,1,1,1,4),
(1.03022483910305E-15,1.42857137410455,1.78571421763069,2.8571427482091,
5.71428549641819,7.14285687052274,7.85714255757501,8.57142824462729,9.99999917476672),
 .UNSPECIFIED.);
#22=B_SPLINE_CURVE_WITH_KNOTS('',3,(#2128,#2129,#2130,#2131,#2132,#2133,
#2134,#2135,#2136,#2137,#2138),.UNSPECIFIED.,.F.,.F.,(4,1,1,1,1,1,1,1,4),
(13.6025225208058,15.0310938087315,15.3882366307129,16.4596650966572,17.8882363845829,
20.7453789604344,21.4596646043973,22.1739502483601,23.6025210923206),
 .UNSPECIFIED.);
#23=B_SPLINE_CURVE_WITH_KNOTS('',3,(#2323,#2324,#2325,#2326,#2327,#2328,
#2329,#2330,#2331),.UNSPECIFIED.,.F.,.F.,(4,1,1,1,1,1,4),(0.,0.142857142857143,
0.285714285714286,0.428571428571429,0.571428571428571,0.857142857142857,
1.),.UNSPECIFIED.);
#24=B_SPLINE_CURVE_WITH_KNOTS('',3,(#2333,#2334,#2335,#2336,#2337,#2338,
#2339,#2340,#2341),.UNSPECIFIED.,.F.,.F.,(4,1,1,1,1,1,4),(-1.,-0.857142857142857,
-0.571428571428571,-0.428571428571429,-0.285714285714286,-0.142857142857143,
0.),.UNSPECIFIED.);
#25=B_SPLINE_CURVE_WITH_KNOTS('',3,(#2342,#2343,#2344,#2345,#2346,#2347,
#2348,#2349,#2350,#2351,#2352),.UNSPECIFIED.,.F.,.F.,(4,1,1,1,1,1,1,1,4),
(-9.99999917476672,-8.57142824462729,-7.85714255757501,-7.14285687052274,
-5.71428549641819,-2.8571427482091,-1.78571421763069,-1.42857137410455,
-1.03022483910305E-15),.UNSPECIFIED.);
#26=B_SPLINE_CURVE_WITH_KNOTS('',3,(#2480,#2481,#2482,#2483,#2484,#2485,
#2486,#2487,#2488),.UNSPECIFIED.,.F.,.F.,(4,1,1,1,1,1,4),(-1.,-0.857142857142857,
-0.571428571428571,-0.428571428571429,-0.285714285714286,-0.142857142857143,
0.),.UNSPECIFIED.);
#27=B_SPLINE_CURVE_WITH_KNOTS('',3,(#2489,#2490,#2491,#2492,#2493,#2494,
#2495,#2496,#2497,#2498,#2499,#2500,#2501,#2502),.UNSPECIFIED.,.F.,.F.,
(4,1,1,1,1,1,1,1,1,1,1,4),(-13.6025225208058,-13.2165379003711,-13.0878763602263,
-12.8305532799365,-12.5732301996468,-12.315907119357,-12.0585840390673,
-11.8012609587775,-11.5439378784878,-11.0292917179083,-10.5146455573288,
-9.99999939674927),.UNSPECIFIED.);
#28=B_SPLINE_CURVE_WITH_KNOTS('',3,(#2503,#2504,#2505,#2506,#2507,#2508,
#2509,#2510,#2511,#2512,#2513,#2514,#2515,#2516),.UNSPECIFIED.,.F.,.F.,
(4,1,1,1,1,1,1,1,1,1,1,4),(9.99999939674927,10.5146455573288,11.0292917179083,
11.5439378784878,11.8012609587775,12.0585840390673,12.315907119357,12.5732301996468,
12.8305532799365,13.0878763602263,13.2165379003711,13.6025225208058),
 .UNSPECIFIED.);
#29=B_SPLINE_CURVE_WITH_KNOTS('',3,(#2617,#2618,#2619,#2620,#2621,#2622,
#2623,#2624,#2625),.UNSPECIFIED.,.F.,.F.,(4,1,1,1,1,1,4),(-1.,-0.857142857142857,
-0.571428571428571,-0.428571428571429,-0.285714285714286,-0.142857142857143,
0.),.UNSPECIFIED.);
#30=B_SPLINE_CURVE_WITH_KNOTS('',3,(#2626,#2627,#2628,#2629,#2630,#2631,
#2632,#2633,#2634,#2635,#2636),.UNSPECIFIED.,.F.,.F.,(4,1,1,1,1,1,1,1,4),
(-23.6025210923206,-22.1739502483601,-21.4596646043973,-20.7453789604344,
-17.8882363845829,-16.4596650966572,-15.3882366307129,-15.0310938087315,
-13.6025225208058),.UNSPECIFIED.);
#31=B_SPLINE_CURVE_WITH_KNOTS('',3,(#2727,#2728,#2729,#2730,#2731,#2732,
#2733,#2734,#2735,#2736),.UNSPECIFIED.,.F.,.F.,(4,1,1,1,1,1,1,4),(-27.2050438351099,
-26.690397760709,-26.175751686308,-25.6611056119071,-25.1464595375061,-24.6318134631051,
-24.1171673887042,-23.6025213143032),.UNSPECIFIED.);
#32=B_SPLINE_CURVE_WITH_KNOTS('',3,(#2737,#2738,#2739,#2740,#2741,#2742,
#2743,#2744,#2745,#2746),.UNSPECIFIED.,.F.,.F.,(4,1,1,1,1,1,1,4),(23.6025213143032,
24.1171673887042,24.6318134631051,25.1464595375061,25.6611056119071,26.175751686308,
26.690397760709,27.2050438351099),.UNSPECIFIED.);
#33=FACE_BOUND('',#217,.T.);
#34=FACE_BOUND('',#218,.T.);
#35=FACE_BOUND('',#221,.T.);
#36=FACE_BOUND('',#222,.T.);
#37=FACE_BOUND('',#229,.T.);
#38=FACE_BOUND('',#232,.T.);
#39=FACE_BOUND('',#247,.T.);
#40=FACE_BOUND('',#248,.T.);
#41=FACE_BOUND('',#249,.T.);
#42=FACE_BOUND('',#250,.T.);
#43=FACE_BOUND('',#257,.T.);
#44=FACE_BOUND('',#258,.T.);
#45=FACE_BOUND('',#259,.T.);
#46=FACE_BOUND('',#260,.T.);
#47=FACE_BOUND('',#298,.T.);
#48=FACE_BOUND('',#300,.T.);
#49=FACE_BOUND('',#302,.T.);
#50=FACE_BOUND('',#305,.T.);
#51=CIRCLE('',#1413,3.);
#52=CIRCLE('',#1414,3.);
#53=CIRCLE('',#1415,3.);
#54=CIRCLE('',#1416,3.);
#55=CIRCLE('',#1417,3.);
#56=CIRCLE('',#1418,3.);
#57=CIRCLE('',#1419,3.);
#58=CIRCLE('',#1420,3.);
#59=CIRCLE('',#1425,3.);
#60=CIRCLE('',#1426,3.);
#61=CIRCLE('',#1427,3.);
#62=CIRCLE('',#1428,3.);
#63=CIRCLE('',#1429,3.);
#64=CIRCLE('',#1430,3.);
#65=CIRCLE('',#1431,3.);
#66=CIRCLE('',#1432,3.);
#67=CIRCLE('',#1440,1.);
#68=CIRCLE('',#1441,1.);
#69=CIRCLE('',#1444,1.);
#70=CIRCLE('',#1445,1.);
#71=CIRCLE('',#1453,1.);
#72=CIRCLE('',#1454,1.);
#73=CIRCLE('',#1459,1.);
#74=CIRCLE('',#1460,1.);
#75=CIRCLE('',#1462,0.999999999999996);
#76=CIRCLE('',#1463,11.5);
#77=CIRCLE('',#1464,1.);
#78=CIRCLE('',#1465,12.5);
#79=CIRCLE('',#1467,1.);
#80=CIRCLE('',#1469,1.);
#81=CIRCLE('',#1470,12.5);
#82=CIRCLE('',#1471,11.5);
#83=CIRCLE('',#1474,12.5);
#84=CIRCLE('',#1476,3.);
#85=CIRCLE('',#1477,3.00000000000001);
#86=CIRCLE('',#1478,3.);
#87=CIRCLE('',#1479,3.);
#88=CIRCLE('',#1480,3.);
#89=CIRCLE('',#1481,3.);
#90=CIRCLE('',#1482,3.);
#91=CIRCLE('',#1483,3.);
#92=CIRCLE('',#1484,3.);
#93=CIRCLE('',#1485,3.);
#94=CIRCLE('',#1487,12.5);
#95=CIRCLE('',#1489,3.);
#96=CIRCLE('',#1490,3.00000000000001);
#97=CIRCLE('',#1491,3.);
#98=CIRCLE('',#1492,3.);
#99=CIRCLE('',#1493,3.);
#100=CIRCLE('',#1494,3.);
#101=CIRCLE('',#1495,3.);
#102=CIRCLE('',#1496,3.);
#103=CIRCLE('',#1497,3.);
#104=CIRCLE('',#1498,3.);
#105=CIRCLE('',#1532,3.00000000000001);
#106=CIRCLE('',#1534,3.00000000000001);
#107=CIRCLE('',#1536,3.);
#108=CIRCLE('',#1538,3.);
#109=CIRCLE('',#1542,12.5);
#110=CIRCLE('',#1545,12.5);
#111=PLANE('',#1412);
#112=PLANE('',#1424);
#113=PLANE('',#1442);
#114=PLANE('',#1446);
#115=PLANE('',#1448);
#116=PLANE('',#1450);
#117=PLANE('',#1455);
#118=PLANE('',#1457);
#119=PLANE('',#1475);
#120=PLANE('',#1488);
#121=PLANE('',#1500);
#122=PLANE('',#1502);
#123=PLANE('',#1504);
#124=PLANE('',#1506);
#125=PLANE('',#1508);
#126=PLANE('',#1510);
#127=PLANE('',#1512);
#128=PLANE('',#1514);
#129=PLANE('',#1516);
#130=PLANE('',#1518);
#131=PLANE('',#1520);
#132=PLANE('',#1522);
#133=PLANE('',#1524);
#134=PLANE('',#1526);
#135=PLANE('',#1528);
#136=PLANE('',#1530);
#137=PLANE('',#1539);
#138=PLANE('',#1540);
#139=PLANE('',#1541);
#140=PLANE('',#1544);
#141=FACE_OUTER_BOUND('',#215,.T.);
#142=FACE_OUTER_BOUND('',#216,.T.);
#143=FACE_OUTER_BOUND('',#219,.T.);
#144=FACE_OUTER_BOUND('',#220,.T.);
#145=FACE_OUTER_BOUND('',#223,.T.);
#146=FACE_OUTER_BOUND('',#224,.T.);
#147=FACE_OUTER_BOUND('',#225,.T.);
#148=FACE_OUTER_BOUND('',#226,.T.);
#149=FACE_OUTER_BOUND('',#227,.T.);
#150=FACE_OUTER_BOUND('',#228,.T.);
#151=FACE_OUTER_BOUND('',#230,.T.);
#152=FACE_OUTER_BOUND('',#231,.T.);
#153=FACE_OUTER_BOUND('',#233,.T.);
#154=FACE_OUTER_BOUND('',#234,.T.);
#155=FACE_OUTER_BOUND('',#235,.T.);
#156=FACE_OUTER_BOUND('',#236,.T.);
#157=FACE_OUTER_BOUND('',#237,.T.);
#158=FACE_OUTER_BOUND('',#238,.T.);
#159=FACE_OUTER_BOUND('',#239,.T.);
#160=FACE_OUTER_BOUND('',#240,.T.);
#161=FACE_OUTER_BOUND('',#241,.T.);
#162=FACE_OUTER_BOUND('',#242,.T.);
#163=FACE_OUTER_BOUND('',#243,.T.);
#164=FACE_OUTER_BOUND('',#244,.T.);
#165=FACE_OUTER_BOUND('',#245,.T.);
#166=FACE_OUTER_BOUND('',#246,.T.);
#167=FACE_OUTER_BOUND('',#251,.T.);
#168=FACE_OUTER_BOUND('',#252,.T.);
#169=FACE_OUTER_BOUND('',#253,.T.);
#170=FACE_OUTER_BOUND('',#254,.T.);
#171=FACE_OUTER_BOUND('',#255,.T.);
#172=FACE_OUTER_BOUND('',#256,.T.);
#173=FACE_OUTER_BOUND('',#261,.T.);
#174=FACE_OUTER_BOUND('',#262,.T.);
#175=FACE_OUTER_BOUND('',#263,.T.);
#176=FACE_OUTER_BOUND('',#264,.T.);
#177=FACE_OUTER_BOUND('',#265,.T.);
#178=FACE_OUTER_BOUND('',#266,.T.);
#179=FACE_OUTER_BOUND('',#267,.T.);
#180=FACE_OUTER_BOUND('',#268,.T.);
#181=FACE_OUTER_BOUND('',#269,.T.);
#182=FACE_OUTER_BOUND('',#270,.T.);
#183=FACE_OUTER_BOUND('',#271,.T.);
#184=FACE_OUTER_BOUND('',#272,.T.);
#185=FACE_OUTER_BOUND('',#273,.T.);
#186=FACE_OUTER_BOUND('',#274,.T.);
#187=FACE_OUTER_BOUND('',#275,.T.);
#188=FACE_OUTER_BOUND('',#276,.T.);
#189=FACE_OUTER_BOUND('',#277,.T.);
#190=FACE_OUTER_BOUND('',#278,.T.);
#191=FACE_OUTER_BOUND('',#279,.T.);
#192=FACE_OUTER_BOUND('',#280,.T.);
#193=FACE_OUTER_BOUND('',#281,.T.);
#194=FACE_OUTER_BOUND('',#282,.T.);
#195=FACE_OUTER_BOUND('',#283,.T.);
#196=FACE_OUTER_BOUND('',#284,.T.);
#197=FACE_OUTER_BOUND('',#285,.T.);
#198=FACE_OUTER_BOUND('',#286,.T.);
#199=FACE_OUTER_BOUND('',#287,.T.);
#200=FACE_OUTER_BOUND('',#288,.T.);
#201=FACE_OUTER_BOUND('',#289,.T.);
#202=FACE_OUTER_BOUND('',#290,.T.);
#203=FACE_OUTER_BOUND('',#291,.T.);
#204=FACE_OUTER_BOUND('',#292,.T.);
#205=FACE_OUTER_BOUND('',#293,.T.);
#206=FACE_OUTER_BOUND('',#294,.T.);
#207=FACE_OUTER_BOUND('',#295,.T.);
#208=FACE_OUTER_BOUND('',#296,.T.);
#209=FACE_OUTER_BOUND('',#297,.T.);
#210=FACE_OUTER_BOUND('',#299,.T.);
#211=FACE_OUTER_BOUND('',#301,.T.);
#212=FACE_OUTER_BOUND('',#303,.T.);
#213=FACE_OUTER_BOUND('',#304,.T.);
#214=FACE_OUTER_BOUND('',#306,.T.);
#215=EDGE_LOOP('',(#883,#884,#885,#886));
#216=EDGE_LOOP('',(#887,#888,#889,#890));
#217=EDGE_LOOP('',(#891,#892,#893,#894,#895,#896,#897,#898));
#218=EDGE_LOOP('',(#899,#900,#901,#902,#903,#904,#905,#906));
#219=EDGE_LOOP('',(#907,#908,#909,#910));
#220=EDGE_LOOP('',(#911,#912,#913,#914));
#221=EDGE_LOOP('',(#915,#916,#917,#918,#919,#920,#921,#922));
#222=EDGE_LOOP('',(#923,#924,#925,#926,#927,#928,#929,#930));
#223=EDGE_LOOP('',(#931,#932,#933,#934));
#224=EDGE_LOOP('',(#935,#936,#937,#938));
#225=EDGE_LOOP('',(#939,#940,#941,#942));
#226=EDGE_LOOP('',(#943,#944,#945,#946));
#227=EDGE_LOOP('',(#947,#948,#949,#950));
#228=EDGE_LOOP('',(#951,#952,#953,#954,#955,#956,#957,#958,#959,#960,#961,
#962));
#229=EDGE_LOOP('',(#963,#964,#965,#966));
#230=EDGE_LOOP('',(#967,#968,#969,#970));
#231=EDGE_LOOP('',(#971,#972,#973,#974,#975,#976,#977,#978,#979,#980,#981,
#982));
#232=EDGE_LOOP('',(#983,#984,#985,#986));
#233=EDGE_LOOP('',(#987,#988,#989,#990));
#234=EDGE_LOOP('',(#991,#992,#993,#994));
#235=EDGE_LOOP('',(#995,#996,#997,#998));
#236=EDGE_LOOP('',(#999,#1000,#1001,#1002));
#237=EDGE_LOOP('',(#1003,#1004,#1005,#1006));
#238=EDGE_LOOP('',(#1007,#1008,#1009,#1010));
#239=EDGE_LOOP('',(#1011,#1012,#1013,#1014));
#240=EDGE_LOOP('',(#1015,#1016,#1017,#1018));
#241=EDGE_LOOP('',(#1019,#1020,#1021,#1022));
#242=EDGE_LOOP('',(#1023,#1024,#1025,#1026));
#243=EDGE_LOOP('',(#1027,#1028,#1029,#1030));
#244=EDGE_LOOP('',(#1031,#1032,#1033,#1034));
#245=EDGE_LOOP('',(#1035,#1036,#1037,#1038));
#246=EDGE_LOOP('',(#1039,#1040,#1041,#1042));
#247=EDGE_LOOP('',(#1043));
#248=EDGE_LOOP('',(#1044));
#249=EDGE_LOOP('',(#1045,#1046,#1047,#1048,#1049,#1050,#1051,#1052));
#250=EDGE_LOOP('',(#1053,#1054,#1055,#1056,#1057,#1058,#1059,#1060));
#251=EDGE_LOOP('',(#1061,#1062,#1063,#1064));
#252=EDGE_LOOP('',(#1065,#1066,#1067,#1068));
#253=EDGE_LOOP('',(#1069,#1070,#1071,#1072));
#254=EDGE_LOOP('',(#1073,#1074,#1075,#1076));
#255=EDGE_LOOP('',(#1077,#1078,#1079,#1080));
#256=EDGE_LOOP('',(#1081,#1082,#1083,#1084));
#257=EDGE_LOOP('',(#1085));
#258=EDGE_LOOP('',(#1086));
#259=EDGE_LOOP('',(#1087,#1088,#1089,#1090,#1091,#1092,#1093,#1094));
#260=EDGE_LOOP('',(#1095,#1096,#1097,#1098,#1099,#1100,#1101,#1102));
#261=EDGE_LOOP('',(#1103,#1104,#1105,#1106));
#262=EDGE_LOOP('',(#1107,#1108,#1109,#1110));
#263=EDGE_LOOP('',(#1111,#1112,#1113,#1114));
#264=EDGE_LOOP('',(#1115,#1116,#1117,#1118));
#265=EDGE_LOOP('',(#1119,#1120,#1121,#1122));
#266=EDGE_LOOP('',(#1123,#1124,#1125,#1126));
#267=EDGE_LOOP('',(#1127,#1128,#1129,#1130));
#268=EDGE_LOOP('',(#1131,#1132,#1133,#1134));
#269=EDGE_LOOP('',(#1135,#1136,#1137,#1138));
#270=EDGE_LOOP('',(#1139,#1140,#1141,#1142));
#271=EDGE_LOOP('',(#1143,#1144,#1145,#1146));
#272=EDGE_LOOP('',(#1147,#1148,#1149,#1150));
#273=EDGE_LOOP('',(#1151,#1152,#1153,#1154));
#274=EDGE_LOOP('',(#1155,#1156,#1157,#1158));
#275=EDGE_LOOP('',(#1159,#1160,#1161,#1162));
#276=EDGE_LOOP('',(#1163,#1164,#1165,#1166));
#277=EDGE_LOOP('',(#1167,#1168,#1169,#1170));
#278=EDGE_LOOP('',(#1171,#1172,#1173,#1174));
#279=EDGE_LOOP('',(#1175,#1176,#1177,#1178));
#280=EDGE_LOOP('',(#1179,#1180,#1181,#1182));
#281=EDGE_LOOP('',(#1183,#1184,#1185,#1186));
#282=EDGE_LOOP('',(#1187,#1188,#1189,#1190));
#283=EDGE_LOOP('',(#1191,#1192,#1193,#1194));
#284=EDGE_LOOP('',(#1195,#1196,#1197,#1198));
#285=EDGE_LOOP('',(#1199,#1200,#1201,#1202));
#286=EDGE_LOOP('',(#1203,#1204,#1205,#1206));
#287=EDGE_LOOP('',(#1207,#1208,#1209,#1210));
#288=EDGE_LOOP('',(#1211,#1212,#1213,#1214));
#289=EDGE_LOOP('',(#1215,#1216,#1217,#1218));
#290=EDGE_LOOP('',(#1219,#1220,#1221,#1222));
#291=EDGE_LOOP('',(#1223,#1224,#1225,#1226));
#292=EDGE_LOOP('',(#1227,#1228,#1229,#1230));
#293=EDGE_LOOP('',(#1231,#1232,#1233,#1234));
#294=EDGE_LOOP('',(#1235,#1236,#1237,#1238));
#295=EDGE_LOOP('',(#1239,#1240,#1241,#1242));
#296=EDGE_LOOP('',(#1243,#1244,#1245,#1246));
#297=EDGE_LOOP('',(#1247,#1248,#1249,#1250,#1251,#1252));
#298=EDGE_LOOP('',(#1253));
#299=EDGE_LOOP('',(#1254,#1255,#1256,#1257,#1258,#1259));
#300=EDGE_LOOP('',(#1260));
#301=EDGE_LOOP('',(#1261,#1262,#1263,#1264,#1265,#1266));
#302=EDGE_LOOP('',(#1267));
#303=EDGE_LOOP('',(#1268,#1269,#1270,#1271));
#304=EDGE_LOOP('',(#1272,#1273,#1274,#1275,#1276,#1277));
#305=EDGE_LOOP('',(#1278));
#306=EDGE_LOOP('',(#1279,#1280,#1281,#1282));
#307=LINE('',#1951,#427);
#308=LINE('',#1954,#428);
#309=LINE('',#1957,#429);
#310=LINE('',#1959,#430);
#311=LINE('',#1960,#431);
#312=LINE('',#1963,#432);
#313=LINE('',#1967,#433);
#314=LINE('',#1971,#434);
#315=LINE('',#1975,#435);
#316=LINE('',#1979,#436);
#317=LINE('',#1983,#437);
#318=LINE('',#1987,#438);
#319=LINE('',#1991,#439);
#320=LINE('',#1998,#440);
#321=LINE('',#2001,#441);
#322=LINE('',#2004,#442);
#323=LINE('',#2006,#443);
#324=LINE('',#2007,#444);
#325=LINE('',#2010,#445);
#326=LINE('',#2014,#446);
#327=LINE('',#2018,#447);
#328=LINE('',#2022,#448);
#329=LINE('',#2026,#449);
#330=LINE('',#2030,#450);
#331=LINE('',#2034,#451);
#332=LINE('',#2038,#452);
#333=LINE('',#2045,#453);
#334=LINE('',#2051,#454);
#335=LINE('',#2057,#455);
#336=LINE('',#2060,#456);
#337=LINE('',#2063,#457);
#338=LINE('',#2065,#458);
#339=LINE('',#2066,#459);
#340=LINE('',#2071,#460);
#341=LINE('',#2075,#461);
#342=LINE('',#2077,#462);
#343=LINE('',#2079,#463);
#344=LINE('',#2093,#464);
#345=LINE('',#2095,#465);
#346=LINE('',#2097,#466);
#347=LINE('',#2099,#467);
#348=LINE('',#2101,#468);
#349=LINE('',#2103,#469);
#350=LINE('',#2104,#470);
#351=LINE('',#2105,#471);
#352=LINE('',#2106,#472);
#353=LINE('',#2108,#473);
#354=LINE('',#2109,#474);
#355=LINE('',#2112,#475);
#356=LINE('',#2114,#476);
#357=LINE('',#2116,#477);
#358=LINE('',#2118,#478);
#359=LINE('',#2120,#479);
#360=LINE('',#2122,#480);
#361=LINE('',#2124,#481);
#362=LINE('',#2126,#482);
#363=LINE('',#2140,#483);
#364=LINE('',#2141,#484);
#365=LINE('',#2142,#485);
#366=LINE('',#2144,#486);
#367=LINE('',#2147,#487);
#368=LINE('',#2152,#488);
#369=LINE('',#2156,#489);
#370=LINE('',#2158,#490);
#371=LINE('',#2159,#491);
#372=LINE('',#2161,#492);
#373=LINE('',#2176,#493);
#374=LINE('',#2183,#494);
#375=LINE('',#2193,#495);
#376=LINE('',#2197,#496);
#377=LINE('',#2201,#497);
#378=LINE('',#2205,#498);
#379=LINE('',#2209,#499);
#380=LINE('',#2213,#500);
#381=LINE('',#2217,#501);
#382=LINE('',#2221,#502);
#383=LINE('',#2756,#503);
#384=LINE('',#2760,#504);
#385=LINE('',#2764,#505);
#386=LINE('',#2768,#506);
#387=LINE('',#2772,#507);
#388=LINE('',#2776,#508);
#389=LINE('',#2780,#509);
#390=LINE('',#2784,#510);
#391=LINE('',#2787,#511);
#392=LINE('',#2788,#512);
#393=LINE('',#2790,#513);
#394=LINE('',#2792,#514);
#395=LINE('',#2793,#515);
#396=LINE('',#2795,#516);
#397=LINE('',#2797,#517);
#398=LINE('',#2799,#518);
#399=LINE('',#2801,#519);
#400=LINE('',#2803,#520);
#401=LINE('',#2805,#521);
#402=LINE('',#2807,#522);
#403=LINE('',#2809,#523);
#404=LINE('',#2811,#524);
#405=LINE('',#2813,#525);
#406=LINE('',#2816,#526);
#407=LINE('',#2819,#527);
#408=LINE('',#2820,#528);
#409=LINE('',#2822,#529);
#410=LINE('',#2824,#530);
#411=LINE('',#2825,#531);
#412=LINE('',#2828,#532);
#413=LINE('',#2829,#533);
#414=LINE('',#2832,#534);
#415=LINE('',#2835,#535);
#416=LINE('',#2836,#536);
#417=LINE('',#2838,#537);
#418=LINE('',#2840,#538);
#419=LINE('',#2841,#539);
#420=LINE('',#2844,#540);
#421=LINE('',#2845,#541);
#422=LINE('',#2848,#542);
#423=LINE('',#2852,#543);
#424=LINE('',#2857,#544);
#425=LINE('',#2860,#545);
#426=LINE('',#2865,#546);
#427=VECTOR('',#1553,10.);
#428=VECTOR('',#1556,10.);
#429=VECTOR('',#1559,10.);
#430=VECTOR('',#1560,10.);
#431=VECTOR('',#1561,10.);
#432=VECTOR('',#1562,10.);
#433=VECTOR('',#1565,10.);
#434=VECTOR('',#1568,10.);
#435=VECTOR('',#1571,10.);
#436=VECTOR('',#1574,10.);
#437=VECTOR('',#1577,10.);
#438=VECTOR('',#1580,10.);
#439=VECTOR('',#1583,10.);
#440=VECTOR('',#1590,10.);
#441=VECTOR('',#1593,10.);
#442=VECTOR('',#1596,10.);
#443=VECTOR('',#1597,10.);
#444=VECTOR('',#1598,10.);
#445=VECTOR('',#1599,10.);
#446=VECTOR('',#1602,10.);
#447=VECTOR('',#1605,10.);
#448=VECTOR('',#1608,10.);
#449=VECTOR('',#1611,10.);
#450=VECTOR('',#1614,10.);
#451=VECTOR('',#1617,10.);
#452=VECTOR('',#1620,10.);
#453=VECTOR('',#1629,10.);
#454=VECTOR('',#1636,10.);
#455=VECTOR('',#1641,10.);
#456=VECTOR('',#1644,10.);
#457=VECTOR('',#1647,10.);
#458=VECTOR('',#1648,10.);
#459=VECTOR('',#1649,10.);
#460=VECTOR('',#1654,10.);
#461=VECTOR('',#1659,10.);
#462=VECTOR('',#1660,10.);
#463=VECTOR('',#1661,10.);
#464=VECTOR('',#1662,10.);
#465=VECTOR('',#1663,10.);
#466=VECTOR('',#1664,10.);
#467=VECTOR('',#1665,10.);
#468=VECTOR('',#1666,10.);
#469=VECTOR('',#1667,10.);
#470=VECTOR('',#1668,10.);
#471=VECTOR('',#1669,10.);
#472=VECTOR('',#1670,10.);
#473=VECTOR('',#1673,10.);
#474=VECTOR('',#1674,10.);
#475=VECTOR('',#1677,10.);
#476=VECTOR('',#1678,10.);
#477=VECTOR('',#1679,10.);
#478=VECTOR('',#1680,10.);
#479=VECTOR('',#1681,10.);
#480=VECTOR('',#1682,10.);
#481=VECTOR('',#1683,10.);
#482=VECTOR('',#1684,10.);
#483=VECTOR('',#1685,10.);
#484=VECTOR('',#1686,10.);
#485=VECTOR('',#1687,10.);
#486=VECTOR('',#1690,10.);
#487=VECTOR('',#1695,10.);
#488=VECTOR('',#1700,10.);
#489=VECTOR('',#1705,10.);
#490=VECTOR('',#1706,10.);
#491=VECTOR('',#1707,10.);
#492=VECTOR('',#1710,10.);
#493=VECTOR('',#1733,10.);
#494=VECTOR('',#1744,10.);
#495=VECTOR('',#1755,10.);
#496=VECTOR('',#1758,10.);
#497=VECTOR('',#1761,10.);
#498=VECTOR('',#1764,10.);
#499=VECTOR('',#1767,10.);
#500=VECTOR('',#1770,10.);
#501=VECTOR('',#1773,10.);
#502=VECTOR('',#1776,10.);
#503=VECTOR('',#1789,10.);
#504=VECTOR('',#1792,10.);
#505=VECTOR('',#1795,10.);
#506=VECTOR('',#1798,10.);
#507=VECTOR('',#1801,10.);
#508=VECTOR('',#1804,10.);
#509=VECTOR('',#1807,10.);
#510=VECTOR('',#1810,10.);
#511=VECTOR('',#1815,10.);
#512=VECTOR('',#1816,10.);
#513=VECTOR('',#1819,10.);
#514=VECTOR('',#1822,10.);
#515=VECTOR('',#1823,10.);
#516=VECTOR('',#1826,10.);
#517=VECTOR('',#1829,10.);
#518=VECTOR('',#1832,10.);
#519=VECTOR('',#1835,10.);
#520=VECTOR('',#1838,10.);
#521=VECTOR('',#1841,10.);
#522=VECTOR('',#1844,10.);
#523=VECTOR('',#1847,10.);
#524=VECTOR('',#1850,10.);
#525=VECTOR('',#1853,10.);
#526=VECTOR('',#1858,10.);
#527=VECTOR('',#1863,10.);
#528=VECTOR('',#1864,10.);
#529=VECTOR('',#1867,10.);
#530=VECTOR('',#1870,10.);
#531=VECTOR('',#1871,10.);
#532=VECTOR('',#1876,10.);
#533=VECTOR('',#1877,10.);
#534=VECTOR('',#1882,10.);
#535=VECTOR('',#1887,10.);
#536=VECTOR('',#1888,10.);
#537=VECTOR('',#1891,10.);
#538=VECTOR('',#1894,10.);
#539=VECTOR('',#1895,10.);
#540=VECTOR('',#1900,10.);
#541=VECTOR('',#1901,10.);
#542=VECTOR('',#1906,10.);
#543=VECTOR('',#1911,3.00000000000001);
#544=VECTOR('',#1918,3.00000000000001);
#545=VECTOR('',#1921,3.);
#546=VECTOR('',#1928,3.);
#547=ELLIPSE('',#1410,1.41421356237309,1.);
#548=ELLIPSE('',#1411,1.41421356237309,1.);
#549=ELLIPSE('',#1422,1.41421356237309,1.);
#550=ELLIPSE('',#1423,1.41421356237309,1.);
#551=ELLIPSE('',#1434,1.41421356237309,1.);
#552=ELLIPSE('',#1435,1.41421356237309,1.);
#553=ELLIPSE('',#1437,1.41421356237309,1.);
#554=ELLIPSE('',#1438,1.41421356237309,1.);
#555=VERTEX_POINT('',#1947);
#556=VERTEX_POINT('',#1948);
#557=VERTEX_POINT('',#1950);
#558=VERTEX_POINT('',#1952);
#559=VERTEX_POINT('',#1956);
#560=VERTEX_POINT('',#1958);
#561=VERTEX_POINT('',#1961);
#562=VERTEX_POINT('',#1962);
#563=VERTEX_POINT('',#1964);
#564=VERTEX_POINT('',#1966);
#565=VERTEX_POINT('',#1968);
#566=VERTEX_POINT('',#1970);
#567=VERTEX_POINT('',#1972);
#568=VERTEX_POINT('',#1974);
#569=VERTEX_POINT('',#1977);
#570=VERTEX_POINT('',#1978);
#571=VERTEX_POINT('',#1980);
#572=VERTEX_POINT('',#1982);
#573=VERTEX_POINT('',#1984);
#574=VERTEX_POINT('',#1986);
#575=VERTEX_POINT('',#1988);
#576=VERTEX_POINT('',#1990);
#577=VERTEX_POINT('',#1994);
#578=VERTEX_POINT('',#1995);
#579=VERTEX_POINT('',#1997);
#580=VERTEX_POINT('',#1999);
#581=VERTEX_POINT('',#2003);
#582=VERTEX_POINT('',#2005);
#583=VERTEX_POINT('',#2008);
#584=VERTEX_POINT('',#2009);
#585=VERTEX_POINT('',#2011);
#586=VERTEX_POINT('',#2013);
#587=VERTEX_POINT('',#2015);
#588=VERTEX_POINT('',#2017);
#589=VERTEX_POINT('',#2019);
#590=VERTEX_POINT('',#2021);
#591=VERTEX_POINT('',#2024);
#592=VERTEX_POINT('',#2025);
#593=VERTEX_POINT('',#2027);
#594=VERTEX_POINT('',#2029);
#595=VERTEX_POINT('',#2031);
#596=VERTEX_POINT('',#2033);
#597=VERTEX_POINT('',#2035);
#598=VERTEX_POINT('',#2037);
#599=VERTEX_POINT('',#2041);
#600=VERTEX_POINT('',#2043);
#601=VERTEX_POINT('',#2047);
#602=VERTEX_POINT('',#2049);
#603=VERTEX_POINT('',#2053);
#604=VERTEX_POINT('',#2054);
#605=VERTEX_POINT('',#2056);
#606=VERTEX_POINT('',#2058);
#607=VERTEX_POINT('',#2062);
#608=VERTEX_POINT('',#2064);
#609=VERTEX_POINT('',#2068);
#610=VERTEX_POINT('',#2070);
#611=VERTEX_POINT('',#2074);
#612=VERTEX_POINT('',#2076);
#613=VERTEX_POINT('',#2078);
#614=VERTEX_POINT('',#2080);
#615=VERTEX_POINT('',#2092);
#616=VERTEX_POINT('',#2094);
#617=VERTEX_POINT('',#2096);
#618=VERTEX_POINT('',#2098);
#619=VERTEX_POINT('',#2100);
#620=VERTEX_POINT('',#2102);
#621=VERTEX_POINT('',#2111);
#622=VERTEX_POINT('',#2113);
#623=VERTEX_POINT('',#2115);
#624=VERTEX_POINT('',#2117);
#625=VERTEX_POINT('',#2119);
#626=VERTEX_POINT('',#2121);
#627=VERTEX_POINT('',#2123);
#628=VERTEX_POINT('',#2125);
#629=VERTEX_POINT('',#2127);
#630=VERTEX_POINT('',#2139);
#631=VERTEX_POINT('',#2149);
#632=VERTEX_POINT('',#2151);
#633=VERTEX_POINT('',#2155);
#634=VERTEX_POINT('',#2157);
#635=VERTEX_POINT('',#2167);
#636=VERTEX_POINT('',#2169);
#637=VERTEX_POINT('',#2174);
#638=VERTEX_POINT('',#2178);
#639=VERTEX_POINT('',#2187);
#640=VERTEX_POINT('',#2189);
#641=VERTEX_POINT('',#2191);
#642=VERTEX_POINT('',#2192);
#643=VERTEX_POINT('',#2194);
#644=VERTEX_POINT('',#2196);
#645=VERTEX_POINT('',#2198);
#646=VERTEX_POINT('',#2200);
#647=VERTEX_POINT('',#2202);
#648=VERTEX_POINT('',#2204);
#649=VERTEX_POINT('',#2207);
#650=VERTEX_POINT('',#2208);
#651=VERTEX_POINT('',#2210);
#652=VERTEX_POINT('',#2212);
#653=VERTEX_POINT('',#2214);
#654=VERTEX_POINT('',#2216);
#655=VERTEX_POINT('',#2218);
#656=VERTEX_POINT('',#2220);
#657=VERTEX_POINT('',#2322);
#658=VERTEX_POINT('',#2332);
#659=VERTEX_POINT('',#2479);
#660=VERTEX_POINT('',#2616);
#661=VERTEX_POINT('',#2750);
#662=VERTEX_POINT('',#2752);
#663=VERTEX_POINT('',#2754);
#664=VERTEX_POINT('',#2755);
#665=VERTEX_POINT('',#2757);
#666=VERTEX_POINT('',#2759);
#667=VERTEX_POINT('',#2761);
#668=VERTEX_POINT('',#2763);
#669=VERTEX_POINT('',#2765);
#670=VERTEX_POINT('',#2767);
#671=VERTEX_POINT('',#2770);
#672=VERTEX_POINT('',#2771);
#673=VERTEX_POINT('',#2773);
#674=VERTEX_POINT('',#2775);
#675=VERTEX_POINT('',#2777);
#676=VERTEX_POINT('',#2779);
#677=VERTEX_POINT('',#2781);
#678=VERTEX_POINT('',#2783);
#679=VERTEX_POINT('',#2851);
#680=VERTEX_POINT('',#2855);
#681=VERTEX_POINT('',#2859);
#682=VERTEX_POINT('',#2863);
#683=EDGE_CURVE('',#555,#556,#547,.F.);
#684=EDGE_CURVE('',#556,#557,#307,.T.);
#685=EDGE_CURVE('',#557,#558,#548,.F.);
#686=EDGE_CURVE('',#558,#555,#308,.T.);
#687=EDGE_CURVE('',#556,#559,#309,.T.);
#688=EDGE_CURVE('',#560,#559,#310,.T.);
#689=EDGE_CURVE('',#560,#557,#311,.T.);
#690=EDGE_CURVE('',#561,#562,#312,.T.);
#691=EDGE_CURVE('',#563,#562,#51,.T.);
#692=EDGE_CURVE('',#563,#564,#313,.T.);
#693=EDGE_CURVE('',#565,#564,#52,.T.);
#694=EDGE_CURVE('',#565,#566,#314,.T.);
#695=EDGE_CURVE('',#567,#566,#53,.T.);
#696=EDGE_CURVE('',#567,#568,#315,.T.);
#697=EDGE_CURVE('',#561,#568,#54,.T.);
#698=EDGE_CURVE('',#569,#570,#316,.T.);
#699=EDGE_CURVE('',#571,#570,#55,.T.);
#700=EDGE_CURVE('',#571,#572,#317,.T.);
#701=EDGE_CURVE('',#573,#572,#56,.T.);
#702=EDGE_CURVE('',#573,#574,#318,.T.);
#703=EDGE_CURVE('',#575,#574,#57,.T.);
#704=EDGE_CURVE('',#575,#576,#319,.T.);
#705=EDGE_CURVE('',#569,#576,#58,.T.);
#706=EDGE_CURVE('',#577,#578,#549,.F.);
#707=EDGE_CURVE('',#578,#579,#320,.T.);
#708=EDGE_CURVE('',#579,#580,#550,.F.);
#709=EDGE_CURVE('',#580,#577,#321,.T.);
#710=EDGE_CURVE('',#578,#581,#322,.T.);
#711=EDGE_CURVE('',#582,#581,#323,.T.);
#712=EDGE_CURVE('',#582,#579,#324,.T.);
#713=EDGE_CURVE('',#583,#584,#325,.T.);
#714=EDGE_CURVE('',#585,#584,#59,.T.);
#715=EDGE_CURVE('',#585,#586,#326,.T.);
#716=EDGE_CURVE('',#587,#586,#60,.T.);
#717=EDGE_CURVE('',#587,#588,#327,.T.);
#718=EDGE_CURVE('',#589,#588,#61,.T.);
#719=EDGE_CURVE('',#589,#590,#328,.T.);
#720=EDGE_CURVE('',#583,#590,#62,.T.);
#721=EDGE_CURVE('',#591,#592,#329,.T.);
#722=EDGE_CURVE('',#593,#592,#63,.T.);
#723=EDGE_CURVE('',#593,#594,#330,.T.);
#724=EDGE_CURVE('',#595,#594,#64,.T.);
#725=EDGE_CURVE('',#595,#596,#331,.T.);
#726=EDGE_CURVE('',#597,#596,#65,.T.);
#727=EDGE_CURVE('',#597,#598,#332,.T.);
#728=EDGE_CURVE('',#591,#598,#66,.T.);
#729=EDGE_CURVE('',#599,#560,#551,.F.);
#730=EDGE_CURVE('',#559,#600,#552,.F.);
#731=EDGE_CURVE('',#600,#599,#333,.T.);
#732=EDGE_CURVE('',#601,#582,#553,.F.);
#733=EDGE_CURVE('',#581,#602,#554,.F.);
#734=EDGE_CURVE('',#602,#601,#334,.T.);
#735=EDGE_CURVE('',#603,#604,#67,.F.);
#736=EDGE_CURVE('',#604,#605,#335,.T.);
#737=EDGE_CURVE('',#605,#606,#68,.F.);
#738=EDGE_CURVE('',#606,#603,#336,.T.);
#739=EDGE_CURVE('',#607,#604,#337,.T.);
#740=EDGE_CURVE('',#608,#607,#338,.T.);
#741=EDGE_CURVE('',#605,#608,#339,.T.);
#742=EDGE_CURVE('',#607,#609,#69,.F.);
#743=EDGE_CURVE('',#609,#610,#340,.T.);
#744=EDGE_CURVE('',#610,#608,#70,.F.);
#745=EDGE_CURVE('',#611,#610,#341,.T.);
#746=EDGE_CURVE('',#609,#612,#342,.T.);
#747=EDGE_CURVE('',#612,#613,#343,.T.);
#748=EDGE_CURVE('',#614,#613,#21,.T.);
#749=EDGE_CURVE('',#615,#614,#344,.T.);
#750=EDGE_CURVE('',#615,#616,#345,.T.);
#751=EDGE_CURVE('',#617,#616,#346,.T.);
#752=EDGE_CURVE('',#617,#618,#347,.T.);
#753=EDGE_CURVE('',#619,#618,#348,.T.);
#754=EDGE_CURVE('',#620,#619,#349,.T.);
#755=EDGE_CURVE('',#620,#611,#350,.T.);
#756=EDGE_CURVE('',#601,#600,#351,.T.);
#757=EDGE_CURVE('',#599,#602,#352,.T.);
#758=EDGE_CURVE('',#555,#580,#353,.T.);
#759=EDGE_CURVE('',#579,#556,#354,.T.);
#760=EDGE_CURVE('',#606,#621,#355,.T.);
#761=EDGE_CURVE('',#622,#621,#356,.T.);
#762=EDGE_CURVE('',#623,#622,#357,.T.);
#763=EDGE_CURVE('',#623,#624,#358,.T.);
#764=EDGE_CURVE('',#624,#625,#359,.T.);
#765=EDGE_CURVE('',#626,#625,#360,.T.);
#766=EDGE_CURVE('',#626,#627,#361,.T.);
#767=EDGE_CURVE('',#627,#628,#362,.T.);
#768=EDGE_CURVE('',#629,#628,#22,.T.);
#769=EDGE_CURVE('',#630,#629,#363,.T.);
#770=EDGE_CURVE('',#630,#603,#364,.T.);
#771=EDGE_CURVE('',#577,#558,#365,.T.);
#772=EDGE_CURVE('',#559,#582,#366,.T.);
#773=EDGE_CURVE('',#581,#560,#367,.T.);
#774=EDGE_CURVE('',#616,#631,#71,.F.);
#775=EDGE_CURVE('',#631,#632,#368,.T.);
#776=EDGE_CURVE('',#632,#617,#72,.F.);
#777=EDGE_CURVE('',#633,#631,#369,.T.);
#778=EDGE_CURVE('',#634,#633,#370,.T.);
#779=EDGE_CURVE('',#632,#634,#371,.T.);
#780=EDGE_CURVE('',#557,#578,#372,.T.);
#781=EDGE_CURVE('',#633,#626,#73,.F.);
#782=EDGE_CURVE('',#625,#634,#74,.F.);
#783=EDGE_CURVE('',#620,#635,#75,.T.);
#784=EDGE_CURVE('',#635,#636,#76,.T.);
#785=EDGE_CURVE('',#636,#622,#77,.T.);
#786=EDGE_CURVE('',#622,#620,#78,.T.);
#787=EDGE_CURVE('',#637,#623,#79,.T.);
#788=EDGE_CURVE('',#636,#637,#373,.T.);
#789=EDGE_CURVE('',#638,#619,#80,.T.);
#790=EDGE_CURVE('',#619,#623,#81,.T.);
#791=EDGE_CURVE('',#637,#638,#82,.T.);
#792=EDGE_CURVE('',#638,#635,#374,.T.);
#793=EDGE_CURVE('',#621,#611,#83,.T.);
#794=EDGE_CURVE('',#639,#639,#84,.T.);
#795=EDGE_CURVE('',#640,#640,#85,.T.);
#796=EDGE_CURVE('',#641,#642,#375,.T.);
#797=EDGE_CURVE('',#643,#642,#86,.T.);
#798=EDGE_CURVE('',#643,#644,#376,.T.);
#799=EDGE_CURVE('',#645,#644,#87,.T.);
#800=EDGE_CURVE('',#645,#646,#377,.T.);
#801=EDGE_CURVE('',#647,#646,#88,.T.);
#802=EDGE_CURVE('',#647,#648,#378,.T.);
#803=EDGE_CURVE('',#641,#648,#89,.T.);
#804=EDGE_CURVE('',#649,#650,#379,.T.);
#805=EDGE_CURVE('',#651,#650,#90,.T.);
#806=EDGE_CURVE('',#651,#652,#380,.T.);
#807=EDGE_CURVE('',#653,#652,#91,.T.);
#808=EDGE_CURVE('',#653,#654,#381,.T.);
#809=EDGE_CURVE('',#655,#654,#92,.T.);
#810=EDGE_CURVE('',#655,#656,#382,.T.);
#811=EDGE_CURVE('',#649,#656,#93,.T.);
#812=EDGE_CURVE('',#657,#614,#23,.T.);
#813=EDGE_CURVE('',#613,#658,#24,.T.);
#814=EDGE_CURVE('',#658,#657,#25,.T.);
#815=EDGE_CURVE('',#629,#659,#26,.T.);
#816=EDGE_CURVE('',#659,#658,#27,.T.);
#817=EDGE_CURVE('',#613,#629,#28,.T.);
#818=EDGE_CURVE('',#628,#660,#29,.T.);
#819=EDGE_CURVE('',#660,#659,#30,.T.);
#820=EDGE_CURVE('',#657,#660,#31,.T.);
#821=EDGE_CURVE('',#628,#614,#32,.T.);
#822=EDGE_CURVE('',#612,#630,#94,.T.);
#823=EDGE_CURVE('',#661,#661,#95,.T.);
#824=EDGE_CURVE('',#662,#662,#96,.T.);
#825=EDGE_CURVE('',#663,#664,#383,.T.);
#826=EDGE_CURVE('',#665,#664,#97,.T.);
#827=EDGE_CURVE('',#665,#666,#384,.T.);
#828=EDGE_CURVE('',#667,#666,#98,.T.);
#829=EDGE_CURVE('',#667,#668,#385,.T.);
#830=EDGE_CURVE('',#669,#668,#99,.T.);
#831=EDGE_CURVE('',#669,#670,#386,.T.);
#832=EDGE_CURVE('',#663,#670,#100,.T.);
#833=EDGE_CURVE('',#671,#672,#387,.T.);
#834=EDGE_CURVE('',#673,#672,#101,.T.);
#835=EDGE_CURVE('',#673,#674,#388,.T.);
#836=EDGE_CURVE('',#675,#674,#102,.T.);
#837=EDGE_CURVE('',#675,#676,#389,.T.);
#838=EDGE_CURVE('',#677,#676,#103,.T.);
#839=EDGE_CURVE('',#677,#678,#390,.T.);
#840=EDGE_CURVE('',#671,#678,#104,.T.);
#841=EDGE_CURVE('',#570,#663,#391,.T.);
#842=EDGE_CURVE('',#670,#571,#392,.T.);
#843=EDGE_CURVE('',#664,#569,#393,.T.);
#844=EDGE_CURVE('',#568,#673,#394,.T.);
#845=EDGE_CURVE('',#672,#561,#395,.T.);
#846=EDGE_CURVE('',#674,#567,#396,.T.);
#847=EDGE_CURVE('',#576,#665,#397,.T.);
#848=EDGE_CURVE('',#666,#575,#398,.T.);
#849=EDGE_CURVE('',#566,#675,#399,.T.);
#850=EDGE_CURVE('',#676,#565,#400,.T.);
#851=EDGE_CURVE('',#564,#677,#401,.T.);
#852=EDGE_CURVE('',#678,#563,#402,.T.);
#853=EDGE_CURVE('',#574,#667,#403,.T.);
#854=EDGE_CURVE('',#668,#573,#404,.T.);
#855=EDGE_CURVE('',#572,#669,#405,.T.);
#856=EDGE_CURVE('',#562,#671,#406,.T.);
#857=EDGE_CURVE('',#642,#591,#407,.T.);
#858=EDGE_CURVE('',#598,#643,#408,.T.);
#859=EDGE_CURVE('',#592,#641,#409,.T.);
#860=EDGE_CURVE('',#644,#597,#410,.T.);
#861=EDGE_CURVE('',#596,#645,#411,.T.);
#862=EDGE_CURVE('',#646,#595,#412,.T.);
#863=EDGE_CURVE('',#594,#647,#413,.T.);
#864=EDGE_CURVE('',#648,#593,#414,.T.);
#865=EDGE_CURVE('',#654,#587,#415,.T.);
#866=EDGE_CURVE('',#586,#655,#416,.T.);
#867=EDGE_CURVE('',#588,#653,#417,.T.);
#868=EDGE_CURVE('',#656,#585,#418,.T.);
#869=EDGE_CURVE('',#584,#649,#419,.T.);
#870=EDGE_CURVE('',#650,#583,#420,.T.);
#871=EDGE_CURVE('',#590,#651,#421,.T.);
#872=EDGE_CURVE('',#652,#589,#422,.T.);
#873=EDGE_CURVE('',#640,#679,#423,.T.);
#874=EDGE_CURVE('',#679,#679,#105,.T.);
#875=EDGE_CURVE('',#680,#680,#106,.T.);
#876=EDGE_CURVE('',#680,#662,#424,.T.);
#877=EDGE_CURVE('',#639,#681,#425,.T.);
#878=EDGE_CURVE('',#681,#681,#107,.T.);
#879=EDGE_CURVE('',#682,#682,#108,.T.);
#880=EDGE_CURVE('',#682,#661,#426,.T.);
#881=EDGE_CURVE('',#627,#615,#109,.T.);
#882=EDGE_CURVE('',#618,#624,#110,.T.);
#883=ORIENTED_EDGE('',*,*,#683,.T.);
#884=ORIENTED_EDGE('',*,*,#684,.T.);
#885=ORIENTED_EDGE('',*,*,#685,.T.);
#886=ORIENTED_EDGE('',*,*,#686,.T.);
#887=ORIENTED_EDGE('',*,*,#684,.F.);
#888=ORIENTED_EDGE('',*,*,#687,.T.);
#889=ORIENTED_EDGE('',*,*,#688,.F.);
#890=ORIENTED_EDGE('',*,*,#689,.T.);
#891=ORIENTED_EDGE('',*,*,#690,.T.);
#892=ORIENTED_EDGE('',*,*,#691,.F.);
#893=ORIENTED_EDGE('',*,*,#692,.T.);
#894=ORIENTED_EDGE('',*,*,#693,.F.);
#895=ORIENTED_EDGE('',*,*,#694,.T.);
#896=ORIENTED_EDGE('',*,*,#695,.F.);
#897=ORIENTED_EDGE('',*,*,#696,.T.);
#898=ORIENTED_EDGE('',*,*,#697,.F.);
#899=ORIENTED_EDGE('',*,*,#698,.T.);
#900=ORIENTED_EDGE('',*,*,#699,.F.);
#901=ORIENTED_EDGE('',*,*,#700,.T.);
#902=ORIENTED_EDGE('',*,*,#701,.F.);
#903=ORIENTED_EDGE('',*,*,#702,.T.);
#904=ORIENTED_EDGE('',*,*,#703,.F.);
#905=ORIENTED_EDGE('',*,*,#704,.T.);
#906=ORIENTED_EDGE('',*,*,#705,.F.);
#907=ORIENTED_EDGE('',*,*,#706,.T.);
#908=ORIENTED_EDGE('',*,*,#707,.T.);
#909=ORIENTED_EDGE('',*,*,#708,.T.);
#910=ORIENTED_EDGE('',*,*,#709,.T.);
#911=ORIENTED_EDGE('',*,*,#707,.F.);
#912=ORIENTED_EDGE('',*,*,#710,.T.);
#913=ORIENTED_EDGE('',*,*,#711,.F.);
#914=ORIENTED_EDGE('',*,*,#712,.T.);
#915=ORIENTED_EDGE('',*,*,#713,.T.);
#916=ORIENTED_EDGE('',*,*,#714,.F.);
#917=ORIENTED_EDGE('',*,*,#715,.T.);
#918=ORIENTED_EDGE('',*,*,#716,.F.);
#919=ORIENTED_EDGE('',*,*,#717,.T.);
#920=ORIENTED_EDGE('',*,*,#718,.F.);
#921=ORIENTED_EDGE('',*,*,#719,.T.);
#922=ORIENTED_EDGE('',*,*,#720,.F.);
#923=ORIENTED_EDGE('',*,*,#721,.T.);
#924=ORIENTED_EDGE('',*,*,#722,.F.);
#925=ORIENTED_EDGE('',*,*,#723,.T.);
#926=ORIENTED_EDGE('',*,*,#724,.F.);
#927=ORIENTED_EDGE('',*,*,#725,.T.);
#928=ORIENTED_EDGE('',*,*,#726,.F.);
#929=ORIENTED_EDGE('',*,*,#727,.T.);
#930=ORIENTED_EDGE('',*,*,#728,.F.);
#931=ORIENTED_EDGE('',*,*,#729,.T.);
#932=ORIENTED_EDGE('',*,*,#688,.T.);
#933=ORIENTED_EDGE('',*,*,#730,.T.);
#934=ORIENTED_EDGE('',*,*,#731,.T.);
#935=ORIENTED_EDGE('',*,*,#732,.T.);
#936=ORIENTED_EDGE('',*,*,#711,.T.);
#937=ORIENTED_EDGE('',*,*,#733,.T.);
#938=ORIENTED_EDGE('',*,*,#734,.T.);
#939=ORIENTED_EDGE('',*,*,#735,.T.);
#940=ORIENTED_EDGE('',*,*,#736,.T.);
#941=ORIENTED_EDGE('',*,*,#737,.T.);
#942=ORIENTED_EDGE('',*,*,#738,.T.);
#943=ORIENTED_EDGE('',*,*,#736,.F.);
#944=ORIENTED_EDGE('',*,*,#739,.F.);
#945=ORIENTED_EDGE('',*,*,#740,.F.);
#946=ORIENTED_EDGE('',*,*,#741,.F.);
#947=ORIENTED_EDGE('',*,*,#742,.T.);
#948=ORIENTED_EDGE('',*,*,#743,.T.);
#949=ORIENTED_EDGE('',*,*,#744,.T.);
#950=ORIENTED_EDGE('',*,*,#740,.T.);
#951=ORIENTED_EDGE('',*,*,#745,.T.);
#952=ORIENTED_EDGE('',*,*,#743,.F.);
#953=ORIENTED_EDGE('',*,*,#746,.T.);
#954=ORIENTED_EDGE('',*,*,#747,.T.);
#955=ORIENTED_EDGE('',*,*,#748,.F.);
#956=ORIENTED_EDGE('',*,*,#749,.F.);
#957=ORIENTED_EDGE('',*,*,#750,.T.);
#958=ORIENTED_EDGE('',*,*,#751,.F.);
#959=ORIENTED_EDGE('',*,*,#752,.T.);
#960=ORIENTED_EDGE('',*,*,#753,.F.);
#961=ORIENTED_EDGE('',*,*,#754,.F.);
#962=ORIENTED_EDGE('',*,*,#755,.T.);
#963=ORIENTED_EDGE('',*,*,#756,.F.);
#964=ORIENTED_EDGE('',*,*,#734,.F.);
#965=ORIENTED_EDGE('',*,*,#757,.F.);
#966=ORIENTED_EDGE('',*,*,#731,.F.);
#967=ORIENTED_EDGE('',*,*,#758,.T.);
#968=ORIENTED_EDGE('',*,*,#708,.F.);
#969=ORIENTED_EDGE('',*,*,#759,.T.);
#970=ORIENTED_EDGE('',*,*,#683,.F.);
#971=ORIENTED_EDGE('',*,*,#760,.T.);
#972=ORIENTED_EDGE('',*,*,#761,.F.);
#973=ORIENTED_EDGE('',*,*,#762,.F.);
#974=ORIENTED_EDGE('',*,*,#763,.T.);
#975=ORIENTED_EDGE('',*,*,#764,.T.);
#976=ORIENTED_EDGE('',*,*,#765,.F.);
#977=ORIENTED_EDGE('',*,*,#766,.T.);
#978=ORIENTED_EDGE('',*,*,#767,.T.);
#979=ORIENTED_EDGE('',*,*,#768,.F.);
#980=ORIENTED_EDGE('',*,*,#769,.F.);
#981=ORIENTED_EDGE('',*,*,#770,.T.);
#982=ORIENTED_EDGE('',*,*,#738,.F.);
#983=ORIENTED_EDGE('',*,*,#771,.F.);
#984=ORIENTED_EDGE('',*,*,#709,.F.);
#985=ORIENTED_EDGE('',*,*,#758,.F.);
#986=ORIENTED_EDGE('',*,*,#686,.F.);
#987=ORIENTED_EDGE('',*,*,#772,.T.);
#988=ORIENTED_EDGE('',*,*,#732,.F.);
#989=ORIENTED_EDGE('',*,*,#756,.T.);
#990=ORIENTED_EDGE('',*,*,#730,.F.);
#991=ORIENTED_EDGE('',*,*,#759,.F.);
#992=ORIENTED_EDGE('',*,*,#712,.F.);
#993=ORIENTED_EDGE('',*,*,#772,.F.);
#994=ORIENTED_EDGE('',*,*,#687,.F.);
#995=ORIENTED_EDGE('',*,*,#757,.T.);
#996=ORIENTED_EDGE('',*,*,#733,.F.);
#997=ORIENTED_EDGE('',*,*,#773,.T.);
#998=ORIENTED_EDGE('',*,*,#729,.F.);
#999=ORIENTED_EDGE('',*,*,#774,.T.);
#1000=ORIENTED_EDGE('',*,*,#775,.T.);
#1001=ORIENTED_EDGE('',*,*,#776,.T.);
#1002=ORIENTED_EDGE('',*,*,#751,.T.);
#1003=ORIENTED_EDGE('',*,*,#775,.F.);
#1004=ORIENTED_EDGE('',*,*,#777,.F.);
#1005=ORIENTED_EDGE('',*,*,#778,.F.);
#1006=ORIENTED_EDGE('',*,*,#779,.F.);
#1007=ORIENTED_EDGE('',*,*,#780,.T.);
#1008=ORIENTED_EDGE('',*,*,#706,.F.);
#1009=ORIENTED_EDGE('',*,*,#771,.T.);
#1010=ORIENTED_EDGE('',*,*,#685,.F.);
#1011=ORIENTED_EDGE('',*,*,#773,.F.);
#1012=ORIENTED_EDGE('',*,*,#710,.F.);
#1013=ORIENTED_EDGE('',*,*,#780,.F.);
#1014=ORIENTED_EDGE('',*,*,#689,.F.);
#1015=ORIENTED_EDGE('',*,*,#781,.T.);
#1016=ORIENTED_EDGE('',*,*,#765,.T.);
#1017=ORIENTED_EDGE('',*,*,#782,.T.);
#1018=ORIENTED_EDGE('',*,*,#778,.T.);
#1019=ORIENTED_EDGE('',*,*,#783,.T.);
#1020=ORIENTED_EDGE('',*,*,#784,.T.);
#1021=ORIENTED_EDGE('',*,*,#785,.T.);
#1022=ORIENTED_EDGE('',*,*,#786,.T.);
#1023=ORIENTED_EDGE('',*,*,#787,.T.);
#1024=ORIENTED_EDGE('',*,*,#762,.T.);
#1025=ORIENTED_EDGE('',*,*,#785,.F.);
#1026=ORIENTED_EDGE('',*,*,#788,.T.);
#1027=ORIENTED_EDGE('',*,*,#789,.T.);
#1028=ORIENTED_EDGE('',*,*,#790,.T.);
#1029=ORIENTED_EDGE('',*,*,#787,.F.);
#1030=ORIENTED_EDGE('',*,*,#791,.T.);
#1031=ORIENTED_EDGE('',*,*,#789,.F.);
#1032=ORIENTED_EDGE('',*,*,#792,.T.);
#1033=ORIENTED_EDGE('',*,*,#783,.F.);
#1034=ORIENTED_EDGE('',*,*,#754,.T.);
#1035=ORIENTED_EDGE('',*,*,#786,.F.);
#1036=ORIENTED_EDGE('',*,*,#761,.T.);
#1037=ORIENTED_EDGE('',*,*,#793,.T.);
#1038=ORIENTED_EDGE('',*,*,#755,.F.);
#1039=ORIENTED_EDGE('',*,*,#784,.F.);
#1040=ORIENTED_EDGE('',*,*,#792,.F.);
#1041=ORIENTED_EDGE('',*,*,#791,.F.);
#1042=ORIENTED_EDGE('',*,*,#788,.F.);
#1043=ORIENTED_EDGE('',*,*,#794,.T.);
#1044=ORIENTED_EDGE('',*,*,#795,.T.);
#1045=ORIENTED_EDGE('',*,*,#796,.T.);
#1046=ORIENTED_EDGE('',*,*,#797,.F.);
#1047=ORIENTED_EDGE('',*,*,#798,.T.);
#1048=ORIENTED_EDGE('',*,*,#799,.F.);
#1049=ORIENTED_EDGE('',*,*,#800,.T.);
#1050=ORIENTED_EDGE('',*,*,#801,.F.);
#1051=ORIENTED_EDGE('',*,*,#802,.T.);
#1052=ORIENTED_EDGE('',*,*,#803,.F.);
#1053=ORIENTED_EDGE('',*,*,#804,.T.);
#1054=ORIENTED_EDGE('',*,*,#805,.F.);
#1055=ORIENTED_EDGE('',*,*,#806,.T.);
#1056=ORIENTED_EDGE('',*,*,#807,.F.);
#1057=ORIENTED_EDGE('',*,*,#808,.T.);
#1058=ORIENTED_EDGE('',*,*,#809,.F.);
#1059=ORIENTED_EDGE('',*,*,#810,.T.);
#1060=ORIENTED_EDGE('',*,*,#811,.F.);
#1061=ORIENTED_EDGE('',*,*,#812,.T.);
#1062=ORIENTED_EDGE('',*,*,#748,.T.);
#1063=ORIENTED_EDGE('',*,*,#813,.T.);
#1064=ORIENTED_EDGE('',*,*,#814,.T.);
#1065=ORIENTED_EDGE('',*,*,#815,.T.);
#1066=ORIENTED_EDGE('',*,*,#816,.T.);
#1067=ORIENTED_EDGE('',*,*,#813,.F.);
#1068=ORIENTED_EDGE('',*,*,#817,.T.);
#1069=ORIENTED_EDGE('',*,*,#818,.T.);
#1070=ORIENTED_EDGE('',*,*,#819,.T.);
#1071=ORIENTED_EDGE('',*,*,#815,.F.);
#1072=ORIENTED_EDGE('',*,*,#768,.T.);
#1073=ORIENTED_EDGE('',*,*,#812,.F.);
#1074=ORIENTED_EDGE('',*,*,#820,.T.);
#1075=ORIENTED_EDGE('',*,*,#818,.F.);
#1076=ORIENTED_EDGE('',*,*,#821,.T.);
#1077=ORIENTED_EDGE('',*,*,#817,.F.);
#1078=ORIENTED_EDGE('',*,*,#747,.F.);
#1079=ORIENTED_EDGE('',*,*,#822,.T.);
#1080=ORIENTED_EDGE('',*,*,#769,.T.);
#1081=ORIENTED_EDGE('',*,*,#814,.F.);
#1082=ORIENTED_EDGE('',*,*,#816,.F.);
#1083=ORIENTED_EDGE('',*,*,#819,.F.);
#1084=ORIENTED_EDGE('',*,*,#820,.F.);
#1085=ORIENTED_EDGE('',*,*,#823,.T.);
#1086=ORIENTED_EDGE('',*,*,#824,.T.);
#1087=ORIENTED_EDGE('',*,*,#825,.T.);
#1088=ORIENTED_EDGE('',*,*,#826,.F.);
#1089=ORIENTED_EDGE('',*,*,#827,.T.);
#1090=ORIENTED_EDGE('',*,*,#828,.F.);
#1091=ORIENTED_EDGE('',*,*,#829,.T.);
#1092=ORIENTED_EDGE('',*,*,#830,.F.);
#1093=ORIENTED_EDGE('',*,*,#831,.T.);
#1094=ORIENTED_EDGE('',*,*,#832,.F.);
#1095=ORIENTED_EDGE('',*,*,#833,.T.);
#1096=ORIENTED_EDGE('',*,*,#834,.F.);
#1097=ORIENTED_EDGE('',*,*,#835,.T.);
#1098=ORIENTED_EDGE('',*,*,#836,.F.);
#1099=ORIENTED_EDGE('',*,*,#837,.T.);
#1100=ORIENTED_EDGE('',*,*,#838,.F.);
#1101=ORIENTED_EDGE('',*,*,#839,.T.);
#1102=ORIENTED_EDGE('',*,*,#840,.F.);
#1103=ORIENTED_EDGE('',*,*,#699,.T.);
#1104=ORIENTED_EDGE('',*,*,#841,.T.);
#1105=ORIENTED_EDGE('',*,*,#832,.T.);
#1106=ORIENTED_EDGE('',*,*,#842,.T.);
#1107=ORIENTED_EDGE('',*,*,#841,.F.);
#1108=ORIENTED_EDGE('',*,*,#698,.F.);
#1109=ORIENTED_EDGE('',*,*,#843,.F.);
#1110=ORIENTED_EDGE('',*,*,#825,.F.);
#1111=ORIENTED_EDGE('',*,*,#697,.T.);
#1112=ORIENTED_EDGE('',*,*,#844,.T.);
#1113=ORIENTED_EDGE('',*,*,#834,.T.);
#1114=ORIENTED_EDGE('',*,*,#845,.T.);
#1115=ORIENTED_EDGE('',*,*,#844,.F.);
#1116=ORIENTED_EDGE('',*,*,#696,.F.);
#1117=ORIENTED_EDGE('',*,*,#846,.F.);
#1118=ORIENTED_EDGE('',*,*,#835,.F.);
#1119=ORIENTED_EDGE('',*,*,#705,.T.);
#1120=ORIENTED_EDGE('',*,*,#847,.T.);
#1121=ORIENTED_EDGE('',*,*,#826,.T.);
#1122=ORIENTED_EDGE('',*,*,#843,.T.);
#1123=ORIENTED_EDGE('',*,*,#847,.F.);
#1124=ORIENTED_EDGE('',*,*,#704,.F.);
#1125=ORIENTED_EDGE('',*,*,#848,.F.);
#1126=ORIENTED_EDGE('',*,*,#827,.F.);
#1127=ORIENTED_EDGE('',*,*,#695,.T.);
#1128=ORIENTED_EDGE('',*,*,#849,.T.);
#1129=ORIENTED_EDGE('',*,*,#836,.T.);
#1130=ORIENTED_EDGE('',*,*,#846,.T.);
#1131=ORIENTED_EDGE('',*,*,#849,.F.);
#1132=ORIENTED_EDGE('',*,*,#694,.F.);
#1133=ORIENTED_EDGE('',*,*,#850,.F.);
#1134=ORIENTED_EDGE('',*,*,#837,.F.);
#1135=ORIENTED_EDGE('',*,*,#693,.T.);
#1136=ORIENTED_EDGE('',*,*,#851,.T.);
#1137=ORIENTED_EDGE('',*,*,#838,.T.);
#1138=ORIENTED_EDGE('',*,*,#850,.T.);
#1139=ORIENTED_EDGE('',*,*,#851,.F.);
#1140=ORIENTED_EDGE('',*,*,#692,.F.);
#1141=ORIENTED_EDGE('',*,*,#852,.F.);
#1142=ORIENTED_EDGE('',*,*,#839,.F.);
#1143=ORIENTED_EDGE('',*,*,#703,.T.);
#1144=ORIENTED_EDGE('',*,*,#853,.T.);
#1145=ORIENTED_EDGE('',*,*,#828,.T.);
#1146=ORIENTED_EDGE('',*,*,#848,.T.);
#1147=ORIENTED_EDGE('',*,*,#853,.F.);
#1148=ORIENTED_EDGE('',*,*,#702,.F.);
#1149=ORIENTED_EDGE('',*,*,#854,.F.);
#1150=ORIENTED_EDGE('',*,*,#829,.F.);
#1151=ORIENTED_EDGE('',*,*,#701,.T.);
#1152=ORIENTED_EDGE('',*,*,#855,.T.);
#1153=ORIENTED_EDGE('',*,*,#830,.T.);
#1154=ORIENTED_EDGE('',*,*,#854,.T.);
#1155=ORIENTED_EDGE('',*,*,#842,.F.);
#1156=ORIENTED_EDGE('',*,*,#831,.F.);
#1157=ORIENTED_EDGE('',*,*,#855,.F.);
#1158=ORIENTED_EDGE('',*,*,#700,.F.);
#1159=ORIENTED_EDGE('',*,*,#691,.T.);
#1160=ORIENTED_EDGE('',*,*,#856,.T.);
#1161=ORIENTED_EDGE('',*,*,#840,.T.);
#1162=ORIENTED_EDGE('',*,*,#852,.T.);
#1163=ORIENTED_EDGE('',*,*,#845,.F.);
#1164=ORIENTED_EDGE('',*,*,#833,.F.);
#1165=ORIENTED_EDGE('',*,*,#856,.F.);
#1166=ORIENTED_EDGE('',*,*,#690,.F.);
#1167=ORIENTED_EDGE('',*,*,#797,.T.);
#1168=ORIENTED_EDGE('',*,*,#857,.T.);
#1169=ORIENTED_EDGE('',*,*,#728,.T.);
#1170=ORIENTED_EDGE('',*,*,#858,.T.);
#1171=ORIENTED_EDGE('',*,*,#857,.F.);
#1172=ORIENTED_EDGE('',*,*,#796,.F.);
#1173=ORIENTED_EDGE('',*,*,#859,.F.);
#1174=ORIENTED_EDGE('',*,*,#721,.F.);
#1175=ORIENTED_EDGE('',*,*,#799,.T.);
#1176=ORIENTED_EDGE('',*,*,#860,.T.);
#1177=ORIENTED_EDGE('',*,*,#726,.T.);
#1178=ORIENTED_EDGE('',*,*,#861,.T.);
#1179=ORIENTED_EDGE('',*,*,#858,.F.);
#1180=ORIENTED_EDGE('',*,*,#727,.F.);
#1181=ORIENTED_EDGE('',*,*,#860,.F.);
#1182=ORIENTED_EDGE('',*,*,#798,.F.);
#1183=ORIENTED_EDGE('',*,*,#801,.T.);
#1184=ORIENTED_EDGE('',*,*,#862,.T.);
#1185=ORIENTED_EDGE('',*,*,#724,.T.);
#1186=ORIENTED_EDGE('',*,*,#863,.T.);
#1187=ORIENTED_EDGE('',*,*,#861,.F.);
#1188=ORIENTED_EDGE('',*,*,#725,.F.);
#1189=ORIENTED_EDGE('',*,*,#862,.F.);
#1190=ORIENTED_EDGE('',*,*,#800,.F.);
#1191=ORIENTED_EDGE('',*,*,#803,.T.);
#1192=ORIENTED_EDGE('',*,*,#864,.T.);
#1193=ORIENTED_EDGE('',*,*,#722,.T.);
#1194=ORIENTED_EDGE('',*,*,#859,.T.);
#1195=ORIENTED_EDGE('',*,*,#863,.F.);
#1196=ORIENTED_EDGE('',*,*,#723,.F.);
#1197=ORIENTED_EDGE('',*,*,#864,.F.);
#1198=ORIENTED_EDGE('',*,*,#802,.F.);
#1199=ORIENTED_EDGE('',*,*,#809,.T.);
#1200=ORIENTED_EDGE('',*,*,#865,.T.);
#1201=ORIENTED_EDGE('',*,*,#716,.T.);
#1202=ORIENTED_EDGE('',*,*,#866,.T.);
#1203=ORIENTED_EDGE('',*,*,#865,.F.);
#1204=ORIENTED_EDGE('',*,*,#808,.F.);
#1205=ORIENTED_EDGE('',*,*,#867,.F.);
#1206=ORIENTED_EDGE('',*,*,#717,.F.);
#1207=ORIENTED_EDGE('',*,*,#811,.T.);
#1208=ORIENTED_EDGE('',*,*,#868,.T.);
#1209=ORIENTED_EDGE('',*,*,#714,.T.);
#1210=ORIENTED_EDGE('',*,*,#869,.T.);
#1211=ORIENTED_EDGE('',*,*,#866,.F.);
#1212=ORIENTED_EDGE('',*,*,#715,.F.);
#1213=ORIENTED_EDGE('',*,*,#868,.F.);
#1214=ORIENTED_EDGE('',*,*,#810,.F.);
#1215=ORIENTED_EDGE('',*,*,#805,.T.);
#1216=ORIENTED_EDGE('',*,*,#870,.T.);
#1217=ORIENTED_EDGE('',*,*,#720,.T.);
#1218=ORIENTED_EDGE('',*,*,#871,.T.);
#1219=ORIENTED_EDGE('',*,*,#869,.F.);
#1220=ORIENTED_EDGE('',*,*,#713,.F.);
#1221=ORIENTED_EDGE('',*,*,#870,.F.);
#1222=ORIENTED_EDGE('',*,*,#804,.F.);
#1223=ORIENTED_EDGE('',*,*,#807,.T.);
#1224=ORIENTED_EDGE('',*,*,#872,.T.);
#1225=ORIENTED_EDGE('',*,*,#718,.T.);
#1226=ORIENTED_EDGE('',*,*,#867,.T.);
#1227=ORIENTED_EDGE('',*,*,#871,.F.);
#1228=ORIENTED_EDGE('',*,*,#719,.F.);
#1229=ORIENTED_EDGE('',*,*,#872,.F.);
#1230=ORIENTED_EDGE('',*,*,#806,.F.);
#1231=ORIENTED_EDGE('',*,*,#795,.F.);
#1232=ORIENTED_EDGE('',*,*,#873,.T.);
#1233=ORIENTED_EDGE('',*,*,#874,.F.);
#1234=ORIENTED_EDGE('',*,*,#873,.F.);
#1235=ORIENTED_EDGE('',*,*,#875,.F.);
#1236=ORIENTED_EDGE('',*,*,#876,.T.);
#1237=ORIENTED_EDGE('',*,*,#824,.F.);
#1238=ORIENTED_EDGE('',*,*,#876,.F.);
#1239=ORIENTED_EDGE('',*,*,#794,.F.);
#1240=ORIENTED_EDGE('',*,*,#877,.T.);
#1241=ORIENTED_EDGE('',*,*,#878,.F.);
#1242=ORIENTED_EDGE('',*,*,#877,.F.);
#1243=ORIENTED_EDGE('',*,*,#879,.F.);
#1244=ORIENTED_EDGE('',*,*,#880,.T.);
#1245=ORIENTED_EDGE('',*,*,#823,.F.);
#1246=ORIENTED_EDGE('',*,*,#880,.F.);
#1247=ORIENTED_EDGE('',*,*,#739,.T.);
#1248=ORIENTED_EDGE('',*,*,#735,.F.);
#1249=ORIENTED_EDGE('',*,*,#770,.F.);
#1250=ORIENTED_EDGE('',*,*,#822,.F.);
#1251=ORIENTED_EDGE('',*,*,#746,.F.);
#1252=ORIENTED_EDGE('',*,*,#742,.F.);
#1253=ORIENTED_EDGE('',*,*,#875,.T.);
#1254=ORIENTED_EDGE('',*,*,#741,.T.);
#1255=ORIENTED_EDGE('',*,*,#744,.F.);
#1256=ORIENTED_EDGE('',*,*,#745,.F.);
#1257=ORIENTED_EDGE('',*,*,#793,.F.);
#1258=ORIENTED_EDGE('',*,*,#760,.F.);
#1259=ORIENTED_EDGE('',*,*,#737,.F.);
#1260=ORIENTED_EDGE('',*,*,#874,.T.);
#1261=ORIENTED_EDGE('',*,*,#777,.T.);
#1262=ORIENTED_EDGE('',*,*,#774,.F.);
#1263=ORIENTED_EDGE('',*,*,#750,.F.);
#1264=ORIENTED_EDGE('',*,*,#881,.F.);
#1265=ORIENTED_EDGE('',*,*,#766,.F.);
#1266=ORIENTED_EDGE('',*,*,#781,.F.);
#1267=ORIENTED_EDGE('',*,*,#879,.T.);
#1268=ORIENTED_EDGE('',*,*,#821,.F.);
#1269=ORIENTED_EDGE('',*,*,#767,.F.);
#1270=ORIENTED_EDGE('',*,*,#881,.T.);
#1271=ORIENTED_EDGE('',*,*,#749,.T.);
#1272=ORIENTED_EDGE('',*,*,#779,.T.);
#1273=ORIENTED_EDGE('',*,*,#782,.F.);
#1274=ORIENTED_EDGE('',*,*,#764,.F.);
#1275=ORIENTED_EDGE('',*,*,#882,.F.);
#1276=ORIENTED_EDGE('',*,*,#752,.F.);
#1277=ORIENTED_EDGE('',*,*,#776,.F.);
#1278=ORIENTED_EDGE('',*,*,#878,.T.);
#1279=ORIENTED_EDGE('',*,*,#790,.F.);
#1280=ORIENTED_EDGE('',*,*,#753,.T.);
#1281=ORIENTED_EDGE('',*,*,#882,.T.);
#1282=ORIENTED_EDGE('',*,*,#763,.F.);
#1283=CYLINDRICAL_SURFACE('',#1409,1.);
#1284=CYLINDRICAL_SURFACE('',#1421,1.);
#1285=CYLINDRICAL_SURFACE('',#1433,1.);
#1286=CYLINDRICAL_SURFACE('',#1436,1.);
#1287=CYLINDRICAL_SURFACE('',#1439,1.);
#1288=CYLINDRICAL_SURFACE('',#1443,1.);
#1289=CYLINDRICAL_SURFACE('',#1447,1.);
#1290=CYLINDRICAL_SURFACE('',#1449,1.);
#1291=CYLINDRICAL_SURFACE('',#1451,1.);
#1292=CYLINDRICAL_SURFACE('',#1452,1.);
#1293=CYLINDRICAL_SURFACE('',#1456,1.);
#1294=CYLINDRICAL_SURFACE('',#1458,1.);
#1295=CYLINDRICAL_SURFACE('',#1466,1.);
#1296=CYLINDRICAL_SURFACE('',#1472,1.);
#1297=CYLINDRICAL_SURFACE('',#1473,12.5);
#1298=CYLINDRICAL_SURFACE('',#1486,12.5);
#1299=CYLINDRICAL_SURFACE('',#1499,3.);
#1300=CYLINDRICAL_SURFACE('',#1501,3.);
#1301=CYLINDRICAL_SURFACE('',#1503,3.);
#1302=CYLINDRICAL_SURFACE('',#1505,3.);
#1303=CYLINDRICAL_SURFACE('',#1507,3.);
#1304=CYLINDRICAL_SURFACE('',#1509,3.);
#1305=CYLINDRICAL_SURFACE('',#1511,3.);
#1306=CYLINDRICAL_SURFACE('',#1513,3.);
#1307=CYLINDRICAL_SURFACE('',#1515,3.);
#1308=CYLINDRICAL_SURFACE('',#1517,3.);
#1309=CYLINDRICAL_SURFACE('',#1519,3.);
#1310=CYLINDRICAL_SURFACE('',#1521,3.);
#1311=CYLINDRICAL_SURFACE('',#1523,3.);
#1312=CYLINDRICAL_SURFACE('',#1525,3.);
#1313=CYLINDRICAL_SURFACE('',#1527,3.);
#1314=CYLINDRICAL_SURFACE('',#1529,3.);
#1315=CYLINDRICAL_SURFACE('',#1531,3.00000000000001);
#1316=CYLINDRICAL_SURFACE('',#1533,3.00000000000001);
#1317=CYLINDRICAL_SURFACE('',#1535,3.);
#1318=CYLINDRICAL_SURFACE('',#1537,3.);
#1319=CYLINDRICAL_SURFACE('',#1543,12.5);
#1320=CYLINDRICAL_SURFACE('',#1546,12.5);
#1321=ADVANCED_FACE('',(#141),#1283,.T.);
#1322=ADVANCED_FACE('',(#142,#33,#34),#111,.F.);
#1323=ADVANCED_FACE('',(#143),#1284,.T.);
#1324=ADVANCED_FACE('',(#144,#35,#36),#112,.F.);
#1325=ADVANCED_FACE('',(#145),#1285,.T.);
#1326=ADVANCED_FACE('',(#146),#1286,.T.);
#1327=ADVANCED_FACE('',(#147),#1287,.T.);
#1328=ADVANCED_FACE('',(#148),#113,.T.);
#1329=ADVANCED_FACE('',(#149),#1288,.T.);
#1330=ADVANCED_FACE('',(#150,#37),#114,.T.);
#1331=ADVANCED_FACE('',(#151),#1289,.T.);
#1332=ADVANCED_FACE('',(#152,#38),#115,.T.);
#1333=ADVANCED_FACE('',(#153),#1290,.T.);
#1334=ADVANCED_FACE('',(#154),#116,.T.);
#1335=ADVANCED_FACE('',(#155),#1291,.T.);
#1336=ADVANCED_FACE('',(#156),#1292,.T.);
#1337=ADVANCED_FACE('',(#157),#117,.T.);
#1338=ADVANCED_FACE('',(#158),#1293,.T.);
#1339=ADVANCED_FACE('',(#159),#118,.T.);
#1340=ADVANCED_FACE('',(#160),#1294,.T.);
#1341=ADVANCED_FACE('',(#161),#19,.T.);
#1342=ADVANCED_FACE('',(#162),#1295,.T.);
#1343=ADVANCED_FACE('',(#163),#20,.T.);
#1344=ADVANCED_FACE('',(#164),#1296,.T.);
#1345=ADVANCED_FACE('',(#165),#1297,.T.);
#1346=ADVANCED_FACE('',(#166,#39,#40,#41,#42),#119,.F.);
#1347=ADVANCED_FACE('',(#167),#15,.T.);
#1348=ADVANCED_FACE('',(#168),#16,.T.);
#1349=ADVANCED_FACE('',(#169),#17,.T.);
#1350=ADVANCED_FACE('',(#170),#18,.T.);
#1351=ADVANCED_FACE('',(#171),#1298,.T.);
#1352=ADVANCED_FACE('',(#172,#43,#44,#45,#46),#120,.T.);
#1353=ADVANCED_FACE('',(#173),#1299,.F.);
#1354=ADVANCED_FACE('',(#174),#121,.F.);
#1355=ADVANCED_FACE('',(#175),#1300,.F.);
#1356=ADVANCED_FACE('',(#176),#122,.F.);
#1357=ADVANCED_FACE('',(#177),#1301,.F.);
#1358=ADVANCED_FACE('',(#178),#123,.F.);
#1359=ADVANCED_FACE('',(#179),#1302,.F.);
#1360=ADVANCED_FACE('',(#180),#124,.F.);
#1361=ADVANCED_FACE('',(#181),#1303,.F.);
#1362=ADVANCED_FACE('',(#182),#125,.F.);
#1363=ADVANCED_FACE('',(#183),#1304,.F.);
#1364=ADVANCED_FACE('',(#184),#126,.F.);
#1365=ADVANCED_FACE('',(#185),#1305,.F.);
#1366=ADVANCED_FACE('',(#186),#127,.F.);
#1367=ADVANCED_FACE('',(#187),#1306,.F.);
#1368=ADVANCED_FACE('',(#188),#128,.F.);
#1369=ADVANCED_FACE('',(#189),#1307,.F.);
#1370=ADVANCED_FACE('',(#190),#129,.F.);
#1371=ADVANCED_FACE('',(#191),#1308,.F.);
#1372=ADVANCED_FACE('',(#192),#130,.F.);
#1373=ADVANCED_FACE('',(#193),#1309,.F.);
#1374=ADVANCED_FACE('',(#194),#131,.F.);
#1375=ADVANCED_FACE('',(#195),#1310,.F.);
#1376=ADVANCED_FACE('',(#196),#132,.F.);
#1377=ADVANCED_FACE('',(#197),#1311,.F.);
#1378=ADVANCED_FACE('',(#198),#133,.F.);
#1379=ADVANCED_FACE('',(#199),#1312,.F.);
#1380=ADVANCED_FACE('',(#200),#134,.F.);
#1381=ADVANCED_FACE('',(#201),#1313,.F.);
#1382=ADVANCED_FACE('',(#202),#135,.F.);
#1383=ADVANCED_FACE('',(#203),#1314,.F.);
#1384=ADVANCED_FACE('',(#204),#136,.F.);
#1385=ADVANCED_FACE('',(#205),#1315,.F.);
#1386=ADVANCED_FACE('',(#206),#1316,.F.);
#1387=ADVANCED_FACE('',(#207),#1317,.F.);
#1388=ADVANCED_FACE('',(#208),#1318,.F.);
#1389=ADVANCED_FACE('',(#209,#47),#137,.F.);
#1390=ADVANCED_FACE('',(#210,#48),#138,.F.);
#1391=ADVANCED_FACE('',(#211,#49),#139,.F.);
#1392=ADVANCED_FACE('',(#212),#1319,.T.);
#1393=ADVANCED_FACE('',(#213,#50),#140,.F.);
#1394=ADVANCED_FACE('',(#214),#1320,.T.);
#1395=CLOSED_SHELL('',(#1321,#1322,#1323,#1324,#1325,#1326,#1327,#1328,
#1329,#1330,#1331,#1332,#1333,#1334,#1335,#1336,#1337,#1338,#1339,#1340,
#1341,#1342,#1343,#1344,#1345,#1346,#1347,#1348,#1349,#1350,#1351,#1352,
#1353,#1354,#1355,#1356,#1357,#1358,#1359,#1360,#1361,#1362,#1363,#1364,
#1365,#1366,#1367,#1368,#1369,#1370,#1371,#1372,#1373,#1374,#1375,#1376,
#1377,#1378,#1379,#1380,#1381,#1382,#1383,#1384,#1385,#1386,#1387,#1388,
#1389,#1390,#1391,#1392,#1393,#1394));
#1396=DERIVED_UNIT_ELEMENT(#1398,1.);
#1397=DERIVED_UNIT_ELEMENT(#2879,-3.);
#1398=(
MASS_UNIT()
NAMED_UNIT(*)
SI_UNIT(.KILO.,.GRAM.)
);
#1399=DERIVED_UNIT((#1396,#1397));
#1400=MEASURE_REPRESENTATION_ITEM('density measure',
POSITIVE_RATIO_MEASURE(7850.),#1399);
#1401=PROPERTY_DEFINITION_REPRESENTATION(#1406,#1403);
#1402=PROPERTY_DEFINITION_REPRESENTATION(#1407,#1404);
#1403=REPRESENTATION('material name',(#1405),#2876);
#1404=REPRESENTATION('density',(#1400),#2876);
#1405=DESCRIPTIVE_REPRESENTATION_ITEM('Steel','Steel');
#1406=PROPERTY_DEFINITION('material property','material name',#2886);
#1407=PROPERTY_DEFINITION('material property','density of part',#2886);
#1408=AXIS2_PLACEMENT_3D('',#1945,#1547,#1548);
#1409=AXIS2_PLACEMENT_3D('',#1946,#1549,#1550);
#1410=AXIS2_PLACEMENT_3D('',#1949,#1551,#1552);
#1411=AXIS2_PLACEMENT_3D('',#1953,#1554,#1555);
#1412=AXIS2_PLACEMENT_3D('',#1955,#1557,#1558);
#1413=AXIS2_PLACEMENT_3D('',#1965,#1563,#1564);
#1414=AXIS2_PLACEMENT_3D('',#1969,#1566,#1567);
#1415=AXIS2_PLACEMENT_3D('',#1973,#1569,#1570);
#1416=AXIS2_PLACEMENT_3D('',#1976,#1572,#1573);
#1417=AXIS2_PLACEMENT_3D('',#1981,#1575,#1576);
#1418=AXIS2_PLACEMENT_3D('',#1985,#1578,#1579);
#1419=AXIS2_PLACEMENT_3D('',#1989,#1581,#1582);
#1420=AXIS2_PLACEMENT_3D('',#1992,#1584,#1585);
#1421=AXIS2_PLACEMENT_3D('',#1993,#1586,#1587);
#1422=AXIS2_PLACEMENT_3D('',#1996,#1588,#1589);
#1423=AXIS2_PLACEMENT_3D('',#2000,#1591,#1592);
#1424=AXIS2_PLACEMENT_3D('',#2002,#1594,#1595);
#1425=AXIS2_PLACEMENT_3D('',#2012,#1600,#1601);
#1426=AXIS2_PLACEMENT_3D('',#2016,#1603,#1604);
#1427=AXIS2_PLACEMENT_3D('',#2020,#1606,#1607);
#1428=AXIS2_PLACEMENT_3D('',#2023,#1609,#1610);
#1429=AXIS2_PLACEMENT_3D('',#2028,#1612,#1613);
#1430=AXIS2_PLACEMENT_3D('',#2032,#1615,#1616);
#1431=AXIS2_PLACEMENT_3D('',#2036,#1618,#1619);
#1432=AXIS2_PLACEMENT_3D('',#2039,#1621,#1622);
#1433=AXIS2_PLACEMENT_3D('',#2040,#1623,#1624);
#1434=AXIS2_PLACEMENT_3D('',#2042,#1625,#1626);
#1435=AXIS2_PLACEMENT_3D('',#2044,#1627,#1628);
#1436=AXIS2_PLACEMENT_3D('',#2046,#1630,#1631);
#1437=AXIS2_PLACEMENT_3D('',#2048,#1632,#1633);
#1438=AXIS2_PLACEMENT_3D('',#2050,#1634,#1635);
#1439=AXIS2_PLACEMENT_3D('',#2052,#1637,#1638);
#1440=AXIS2_PLACEMENT_3D('',#2055,#1639,#1640);
#1441=AXIS2_PLACEMENT_3D('',#2059,#1642,#1643);
#1442=AXIS2_PLACEMENT_3D('',#2061,#1645,#1646);
#1443=AXIS2_PLACEMENT_3D('',#2067,#1650,#1651);
#1444=AXIS2_PLACEMENT_3D('',#2069,#1652,#1653);
#1445=AXIS2_PLACEMENT_3D('',#2072,#1655,#1656);
#1446=AXIS2_PLACEMENT_3D('',#2073,#1657,#1658);
#1447=AXIS2_PLACEMENT_3D('',#2107,#1671,#1672);
#1448=AXIS2_PLACEMENT_3D('',#2110,#1675,#1676);
#1449=AXIS2_PLACEMENT_3D('',#2143,#1688,#1689);
#1450=AXIS2_PLACEMENT_3D('',#2145,#1691,#1692);
#1451=AXIS2_PLACEMENT_3D('',#2146,#1693,#1694);
#1452=AXIS2_PLACEMENT_3D('',#2148,#1696,#1697);
#1453=AXIS2_PLACEMENT_3D('',#2150,#1698,#1699);
#1454=AXIS2_PLACEMENT_3D('',#2153,#1701,#1702);
#1455=AXIS2_PLACEMENT_3D('',#2154,#1703,#1704);
#1456=AXIS2_PLACEMENT_3D('',#2160,#1708,#1709);
#1457=AXIS2_PLACEMENT_3D('',#2162,#1711,#1712);
#1458=AXIS2_PLACEMENT_3D('',#2163,#1713,#1714);
#1459=AXIS2_PLACEMENT_3D('',#2164,#1715,#1716);
#1460=AXIS2_PLACEMENT_3D('',#2165,#1717,#1718);
#1461=AXIS2_PLACEMENT_3D('',#2166,#1719,#1720);
#1462=AXIS2_PLACEMENT_3D('',#2168,#1721,#1722);
#1463=AXIS2_PLACEMENT_3D('',#2170,#1723,#1724);
#1464=AXIS2_PLACEMENT_3D('',#2171,#1725,#1726);
#1465=AXIS2_PLACEMENT_3D('',#2172,#1727,#1728);
#1466=AXIS2_PLACEMENT_3D('',#2173,#1729,#1730);
#1467=AXIS2_PLACEMENT_3D('',#2175,#1731,#1732);
#1468=AXIS2_PLACEMENT_3D('',#2177,#1734,#1735);
#1469=AXIS2_PLACEMENT_3D('',#2179,#1736,#1737);
#1470=AXIS2_PLACEMENT_3D('',#2180,#1738,#1739);
#1471=AXIS2_PLACEMENT_3D('',#2181,#1740,#1741);
#1472=AXIS2_PLACEMENT_3D('',#2182,#1742,#1743);
#1473=AXIS2_PLACEMENT_3D('',#2184,#1745,#1746);
#1474=AXIS2_PLACEMENT_3D('',#2185,#1747,#1748);
#1475=AXIS2_PLACEMENT_3D('',#2186,#1749,#1750);
#1476=AXIS2_PLACEMENT_3D('',#2188,#1751,#1752);
#1477=AXIS2_PLACEMENT_3D('',#2190,#1753,#1754);
#1478=AXIS2_PLACEMENT_3D('',#2195,#1756,#1757);
#1479=AXIS2_PLACEMENT_3D('',#2199,#1759,#1760);
#1480=AXIS2_PLACEMENT_3D('',#2203,#1762,#1763);
#1481=AXIS2_PLACEMENT_3D('',#2206,#1765,#1766);
#1482=AXIS2_PLACEMENT_3D('',#2211,#1768,#1769);
#1483=AXIS2_PLACEMENT_3D('',#2215,#1771,#1772);
#1484=AXIS2_PLACEMENT_3D('',#2219,#1774,#1775);
#1485=AXIS2_PLACEMENT_3D('',#2222,#1777,#1778);
#1486=AXIS2_PLACEMENT_3D('',#2747,#1779,#1780);
#1487=AXIS2_PLACEMENT_3D('',#2748,#1781,#1782);
#1488=AXIS2_PLACEMENT_3D('',#2749,#1783,#1784);
#1489=AXIS2_PLACEMENT_3D('',#2751,#1785,#1786);
#1490=AXIS2_PLACEMENT_3D('',#2753,#1787,#1788);
#1491=AXIS2_PLACEMENT_3D('',#2758,#1790,#1791);
#1492=AXIS2_PLACEMENT_3D('',#2762,#1793,#1794);
#1493=AXIS2_PLACEMENT_3D('',#2766,#1796,#1797);
#1494=AXIS2_PLACEMENT_3D('',#2769,#1799,#1800);
#1495=AXIS2_PLACEMENT_3D('',#2774,#1802,#1803);
#1496=AXIS2_PLACEMENT_3D('',#2778,#1805,#1806);
#1497=AXIS2_PLACEMENT_3D('',#2782,#1808,#1809);
#1498=AXIS2_PLACEMENT_3D('',#2785,#1811,#1812);
#1499=AXIS2_PLACEMENT_3D('',#2786,#1813,#1814);
#1500=AXIS2_PLACEMENT_3D('',#2789,#1817,#1818);
#1501=AXIS2_PLACEMENT_3D('',#2791,#1820,#1821);
#1502=AXIS2_PLACEMENT_3D('',#2794,#1824,#1825);
#1503=AXIS2_PLACEMENT_3D('',#2796,#1827,#1828);
#1504=AXIS2_PLACEMENT_3D('',#2798,#1830,#1831);
#1505=AXIS2_PLACEMENT_3D('',#2800,#1833,#1834);
#1506=AXIS2_PLACEMENT_3D('',#2802,#1836,#1837);
#1507=AXIS2_PLACEMENT_3D('',#2804,#1839,#1840);
#1508=AXIS2_PLACEMENT_3D('',#2806,#1842,#1843);
#1509=AXIS2_PLACEMENT_3D('',#2808,#1845,#1846);
#1510=AXIS2_PLACEMENT_3D('',#2810,#1848,#1849);
#1511=AXIS2_PLACEMENT_3D('',#2812,#1851,#1852);
#1512=AXIS2_PLACEMENT_3D('',#2814,#1854,#1855);
#1513=AXIS2_PLACEMENT_3D('',#2815,#1856,#1857);
#1514=AXIS2_PLACEMENT_3D('',#2817,#1859,#1860);
#1515=AXIS2_PLACEMENT_3D('',#2818,#1861,#1862);
#1516=AXIS2_PLACEMENT_3D('',#2821,#1865,#1866);
#1517=AXIS2_PLACEMENT_3D('',#2823,#1868,#1869);
#1518=AXIS2_PLACEMENT_3D('',#2826,#1872,#1873);
#1519=AXIS2_PLACEMENT_3D('',#2827,#1874,#1875);
#1520=AXIS2_PLACEMENT_3D('',#2830,#1878,#1879);
#1521=AXIS2_PLACEMENT_3D('',#2831,#1880,#1881);
#1522=AXIS2_PLACEMENT_3D('',#2833,#1883,#1884);
#1523=AXIS2_PLACEMENT_3D('',#2834,#1885,#1886);
#1524=AXIS2_PLACEMENT_3D('',#2837,#1889,#1890);
#1525=AXIS2_PLACEMENT_3D('',#2839,#1892,#1893);
#1526=AXIS2_PLACEMENT_3D('',#2842,#1896,#1897);
#1527=AXIS2_PLACEMENT_3D('',#2843,#1898,#1899);
#1528=AXIS2_PLACEMENT_3D('',#2846,#1902,#1903);
#1529=AXIS2_PLACEMENT_3D('',#2847,#1904,#1905);
#1530=AXIS2_PLACEMENT_3D('',#2849,#1907,#1908);
#1531=AXIS2_PLACEMENT_3D('',#2850,#1909,#1910);
#1532=AXIS2_PLACEMENT_3D('',#2853,#1912,#1913);
#1533=AXIS2_PLACEMENT_3D('',#2854,#1914,#1915);
#1534=AXIS2_PLACEMENT_3D('',#2856,#1916,#1917);
#1535=AXIS2_PLACEMENT_3D('',#2858,#1919,#1920);
#1536=AXIS2_PLACEMENT_3D('',#2861,#1922,#1923);
#1537=AXIS2_PLACEMENT_3D('',#2862,#1924,#1925);
#1538=AXIS2_PLACEMENT_3D('',#2864,#1926,#1927);
#1539=AXIS2_PLACEMENT_3D('',#2866,#1929,#1930);
#1540=AXIS2_PLACEMENT_3D('',#2867,#1931,#1932);
#1541=AXIS2_PLACEMENT_3D('',#2868,#1933,#1934);
#1542=AXIS2_PLACEMENT_3D('',#2869,#1935,#1936);
#1543=AXIS2_PLACEMENT_3D('',#2870,#1937,#1938);
#1544=AXIS2_PLACEMENT_3D('',#2871,#1939,#1940);
#1545=AXIS2_PLACEMENT_3D('',#2872,#1941,#1942);
#1546=AXIS2_PLACEMENT_3D('',#2873,#1943,#1944);
#1547=DIRECTION('axis',(0.,0.,1.));
#1548=DIRECTION('refdir',(1.,0.,0.));
#1549=DIRECTION('center_axis',(1.,0.,0.));
#1550=DIRECTION('ref_axis',(0.,-0.707106781186544,-0.707106781186551));
#1551=DIRECTION('center_axis',(-0.707106781186548,0.,-0.707106781186548));
#1552=DIRECTION('ref_axis',(0.707106781186547,4.9065389333868E-17,-0.707106781186547));
#1553=DIRECTION('',(1.,0.,0.));
#1554=DIRECTION('center_axis',(0.707106781186548,0.,-0.707106781186548));
#1555=DIRECTION('ref_axis',(-0.707106781186547,4.9065389333868E-17,-0.707106781186547));
#1556=DIRECTION('',(-1.,0.,0.));
#1557=DIRECTION('center_axis',(0.,0.,1.));
#1558=DIRECTION('ref_axis',(-1.,0.,0.));
#1559=DIRECTION('',(0.,1.,0.));
#1560=DIRECTION('',(-1.,0.,0.));
#1561=DIRECTION('',(0.,-1.,0.));
#1562=DIRECTION('',(0.,-1.,0.));
#1563=DIRECTION('center_axis',(0.,0.,-1.));
#1564=DIRECTION('ref_axis',(-0.707106781186547,-0.707106781186548,0.));
#1565=DIRECTION('',(1.,0.,0.));
#1566=DIRECTION('center_axis',(0.,0.,-1.));
#1567=DIRECTION('ref_axis',(0.707106781186549,-0.707106781186546,0.));
#1568=DIRECTION('',(0.,1.,0.));
#1569=DIRECTION('center_axis',(0.,0.,-1.));
#1570=DIRECTION('ref_axis',(0.707106781186545,0.70710678118655,0.));
#1571=DIRECTION('',(-1.,0.,0.));
#1572=DIRECTION('center_axis',(0.,0.,-1.));
#1573=DIRECTION('ref_axis',(-0.70710678118655,0.707106781186545,0.));
#1574=DIRECTION('',(-1.,0.,0.));
#1575=DIRECTION('center_axis',(0.,0.,-1.));
#1576=DIRECTION('ref_axis',(-0.70710678118655,0.707106781186545,0.));
#1577=DIRECTION('',(0.,-1.,0.));
#1578=DIRECTION('center_axis',(0.,0.,-1.));
#1579=DIRECTION('ref_axis',(-0.707106781186549,-0.707106781186546,0.));
#1580=DIRECTION('',(1.,0.,0.));
#1581=DIRECTION('center_axis',(0.,0.,-1.));
#1582=DIRECTION('ref_axis',(0.707106781186549,-0.707106781186546,0.));
#1583=DIRECTION('',(0.,1.,0.));
#1584=DIRECTION('center_axis',(0.,0.,-1.));
#1585=DIRECTION('ref_axis',(0.70710678118655,0.707106781186545,0.));
#1586=DIRECTION('center_axis',(-1.,0.,0.));
#1587=DIRECTION('ref_axis',(0.,-0.707106781186546,0.707106781186549));
#1588=DIRECTION('center_axis',(0.707106781186549,0.,0.707106781186546));
#1589=DIRECTION('ref_axis',(-0.707106781186546,-4.9065389333868E-17,0.707106781186549));
#1590=DIRECTION('',(-1.,0.,0.));
#1591=DIRECTION('center_axis',(-0.707106781186548,0.,0.707106781186547));
#1592=DIRECTION('ref_axis',(0.707106781186547,-1.47196168001604E-16,0.707106781186548));
#1593=DIRECTION('',(1.,0.,0.));
#1594=DIRECTION('center_axis',(0.,0.,-1.));
#1595=DIRECTION('ref_axis',(1.,0.,0.));
#1596=DIRECTION('',(0.,1.,0.));
#1597=DIRECTION('',(1.,0.,0.));
#1598=DIRECTION('',(0.,-1.,0.));
#1599=DIRECTION('',(0.,1.,0.));
#1600=DIRECTION('center_axis',(0.,0.,1.));
#1601=DIRECTION('ref_axis',(-0.70710678118655,0.707106781186545,0.));
#1602=DIRECTION('',(1.,0.,0.));
#1603=DIRECTION('center_axis',(0.,0.,1.));
#1604=DIRECTION('ref_axis',(0.707106781186545,0.70710678118655,0.));
#1605=DIRECTION('',(0.,-1.,0.));
#1606=DIRECTION('center_axis',(0.,0.,1.));
#1607=DIRECTION('ref_axis',(0.707106781186549,-0.707106781186546,0.));
#1608=DIRECTION('',(-1.,0.,0.));
#1609=DIRECTION('center_axis',(0.,0.,1.));
#1610=DIRECTION('ref_axis',(-0.707106781186547,-0.707106781186548,0.));
#1611=DIRECTION('',(1.,0.,0.));
#1612=DIRECTION('center_axis',(0.,0.,1.));
#1613=DIRECTION('ref_axis',(0.70710678118655,0.707106781186545,0.));
#1614=DIRECTION('',(0.,-1.,0.));
#1615=DIRECTION('center_axis',(0.,0.,1.));
#1616=DIRECTION('ref_axis',(0.707106781186549,-0.707106781186546,0.));
#1617=DIRECTION('',(-1.,0.,0.));
#1618=DIRECTION('center_axis',(0.,0.,1.));
#1619=DIRECTION('ref_axis',(-0.707106781186549,-0.707106781186546,0.));
#1620=DIRECTION('',(0.,1.,0.));
#1621=DIRECTION('center_axis',(0.,0.,1.));
#1622=DIRECTION('ref_axis',(-0.70710678118655,0.707106781186545,0.));
#1623=DIRECTION('center_axis',(-1.,0.,0.));
#1624=DIRECTION('ref_axis',(0.,0.707106781186544,-0.707106781186551));
#1625=DIRECTION('center_axis',(0.707106781186548,0.,-0.707106781186548));
#1626=DIRECTION('ref_axis',(-0.707106781186547,-4.9065389333868E-17,-0.707106781186547));
#1627=DIRECTION('center_axis',(-0.707106781186548,0.,-0.707106781186548));
#1628=DIRECTION('ref_axis',(0.707106781186547,-4.9065389333868E-17,-0.707106781186547));
#1629=DIRECTION('',(1.,0.,0.));
#1630=DIRECTION('center_axis',(1.,0.,0.));
#1631=DIRECTION('ref_axis',(0.,0.707106781186546,0.707106781186549));
#1632=DIRECTION('center_axis',(-0.707106781186548,0.,0.707106781186547));
#1633=DIRECTION('ref_axis',(0.707106781186547,4.9065389333868E-17,0.707106781186548));
#1634=DIRECTION('center_axis',(0.707106781186549,0.,0.707106781186546));
#1635=DIRECTION('ref_axis',(-0.707106781186546,4.9065389333868E-17,0.707106781186549));
#1636=DIRECTION('',(-1.,0.,0.));
#1637=DIRECTION('center_axis',(0.,0.,-1.));
#1638=DIRECTION('ref_axis',(-0.707106781186541,-0.707106781186554,0.));
#1639=DIRECTION('center_axis',(0.,0.,1.));
#1640=DIRECTION('ref_axis',(-0.707106781186541,-0.707106781186554,0.));
#1641=DIRECTION('',(0.,0.,-1.));
#1642=DIRECTION('center_axis',(0.,0.,-1.));
#1643=DIRECTION('ref_axis',(-0.707106781186541,-0.707106781186554,0.));
#1644=DIRECTION('',(0.,0.,1.));
#1645=DIRECTION('center_axis',(-1.,0.,0.));
#1646=DIRECTION('ref_axis',(0.,1.,0.));
#1647=DIRECTION('',(0.,-1.,0.));
#1648=DIRECTION('',(0.,0.,1.));
#1649=DIRECTION('',(0.,1.,0.));
#1650=DIRECTION('center_axis',(0.,0.,-1.));
#1651=DIRECTION('ref_axis',(-0.707106781186541,0.707106781186554,0.));
#1652=DIRECTION('center_axis',(0.,0.,1.));
#1653=DIRECTION('ref_axis',(-0.707106781186541,0.707106781186554,0.));
#1654=DIRECTION('',(0.,0.,-1.));
#1655=DIRECTION('center_axis',(0.,0.,-1.));
#1656=DIRECTION('ref_axis',(-0.707106781186541,0.707106781186554,0.));
#1657=DIRECTION('center_axis',(0.,1.,0.));
#1658=DIRECTION('ref_axis',(-1.,0.,0.));
#1659=DIRECTION('',(1.,0.,0.));
#1660=DIRECTION('',(-1.,0.,0.));
#1661=DIRECTION('',(0.,0.,1.));
#1662=DIRECTION('',(0.,0.,1.));
#1663=DIRECTION('',(-1.,0.,0.));
#1664=DIRECTION('',(0.,0.,1.));
#1665=DIRECTION('',(1.,0.,0.));
#1666=DIRECTION('',(0.,0.,1.));
#1667=DIRECTION('',(1.,0.,0.));
#1668=DIRECTION('',(0.,0.,1.));
#1669=DIRECTION('',(0.,0.,1.));
#1670=DIRECTION('',(0.,0.,-1.));
#1671=DIRECTION('center_axis',(0.,0.,-1.));
#1672=DIRECTION('ref_axis',(0.707106781186551,-0.707106781186544,0.));
#1673=DIRECTION('',(0.,0.,-1.));
#1674=DIRECTION('',(0.,0.,1.));
#1675=DIRECTION('center_axis',(0.,-1.,0.));
#1676=DIRECTION('ref_axis',(1.,0.,0.));
#1677=DIRECTION('',(-1.,0.,0.));
#1678=DIRECTION('',(0.,0.,1.));
#1679=DIRECTION('',(-1.,0.,0.));
#1680=DIRECTION('',(0.,0.,1.));
#1681=DIRECTION('',(-1.,0.,0.));
#1682=DIRECTION('',(0.,0.,-1.));
#1683=DIRECTION('',(1.,0.,0.));
#1684=DIRECTION('',(0.,0.,1.));
#1685=DIRECTION('',(0.,0.,1.));
#1686=DIRECTION('',(1.,0.,0.));
#1687=DIRECTION('',(0.,0.,1.));
#1688=DIRECTION('center_axis',(0.,0.,-1.));
#1689=DIRECTION('ref_axis',(0.707106781186541,0.707106781186554,0.));
#1690=DIRECTION('',(0.,0.,-1.));
#1691=DIRECTION('center_axis',(1.,0.,0.));
#1692=DIRECTION('ref_axis',(0.,-1.,0.));
#1693=DIRECTION('center_axis',(0.,0.,-1.));
#1694=DIRECTION('ref_axis',(-0.707106781186548,0.707106781186548,0.));
#1695=DIRECTION('',(0.,0.,1.));
#1696=DIRECTION('center_axis',(0.,0.,-1.));
#1697=DIRECTION('ref_axis',(0.707106781186551,0.707106781186544,0.));
#1698=DIRECTION('center_axis',(0.,0.,1.));
#1699=DIRECTION('ref_axis',(0.707106781186551,0.707106781186544,0.));
#1700=DIRECTION('',(0.,0.,-1.));
#1701=DIRECTION('center_axis',(0.,0.,-1.));
#1702=DIRECTION('ref_axis',(0.707106781186551,0.707106781186544,0.));
#1703=DIRECTION('center_axis',(1.,0.,0.));
#1704=DIRECTION('ref_axis',(0.,-1.,0.));
#1705=DIRECTION('',(0.,1.,0.));
#1706=DIRECTION('',(0.,0.,1.));
#1707=DIRECTION('',(0.,-1.,0.));
#1708=DIRECTION('center_axis',(0.,0.,-1.));
#1709=DIRECTION('ref_axis',(-0.707106781186548,-0.707106781186548,0.));
#1710=DIRECTION('',(0.,0.,-1.));
#1711=DIRECTION('center_axis',(-1.,0.,0.));
#1712=DIRECTION('ref_axis',(0.,1.,0.));
#1713=DIRECTION('center_axis',(0.,0.,-1.));
#1714=DIRECTION('ref_axis',(0.707106781186544,-0.707106781186551,0.));
#1715=DIRECTION('center_axis',(0.,0.,1.));
#1716=DIRECTION('ref_axis',(0.707106781186544,-0.707106781186551,0.));
#1717=DIRECTION('center_axis',(0.,0.,-1.));
#1718=DIRECTION('ref_axis',(0.707106781186544,-0.707106781186551,0.));
#1719=DIRECTION('center_axis',(0.,0.,1.));
#1720=DIRECTION('ref_axis',(-1.,0.,0.));
#1721=DIRECTION('center_axis',(-1.,0.,0.));
#1722=DIRECTION('ref_axis',(0.,1.,0.));
#1723=DIRECTION('center_axis',(0.,0.,1.));
#1724=DIRECTION('ref_axis',(-1.,0.,0.));
#1725=DIRECTION('center_axis',(-1.,0.,0.));
#1726=DIRECTION('ref_axis',(0.,0.,-1.));
#1727=DIRECTION('center_axis',(0.,0.,-1.));
#1728=DIRECTION('ref_axis',(-1.,0.,0.));
#1729=DIRECTION('center_axis',(-1.,0.,0.));
#1730=DIRECTION('ref_axis',(0.,-0.707106781186549,-0.707106781186546));
#1731=DIRECTION('center_axis',(-1.,0.,0.));
#1732=DIRECTION('ref_axis',(0.,0.,-1.));
#1733=DIRECTION('',(1.,0.,0.));
#1734=DIRECTION('center_axis',(0.,0.,1.));
#1735=DIRECTION('ref_axis',(1.,0.,0.));
#1736=DIRECTION('center_axis',(1.,0.,0.));
#1737=DIRECTION('ref_axis',(0.,0.,-1.));
#1738=DIRECTION('center_axis',(0.,0.,-1.));
#1739=DIRECTION('ref_axis',(1.,0.,0.));
#1740=DIRECTION('center_axis',(0.,0.,1.));
#1741=DIRECTION('ref_axis',(1.,0.,0.));
#1742=DIRECTION('center_axis',(1.,0.,0.));
#1743=DIRECTION('ref_axis',(0.,0.707106781186546,-0.707106781186549));
#1744=DIRECTION('',(-1.,0.,0.));
#1745=DIRECTION('center_axis',(0.,0.,1.));
#1746=DIRECTION('ref_axis',(-1.,1.22464679914735E-16,0.));
#1747=DIRECTION('center_axis',(0.,0.,-1.));
#1748=DIRECTION('ref_axis',(1.,0.,0.));
#1749=DIRECTION('center_axis',(0.,0.,1.));
#1750=DIRECTION('ref_axis',(1.,0.,0.));
#1751=DIRECTION('center_axis',(0.,0.,1.));
#1752=DIRECTION('ref_axis',(1.,0.,0.));
#1753=DIRECTION('center_axis',(0.,0.,1.));
#1754=DIRECTION('ref_axis',(1.,0.,0.));
#1755=DIRECTION('',(-1.,0.,0.));
#1756=DIRECTION('center_axis',(0.,0.,-1.));
#1757=DIRECTION('ref_axis',(-0.70710678118655,0.707106781186545,0.));
#1758=DIRECTION('',(0.,-1.,0.));
#1759=DIRECTION('center_axis',(0.,0.,-1.));
#1760=DIRECTION('ref_axis',(-0.707106781186549,-0.707106781186546,0.));
#1761=DIRECTION('',(1.,0.,0.));
#1762=DIRECTION('center_axis',(0.,0.,-1.));
#1763=DIRECTION('ref_axis',(0.707106781186549,-0.707106781186546,0.));
#1764=DIRECTION('',(0.,1.,0.));
#1765=DIRECTION('center_axis',(0.,0.,-1.));
#1766=DIRECTION('ref_axis',(0.70710678118655,0.707106781186545,0.));
#1767=DIRECTION('',(0.,-1.,0.));
#1768=DIRECTION('center_axis',(0.,0.,-1.));
#1769=DIRECTION('ref_axis',(-0.707106781186547,-0.707106781186548,0.));
#1770=DIRECTION('',(1.,0.,0.));
#1771=DIRECTION('center_axis',(0.,0.,-1.));
#1772=DIRECTION('ref_axis',(0.707106781186549,-0.707106781186546,0.));
#1773=DIRECTION('',(0.,1.,0.));
#1774=DIRECTION('center_axis',(0.,0.,-1.));
#1775=DIRECTION('ref_axis',(0.707106781186545,0.70710678118655,0.));
#1776=DIRECTION('',(-1.,0.,0.));
#1777=DIRECTION('center_axis',(0.,0.,-1.));
#1778=DIRECTION('ref_axis',(-0.70710678118655,0.707106781186545,0.));
#1779=DIRECTION('center_axis',(0.,0.,1.));
#1780=DIRECTION('ref_axis',(-1.,-1.22464679914735E-16,0.));
#1781=DIRECTION('center_axis',(0.,0.,1.));
#1782=DIRECTION('ref_axis',(1.,0.,0.));
#1783=DIRECTION('center_axis',(0.,0.,1.));
#1784=DIRECTION('ref_axis',(1.,0.,0.));
#1785=DIRECTION('center_axis',(0.,0.,-1.));
#1786=DIRECTION('ref_axis',(1.,0.,0.));
#1787=DIRECTION('center_axis',(0.,0.,-1.));
#1788=DIRECTION('ref_axis',(1.,0.,0.));
#1789=DIRECTION('',(1.,0.,0.));
#1790=DIRECTION('center_axis',(0.,0.,1.));
#1791=DIRECTION('ref_axis',(0.70710678118655,0.707106781186545,0.));
#1792=DIRECTION('',(0.,-1.,0.));
#1793=DIRECTION('center_axis',(0.,0.,1.));
#1794=DIRECTION('ref_axis',(0.707106781186549,-0.707106781186546,0.));
#1795=DIRECTION('',(-1.,0.,0.));
#1796=DIRECTION('center_axis',(0.,0.,1.));
#1797=DIRECTION('ref_axis',(-0.707106781186549,-0.707106781186546,0.));
#1798=DIRECTION('',(0.,1.,0.));
#1799=DIRECTION('center_axis',(0.,0.,1.));
#1800=DIRECTION('ref_axis',(-0.70710678118655,0.707106781186545,0.));
#1801=DIRECTION('',(0.,1.,0.));
#1802=DIRECTION('center_axis',(0.,0.,1.));
#1803=DIRECTION('ref_axis',(-0.70710678118655,0.707106781186545,0.));
#1804=DIRECTION('',(1.,0.,0.));
#1805=DIRECTION('center_axis',(0.,0.,1.));
#1806=DIRECTION('ref_axis',(0.707106781186545,0.70710678118655,0.));
#1807=DIRECTION('',(0.,-1.,0.));
#1808=DIRECTION('center_axis',(0.,0.,1.));
#1809=DIRECTION('ref_axis',(0.707106781186549,-0.707106781186546,0.));
#1810=DIRECTION('',(-1.,0.,0.));
#1811=DIRECTION('center_axis',(0.,0.,1.));
#1812=DIRECTION('ref_axis',(-0.707106781186547,-0.707106781186548,0.));
#1813=DIRECTION('center_axis',(0.,0.,1.));
#1814=DIRECTION('ref_axis',(-0.70710678118655,0.707106781186545,0.));
#1815=DIRECTION('',(0.,0.,1.));
#1816=DIRECTION('',(0.,0.,-1.));
#1817=DIRECTION('center_axis',(0.,1.,0.));
#1818=DIRECTION('ref_axis',(-1.,0.,0.));
#1819=DIRECTION('',(0.,0.,-1.));
#1820=DIRECTION('center_axis',(0.,0.,1.));
#1821=DIRECTION('ref_axis',(-0.70710678118655,0.707106781186545,0.));
#1822=DIRECTION('',(0.,0.,1.));
#1823=DIRECTION('',(0.,0.,-1.));
#1824=DIRECTION('center_axis',(0.,1.,0.));
#1825=DIRECTION('ref_axis',(-1.,0.,0.));
#1826=DIRECTION('',(0.,0.,-1.));
#1827=DIRECTION('center_axis',(0.,0.,1.));
#1828=DIRECTION('ref_axis',(0.70710678118655,0.707106781186545,0.));
#1829=DIRECTION('',(0.,0.,1.));
#1830=DIRECTION('center_axis',(1.,0.,0.));
#1831=DIRECTION('ref_axis',(0.,1.,0.));
#1832=DIRECTION('',(0.,0.,-1.));
#1833=DIRECTION('center_axis',(0.,0.,1.));
#1834=DIRECTION('ref_axis',(0.707106781186545,0.70710678118655,0.));
#1835=DIRECTION('',(0.,0.,1.));
#1836=DIRECTION('center_axis',(1.,0.,0.));
#1837=DIRECTION('ref_axis',(0.,1.,0.));
#1838=DIRECTION('',(0.,0.,-1.));
#1839=DIRECTION('center_axis',(0.,0.,1.));
#1840=DIRECTION('ref_axis',(0.707106781186549,-0.707106781186546,0.));
#1841=DIRECTION('',(0.,0.,1.));
#1842=DIRECTION('center_axis',(0.,-1.,0.));
#1843=DIRECTION('ref_axis',(1.,0.,0.));
#1844=DIRECTION('',(0.,0.,-1.));
#1845=DIRECTION('center_axis',(0.,0.,1.));
#1846=DIRECTION('ref_axis',(0.707106781186549,-0.707106781186546,0.));
#1847=DIRECTION('',(0.,0.,1.));
#1848=DIRECTION('center_axis',(0.,-1.,0.));
#1849=DIRECTION('ref_axis',(1.,0.,0.));
#1850=DIRECTION('',(0.,0.,-1.));
#1851=DIRECTION('center_axis',(0.,0.,1.));
#1852=DIRECTION('ref_axis',(-0.707106781186549,-0.707106781186546,0.));
#1853=DIRECTION('',(0.,0.,1.));
#1854=DIRECTION('center_axis',(-1.,0.,0.));
#1855=DIRECTION('ref_axis',(0.,-1.,0.));
#1856=DIRECTION('center_axis',(0.,0.,1.));
#1857=DIRECTION('ref_axis',(-0.707106781186547,-0.707106781186548,0.));
#1858=DIRECTION('',(0.,0.,1.));
#1859=DIRECTION('center_axis',(-1.,0.,0.));
#1860=DIRECTION('ref_axis',(0.,-1.,0.));
#1861=DIRECTION('center_axis',(0.,0.,1.));
#1862=DIRECTION('ref_axis',(-0.70710678118655,0.707106781186545,0.));
#1863=DIRECTION('',(0.,0.,1.));
#1864=DIRECTION('',(0.,0.,-1.));
#1865=DIRECTION('center_axis',(0.,1.,0.));
#1866=DIRECTION('ref_axis',(-1.,0.,0.));
#1867=DIRECTION('',(0.,0.,-1.));
#1868=DIRECTION('center_axis',(0.,0.,1.));
#1869=DIRECTION('ref_axis',(-0.707106781186549,-0.707106781186546,0.));
#1870=DIRECTION('',(0.,0.,1.));
#1871=DIRECTION('',(0.,0.,-1.));
#1872=DIRECTION('center_axis',(-1.,0.,0.));
#1873=DIRECTION('ref_axis',(0.,-1.,0.));
#1874=DIRECTION('center_axis',(0.,0.,1.));
#1875=DIRECTION('ref_axis',(0.707106781186549,-0.707106781186546,0.));
#1876=DIRECTION('',(0.,0.,1.));
#1877=DIRECTION('',(0.,0.,-1.));
#1878=DIRECTION('center_axis',(0.,-1.,0.));
#1879=DIRECTION('ref_axis',(1.,0.,0.));
#1880=DIRECTION('center_axis',(0.,0.,1.));
#1881=DIRECTION('ref_axis',(0.70710678118655,0.707106781186545,0.));
#1882=DIRECTION('',(0.,0.,1.));
#1883=DIRECTION('center_axis',(1.,0.,0.));
#1884=DIRECTION('ref_axis',(0.,1.,0.));
#1885=DIRECTION('center_axis',(0.,0.,1.));
#1886=DIRECTION('ref_axis',(0.707106781186545,0.70710678118655,0.));
#1887=DIRECTION('',(0.,0.,1.));
#1888=DIRECTION('',(0.,0.,-1.));
#1889=DIRECTION('center_axis',(1.,0.,0.));
#1890=DIRECTION('ref_axis',(0.,1.,0.));
#1891=DIRECTION('',(0.,0.,-1.));
#1892=DIRECTION('center_axis',(0.,0.,1.));
#1893=DIRECTION('ref_axis',(-0.70710678118655,0.707106781186545,0.));
#1894=DIRECTION('',(0.,0.,1.));
#1895=DIRECTION('',(0.,0.,-1.));
#1896=DIRECTION('center_axis',(0.,1.,0.));
#1897=DIRECTION('ref_axis',(-1.,0.,0.));
#1898=DIRECTION('center_axis',(0.,0.,1.));
#1899=DIRECTION('ref_axis',(-0.707106781186547,-0.707106781186548,0.));
#1900=DIRECTION('',(0.,0.,1.));
#1901=DIRECTION('',(0.,0.,-1.));
#1902=DIRECTION('center_axis',(-1.,0.,0.));
#1903=DIRECTION('ref_axis',(0.,-1.,0.));
#1904=DIRECTION('center_axis',(0.,0.,1.));
#1905=DIRECTION('ref_axis',(0.707106781186549,-0.707106781186546,0.));
#1906=DIRECTION('',(0.,0.,1.));
#1907=DIRECTION('center_axis',(0.,-1.,0.));
#1908=DIRECTION('ref_axis',(1.,0.,0.));
#1909=DIRECTION('center_axis',(0.,0.,1.));
#1910=DIRECTION('ref_axis',(1.,0.,0.));
#1911=DIRECTION('',(0.,0.,1.));
#1912=DIRECTION('center_axis',(0.,0.,-1.));
#1913=DIRECTION('ref_axis',(1.,0.,0.));
#1914=DIRECTION('center_axis',(0.,0.,1.));
#1915=DIRECTION('ref_axis',(1.,0.,0.));
#1916=DIRECTION('center_axis',(0.,0.,1.));
#1917=DIRECTION('ref_axis',(1.,0.,0.));
#1918=DIRECTION('',(0.,0.,1.));
#1919=DIRECTION('center_axis',(0.,0.,1.));
#1920=DIRECTION('ref_axis',(1.,0.,0.));
#1921=DIRECTION('',(0.,0.,1.));
#1922=DIRECTION('center_axis',(0.,0.,-1.));
#1923=DIRECTION('ref_axis',(1.,0.,0.));
#1924=DIRECTION('center_axis',(0.,0.,1.));
#1925=DIRECTION('ref_axis',(1.,0.,0.));
#1926=DIRECTION('center_axis',(0.,0.,1.));
#1927=DIRECTION('ref_axis',(1.,0.,0.));
#1928=DIRECTION('',(0.,0.,1.));
#1929=DIRECTION('center_axis',(0.,0.,1.));
#1930=DIRECTION('ref_axis',(-1.,0.,0.));
#1931=DIRECTION('center_axis',(0.,0.,-1.));
#1932=DIRECTION('ref_axis',(1.,0.,0.));
#1933=DIRECTION('center_axis',(0.,0.,1.));
#1934=DIRECTION('ref_axis',(-1.,0.,0.));
#1935=DIRECTION('center_axis',(0.,0.,1.));
#1936=DIRECTION('ref_axis',(1.,0.,0.));
#1937=DIRECTION('center_axis',(0.,0.,1.));
#1938=DIRECTION('ref_axis',(1.,0.,0.));
#1939=DIRECTION('center_axis',(0.,0.,-1.));
#1940=DIRECTION('ref_axis',(1.,0.,0.));
#1941=DIRECTION('center_axis',(0.,0.,-1.));
#1942=DIRECTION('ref_axis',(1.,0.,0.));
#1943=DIRECTION('center_axis',(0.,0.,1.));
#1944=DIRECTION('ref_axis',(1.,0.,0.));
#1945=CARTESIAN_POINT('',(0.,0.,0.));
#1946=CARTESIAN_POINT('Origin',(-77.5,31.,26.));
#1947=CARTESIAN_POINT('',(-103.500000447035,30.,26.));
#1948=CARTESIAN_POINT('',(-102.500000447035,31.,25.));
#1949=CARTESIAN_POINT('Origin',(-103.500000447035,31.,26.));
#1950=CARTESIAN_POINT('',(-47.4782130368376,31.,25.));
#1951=CARTESIAN_POINT('',(-77.5,31.,25.));
#1952=CARTESIAN_POINT('',(-46.4782130368376,30.,26.));
#1953=CARTESIAN_POINT('Origin',(-46.4782130368376,31.,26.));
#1954=CARTESIAN_POINT('',(-77.5,30.,26.));
#1955=CARTESIAN_POINT('Origin',(-30.,55.,25.));
#1956=CARTESIAN_POINT('',(-102.500000447035,54.,25.));
#1957=CARTESIAN_POINT('',(-102.500000447035,55.,25.));
#1958=CARTESIAN_POINT('',(-47.4782130368376,54.,25.));
#1959=CARTESIAN_POINT('',(-27.5,54.,25.));
#1960=CARTESIAN_POINT('',(-47.4782130368376,42.5000002235174,25.));
#1961=CARTESIAN_POINT('',(-70.0000010430813,47.0000007450581,25.));
#1962=CARTESIAN_POINT('',(-70.0000010430813,39.0000005364418,25.));
#1963=CARTESIAN_POINT('',(-70.0000010430813,52.500000372529,25.));
#1964=CARTESIAN_POINT('',(-67.0000010430813,36.0000005364418,25.));
#1965=CARTESIAN_POINT('Origin',(-67.0000010430813,39.0000005364418,25.));
#1966=CARTESIAN_POINT('',(-53.0000007450581,36.0000005364418,25.));
#1967=CARTESIAN_POINT('',(-50.0000005215406,36.0000005364418,25.));
#1968=CARTESIAN_POINT('',(-50.0000007450581,39.0000005364418,25.));
#1969=CARTESIAN_POINT('Origin',(-53.0000007450581,39.0000005364418,25.));
#1970=CARTESIAN_POINT('',(-50.0000007450581,47.0000007450581,25.));
#1971=CARTESIAN_POINT('',(-50.0000007450581,45.5000002682209,25.));
#1972=CARTESIAN_POINT('',(-53.0000007450581,50.0000007450581,25.));
#1973=CARTESIAN_POINT('Origin',(-53.0000007450581,47.0000007450581,25.));
#1974=CARTESIAN_POINT('',(-67.0000010430813,50.0000007450581,25.));
#1975=CARTESIAN_POINT('',(-40.000000372529,50.0000007450581,25.));
#1976=CARTESIAN_POINT('Origin',(-67.0000010430813,47.0000007450581,25.));
#1977=CARTESIAN_POINT('',(-84.0000015050173,50.0000007450581,25.));
#1978=CARTESIAN_POINT('',(-98.0000015050173,50.0000007450581,25.));
#1979=CARTESIAN_POINT('',(-55.5000007525086,50.0000007450581,25.));
#1980=CARTESIAN_POINT('',(-101.000001505017,47.0000007450581,25.));
#1981=CARTESIAN_POINT('Origin',(-98.0000015050173,47.0000007450581,25.));
#1982=CARTESIAN_POINT('',(-101.000001505017,39.0000007450581,25.));
#1983=CARTESIAN_POINT('',(-101.000001505017,52.500000372529,25.));
#1984=CARTESIAN_POINT('',(-98.0000015050173,36.0000007450581,25.));
#1985=CARTESIAN_POINT('Origin',(-98.0000015050173,39.0000007450581,25.));
#1986=CARTESIAN_POINT('',(-84.0000015050173,36.0000007450581,25.));
#1987=CARTESIAN_POINT('',(-65.5000007525086,36.0000007450581,25.));
#1988=CARTESIAN_POINT('',(-81.0000015050173,39.0000007450581,25.));
#1989=CARTESIAN_POINT('Origin',(-84.0000015050173,39.0000007450581,25.));
#1990=CARTESIAN_POINT('',(-81.0000015050173,47.0000007450581,25.));
#1991=CARTESIAN_POINT('',(-81.0000015050173,45.500000372529,25.));
#1992=CARTESIAN_POINT('Origin',(-84.0000015050173,47.0000007450581,25.));
#1993=CARTESIAN_POINT('Origin',(-122.5,31.,4.));
#1994=CARTESIAN_POINT('',(-46.4782130368376,30.,4.));
#1995=CARTESIAN_POINT('',(-47.4782130368376,31.,5.));
#1996=CARTESIAN_POINT('Origin',(-46.4782130368376,31.,4.));
#1997=CARTESIAN_POINT('',(-102.500000447035,31.,5.));
#1998=CARTESIAN_POINT('',(-122.5,31.,5.));
#1999=CARTESIAN_POINT('',(-103.500000447035,30.,4.));
#2000=CARTESIAN_POINT('Origin',(-103.500000447035,31.,4.));
#2001=CARTESIAN_POINT('',(-122.5,30.,4.));
#2002=CARTESIAN_POINT('Origin',(-120.,55.,5.));
#2003=CARTESIAN_POINT('',(-47.4782130368376,54.,5.));
#2004=CARTESIAN_POINT('',(-47.4782130368376,42.5000002235174,5.));
#2005=CARTESIAN_POINT('',(-102.500000447035,54.,5.));
#2006=CARTESIAN_POINT('',(-72.5,54.,5.));
#2007=CARTESIAN_POINT('',(-102.500000447035,55.,5.));
#2008=CARTESIAN_POINT('',(-70.0000010430813,39.0000005364418,5.));
#2009=CARTESIAN_POINT('',(-70.0000010430813,47.0000007450581,5.));
#2010=CARTESIAN_POINT('',(-70.0000010430813,52.500000372529,5.));
#2011=CARTESIAN_POINT('',(-67.0000010430813,50.0000007450581,5.));
#2012=CARTESIAN_POINT('Origin',(-67.0000010430813,47.0000007450581,5.));
#2013=CARTESIAN_POINT('',(-53.0000007450581,50.0000007450581,5.));
#2014=CARTESIAN_POINT('',(-85.000000372529,50.0000007450581,5.));
#2015=CARTESIAN_POINT('',(-50.0000007450581,47.0000007450581,5.));
#2016=CARTESIAN_POINT('Origin',(-53.0000007450581,47.0000007450581,5.));
#2017=CARTESIAN_POINT('',(-50.0000007450581,39.0000005364418,5.));
#2018=CARTESIAN_POINT('',(-50.0000007450581,45.5000002682209,5.));
#2019=CARTESIAN_POINT('',(-53.0000007450581,36.0000005364418,5.));
#2020=CARTESIAN_POINT('Origin',(-53.0000007450581,39.0000005364418,5.));
#2021=CARTESIAN_POINT('',(-67.0000010430813,36.0000005364418,5.));
#2022=CARTESIAN_POINT('',(-95.0000005215406,36.0000005364418,5.));
#2023=CARTESIAN_POINT('Origin',(-67.0000010430813,39.0000005364418,5.));
#2024=CARTESIAN_POINT('',(-98.0000015050173,50.0000007450581,5.));
#2025=CARTESIAN_POINT('',(-84.0000015050173,50.0000007450581,5.));
#2026=CARTESIAN_POINT('',(-100.500000752509,50.0000007450581,5.));
#2027=CARTESIAN_POINT('',(-81.0000015050173,47.0000007450581,5.));
#2028=CARTESIAN_POINT('Origin',(-84.0000015050173,47.0000007450581,5.));
#2029=CARTESIAN_POINT('',(-81.0000015050173,39.0000007450581,5.));
#2030=CARTESIAN_POINT('',(-81.0000015050173,45.500000372529,5.));
#2031=CARTESIAN_POINT('',(-84.0000015050173,36.0000007450581,5.));
#2032=CARTESIAN_POINT('Origin',(-84.0000015050173,39.0000007450581,5.));
#2033=CARTESIAN_POINT('',(-98.0000015050173,36.0000007450581,5.));
#2034=CARTESIAN_POINT('',(-110.500000752509,36.0000007450581,5.));
#2035=CARTESIAN_POINT('',(-101.000001505017,39.0000007450581,5.));
#2036=CARTESIAN_POINT('Origin',(-98.0000015050173,39.0000007450581,5.));
#2037=CARTESIAN_POINT('',(-101.000001505017,47.0000007450581,5.));
#2038=CARTESIAN_POINT('',(-101.000001505017,52.500000372529,5.));
#2039=CARTESIAN_POINT('Origin',(-98.0000015050173,47.0000007450581,5.));
#2040=CARTESIAN_POINT('Origin',(-27.5,54.,26.));
#2041=CARTESIAN_POINT('',(-46.4782130368376,55.,26.));
#2042=CARTESIAN_POINT('Origin',(-46.4782130368376,54.,26.));
#2043=CARTESIAN_POINT('',(-103.500000447035,55.,26.));
#2044=CARTESIAN_POINT('Origin',(-103.500000447035,54.,26.));
#2045=CARTESIAN_POINT('',(-27.5,55.,26.));
#2046=CARTESIAN_POINT('Origin',(-72.5,54.,4.));
#2047=CARTESIAN_POINT('',(-103.500000447035,55.,4.));
#2048=CARTESIAN_POINT('Origin',(-103.500000447035,54.,4.));
#2049=CARTESIAN_POINT('',(-46.4782130368376,55.,4.));
#2050=CARTESIAN_POINT('Origin',(-46.4782130368376,54.,4.));
#2051=CARTESIAN_POINT('',(-72.5,55.,4.));
#2052=CARTESIAN_POINT('Origin',(-111.500000447035,31.,12.5));
#2053=CARTESIAN_POINT('',(-111.500000447035,30.,25.));
#2054=CARTESIAN_POINT('',(-112.500000447035,31.,25.));
#2055=CARTESIAN_POINT('Origin',(-111.500000447035,31.,25.));
#2056=CARTESIAN_POINT('',(-112.500000447035,31.,5.));
#2057=CARTESIAN_POINT('',(-112.500000447035,31.,12.5));
#2058=CARTESIAN_POINT('',(-111.500000447035,30.,5.));
#2059=CARTESIAN_POINT('Origin',(-111.500000447035,31.,5.));
#2060=CARTESIAN_POINT('',(-111.500000447035,30.,12.5));
#2061=CARTESIAN_POINT('Origin',(-112.500000447035,30.0000004470348,25.));
#2062=CARTESIAN_POINT('',(-112.500000447035,54.,25.));
#2063=CARTESIAN_POINT('',(-112.500000447035,42.5000002235174,25.));
#2064=CARTESIAN_POINT('',(-112.500000447035,54.,5.));
#2065=CARTESIAN_POINT('',(-112.500000447035,54.,12.5));
#2066=CARTESIAN_POINT('',(-112.500000447035,42.5000002235174,5.));
#2067=CARTESIAN_POINT('Origin',(-111.500000447035,54.,12.5));
#2068=CARTESIAN_POINT('',(-111.500000447035,55.,25.));
#2069=CARTESIAN_POINT('Origin',(-111.500000447035,54.,25.));
#2070=CARTESIAN_POINT('',(-111.500000447035,55.,5.));
#2071=CARTESIAN_POINT('',(-111.500000447035,55.,12.5));
#2072=CARTESIAN_POINT('Origin',(-111.500000447035,54.,5.));
#2073=CARTESIAN_POINT('Origin',(-25.,55.,0.));
#2074=CARTESIAN_POINT('',(-125.,55.,5.00000008940697));
#2075=CARTESIAN_POINT('',(-27.5,55.,5.));
#2076=CARTESIAN_POINT('',(-125.,55.0000008195639,25.0000003576279));
#2077=CARTESIAN_POINT('',(-27.5,55.,25.));
#2078=CARTESIAN_POINT('',(-125.,55.,29.));
#2079=CARTESIAN_POINT('',(-125.,55.,0.));
#2080=CARTESIAN_POINT('',(-25.,55.,29.));
#2081=CARTESIAN_POINT('Ctrl Pts',(-25.,55.,29.));
#2082=CARTESIAN_POINT('Ctrl Pts',(-29.7941274028621,55.,29.));
#2083=CARTESIAN_POINT('Ctrl Pts',(-35.6854540042639,55.,29.));
#2084=CARTESIAN_POINT('Ctrl Pts',(-45.2482515503264,55.,29.));
#2085=CARTESIAN_POINT('Ctrl Pts',(-59.5141291261876,55.,29.));
#2086=CARTESIAN_POINT('Ctrl Pts',(-77.3782521693879,55.,29.));
#2087=CARTESIAN_POINT('Ctrl Pts',(-94.0563558338732,55.,29.));
#2088=CARTESIAN_POINT('Ctrl Pts',(-103.561264259854,55.,29.));
#2089=CARTESIAN_POINT('Ctrl Pts',(-113.122966937112,55.,29.));
#2090=CARTESIAN_POINT('Ctrl Pts',(-120.205876362246,55.,29.));
#2091=CARTESIAN_POINT('Ctrl Pts',(-124.999997765155,55.,29.));
#2092=CARTESIAN_POINT('',(-25.,55.,25.));
#2093=CARTESIAN_POINT('',(-25.,55.,0.));
#2094=CARTESIAN_POINT('',(-38.4782130368376,55.,25.));
#2095=CARTESIAN_POINT('',(-27.5,55.,25.));
#2096=CARTESIAN_POINT('',(-38.4782130368376,55.,5.));
#2097=CARTESIAN_POINT('',(-38.4782130368376,55.,12.5));
#2098=CARTESIAN_POINT('',(-25.,55.,5.));
#2099=CARTESIAN_POINT('',(-27.5,55.,5.));
#2100=CARTESIAN_POINT('',(-25.,55.,1.));
#2101=CARTESIAN_POINT('',(-25.,55.,0.));
#2102=CARTESIAN_POINT('',(-125.,55.,1.));
#2103=CARTESIAN_POINT('',(-50.,55.,1.));
#2104=CARTESIAN_POINT('',(-125.,55.,0.));
#2105=CARTESIAN_POINT('',(-103.500000447035,55.,12.5));
#2106=CARTESIAN_POINT('',(-46.4782130368376,55.,12.5));
#2107=CARTESIAN_POINT('Origin',(-103.500000447035,31.,12.5));
#2108=CARTESIAN_POINT('',(-103.500000447035,30.,12.5));
#2109=CARTESIAN_POINT('',(-102.500000447035,31.,12.5));
#2110=CARTESIAN_POINT('Origin',(-125.,30.,0.));
#2111=CARTESIAN_POINT('',(-125.,30.0000004470348,5.00000008940697));
#2112=CARTESIAN_POINT('',(-77.5,30.,5.));
#2113=CARTESIAN_POINT('',(-125.,30.,1.));
#2114=CARTESIAN_POINT('',(-125.,30.,0.));
#2115=CARTESIAN_POINT('',(-25.,30.,1.));
#2116=CARTESIAN_POINT('',(-100.,30.,1.));
#2117=CARTESIAN_POINT('',(-25.,30.,5.));
#2118=CARTESIAN_POINT('',(-25.,30.,0.));
#2119=CARTESIAN_POINT('',(-38.4782130368376,30.,5.));
#2120=CARTESIAN_POINT('',(-77.5,30.,5.));
#2121=CARTESIAN_POINT('',(-38.4782130368376,30.,25.));
#2122=CARTESIAN_POINT('',(-38.4782130368376,30.,12.5));
#2123=CARTESIAN_POINT('',(-25.,30.,25.));
#2124=CARTESIAN_POINT('',(-77.5,30.,25.));
#2125=CARTESIAN_POINT('',(-25.,30.,29.));
#2126=CARTESIAN_POINT('',(-25.,30.,0.));
#2127=CARTESIAN_POINT('',(-125.,30.,29.));
#2128=CARTESIAN_POINT('Ctrl Pts',(-125.,30.,29.));
#2129=CARTESIAN_POINT('Ctrl Pts',(-120.205877362837,30.,29.));
#2130=CARTESIAN_POINT('Ctrl Pts',(-114.315211622364,30.,29.));
#2131=CARTESIAN_POINT('Ctrl Pts',(-104.750451817161,30.,29.));
#2132=CARTESIAN_POINT('Ctrl Pts',(-95.2465858331545,30.,29.));
#2133=CARTESIAN_POINT('Ctrl Pts',(-77.3786951730764,30.,29.));
#2134=CARTESIAN_POINT('Ctrl Pts',(-60.7038784686049,30.,29.));
#2135=CARTESIAN_POINT('Ctrl Pts',(-46.4379786583632,30.,29.));
#2136=CARTESIAN_POINT('Ctrl Pts',(-36.8784843722812,30.,29.));
#2137=CARTESIAN_POINT('Ctrl Pts',(-29.7941233483106,30.,29.));
#2138=CARTESIAN_POINT('Ctrl Pts',(-25.0000022348451,30.,29.));
#2139=CARTESIAN_POINT('',(-125.,30.0000004470348,25.0000003576279));
#2140=CARTESIAN_POINT('',(-125.,30.,0.));
#2141=CARTESIAN_POINT('',(-77.5,30.,25.));
#2142=CARTESIAN_POINT('',(-46.4782130368376,30.,12.5));
#2143=CARTESIAN_POINT('Origin',(-103.500000447035,54.,12.5));
#2144=CARTESIAN_POINT('',(-102.500000447035,54.,12.5));
#2145=CARTESIAN_POINT('Origin',(-102.500000447035,55.,25.));
#2146=CARTESIAN_POINT('Origin',(-46.4782130368376,54.,12.5));
#2147=CARTESIAN_POINT('',(-47.4782130368376,54.,12.5));
#2148=CARTESIAN_POINT('Origin',(-38.4782130368376,54.,12.5));
#2149=CARTESIAN_POINT('',(-37.4782130368376,54.,25.));
#2150=CARTESIAN_POINT('Origin',(-38.4782130368376,54.,25.));
#2151=CARTESIAN_POINT('',(-37.4782130368376,54.,5.));
#2152=CARTESIAN_POINT('',(-37.4782130368376,54.,12.5));
#2153=CARTESIAN_POINT('Origin',(-38.4782130368376,54.,5.));
#2154=CARTESIAN_POINT('Origin',(-37.4782130368376,55.,25.));
#2155=CARTESIAN_POINT('',(-37.4782130368376,31.,25.));
#2156=CARTESIAN_POINT('',(-37.4782130368376,55.,25.));
#2157=CARTESIAN_POINT('',(-37.4782130368376,31.,5.));
#2158=CARTESIAN_POINT('',(-37.4782130368376,31.,12.5));
#2159=CARTESIAN_POINT('',(-37.4782130368376,55.,5.));
#2160=CARTESIAN_POINT('Origin',(-46.4782130368376,31.,12.5));
#2161=CARTESIAN_POINT('',(-47.4782130368376,31.,12.5));
#2162=CARTESIAN_POINT('Origin',(-47.4782130368376,30.0000004470348,25.));
#2163=CARTESIAN_POINT('Origin',(-38.4782130368376,31.,12.5));
#2164=CARTESIAN_POINT('Origin',(-38.4782130368376,31.,25.));
#2165=CARTESIAN_POINT('Origin',(-38.4782130368376,31.,5.));
#2166=CARTESIAN_POINT('Origin',(-125.,42.5,1.));
#2167=CARTESIAN_POINT('',(-125.,54.,0.));
#2168=CARTESIAN_POINT('Origin',(-125.,54.,1.));
#2169=CARTESIAN_POINT('',(-125.,31.,0.));
#2170=CARTESIAN_POINT('Origin',(-125.,42.5,0.));
#2171=CARTESIAN_POINT('Origin',(-125.,31.,1.));
#2172=CARTESIAN_POINT('Origin',(-125.,42.5,1.));
#2173=CARTESIAN_POINT('Origin',(-100.,31.,1.));
#2174=CARTESIAN_POINT('',(-25.,31.,0.));
#2175=CARTESIAN_POINT('Origin',(-25.,31.,1.));
#2176=CARTESIAN_POINT('',(-100.,31.,0.));
#2177=CARTESIAN_POINT('Origin',(-25.,42.5,1.));
#2178=CARTESIAN_POINT('',(-25.,54.,0.));
#2179=CARTESIAN_POINT('Origin',(-25.,54.,1.));
#2180=CARTESIAN_POINT('Origin',(-25.,42.5,1.));
#2181=CARTESIAN_POINT('Origin',(-25.,42.5,0.));
#2182=CARTESIAN_POINT('Origin',(-50.,54.,1.));
#2183=CARTESIAN_POINT('',(-50.,54.,0.));
#2184=CARTESIAN_POINT('Origin',(-125.,42.5,0.));
#2185=CARTESIAN_POINT('Origin',(-125.,42.5,5.00000008940697));
#2186=CARTESIAN_POINT('Origin',(-75.,42.5,0.));
#2187=CARTESIAN_POINT('',(-28.,42.5,0.));
#2188=CARTESIAN_POINT('Origin',(-25.,42.5,0.));
#2189=CARTESIAN_POINT('',(-128.,42.5,0.));
#2190=CARTESIAN_POINT('Origin',(-125.,42.5,0.));
#2191=CARTESIAN_POINT('',(-84.0000015050173,50.0000007450581,0.));
#2192=CARTESIAN_POINT('',(-98.0000015050173,50.0000007450581,0.));
#2193=CARTESIAN_POINT('',(-78.0000007525086,50.0000007450581,0.));
#2194=CARTESIAN_POINT('',(-101.000001505017,47.0000007450581,0.));
#2195=CARTESIAN_POINT('Origin',(-98.0000015050173,47.0000007450581,0.));
#2196=CARTESIAN_POINT('',(-101.000001505017,39.0000007450581,0.));
#2197=CARTESIAN_POINT('',(-101.000001505017,46.250000372529,0.));
#2198=CARTESIAN_POINT('',(-98.0000015050173,36.0000007450581,0.));
#2199=CARTESIAN_POINT('Origin',(-98.0000015050173,39.0000007450581,0.));
#2200=CARTESIAN_POINT('',(-84.0000015050173,36.0000007450581,0.));
#2201=CARTESIAN_POINT('',(-88.0000007525086,36.0000007450581,0.));
#2202=CARTESIAN_POINT('',(-81.0000015050173,39.0000007450581,0.));
#2203=CARTESIAN_POINT('Origin',(-84.0000015050173,39.0000007450581,0.));
#2204=CARTESIAN_POINT('',(-81.0000015050173,47.0000007450581,0.));
#2205=CARTESIAN_POINT('',(-81.0000015050173,39.250000372529,0.));
#2206=CARTESIAN_POINT('Origin',(-84.0000015050173,47.0000007450581,0.));
#2207=CARTESIAN_POINT('',(-70.0000010430813,47.0000007450581,0.));
#2208=CARTESIAN_POINT('',(-70.0000010430813,39.0000005364418,0.));
#2209=CARTESIAN_POINT('',(-70.0000010430813,46.250000372529,0.));
#2210=CARTESIAN_POINT('',(-67.0000010430813,36.0000005364418,0.));
#2211=CARTESIAN_POINT('Origin',(-67.0000010430813,39.0000005364418,0.));
#2212=CARTESIAN_POINT('',(-53.0000007450581,36.0000005364418,0.));
#2213=CARTESIAN_POINT('',(-72.5000005215406,36.0000005364418,0.));
#2214=CARTESIAN_POINT('',(-50.0000007450581,39.0000005364418,0.));
#2215=CARTESIAN_POINT('Origin',(-53.0000007450581,39.0000005364418,0.));
#2216=CARTESIAN_POINT('',(-50.0000007450581,47.0000007450581,0.));
#2217=CARTESIAN_POINT('',(-50.0000007450581,39.2500002682209,0.));
#2218=CARTESIAN_POINT('',(-53.0000007450581,50.0000007450581,0.));
#2219=CARTESIAN_POINT('Origin',(-53.0000007450581,47.0000007450581,0.));
#2220=CARTESIAN_POINT('',(-67.0000010430813,50.0000007450581,0.));
#2221=CARTESIAN_POINT('',(-62.500000372529,50.0000007450581,0.));
#2222=CARTESIAN_POINT('Origin',(-67.0000010430813,47.0000007450581,0.));
#2223=CARTESIAN_POINT('Ctrl Pts',(-25.,54.,30.));
#2224=CARTESIAN_POINT('Ctrl Pts',(-29.7941274028621,54.,30.));
#2225=CARTESIAN_POINT('Ctrl Pts',(-35.6854540042639,54.,30.));
#2226=CARTESIAN_POINT('Ctrl Pts',(-45.2482515503264,54.,30.));
#2227=CARTESIAN_POINT('Ctrl Pts',(-59.5141291261876,54.,30.));
#2228=CARTESIAN_POINT('Ctrl Pts',(-77.3782521693879,54.,30.));
#2229=CARTESIAN_POINT('Ctrl Pts',(-94.0563558338732,54.,30.));
#2230=CARTESIAN_POINT('Ctrl Pts',(-103.561264259854,54.,30.));
#2231=CARTESIAN_POINT('Ctrl Pts',(-113.122968422885,54.,30.));
#2232=CARTESIAN_POINT('Ctrl Pts',(-120.205879297174,54.,30.));
#2233=CARTESIAN_POINT('Ctrl Pts',(-125.000002234845,54.,30.));
#2234=CARTESIAN_POINT('Ctrl Pts',(-25.,54.0414688496025,30.));
#2235=CARTESIAN_POINT('Ctrl Pts',(-29.7941274028621,54.0414688496025,30.));
#2236=CARTESIAN_POINT('Ctrl Pts',(-35.6854540042639,54.0414688496025,30.));
#2237=CARTESIAN_POINT('Ctrl Pts',(-45.2482515503264,54.0414688496025,30.));
#2238=CARTESIAN_POINT('Ctrl Pts',(-59.5141291261875,54.0414688496024,30.));
#2239=CARTESIAN_POINT('Ctrl Pts',(-77.378252169388,54.0414688496025,30.));
#2240=CARTESIAN_POINT('Ctrl Pts',(-94.0563558338732,54.0414688496024,30.));
#2241=CARTESIAN_POINT('Ctrl Pts',(-103.561264259854,54.0414688496025,30.));
#2242=CARTESIAN_POINT('Ctrl Pts',(-113.122968422885,54.0414688496025,30.));
#2243=CARTESIAN_POINT('Ctrl Pts',(-120.205879297174,54.0414688496025,30.));
#2244=CARTESIAN_POINT('Ctrl Pts',(-125.000002234845,54.0414688496025,30.));
#2245=CARTESIAN_POINT('Ctrl Pts',(-25.,54.1398093486632,29.9864269483156));
#2246=CARTESIAN_POINT('Ctrl Pts',(-29.7941274028621,54.1398093486632,29.9864269483156));
#2247=CARTESIAN_POINT('Ctrl Pts',(-35.6854540042639,54.1398093486632,29.9864269483156));
#2248=CARTESIAN_POINT('Ctrl Pts',(-45.2482515503264,54.1398093486632,29.9864269483156));
#2249=CARTESIAN_POINT('Ctrl Pts',(-59.5141291261875,54.1398093486632,29.9864269483156));
#2250=CARTESIAN_POINT('Ctrl Pts',(-77.3782521693879,54.1398093486632,29.9864269483156));
#2251=CARTESIAN_POINT('Ctrl Pts',(-94.0563558338732,54.1398093486631,29.9864269483156));
#2252=CARTESIAN_POINT('Ctrl Pts',(-103.561264259854,54.1398093486632,29.9864269483156));
#2253=CARTESIAN_POINT('Ctrl Pts',(-113.122968422885,54.1398093486632,29.9864269483156));
#2254=CARTESIAN_POINT('Ctrl Pts',(-120.205879297174,54.1398093486632,29.9864269483156));
#2255=CARTESIAN_POINT('Ctrl Pts',(-125.000002234845,54.1398093486632,29.9864269483156));
#2256=CARTESIAN_POINT('Ctrl Pts',(-25.,54.3330130367395,29.9054003222659));
#2257=CARTESIAN_POINT('Ctrl Pts',(-29.7941274028621,54.3330130367395,29.9054003222659));
#2258=CARTESIAN_POINT('Ctrl Pts',(-35.6854540042639,54.3330130367395,29.9054003222659));
#2259=CARTESIAN_POINT('Ctrl Pts',(-45.2482515503264,54.3330130367395,29.9054003222659));
#2260=CARTESIAN_POINT('Ctrl Pts',(-59.5141291261875,54.3330130367395,29.9054003222659));
#2261=CARTESIAN_POINT('Ctrl Pts',(-77.378252169388,54.3330130367395,29.9054003222659));
#2262=CARTESIAN_POINT('Ctrl Pts',(-94.0563558338732,54.3330130367395,29.9054003222659));
#2263=CARTESIAN_POINT('Ctrl Pts',(-103.561264259854,54.3330130367395,29.9054003222659));
#2264=CARTESIAN_POINT('Ctrl Pts',(-113.122968422885,54.3330130367395,29.9054003222659));
#2265=CARTESIAN_POINT('Ctrl Pts',(-120.205879297174,54.3330130367395,29.9054003222659));
#2266=CARTESIAN_POINT('Ctrl Pts',(-125.000002234845,54.3330130367395,29.9054003222659));
#2267=CARTESIAN_POINT('Ctrl Pts',(-25.,54.550614689423,29.7553440136145));
#2268=CARTESIAN_POINT('Ctrl Pts',(-29.7941274028621,54.550614689423,29.7553440136145));
#2269=CARTESIAN_POINT('Ctrl Pts',(-35.6854540042639,54.550614689423,29.7553440136145));
#2270=CARTESIAN_POINT('Ctrl Pts',(-45.2482515503264,54.550614689423,29.7553440136145));
#2271=CARTESIAN_POINT('Ctrl Pts',(-59.5141291261876,54.550614689423,29.7553440136145));
#2272=CARTESIAN_POINT('Ctrl Pts',(-77.3782521693879,54.550614689423,29.7553440136145));
#2273=CARTESIAN_POINT('Ctrl Pts',(-94.0563558338732,54.550614689423,29.7553440136145));
#2274=CARTESIAN_POINT('Ctrl Pts',(-103.561264259854,54.550614689423,29.7553440136145));
#2275=CARTESIAN_POINT('Ctrl Pts',(-113.122968422885,54.550614689423,29.7553440136145));
#2276=CARTESIAN_POINT('Ctrl Pts',(-120.205879297174,54.550614689423,29.7553440136145));
#2277=CARTESIAN_POINT('Ctrl Pts',(-125.000002234845,54.550614689423,29.7553440136145));
#2278=CARTESIAN_POINT('Ctrl Pts',(-25.,54.8248994963557,29.4816955298001));
#2279=CARTESIAN_POINT('Ctrl Pts',(-29.7941274028621,54.8248994963557,29.4816955298001));
#2280=CARTESIAN_POINT('Ctrl Pts',(-35.6854540042639,54.8248994963557,29.4816955298001));
#2281=CARTESIAN_POINT('Ctrl Pts',(-45.2482515503264,54.8248994963557,29.4816955298001));
#2282=CARTESIAN_POINT('Ctrl Pts',(-59.5141291261875,54.8248994963557,29.4816955298001));
#2283=CARTESIAN_POINT('Ctrl Pts',(-77.378252169388,54.8248994963557,29.4816955298001));
#2284=CARTESIAN_POINT('Ctrl Pts',(-94.0563558338732,54.8248994963556,29.4816955298001));
#2285=CARTESIAN_POINT('Ctrl Pts',(-103.561264259854,54.8248994963557,29.4816955298001));
#2286=CARTESIAN_POINT('Ctrl Pts',(-113.122968422885,54.8248994963557,29.4816955298001));
#2287=CARTESIAN_POINT('Ctrl Pts',(-120.205879297174,54.8248994963557,29.4816955298001));
#2288=CARTESIAN_POINT('Ctrl Pts',(-125.000002234845,54.8248994963557,29.4816955298001));
#2289=CARTESIAN_POINT('Ctrl Pts',(-25.,54.9824080547675,29.1868448495284));
#2290=CARTESIAN_POINT('Ctrl Pts',(-29.7941274028621,54.9824080547675,29.1868448495284));
#2291=CARTESIAN_POINT('Ctrl Pts',(-35.6854540042639,54.9824080547675,29.1868448495284));
#2292=CARTESIAN_POINT('Ctrl Pts',(-45.2482515503264,54.9824080547675,29.1868448495284));
#2293=CARTESIAN_POINT('Ctrl Pts',(-59.5141291261875,54.9824080547675,29.1868448495283));
#2294=CARTESIAN_POINT('Ctrl Pts',(-77.3782521693879,54.9824080547676,29.1868448495284));
#2295=CARTESIAN_POINT('Ctrl Pts',(-94.0563558338732,54.9824080547675,29.1868448495283));
#2296=CARTESIAN_POINT('Ctrl Pts',(-103.561264259854,54.9824080547675,29.1868448495284));
#2297=CARTESIAN_POINT('Ctrl Pts',(-113.122968422885,54.9824080547675,29.1868448495284));
#2298=CARTESIAN_POINT('Ctrl Pts',(-120.205879297174,54.9824080547675,29.1868448495284));
#2299=CARTESIAN_POINT('Ctrl Pts',(-125.000002234845,54.9824080547675,29.1868448495284));
#2300=CARTESIAN_POINT('Ctrl Pts',(-25.,55.,29.0414688496025));
#2301=CARTESIAN_POINT('Ctrl Pts',(-29.7941274028621,55.,29.0414688496025));
#2302=CARTESIAN_POINT('Ctrl Pts',(-35.6854540042639,55.,29.0414688496025));
#2303=CARTESIAN_POINT('Ctrl Pts',(-45.2482515503264,55.,29.0414688496025));
#2304=CARTESIAN_POINT('Ctrl Pts',(-59.5141291261875,55.,29.0414688496024));
#2305=CARTESIAN_POINT('Ctrl Pts',(-77.378252169388,55.,29.0414688496025));
#2306=CARTESIAN_POINT('Ctrl Pts',(-94.0563558338732,55.,29.0414688496025));
#2307=CARTESIAN_POINT('Ctrl Pts',(-103.561264259854,55.,29.0414688496025));
#2308=CARTESIAN_POINT('Ctrl Pts',(-113.122968422885,55.,29.0414688496025));
#2309=CARTESIAN_POINT('Ctrl Pts',(-120.205879297174,55.,29.0414688496025));
#2310=CARTESIAN_POINT('Ctrl Pts',(-125.000002234845,55.,29.0414688496025));
#2311=CARTESIAN_POINT('Ctrl Pts',(-25.,55.,29.));
#2312=CARTESIAN_POINT('Ctrl Pts',(-29.7941274028621,55.,29.));
#2313=CARTESIAN_POINT('Ctrl Pts',(-35.6854540042639,55.,29.));
#2314=CARTESIAN_POINT('Ctrl Pts',(-45.2482515503264,55.,29.));
#2315=CARTESIAN_POINT('Ctrl Pts',(-59.5141291261876,55.,29.));
#2316=CARTESIAN_POINT('Ctrl Pts',(-77.3782521693879,55.,29.));
#2317=CARTESIAN_POINT('Ctrl Pts',(-94.0563558338732,55.,29.));
#2318=CARTESIAN_POINT('Ctrl Pts',(-103.561264259854,55.,29.));
#2319=CARTESIAN_POINT('Ctrl Pts',(-113.122968422885,55.,29.));
#2320=CARTESIAN_POINT('Ctrl Pts',(-120.205879297174,55.,29.));
#2321=CARTESIAN_POINT('Ctrl Pts',(-125.000002234845,55.,29.));
#2322=CARTESIAN_POINT('',(-25.,54.,30.));
#2323=CARTESIAN_POINT('Ctrl Pts',(-25.,54.,30.));
#2324=CARTESIAN_POINT('Ctrl Pts',(-25.,54.0414688496025,30.));
#2325=CARTESIAN_POINT('Ctrl Pts',(-25.,54.1398093486632,29.9864269483156));
#2326=CARTESIAN_POINT('Ctrl Pts',(-25.,54.3330130367395,29.9054003222659));
#2327=CARTESIAN_POINT('Ctrl Pts',(-25.,54.550614689423,29.7553440136145));
#2328=CARTESIAN_POINT('Ctrl Pts',(-25.,54.8248994963557,29.4816955298001));
#2329=CARTESIAN_POINT('Ctrl Pts',(-25.,54.9824080547675,29.1868448495284));
#2330=CARTESIAN_POINT('Ctrl Pts',(-25.,55.,29.0414688496025));
#2331=CARTESIAN_POINT('Ctrl Pts',(-25.,55.,29.));
#2332=CARTESIAN_POINT('',(-125.,54.,30.));
#2333=CARTESIAN_POINT('Ctrl Pts',(-125.000002234845,55.,29.));
#2334=CARTESIAN_POINT('Ctrl Pts',(-125.000002234845,55.,29.0414688496025));
#2335=CARTESIAN_POINT('Ctrl Pts',(-125.000002234845,54.9824080547675,29.1868448495284));
#2336=CARTESIAN_POINT('Ctrl Pts',(-125.000002234845,54.8248994963557,29.4816955298001));
#2337=CARTESIAN_POINT('Ctrl Pts',(-125.000002234845,54.550614689423,29.7553440136145));
#2338=CARTESIAN_POINT('Ctrl Pts',(-125.000002234845,54.3330130367395,29.9054003222659));
#2339=CARTESIAN_POINT('Ctrl Pts',(-125.000002234845,54.1398093486632,29.9864269483156));
#2340=CARTESIAN_POINT('Ctrl Pts',(-125.000002234845,54.0414688496025,30.));
#2341=CARTESIAN_POINT('Ctrl Pts',(-125.000002234845,54.,30.));
#2342=CARTESIAN_POINT('Ctrl Pts',(-124.999997765155,54.,30.));
#2343=CARTESIAN_POINT('Ctrl Pts',(-120.205876362246,54.,30.));
#2344=CARTESIAN_POINT('Ctrl Pts',(-113.122966937112,54.,30.));
#2345=CARTESIAN_POINT('Ctrl Pts',(-103.561264259854,54.,30.));
#2346=CARTESIAN_POINT('Ctrl Pts',(-94.0563558338732,54.,30.));
#2347=CARTESIAN_POINT('Ctrl Pts',(-77.3782521693879,54.,30.));
#2348=CARTESIAN_POINT('Ctrl Pts',(-59.5141291261876,54.,30.));
#2349=CARTESIAN_POINT('Ctrl Pts',(-45.2482515503264,54.,30.));
#2350=CARTESIAN_POINT('Ctrl Pts',(-35.6854540042639,54.,30.));
#2351=CARTESIAN_POINT('Ctrl Pts',(-29.7941274028621,54.,30.));
#2352=CARTESIAN_POINT('Ctrl Pts',(-25.,54.,30.));
#2353=CARTESIAN_POINT('Ctrl Pts',(-125.,54.,30.));
#2354=CARTESIAN_POINT('Ctrl Pts',(-126.727093936024,54.,30.));
#2355=CARTESIAN_POINT('Ctrl Pts',(-130.156125699496,53.2151524228735,30.));
#2356=CARTESIAN_POINT('Ctrl Pts',(-134.301941126639,49.9151634508751,30.));
#2357=CARTESIAN_POINT('Ctrl Pts',(-136.210314838006,45.9411261001114,30.));
#2358=CARTESIAN_POINT('Ctrl Pts',(-136.596615818383,42.5000002790238,30.));
#2359=CARTESIAN_POINT('Ctrl Pts',(-136.30549263541,39.918419644831,30.));
#2360=CARTESIAN_POINT('Ctrl Pts',(-135.448992827012,37.4697106922984,30.));
#2361=CARTESIAN_POINT('Ctrl Pts',(-134.063968012807,35.2667200431986,30.));
#2362=CARTESIAN_POINT('Ctrl Pts',(-132.233162602497,33.4357884828152,30.));
#2363=CARTESIAN_POINT('Ctrl Pts',(-130.395985321689,32.2805834103546,30.));
#2364=CARTESIAN_POINT('Ctrl Pts',(-128.006583976164,31.292116287161,30.));
#2365=CARTESIAN_POINT('Ctrl Pts',(-126.295320452023,30.9999999999991,30.));
#2366=CARTESIAN_POINT('Ctrl Pts',(-125.,30.9999999999991,30.));
#2367=CARTESIAN_POINT('Ctrl Pts',(-125.,54.0414688496025,30.));
#2368=CARTESIAN_POINT('Ctrl Pts',(-126.733345684718,54.0414688496025,30.));
#2369=CARTESIAN_POINT('Ctrl Pts',(-130.174706915727,53.2538373408666,30.));
#2370=CARTESIAN_POINT('Ctrl Pts',(-134.335516721123,49.9419201746749,30.));
#2371=CARTESIAN_POINT('Ctrl Pts',(-136.250771568818,45.9535611699388,30.));
#2372=CARTESIAN_POINT('Ctrl Pts',(-136.638470051944,42.5000025093812,30.));
#2373=CARTESIAN_POINT('Ctrl Pts',(-136.346300823139,39.9091118766264,30.));
#2374=CARTESIAN_POINT('Ctrl Pts',(-135.486709961619,37.4515711445227,30.));
#2375=CARTESIAN_POINT('Ctrl Pts',(-134.096689350117,35.2406280380889,30.));
#2376=CARTESIAN_POINT('Ctrl Pts',(-132.259271368425,33.4030916640711,30.));
#2377=CARTESIAN_POINT('Ctrl Pts',(-130.415467066817,32.2437195112965,30.));
#2378=CARTESIAN_POINT('Ctrl Pts',(-128.017427820256,31.2516847268562,30.));
#2379=CARTESIAN_POINT('Ctrl Pts',(-126.300009263543,30.9585311503967,30.));
#2380=CARTESIAN_POINT('Ctrl Pts',(-125.,30.9585311503967,30.));
#2381=CARTESIAN_POINT('Ctrl Pts',(-125.,54.1398094395283,29.9864268742182));
#2382=CARTESIAN_POINT('Ctrl Pts',(-126.748047287915,54.1398094395283,29.9864268742182));
#2383=CARTESIAN_POINT('Ctrl Pts',(-130.218831827592,53.3453359360844,29.9864268742182));
#2384=CARTESIAN_POINT('Ctrl Pts',(-134.414967998285,50.0052797871086,29.9864268742182));
#2385=CARTESIAN_POINT('Ctrl Pts',(-136.346543254454,45.9829128907693,29.9864268742182));
#2386=CARTESIAN_POINT('Ctrl Pts',(-136.737532412005,42.4999962178672,29.9864268742182));
#2387=CARTESIAN_POINT('Ctrl Pts',(-136.442863124988,39.8870319779189,29.9864268742182));
#2388=CARTESIAN_POINT('Ctrl Pts',(-135.575955160434,37.4085564535979,29.9864268742182));
#2389=CARTESIAN_POINT('Ctrl Pts',(-134.174094706622,35.1787987930858,29.9864268742182));
#2390=CARTESIAN_POINT('Ctrl Pts',(-132.321051096066,33.3256125255329,29.9864268742182));
#2391=CARTESIAN_POINT('Ctrl Pts',(-130.461542602745,32.1563658290244,29.9864268742182));
#2392=CARTESIAN_POINT('Ctrl Pts',(-128.04313214297,31.1558875191727,29.9864268742182));
#2393=CARTESIAN_POINT('Ctrl Pts',(-126.311035465941,30.8601905604709,29.9864268742182));
#2394=CARTESIAN_POINT('Ctrl Pts',(-125.,30.8601905604709,29.9864268742182));
#2395=CARTESIAN_POINT('Ctrl Pts',(-125.,54.3330131094704,29.9054002581565));
#2396=CARTESIAN_POINT('Ctrl Pts',(-126.777134954219,54.3330131094704,29.9054002581565));
#2397=CARTESIAN_POINT('Ctrl Pts',(-130.305421108407,53.5254932017326,29.9054002581564));
#2398=CARTESIAN_POINT('Ctrl Pts',(-134.571342775675,50.1299103653962,29.9054002581564));
#2399=CARTESIAN_POINT('Ctrl Pts',(-136.534978010335,46.0408045097899,29.9054002581564));
#2400=CARTESIAN_POINT('Ctrl Pts',(-136.932470728458,42.5000029409966,29.9054002581564));
#2401=CARTESIAN_POINT('Ctrl Pts',(-136.632921751725,39.8436647532534,29.9054002581564));
#2402=CARTESIAN_POINT('Ctrl Pts',(-135.751616704585,37.3240448116598,29.9054002581564));
#2403=CARTESIAN_POINT('Ctrl Pts',(-134.326483124803,35.057250583732,29.9054002581564));
#2404=CARTESIAN_POINT('Ctrl Pts',(-132.442649120051,33.173296552495,29.9054002581564));
#2405=CARTESIAN_POINT('Ctrl Pts',(-130.552268881703,31.9846377448854,29.9054002581564));
#2406=CARTESIAN_POINT('Ctrl Pts',(-128.093650167222,30.9675430422759,29.9054002581564));
#2407=CARTESIAN_POINT('Ctrl Pts',(-126.332851215669,30.6669868905289,29.9054002581564));
#2408=CARTESIAN_POINT('Ctrl Pts',(-125.,30.6669868905289,29.9054002581564));
#2409=CARTESIAN_POINT('Ctrl Pts',(-125.,54.5506148378503,29.7553438780238));
#2410=CARTESIAN_POINT('Ctrl Pts',(-126.809754230626,54.5506148378503,29.7553438780238));
#2411=CARTESIAN_POINT('Ctrl Pts',(-130.403014467703,53.7281267885807,29.7553438780238));
#2412=CARTESIAN_POINT('Ctrl Pts',(-134.747269506757,50.2701742253453,29.7553438780238));
#2413=CARTESIAN_POINT('Ctrl Pts',(-136.747015880435,46.1058500555075,29.7553438780237));
#2414=CARTESIAN_POINT('Ctrl Pts',(-137.151806701691,42.4999972862565,29.7553438780237));
#2415=CARTESIAN_POINT('Ctrl Pts',(-136.84673962751,39.7948128797398,29.7553438780237));
#2416=CARTESIAN_POINT('Ctrl Pts',(-135.94923439891,37.2288632245725,29.7553438780237));
#2417=CARTESIAN_POINT('Ctrl Pts',(-134.497897127602,34.9204058362573,29.7553438780237));
#2418=CARTESIAN_POINT('Ctrl Pts',(-132.57944801913,33.0018134635198,29.7553438780237));
#2419=CARTESIAN_POINT('Ctrl Pts',(-130.654310459164,31.7912996135107,29.7553438780237));
#2420=CARTESIAN_POINT('Ctrl Pts',(-128.150534979547,30.7555095263797,29.7553438780237));
#2421=CARTESIAN_POINT('Ctrl Pts',(-126.357315672974,30.4493851621493,29.7553438780237));
#2422=CARTESIAN_POINT('Ctrl Pts',(-125.,30.4493851621493,29.7553438780237));
#2423=CARTESIAN_POINT('Ctrl Pts',(-125.,54.8248995332682,29.4816955015862));
#2424=CARTESIAN_POINT('Ctrl Pts',(-126.850972530864,54.8248995332682,29.4816955015862));
#2425=CARTESIAN_POINT('Ctrl Pts',(-130.52597983259,53.9837418788148,29.4816955015861));
#2426=CARTESIAN_POINT('Ctrl Pts',(-134.969164020345,50.447051191956,29.4816955015861));
#2427=CARTESIAN_POINT('Ctrl Pts',(-137.014426249188,46.1879522015065,29.4816955015861));
#2428=CARTESIAN_POINT('Ctrl Pts',(-137.428435517627,42.4999996888053,29.4816955015861));
#2429=CARTESIAN_POINT('Ctrl Pts',(-137.116428930088,39.7332414914376,29.4816955015861));
#2430=CARTESIAN_POINT('Ctrl Pts',(-136.198492744241,37.1088861641715,29.4816955015861));
#2431=CARTESIAN_POINT('Ctrl Pts',(-134.71411994172,34.7478764545864,29.4816955015861));
#2432=CARTESIAN_POINT('Ctrl Pts',(-132.75199306952,32.7856121354999,29.4816955015861));
#2433=CARTESIAN_POINT('Ctrl Pts',(-130.783034935847,31.5475441381284,29.4816955015861));
#2434=CARTESIAN_POINT('Ctrl Pts',(-128.22224684375,30.4881747713591,29.4816955015861));
#2435=CARTESIAN_POINT('Ctrl Pts',(-126.388229398153,30.1751004667316,29.4816955015861));
#2436=CARTESIAN_POINT('Ctrl Pts',(-125.,30.1751004667316,29.4816955015861));
#2437=CARTESIAN_POINT('Ctrl Pts',(-125.,54.9824081368205,29.1868447914944));
#2438=CARTESIAN_POINT('Ctrl Pts',(-126.874743074974,54.9824081368205,29.1868447914944));
#2439=CARTESIAN_POINT('Ctrl Pts',(-130.596543519084,54.1307246721389,29.1868447914944));
#2440=CARTESIAN_POINT('Ctrl Pts',(-135.096726501378,50.5486981374538,29.1868447914944));
#2441=CARTESIAN_POINT('Ctrl Pts',(-137.168124477674,46.2352111314773,29.1868447914944));
#2442=CARTESIAN_POINT('Ctrl Pts',(-137.587446497963,42.5000104864917,29.1868447914944));
#2443=CARTESIAN_POINT('Ctrl Pts',(-137.27147068146,39.6978897994969,29.1868447914944));
#2444=CARTESIAN_POINT('Ctrl Pts',(-136.341791301154,37.0399874183364,29.1868447914944));
#2445=CARTESIAN_POINT('Ctrl Pts',(-134.838441788814,34.6487635034114,29.1868447914944));
#2446=CARTESIAN_POINT('Ctrl Pts',(-132.851187613232,32.6614099163481,29.1868447914944));
#2447=CARTESIAN_POINT('Ctrl Pts',(-130.857056191964,31.4075128639278,29.1868447914944));
#2448=CARTESIAN_POINT('Ctrl Pts',(-128.26343659042,30.3345892634184,29.1868447914944));
#2449=CARTESIAN_POINT('Ctrl Pts',(-126.406057306236,30.0175918631794,29.1868447914944));
#2450=CARTESIAN_POINT('Ctrl Pts',(-125.,30.0175918631795,29.1868447914944));
#2451=CARTESIAN_POINT('Ctrl Pts',(-125.,55.,29.0414688496025));
#2452=CARTESIAN_POINT('Ctrl Pts',(-126.877074443889,55.,29.0414688496025));
#2453=CARTESIAN_POINT('Ctrl Pts',(-130.604583303351,54.1465145179805,29.0414688496024));
#2454=CARTESIAN_POINT('Ctrl Pts',(-135.110527611429,50.5598104566521,29.0414688496024));
#2455=CARTESIAN_POINT('Ctrl Pts',(-137.184850530482,46.2401314041146,29.0414688496025));
#2456=CARTESIAN_POINT('Ctrl Pts',(-137.60470484586,42.499981477653,29.0414688496024));
#2457=CARTESIAN_POINT('Ctrl Pts',(-137.288235016553,39.6939227702934,29.0414688496025));
#2458=CARTESIAN_POINT('Ctrl Pts',(-136.357278294733,37.0322975267818,29.0414688496024));
#2459=CARTESIAN_POINT('Ctrl Pts',(-134.85182849692,34.6378142669373,29.0414688496024));
#2460=CARTESIAN_POINT('Ctrl Pts',(-132.861913064727,32.6476923638909,29.0414688496024));
#2461=CARTESIAN_POINT('Ctrl Pts',(-130.864999676647,31.3920467176264,29.0414688496024));
#2462=CARTESIAN_POINT('Ctrl Pts',(-128.268007976474,30.3176534750261,29.0414688496024));
#2463=CARTESIAN_POINT('Ctrl Pts',(-126.407805832922,30.,29.0414688496024));
#2464=CARTESIAN_POINT('Ctrl Pts',(-125.,30.,29.0414688496024));
#2465=CARTESIAN_POINT('Ctrl Pts',(-125.,55.,29.));
#2466=CARTESIAN_POINT('Ctrl Pts',(-126.877276017417,55.,29.));
#2467=CARTESIAN_POINT('Ctrl Pts',(-130.604484455974,54.1469048074712,29.));
#2468=CARTESIAN_POINT('Ctrl Pts',(-135.110805572433,50.5599602726903,29.));
#2469=CARTESIAN_POINT('Ctrl Pts',(-137.185124823919,46.2403544566428,29.));
#2470=CARTESIAN_POINT('Ctrl Pts',(-137.605017193894,42.5000003032867,29.));
#2471=CARTESIAN_POINT('Ctrl Pts',(-137.288578951532,39.6939343965555,29.));
#2472=CARTESIAN_POINT('Ctrl Pts',(-136.357600898926,37.0322942307593,29.));
#2473=CARTESIAN_POINT('Ctrl Pts',(-134.852139144356,34.63773917739,29.));
#2474=CARTESIAN_POINT('Ctrl Pts',(-132.862133263584,32.6475961769734,29.));
#2475=CARTESIAN_POINT('Ctrl Pts',(-130.865201436619,31.3919384895164,29.));
#2476=CARTESIAN_POINT('Ctrl Pts',(-128.268026061048,30.3175177034364,29.));
#2477=CARTESIAN_POINT('Ctrl Pts',(-126.407957013068,30.,29.));
#2478=CARTESIAN_POINT('Ctrl Pts',(-125.,30.,29.));
#2479=CARTESIAN_POINT('',(-125.,30.9999999999991,30.));
#2480=CARTESIAN_POINT('Ctrl Pts',(-125.,30.,29.));
#2481=CARTESIAN_POINT('Ctrl Pts',(-125.,30.,29.0414688496024));
#2482=CARTESIAN_POINT('Ctrl Pts',(-125.,30.0175918631795,29.1868447914944));
#2483=CARTESIAN_POINT('Ctrl Pts',(-125.,30.1751004667316,29.4816955015861));
#2484=CARTESIAN_POINT('Ctrl Pts',(-125.,30.4493851621493,29.7553438780237));
#2485=CARTESIAN_POINT('Ctrl Pts',(-125.,30.6669868905289,29.9054002581564));
#2486=CARTESIAN_POINT('Ctrl Pts',(-125.,30.8601905604709,29.9864268742182));
#2487=CARTESIAN_POINT('Ctrl Pts',(-125.,30.9585311503967,30.));
#2488=CARTESIAN_POINT('Ctrl Pts',(-125.,30.9999999999991,30.));
#2489=CARTESIAN_POINT('Ctrl Pts',(-125.,30.9999999999991,30.));
#2490=CARTESIAN_POINT('Ctrl Pts',(-126.295320452023,30.9999999999991,30.));
#2491=CARTESIAN_POINT('Ctrl Pts',(-128.006583976164,31.292116287161,30.));
#2492=CARTESIAN_POINT('Ctrl Pts',(-130.395985321689,32.2805834103546,30.));
#2493=CARTESIAN_POINT('Ctrl Pts',(-132.233162602497,33.4357884828152,30.));
#2494=CARTESIAN_POINT('Ctrl Pts',(-134.063968012807,35.2667200431986,30.));
#2495=CARTESIAN_POINT('Ctrl Pts',(-135.448992827012,37.4697106922984,30.));
#2496=CARTESIAN_POINT('Ctrl Pts',(-136.30549263541,39.918419644831,30.));
#2497=CARTESIAN_POINT('Ctrl Pts',(-136.596615818383,42.5000002790238,30.));
#2498=CARTESIAN_POINT('Ctrl Pts',(-136.210314838006,45.9411261001114,30.));
#2499=CARTESIAN_POINT('Ctrl Pts',(-134.301941126639,49.9151634508751,30.));
#2500=CARTESIAN_POINT('Ctrl Pts',(-130.156125699496,53.2151524228735,30.));
#2501=CARTESIAN_POINT('Ctrl Pts',(-126.727093936024,54.,30.));
#2502=CARTESIAN_POINT('Ctrl Pts',(-125.,54.,30.));
#2503=CARTESIAN_POINT('Ctrl Pts',(-125.,55.,29.));
#2504=CARTESIAN_POINT('Ctrl Pts',(-126.877276017417,55.,29.));
#2505=CARTESIAN_POINT('Ctrl Pts',(-130.604484455974,54.1469048074712,29.));
#2506=CARTESIAN_POINT('Ctrl Pts',(-135.110805572433,50.5599602726903,29.));
#2507=CARTESIAN_POINT('Ctrl Pts',(-137.185124823919,46.2403544566428,29.));
#2508=CARTESIAN_POINT('Ctrl Pts',(-137.605017193894,42.5000003032867,29.));
#2509=CARTESIAN_POINT('Ctrl Pts',(-137.288578951532,39.6939343965555,29.));
#2510=CARTESIAN_POINT('Ctrl Pts',(-136.357600898926,37.0322942307593,29.));
#2511=CARTESIAN_POINT('Ctrl Pts',(-134.852139144356,34.63773917739,29.));
#2512=CARTESIAN_POINT('Ctrl Pts',(-132.862133263584,32.6475961769734,29.));
#2513=CARTESIAN_POINT('Ctrl Pts',(-130.865201436619,31.3919384895164,29.));
#2514=CARTESIAN_POINT('Ctrl Pts',(-128.268026061048,30.3175177034364,29.));
#2515=CARTESIAN_POINT('Ctrl Pts',(-126.407957013068,30.,29.));
#2516=CARTESIAN_POINT('Ctrl Pts',(-125.,30.,29.));
#2517=CARTESIAN_POINT('Ctrl Pts',(-125.,30.9999999999991,30.));
#2518=CARTESIAN_POINT('Ctrl Pts',(-120.205877362837,30.9999999999991,30.));
#2519=CARTESIAN_POINT('Ctrl Pts',(-114.315211622364,31.,30.));
#2520=CARTESIAN_POINT('Ctrl Pts',(-104.750451817161,30.9999999999999,30.));
#2521=CARTESIAN_POINT('Ctrl Pts',(-95.2465858331545,31.,30.));
#2522=CARTESIAN_POINT('Ctrl Pts',(-77.3786951730764,31.,30.));
#2523=CARTESIAN_POINT('Ctrl Pts',(-60.7038784686049,31.,30.));
#2524=CARTESIAN_POINT('Ctrl Pts',(-46.4379786583632,31.,30.));
#2525=CARTESIAN_POINT('Ctrl Pts',(-36.8784828868517,31.,30.));
#2526=CARTESIAN_POINT('Ctrl Pts',(-29.7941204127804,31.,30.));
#2527=CARTESIAN_POINT('Ctrl Pts',(-24.9999977651548,31.,30.));
#2528=CARTESIAN_POINT('Ctrl Pts',(-125.,30.9585311503967,30.));
#2529=CARTESIAN_POINT('Ctrl Pts',(-120.205877362837,30.9585311503967,30.));
#2530=CARTESIAN_POINT('Ctrl Pts',(-114.315211622364,30.9585311503975,30.));
#2531=CARTESIAN_POINT('Ctrl Pts',(-104.750451817161,30.9585311503974,30.));
#2532=CARTESIAN_POINT('Ctrl Pts',(-95.2465858331546,30.9585311503976,30.));
#2533=CARTESIAN_POINT('Ctrl Pts',(-77.3786951730763,30.9585311503975,30.));
#2534=CARTESIAN_POINT('Ctrl Pts',(-60.7038784686049,30.9585311503976,30.));
#2535=CARTESIAN_POINT('Ctrl Pts',(-46.4379786583632,30.9585311503975,30.));
#2536=CARTESIAN_POINT('Ctrl Pts',(-36.8784828868517,30.9585311503975,30.));
#2537=CARTESIAN_POINT('Ctrl Pts',(-29.7941204127804,30.9585311503975,30.));
#2538=CARTESIAN_POINT('Ctrl Pts',(-24.9999977651548,30.9585311503975,30.));
#2539=CARTESIAN_POINT('Ctrl Pts',(-125.,30.8601911276996,29.9864273365476));
#2540=CARTESIAN_POINT('Ctrl Pts',(-120.205877362837,30.8601911276996,29.9864273365476));
#2541=CARTESIAN_POINT('Ctrl Pts',(-114.315211622364,30.8601911277003,29.9864273365476));
#2542=CARTESIAN_POINT('Ctrl Pts',(-104.750451817161,30.8601911277003,29.9864273365476));
#2543=CARTESIAN_POINT('Ctrl Pts',(-95.2465858331546,30.8601911277004,29.9864273365476));
#2544=CARTESIAN_POINT('Ctrl Pts',(-77.3786951730764,30.8601911277004,29.9864273365476));
#2545=CARTESIAN_POINT('Ctrl Pts',(-60.7038784686049,30.8601911277004,29.9864273365476));
#2546=CARTESIAN_POINT('Ctrl Pts',(-46.4379786583632,30.8601911277004,29.9864273365476));
#2547=CARTESIAN_POINT('Ctrl Pts',(-36.8784828868518,30.8601911277004,29.9864273365476));
#2548=CARTESIAN_POINT('Ctrl Pts',(-29.7941204127804,30.8601911277004,29.9864273365476));
#2549=CARTESIAN_POINT('Ctrl Pts',(-24.9999977651548,30.8601911277004,29.9864273365476));
#2550=CARTESIAN_POINT('Ctrl Pts',(-125.,30.6669873428131,29.9054006568908));
#2551=CARTESIAN_POINT('Ctrl Pts',(-120.205877362837,30.6669873428131,29.9054006568908));
#2552=CARTESIAN_POINT('Ctrl Pts',(-114.315211622364,30.6669873428137,29.9054006568909));
#2553=CARTESIAN_POINT('Ctrl Pts',(-104.750451817161,30.6669873428136,29.9054006568909));
#2554=CARTESIAN_POINT('Ctrl Pts',(-95.2465858331546,30.6669873428137,29.9054006568909));
#2555=CARTESIAN_POINT('Ctrl Pts',(-77.3786951730764,30.6669873428137,29.9054006568909));
#2556=CARTESIAN_POINT('Ctrl Pts',(-60.7038784686049,30.6669873428137,29.9054006568909));
#2557=CARTESIAN_POINT('Ctrl Pts',(-46.4379786583632,30.6669873428137,29.9054006568909));
#2558=CARTESIAN_POINT('Ctrl Pts',(-36.8784828868518,30.6669873428137,29.9054006568909));
#2559=CARTESIAN_POINT('Ctrl Pts',(-29.7941204127804,30.6669873428137,29.9054006568909));
#2560=CARTESIAN_POINT('Ctrl Pts',(-24.9999977651548,30.6669873428137,29.9054006568909));
#2561=CARTESIAN_POINT('Ctrl Pts',(-125.,30.4493860882888,29.7553447243888));
#2562=CARTESIAN_POINT('Ctrl Pts',(-120.205877362837,30.4493860882888,29.7553447243888));
#2563=CARTESIAN_POINT('Ctrl Pts',(-114.315211622364,30.4493860882892,29.7553447243889));
#2564=CARTESIAN_POINT('Ctrl Pts',(-104.750451817161,30.4493860882892,29.7553447243889));
#2565=CARTESIAN_POINT('Ctrl Pts',(-95.2465858331545,30.4493860882893,29.7553447243889));
#2566=CARTESIAN_POINT('Ctrl Pts',(-77.3786951730765,30.4493860882892,29.7553447243889));
#2567=CARTESIAN_POINT('Ctrl Pts',(-60.7038784686049,30.4493860882892,29.7553447243889));
#2568=CARTESIAN_POINT('Ctrl Pts',(-46.4379786583632,30.4493860882892,29.7553447243889));
#2569=CARTESIAN_POINT('Ctrl Pts',(-36.8784828868518,30.4493860882892,29.7553447243889));
#2570=CARTESIAN_POINT('Ctrl Pts',(-29.7941204127804,30.4493860882892,29.7553447243889));
#2571=CARTESIAN_POINT('Ctrl Pts',(-24.9999977651548,30.4493860882892,29.7553447243889));
#2572=CARTESIAN_POINT('Ctrl Pts',(-125.,30.1751006928625,29.4816956738428));
#2573=CARTESIAN_POINT('Ctrl Pts',(-120.205877362837,30.1751006928625,29.4816956738428));
#2574=CARTESIAN_POINT('Ctrl Pts',(-114.315211622364,30.1751006928626,29.4816956738429));
#2575=CARTESIAN_POINT('Ctrl Pts',(-104.750451817161,30.1751006928626,29.4816956738429));
#2576=CARTESIAN_POINT('Ctrl Pts',(-95.2465858331546,30.1751006928626,29.4816956738429));
#2577=CARTESIAN_POINT('Ctrl Pts',(-77.3786951730765,30.1751006928626,29.4816956738429));
#2578=CARTESIAN_POINT('Ctrl Pts',(-60.7038784686049,30.1751006928626,29.4816956738429));
#2579=CARTESIAN_POINT('Ctrl Pts',(-46.4379786583632,30.1751006928626,29.4816956738429));
#2580=CARTESIAN_POINT('Ctrl Pts',(-36.8784828868518,30.1751006928626,29.4816956738429));
#2581=CARTESIAN_POINT('Ctrl Pts',(-29.7941204127805,30.1751006928626,29.4816956738429));
#2582=CARTESIAN_POINT('Ctrl Pts',(-24.9999977651548,30.1751006928626,29.4816956738429));
#2583=CARTESIAN_POINT('Ctrl Pts',(-125.,30.01759237546,29.1868451533167));
#2584=CARTESIAN_POINT('Ctrl Pts',(-120.205877362837,30.01759237546,29.1868451533167));
#2585=CARTESIAN_POINT('Ctrl Pts',(-114.315211622364,30.01759237546,29.1868451533167));
#2586=CARTESIAN_POINT('Ctrl Pts',(-104.750451817161,30.01759237546,29.1868451533167));
#2587=CARTESIAN_POINT('Ctrl Pts',(-95.2465858331546,30.01759237546,29.1868451533167));
#2588=CARTESIAN_POINT('Ctrl Pts',(-77.3786951730763,30.01759237546,29.1868451533168));
#2589=CARTESIAN_POINT('Ctrl Pts',(-60.7038784686049,30.01759237546,29.1868451533167));
#2590=CARTESIAN_POINT('Ctrl Pts',(-46.4379786583632,30.01759237546,29.1868451533168));
#2591=CARTESIAN_POINT('Ctrl Pts',(-36.8784828868518,30.01759237546,29.1868451533167));
#2592=CARTESIAN_POINT('Ctrl Pts',(-29.7941204127804,30.01759237546,29.1868451533167));
#2593=CARTESIAN_POINT('Ctrl Pts',(-24.9999977651548,30.01759237546,29.1868451533167));
#2594=CARTESIAN_POINT('Ctrl Pts',(-125.,30.,29.0414688496024));
#2595=CARTESIAN_POINT('Ctrl Pts',(-120.205877362837,30.,29.0414688496024));
#2596=CARTESIAN_POINT('Ctrl Pts',(-114.315211622364,30.,29.0414688496024));
#2597=CARTESIAN_POINT('Ctrl Pts',(-104.750451817161,30.,29.0414688496024));
#2598=CARTESIAN_POINT('Ctrl Pts',(-95.2465858331545,30.,29.0414688496025));
#2599=CARTESIAN_POINT('Ctrl Pts',(-77.3786951730764,30.,29.0414688496025));
#2600=CARTESIAN_POINT('Ctrl Pts',(-60.7038784686049,30.,29.0414688496025));
#2601=CARTESIAN_POINT('Ctrl Pts',(-46.4379786583632,30.,29.0414688496025));
#2602=CARTESIAN_POINT('Ctrl Pts',(-36.8784828868518,30.,29.0414688496025));
#2603=CARTESIAN_POINT('Ctrl Pts',(-29.7941204127804,30.,29.0414688496025));
#2604=CARTESIAN_POINT('Ctrl Pts',(-24.9999977651548,30.,29.0414688496025));
#2605=CARTESIAN_POINT('Ctrl Pts',(-125.,30.,29.));
#2606=CARTESIAN_POINT('Ctrl Pts',(-120.205877362837,30.,29.));
#2607=CARTESIAN_POINT('Ctrl Pts',(-114.315211622364,30.,29.));
#2608=CARTESIAN_POINT('Ctrl Pts',(-104.750451817161,30.,29.));
#2609=CARTESIAN_POINT('Ctrl Pts',(-95.2465858331545,30.,29.));
#2610=CARTESIAN_POINT('Ctrl Pts',(-77.3786951730764,30.,29.));
#2611=CARTESIAN_POINT('Ctrl Pts',(-60.7038784686049,30.,29.));
#2612=CARTESIAN_POINT('Ctrl Pts',(-46.4379786583632,30.,29.));
#2613=CARTESIAN_POINT('Ctrl Pts',(-36.8784828868517,30.,29.));
#2614=CARTESIAN_POINT('Ctrl Pts',(-29.7941204127804,30.,29.));
#2615=CARTESIAN_POINT('Ctrl Pts',(-24.9999977651548,30.,29.));
#2616=CARTESIAN_POINT('',(-25.,31.,30.));
#2617=CARTESIAN_POINT('Ctrl Pts',(-24.9999977651548,30.,29.));
#2618=CARTESIAN_POINT('Ctrl Pts',(-24.9999977651548,30.,29.0414688496025));
#2619=CARTESIAN_POINT('Ctrl Pts',(-24.9999977651548,30.01759237546,29.1868451533167));
#2620=CARTESIAN_POINT('Ctrl Pts',(-24.9999977651548,30.1751006928626,29.4816956738429));
#2621=CARTESIAN_POINT('Ctrl Pts',(-24.9999977651548,30.4493860882892,29.7553447243889));
#2622=CARTESIAN_POINT('Ctrl Pts',(-24.9999977651548,30.6669873428137,29.9054006568909));
#2623=CARTESIAN_POINT('Ctrl Pts',(-24.9999977651548,30.8601911277004,29.9864273365476));
#2624=CARTESIAN_POINT('Ctrl Pts',(-24.9999977651548,30.9585311503975,30.));
#2625=CARTESIAN_POINT('Ctrl Pts',(-24.9999977651548,31.,30.));
#2626=CARTESIAN_POINT('Ctrl Pts',(-25.0000022348451,31.,30.));
#2627=CARTESIAN_POINT('Ctrl Pts',(-29.7941233483106,31.,30.));
#2628=CARTESIAN_POINT('Ctrl Pts',(-36.8784843722812,31.,30.));
#2629=CARTESIAN_POINT('Ctrl Pts',(-46.4379786583632,31.,30.));
#2630=CARTESIAN_POINT('Ctrl Pts',(-60.7038784686049,31.,30.));
#2631=CARTESIAN_POINT('Ctrl Pts',(-77.3786951730764,31.,30.));
#2632=CARTESIAN_POINT('Ctrl Pts',(-95.2465858331545,31.,30.));
#2633=CARTESIAN_POINT('Ctrl Pts',(-104.750451817161,30.9999999999999,30.));
#2634=CARTESIAN_POINT('Ctrl Pts',(-114.315211622364,31.,30.));
#2635=CARTESIAN_POINT('Ctrl Pts',(-120.205877362837,30.9999999999991,30.));
#2636=CARTESIAN_POINT('Ctrl Pts',(-125.,30.9999999999991,30.));
#2637=CARTESIAN_POINT('Ctrl Pts',(-25.,31.,30.));
#2638=CARTESIAN_POINT('Ctrl Pts',(-23.2729063534839,31.,30.));
#2639=CARTESIAN_POINT('Ctrl Pts',(-19.8411787012121,31.7851583287742,30.));
#2640=CARTESIAN_POINT('Ctrl Pts',(-15.7021734958154,35.0840620824237,30.));
#2641=CARTESIAN_POINT('Ctrl Pts',(-13.402931343944,39.8536666852114,30.));
#2642=CARTESIAN_POINT('Ctrl Pts',(-13.4072213624054,45.1465504648475,30.));
#2643=CARTESIAN_POINT('Ctrl Pts',(-15.6957303593414,49.9144417602387,30.));
#2644=CARTESIAN_POINT('Ctrl Pts',(-19.8462608971689,53.2158229215204,30.));
#2645=CARTESIAN_POINT('Ctrl Pts',(-23.2729047405087,54.0000000000001,30.));
#2646=CARTESIAN_POINT('Ctrl Pts',(-25.,54.0000000000001,30.));
#2647=CARTESIAN_POINT('Ctrl Pts',(-25.,30.9585311503975,30.));
#2648=CARTESIAN_POINT('Ctrl Pts',(-23.2666546058378,30.9585311503975,30.));
#2649=CARTESIAN_POINT('Ctrl Pts',(-19.8225794519419,31.746480607906,30.));
#2650=CARTESIAN_POINT('Ctrl Pts',(-15.6686218007057,35.0573109801741,30.));
#2651=CARTESIAN_POINT('Ctrl Pts',(-13.3610725609525,39.8441120930642,30.));
#2652=CARTESIAN_POINT('Ctrl Pts',(-13.3653951720672,45.1561003791533,30.));
#2653=CARTESIAN_POINT('Ctrl Pts',(-15.6621429725422,49.9411979176148,30.));
#2654=CARTESIAN_POINT('Ctrl Pts',(-19.8276793013135,53.2544873906292,30.));
#2655=CARTESIAN_POINT('Ctrl Pts',(-23.2666529870239,54.0414688496025,30.));
#2656=CARTESIAN_POINT('Ctrl Pts',(-25.,54.0414688496025,30.));
#2657=CARTESIAN_POINT('Ctrl Pts',(-25.,30.8601939603043,29.9864296369378));
#2658=CARTESIAN_POINT('Ctrl Pts',(-23.2519530051052,30.8601939603043,29.9864296369378));
#2659=CARTESIAN_POINT('Ctrl Pts',(-19.7784565552864,31.6549698237775,29.9864296369378));
#2660=CARTESIAN_POINT('Ctrl Pts',(-15.5891823635824,34.9939229827805,29.9864296369378));
#2661=CARTESIAN_POINT('Ctrl Pts',(-13.2620171373384,39.8215166163947,29.9864296369378));
#2662=CARTESIAN_POINT('Ctrl Pts',(-13.2663284575741,45.1787130130276,29.9864296369378));
#2663=CARTESIAN_POINT('Ctrl Pts',(-15.5826833442012,50.0045438416833,29.9864296369378));
#2664=CARTESIAN_POINT('Ctrl Pts',(-19.7836017482059,53.3460536082213,29.9864296369378));
#2665=CARTESIAN_POINT('Ctrl Pts',(-23.2519513725611,54.1398060396958,29.9864296369378));
#2666=CARTESIAN_POINT('Ctrl Pts',(-25.,54.1398060396958,29.9864296369378));
#2667=CARTESIAN_POINT('Ctrl Pts',(-25.,30.666989537033,29.9054025936508));
#2668=CARTESIAN_POINT('Ctrl Pts',(-23.2228653436765,30.666989537033,29.9054025936508));
#2669=CARTESIAN_POINT('Ctrl Pts',(-19.6917965819821,31.4748355797207,29.9054025936508));
#2670=CARTESIAN_POINT('Ctrl Pts',(-15.4329035269731,34.8693043091117,29.9054025936508));
#2671=CARTESIAN_POINT('Ctrl Pts',(-13.067061853248,39.7770212461317,29.9054025936508));
#2672=CARTESIAN_POINT('Ctrl Pts',(-13.0714967683967,45.2231956002957,29.9054025936508));
#2673=CARTESIAN_POINT('Ctrl Pts',(-15.4262587761837,50.1291688230004,29.9054025936508));
#2674=CARTESIAN_POINT('Ctrl Pts',(-19.6970251330131,53.5261538179691,29.9054025936508));
#2675=CARTESIAN_POINT('Ctrl Pts',(-23.2228636839667,54.3330104629671,29.9054025936508));
#2676=CARTESIAN_POINT('Ctrl Pts',(-25.,54.3330104629671,29.9054025936508));
#2677=CARTESIAN_POINT('Ctrl Pts',(-25.,30.4493906981366,29.7553489489601));
#2678=CARTESIAN_POINT('Ctrl Pts',(-23.1902460727378,30.4493906981366,29.7553489489601));
#2679=CARTESIAN_POINT('Ctrl Pts',(-19.5941746796635,31.2721944077797,29.7553489489601));
#2680=CARTESIAN_POINT('Ctrl Pts',(-15.2570335473961,34.7290061258735,29.7553489489601));
#2681=CARTESIAN_POINT('Ctrl Pts',(-12.8477269045062,39.7269784039023,29.75534894896));
#2682=CARTESIAN_POINT('Ctrl Pts',(-12.8521998323908,45.2732563165216,29.75534894896));
#2683=CARTESIAN_POINT('Ctrl Pts',(-15.250298284157,50.2694123547035,29.75534894896));
#2684=CARTESIAN_POINT('Ctrl Pts',(-19.5995010903802,53.7288558794121,29.7553489489601));
#2685=CARTESIAN_POINT('Ctrl Pts',(-23.1902443825641,54.5506093018636,29.7553489489601));
#2686=CARTESIAN_POINT('Ctrl Pts',(-25.,54.5506093018636,29.7553489489601));
#2687=CARTESIAN_POINT('Ctrl Pts',(-25.,30.1751016637539,29.4816963914972));
#2688=CARTESIAN_POINT('Ctrl Pts',(-23.1490277794091,30.1751016637539,29.4816963914972));
#2689=CARTESIAN_POINT('Ctrl Pts',(-19.471134049667,31.0165903128381,29.4816963914972));
#2690=CARTESIAN_POINT('Ctrl Pts',(-15.0352440532121,34.5521171870048,29.4816963914972));
#2691=CARTESIAN_POINT('Ctrl Pts',(-12.5710808673974,39.6638476095425,29.4816963914972));
#2692=CARTESIAN_POINT('Ctrl Pts',(-12.5756740520861,45.3363865704159,29.4816963914972));
#2693=CARTESIAN_POINT('Ctrl Pts',(-15.0283420649077,50.4462765540468,29.4816963914972));
#2694=CARTESIAN_POINT('Ctrl Pts',(-19.4765809721418,53.9844657922852,29.4816963914972));
#2695=CARTESIAN_POINT('Ctrl Pts',(-23.1490260507406,54.8248983362461,29.4816963914972));
#2696=CARTESIAN_POINT('Ctrl Pts',(-25.,54.8248983362461,29.4816963914972));
#2697=CARTESIAN_POINT('Ctrl Pts',(-25.,30.0175949369264,29.1868469443677));
#2698=CARTESIAN_POINT('Ctrl Pts',(-23.1252572392838,30.0175949369264,29.1868469443677));
#2699=CARTESIAN_POINT('Ctrl Pts',(-19.4004940772451,30.8696424712249,29.1868469443677));
#2700=CARTESIAN_POINT('Ctrl Pts',(-14.9077830394097,34.4505014736173,29.1868469443677));
#2701=CARTESIAN_POINT('Ctrl Pts',(-12.4120509853467,39.6275448071954,29.1868469443676));
#2702=CARTESIAN_POINT('Ctrl Pts',(-12.4167860333962,45.3726658424352,29.1868469443676));
#2703=CARTESIAN_POINT('Ctrl Pts',(-14.9007323401569,50.5479224961466,29.1868469443676));
#2704=CARTESIAN_POINT('Ctrl Pts',(-19.4060073406668,54.1313455821766,29.1868469443676));
#2705=CARTESIAN_POINT('Ctrl Pts',(-23.1252554884154,54.9824050630736,29.1868469443677));
#2706=CARTESIAN_POINT('Ctrl Pts',(-25.,54.9824050630736,29.1868469443677));
#2707=CARTESIAN_POINT('Ctrl Pts',(-25.,30.,29.0414688496025));
#2708=CARTESIAN_POINT('Ctrl Pts',(-23.1229258707588,30.,29.0414688496025));
#2709=CARTESIAN_POINT('Ctrl Pts',(-19.3925568939268,30.8537719423858,29.0414688496024));
#2710=CARTESIAN_POINT('Ctrl Pts',(-14.8938682798804,34.4392766779011,29.0414688496025));
#2711=CARTESIAN_POINT('Ctrl Pts',(-12.3948275675359,39.6236516459731,29.0414688496024));
#2712=CARTESIAN_POINT('Ctrl Pts',(-12.3993460376711,45.3766305008145,29.0414688496024));
#2713=CARTESIAN_POINT('Ctrl Pts',(-14.8869700700764,50.5590088175592,29.0414688496025));
#2714=CARTESIAN_POINT('Ctrl Pts',(-19.3980867023807,54.1474364173936,29.0414688496025));
#2715=CARTESIAN_POINT('Ctrl Pts',(-23.1229241177131,55.,29.0414688496025));
#2716=CARTESIAN_POINT('Ctrl Pts',(-25.,55.,29.0414688496025));
#2717=CARTESIAN_POINT('Ctrl Pts',(-25.,30.,29.));
#2718=CARTESIAN_POINT('Ctrl Pts',(-23.1227242972651,30.,29.));
#2719=CARTESIAN_POINT('Ctrl Pts',(-19.3925855447959,30.8534329660589,29.));
#2720=CARTESIAN_POINT('Ctrl Pts',(-14.8936668432778,34.439197915678,29.));
#2721=CARTESIAN_POINT('Ctrl Pts',(-12.3944905912437,39.623550744795,29.));
#2722=CARTESIAN_POINT('Ctrl Pts',(-12.3991536547889,45.3766852878777,29.));
#2723=CARTESIAN_POINT('Ctrl Pts',(-14.886663434067,50.5591758263463,29.));
#2724=CARTESIAN_POINT('Ctrl Pts',(-19.3981096708359,54.1476336103482,29.));
#2725=CARTESIAN_POINT('Ctrl Pts',(-23.1227225440311,55.,29.));
#2726=CARTESIAN_POINT('Ctrl Pts',(-25.,55.,29.));
#2727=CARTESIAN_POINT('Ctrl Pts',(-25.,54.0000000000001,30.));
#2728=CARTESIAN_POINT('Ctrl Pts',(-23.2729047405087,54.0000000000001,30.));
#2729=CARTESIAN_POINT('Ctrl Pts',(-19.8462608971689,53.2158229215204,30.));
#2730=CARTESIAN_POINT('Ctrl Pts',(-15.6957303593414,49.9144417602387,30.));
#2731=CARTESIAN_POINT('Ctrl Pts',(-13.4072213624054,45.1465504648475,30.));
#2732=CARTESIAN_POINT('Ctrl Pts',(-13.402931343944,39.8536666852114,30.));
#2733=CARTESIAN_POINT('Ctrl Pts',(-15.7021734958154,35.0840620824237,30.));
#2734=CARTESIAN_POINT('Ctrl Pts',(-19.8411787012121,31.7851583287742,30.));
#2735=CARTESIAN_POINT('Ctrl Pts',(-23.2729063534839,31.,30.));
#2736=CARTESIAN_POINT('Ctrl Pts',(-25.,31.,30.));
#2737=CARTESIAN_POINT('Ctrl Pts',(-25.,30.,29.));
#2738=CARTESIAN_POINT('Ctrl Pts',(-23.1227242972651,30.,29.));
#2739=CARTESIAN_POINT('Ctrl Pts',(-19.3925855447959,30.8534329660589,29.));
#2740=CARTESIAN_POINT('Ctrl Pts',(-14.8936668432778,34.439197915678,29.));
#2741=CARTESIAN_POINT('Ctrl Pts',(-12.3944905912437,39.623550744795,29.));
#2742=CARTESIAN_POINT('Ctrl Pts',(-12.3991536547889,45.3766852878777,29.));
#2743=CARTESIAN_POINT('Ctrl Pts',(-14.886663434067,50.5591758263463,29.));
#2744=CARTESIAN_POINT('Ctrl Pts',(-19.3981096708359,54.1476336103482,29.));
#2745=CARTESIAN_POINT('Ctrl Pts',(-23.1227225440311,55.,29.));
#2746=CARTESIAN_POINT('Ctrl Pts',(-25.,55.,29.));
#2747=CARTESIAN_POINT('Origin',(-125.,42.5,0.));
#2748=CARTESIAN_POINT('Origin',(-125.,42.5,25.0000003576279));
#2749=CARTESIAN_POINT('Origin',(-75.,42.5,30.));
#2750=CARTESIAN_POINT('',(-28.,42.5,30.));
#2751=CARTESIAN_POINT('Origin',(-25.,42.5,30.));
#2752=CARTESIAN_POINT('',(-128.,42.5,30.));
#2753=CARTESIAN_POINT('Origin',(-125.,42.5,30.));
#2754=CARTESIAN_POINT('',(-98.0000015050173,50.0000007450581,30.));
#2755=CARTESIAN_POINT('',(-84.0000015050173,50.0000007450581,30.));
#2756=CARTESIAN_POINT('',(-78.0000007525086,50.0000007450581,30.));
#2757=CARTESIAN_POINT('',(-81.0000015050173,47.0000007450581,30.));
#2758=CARTESIAN_POINT('Origin',(-84.0000015050173,47.0000007450581,30.));
#2759=CARTESIAN_POINT('',(-81.0000015050173,39.0000007450581,30.));
#2760=CARTESIAN_POINT('',(-81.0000015050173,39.250000372529,30.));
#2761=CARTESIAN_POINT('',(-84.0000015050173,36.0000007450581,30.));
#2762=CARTESIAN_POINT('Origin',(-84.0000015050173,39.0000007450581,30.));
#2763=CARTESIAN_POINT('',(-98.0000015050173,36.0000007450581,30.));
#2764=CARTESIAN_POINT('',(-88.0000007525086,36.0000007450581,30.));
#2765=CARTESIAN_POINT('',(-101.000001505017,39.0000007450581,30.));
#2766=CARTESIAN_POINT('Origin',(-98.0000015050173,39.0000007450581,30.));
#2767=CARTESIAN_POINT('',(-101.000001505017,47.0000007450581,30.));
#2768=CARTESIAN_POINT('',(-101.000001505017,46.250000372529,30.));
#2769=CARTESIAN_POINT('Origin',(-98.0000015050173,47.0000007450581,30.));
#2770=CARTESIAN_POINT('',(-70.0000010430813,39.0000005364418,30.));
#2771=CARTESIAN_POINT('',(-70.0000010430813,47.0000007450581,30.));
#2772=CARTESIAN_POINT('',(-70.0000010430813,46.250000372529,30.));
#2773=CARTESIAN_POINT('',(-67.0000010430813,50.0000007450581,30.));
#2774=CARTESIAN_POINT('Origin',(-67.0000010430813,47.0000007450581,30.));
#2775=CARTESIAN_POINT('',(-53.0000007450581,50.0000007450581,30.));
#2776=CARTESIAN_POINT('',(-62.500000372529,50.0000007450581,30.));
#2777=CARTESIAN_POINT('',(-50.0000007450581,47.0000007450581,30.));
#2778=CARTESIAN_POINT('Origin',(-53.0000007450581,47.0000007450581,30.));
#2779=CARTESIAN_POINT('',(-50.0000007450581,39.0000005364418,30.));
#2780=CARTESIAN_POINT('',(-50.0000007450581,39.2500002682209,30.));
#2781=CARTESIAN_POINT('',(-53.0000007450581,36.0000005364418,30.));
#2782=CARTESIAN_POINT('Origin',(-53.0000007450581,39.0000005364418,30.));
#2783=CARTESIAN_POINT('',(-67.0000010430813,36.0000005364418,30.));
#2784=CARTESIAN_POINT('',(-72.5000005215406,36.0000005364418,30.));
#2785=CARTESIAN_POINT('Origin',(-67.0000010430813,39.0000005364418,30.));
#2786=CARTESIAN_POINT('Origin',(-98.0000015050173,47.0000007450581,0.));
#2787=CARTESIAN_POINT('',(-98.0000015050173,50.0000007450581,0.));
#2788=CARTESIAN_POINT('',(-101.000001505017,47.0000007450581,0.));
#2789=CARTESIAN_POINT('Origin',(-81.0000015050173,50.0000007450581,0.));
#2790=CARTESIAN_POINT('',(-84.0000015050173,50.0000007450581,0.));
#2791=CARTESIAN_POINT('Origin',(-67.0000010430813,47.0000007450581,0.));
#2792=CARTESIAN_POINT('',(-67.0000010430813,50.0000007450581,0.));
#2793=CARTESIAN_POINT('',(-70.0000010430813,47.0000007450581,0.));
#2794=CARTESIAN_POINT('Origin',(-50.0000007450581,50.0000007450581,0.));
#2795=CARTESIAN_POINT('',(-53.0000007450581,50.0000007450581,0.));
#2796=CARTESIAN_POINT('Origin',(-84.0000015050173,47.0000007450581,0.));
#2797=CARTESIAN_POINT('',(-81.0000015050173,47.0000007450581,0.));
#2798=CARTESIAN_POINT('Origin',(-81.0000015050173,36.0000007450581,0.));
#2799=CARTESIAN_POINT('',(-81.0000015050173,39.0000007450581,0.));
#2800=CARTESIAN_POINT('Origin',(-53.0000007450581,47.0000007450581,0.));
#2801=CARTESIAN_POINT('',(-50.0000007450581,47.0000007450581,0.));
#2802=CARTESIAN_POINT('Origin',(-50.0000007450581,36.0000005364418,0.));
#2803=CARTESIAN_POINT('',(-50.0000007450581,39.0000005364418,0.));
#2804=CARTESIAN_POINT('Origin',(-53.0000007450581,39.0000005364418,0.));
#2805=CARTESIAN_POINT('',(-53.0000007450581,36.0000005364418,0.));
#2806=CARTESIAN_POINT('Origin',(-70.0000010430813,36.0000005364418,0.));
#2807=CARTESIAN_POINT('',(-67.0000010430813,36.0000005364418,0.));
#2808=CARTESIAN_POINT('Origin',(-84.0000015050173,39.0000007450581,0.));
#2809=CARTESIAN_POINT('',(-84.0000015050173,36.0000007450581,0.));
#2810=CARTESIAN_POINT('Origin',(-101.000001505017,36.0000007450581,0.));
#2811=CARTESIAN_POINT('',(-98.0000015050173,36.0000007450581,0.));
#2812=CARTESIAN_POINT('Origin',(-98.0000015050173,39.0000007450581,0.));
#2813=CARTESIAN_POINT('',(-101.000001505017,39.0000007450581,0.));
#2814=CARTESIAN_POINT('Origin',(-101.000001505017,50.0000007450581,0.));
#2815=CARTESIAN_POINT('Origin',(-67.0000010430813,39.0000005364418,0.));
#2816=CARTESIAN_POINT('',(-70.0000010430813,39.0000005364418,0.));
#2817=CARTESIAN_POINT('Origin',(-70.0000010430813,50.0000007450581,0.));
#2818=CARTESIAN_POINT('Origin',(-98.0000015050173,47.0000007450581,0.));
#2819=CARTESIAN_POINT('',(-98.0000015050173,50.0000007450581,0.));
#2820=CARTESIAN_POINT('',(-101.000001505017,47.0000007450581,0.));
#2821=CARTESIAN_POINT('Origin',(-81.0000015050173,50.0000007450581,0.));
#2822=CARTESIAN_POINT('',(-84.0000015050173,50.0000007450581,0.));
#2823=CARTESIAN_POINT('Origin',(-98.0000015050173,39.0000007450581,0.));
#2824=CARTESIAN_POINT('',(-101.000001505017,39.0000007450581,0.));
#2825=CARTESIAN_POINT('',(-98.0000015050173,36.0000007450581,0.));
#2826=CARTESIAN_POINT('Origin',(-101.000001505017,50.0000007450581,0.));
#2827=CARTESIAN_POINT('Origin',(-84.0000015050173,39.0000007450581,0.));
#2828=CARTESIAN_POINT('',(-84.0000015050173,36.0000007450581,0.));
#2829=CARTESIAN_POINT('',(-81.0000015050173,39.0000007450581,0.));
#2830=CARTESIAN_POINT('Origin',(-101.000001505017,36.0000007450581,0.));
#2831=CARTESIAN_POINT('Origin',(-84.0000015050173,47.0000007450581,0.));
#2832=CARTESIAN_POINT('',(-81.0000015050173,47.0000007450581,0.));
#2833=CARTESIAN_POINT('Origin',(-81.0000015050173,36.0000007450581,0.));
#2834=CARTESIAN_POINT('Origin',(-53.0000007450581,47.0000007450581,0.));
#2835=CARTESIAN_POINT('',(-50.0000007450581,47.0000007450581,0.));
#2836=CARTESIAN_POINT('',(-53.0000007450581,50.0000007450581,0.));
#2837=CARTESIAN_POINT('Origin',(-50.0000007450581,36.0000005364418,0.));
#2838=CARTESIAN_POINT('',(-50.0000007450581,39.0000005364418,0.));
#2839=CARTESIAN_POINT('Origin',(-67.0000010430813,47.0000007450581,0.));
#2840=CARTESIAN_POINT('',(-67.0000010430813,50.0000007450581,0.));
#2841=CARTESIAN_POINT('',(-70.0000010430813,47.0000007450581,0.));
#2842=CARTESIAN_POINT('Origin',(-50.0000007450581,50.0000007450581,0.));
#2843=CARTESIAN_POINT('Origin',(-67.0000010430813,39.0000005364418,0.));
#2844=CARTESIAN_POINT('',(-70.0000010430813,39.0000005364418,0.));
#2845=CARTESIAN_POINT('',(-67.0000010430813,36.0000005364418,0.));
#2846=CARTESIAN_POINT('Origin',(-70.0000010430813,50.0000007450581,0.));
#2847=CARTESIAN_POINT('Origin',(-53.0000007450581,39.0000005364418,0.));
#2848=CARTESIAN_POINT('',(-53.0000007450581,36.0000005364418,0.));
#2849=CARTESIAN_POINT('Origin',(-70.0000010430813,36.0000005364418,0.));
#2850=CARTESIAN_POINT('Origin',(-125.,42.5,0.));
#2851=CARTESIAN_POINT('',(-128.,42.5,5.));
#2852=CARTESIAN_POINT('',(-128.,42.5,0.));
#2853=CARTESIAN_POINT('Origin',(-125.,42.5,5.));
#2854=CARTESIAN_POINT('Origin',(-125.,42.5,0.));
#2855=CARTESIAN_POINT('',(-128.,42.5,25.));
#2856=CARTESIAN_POINT('Origin',(-125.,42.5,25.));
#2857=CARTESIAN_POINT('',(-128.,42.5,0.));
#2858=CARTESIAN_POINT('Origin',(-25.,42.5,0.));
#2859=CARTESIAN_POINT('',(-28.,42.5,5.));
#2860=CARTESIAN_POINT('',(-28.,42.5,0.));
#2861=CARTESIAN_POINT('Origin',(-25.,42.5,5.));
#2862=CARTESIAN_POINT('Origin',(-25.,42.5,0.));
#2863=CARTESIAN_POINT('',(-28.,42.5,25.));
#2864=CARTESIAN_POINT('Origin',(-25.,42.5,25.));
#2865=CARTESIAN_POINT('',(-28.,42.5,0.));
#2866=CARTESIAN_POINT('Origin',(-30.,55.,25.));
#2867=CARTESIAN_POINT('Origin',(-120.,55.,5.));
#2868=CARTESIAN_POINT('Origin',(-30.,55.,25.));
#2869=CARTESIAN_POINT('Origin',(-25.,42.5,25.));
#2870=CARTESIAN_POINT('Origin',(-25.,42.5,0.));
#2871=CARTESIAN_POINT('Origin',(-120.,55.,5.));
#2872=CARTESIAN_POINT('Origin',(-25.,42.5,5.));
#2873=CARTESIAN_POINT('Origin',(-25.,42.5,0.));
#2874=UNCERTAINTY_MEASURE_WITH_UNIT(LENGTH_MEASURE(0.01),#2878,
'DISTANCE_ACCURACY_VALUE',
'Maximum model space distance between geometric entities at asserted c
onnectivities');
#2875=UNCERTAINTY_MEASURE_WITH_UNIT(LENGTH_MEASURE(0.01),#2878,
'DISTANCE_ACCURACY_VALUE',
'Maximum model space distance between geometric entities at asserted c
onnectivities');
#2876=(
GEOMETRIC_REPRESENTATION_CONTEXT(3)
GLOBAL_UNCERTAINTY_ASSIGNED_CONTEXT((#2874))
GLOBAL_UNIT_ASSIGNED_CONTEXT((#2878,#2880,#2881))
REPRESENTATION_CONTEXT('','3D')
);
#2877=(
GEOMETRIC_REPRESENTATION_CONTEXT(3)
GLOBAL_UNCERTAINTY_ASSIGNED_CONTEXT((#2875))
GLOBAL_UNIT_ASSIGNED_CONTEXT((#2878,#2880,#2881))
REPRESENTATION_CONTEXT('','3D')
);
#2878=(
LENGTH_UNIT()
NAMED_UNIT(*)
SI_UNIT(.MILLI.,.METRE.)
);
#2879=(
LENGTH_UNIT()
NAMED_UNIT(*)
SI_UNIT($,.METRE.)
);
#2880=(
NAMED_UNIT(*)
PLANE_ANGLE_UNIT()
SI_UNIT($,.RADIAN.)
);
#2881=(
NAMED_UNIT(*)
SI_UNIT($,.STERADIAN.)
SOLID_ANGLE_UNIT()
);
#2882=SHAPE_DEFINITION_REPRESENTATION(#2883,#2884);
#2883=PRODUCT_DEFINITION_SHAPE('',$,#2886);
#2884=SHAPE_REPRESENTATION('',(#1408),#2876);
#2885=PRODUCT_DEFINITION_CONTEXT('part definition',#2890,'design');
#2886=PRODUCT_DEFINITION('2026-09-20-16-54-42-550',
'AgriRover_Armforelink',#2887,#2885);
#2887=PRODUCT_DEFINITION_FORMATION('',$,#2892);
#2888=PRODUCT_RELATED_PRODUCT_CATEGORY('AgriRover_Armforelink',
'AgriRover_Armforelink',(#2892));
#2889=APPLICATION_PROTOCOL_DEFINITION('international standard',
'automotive_design',2009,#2890);
#2890=APPLICATION_CONTEXT(
'Core Data for Automotive Mechanical Design Process');
#2891=PRODUCT_CONTEXT('part definition',#2890,'mechanical');
#2892=PRODUCT('2026-09-20-16-54-42-550','AgriRover_Armforelink',$,(#2891));
#2893=PRESENTATION_STYLE_ASSIGNMENT((#2894));
#2894=SURFACE_STYLE_USAGE(.BOTH.,#2895);
#2895=SURFACE_SIDE_STYLE('',(#2896));
#2896=SURFACE_STYLE_FILL_AREA(#2897);
#2897=FILL_AREA_STYLE('Steel - Satin',(#2898));
#2898=FILL_AREA_STYLE_COLOUR('Steel - Satin',#2899);
#2899=COLOUR_RGB('Steel - Satin',0.627450980392157,0.627450980392157,0.627450980392157);
ENDSEC;
END-ISO-10303-21;
