ISO-10303-21;
HEADER;
/* Generated by software containing ST-Developer
 * from STEP Tools, Inc. (www.steptools.com) 
 */

FILE_DESCRIPTION(
/* description */ (''),
/* implementation_level */ '2;1');

FILE_NAME(
/* name */ 'Auger.step',
/* time_stamp */ '2026-09-27T17:05:28+05:30',
/* author */ (''),
/* organization */ (''),
/* preprocessor_version */ 'ST-DEVELOPER v20.2',
/* originating_system */ 'Autodesk Translation Framework v15.15.0.0',
/* authorisation */ '');

FILE_SCHEMA (('AUTOMOTIVE_DESIGN { 1 0 10303 214 3 1 1 }'));
ENDSEC;

DATA;
#10=MECHANICAL_DESIGN_GEOMETRIC_PRESENTATION_REPRESENTATION('',(#13),#10333);
#11=SHAPE_REPRESENTATION_RELATIONSHIP('SRR','None',#10340,#12);
#12=ADVANCED_BREP_SHAPE_REPRESENTATION('',(#14),#10332);
#13=STYLED_ITEM('',(#10349),#14);
#14=MANIFOLD_SOLID_BREP('Body1',#2158);
#15=FACE_BOUND('',#385,.T.);
#16=PLANE('',#2181);
#17=PLANE('',#2182);
#18=PLANE('',#2183);
#19=PLANE('',#2188);
#20=PLANE('',#2191);
#21=B_SPLINE_SURFACE_WITH_KNOTS('',3,3,((#4980,#4981,#4982,#4983),(#4984,
#4985,#4986,#4987),(#4988,#4989,#4990,#4991),(#4992,#4993,#4994,#4995)),
 .UNSPECIFIED.,.F.,.F.,.F.,(4,4),(4,4),(0.243690122635726,0.301137153530763),
(4.30028232410923,4.3312330758878),.UNSPECIFIED.);
#22=B_SPLINE_SURFACE_WITH_KNOTS('',3,3,((#5014,#5015,#5016,#5017,#5018,
#5019),(#5020,#5021,#5022,#5023,#5024,#5025),(#5026,#5027,#5028,#5029,#5030,
#5031),(#5032,#5033,#5034,#5035,#5036,#5037)),.UNSPECIFIED.,.F.,.F.,.F.,
(4,4),(4,1,1,4),(0.,11.3),(4.3312330758878,4.51432753260493,4.69742198932205,
4.97206367439773),.UNSPECIFIED.);
#23=B_SPLINE_SURFACE_WITH_KNOTS('',3,3,((#5093,#5094,#5095,#5096,#5097,
#5098),(#5099,#5100,#5101,#5102,#5103,#5104),(#5105,#5106,#5107,#5108,#5109,
#5110),(#5111,#5112,#5113,#5114,#5115,#5116)),.UNSPECIFIED.,.F.,.F.,.F.,
(4,4),(4,1,1,4),(0.,11.3),(3.69055940219776,3.96513383377921,4.14818345483351,
4.3312330758878),.UNSPECIFIED.);
#24=B_SPLINE_SURFACE_WITH_KNOTS('',3,3,((#5132,#5133,#5134,#5135,#5136,
#5137),(#5138,#5139,#5140,#5141,#5142,#5143),(#5144,#5145,#5146,#5147,#5148,
#5149),(#5150,#5151,#5152,#5153,#5154,#5155)),.UNSPECIFIED.,.F.,.F.,.F.,
(4,4),(4,1,1,4),(0.,11.3),(3.05003930202869,3.32454791638686,3.50755365929231,
3.69055940219776),.UNSPECIFIED.);
#25=B_SPLINE_SURFACE_WITH_KNOTS('',3,3,((#5167,#5168,#5169,#5170,#5171,
#5172),(#5173,#5174,#5175,#5176,#5177,#5178),(#5179,#5180,#5181,#5182,#5183,
#5184),(#5185,#5186,#5187,#5188,#5189,#5190)),.UNSPECIFIED.,.F.,.F.,.F.,
(4,4),(4,1,1,4),(0.,11.3),(2.40966943236527,2.68411366222102,2.86707648212486,
3.05003930202869),.UNSPECIFIED.);
#26=B_SPLINE_SURFACE_WITH_KNOTS('',3,3,((#5202,#5203,#5204,#5205,#5206,
#5207),(#5208,#5209,#5210,#5211,#5212,#5213),(#5214,#5215,#5216,#5217,#5218,
#5219),(#5220,#5221,#5222,#5223,#5224,#5225)),.UNSPECIFIED.,.F.,.F.,.F.,
(4,4),(4,1,1,4),(0.,11.3),(1.76944645828237,2.04382773288933,2.2267485826273,
2.40966943236527),.UNSPECIFIED.);
#27=B_SPLINE_SURFACE_WITH_KNOTS('',3,3,((#5237,#5238,#5239,#5240,#5241,
#5242),(#5243,#5244,#5245,#5246,#5247,#5248),(#5249,#5250,#5251,#5252,#5253,
#5254),(#5255,#5256,#5257,#5258,#5259,#5260)),.UNSPECIFIED.,.F.,.F.,.F.,
(4,4),(4,1,1,4),(0.,11.3),(1.12936705275307,1.40368679797991,1.58656662813114,
1.76944645828237),.UNSPECIFIED.);
#28=B_SPLINE_SURFACE_WITH_KNOTS('',3,3,((#5272,#5273,#5274,#5275,#5276,
#5277),(#5278,#5279,#5280,#5281,#5282,#5283),(#5284,#5285,#5286,#5287,#5288,
#5289),(#5290,#5291,#5292,#5293,#5294,#5295)),.UNSPECIFIED.,.F.,.F.,.F.,
(4,4),(4,1,1,4),(0.,11.3),(0.489427896457973,0.763687534870158,0.946527293811615,
1.12936705275307),.UNSPECIFIED.);
#29=B_SPLINE_SURFACE_WITH_KNOTS('',3,3,((#5307,#5308,#5309,#5310,#5311),
(#5312,#5313,#5314,#5315,#5316),(#5317,#5318,#5319,#5320,#5321),(#5322,
#5323,#5324,#5325,#5326)),.UNSPECIFIED.,.F.,.F.,.F.,(4,4),(4,1,4),(0.,11.3),
(0.,0.209754812767703,0.489427896457973),.UNSPECIFIED.);
#30=B_SPLINE_SURFACE_WITH_KNOTS('',3,3,((#5334,#5335,#5336,#5337),(#5338,
#5339,#5340,#5341),(#5342,#5343,#5344,#5345),(#5346,#5347,#5348,#5349)),
 .UNSPECIFIED.,.F.,.F.,.F.,(4,4),(4,4),(-11.3,0.),(4.97206367439773,5.12243799680199),
 .UNSPECIFIED.);
#31=B_SPLINE_SURFACE_WITH_KNOTS('',3,3,((#5359,#5360,#5361,#5362,#5363,
#5364),(#5365,#5366,#5367,#5368,#5369,#5370),(#5371,#5372,#5373,#5374,#5375,
#5376),(#5377,#5378,#5379,#5380,#5381,#5382)),.UNSPECIFIED.,.F.,.F.,.F.,
(4,4),(4,1,1,4),(-11.3,0.),(5.12243799680199,5.39658167647376,5.57934412958828,
5.7621065827028),.UNSPECIFIED.);
#32=B_SPLINE_SURFACE_WITH_KNOTS('',3,3,((#5394,#5395,#5396,#5397,#5398,
#5399),(#5400,#5401,#5402,#5403,#5404,#5405),(#5406,#5407,#5408,#5409,#5410,
#5411),(#5412,#5413,#5414,#5415,#5416,#5417)),.UNSPECIFIED.,.F.,.F.,.F.,
(4,4),(4,1,1,4),(-11.3,0.),(5.7621065827028,6.03619440424619,6.21891961860845,
6.40164483297072),.UNSPECIFIED.);
#33=B_SPLINE_SURFACE_WITH_KNOTS('',3,3,((#5429,#5430,#5431,#5432,#5433,
#5434),(#5435,#5436,#5437,#5438,#5439,#5440),(#5441,#5442,#5443,#5444,#5445,
#5446),(#5447,#5448,#5449,#5450,#5451,#5452)),.UNSPECIFIED.,.F.,.F.,.F.,
(4,4),(4,1,1,4),(-11.3,0.),(6.40164483297072,6.67567820654491,6.85836712226105,
7.04105603797718),.UNSPECIFIED.);
#34=B_SPLINE_SURFACE_WITH_KNOTS('',3,3,((#5464,#5465,#5466,#5467,#5468,
#5469),(#5470,#5471,#5472,#5473,#5474,#5475),(#5476,#5477,#5478,#5479,#5480,
#5481),(#5482,#5483,#5484,#5485,#5486,#5487)),.UNSPECIFIED.,.F.,.F.,.F.,
(4,4),(4,1,1,4),(-11.3,0.),(7.04105603797718,7.3150363708389,7.49768992608005,
7.6803434813212),.UNSPECIFIED.);
#35=B_SPLINE_SURFACE_WITH_KNOTS('',3,3,((#5499,#5500,#5501,#5502,#5503,
#5504),(#5505,#5506,#5507,#5508,#5509,#5510),(#5511,#5512,#5513,#5514,#5515,
#5516),(#5517,#5518,#5519,#5520,#5521,#5522)),.UNSPECIFIED.,.F.,.F.,.F.,
(4,4),(4,1,1,4),(-11.3,0.),(7.6803434813212,7.95427217790336,8.13689130895814,
8.31951044001292),.UNSPECIFIED.);
#36=B_SPLINE_SURFACE_WITH_KNOTS('',3,3,((#5534,#5535,#5536,#5537,#5538,
#5539),(#5540,#5541,#5542,#5543,#5544,#5545),(#5546,#5547,#5548,#5549,#5550,
#5551),(#5552,#5553,#5554,#5555,#5556,#5557)),.UNSPECIFIED.,.F.,.F.,.F.,
(4,4),(4,1,1,4),(-11.3,0.),(8.31951044001292,8.50209608133956,8.68468172266619,
8.95856018465614),.UNSPECIFIED.);
#37=B_SPLINE_SURFACE_WITH_KNOTS('',3,3,((#5569,#5570,#5571,#5572,#5573,
#5574),(#5575,#5576,#5577,#5578,#5579,#5580),(#5581,#5582,#5583,#5584,#5585,
#5586),(#5587,#5588,#5589,#5590,#5591,#5592)),.UNSPECIFIED.,.F.,.F.,.F.,
(4,4),(4,1,1,4),(-11.3,0.),(8.95856018465614,9.23238981107339,9.41494289535156,
9.59749597962973),.UNSPECIFIED.);
#38=B_SPLINE_SURFACE_WITH_KNOTS('',3,3,((#5604,#5605,#5606,#5607,#5608,
#5609),(#5610,#5611,#5612,#5613,#5614,#5615),(#5616,#5617,#5618,#5619,#5620,
#5621),(#5622,#5623,#5624,#5625,#5626,#5627)),.UNSPECIFIED.,.F.,.F.,.F.,
(4,4),(4,1,1,4),(-11.3,0.),(9.59749597962973,9.78001743781211,9.96253889599449,
10.2363210832681),.UNSPECIFIED.);
#39=B_SPLINE_SURFACE_WITH_KNOTS('',3,3,((#5639,#5640,#5641,#5642,#5643,
#5644),(#5645,#5646,#5647,#5648,#5649,#5650),(#5651,#5652,#5653,#5654,#5655,
#5656),(#5657,#5658,#5659,#5660,#5661,#5662)),.UNSPECIFIED.,.F.,.F.,.F.,
(4,4),(4,1,1,4),(-11.3,0.),(10.2363210832681,10.5199765134372,10.70908013355,
10.8981837536627),.UNSPECIFIED.);
#40=B_SPLINE_SURFACE_WITH_KNOTS('',3,3,((#5674,#5675,#5676,#5677,#5678,
#5679),(#5680,#5681,#5682,#5683,#5684,#5685),(#5686,#5687,#5688,#5689,#5690,
#5691),(#5692,#5693,#5694,#5695,#5696,#5697)),.UNSPECIFIED.,.F.,.F.,.F.,
(4,4),(4,1,1,4),(-11.3,0.),(10.8981837536627,11.0820661215872,11.2659484895117,
11.5417720413984),.UNSPECIFIED.);
#41=B_SPLINE_SURFACE_WITH_KNOTS('',3,3,((#5709,#5710,#5711,#5712,#5713,
#5714),(#5715,#5716,#5717,#5718,#5719,#5720),(#5721,#5722,#5723,#5724,#5725,
#5726),(#5727,#5728,#5729,#5730,#5731,#5732)),.UNSPECIFIED.,.F.,.F.,.F.,
(4,4),(4,1,1,4),(-11.3,0.),(11.5417720413984,11.8174185667153,12.0011829169265,
12.1849472671377),.UNSPECIFIED.);
#42=B_SPLINE_SURFACE_WITH_KNOTS('',3,3,((#5744,#5745,#5746,#5747,#5748,
#5749),(#5750,#5751,#5752,#5753,#5754,#5755),(#5756,#5757,#5758,#5759,#5760,
#5761),(#5762,#5763,#5764,#5765,#5766,#5767)),.UNSPECIFIED.,.F.,.F.,.F.,
(4,4),(4,1,1,4),(-11.3,0.),(12.1849472671377,12.4604227485166,12.6440730694359,
12.8277233903551),.UNSPECIFIED.);
#43=B_SPLINE_SURFACE_WITH_KNOTS('',3,3,((#5779,#5780,#5781,#5782,#5783,
#5784),(#5785,#5786,#5787,#5788,#5789,#5790),(#5791,#5792,#5793,#5794,#5795,
#5796),(#5797,#5798,#5799,#5800,#5801,#5802)),.UNSPECIFIED.,.F.,.F.,.F.,
(4,4),(4,1,1,4),(-11.3,0.),(12.8277233903551,13.1030337724592,13.2865740271953,
13.4701142819313),.UNSPECIFIED.);
#44=B_SPLINE_SURFACE_WITH_KNOTS('',3,3,((#5814,#5815,#5816,#5817,#5818,
#5819),(#5820,#5821,#5822,#5823,#5824,#5825),(#5826,#5827,#5828,#5829,#5830,
#5831),(#5832,#5833,#5834,#5835,#5836,#5837)),.UNSPECIFIED.,.F.,.F.,.F.,
(4,4),(4,1,1,4),(-11.3,0.),(13.4701142819313,13.7452654729269,13.9286996002572,
14.1121337275876),.UNSPECIFIED.);
#45=B_SPLINE_SURFACE_WITH_KNOTS('',3,3,((#5849,#5850,#5851,#5852,#5853,
#5854),(#5855,#5856,#5857,#5858,#5859,#5860),(#5861,#5862,#5863,#5864,#5865,
#5866),(#5867,#5868,#5869,#5870,#5871,#5872)),.UNSPECIFIED.,.F.,.F.,.F.,
(4,4),(4,1,1,4),(-11.3,0.),(14.1121337275876,14.3871316005904,14.5704635159257,
14.7537954312609),.UNSPECIFIED.);
#46=B_SPLINE_SURFACE_WITH_KNOTS('',3,3,((#5884,#5885,#5886,#5887,#5888,
#5889),(#5890,#5891,#5892,#5893,#5894,#5895),(#5896,#5897,#5898,#5899,#5900,
#5901),(#5902,#5903,#5904,#5905,#5906,#5907)),.UNSPECIFIED.,.F.,.F.,.F.,
(4,4),(4,1,1,4),(-11.3,0.),(14.7537954312609,14.9370290275932,15.1202626239255,
15.3951130184239),.UNSPECIFIED.);
#47=B_SPLINE_SURFACE_WITH_KNOTS('',3,3,((#5919,#5920,#5921,#5922,#5923,
#5924),(#5925,#5926,#5927,#5928,#5929,#5930),(#5931,#5932,#5933,#5934,#5935,
#5936),(#5937,#5938,#5939,#5940,#5941,#5942)),.UNSPECIFIED.,.F.,.F.,.F.,
(4,4),(4,1,1,4),(-11.3,0.),(15.3951130184239,15.57825216726,15.7613913160961,
16.0361000393502),.UNSPECIFIED.);
#48=B_SPLINE_SURFACE_WITH_KNOTS('',3,3,((#5954,#5955,#5956,#5957,#5958,
#5959),(#5960,#5961,#5962,#5963,#5964,#5965),(#5966,#5967,#5968,#5969,#5970,
#5971),(#5972,#5973,#5974,#5975,#5976,#5977)),.UNSPECIFIED.,.F.,.F.,.F.,
(4,4),(4,1,1,4),(-11.3,0.),(16.0361000393502,16.2191485916301,16.40219714391,
16.6767699723298),.UNSPECIFIED.);
#49=B_SPLINE_SURFACE_WITH_KNOTS('',3,3,((#5989,#5990,#5991,#5992,#5993,
#5994),(#5995,#5996,#5997,#5998,#5999,#6000),(#6001,#6002,#6003,#6004,#6005,
#6006),(#6007,#6008,#6009,#6010,#6011,#6012)),.UNSPECIFIED.,.F.,.F.,.F.,
(4,4),(4,1,1,4),(-11.3,0.),(16.6767699723298,16.9512126528321,17.1341744398336,
17.3171362268352),.UNSPECIFIED.);
#50=B_SPLINE_SURFACE_WITH_KNOTS('',3,3,((#6024,#6025,#6026,#6027,#6028,
#6029),(#6030,#6031,#6032,#6033,#6034,#6035),(#6036,#6037,#6038,#6039,#6040,
#6041),(#6042,#6043,#6044,#6045,#6046,#6047)),.UNSPECIFIED.,.F.,.F.,.F.,
(4,4),(4,1,1,4),(-11.3,0.),(17.3171362268352,17.5914544781809,17.7743333124114,
17.957212146642),.UNSPECIFIED.);
#51=B_SPLINE_SURFACE_WITH_KNOTS('',3,3,((#6059,#6060,#6061,#6062,#6063,
#6064),(#6065,#6066,#6067,#6068,#6069,#6070),(#6071,#6072,#6073,#6074,#6075,
#6076),(#6077,#6078,#6079,#6080,#6081,#6082)),.UNSPECIFIED.,.F.,.F.,.F.,
(4,4),(4,1,1,4),(-11.3,0.),(17.957212146642,18.2314116607548,18.41421133683,
18.5970110129053),.UNSPECIFIED.);
#52=B_SPLINE_SURFACE_WITH_KNOTS('',3,3,((#6094,#6095,#6096,#6097,#6098,
#6099),(#6100,#6101,#6102,#6103,#6104,#6105),(#6106,#6107,#6108,#6109,#6110,
#6111),(#6112,#6113,#6114,#6115,#6116,#6117)),.UNSPECIFIED.,.F.,.F.,.F.,
(4,4),(4,1,1,4),(-11.3,0.),(18.5970110129053,18.8710974561722,19.0538217516835,
19.2365460471948),.UNSPECIFIED.);
#53=B_SPLINE_SURFACE_WITH_KNOTS('',3,3,((#6129,#6130,#6131,#6132,#6133,
#6134),(#6135,#6136,#6137,#6138,#6139,#6140),(#6141,#6142,#6143,#6144,#6145,
#6146),(#6147,#6148,#6149,#6150,#6151,#6152)),.UNSPECIFIED.,.F.,.F.,.F.,
(4,4),(4,1,1,4),(-11.3,0.),(19.2365460471948,19.419198723565,19.6018513999351,
19.8758304144904),.UNSPECIFIED.);
#54=B_SPLINE_SURFACE_WITH_KNOTS('',3,3,((#6164,#6165,#6166,#6167,#6168,
#6169),(#6170,#6171,#6172,#6173,#6174,#6175),(#6176,#6177,#6178,#6179,#6180,
#6181),(#6182,#6183,#6184,#6185,#6186,#6187)),.UNSPECIFIED.,.F.,.F.,.F.,
(4,4),(4,1,1,4),(-11.3,0.),(19.8758304144904,20.1497076194834,20.332292422812,
20.5148772261407),.UNSPECIFIED.);
#55=B_SPLINE_SURFACE_WITH_KNOTS('',3,3,((#6199,#6200,#6201,#6202,#6203,
#6204),(#6205,#6206,#6207,#6208,#6209,#6210),(#6211,#6212,#6213,#6214,#6215,
#6216),(#6217,#6218,#6219,#6220,#6221,#6222)),.UNSPECIFIED.,.F.,.F.,.F.,
(4,4),(4,1,1,4),(-11.3,0.),(20.5148772261407,20.7886582189888,20.9711788808876,
21.1536995427864),.UNSPECIFIED.);
#56=B_SPLINE_SURFACE_WITH_KNOTS('',3,3,((#6234,#6235,#6236,#6237,#6238,
#6239),(#6240,#6241,#6242,#6243,#6244,#6245),(#6246,#6247,#6248,#6249,#6250,
#6251),(#6252,#6253,#6254,#6255,#6256,#6257)),.UNSPECIFIED.,.F.,.F.,.F.,
(4,4),(4,1,1,4),(-11.3,0.),(21.1536995427864,21.4295249717026,21.6134085909801,
21.7972922102576),.UNSPECIFIED.);
#57=B_SPLINE_SURFACE_WITH_KNOTS('',3,3,((#6269,#6270,#6271,#6272,#6273,
#6274),(#6275,#6276,#6277,#6278,#6279,#6280),(#6281,#6282,#6283,#6284,#6285,
#6286),(#6287,#6288,#6289,#6290,#6291,#6292)),.UNSPECIFIED.,.F.,.F.,.F.,
(4,4),(4,1,1,4),(-11.3,0.),(21.7972922102576,22.0727693358839,22.2564207529681,
22.4400721700522),.UNSPECIFIED.);
#58=B_SPLINE_SURFACE_WITH_KNOTS('',3,3,((#6311,#6312,#6313,#6314,#6315,
#6316),(#6317,#6318,#6319,#6320,#6321,#6322),(#6323,#6324,#6325,#6326,#6327,
#6328),(#6329,#6330,#6331,#6332,#6333,#6334)),.UNSPECIFIED.,.F.,.F.,.F.,
(4,4),(4,1,1,4),(-11.3,0.),(22.4400721700522,22.6235072539591,22.8069423378659,
23.0820949637262),.UNSPECIFIED.);
#59=B_SPLINE_SURFACE_WITH_KNOTS('',3,3,((#6384,#6385,#6386,#6387,#6388,
#6389),(#6390,#6391,#6392,#6393,#6394,#6395),(#6396,#6397,#6398,#6399,#6400,
#6401),(#6402,#6403,#6404,#6405,#6406,#6407)),.UNSPECIFIED.,.F.,.F.,.F.,
(4,4),(4,1,1,4),(-11.3,0.),(23.0820949637262,23.2653293913573,23.4485638189884,
23.723415460435),.UNSPECIFIED.);
#60=B_SPLINE_SURFACE_WITH_KNOTS('',3,3,((#6457,#6458,#6459,#6460,#6461,
#6462),(#6463,#6464,#6465,#6466,#6467,#6468),(#6469,#6470,#6471,#6472,#6473,
#6474),(#6475,#6476,#6477,#6478,#6479,#6480)),.UNSPECIFIED.,.F.,.F.,.F.,
(4,4),(4,1,1,4),(-11.3,0.),(23.723415460435,23.9979893675057,24.1810386388862,
24.3640879102667),.UNSPECIFIED.);
#61=B_SPLINE_SURFACE_WITH_KNOTS('',3,3,((#6530,#6531,#6532,#6533,#6534,
#6535),(#6536,#6537,#6538,#6539,#6540,#6541),(#6542,#6543,#6544,#6545,#6546,
#6547),(#6548,#6549,#6550,#6551,#6552,#6553)),.UNSPECIFIED.,.F.,.F.,.F.,
(4,4),(4,1,1,4),(-11.3,0.),(24.3640879102667,24.5469673633,24.7298468163333,
25.0041659958833),.UNSPECIFIED.);
#62=B_SPLINE_SURFACE_WITH_KNOTS('',3,3,((#6603,#6604,#6605,#6606,#6607,
#6608),(#6609,#6610,#6611,#6612,#6613,#6614),(#6615,#6616,#6617,#6618,#6619,
#6620),(#6621,#6622,#6623,#6624,#6625,#6626)),.UNSPECIFIED.,.F.,.F.,.F.,
(4,4),(4,1,1,4),(-11.3,0.),(25.0041659958833,25.186890820668,25.3696156454527,
25.6437028826297),.UNSPECIFIED.);
#63=B_SPLINE_SURFACE_WITH_KNOTS('',3,3,((#6676,#6677,#6678,#6679,#6680,
#6681),(#6682,#6683,#6684,#6685,#6686,#6687),(#6688,#6689,#6690,#6691,#6692,
#6693),(#6694,#6695,#6696,#6697,#6698,#6699)),.UNSPECIFIED.,.F.,.F.,.F.,
(4,4),(4,1,1,4),(-11.3,0.),(25.6437028826297,25.9175807617564,26.1001660145076,
26.2827512672587),.UNSPECIFIED.);
#64=B_SPLINE_SURFACE_WITH_KNOTS('',3,3,((#6749,#6750,#6751,#6752,#6753,
#6754),(#6755,#6756,#6757,#6758,#6759,#6760),(#6761,#6762,#6763,#6764,#6765,
#6766),(#6767,#6768,#6769,#6770,#6771,#6772)),.UNSPECIFIED.,.F.,.F.,.F.,
(4,4),(4,1,1,4),(-11.3,0.),(26.2827512672587,26.5585790036482,26.7424641612412,
26.9263493188343),.UNSPECIFIED.);
#65=B_SPLINE_SURFACE_WITH_KNOTS('',3,3,((#6822,#6823,#6824,#6825,#6826,
#6827),(#6828,#6829,#6830,#6831,#6832,#6833),(#6834,#6835,#6836,#6837,#6838,
#6839),(#6840,#6841,#6842,#6843,#6844,#6845)),.UNSPECIFIED.,.F.,.F.,.F.,
(4,4),(4,1,1,4),(-11.3,0.),(26.9263493188343,27.2015035513678,27.3849397063901,
27.5683758614124),.UNSPECIFIED.);
#66=B_SPLINE_SURFACE_WITH_KNOTS('',3,3,((#6895,#6896,#6897,#6898,#6899,
#6900),(#6901,#6902,#6903,#6904,#6905,#6906),(#6907,#6908,#6909,#6910,#6911,
#6912),(#6913,#6914,#6915,#6916,#6917,#6918)),.UNSPECIFIED.,.F.,.F.,.F.,
(4,4),(4,1,1,4),(-11.3,0.),(27.5683758614124,27.8429508443695,28.0260008330075,
28.2090508216455),.UNSPECIFIED.);
#67=B_SPLINE_SURFACE_WITH_KNOTS('',3,3,((#6968,#6969,#6970,#6971,#6972,
#6973),(#6974,#6975,#6976,#6977,#6978,#6979),(#6980,#6981,#6982,#6983,#6984,
#6985),(#6986,#6987,#6988,#6989,#6990,#6991)),.UNSPECIFIED.,.F.,.F.,.F.,
(4,4),(4,1,1,4),(-11.3,0.),(28.2090508216455,28.4831387454387,28.6658640279675,
28.8485893104964),.UNSPECIFIED.);
#68=B_SPLINE_SURFACE_WITH_KNOTS('',3,3,((#7007,#7008,#7009,#7010,#7011,
#7012),(#7013,#7014,#7015,#7016,#7017,#7018),(#7019,#7020,#7021,#7022,#7023,
#7024),(#7025,#7026,#7027,#7028,#7029,#7030)),.UNSPECIFIED.,.F.,.F.,.F.,
(4,4),(4,1,1,4),(-11.3,0.),(28.8485893104964,29.1244187253337,29.3083050018919,
29.4921912784502),.UNSPECIFIED.);
#69=B_SPLINE_SURFACE_WITH_KNOTS('',3,3,((#7042,#7043,#7044,#7045,#7046,
#7047),(#7048,#7049,#7050,#7051,#7052,#7053),(#7054,#7055,#7056,#7057,#7058,
#7059),(#7060,#7061,#7062,#7063,#7064,#7065)),.UNSPECIFIED.,.F.,.F.,.F.,
(4,4),(4,1,1,4),(-11.3,0.),(29.4921912784502,29.7667661948069,29.9498161390446,
30.1328660832824),.UNSPECIFIED.);
#70=B_SPLINE_SURFACE_WITH_KNOTS('',3,3,((#7077,#7078,#7079,#7080,#7081,
#7082),(#7083,#7084,#7085,#7086,#7087,#7088),(#7089,#7090,#7091,#7092,#7093,
#7094),(#7095,#7096,#7097,#7098,#7099,#7100)),.UNSPECIFIED.,.F.,.F.,.F.,
(4,4),(4,1,1,4),(-11.3,0.),(30.1328660832824,30.4086927748537,30.5925772359012,
30.7764616969486),.UNSPECIFIED.);
#71=B_SPLINE_SURFACE_WITH_KNOTS('',3,3,((#7112,#7113,#7114,#7115,#7116,
#7117),(#7118,#7119,#7120,#7121,#7122,#7123),(#7124,#7125,#7126,#7127,#7128,
#7129),(#7130,#7131,#7132,#7133,#7134,#7135)),.UNSPECIFIED.,.F.,.F.,.F.,
(4,4),(4,1,1,4),(-11.3,0.),(30.7764616969486,31.0505180564983,31.2332222961981,
31.4159265358979),.UNSPECIFIED.);
#72=B_SPLINE_SURFACE_WITH_KNOTS('',3,3,((#7147,#7148,#7149,#7150,#7151,
#7152),(#7153,#7154,#7155,#7156,#7157,#7158),(#7159,#7160,#7161,#7162,#7163,
#7164),(#7165,#7166,#7167,#7168,#7169,#7170)),.UNSPECIFIED.,.F.,.F.,.F.,
(4,4),(4,1,1,4),(0.,11.3),(4.3312330758878,4.51432753260493,4.69742198932205,
4.97206367439773),.UNSPECIFIED.);
#73=B_SPLINE_SURFACE_WITH_KNOTS('',3,3,((#7199,#7200,#7201,#7202,#7203,
#7204),(#7205,#7206,#7207,#7208,#7209,#7210),(#7211,#7212,#7213,#7214,#7215,
#7216),(#7217,#7218,#7219,#7220,#7221,#7222)),.UNSPECIFIED.,.F.,.F.,.F.,
(4,4),(4,1,1,4),(0.,11.2212895200491),(3.69055940219776,3.96513383377921,
4.14818345483351,4.3312330758878),.UNSPECIFIED.);
#74=B_SPLINE_SURFACE_WITH_KNOTS('',3,3,((#7236,#7237,#7238,#7239,#7240,
#7241),(#7242,#7243,#7244,#7245,#7246,#7247),(#7248,#7249,#7250,#7251,#7252,
#7253),(#7254,#7255,#7256,#7257,#7258,#7259)),.UNSPECIFIED.,.F.,.F.,.F.,
(4,4),(4,1,1,4),(0.,11.221288977665),(3.05003930202869,3.32454791638686,
3.50755365929231,3.69055940219776),.UNSPECIFIED.);
#75=B_SPLINE_SURFACE_WITH_KNOTS('',3,3,((#7273,#7274,#7275,#7276,#7277,
#7278),(#7279,#7280,#7281,#7282,#7283,#7284),(#7285,#7286,#7287,#7288,#7289,
#7290),(#7291,#7292,#7293,#7294,#7295,#7296)),.UNSPECIFIED.,.F.,.F.,.F.,
(4,4),(4,1,1,4),(0.,11.221288447322),(2.40966943236527,2.68411366222102,
2.86707648212486,3.05003930202869),.UNSPECIFIED.);
#76=B_SPLINE_SURFACE_WITH_KNOTS('',3,3,((#7310,#7311,#7312,#7313,#7314,
#7315),(#7316,#7317,#7318,#7319,#7320,#7321),(#7322,#7323,#7324,#7325,#7326,
#7327),(#7328,#7329,#7330,#7331,#7332,#7333)),.UNSPECIFIED.,.F.,.F.,.F.,
(4,4),(4,1,1,4),(0.,11.2212879289761),(1.76944645828237,2.04382773288933,
2.2267485826273,2.40966943236527),.UNSPECIFIED.);
#77=B_SPLINE_SURFACE_WITH_KNOTS('',3,3,((#7347,#7348,#7349,#7350,#7351,
#7352),(#7353,#7354,#7355,#7356,#7357,#7358),(#7359,#7360,#7361,#7362,#7363,
#7364),(#7365,#7366,#7367,#7368,#7369,#7370)),.UNSPECIFIED.,.F.,.F.,.F.,
(4,4),(4,1,1,4),(0.,11.2209041485911),(1.12936705275307,1.40368679797991,
1.58656662813114,1.76944645828237),.UNSPECIFIED.);
#78=B_SPLINE_SURFACE_WITH_KNOTS('',3,3,((#7384,#7385,#7386,#7387,#7388,
#7389),(#7390,#7391,#7392,#7393,#7394,#7395),(#7396,#7397,#7398,#7399,#7400,
#7401),(#7402,#7403,#7404,#7405,#7406,#7407)),.UNSPECIFIED.,.F.,.F.,.F.,
(4,4),(4,1,1,4),(0.,11.2212869281046),(0.489427896457973,0.763687534870158,
0.946527293811615,1.12936705275307),.UNSPECIFIED.);
#79=B_SPLINE_SURFACE_WITH_KNOTS('',3,3,((#7421,#7422,#7423,#7424),(#7425,
#7426,#7427,#7428),(#7429,#7430,#7431,#7432),(#7433,#7434,#7435,#7436)),
 .UNSPECIFIED.,.F.,.F.,.F.,(4,4),(4,4),(0.,0.35),(4.3312330758878,4.97206367439773),
 .UNSPECIFIED.);
#80=B_SPLINE_SURFACE_WITH_KNOTS('',3,3,((#7487,#7488,#7489,#7490,#7491,
#7492,#7493,#7494,#7495,#7496,#7497,#7498,#7499,#7500,#7501,#7502,#7503,
#7504,#7505,#7506,#7507,#7508,#7509,#7510,#7511,#7512,#7513,#7514,#7515,
#7516,#7517,#7518,#7519),(#7520,#7521,#7522,#7523,#7524,#7525,#7526,#7527,
#7528,#7529,#7530,#7531,#7532,#7533,#7534,#7535,#7536,#7537,#7538,#7539,
#7540,#7541,#7542,#7543,#7544,#7545,#7546,#7547,#7548,#7549,#7550,#7551,
#7552),(#7553,#7554,#7555,#7556,#7557,#7558,#7559,#7560,#7561,#7562,#7563,
#7564,#7565,#7566,#7567,#7568,#7569,#7570,#7571,#7572,#7573,#7574,#7575,
#7576,#7577,#7578,#7579,#7580,#7581,#7582,#7583,#7584,#7585),(#7586,#7587,
#7588,#7589,#7590,#7591,#7592,#7593,#7594,#7595,#7596,#7597,#7598,#7599,
#7600,#7601,#7602,#7603,#7604,#7605,#7606,#7607,#7608,#7609,#7610,#7611,
#7612,#7613,#7614,#7615,#7616,#7617,#7618)),.UNSPECIFIED.,.F.,.F.,.F.,(4,
4),(4,1,2,1,1,2,1,1,2,1,1,2,1,1,2,1,1,2,1,1,2,1,1,4),(0.,0.35),(0.,0.209754812767703,
0.489427896457973,0.763690562902634,0.946532340532407,1.12937411816218,
1.40369999248173,1.58658390869476,1.7694678249078,2.04385840505214,2.2267854584817,
2.40971251191126,2.68416929944423,2.86714049113287,3.05011168282152,3.32463618301058,
3.50765251646995,3.69066884992933,3.96526257183584,4.14832505310684,4.33138753437785,
4.51449717236551,4.69760681035317,4.97227126733466),.UNSPECIFIED.);
#81=B_SPLINE_SURFACE_WITH_KNOTS('',3,3,((#7632,#7633,#7634,#7635,#7636),
(#7637,#7638,#7639,#7640,#7641),(#7642,#7643,#7644,#7645,#7646),(#7647,
#7648,#7649,#7650,#7651)),.UNSPECIFIED.,.F.,.F.,.F.,(4,4),(4,1,4),(0.,11.2211044851752),
(0.,0.209754812767703,0.489427896457973),.UNSPECIFIED.);
#82=B_SPLINE_SURFACE_WITH_KNOTS('',3,3,((#7654,#7655,#7656,#7657,#7658,
#7659),(#7660,#7661,#7662,#7663,#7664,#7665),(#7666,#7667,#7668,#7669,#7670,
#7671),(#7672,#7673,#7674,#7675,#7676,#7677)),.UNSPECIFIED.,.F.,.F.,.F.,
(4,4),(4,1,1,4),(-11.2212852572898,0.),(30.7764616969486,31.0505180564983,
31.2332222961981,31.4159265358979),.UNSPECIFIED.);
#83=B_SPLINE_SURFACE_WITH_KNOTS('',3,3,((#7694,#7695,#7696,#7697,#7698,
#7699),(#7700,#7701,#7702,#7703,#7704,#7705),(#7706,#7707,#7708,#7709,#7710,
#7711),(#7712,#7713,#7714,#7715,#7716,#7717)),.UNSPECIFIED.,.F.,.F.,.F.,
(4,4),(4,1,1,4),(-11.2212998858322,0.),(30.1328660832824,30.4086927748537,
30.5925772359012,30.7764616969486),.UNSPECIFIED.);
#84=B_SPLINE_SURFACE_WITH_KNOTS('',3,3,((#7729,#7730,#7731,#7732,#7733,
#7734),(#7735,#7736,#7737,#7738,#7739,#7740),(#7741,#7742,#7743,#7744,#7745,
#7746),(#7747,#7748,#7749,#7750,#7751,#7752)),.UNSPECIFIED.,.F.,.F.,.F.,
(4,4),(4,1,1,4),(-11.2212895240449,0.),(29.4921912784502,29.7667661948069,
29.9498161390446,30.1328660832824),.UNSPECIFIED.);
#85=B_SPLINE_SURFACE_WITH_KNOTS('',3,3,((#7764,#7765,#7766,#7767,#7768,
#7769),(#7770,#7771,#7772,#7773,#7774,#7775),(#7776,#7777,#7778,#7779,#7780,
#7781),(#7782,#7783,#7784,#7785,#7786,#7787)),.UNSPECIFIED.,.F.,.F.,.F.,
(4,4),(4,1,1,4),(-11.2212999084703,0.),(28.8485893104964,29.1244187253337,
29.3083050018919,29.4921912784502),.UNSPECIFIED.);
#86=B_SPLINE_SURFACE_WITH_KNOTS('',3,3,((#7799,#7800,#7801,#7802,#7803,
#7804),(#7805,#7806,#7807,#7808,#7809,#7810),(#7811,#7812,#7813,#7814,#7815,
#7816),(#7817,#7818,#7819,#7820,#7821,#7822)),.UNSPECIFIED.,.F.,.F.,.F.,
(4,4),(4,1,1,4),(-11.2209466637855,0.),(28.2090508216455,28.4831387454387,
28.6658640279675,28.8485893104964),.UNSPECIFIED.);
#87=B_SPLINE_SURFACE_WITH_KNOTS('',3,3,((#7834,#7835,#7836,#7837,#7838,
#7839),(#7840,#7841,#7842,#7843,#7844,#7845),(#7846,#7847,#7848,#7849,#7850,
#7851),(#7852,#7853,#7854,#7855,#7856,#7857)),.UNSPECIFIED.,.F.,.F.,.F.,
(4,4),(4,1,1,4),(-11.2212895245939,0.),(27.5683758614124,27.8429508443695,
28.0260008330075,28.2090508216455),.UNSPECIFIED.);
#88=B_SPLINE_SURFACE_WITH_KNOTS('',3,3,((#7869,#7870,#7871,#7872,#7873,
#7874),(#7875,#7876,#7877,#7878,#7879,#7880),(#7881,#7882,#7883,#7884,#7885,
#7886),(#7887,#7888,#7889,#7890,#7891,#7892)),.UNSPECIFIED.,.F.,.F.,.F.,
(4,4),(4,1,1,4),(-11.2212943085238,0.),(26.9263493188343,27.2015035513678,
27.3849397063901,27.5683758614124),.UNSPECIFIED.);
#89=B_SPLINE_SURFACE_WITH_KNOTS('',3,3,((#7904,#7905,#7906,#7907,#7908,
#7909),(#7910,#7911,#7912,#7913,#7914,#7915),(#7916,#7917,#7918,#7919,#7920,
#7921),(#7922,#7923,#7924,#7925,#7926,#7927)),.UNSPECIFIED.,.F.,.F.,.F.,
(4,4),(4,1,1,4),(-11.2212998945176,0.),(26.2827512672587,26.5585790036482,
26.7424641612412,26.9263493188343),.UNSPECIFIED.);
#90=B_SPLINE_SURFACE_WITH_KNOTS('',3,3,((#7939,#7940,#7941,#7942,#7943,
#7944),(#7945,#7946,#7947,#7948,#7949,#7950),(#7951,#7952,#7953,#7954,#7955,
#7956),(#7957,#7958,#7959,#7960,#7961,#7962)),.UNSPECIFIED.,.F.,.F.,.F.,
(4,4),(4,1,1,4),(-11.2212837922044,0.),(25.6437028826297,25.9175807617564,
26.1001660145076,26.2827512672587),.UNSPECIFIED.);
#91=B_SPLINE_SURFACE_WITH_KNOTS('',3,3,((#7974,#7975,#7976,#7977,#7978,
#7979),(#7980,#7981,#7982,#7983,#7984,#7985),(#7986,#7987,#7988,#7989,#7990,
#7991),(#7992,#7993,#7994,#7995,#7996,#7997)),.UNSPECIFIED.,.F.,.F.,.F.,
(4,4),(4,1,1,4),(-11.2212855109343,0.),(25.0041659958833,25.186890820668,
25.3696156454527,25.6437028826297),.UNSPECIFIED.);
#92=B_SPLINE_SURFACE_WITH_KNOTS('',3,3,((#8009,#8010,#8011,#8012,#8013,
#8014),(#8015,#8016,#8017,#8018,#8019,#8020),(#8021,#8022,#8023,#8024,#8025,
#8026),(#8027,#8028,#8029,#8030,#8031,#8032)),.UNSPECIFIED.,.F.,.F.,.F.,
(4,4),(4,1,1,4),(-11.2212874179297,0.),(24.3640879102667,24.5469673633,
24.7298468163333,25.0041659958833),.UNSPECIFIED.);
#93=B_SPLINE_SURFACE_WITH_KNOTS('',3,3,((#8044,#8045,#8046,#8047,#8048,
#8049),(#8050,#8051,#8052,#8053,#8054,#8055),(#8056,#8057,#8058,#8059,#8060,
#8061),(#8062,#8063,#8064,#8065,#8066,#8067)),.UNSPECIFIED.,.F.,.F.,.F.,
(4,4),(4,1,1,4),(-11.2212895157258,0.),(23.723415460435,23.9979893675057,
24.1810386388862,24.3640879102667),.UNSPECIFIED.);
#94=B_SPLINE_SURFACE_WITH_KNOTS('',3,3,((#8079,#8080,#8081,#8082,#8083,
#8084),(#8085,#8086,#8087,#8088,#8089,#8090),(#8091,#8092,#8093,#8094,#8095,
#8096),(#8097,#8098,#8099,#8100,#8101,#8102)),.UNSPECIFIED.,.F.,.F.,.F.,
(4,4),(4,1,1,4),(-11.2212918071294,0.),(23.0820949637262,23.2653293913573,
23.4485638189884,23.723415460435),.UNSPECIFIED.);
#95=B_SPLINE_SURFACE_WITH_KNOTS('',3,3,((#8114,#8115,#8116,#8117,#8118,
#8119),(#8120,#8121,#8122,#8123,#8124,#8125),(#8126,#8127,#8128,#8129,#8130,
#8131),(#8132,#8133,#8134,#8135,#8136,#8137)),.UNSPECIFIED.,.F.,.F.,.F.,
(4,4),(4,1,1,4),(-11.2212942952286,0.),(22.4400721700522,22.6235072539591,
22.8069423378659,23.0820949637262),.UNSPECIFIED.);
#96=B_SPLINE_SURFACE_WITH_KNOTS('',3,3,((#8149,#8150,#8151,#8152,#8153,
#8154),(#8155,#8156,#8157,#8158,#8159,#8160),(#8161,#8162,#8163,#8164,#8165,
#8166),(#8167,#8168,#8169,#8170,#8171,#8172)),.UNSPECIFIED.,.F.,.F.,.F.,
(4,4),(4,1,1,4),(-11.221264046147,0.),(21.7972922102576,22.0727693358839,
22.2564207529681,22.4400721700522),.UNSPECIFIED.);
#97=B_SPLINE_SURFACE_WITH_KNOTS('',3,3,((#8189,#8190,#8191,#8192,#8193,
#8194),(#8195,#8196,#8197,#8198,#8199,#8200),(#8201,#8202,#8203,#8204,#8205,
#8206),(#8207,#8208,#8209,#8210,#8211,#8212)),.UNSPECIFIED.,.F.,.F.,.F.,
(4,4),(4,1,1,4),(-11.2212998753361,0.),(21.1536995427864,21.4295249717026,
21.6134085909801,21.7972922102576),.UNSPECIFIED.);
#98=B_SPLINE_SURFACE_WITH_KNOTS('',3,3,((#8262,#8263,#8264,#8265,#8266,
#8267),(#8268,#8269,#8270,#8271,#8272,#8273),(#8274,#8275,#8276,#8277,#8278,
#8279),(#8280,#8281,#8282,#8283,#8284,#8285)),.UNSPECIFIED.,.F.,.F.,.F.,
(4,4),(4,1,1,4),(-11.2212829976425,0.),(20.5148772261407,20.7886582189888,
20.9711788808876,21.1536995427864),.UNSPECIFIED.);
#99=B_SPLINE_SURFACE_WITH_KNOTS('',3,3,((#8332,#8333,#8334,#8335,#8336,
#8337),(#8338,#8339,#8340,#8341,#8342,#8343),(#8344,#8345,#8346,#8347,#8348,
#8349),(#8350,#8351,#8352,#8353,#8354,#8355)),.UNSPECIFIED.,.F.,.F.,.F.,
(4,4),(4,1,1,4),(-11.221283786674,0.),(19.8758304144904,20.1497076194834,
20.332292422812,20.5148772261407),.UNSPECIFIED.);
#100=B_SPLINE_SURFACE_WITH_KNOTS('',3,3,((#8402,#8403,#8404,#8405,#8406,
#8407),(#8408,#8409,#8410,#8411,#8412,#8413),(#8414,#8415,#8416,#8417,#8418,
#8419),(#8420,#8421,#8422,#8423,#8424,#8425)),.UNSPECIFIED.,.F.,.F.,.F.,
(4,4),(4,1,1,4),(-11.2212846221725,0.),(19.2365460471948,19.419198723565,
19.6018513999351,19.8758304144904),.UNSPECIFIED.);
#101=B_SPLINE_SURFACE_WITH_KNOTS('',3,3,((#8478,#8479,#8480,#8481,#8482,
#8483),(#8484,#8485,#8486,#8487,#8488,#8489),(#8490,#8491,#8492,#8493,#8494,
#8495),(#8496,#8497,#8498,#8499,#8500,#8501)),.UNSPECIFIED.,.F.,.F.,.F.,
(4,4),(4,1,1,4),(-11.2212855044121,0.),(18.5970110129053,18.8710974561722,
19.0538217516835,19.2365460471948),.UNSPECIFIED.);
#102=B_SPLINE_SURFACE_WITH_KNOTS('',3,3,((#8548,#8549,#8550,#8551,#8552,
#8553),(#8554,#8555,#8556,#8557,#8558,#8559),(#8560,#8561,#8562,#8563,#8564,
#8565),(#8566,#8567,#8568,#8569,#8570,#8571)),.UNSPECIFIED.,.F.,.F.,.F.,
(4,4),(4,1,1,4),(-11.221286433683,0.),(17.957212146642,18.2314116607548,
18.41421133683,18.5970110129053),.UNSPECIFIED.);
#103=B_SPLINE_SURFACE_WITH_KNOTS('',3,3,((#8618,#8619,#8620,#8621,#8622,
#8623),(#8624,#8625,#8626,#8627,#8628,#8629),(#8630,#8631,#8632,#8633,#8634,
#8635),(#8636,#8637,#8638,#8639,#8640,#8641)),.UNSPECIFIED.,.F.,.F.,.F.,
(4,4),(4,1,1,4),(-11.2212874102921,0.),(17.3171362268352,17.5914544781809,
17.7743333124114,17.957212146642),.UNSPECIFIED.);
#104=B_SPLINE_SURFACE_WITH_KNOTS('',3,3,((#8688,#8689,#8690,#8691,#8692,
#8693),(#8694,#8695,#8696,#8697,#8698,#8699),(#8700,#8701,#8702,#8703,#8704,
#8705),(#8706,#8707,#8708,#8709,#8710,#8711)),.UNSPECIFIED.,.F.,.F.,.F.,
(4,4),(4,1,1,4),(-11.2212884345627,0.),(16.6767699723298,16.9512126528321,
17.1341744398336,17.3171362268352),.UNSPECIFIED.);
#105=B_SPLINE_SURFACE_WITH_KNOTS('',3,3,((#8758,#8759,#8760,#8761,#8762,
#8763),(#8764,#8765,#8766,#8767,#8768,#8769),(#8770,#8771,#8772,#8773,#8774,
#8775),(#8776,#8777,#8778,#8779,#8780,#8781)),.UNSPECIFIED.,.F.,.F.,.F.,
(4,4),(4,1,1,4),(-11.2212895068349,0.),(16.0361000393502,16.2191485916301,
16.40219714391,16.6767699723298),.UNSPECIFIED.);
#106=B_SPLINE_SURFACE_WITH_KNOTS('',3,3,((#8834,#8835,#8836,#8837,#8838,
#8839),(#8840,#8841,#8842,#8843,#8844,#8845),(#8846,#8847,#8848,#8849,#8850,
#8851),(#8852,#8853,#8854,#8855,#8856,#8857)),.UNSPECIFIED.,.F.,.F.,.F.,
(4,4),(4,1,1,4),(-11.2212906274664,0.),(15.3951130184239,15.57825216726,
15.7613913160961,16.0361000393502),.UNSPECIFIED.);
#107=B_SPLINE_SURFACE_WITH_KNOTS('',3,3,((#8873,#8874,#8875,#8876,#8877,
#8878),(#8879,#8880,#8881,#8882,#8883,#8884),(#8885,#8886,#8887,#8888,#8889,
#8890),(#8891,#8892,#8893,#8894,#8895,#8896)),.UNSPECIFIED.,.F.,.F.,.F.,
(4,4),(4,1,1,4),(-11.221291796832,0.),(14.7537954312609,14.9370290275932,
15.1202626239255,15.3951130184239),.UNSPECIFIED.);
#108=B_SPLINE_SURFACE_WITH_KNOTS('',3,3,((#8908,#8909,#8910,#8911,#8912,
#8913),(#8914,#8915,#8916,#8917,#8918,#8919),(#8920,#8921,#8922,#8923,#8924,
#8925),(#8926,#8927,#8928,#8929,#8930,#8931)),.UNSPECIFIED.,.F.,.F.,.F.,
(4,4),(4,1,1,4),(-11.2212930153246,0.),(14.1121337275876,14.3871316005904,
14.5704635159257,14.7537954312609),.UNSPECIFIED.);
#109=B_SPLINE_SURFACE_WITH_KNOTS('',3,3,((#8943,#8944,#8945,#8946,#8947,
#8948),(#8949,#8950,#8951,#8952,#8953,#8954),(#8955,#8956,#8957,#8958,#8959,
#8960),(#8961,#8962,#8963,#8964,#8965,#8966)),.UNSPECIFIED.,.F.,.F.,.F.,
(4,4),(4,1,1,4),(-11.2212942833552,0.),(13.4701142819313,13.7452654729269,
13.9286996002572,14.1121337275876),.UNSPECIFIED.);
#110=B_SPLINE_SURFACE_WITH_KNOTS('',3,3,((#8978,#8979,#8980,#8981,#8982,
#8983),(#8984,#8985,#8986,#8987,#8988,#8989),(#8990,#8991,#8992,#8993,#8994,
#8995),(#8996,#8997,#8998,#8999,#9000,#9001)),.UNSPECIFIED.,.F.,.F.,.F.,
(4,4),(4,1,1,4),(-11.2212956013532,0.),(12.8277233903551,13.1030337724592,
13.2865740271953,13.4701142819313),.UNSPECIFIED.);
#111=B_SPLINE_SURFACE_WITH_KNOTS('',3,3,((#9013,#9014,#9015,#9016,#9017,
#9018),(#9019,#9020,#9021,#9022,#9023,#9024),(#9025,#9026,#9027,#9028,#9029,
#9030),(#9031,#9032,#9033,#9034,#9035,#9036)),.UNSPECIFIED.,.F.,.F.,.F.,
(4,4),(4,1,1,4),(-11.2212969697671,0.),(12.1849472671377,12.4604227485166,
12.6440730694359,12.8277233903551),.UNSPECIFIED.);
#112=B_SPLINE_SURFACE_WITH_KNOTS('',3,3,((#9048,#9049,#9050,#9051,#9052,
#9053),(#9054,#9055,#9056,#9057,#9058,#9059),(#9060,#9061,#9062,#9063,#9064,
#9065),(#9066,#9067,#9068,#9069,#9070,#9071)),.UNSPECIFIED.,.F.,.F.,.F.,
(4,4),(4,1,1,4),(-11.2212983890646,0.),(11.5417720413984,11.8174185667153,
12.0011829169265,12.1849472671377),.UNSPECIFIED.);
#113=B_SPLINE_SURFACE_WITH_KNOTS('',3,3,((#9083,#9084,#9085,#9086,#9087,
#9088),(#9089,#9090,#9091,#9092,#9093,#9094),(#9095,#9096,#9097,#9098,#9099,
#9100),(#9101,#9102,#9103,#9104,#9105,#9106)),.UNSPECIFIED.,.F.,.F.,.F.,
(4,4),(4,1,1,4),(-11.2212998597331,0.),(10.8981837536627,11.0820661215872,
11.2659484895117,11.5417720413984),.UNSPECIFIED.);
#114=B_SPLINE_SURFACE_WITH_KNOTS('',3,3,((#9118,#9119,#9120,#9121,#9122,
#9123),(#9124,#9125,#9126,#9127,#9128,#9129),(#9130,#9131,#9132,#9133,#9134,
#9135),(#9136,#9137,#9138,#9139,#9140,#9141)),.UNSPECIFIED.,.F.,.F.,.F.,
(4,4),(4,1,1,4),(-11.2213666951262,0.),(10.2363210832681,10.5199765134372,
10.70908013355,10.8981837536627),.UNSPECIFIED.);
#115=B_SPLINE_SURFACE_WITH_KNOTS('',3,3,((#9153,#9154,#9155,#9156,#9157,
#9158),(#9159,#9160,#9161,#9162,#9163,#9164),(#9165,#9166,#9167,#9168,#9169,
#9170),(#9171,#9172,#9173,#9174,#9175,#9176)),.UNSPECIFIED.,.F.,.F.,.F.,
(4,4),(4,1,1,4),(-11.2212830074348,0.),(9.59749597962973,9.78001743781211,
9.96253889599449,10.2363210832681),.UNSPECIFIED.);
#116=B_SPLINE_SURFACE_WITH_KNOTS('',3,3,((#9188,#9189,#9190,#9191,#9192,
#9193),(#9194,#9195,#9196,#9197,#9198,#9199),(#9200,#9201,#9202,#9203,#9204,
#9205),(#9206,#9207,#9208,#9209,#9210,#9211)),.UNSPECIFIED.,.F.,.F.,.F.,
(4,4),(4,1,1,4),(-11.2212833964196,0.),(8.95856018465614,9.23238981107339,
9.41494289535156,9.59749597962973),.UNSPECIFIED.);
#117=B_SPLINE_SURFACE_WITH_KNOTS('',3,3,((#9223,#9224,#9225,#9226,#9227,
#9228),(#9229,#9230,#9231,#9232,#9233,#9234),(#9235,#9236,#9237,#9238,#9239,
#9240),(#9241,#9242,#9243,#9244,#9245,#9246)),.UNSPECIFIED.,.F.,.F.,.F.,
(4,4),(4,1,1,4),(-11.221283796986,0.),(8.31951044001292,8.50209608133956,
8.68468172266619,8.95856018465614),.UNSPECIFIED.);
#118=B_SPLINE_SURFACE_WITH_KNOTS('',3,3,((#9258,#9259,#9260,#9261,#9262,
#9263),(#9264,#9265,#9266,#9267,#9268,#9269),(#9270,#9271,#9272,#9273,#9274,
#9275),(#9276,#9277,#9278,#9279,#9280,#9281)),.UNSPECIFIED.,.F.,.F.,.F.,
(4,4),(4,1,1,4),(-11.2212842091665,0.),(7.6803434813212,7.95427217790336,
8.13689130895814,8.31951044001292),.UNSPECIFIED.);
#119=B_SPLINE_SURFACE_WITH_KNOTS('',3,3,((#9293,#9294,#9295,#9296,#9297,
#9298),(#9299,#9300,#9301,#9302,#9303,#9304),(#9305,#9306,#9307,#9308,#9309,
#9310),(#9311,#9312,#9313,#9314,#9315,#9316)),.UNSPECIFIED.,.F.,.F.,.F.,
(4,4),(4,1,1,4),(-11.2212846329949,0.),(7.04105603797718,7.3150363708389,
7.49768992608005,7.6803434813212),.UNSPECIFIED.);
#120=B_SPLINE_SURFACE_WITH_KNOTS('',3,3,((#9328,#9329,#9330,#9331,#9332,
#9333),(#9334,#9335,#9336,#9337,#9338,#9339),(#9340,#9341,#9342,#9343,#9344,
#9345),(#9346,#9347,#9348,#9349,#9350,#9351)),.UNSPECIFIED.,.F.,.F.,.F.,
(4,4),(4,1,1,4),(-11.2212850685059,0.),(6.40164483297072,6.67567820654491,
6.85836712226105,7.04105603797718),.UNSPECIFIED.);
#121=B_SPLINE_SURFACE_WITH_KNOTS('',3,3,((#9363,#9364,#9365,#9366,#9367,
#9368),(#9369,#9370,#9371,#9372,#9373,#9374),(#9375,#9376,#9377,#9378,#9379,
#9380),(#9381,#9382,#9383,#9384,#9385,#9386)),.UNSPECIFIED.,.F.,.F.,.F.,
(4,4),(4,1,1,4),(-11.2212855157351,0.),(5.7621065827028,6.03619440424619,
6.21891961860845,6.40164483297072),.UNSPECIFIED.);
#122=B_SPLINE_SURFACE_WITH_KNOTS('',3,3,((#9398,#9399,#9400,#9401,#9402,
#9403),(#9404,#9405,#9406,#9407,#9408,#9409),(#9410,#9411,#9412,#9413,#9414,
#9415),(#9416,#9417,#9418,#9419,#9420,#9421)),.UNSPECIFIED.,.F.,.F.,.F.,
(4,4),(4,1,1,4),(-11.2212859747193,0.),(5.12243799680199,5.39658167647376,
5.57934412958828,5.7621065827028),.UNSPECIFIED.);
#123=B_SPLINE_SURFACE_WITH_KNOTS('',3,3,((#9433,#9434,#9435,#9436,#9437,
#9438),(#9439,#9440,#9441,#9442,#9443,#9444),(#9445,#9446,#9447,#9448,#9449,
#9450),(#9451,#9452,#9453,#9454,#9455,#9456)),.UNSPECIFIED.,.F.,.F.,.F.,
(4,4),(4,1,1,4),(-0.35,0.),(30.7764616969486,31.0505180564983,31.2332222961981,
31.4159265358979),.UNSPECIFIED.);
#124=B_SPLINE_SURFACE_WITH_KNOTS('',3,3,((#9465,#9466,#9467,#9468,#9469,
#9470),(#9471,#9472,#9473,#9474,#9475,#9476),(#9477,#9478,#9479,#9480,#9481,
#9482),(#9483,#9484,#9485,#9486,#9487,#9488)),.UNSPECIFIED.,.F.,.F.,.F.,
(4,4),(4,1,1,4),(-0.35,0.),(30.1328660832824,30.4086927748537,30.5925772359012,
30.7764616969486),.UNSPECIFIED.);
#125=B_SPLINE_SURFACE_WITH_KNOTS('',3,3,((#9493,#9494,#9495,#9496,#9497,
#9498),(#9499,#9500,#9501,#9502,#9503,#9504),(#9505,#9506,#9507,#9508,#9509,
#9510),(#9511,#9512,#9513,#9514,#9515,#9516)),.UNSPECIFIED.,.F.,.F.,.F.,
(4,4),(4,1,1,4),(-0.35,0.),(29.4921912784502,29.7667661948069,29.9498161390446,
30.1328660832824),.UNSPECIFIED.);
#126=B_SPLINE_SURFACE_WITH_KNOTS('',3,3,((#9521,#9522,#9523,#9524,#9525,
#9526),(#9527,#9528,#9529,#9530,#9531,#9532),(#9533,#9534,#9535,#9536,#9537,
#9538),(#9539,#9540,#9541,#9542,#9543,#9544)),.UNSPECIFIED.,.F.,.F.,.F.,
(4,4),(4,1,1,4),(-0.35,0.),(28.8485893104964,29.1244187253337,29.3083050018919,
29.4921912784502),.UNSPECIFIED.);
#127=B_SPLINE_SURFACE_WITH_KNOTS('',3,3,((#9549,#9550,#9551,#9552,#9553,
#9554,#9555,#9556,#9557,#9558,#9559,#9560,#9561,#9562,#9563,#9564,#9565,
#9566),(#9567,#9568,#9569,#9570,#9571,#9572,#9573,#9574,#9575,#9576,#9577,
#9578,#9579,#9580,#9581,#9582,#9583,#9584),(#9585,#9586,#9587,#9588,#9589,
#9590,#9591,#9592,#9593,#9594,#9595,#9596,#9597,#9598,#9599,#9600,#9601,
#9602),(#9603,#9604,#9605,#9606,#9607,#9608,#9609,#9610,#9611,#9612,#9613,
#9614,#9615,#9616,#9617,#9618,#9619,#9620)),.UNSPECIFIED.,.F.,.F.,.F.,(4,
4),(4,1,1,2,1,1,2,1,1,2,1,1,4),(-0.35,0.),(26.2827512672587,26.5585790036482,
26.7424641612412,26.9263493188343,27.2014685870819,27.3848814325804,27.5682942780789,
27.8428044186427,28.0258111790186,28.2088179393945,28.4828160357646,28.6654814333446,
28.8481468309247),.UNSPECIFIED.);
#128=B_SPLINE_SURFACE_WITH_KNOTS('',3,3,((#9625,#9626,#9627,#9628,#9629,
#9630,#9631,#9632,#9633,#9634,#9635,#9636,#9637,#9638,#9639,#9640,#9641,
#9642,#9643,#9644,#9645,#9646,#9647,#9648,#9649,#9650,#9651,#9652,#9653,
#9654,#9655,#9656,#9657,#9658),(#9659,#9660,#9661,#9662,#9663,#9664,#9665,
#9666,#9667,#9668,#9669,#9670,#9671,#9672,#9673,#9674,#9675,#9676,#9677,
#9678,#9679,#9680,#9681,#9682,#9683,#9684,#9685,#9686,#9687,#9688,#9689,
#9690,#9691,#9692),(#9693,#9694,#9695,#9696,#9697,#9698,#9699,#9700,#9701,
#9702,#9703,#9704,#9705,#9706,#9707,#9708,#9709,#9710,#9711,#9712,#9713,
#9714,#9715,#9716,#9717,#9718,#9719,#9720,#9721,#9722,#9723,#9724,#9725,
#9726),(#9727,#9728,#9729,#9730,#9731,#9732,#9733,#9734,#9735,#9736,#9737,
#9738,#9739,#9740,#9741,#9742,#9743,#9744,#9745,#9746,#9747,#9748,#9749,
#9750,#9751,#9752,#9753,#9754,#9755,#9756,#9757,#9758,#9759,#9760)),
 .UNSPECIFIED.,.F.,.F.,.F.,(4,4),(4,1,1,2,1,1,2,1,1,2,1,1,2,1,1,2,1,1,2,
1,1,2,1,1,4),(-0.35,0.),(21.1536995427864,21.4295249717026,21.6134085909801,
21.7972922102576,22.0727512229102,22.2563905646785,22.4400299064469,22.6234417051044,
22.806853503762,23.0819712017483,23.2651719801975,23.4483727586466,23.7231739263204,
23.9976830552671,24.1806891412315,24.363695227196,24.5465227736659,24.7293503201358,
25.0035916398407,25.186256637228,25.3689216346154,25.6429191306965,25.9166965668175,
26.0992148575648,26.2817331483122),.UNSPECIFIED.);
#129=B_SPLINE_SURFACE_WITH_KNOTS('',3,3,((#9765,#9766,#9767,#9768,#9769,
#9770,#9771,#9772,#9773,#9774,#9775,#9776,#9777,#9778,#9779,#9780,#9781,
#9782,#9783,#9784,#9785,#9786,#9787,#9788,#9789,#9790,#9791,#9792,#9793,
#9794,#9795,#9796,#9797,#9798,#9799,#9800,#9801,#9802,#9803,#9804,#9805,
#9806,#9807,#9808,#9809,#9810,#9811,#9812,#9813,#9814,#9815,#9816,#9817,
#9818,#9819,#9820,#9821,#9822,#9823,#9824,#9825,#9826,#9827,#9828,#9829,
#9830),(#9831,#9832,#9833,#9834,#9835,#9836,#9837,#9838,#9839,#9840,#9841,
#9842,#9843,#9844,#9845,#9846,#9847,#9848,#9849,#9850,#9851,#9852,#9853,
#9854,#9855,#9856,#9857,#9858,#9859,#9860,#9861,#9862,#9863,#9864,#9865,
#9866,#9867,#9868,#9869,#9870,#9871,#9872,#9873,#9874,#9875,#9876,#9877,
#9878,#9879,#9880,#9881,#9882,#9883,#9884,#9885,#9886,#9887,#9888,#9889,
#9890,#9891,#9892,#9893,#9894,#9895,#9896),(#9897,#9898,#9899,#9900,#9901,
#9902,#9903,#9904,#9905,#9906,#9907,#9908,#9909,#9910,#9911,#9912,#9913,
#9914,#9915,#9916,#9917,#9918,#9919,#9920,#9921,#9922,#9923,#9924,#9925,
#9926,#9927,#9928,#9929,#9930,#9931,#9932,#9933,#9934,#9935,#9936,#9937,
#9938,#9939,#9940,#9941,#9942,#9943,#9944,#9945,#9946,#9947,#9948,#9949,
#9950,#9951,#9952,#9953,#9954,#9955,#9956,#9957,#9958,#9959,#9960,#9961,
#9962),(#9963,#9964,#9965,#9966,#9967,#9968,#9969,#9970,#9971,#9972,#9973,
#9974,#9975,#9976,#9977,#9978,#9979,#9980,#9981,#9982,#9983,#9984,#9985,
#9986,#9987,#9988,#9989,#9990,#9991,#9992,#9993,#9994,#9995,#9996,#9997,
#9998,#9999,#10000,#10001,#10002,#10003,#10004,#10005,#10006,#10007,#10008,
#10009,#10010,#10011,#10012,#10013,#10014,#10015,#10016,#10017,#10018,#10019,
#10020,#10021,#10022,#10023,#10024,#10025,#10026,#10027,#10028)),
 .UNSPECIFIED.,.F.,.F.,.F.,(4,4),(4,1,1,2,1,1,2,1,1,2,1,1,2,1,1,2,1,1,2,
1,1,2,1,1,2,1,1,2,1,1,2,1,1,2,1,1,2,1,1,2,1,1,2,1,1,2,1,1,4),(-0.35,0.),
(10.8981837536627,11.0820661215872,11.2659484895117,11.5417720413984,11.8174093519016,
12.0011675589037,12.1849257659059,12.4603831444738,12.6440213968524,12.8276596492309,
13.1029433641513,13.2864658407648,13.4699883173784,13.7451045969774,13.9285154500434,
14.1119263031094,14.3868813373429,14.5701846934985,14.7534880496542,14.9366880124065,
15.1198879751588,15.3946879192872,15.5777885674943,15.7608892157013,16.0355401880119,
16.2185455777528,16.4015509674938,16.6760590521052,16.950430298775,17.1333444632216,
17.3162586276682,17.59049905705,17.7733260099712,17.9561529628924,18.2302685666999,
18.4130123025715,18.5957560384432,18.8697527804661,19.0524172751481,19.2350817698301,
19.4176709828914,19.6002601959526,19.8741440155445,20.1479208231775,20.3304386949328,
20.5129565666881,20.7866322503492,20.9690827061233,21.1515331618974),
 .UNSPECIFIED.);
#130=B_SPLINE_SURFACE_WITH_KNOTS('',3,3,((#10033,#10034,#10035,#10036,#10037,
#10038),(#10039,#10040,#10041,#10042,#10043,#10044),(#10045,#10046,#10047,
#10048,#10049,#10050),(#10051,#10052,#10053,#10054,#10055,#10056)),
 .UNSPECIFIED.,.F.,.F.,.F.,(4,4),(4,1,1,4),(-0.35,0.),(10.2363210832681,
10.5199765134372,10.70908013355,10.8981837536627),.UNSPECIFIED.);
#131=B_SPLINE_SURFACE_WITH_KNOTS('',3,3,((#10061,#10062,#10063,#10064,#10065,
#10066,#10067,#10068,#10069,#10070,#10071,#10072,#10073,#10074,#10075,#10076,
#10077,#10078,#10079,#10080,#10081,#10082,#10083,#10084,#10085,#10086,#10087,
#10088,#10089,#10090,#10091,#10092,#10093,#10094,#10095,#10096),(#10097,
#10098,#10099,#10100,#10101,#10102,#10103,#10104,#10105,#10106,#10107,#10108,
#10109,#10110,#10111,#10112,#10113,#10114,#10115,#10116,#10117,#10118,#10119,
#10120,#10121,#10122,#10123,#10124,#10125,#10126,#10127,#10128,#10129,#10130,
#10131,#10132),(#10133,#10134,#10135,#10136,#10137,#10138,#10139,#10140,
#10141,#10142,#10143,#10144,#10145,#10146,#10147,#10148,#10149,#10150,#10151,
#10152,#10153,#10154,#10155,#10156,#10157,#10158,#10159,#10160,#10161,#10162,
#10163,#10164,#10165,#10166,#10167,#10168),(#10169,#10170,#10171,#10172,
#10173,#10174,#10175,#10176,#10177,#10178,#10179,#10180,#10181,#10182,#10183,
#10184,#10185,#10186,#10187,#10188,#10189,#10190,#10191,#10192,#10193,#10194,
#10195,#10196,#10197,#10198,#10199,#10200,#10201,#10202,#10203,#10204)),
 .UNSPECIFIED.,.F.,.F.,.F.,(4,4),(4,2,1,1,2,1,1,2,1,1,2,1,1,2,1,1,2,1,1,
2,1,1,2,1,1,4),(-0.35,0.),(4.97206367439773,5.12243799680199,5.39657872298822,
5.57933920711238,5.76209969123653,6.03618168011107,6.21890300602743,6.40162433194378,
6.67564906788852,6.85833222518502,7.04101538248151,7.31498434670385,7.49763032285208,
7.68027629900031,7.95419096961942,8.13680075003216,8.3194105304449,8.50198509991783,
8.68455966939076,8.95842152360015,9.23223203192708,9.41477237081171,9.59731270969634,
9.77981979868257,9.96232688766879,10.2360875211481),.UNSPECIFIED.);
#132=B_SPLINE_SURFACE_WITH_KNOTS('',3,3,((#10209,#10210,#10211,#10212),
(#10213,#10214,#10215,#10216),(#10217,#10218,#10219,#10220),(#10221,#10222,
#10223,#10224)),.UNSPECIFIED.,.F.,.F.,.F.,(4,4),(4,4),(-11.2205143686626,
0.),(4.97206367439773,5.12243799680199),.UNSPECIFIED.);
#133=B_SPLINE_SURFACE_WITH_KNOTS('',3,3,((#10273,#10274,#10275,#10276,#10277),
(#10278,#10279,#10280,#10281,#10282),(#10283,#10284,#10285,#10286,#10287),
(#10288,#10289,#10290,#10291,#10292),(#10293,#10294,#10295,#10296,#10297),
(#10298,#10299,#10300,#10301,#10302),(#10303,#10304,#10305,#10306,#10307),
(#10308,#10309,#10310,#10311,#10312),(#10313,#10314,#10315,#10316,#10317),
(#10318,#10319,#10320,#10321,#10322)),.UNSPECIFIED.,.F.,.F.,.F.,(4,1,1,
1,1,1,1,4),(4,1,4),(-3.14376323152194,-2.30393081875826,-1.46409840599458,
-0.624265993230906,0.215566419532772,1.05539883229645,1.89523124506013,
2.7350636578238),(0.,0.344313702318715,0.803398638743668),.UNSPECIFIED.);
#134=ELLIPSE('',#2180,31.5556707140129,19.);
#135=FACE_OUTER_BOUND('',#260,.T.);
#136=FACE_OUTER_BOUND('',#261,.T.);
#137=FACE_OUTER_BOUND('',#262,.T.);
#138=FACE_OUTER_BOUND('',#263,.T.);
#139=FACE_OUTER_BOUND('',#264,.T.);
#140=FACE_OUTER_BOUND('',#265,.T.);
#141=FACE_OUTER_BOUND('',#266,.T.);
#142=FACE_OUTER_BOUND('',#267,.T.);
#143=FACE_OUTER_BOUND('',#268,.T.);
#144=FACE_OUTER_BOUND('',#269,.T.);
#145=FACE_OUTER_BOUND('',#270,.T.);
#146=FACE_OUTER_BOUND('',#271,.T.);
#147=FACE_OUTER_BOUND('',#272,.T.);
#148=FACE_OUTER_BOUND('',#273,.T.);
#149=FACE_OUTER_BOUND('',#274,.T.);
#150=FACE_OUTER_BOUND('',#275,.T.);
#151=FACE_OUTER_BOUND('',#276,.T.);
#152=FACE_OUTER_BOUND('',#277,.T.);
#153=FACE_OUTER_BOUND('',#278,.T.);
#154=FACE_OUTER_BOUND('',#279,.T.);
#155=FACE_OUTER_BOUND('',#280,.T.);
#156=FACE_OUTER_BOUND('',#281,.T.);
#157=FACE_OUTER_BOUND('',#282,.T.);
#158=FACE_OUTER_BOUND('',#283,.T.);
#159=FACE_OUTER_BOUND('',#284,.T.);
#160=FACE_OUTER_BOUND('',#285,.T.);
#161=FACE_OUTER_BOUND('',#286,.T.);
#162=FACE_OUTER_BOUND('',#287,.T.);
#163=FACE_OUTER_BOUND('',#288,.T.);
#164=FACE_OUTER_BOUND('',#289,.T.);
#165=FACE_OUTER_BOUND('',#290,.T.);
#166=FACE_OUTER_BOUND('',#291,.T.);
#167=FACE_OUTER_BOUND('',#292,.T.);
#168=FACE_OUTER_BOUND('',#293,.T.);
#169=FACE_OUTER_BOUND('',#294,.T.);
#170=FACE_OUTER_BOUND('',#295,.T.);
#171=FACE_OUTER_BOUND('',#296,.T.);
#172=FACE_OUTER_BOUND('',#297,.T.);
#173=FACE_OUTER_BOUND('',#298,.T.);
#174=FACE_OUTER_BOUND('',#299,.T.);
#175=FACE_OUTER_BOUND('',#300,.T.);
#176=FACE_OUTER_BOUND('',#301,.T.);
#177=FACE_OUTER_BOUND('',#302,.T.);
#178=FACE_OUTER_BOUND('',#303,.T.);
#179=FACE_OUTER_BOUND('',#304,.T.);
#180=FACE_OUTER_BOUND('',#305,.T.);
#181=FACE_OUTER_BOUND('',#306,.T.);
#182=FACE_OUTER_BOUND('',#307,.T.);
#183=FACE_OUTER_BOUND('',#308,.T.);
#184=FACE_OUTER_BOUND('',#309,.T.);
#185=FACE_OUTER_BOUND('',#310,.T.);
#186=FACE_OUTER_BOUND('',#311,.T.);
#187=FACE_OUTER_BOUND('',#312,.T.);
#188=FACE_OUTER_BOUND('',#313,.T.);
#189=FACE_OUTER_BOUND('',#314,.T.);
#190=FACE_OUTER_BOUND('',#315,.T.);
#191=FACE_OUTER_BOUND('',#316,.T.);
#192=FACE_OUTER_BOUND('',#317,.T.);
#193=FACE_OUTER_BOUND('',#318,.T.);
#194=FACE_OUTER_BOUND('',#319,.T.);
#195=FACE_OUTER_BOUND('',#320,.T.);
#196=FACE_OUTER_BOUND('',#321,.T.);
#197=FACE_OUTER_BOUND('',#322,.T.);
#198=FACE_OUTER_BOUND('',#323,.T.);
#199=FACE_OUTER_BOUND('',#324,.T.);
#200=FACE_OUTER_BOUND('',#325,.T.);
#201=FACE_OUTER_BOUND('',#326,.T.);
#202=FACE_OUTER_BOUND('',#327,.T.);
#203=FACE_OUTER_BOUND('',#328,.T.);
#204=FACE_OUTER_BOUND('',#329,.T.);
#205=FACE_OUTER_BOUND('',#330,.T.);
#206=FACE_OUTER_BOUND('',#331,.T.);
#207=FACE_OUTER_BOUND('',#332,.T.);
#208=FACE_OUTER_BOUND('',#333,.T.);
#209=FACE_OUTER_BOUND('',#334,.T.);
#210=FACE_OUTER_BOUND('',#335,.T.);
#211=FACE_OUTER_BOUND('',#336,.T.);
#212=FACE_OUTER_BOUND('',#337,.T.);
#213=FACE_OUTER_BOUND('',#338,.T.);
#214=FACE_OUTER_BOUND('',#339,.T.);
#215=FACE_OUTER_BOUND('',#340,.T.);
#216=FACE_OUTER_BOUND('',#341,.T.);
#217=FACE_OUTER_BOUND('',#342,.T.);
#218=FACE_OUTER_BOUND('',#343,.T.);
#219=FACE_OUTER_BOUND('',#344,.T.);
#220=FACE_OUTER_BOUND('',#345,.T.);
#221=FACE_OUTER_BOUND('',#346,.T.);
#222=FACE_OUTER_BOUND('',#347,.T.);
#223=FACE_OUTER_BOUND('',#348,.T.);
#224=FACE_OUTER_BOUND('',#349,.T.);
#225=FACE_OUTER_BOUND('',#350,.T.);
#226=FACE_OUTER_BOUND('',#351,.T.);
#227=FACE_OUTER_BOUND('',#352,.T.);
#228=FACE_OUTER_BOUND('',#353,.T.);
#229=FACE_OUTER_BOUND('',#354,.T.);
#230=FACE_OUTER_BOUND('',#355,.T.);
#231=FACE_OUTER_BOUND('',#356,.T.);
#232=FACE_OUTER_BOUND('',#357,.T.);
#233=FACE_OUTER_BOUND('',#358,.T.);
#234=FACE_OUTER_BOUND('',#359,.T.);
#235=FACE_OUTER_BOUND('',#360,.T.);
#236=FACE_OUTER_BOUND('',#361,.T.);
#237=FACE_OUTER_BOUND('',#362,.T.);
#238=FACE_OUTER_BOUND('',#363,.T.);
#239=FACE_OUTER_BOUND('',#364,.T.);
#240=FACE_OUTER_BOUND('',#365,.T.);
#241=FACE_OUTER_BOUND('',#366,.T.);
#242=FACE_OUTER_BOUND('',#367,.T.);
#243=FACE_OUTER_BOUND('',#368,.T.);
#244=FACE_OUTER_BOUND('',#369,.T.);
#245=FACE_OUTER_BOUND('',#370,.T.);
#246=FACE_OUTER_BOUND('',#371,.T.);
#247=FACE_OUTER_BOUND('',#372,.T.);
#248=FACE_OUTER_BOUND('',#373,.T.);
#249=FACE_OUTER_BOUND('',#374,.T.);
#250=FACE_OUTER_BOUND('',#375,.T.);
#251=FACE_OUTER_BOUND('',#376,.T.);
#252=FACE_OUTER_BOUND('',#377,.T.);
#253=FACE_OUTER_BOUND('',#378,.T.);
#254=FACE_OUTER_BOUND('',#379,.T.);
#255=FACE_OUTER_BOUND('',#380,.T.);
#256=FACE_OUTER_BOUND('',#381,.T.);
#257=FACE_OUTER_BOUND('',#382,.T.);
#258=FACE_OUTER_BOUND('',#383,.T.);
#259=FACE_OUTER_BOUND('',#384,.T.);
#260=EDGE_LOOP('',(#1324,#1325,#1326,#1327,#1328,#1329,#1330));
#261=EDGE_LOOP('',(#1331,#1332,#1333,#1334,#1335,#1336,#1337,#1338,#1339,
#1340,#1341,#1342,#1343,#1344,#1345,#1346,#1347,#1348,#1349,#1350,#1351));
#262=EDGE_LOOP('',(#1352,#1353,#1354,#1355,#1356,#1357,#1358,#1359,#1360,
#1361,#1362,#1363,#1364,#1365,#1366,#1367,#1368,#1369,#1370,#1371,#1372,
#1373,#1374,#1375));
#263=EDGE_LOOP('',(#1376,#1377,#1378,#1379,#1380,#1381,#1382,#1383,#1384,
#1385,#1386,#1387,#1388,#1389,#1390,#1391,#1392,#1393,#1394,#1395,#1396,
#1397,#1398,#1399));
#264=EDGE_LOOP('',(#1400,#1401,#1402,#1403,#1404,#1405,#1406,#1407,#1408,
#1409,#1410,#1411,#1412,#1413,#1414,#1415,#1416,#1417,#1418,#1419,#1420,
#1421,#1422,#1423,#1424,#1425));
#265=EDGE_LOOP('',(#1426,#1427,#1428));
#266=EDGE_LOOP('',(#1429,#1430,#1431,#1432));
#267=EDGE_LOOP('',(#1433,#1434,#1435,#1436,#1437));
#268=EDGE_LOOP('',(#1438,#1439,#1440,#1441));
#269=EDGE_LOOP('',(#1442,#1443,#1444,#1445));
#270=EDGE_LOOP('',(#1446,#1447,#1448,#1449,#1450));
#271=EDGE_LOOP('',(#1451,#1452,#1453,#1454));
#272=EDGE_LOOP('',(#1455,#1456,#1457,#1458));
#273=EDGE_LOOP('',(#1459,#1460,#1461,#1462));
#274=EDGE_LOOP('',(#1463,#1464,#1465,#1466));
#275=EDGE_LOOP('',(#1467,#1468,#1469,#1470));
#276=EDGE_LOOP('',(#1471,#1472,#1473,#1474));
#277=EDGE_LOOP('',(#1475,#1476,#1477,#1478));
#278=EDGE_LOOP('',(#1479,#1480,#1481,#1482));
#279=EDGE_LOOP('',(#1483,#1484,#1485,#1486));
#280=EDGE_LOOP('',(#1487,#1488,#1489,#1490));
#281=EDGE_LOOP('',(#1491,#1492,#1493,#1494,#1495));
#282=EDGE_LOOP('',(#1496,#1497,#1498,#1499));
#283=EDGE_LOOP('',(#1500,#1501,#1502,#1503));
#284=EDGE_LOOP('',(#1504,#1505,#1506,#1507));
#285=EDGE_LOOP('',(#1508,#1509,#1510,#1511));
#286=EDGE_LOOP('',(#1512,#1513,#1514,#1515));
#287=EDGE_LOOP('',(#1516,#1517,#1518,#1519));
#288=EDGE_LOOP('',(#1520,#1521,#1522,#1523));
#289=EDGE_LOOP('',(#1524,#1525,#1526,#1527));
#290=EDGE_LOOP('',(#1528,#1529,#1530,#1531));
#291=EDGE_LOOP('',(#1532,#1533,#1534,#1535,#1536));
#292=EDGE_LOOP('',(#1537,#1538,#1539,#1540));
#293=EDGE_LOOP('',(#1541,#1542,#1543,#1544));
#294=EDGE_LOOP('',(#1545,#1546,#1547,#1548));
#295=EDGE_LOOP('',(#1549,#1550,#1551,#1552));
#296=EDGE_LOOP('',(#1553,#1554,#1555,#1556));
#297=EDGE_LOOP('',(#1557,#1558,#1559,#1560));
#298=EDGE_LOOP('',(#1561,#1562,#1563,#1564));
#299=EDGE_LOOP('',(#1565,#1566,#1567,#1568));
#300=EDGE_LOOP('',(#1569,#1570,#1571,#1572));
#301=EDGE_LOOP('',(#1573,#1574,#1575,#1576,#1577));
#302=EDGE_LOOP('',(#1578,#1579,#1580,#1581));
#303=EDGE_LOOP('',(#1582,#1583,#1584,#1585));
#304=EDGE_LOOP('',(#1586,#1587,#1588,#1589));
#305=EDGE_LOOP('',(#1590,#1591,#1592,#1593));
#306=EDGE_LOOP('',(#1594,#1595,#1596,#1597));
#307=EDGE_LOOP('',(#1598,#1599,#1600,#1601));
#308=EDGE_LOOP('',(#1602,#1603,#1604,#1605));
#309=EDGE_LOOP('',(#1606,#1607,#1608,#1609));
#310=EDGE_LOOP('',(#1610,#1611,#1612,#1613));
#311=EDGE_LOOP('',(#1614,#1615,#1616,#1617,#1618));
#312=EDGE_LOOP('',(#1619,#1620,#1621,#1622));
#313=EDGE_LOOP('',(#1623,#1624,#1625,#1626));
#314=EDGE_LOOP('',(#1627,#1628,#1629,#1630));
#315=EDGE_LOOP('',(#1631,#1632,#1633,#1634));
#316=EDGE_LOOP('',(#1635,#1636,#1637,#1638,#1639,#1640));
#317=EDGE_LOOP('',(#1641,#1642,#1643,#1644));
#318=EDGE_LOOP('',(#1645,#1646,#1647,#1648));
#319=EDGE_LOOP('',(#1649,#1650,#1651,#1652));
#320=EDGE_LOOP('',(#1653,#1654,#1655,#1656));
#321=EDGE_LOOP('',(#1657,#1658,#1659,#1660,#1661));
#322=EDGE_LOOP('',(#1662,#1663,#1664,#1665));
#323=EDGE_LOOP('',(#1666,#1667,#1668,#1669,#1670,#1671));
#324=EDGE_LOOP('',(#1672,#1673,#1674,#1675,#1676,#1677,#1678,#1679,#1680,
#1681,#1682,#1683,#1684,#1685,#1686,#1687,#1688,#1689));
#325=EDGE_LOOP('',(#1690,#1691,#1692,#1693));
#326=EDGE_LOOP('',(#1694,#1695,#1696,#1697));
#327=EDGE_LOOP('',(#1698,#1699,#1700,#1701));
#328=EDGE_LOOP('',(#1702,#1703,#1704,#1705));
#329=EDGE_LOOP('',(#1706,#1707,#1708,#1709));
#330=EDGE_LOOP('',(#1710,#1711,#1712,#1713));
#331=EDGE_LOOP('',(#1714,#1715,#1716,#1717,#1718));
#332=EDGE_LOOP('',(#1719,#1720,#1721,#1722));
#333=EDGE_LOOP('',(#1723,#1724,#1725,#1726));
#334=EDGE_LOOP('',(#1727,#1728,#1729,#1730));
#335=EDGE_LOOP('',(#1731,#1732,#1733,#1734));
#336=EDGE_LOOP('',(#1735,#1736,#1737,#1738));
#337=EDGE_LOOP('',(#1739,#1740,#1741,#1742));
#338=EDGE_LOOP('',(#1743,#1744,#1745,#1746));
#339=EDGE_LOOP('',(#1747,#1748,#1749,#1750));
#340=EDGE_LOOP('',(#1751,#1752,#1753,#1754));
#341=EDGE_LOOP('',(#1755,#1756,#1757,#1758,#1759));
#342=EDGE_LOOP('',(#1760,#1761,#1762,#1763));
#343=EDGE_LOOP('',(#1764,#1765,#1766,#1767));
#344=EDGE_LOOP('',(#1768,#1769,#1770,#1771));
#345=EDGE_LOOP('',(#1772,#1773,#1774,#1775));
#346=EDGE_LOOP('',(#1776,#1777,#1778,#1779));
#347=EDGE_LOOP('',(#1780,#1781,#1782,#1783));
#348=EDGE_LOOP('',(#1784,#1785,#1786,#1787));
#349=EDGE_LOOP('',(#1788,#1789,#1790,#1791));
#350=EDGE_LOOP('',(#1792,#1793,#1794,#1795));
#351=EDGE_LOOP('',(#1796,#1797,#1798,#1799,#1800));
#352=EDGE_LOOP('',(#1801,#1802,#1803,#1804));
#353=EDGE_LOOP('',(#1805,#1806,#1807,#1808));
#354=EDGE_LOOP('',(#1809,#1810,#1811,#1812));
#355=EDGE_LOOP('',(#1813,#1814,#1815,#1816));
#356=EDGE_LOOP('',(#1817,#1818,#1819,#1820));
#357=EDGE_LOOP('',(#1821,#1822,#1823,#1824));
#358=EDGE_LOOP('',(#1825,#1826,#1827,#1828));
#359=EDGE_LOOP('',(#1829,#1830,#1831,#1832));
#360=EDGE_LOOP('',(#1833,#1834,#1835,#1836));
#361=EDGE_LOOP('',(#1837,#1838,#1839,#1840,#1841));
#362=EDGE_LOOP('',(#1842,#1843,#1844,#1845));
#363=EDGE_LOOP('',(#1846,#1847,#1848,#1849));
#364=EDGE_LOOP('',(#1850,#1851,#1852,#1853));
#365=EDGE_LOOP('',(#1854,#1855,#1856,#1857));
#366=EDGE_LOOP('',(#1858,#1859,#1860,#1861));
#367=EDGE_LOOP('',(#1862,#1863,#1864,#1865));
#368=EDGE_LOOP('',(#1866,#1867,#1868,#1869));
#369=EDGE_LOOP('',(#1870,#1871,#1872,#1873));
#370=EDGE_LOOP('',(#1874,#1875,#1876,#1877));
#371=EDGE_LOOP('',(#1878,#1879,#1880,#1881));
#372=EDGE_LOOP('',(#1882,#1883,#1884,#1885,#1886,#1887,#1888,#1889,#1890,
#1891));
#373=EDGE_LOOP('',(#1892,#1893,#1894,#1895,#1896,#1897,#1898,#1899,#1900,
#1901,#1902,#1903,#1904,#1905,#1906,#1907,#1908,#1909));
#374=EDGE_LOOP('',(#1910,#1911,#1912,#1913,#1914,#1915,#1916,#1917,#1918,
#1919,#1920,#1921,#1922,#1923,#1924,#1925,#1926,#1927,#1928,#1929,#1930,
#1931,#1932,#1933,#1934,#1935,#1936,#1937,#1938,#1939,#1940,#1941,#1942,
#1943));
#375=EDGE_LOOP('',(#1944,#1945,#1946,#1947));
#376=EDGE_LOOP('',(#1948,#1949,#1950,#1951,#1952,#1953,#1954,#1955,#1956,
#1957,#1958,#1959,#1960,#1961,#1962,#1963,#1964,#1965,#1966,#1967));
#377=EDGE_LOOP('',(#1968,#1969,#1970,#1971));
#378=EDGE_LOOP('',(#1972,#1973,#1974,#1975));
#379=EDGE_LOOP('',(#1976,#1977,#1978,#1979,#1980,#1981,#1982,#1983,#1984));
#380=EDGE_LOOP('',(#1985,#1986,#1987,#1988,#1989,#1990,#1991,#1992,#1993,
#1994,#1995,#1996,#1997,#1998,#1999,#2000,#2001,#2002,#2003,#2004,#2005,
#2006,#2007,#2008));
#381=EDGE_LOOP('',(#2009,#2010,#2011,#2012,#2013,#2014,#2015,#2016));
#382=EDGE_LOOP('',(#2017,#2018));
#383=EDGE_LOOP('',(#2019,#2020,#2021,#2022,#2023));
#384=EDGE_LOOP('',(#2024));
#385=EDGE_LOOP('',(#2025));
#386=CIRCLE('',#2173,19.);
#387=CIRCLE('',#2175,19.);
#388=CIRCLE('',#2179,19.);
#389=CIRCLE('',#2184,16.);
#390=CIRCLE('',#2185,16.);
#391=CIRCLE('',#2187,1.5);
#392=CIRCLE('',#2190,16.);
#393=B_SPLINE_CURVE_WITH_KNOTS('',3,(#2250,#2251,#2252,#2253,#2254,#2255),
 .UNSPECIFIED.,.F.,.F.,(4,2,4),(0.145360536731838,0.763433151148314,1.52655159110822),
 .UNSPECIFIED.);
#394=B_SPLINE_CURVE_WITH_KNOTS('',3,(#2257,#2258,#2259,#2260,#2261,#2262,
#2263,#2264,#2265,#2266,#2267,#2268,#2269,#2270,#2271,#2272,#2273,#2274,
#2275,#2276,#2277,#2278,#2279,#2280,#2281,#2282,#2283,#2284,#2285,#2286,
#2287,#2288,#2289,#2290,#2291,#2292,#2293),.UNSPECIFIED.,.F.,.F.,(4,3,3,
3,3,3,3,3,3,3,3,3,4),(0.,0.144112954175613,0.291220962069624,0.439371861029357,
0.58788612522818,0.654657075095577,0.763609137642236,0.911676173370375,
1.0604235856209,1.09070285730611,1.23861634008734,1.38413279435974,1.52690328214084),
 .UNSPECIFIED.);
#395=B_SPLINE_CURVE_WITH_KNOTS('',3,(#2295,#2296,#2297,#2298,#2299,#2300,
#2301,#2302,#2303,#2304,#2305,#2306,#2307,#2308,#2309,#2310,#2311,#2312,
#2313,#2314,#2315,#2316,#2317,#2318,#2319,#2320,#2321,#2322,#2323,#2324,
#2325,#2326,#2327,#2328,#2329,#2330,#2331),.UNSPECIFIED.,.F.,.F.,(4,3,3,
3,3,3,3,3,3,3,3,3,4),(0.,0.14410970470637,0.291215560442878,0.439364777944906,
0.587877956182427,0.654811434107989,0.763789120098147,0.911854708445417,
1.06060107323269,1.09095983763782,1.23887187894384,1.3843860584211,1.52726295850533),
 .UNSPECIFIED.);
#396=B_SPLINE_CURVE_WITH_KNOTS('',3,(#2333,#2334,#2335,#2336,#2337,#2338,
#2339,#2340,#2341,#2342,#2343,#2344,#2345,#2346,#2347,#2348,#2349,#2350,
#2351,#2352,#2353,#2354,#2355,#2356,#2357,#2358,#2359,#2360,#2361,#2362,
#2363,#2364,#2365,#2366),.UNSPECIFIED.,.F.,.F.,(4,3,3,3,3,3,3,3,3,3,3,4),
(0.,0.143822320729837,0.290505107878739,0.438131801540056,0.585977385615313,
0.654618933991948,0.695371354501134,0.844068304082794,0.993515053720773,
1.09093916740547,1.24077990154329,1.39062063568112),.UNSPECIFIED.);
#397=B_SPLINE_CURVE_WITH_KNOTS('',3,(#2368,#2369,#2370,#2371),
 .UNSPECIFIED.,.F.,.F.,(4,4),(1.31460017885829,1.31465533104325),
 .UNSPECIFIED.);
#398=B_SPLINE_CURVE_WITH_KNOTS('',3,(#2378,#2379,#2380,#2381,#2382,#2383),
 .UNSPECIFIED.,.F.,.F.,(4,2,4),(0.411870662875776,0.761891086188049,1.52346992394696),
 .UNSPECIFIED.);
#399=B_SPLINE_CURVE_WITH_KNOTS('',3,(#2385,#2386,#2387,#2388,#2389,#2390,
#2391,#2392,#2393,#2394,#2395,#2396,#2397,#2398,#2399,#2400,#2401,#2402,
#2403,#2404,#2405,#2406,#2407,#2408,#2409,#2410,#2411,#2412,#2413,#2414,
#2415,#2416,#2417,#2418,#2419,#2420,#2421),.UNSPECIFIED.,.F.,.F.,(4,3,3,
3,3,3,3,3,3,3,3,3,4),(0.,0.144141350001918,0.291268417631738,0.43943425526866,
0.587958116799185,0.653300695108536,0.762027598272183,0.910107259045291,
1.05886411523931,1.08844471984343,1.23637113473197,1.38190755058675,1.52374273066583),
 .UNSPECIFIED.);
#400=B_SPLINE_CURVE_WITH_KNOTS('',3,(#2423,#2424,#2425,#2426,#2427,#2428,
#2429,#2430,#2431,#2432,#2433,#2434,#2435,#2436,#2437,#2438,#2439,#2440,
#2441,#2442,#2443,#2444,#2445,#2446,#2447,#2448,#2449,#2450,#2451,#2452,
#2453,#2454,#2455,#2456,#2457,#2458,#2459),.UNSPECIFIED.,.F.,.F.,(4,3,3,
3,3,3,3,3,3,3,3,3,4),(0.,0.14464524299106,0.292000982765258,0.435561507170517,
0.584092877202735,0.731974918905744,0.762168021453418,0.870896840355022,
1.01955998510063,1.16788503638076,1.3151958329243,1.46005551260286,1.52402335323399),
 .UNSPECIFIED.);
#401=B_SPLINE_CURVE_WITH_KNOTS('',3,(#2461,#2462,#2463,#2464,#2465,#2466,
#2467,#2468,#2469,#2470,#2471,#2472,#2473,#2474,#2475,#2476,#2477,#2478,
#2479,#2480,#2481,#2482,#2483,#2484,#2485,#2486,#2487,#2488,#2489,#2490,
#2491,#2492,#2493,#2494,#2495,#2496,#2497),.UNSPECIFIED.,.F.,.F.,(4,3,3,
3,3,3,3,3,3,3,3,3,4),(0.,0.144642763303235,0.2919972049273,0.435644000490592,
0.584174649110389,0.732055476996046,0.762312363219955,0.871061718293653,
1.01972395154237,1.16804816544692,1.3153581430143,1.46021623837744,1.52431180660613),
 .UNSPECIFIED.);
#402=B_SPLINE_CURVE_WITH_KNOTS('',3,(#2499,#2500,#2501,#2502,#2503,#2504,
#2505,#2506,#2507,#2508,#2509,#2510,#2511,#2512,#2513,#2514,#2515,#2516,
#2517,#2518,#2519,#2520,#2521,#2522,#2523,#2524,#2525,#2526,#2527,#2528,
#2529,#2530,#2531,#2532,#2533,#2534,#2535),.UNSPECIFIED.,.F.,.F.,(4,3,3,
3,3,3,3,3,3,3,3,3,4),(0.,0.144640169761795,0.291993407004761,0.43572873773707,
0.584258810650213,0.732138357058415,0.762460631278175,0.871231081106173,
1.01989239462708,1.16821578112448,1.31552496459657,1.46038139776495,1.52460810617268),
 .UNSPECIFIED.);
#403=B_SPLINE_CURVE_WITH_KNOTS('',3,(#2537,#2538,#2539,#2540,#2541,#2542,
#2543,#2544,#2545,#2546,#2547,#2548,#2549,#2550,#2551,#2552,#2553,#2554,
#2555,#2556,#2557,#2558,#2559,#2560,#2561,#2562,#2563,#2564,#2565,#2566,
#2567,#2568,#2569,#2570,#2571,#2572,#2573),.UNSPECIFIED.,.F.,.F.,(4,3,3,
3,3,3,3,3,3,3,3,3,4),(0.,0.144637607371933,0.291989286333749,0.435815723439473,
0.584344900765327,0.732223248059807,0.762612833554081,0.871404937843857,
1.02006527717075,1.16838773317812,1.31569599264204,1.46055079646277,1.52491226776252),
 .UNSPECIFIED.);
#404=B_SPLINE_CURVE_WITH_KNOTS('',3,(#2575,#2576,#2577,#2578,#2579,#2580,
#2581,#2582,#2583,#2584,#2585,#2586,#2587,#2588,#2589,#2590,#2591,#2592,
#2593,#2594,#2595,#2596,#2597,#2598,#2599,#2600,#2601,#2602,#2603,#2604,
#2605,#2606,#2607,#2608,#2609,#2610,#2611),.UNSPECIFIED.,.F.,.F.,(4,3,3,
3,3,3,3,3,3,3,3,3,4),(0.,0.144635138585746,0.291984726961634,0.435904962253599,
0.584432703114415,0.732309983183751,0.762768978194675,0.87158329781038,
1.02024258619105,1.1685639636758,1.3158711048798,1.46072435904193,1.52522430764605),
 .UNSPECIFIED.);
#405=B_SPLINE_CURVE_WITH_KNOTS('',3,(#2613,#2614,#2615,#2616,#2617,#2618,
#2619,#2620,#2621,#2622,#2623,#2624,#2625),.UNSPECIFIED.,.F.,.F.,(4,3,3,
3,4),(0.,0.141176074091438,0.178902918897491,0.324123402929996,0.357805708434928),
 .UNSPECIFIED.);
#406=B_SPLINE_CURVE_WITH_KNOTS('',3,(#2627,#2628,#2629,#2630,#2631,#2632,
#2633,#2634,#2635,#2636,#2637,#2638,#2639,#2640,#2641,#2642,#2643,#2644,
#2645,#2646,#2647,#2648,#2649,#2650,#2651,#2652,#2653,#2654),
 .UNSPECIFIED.,.F.,.F.,(4,3,3,3,3,3,3,3,3,4),(0.,0.149354803848154,0.299569433017654,
0.449830193276639,0.499901205470651,0.583140927954529,0.730426191466132,
0.877232538746292,1.02199252062666,1.16598192899681),.UNSPECIFIED.);
#407=B_SPLINE_CURVE_WITH_KNOTS('',3,(#2656,#2657,#2658,#2659,#2660,#2661,
#2662,#2663,#2664,#2665,#2666,#2667,#2668,#2669,#2670,#2671,#2672,#2673,
#2674,#2675,#2676,#2677,#2678,#2679,#2680,#2681,#2682,#2683,#2684,#2685,
#2686,#2687,#2688,#2689,#2690,#2691,#2692),.UNSPECIFIED.,.F.,.F.,(4,3,3,
3,3,3,3,3,3,3,3,3,4),(0.,0.14412222651108,0.291236452428923,0.439392224667844,
0.587909620207522,0.654214528270861,0.763093128269843,0.911164286264862,
1.05991477347036,1.08996609472408,1.23788379232595,1.38340676227706,1.52587208959582),
 .UNSPECIFIED.);
#408=B_SPLINE_CURVE_WITH_KNOTS('',3,(#2694,#2695,#2696,#2697,#2698,#2699,
#2700,#2701,#2702,#2703,#2704,#2705,#2706,#2707,#2708,#2709,#2710,#2711,
#2712,#2713,#2714,#2715,#2716,#2717,#2718,#2719,#2720,#2721,#2722,#2723,
#2724,#2725,#2726,#2727,#2728,#2729,#2730),.UNSPECIFIED.,.F.,.F.,(4,3,3,
3,3,3,3,3,3,3,3,3,4),(0.,0.144119210351119,0.291231408706812,0.439385590965321,
0.587901965825209,0.654358630229637,0.763261151114982,0.911330968695209,
1.06008045006209,1.09020599924682,1.23812231921233,1.38364316806683,1.52620786643243),
 .UNSPECIFIED.);
#409=B_SPLINE_CURVE_WITH_KNOTS('',3,(#2731,#2732,#2733,#2734),
 .UNSPECIFIED.,.F.,.F.,(4,4),(0.,0.145360536731838),.UNSPECIFIED.);
#410=B_SPLINE_CURVE_WITH_KNOTS('',3,(#2738,#2739,#2740,#2741),
 .UNSPECIFIED.,.F.,.F.,(4,4),(0.,0.339768141984759),.UNSPECIFIED.);
#411=B_SPLINE_CURVE_WITH_KNOTS('',3,(#2743,#2744,#2745,#2746,#2747,#2748,
#2749,#2750,#2751,#2752,#2753,#2754,#2755,#2756,#2757,#2758,#2759,#2760,
#2761,#2762,#2763,#2764,#2765,#2766,#2767,#2768,#2769,#2770,#2771,#2772,
#2773,#2774,#2775,#2776,#2777,#2778,#2779,#2780,#2781,#2782),
 .UNSPECIFIED.,.F.,.F.,(4,3,3,3,3,3,3,3,3,3,3,3,3,4),(0.,0.135428690804467,
0.272679802115018,0.411829633355888,0.43630638627012,0.576683646592411,
0.717133420114717,0.763508271075877,0.872501286656977,1.03620197919966,
1.1939418725319,1.35101146371799,1.50604626779798,1.52730405682772),
 .UNSPECIFIED.);
#412=B_SPLINE_CURVE_WITH_KNOTS('',3,(#2784,#2785,#2786,#2787,#2788,#2789,
#2790,#2791,#2792,#2793,#2794,#2795,#2796,#2797,#2798,#2799,#2800,#2801,
#2802,#2803,#2804,#2805,#2806,#2807,#2808,#2809,#2810,#2811,#2812,#2813,
#2814,#2815,#2816,#2817,#2818,#2819,#2820,#2821,#2822,#2823),
 .UNSPECIFIED.,.F.,.F.,(4,3,3,3,3,3,3,3,3,3,3,3,3,4),(0.,0.135432691221155,
0.272686984571198,0.411838742866774,0.436201493389597,0.576579533489072,
0.717030449763703,0.763324716616311,0.872291553251122,1.03595283626948,
1.19369149355868,1.35076032038798,1.50579538898462,1.52693668532455),
 .UNSPECIFIED.);
#413=B_SPLINE_CURVE_WITH_KNOTS('',3,(#2825,#2826,#2827,#2828,#2829,#2830,
#2831,#2832,#2833,#2834,#2835,#2836,#2837,#2838,#2839,#2840,#2841,#2842,
#2843,#2844,#2845,#2846,#2847,#2848,#2849,#2850,#2851,#2852,#2853,#2854,
#2855,#2856,#2857,#2858,#2859,#2860,#2861,#2862,#2863,#2864),
 .UNSPECIFIED.,.F.,.F.,(4,3,3,3,3,3,3,3,3,3,3,3,3,4),(0.,0.135436050525424,
0.272693365842196,0.411847310453571,0.436098884006962,0.576478248048935,
0.716930569379301,0.76314515811033,0.872086385704923,1.03570911718119,1.1934468511483,
1.35051499802536,1.50555021760105,1.52657731160999),.UNSPECIFIED.);
#414=B_SPLINE_CURVE_WITH_KNOTS('',3,(#2866,#2867,#2868,#2869,#2870,#2871,
#2872,#2873,#2874,#2875,#2876,#2877,#2878,#2879,#2880,#2881,#2882,#2883,
#2884,#2885,#2886,#2887,#2888,#2889,#2890,#2891,#2892,#2893,#2894,#2895,
#2896,#2897,#2898,#2899,#2900,#2901,#2902,#2903,#2904,#2905),
 .UNSPECIFIED.,.F.,.F.,(4,3,3,3,3,3,3,3,3,3,3,3,3,4),(0.,0.135439235700283,
0.272699489994301,0.411855628229186,0.435998552585198,0.576379300354196,
0.716833036859074,0.762969585868087,0.871885772946927,1.03547080878014,
1.19320768561472,1.35027517934461,1.50531053117077,1.52622591627978),
 .UNSPECIFIED.);
#415=B_SPLINE_CURVE_WITH_KNOTS('',3,(#2906,#2907,#2908,#2909),
 .UNSPECIFIED.,.F.,.F.,(4,4),(0.,0.12592639540276),.UNSPECIFIED.);
#416=B_SPLINE_CURVE_WITH_KNOTS('',3,(#2915,#2916,#2917,#2918),
 .UNSPECIFIED.,.F.,.F.,(4,4),(0.782371021566932,1.52838084950158),
 .UNSPECIFIED.);
#417=B_SPLINE_CURVE_WITH_KNOTS('',3,(#2920,#2921,#2922,#2923,#2924,#2925,
#2926,#2927,#2928,#2929,#2930,#2931,#2932,#2933,#2934,#2935,#2936,#2937,
#2938,#2939,#2940,#2941,#2942,#2943,#2944,#2945,#2946,#2947,#2948,#2949,
#2950,#2951,#2952,#2953,#2954,#2955,#2956),.UNSPECIFIED.,.F.,.F.,(4,3,3,
3,3,3,3,3,3,3,3,3,4),(0.,0.14409282390441,0.291186789009102,0.439326567865955,
0.587833804175264,0.655630846154141,0.764744553093367,0.912802715845457,
1.06154288323758,1.09232401086892,1.24022760891922,1.38572974553903,1.52917228952792),
 .UNSPECIFIED.);
#418=B_SPLINE_CURVE_WITH_KNOTS('',3,(#2958,#2959,#2960,#2961,#2962,#2963,
#2964,#2965,#2966,#2967,#2968,#2969,#2970,#2971,#2972,#2973,#2974,#2975,
#2976,#2977,#2978,#2979,#2980,#2981,#2982,#2983,#2984,#2985,#2986,#2987,
#2988,#2989,#2990,#2991,#2992,#2993,#2994),.UNSPECIFIED.,.F.,.F.,(4,3,3,
3,3,3,3,3,3,3,3,3,4),(0.,0.144595515690813,0.291918709152554,0.437269651210926,
0.585781312435838,0.733640399661898,0.765156828718708,0.874310873295941,
1.02295466374159,1.17126095366325,1.31855292898,1.46338107745222,1.52999617675394),
 .UNSPECIFIED.);
#419=B_SPLINE_CURVE_WITH_KNOTS('',3,(#2996,#2997,#2998,#2999,#3000,#3001,
#3002,#3003,#3004,#3005,#3006,#3007,#3008,#3009,#3010,#3011,#3012,#3013,
#3014,#3015,#3016,#3017,#3018,#3019,#3020,#3021,#3022,#3023,#3024,#3025,
#3026,#3027,#3028,#3029,#3030,#3031,#3032),.UNSPECIFIED.,.F.,.F.,(4,3,3,
3,3,3,3,3,3,3,3,3,4),(0.,0.144588326892166,0.291907009202683,0.437514603673078,
0.586023568114467,0.733879295350153,0.765585431965871,0.874800454086419,
1.02344147807006,1.17174511445347,1.31903444128499,1.46385802917868,1.53085269185321),
 .UNSPECIFIED.);
#420=B_SPLINE_CURVE_WITH_KNOTS('',3,(#3034,#3035,#3036,#3037,#3038,#3039,
#3040,#3041,#3042,#3043,#3044,#3045,#3046,#3047,#3048,#3049,#3050,#3051,
#3052,#3053,#3054,#3055,#3056,#3057,#3058,#3059,#3060,#3061,#3062,#3063,
#3064,#3065,#3066,#3067,#3068,#3069,#3070),.UNSPECIFIED.,.F.,.F.,(4,3,3,
3,3,3,3,3,3,3,3,3,4),(0.,0.144580825056696,0.291894933041682,0.43776894150499,
0.586275212763945,0.734127410924424,0.76603045723531,0.875308793001501,
1.02394695377199,1.17224786079712,1.31953447412908,1.46435330034453,1.53174202334788),
 .UNSPECIFIED.);
#421=B_SPLINE_CURVE_WITH_KNOTS('',3,(#3072,#3073,#3074,#3075,#3076,#3077,
#3078,#3079,#3080,#3081,#3082,#3083,#3084,#3085,#3086,#3087,#3088,#3089,
#3090,#3091,#3092,#3093,#3094,#3095,#3096,#3097,#3098,#3099,#3100,#3101,
#3102,#3103,#3104,#3105,#3106,#3107,#3108),.UNSPECIFIED.,.F.,.F.,(4,3,3,
3,3,3,3,3,3,3,3,3,4),(0.,0.144573096427886,0.291882273751359,0.438032720937416,
0.586536045040497,0.734384654921405,0.766492002923559,0.87583600240656,
1.02447117838156,1.17276920923033,1.32005294803013,1.46486687587882,1.53266436773982),
 .UNSPECIFIED.);
#422=B_SPLINE_CURVE_WITH_KNOTS('',3,(#3110,#3111,#3112,#3113,#3114,#3115,
#3116,#3117,#3118,#3119,#3120,#3121,#3122,#3123,#3124,#3125,#3126,#3127,
#3128,#3129,#3130,#3131,#3132,#3133,#3134,#3135,#3136,#3137,#3138,#3139,
#3140,#3141,#3142,#3143,#3144,#3145,#3146),.UNSPECIFIED.,.F.,.F.,(4,3,3,
3,3,3,3,3,3,3,3,3,4),(0.,0.144565183415799,0.291868934239748,0.438306000522982,
0.586805980862136,0.734650988859759,0.766970171490161,0.876382199306623,
1.02501425485567,1.17330922965592,1.32058988597241,1.46539880949112,1.53361992964402),
 .UNSPECIFIED.);
#423=B_SPLINE_CURVE_WITH_KNOTS('',3,(#3148,#3149,#3150,#3151,#3152,#3153,
#3154,#3155,#3156,#3157,#3158,#3159,#3160,#3161,#3162,#3163,#3164,#3165,
#3166,#3167,#3168,#3169,#3170,#3171,#3172,#3173,#3174,#3175,#3176,#3177,
#3178,#3179,#3180,#3181,#3182,#3183,#3184),.UNSPECIFIED.,.F.,.F.,(4,3,3,
3,3,3,3,3,3,3,3,3,4),(0.,0.144043980069054,0.291104877261732,0.43921865369274,
0.587709266084132,0.657964059252044,0.76746506952897,0.915501560458561,
1.06422522575759,1.09620836902093,1.24408938433365,1.38955712416663,1.53460892193106),
 .UNSPECIFIED.);
#424=B_SPLINE_CURVE_WITH_KNOTS('',3,(#3186,#3187,#3188,#3189,#3190,#3191,
#3192,#3193,#3194,#3195,#3196,#3197,#3198,#3199,#3200,#3201,#3202,#3203,
#3204,#3205,#3206,#3207,#3208,#3209,#3210,#3211,#3212,#3213,#3214,#3215,
#3216,#3217,#3218,#3219,#3220,#3221,#3222),.UNSPECIFIED.,.F.,.F.,(4,3,3,
3,3,3,3,3,3,3,3,3,4),(0.,0.144187981567979,0.297646320303426,0.451104659038872,
0.599456997053924,0.747128717559686,0.789364601141081,0.90196230104806,
1.05044800689641,1.19860139909614,1.34574039265513,1.49031156136489,1.57837092666857),
 .UNSPECIFIED.);
#425=B_SPLINE_CURVE_WITH_KNOTS('',3,(#3224,#3225,#3226,#3227,#3228,#3229,
#3230,#3231,#3232,#3233,#3234,#3235,#3236,#3237,#3238,#3239,#3240,#3241,
#3242,#3243,#3244,#3245,#3246,#3247,#3248,#3249,#3250,#3251,#3252,#3253,
#3254,#3255,#3256,#3257,#3258,#3259,#3260),.UNSPECIFIED.,.F.,.F.,(4,3,3,
3,3,3,3,3,3,3,3,3,4),(0.,0.144146172819351,0.291276486963355,0.439444870311587,
0.587970365979075,0.653069888936965,0.761758477929977,0.909840282415557,
1.05859875459805,1.08806046656323,1.23598909108802,1.38152890098573,1.52320491855641),
 .UNSPECIFIED.);
#426=B_SPLINE_CURVE_WITH_KNOTS('',3,(#3261,#3262,#3263,#3264),
 .UNSPECIFIED.,.F.,.F.,(4,4),(0.,0.411870662875776),.UNSPECIFIED.);
#427=B_SPLINE_CURVE_WITH_KNOTS('',3,(#3266,#3267,#3268,#3269,#3270,#3271),
 .UNSPECIFIED.,.F.,.F.,(4,2,4),(0.12592639540276,0.762797990429729,1.5258824803901),
 .UNSPECIFIED.);
#428=B_SPLINE_CURVE_WITH_KNOTS('',3,(#3273,#3274,#3275,#3276,#3277,#3278,
#3279,#3280,#3281,#3282,#3283,#3284,#3285,#3286,#3287,#3288,#3289,#3290,
#3291,#3292,#3293,#3294,#3295,#3296,#3297,#3298,#3299,#3300,#3301,#3302,
#3303,#3304,#3305,#3306,#3307,#3308,#3309,#3310,#3311,#3312),
 .UNSPECIFIED.,.F.,.F.,(4,3,3,3,3,3,3,3,3,3,3,3,3,4),(0.,0.135445521608157,
0.272711474961235,0.411871777256339,0.435804702132529,0.576188009926636,
0.716644430098783,0.762630362563706,0.871498168821697,1.0350103729798,1.19274553103865,
1.34981174353317,1.50484736507731,1.52554698545412),.UNSPECIFIED.);
#429=B_SPLINE_CURVE_WITH_KNOTS('',3,(#3314,#3315,#3316,#3317,#3318,#3319,
#3320,#3321,#3322,#3323,#3324,#3325,#3326,#3327,#3328,#3329,#3330,#3331,
#3332,#3333,#3334,#3335,#3336,#3337,#3338,#3339,#3340,#3341,#3342,#3343,
#3344),.UNSPECIFIED.,.F.,.F.,(4,3,3,3,3,3,3,3,3,3,4),(0.,0.13405802781225,
0.270963657358331,0.409044003980588,0.547985530145973,0.582771256003072,
0.666008492782292,0.816651490411556,0.967627415828378,1.11781580404454,
1.16586032698511),.UNSPECIFIED.);
#430=B_SPLINE_CURVE_WITH_KNOTS('',3,(#3346,#3347,#3348,#3349,#3350,#3351,
#3352,#3353,#3354,#3355,#3356,#3357,#3358),.UNSPECIFIED.,.F.,.F.,(4,3,3,
3,4),(0.,0.157532845456312,0.178898259075596,0.332321549920518,0.35778421610136),
 .UNSPECIFIED.);
#431=B_SPLINE_CURVE_WITH_KNOTS('',3,(#3360,#3361,#3362,#3363,#3364,#3365,
#3366,#3367,#3368,#3369,#3370,#3371,#3372,#3373,#3374,#3375,#3376,#3377,
#3378,#3379,#3380,#3381,#3382,#3383,#3384,#3385,#3386,#3387,#3388,#3389,
#3390,#3391,#3392,#3393),.UNSPECIFIED.,.F.,.F.,(4,3,3,3,3,3,3,3,3,3,3,4),
(0.,0.134839301240873,0.272888043017334,0.412223109155371,0.552568656145974,
0.65350263911032,0.762306973756188,0.925710617590261,1.08911426142433,1.24672178098637,
1.4024690277617,1.52489974676682),.UNSPECIFIED.);
#432=B_SPLINE_CURVE_WITH_KNOTS('',3,(#3395,#3396,#3397,#3398,#3399,#3400,
#3401,#3402,#3403,#3404,#3405,#3406,#3407,#3408,#3409,#3410,#3411,#3412,
#3413,#3414,#3415,#3416,#3417,#3418,#3419,#3420,#3421,#3422,#3423,#3424,
#3425,#3426,#3427,#3428),.UNSPECIFIED.,.F.,.F.,(4,3,3,3,3,3,3,3,3,3,3,4),
(0.,0.134842799802249,0.272894256847174,0.412231381634052,0.552577624041483,
0.653369064198252,0.762151195480333,0.925521412306484,1.08889162913263,
1.24649919488192,1.40224784040841,1.52458796830269),.UNSPECIFIED.);
#433=B_SPLINE_CURVE_WITH_KNOTS('',3,(#3430,#3431,#3432,#3433,#3434,#3435,
#3436,#3437,#3438,#3439,#3440,#3441,#3442,#3443,#3444,#3445,#3446,#3447,
#3448,#3449,#3450,#3451,#3452,#3453,#3454,#3455,#3456,#3457,#3458,#3459,
#3460,#3461,#3462,#3463),.UNSPECIFIED.,.F.,.F.,(4,3,3,3,3,3,3,3,3,3,3,4),
(0.,0.134845638695402,0.272899260912579,0.412238352298366,0.552586119615126,
0.653238861636168,0.761999350105544,0.925336983877044,1.08867461764854,
1.24628134224228,1.40202977999769,1.52428406136141),.UNSPECIFIED.);
#434=B_SPLINE_CURVE_WITH_KNOTS('',3,(#3465,#3466,#3467,#3468,#3469,#3470,
#3471,#3472,#3473,#3474,#3475,#3476,#3477,#3478,#3479,#3480,#3481,#3482,
#3483,#3484,#3485,#3486,#3487,#3488,#3489,#3490,#3491,#3492,#3493,#3494,
#3495,#3496,#3497,#3498),.UNSPECIFIED.,.F.,.F.,(4,3,3,3,3,3,3,3,3,3,3,4),
(0.,0.134848070417912,0.272903510544753,0.412244487179781,0.552594242379863,
0.653112024467843,0.761851429520405,0.925157322447731,1.08846321537506,
1.24606857760864,1.40181578648653,1.52398800969933),.UNSPECIFIED.);
#435=B_SPLINE_CURVE_WITH_KNOTS('',3,(#3500,#3501,#3502,#3503,#3504,#3505,
#3506,#3507,#3508,#3509,#3510,#3511,#3512,#3513,#3514,#3515,#3516,#3517,
#3518,#3519,#3520,#3521,#3522,#3523,#3524,#3525,#3526,#3527,#3528,#3529,
#3530,#3531,#3532,#3533),.UNSPECIFIED.,.F.,.F.,(4,3,3,3,3,3,3,3,3,3,3,4),
(0.,0.134850603884513,0.27290794449538,0.412250761318909,0.552602212448406,
0.652988545925702,0.761707425833512,0.924982418431708,1.0882574110299,1.24586168010753,
1.40160804655459,1.52369979751389),.UNSPECIFIED.);
#436=B_SPLINE_CURVE_WITH_KNOTS('',3,(#3535,#3536,#3537,#3538,#3539,#3540,
#3541,#3542,#3543,#3544,#3545,#3546,#3547,#3548,#3549,#3550,#3551,#3552,
#3553,#3554,#3555,#3556,#3557,#3558,#3559,#3560,#3561,#3562,#3563,#3564,
#3565,#3566,#3567,#3568,#3569,#3570,#3571,#3572,#3573,#3574),
 .UNSPECIFIED.,.F.,.F.,(4,3,3,3,3,3,3,3,3,3,3,3,3,4),(0.,0.135465028648749,
0.27274880933154,0.411922268642666,0.435197228791615,0.575588740352902,
0.716053658789625,0.761567331371954,0.870283525503663,1.03356749648763,
1.19129733836434,1.34835953839915,1.50339594931646,1.52341940943955),
 .UNSPECIFIED.);
#437=B_SPLINE_CURVE_WITH_KNOTS('',3,(#3575,#3576,#3577,#3578,#3579,#3580),
 .UNSPECIFIED.,.F.,.F.,(4,2,4),(0.,0.761431138680165,1.38316651007249),
 .UNSPECIFIED.);
#438=B_SPLINE_CURVE_WITH_KNOTS('',3,(#3586,#3587,#3588,#3589),
 .UNSPECIFIED.,.F.,.F.,(4,4),(1.07030904726467,1.53267355353366),
 .UNSPECIFIED.);
#439=B_SPLINE_CURVE_WITH_KNOTS('',3,(#3591,#3592,#3593,#3594,#3595,#3596,
#3597,#3598,#3599,#3600,#3601,#3602,#3603,#3604,#3605,#3606,#3607,#3608,
#3609,#3610,#3611,#3612,#3613,#3614,#3615,#3616,#3617,#3618,#3619,#3620,
#3621,#3622,#3623,#3624,#3625,#3626,#3627),.UNSPECIFIED.,.F.,.F.,(4,3,3,
3,3,3,3,3,3,3,3,3,4),(0.,0.144556942669097,0.291854870119783,0.438591840176981,
0.587088228010958,0.734929532031078,0.767470317004351,0.876953499448478,
1.02558228205513,1.17387402601175,1.32115141353725,1.4659551302891,1.53461940835125),
 .UNSPECIFIED.);
#440=B_SPLINE_CURVE_WITH_KNOTS('',3,(#3629,#3630,#3631,#3632,#3633,#3634,
#3635,#3636,#3637,#3638,#3639,#3640,#3641,#3642,#3643,#3644,#3645,#3646,
#3647,#3648,#3649,#3650,#3651,#3652,#3653,#3654,#3655,#3656,#3657,#3658,
#3659,#3660,#3661,#3662,#3663,#3664,#3665),.UNSPECIFIED.,.F.,.F.,(4,3,3,
3,3,3,3,3,3,3,3,3,4),(0.,0.144652167806828,0.29201217115616,0.435325539172797,
0.583859455694632,0.731744758566025,0.761755139116029,0.87042521517741,
1.01909101379026,1.1674185978822,1.31473191966095,1.45959600261374,1.52319824624289),
 .UNSPECIFIED.);
#441=B_SPLINE_CURVE_WITH_KNOTS('',3,(#3667,#3668,#3669,#3670,#3671,#3672,
#3673,#3674,#3675,#3676,#3677,#3678,#3679,#3680,#3681,#3682,#3683,#3684,
#3685,#3686,#3687,#3688,#3689,#3690,#3691,#3692,#3693,#3694,#3695,#3696,
#3697,#3698,#3699,#3700,#3701,#3702,#3703),.UNSPECIFIED.,.F.,.F.,(4,3,3,
3,3,3,3,3,3,3,3,3,4),(0.,0.144647674509785,0.292004842034039,0.435479245221786,
0.584011455991591,0.731894658366107,0.762024084532486,0.870732424833012,
1.01939649030313,1.16772240994531,1.31503406770274,1.45989529575746,1.52373570878483),
 .UNSPECIFIED.);
#442=B_SPLINE_CURVE_WITH_KNOTS('',3,(#3705,#3706,#3707,#3708,#3709,#3710,
#3711,#3712,#3713,#3714,#3715,#3716,#3717,#3718,#3719,#3720,#3721,#3722,
#3723,#3724,#3725,#3726,#3727,#3728,#3729,#3730,#3731,#3732,#3733,#3734,
#3735,#3736,#3737,#3738,#3739,#3740,#3741),.UNSPECIFIED.,.F.,.F.,(4,3,3,
3,3,3,3,3,3,3,3,3,4),(0.,0.144136316634007,0.291259986433105,0.439423157517555,
0.587945309583887,0.65354175817658,0.762308678079693,0.910386103118267,
1.05914126340085,1.08884604880376,1.23677014470885,1.3823030154857,1.52430444220332),
 .UNSPECIFIED.);
#443=B_SPLINE_CURVE_WITH_KNOTS('',3,(#3743,#3744,#3745,#3746,#3747,#3748,
#3749,#3750,#3751,#3752,#3753,#3754,#3755,#3756,#3757,#3758,#3759,#3760,
#3761,#3762,#3763,#3764,#3765,#3766,#3767,#3768,#3769,#3770,#3771,#3772,
#3773,#3774,#3775,#3776,#3777,#3778,#3779),.UNSPECIFIED.,.F.,.F.,(4,3,3,
3,3,3,3,3,3,3,3,3,4),(0.,0.14463787981006,0.291988940277924,0.435813521511414,
0.584342080131654,0.732220690581404,0.762608980754563,0.871400536890624,
1.02006083773607,1.1683831520389,1.31569121135926,1.46054621507108,1.52490456831544),
 .UNSPECIFIED.);
#444=B_SPLINE_CURVE_WITH_KNOTS('',3,(#3781,#3782,#3783,#3784,#3785,#3786,
#3787,#3788,#3789,#3790,#3791,#3792,#3793,#3794,#3795,#3796,#3797,#3798,
#3799,#3800,#3801,#3802,#3803,#3804,#3805,#3806,#3807,#3808,#3809,#3810,
#3811,#3812,#3813,#3814,#3815,#3816,#3817),.UNSPECIFIED.,.F.,.F.,(4,3,3,
3,3,3,3,3,3,3,3,3,4),(0.,0.144632643976288,0.291980200923962,0.435994163479109,
0.584520584889598,0.732396794227863,0.762925057072347,0.871761582624459,
1.02041983269476,1.1687401477796,1.31604619622102,1.46089788139194,1.52553621596452),
 .UNSPECIFIED.);
#445=B_SPLINE_CURVE_WITH_KNOTS('',3,(#3819,#3820,#3821,#3822,#3823,#3824,
#3825,#3826,#3827,#3828,#3829,#3830,#3831,#3832,#3833,#3834,#3835,#3836,
#3837,#3838,#3839,#3840,#3841,#3842,#3843,#3844,#3845,#3846,#3847,#3848,
#3849,#3850,#3851,#3852,#3853,#3854,#3855),.UNSPECIFIED.,.F.,.F.,(4,3,3,
3,3,3,3,3,3,3,3,3,4),(0.,0.144627159145401,0.291970983615682,0.436183859187666,
0.58470799671142,0.732581706074421,0.763256975107034,0.872140723791964,
1.02079681624335,1.1691150187541,1.31641893866217,1.4612671498395,1.52619952110061),
 .UNSPECIFIED.);
#446=B_SPLINE_CURVE_WITH_KNOTS('',3,(#3857,#3858,#3859,#3860,#3861,#3862,
#3863,#3864,#3865,#3866,#3867,#3868,#3869,#3870,#3871,#3872,#3873,#3874,
#3875,#3876,#3877,#3878,#3879,#3880,#3881,#3882,#3883,#3884,#3885,#3886,
#3887,#3888,#3889,#3890,#3891,#3892,#3893),.UNSPECIFIED.,.F.,.F.,(4,3,3,
3,3,3,3,3,3,3,3,3,4),(0.,0.144621375779822,0.291961403920601,0.436382649600189,
0.584904486505212,0.732775528691102,0.763604806538454,0.872538042249556,
1.02119188196321,1.16950789907884,1.31680962579283,1.46165416979977,1.52689462687452),
 .UNSPECIFIED.);
#447=B_SPLINE_CURVE_WITH_KNOTS('',3,(#3895,#3896,#3897,#3898,#3899,#3900,
#3901,#3902,#3903,#3904,#3905,#3906,#3907,#3908,#3909,#3910,#3911,#3912,
#3913,#3914,#3915,#3916,#3917,#3918,#3919,#3920,#3921,#3922,#3923,#3924,
#3925,#3926,#3927,#3928,#3929,#3930,#3931),.UNSPECIFIED.,.F.,.F.,(4,3,3,
3,3,3,3,3,3,3,3,3,4),(0.,0.144106719078544,0.29121011661137,0.439357313649448,
0.587869290585174,0.654965385042918,0.763968626698035,0.912032951923394,
1.06077784704876,1.09121613845949,1.23912620235906,1.38463813702896,1.52762168372919),
 .UNSPECIFIED.);
#448=B_SPLINE_CURVE_WITH_KNOTS('',3,(#3932,#3933,#3934,#3935,#3936,#3937),
 .UNSPECIFIED.,.F.,.F.,(4,2,4),(0.,0.764348514619832,0.782371021566932),
 .UNSPECIFIED.);
#449=B_SPLINE_CURVE_WITH_KNOTS('',3,(#3939,#3940,#3941,#3942),
 .UNSPECIFIED.,.F.,.F.,(4,4),(1.38316651007249,1.52314683054633),
 .UNSPECIFIED.);
#450=B_SPLINE_CURVE_WITH_KNOTS('',3,(#3944,#3945,#3946,#3947,#3948,#3949,
#3950,#3951,#3952,#3953,#3954,#3955,#3956,#3957,#3958,#3959,#3960,#3961,
#3962,#3963,#3964,#3965,#3966,#3967,#3968,#3969,#3970,#3971,#3972,#3973,
#3974,#3975,#3976,#3977,#3978,#3979,#3980,#3981,#3982,#3983),
 .UNSPECIFIED.,.F.,.F.,(4,3,3,3,3,3,3,3,3,3,3,3,3,4),(0.,0.135469949091401,
0.272758231035618,0.411935017192659,0.435043798615643,0.575437390680133,
0.715904460614945,0.761298840518611,0.869976741791775,1.03320306792799,
1.19093156550229,1.34799274773282,1.5030293502128,1.52288204633665),
 .UNSPECIFIED.);
#451=B_SPLINE_CURVE_WITH_KNOTS('',3,(#3985,#3986,#3987,#3988,#3989,#3990,
#3991,#3992,#3993,#3994,#3995,#3996,#3997,#3998,#3999,#4000,#4001,#4002,
#4003,#4004,#4005,#4006,#4007,#4008,#4009,#4010,#4011,#4012,#4013,#4014,
#4015,#4016,#4017,#4018,#4019,#4020,#4021,#4022,#4023,#4024),
 .UNSPECIFIED.,.F.,.F.,(4,3,3,3,3,3,3,3,3,3,3,3,3,4),(0.,0.134323425472822,
0.271977283739069,0.410966932705988,0.551077067025683,0.676251375226919,
0.788836877962845,0.941376760163088,1.09425028888082,1.12655843743897,1.1828099370582,
1.3393552307113,1.49471088643675,1.5766219103067),.UNSPECIFIED.);
#452=B_SPLINE_CURVE_WITH_KNOTS('',3,(#4026,#4027,#4028,#4029,#4030,#4031,
#4032,#4033,#4034,#4035,#4036,#4037,#4038,#4039,#4040,#4041,#4042,#4043,
#4044,#4045,#4046,#4047,#4048,#4049,#4050,#4051,#4052,#4053,#4054,#4055,
#4056,#4057,#4058,#4059,#4060,#4061,#4062,#4063,#4064,#4065),
 .UNSPECIFIED.,.F.,.F.,(4,3,3,3,3,3,3,3,3,3,3,3,3,4),(0.,0.135366729956003,
0.2725597189048,0.411665350191927,0.438297142314222,0.578645872331197,0.719067084001939,
0.766991942408277,0.876481805854004,1.04093045827006,1.1986865474169,1.35576872373755,
1.51080083489959,1.53427641551823),.UNSPECIFIED.);
#453=B_SPLINE_CURVE_WITH_KNOTS('',3,(#4067,#4068,#4069,#4070,#4071,#4072,
#4073,#4074,#4075,#4076,#4077,#4078,#4079,#4080,#4081,#4082,#4083,#4084,
#4085,#4086,#4087,#4088,#4089,#4090,#4091,#4092,#4093,#4094,#4095,#4096,
#4097,#4098,#4099,#4100,#4101,#4102,#4103),.UNSPECIFIED.,.F.,.F.,(4,3,3,
3,3,3,3,3,3,3,3,3,4),(0.,0.13475760890436,0.272743823036222,0.412024388952649,
0.552332795633097,0.657096509420953,0.766498226076215,0.922072392695466,
1.07941612979731,1.09510425973158,1.25272965095641,1.40847361925733,1.53328826821007),
 .UNSPECIFIED.);
#454=B_SPLINE_CURVE_WITH_KNOTS('',3,(#4105,#4106,#4107,#4108,#4109,#4110,
#4111,#4112,#4113,#4114,#4115,#4116,#4117,#4118,#4119,#4120,#4121,#4122,
#4123,#4124,#4125,#4126,#4127,#4128,#4129,#4130,#4131,#4132,#4133,#4134,
#4135,#4136,#4137,#4138,#4139,#4140,#4141),.UNSPECIFIED.,.F.,.F.,(4,3,3,
3,3,3,3,3,3,3,3,3,4),(0.,0.134767120913632,0.272760641246195,0.412047434039219,
0.552359740797027,0.65668747125497,0.766021197127669,0.921594785535087,
1.0789366610338,1.09442250364437,1.25204624563335,1.40779131161647,1.53233352100438),
 .UNSPECIFIED.);
#455=B_SPLINE_CURVE_WITH_KNOTS('',3,(#4143,#4144,#4145,#4146,#4147,#4148,
#4149,#4150,#4151,#4152,#4153,#4154,#4155,#4156,#4157,#4158,#4159,#4160,
#4161,#4162,#4163,#4164,#4165,#4166,#4167,#4168,#4169,#4170,#4171,#4172,
#4173,#4174,#4175,#4176,#4177,#4178,#4179),.UNSPECIFIED.,.F.,.F.,(4,3,3,
3,3,3,3,3,3,3,3,3,4),(0.,0.134775982319387,0.272776272955921,0.412069043162951,
0.552385597042609,0.656292651148172,0.76556074944552,0.921134831638598,
1.07847522265293,1.09376444556293,1.25138605708367,1.40713115244822,1.53141196139101),
 .UNSPECIFIED.);
#456=B_SPLINE_CURVE_WITH_KNOTS('',3,(#4181,#4182,#4183,#4184,#4185,#4186,
#4187,#4188,#4189,#4190,#4191,#4192,#4193,#4194,#4195,#4196,#4197,#4198,
#4199,#4200,#4201,#4202,#4203,#4204,#4205,#4206,#4207,#4208,#4209,#4210,
#4211,#4212,#4213,#4214,#4215,#4216,#4217),.UNSPECIFIED.,.F.,.F.,(4,3,3,
3,3,3,3,3,3,3,3,3,4),(0.,0.134784346237106,0.272791000789306,0.412089512251763,
0.552410437730394,0.655911961624514,0.765116781027544,0.920691935685422,
1.07803108264904,1.09312993965155,1.25074917870049,1.40649366391333,1.53052338510127),
 .UNSPECIFIED.);
#457=B_SPLINE_CURVE_WITH_KNOTS('',3,(#4219,#4220,#4221,#4222,#4223,#4224,
#4225,#4226,#4227,#4228,#4229,#4230,#4231,#4232,#4233,#4234,#4235,#4236,
#4237,#4238,#4239,#4240,#4241,#4242,#4243,#4244,#4245,#4246,#4247,#4248,
#4249,#4250,#4251,#4252,#4253,#4254,#4255),.UNSPECIFIED.,.F.,.F.,(4,3,3,
3,3,3,3,3,3,3,3,3,4),(0.,0.134792515699571,0.272805397821929,0.412109448581033,
0.552434414984489,0.655545318675725,0.76468919391502,0.920264999984778,
1.07760283474089,1.09251884585582,1.25013597906506,1.40588021226281,1.52966759596427),
 .UNSPECIFIED.);
#458=B_SPLINE_CURVE_WITH_KNOTS('',3,(#4257,#4258,#4259,#4260,#4261,#4262,
#4263,#4264,#4265,#4266,#4267,#4268,#4269,#4270,#4271,#4272,#4273,#4274,
#4275,#4276,#4277,#4278,#4279,#4280,#4281,#4282,#4283,#4284,#4285,#4286,
#4287,#4288,#4289,#4290,#4291,#4292,#4293,#4294,#4295,#4296),
 .UNSPECIFIED.,.F.,.F.,(4,3,3,3,3,3,3,3,3,3,3,3,3,4),(0.,0.135416139063191,
0.272654593939556,0.411794023684908,0.436746190179428,0.577116105740925,
0.717559076623864,0.764277894126051,0.873380674998381,1.03724660769225,
1.19498956961587,1.35206182765193,1.50709624471213,1.52884440577384),
 .UNSPECIFIED.);
#459=B_SPLINE_CURVE_WITH_KNOTS('',3,(#4297,#4298,#4299,#4300,#4301,#4302),
 .UNSPECIFIED.,.F.,.F.,(4,2,4),(0.,0.763882791591229,1.01732008857693),
 .UNSPECIFIED.);
#460=B_SPLINE_CURVE_WITH_KNOTS('',3,(#4309,#4310,#4311,#4312,#4313,#4314),
 .UNSPECIFIED.,.F.,.F.,(4,2,4),(0.427227594026803,0.762151480636485,1.52458853902106),
 .UNSPECIFIED.);
#461=B_SPLINE_CURVE_WITH_KNOTS('',3,(#4316,#4317,#4318,#4319,#4320,#4321,
#4322,#4323,#4324,#4325,#4326,#4327,#4328,#4329,#4330,#4331,#4332,#4333,
#4334,#4335,#4336,#4337,#4338,#4339,#4340,#4341,#4342,#4343,#4344,#4345,
#4346,#4347,#4348,#4349,#4350,#4351,#4352),.UNSPECIFIED.,.F.,.F.,(4,3,3,
3,3,3,3,3,3,3,3,3,4),(0.,0.134747242818272,0.272725453495114,0.411999326471095,
0.552303871390139,0.65753387754228,0.767008293860322,0.922583739762996,
1.07992970767138,1.09583323460028,1.25346000556547,1.40920195262566,1.53430914211208),
 .UNSPECIFIED.);
#462=B_SPLINE_CURVE_WITH_KNOTS('',3,(#4354,#4355,#4356,#4357,#4358,#4359,
#4360,#4361,#4362,#4363,#4364,#4365,#4366,#4367,#4368,#4369,#4370,#4371,
#4372,#4373,#4374,#4375,#4376,#4377,#4378,#4379,#4380,#4381,#4382,#4383,
#4384,#4385,#4386,#4387),.UNSPECIFIED.,.F.,.F.,(4,3,3,3,3,3,3,3,3,3,3,4),
(0.,0.134815269098272,0.272845526262427,0.412164882118037,0.552500671583772,
0.654533873023837,0.763509623043164,0.92717133318014,1.09083304331712,1.24844471127423,
1.40418895962347,1.52730676269705),.UNSPECIFIED.);
#463=B_SPLINE_CURVE_WITH_KNOTS('',3,(#4389,#4390,#4391,#4392,#4393,#4394,
#4395,#4396,#4397,#4398,#4399,#4400,#4401,#4402,#4403,#4404,#4405,#4406,
#4407,#4408,#4409,#4410,#4411,#4412,#4413,#4414,#4415,#4416,#4417,#4418,
#4419,#4420,#4421,#4422,#4423,#4424,#4425),.UNSPECIFIED.,.F.,.F.,(4,3,3,
3,3,3,3,3,3,3,3,3,4),(0.,0.134747450434408,0.272725830937661,0.411999811805906,
0.552304331408754,0.657527365016014,0.767000698818123,0.92257594509183,
1.07992181630593,1.0958223799698,1.25344922895943,1.40919141814123,1.53429394102391),
 .UNSPECIFIED.);
#464=B_SPLINE_CURVE_WITH_KNOTS('',3,(#4427,#4428,#4429,#4430,#4431,#4432,
#4433,#4434,#4435,#4436,#4437,#4438,#4439,#4440,#4441,#4442,#4443,#4444,
#4445,#4446,#4447,#4448,#4449,#4450,#4451,#4452,#4453,#4454,#4455,#4456,
#4457,#4458,#4459,#4460),.UNSPECIFIED.,.F.,.F.,(4,3,3,3,3,3,3,3,3,3,3,4),
(0.,0.134843534890762,0.272895443152977,0.412233614131769,0.552582106772642,
0.653293828453563,0.762063453738263,0.925414842895121,1.08876623205198,
1.24637181474693,1.40211744812717,1.52441235988097),.UNSPECIFIED.);
#465=B_SPLINE_CURVE_WITH_KNOTS('',3,(#4464,#4465,#4466,#4467,#4468,#4469,
#4470,#4471,#4472,#4473,#4474,#4475,#4476,#4477,#4478,#4479,#4480,#4481,
#4482,#4483,#4484,#4485,#4486,#4487,#4488,#4489,#4490,#4491,#4492,#4493,
#4494,#4495,#4496,#4497,#4498,#4499,#4500),.UNSPECIFIED.,.F.,.F.,(4,3,3,
3,3,3,3,3,3,3,3,3,4),(0.,0.144639352162622,0.291991072116615,0.435765459944525,
0.584294369018396,0.732173728134359,0.762524885555913,0.871304477115687,
1.01996530251771,1.16828808082617,1.31559658654957,1.46045253448197,1.52473651217515),
 .UNSPECIFIED.);
#466=B_SPLINE_CURVE_WITH_KNOTS('',3,(#4502,#4503,#4504,#4505,#4506,#4507,
#4508,#4509,#4510,#4511,#4512,#4513,#4514,#4515,#4516,#4517,#4518,#4519,
#4520,#4521,#4522,#4523,#4524,#4525,#4526,#4527,#4528,#4529,#4530,#4531,
#4532,#4533,#4534,#4535,#4536,#4537,#4538),.UNSPECIFIED.,.F.,.F.,(4,3,3,
3,3,3,3,3,3,3,3,3,4),(0.,0.14455689444017,0.291854745801267,0.438593857568087,
0.58709019377338,0.734931486233914,0.767473846917566,0.876957531553642,
1.02558628877099,1.17387800167473,1.3211553551461,1.46595904248006,1.5346264624392),
 .UNSPECIFIED.);
#467=B_SPLINE_CURVE_WITH_KNOTS('',3,(#4540,#4541,#4542,#4543,#4544,#4545,
#4546,#4547,#4548,#4549,#4550,#4551,#4552,#4553,#4554,#4555,#4556,#4557,
#4558,#4559,#4560,#4561,#4562,#4563,#4564,#4565,#4566,#4567,#4568,#4569,
#4570,#4571,#4572,#4573,#4574,#4575,#4576),.UNSPECIFIED.,.F.,.F.,(4,3,3,
3,3,3,3,3,3,3,3,3,4),(0.,0.144615274396782,0.291951102366934,0.436593913527745,
0.585113182835899,0.732981458831408,0.76397446341174,0.872960291139869,
1.02161172482534,1.16992537876404,1.31722472209638,1.46206540381594,1.52763334778978),
 .UNSPECIFIED.);
#468=B_SPLINE_CURVE_WITH_KNOTS('',3,(#4578,#4579,#4580,#4581,#4582,#4583,
#4584,#4585,#4586,#4587,#4588,#4589,#4590,#4591,#4592,#4593,#4594,#4595,
#4596,#4597,#4598,#4599,#4600,#4601,#4602,#4603,#4604,#4605,#4606,#4607,
#4608,#4609,#4610,#4611,#4612,#4613,#4614),.UNSPECIFIED.,.F.,.F.,(4,3,3,
3,3,3,3,3,3,3,3,3,4),(0.,0.144556787463304,0.291854484720495,0.438598208632665,
0.587094442119937,0.734935705759839,0.767481460156624,0.876966227909196,
1.02559493098405,1.17388657929476,1.32116386258261,1.46596748427729,1.5346416765404),
 .UNSPECIFIED.);
#469=B_SPLINE_CURVE_WITH_KNOTS('',3,(#4616,#4617,#4618,#4619,#4620,#4621),
 .UNSPECIFIED.,.F.,.F.,(4,2,4),(0.,0.76261311938073,1.36938184351277),
 .UNSPECIFIED.);
#470=B_SPLINE_CURVE_WITH_KNOTS('',3,(#4625,#4626,#4627,#4628,#4629,#4630),
 .UNSPECIFIED.,.F.,.F.,(4,2,4),(0.7337861019107,0.766025782802233,1.53234269897422),
 .UNSPECIFIED.);
#471=B_SPLINE_CURVE_WITH_KNOTS('',3,(#4632,#4633,#4634,#4635,#4636,#4637,
#4638,#4639,#4640,#4641,#4642,#4643,#4644,#4645,#4646,#4647,#4648,#4649,
#4650,#4651,#4652,#4653,#4654,#4655,#4656,#4657,#4658,#4659,#4660,#4661,
#4662,#4663,#4664,#4665,#4666,#4667,#4668,#4669,#4670,#4671),
 .UNSPECIFIED.,.F.,.F.,(4,3,3,3,3,3,3,3,3,3,3,3,3,4),(0.,0.13540104862515,
0.272625424930553,0.411754210015081,0.437227861851035,0.577590992734001,
0.718027120236031,0.765120782716561,0.874343778050482,1.03839068209751,
1.19613763643995,1.3532129649202,1.50824672007466,1.53053139423859),
 .UNSPECIFIED.);
#472=B_SPLINE_CURVE_WITH_KNOTS('',3,(#4673,#4674,#4675,#4676,#4677,#4678,
#4679,#4680,#4681,#4682,#4683,#4684,#4685,#4686,#4687,#4688,#4689,#4690,
#4691,#4692,#4693,#4694,#4695,#4696,#4697,#4698,#4699,#4700,#4701,#4702,
#4703,#4704,#4705,#4706,#4707,#4708,#4709,#4710,#4711,#4712),
 .UNSPECIFIED.,.F.,.F.,(4,3,3,3,3,3,3,3,3,3,3,3,3,4),(0.,0.135416270805881,
0.27265469806989,0.411793971693048,0.436748177456037,0.577117916163551,
0.717560800267272,0.764281371707736,0.873384648560016,1.03725132790184,
1.19499422574987,1.35206647153502,1.50710090452335,1.52885136592733),
 .UNSPECIFIED.);
#473=B_SPLINE_CURVE_WITH_KNOTS('',3,(#4714,#4715,#4716,#4717,#4718,#4719,
#4720,#4721,#4722,#4723,#4724,#4725,#4726,#4727,#4728,#4729,#4730,#4731,
#4732,#4733,#4734,#4735,#4736,#4737,#4738,#4739,#4740,#4741,#4742,#4743,
#4744,#4745,#4746,#4747),.UNSPECIFIED.,.F.,.F.,(4,3,3,3,3,3,3,3,3,3,3,4),
(0.,0.134815439790884,0.272845849095802,0.412165258941318,0.552500892656437,
0.654531459462406,0.763506808292038,0.927167914433381,1.09082902057472,
1.24844088868653,1.40418559571007,1.52730112916685),.UNSPECIFIED.);
#474=B_SPLINE_CURVE_WITH_KNOTS('',3,(#4749,#4750,#4751,#4752,#4753,#4754,
#4755,#4756,#4757,#4758,#4759,#4760,#4761,#4762,#4763,#4764,#4765,#4766,
#4767,#4768,#4769,#4770,#4771,#4772,#4773,#4774,#4775,#4776,#4777,#4778,
#4779,#4780,#4781,#4782,#4783,#4784,#4785,#4786,#4787,#4788),
 .UNSPECIFIED.,.F.,.F.,(4,3,3,3,3,3,3,3,3,3,3,3,3,4),(0.,0.135442909622407,
0.272706146498055,0.411864145421458,0.435899592204902,0.576281261641771,
0.716736202785678,0.762796412850225,0.871687901590877,1.03523575693794,
1.19297155163302,1.35003833200083,1.50507387597717,1.52587932297911),
 .UNSPECIFIED.);
#475=B_SPLINE_CURVE_WITH_KNOTS('',3,(#4790,#4791,#4792,#4793,#4794,#4795,
#4796,#4797,#4798,#4799,#4800,#4801,#4802,#4803,#4804,#4805,#4806,#4807,
#4808,#4809,#4810,#4811,#4812,#4813,#4814,#4815,#4816,#4817,#4818,#4819,
#4820,#4821,#4822,#4823,#4824,#4825,#4826,#4827,#4828,#4829),
 .UNSPECIFIED.,.F.,.F.,(4,3,3,3,3,3,3,3,3,3,3,3,3,4),(0.,0.135454639429706,
0.272728702148634,0.41189478627659,0.435529948951199,0.575916724870658,
0.716376885604768,0.762149565788849,0.870948799651701,1.03435777638848,
1.19209040516312,1.34915476878225,1.50419078475501,1.52458470659882),
 .UNSPECIFIED.);
#476=B_SPLINE_CURVE_WITH_KNOTS('',3,(#4831,#4832,#4833,#4834,#4835,#4836,
#4837,#4838,#4839,#4840,#4841,#4842,#4843,#4844,#4845,#4846,#4847,#4848,
#4849,#4850,#4851,#4852,#4853,#4854,#4855,#4856,#4857,#4858,#4859,#4860,
#4861,#4862,#4863,#4864),.UNSPECIFIED.,.F.,.F.,(4,3,3,3,3,3,3,3,3,3,3,4),
(0.,0.134853229372991,0.272912556773325,0.412257197492464,0.552610118098937,
0.652867025623685,0.761565705881298,0.924810288219261,1.08805487055722,
1.24565828098846,1.40140423618588,1.52341615614806),.UNSPECIFIED.);
#477=B_SPLINE_CURVE_WITH_KNOTS('',3,(#4866,#4867,#4868,#4869,#4870,#4871,
#4872,#4873,#4874,#4875,#4876,#4877,#4878,#4879,#4880,#4881,#4882,#4883,
#4884,#4885,#4886,#4887,#4888,#4889,#4890,#4891,#4892,#4893,#4894,#4895,
#4896,#4897,#4898,#4899,#4900,#4901,#4902),.UNSPECIFIED.,.F.,.F.,(4,3,3,
3,3,3,3,3,3,3,3,3,4),(0.,0.134747397130148,0.272725737513606,0.411999680968699,
0.552304169295616,0.657529863635742,0.767003612759884,0.922578846132749,
1.07992472320208,1.0958265444971,1.25345341217211,1.40919561258629,1.53429977312908),
 .UNSPECIFIED.);
#478=B_SPLINE_CURVE_WITH_KNOTS('',3,(#4904,#4905,#4906,#4907,#4908,#4909,
#4910,#4911,#4912,#4913,#4914,#4915,#4916,#4917,#4918,#4919,#4920,#4921,
#4922,#4923,#4924,#4925,#4926,#4927,#4928,#4929,#4930,#4931,#4932,#4933,
#4934,#4935,#4936,#4937,#4938,#4939,#4940),.UNSPECIFIED.,.F.,.F.,(4,3,3,
3,3,3,3,3,3,3,3,3,4),(0.,0.134783885586453,0.272790138025472,0.412088498112355,
0.552409804469966,0.655919235140693,0.765125263561748,0.920701411888051,
1.07804092451559,1.09314206262214,1.25076080799201,1.40650417551431,1.53054036237782),
 .UNSPECIFIED.);
#479=B_SPLINE_CURVE_WITH_KNOTS('',3,(#4942,#4943,#4944,#4945,#4946,#4947,
#4948,#4949,#4950,#4951,#4952,#4953,#4954,#4955,#4956,#4957,#4958,#4959,
#4960,#4961,#4962,#4963,#4964,#4965,#4966,#4967,#4968,#4969,#4970,#4971,
#4972,#4973,#4974,#4975),.UNSPECIFIED.,.F.,.F.,(4,3,3,3,3,3,3,3,3,3,3,4),
(0.,0.134815294606757,0.272845576851537,0.412164934768282,0.552500677037453,
0.654534032288975,0.763509808781887,0.927171558775112,1.09083330876834,
1.2484450312818,1.40418939598285,1.52730713444034),.UNSPECIFIED.);
#480=B_SPLINE_CURVE_WITH_KNOTS('',3,(#4976,#4977,#4978,#4979),
 .UNSPECIFIED.,.F.,.F.,(4,4),(0.,0.427227594026803),.UNSPECIFIED.);
#481=B_SPLINE_CURVE_WITH_KNOTS('',3,(#4998,#4999,#5000,#5001),
 .UNSPECIFIED.,.F.,.F.,(4,4),(0.0793995643612062,0.172410546538427),
 .UNSPECIFIED.);
#482=B_SPLINE_CURVE_WITH_KNOTS('',3,(#5003,#5004,#5005,#5006,#5007,#5008,
#5009),.UNSPECIFIED.,.F.,.F.,(4,3,4),(0.,0.0544364668456973,0.0733263747684275),
 .UNSPECIFIED.);
#483=B_SPLINE_CURVE_WITH_KNOTS('',3,(#5010,#5011,#5012,#5013),
 .UNSPECIFIED.,.F.,.F.,(4,4),(-0.301099184323179,-0.243690122635726),
 .UNSPECIFIED.);
#484=B_SPLINE_CURVE_WITH_KNOTS('',3,(#5040,#5041,#5042,#5043,#5044,#5045,
#5046,#5047,#5048,#5049,#5050,#5051,#5052,#5053,#5054,#5055,#5056,#5057,
#5058,#5059,#5060,#5061,#5062,#5063,#5064,#5065,#5066,#5067,#5068,#5069,
#5070,#5071,#5072,#5073,#5074,#5075,#5076),.UNSPECIFIED.,.F.,.F.,(4,3,3,
3,3,3,3,3,3,3,3,3,4),(0.,0.144598291013943,0.291919583039562,0.436700828604714,
0.585205950197333,0.733057517238885,0.764161083507837,0.873173232783059,
1.02179992874841,1.1700878889927,1.31736125043093,1.46217367523587,1.52800251444874),
 .UNSPECIFIED.);
#485=B_SPLINE_CURVE_WITH_KNOTS('',3,(#5078,#5079,#5080,#5081),
 .UNSPECIFIED.,.F.,.F.,(4,4),(-11.3,0.),.UNSPECIFIED.);
#486=B_SPLINE_CURVE_WITH_KNOTS('',3,(#5083,#5084,#5085,#5086,#5087,#5088),
 .UNSPECIFIED.,.F.,.F.,(4,1,1,4),(4.3312330758878,4.51432753260493,4.69742198932205,
4.97206367439773),.UNSPECIFIED.);
#487=B_SPLINE_CURVE_WITH_KNOTS('',3,(#5089,#5090,#5091,#5092),
 .UNSPECIFIED.,.F.,.F.,(4,4),(0.,11.3),.UNSPECIFIED.);
#488=B_SPLINE_CURVE_WITH_KNOTS('',3,(#5117,#5118,#5119,#5120),
 .UNSPECIFIED.,.F.,.F.,(4,4),(0.2507583278422,0.387107265125097),
 .UNSPECIFIED.);
#489=B_SPLINE_CURVE_WITH_KNOTS('',3,(#5122,#5123,#5124,#5125),
 .UNSPECIFIED.,.F.,.F.,(4,4),(-11.3,0.),.UNSPECIFIED.);
#490=B_SPLINE_CURVE_WITH_KNOTS('',3,(#5126,#5127,#5128,#5129,#5130,#5131),
 .UNSPECIFIED.,.F.,.F.,(4,1,1,4),(3.69055940219776,3.96513383377921,4.14818345483351,
4.3312330758878),.UNSPECIFIED.);
#491=B_SPLINE_CURVE_WITH_KNOTS('',3,(#5157,#5158,#5159,#5160),
 .UNSPECIFIED.,.F.,.F.,(4,4),(-11.3,0.),.UNSPECIFIED.);
#492=B_SPLINE_CURVE_WITH_KNOTS('',3,(#5161,#5162,#5163,#5164,#5165,#5166),
 .UNSPECIFIED.,.F.,.F.,(4,1,1,4),(3.05003930202869,3.32454791638686,3.50755365929231,
3.69055940219776),.UNSPECIFIED.);
#493=B_SPLINE_CURVE_WITH_KNOTS('',3,(#5192,#5193,#5194,#5195),
 .UNSPECIFIED.,.F.,.F.,(4,4),(-11.3,0.),.UNSPECIFIED.);
#494=B_SPLINE_CURVE_WITH_KNOTS('',3,(#5196,#5197,#5198,#5199,#5200,#5201),
 .UNSPECIFIED.,.F.,.F.,(4,1,1,4),(2.40966943236527,2.68411366222102,2.86707648212486,
3.05003930202869),.UNSPECIFIED.);
#495=B_SPLINE_CURVE_WITH_KNOTS('',3,(#5227,#5228,#5229,#5230),
 .UNSPECIFIED.,.F.,.F.,(4,4),(-11.3,0.),.UNSPECIFIED.);
#496=B_SPLINE_CURVE_WITH_KNOTS('',3,(#5231,#5232,#5233,#5234,#5235,#5236),
 .UNSPECIFIED.,.F.,.F.,(4,1,1,4),(1.76944645828237,2.04382773288933,2.2267485826273,
2.40966943236527),.UNSPECIFIED.);
#497=B_SPLINE_CURVE_WITH_KNOTS('',3,(#5262,#5263,#5264,#5265),
 .UNSPECIFIED.,.F.,.F.,(4,4),(-11.3,0.),.UNSPECIFIED.);
#498=B_SPLINE_CURVE_WITH_KNOTS('',3,(#5266,#5267,#5268,#5269,#5270,#5271),
 .UNSPECIFIED.,.F.,.F.,(4,1,1,4),(1.12936705275307,1.40368679797991,1.58656662813114,
1.76944645828237),.UNSPECIFIED.);
#499=B_SPLINE_CURVE_WITH_KNOTS('',3,(#5297,#5298,#5299,#5300),
 .UNSPECIFIED.,.F.,.F.,(4,4),(-11.3,0.),.UNSPECIFIED.);
#500=B_SPLINE_CURVE_WITH_KNOTS('',3,(#5301,#5302,#5303,#5304,#5305,#5306),
 .UNSPECIFIED.,.F.,.F.,(4,1,1,4),(0.489427896457973,0.763687534870158,0.946527293811615,
1.12936705275307),.UNSPECIFIED.);
#501=B_SPLINE_CURVE_WITH_KNOTS('',3,(#5329,#5330,#5331,#5332,#5333),
 .UNSPECIFIED.,.F.,.F.,(4,1,4),(0.,0.209754812767703,0.489427896457973),
 .UNSPECIFIED.);
#502=B_SPLINE_CURVE_WITH_KNOTS('',3,(#5351,#5352,#5353,#5354),
 .UNSPECIFIED.,.F.,.F.,(4,4),(0.,11.3),.UNSPECIFIED.);
#503=B_SPLINE_CURVE_WITH_KNOTS('',3,(#5355,#5356,#5357,#5358),
 .UNSPECIFIED.,.F.,.F.,(4,4),(4.97206367439773,5.12243799680199),
 .UNSPECIFIED.);
#504=B_SPLINE_CURVE_WITH_KNOTS('',3,(#5384,#5385,#5386,#5387),
 .UNSPECIFIED.,.F.,.F.,(4,4),(0.,11.3),.UNSPECIFIED.);
#505=B_SPLINE_CURVE_WITH_KNOTS('',3,(#5388,#5389,#5390,#5391,#5392,#5393),
 .UNSPECIFIED.,.F.,.F.,(4,1,1,4),(5.12243799680199,5.39658167647376,5.57934412958828,
5.7621065827028),.UNSPECIFIED.);
#506=B_SPLINE_CURVE_WITH_KNOTS('',3,(#5419,#5420,#5421,#5422),
 .UNSPECIFIED.,.F.,.F.,(4,4),(0.,11.3),.UNSPECIFIED.);
#507=B_SPLINE_CURVE_WITH_KNOTS('',3,(#5423,#5424,#5425,#5426,#5427,#5428),
 .UNSPECIFIED.,.F.,.F.,(4,1,1,4),(5.7621065827028,6.03619440424619,6.21891961860845,
6.40164483297072),.UNSPECIFIED.);
#508=B_SPLINE_CURVE_WITH_KNOTS('',3,(#5454,#5455,#5456,#5457),
 .UNSPECIFIED.,.F.,.F.,(4,4),(0.,11.3),.UNSPECIFIED.);
#509=B_SPLINE_CURVE_WITH_KNOTS('',3,(#5458,#5459,#5460,#5461,#5462,#5463),
 .UNSPECIFIED.,.F.,.F.,(4,1,1,4),(6.40164483297072,6.67567820654491,6.85836712226105,
7.04105603797718),.UNSPECIFIED.);
#510=B_SPLINE_CURVE_WITH_KNOTS('',3,(#5489,#5490,#5491,#5492),
 .UNSPECIFIED.,.F.,.F.,(4,4),(0.,11.3),.UNSPECIFIED.);
#511=B_SPLINE_CURVE_WITH_KNOTS('',3,(#5493,#5494,#5495,#5496,#5497,#5498),
 .UNSPECIFIED.,.F.,.F.,(4,1,1,4),(7.04105603797718,7.3150363708389,7.49768992608005,
7.6803434813212),.UNSPECIFIED.);
#512=B_SPLINE_CURVE_WITH_KNOTS('',3,(#5524,#5525,#5526,#5527),
 .UNSPECIFIED.,.F.,.F.,(4,4),(0.,11.3),.UNSPECIFIED.);
#513=B_SPLINE_CURVE_WITH_KNOTS('',3,(#5528,#5529,#5530,#5531,#5532,#5533),
 .UNSPECIFIED.,.F.,.F.,(4,1,1,4),(7.6803434813212,7.95427217790336,8.13689130895814,
8.31951044001292),.UNSPECIFIED.);
#514=B_SPLINE_CURVE_WITH_KNOTS('',3,(#5559,#5560,#5561,#5562),
 .UNSPECIFIED.,.F.,.F.,(4,4),(0.,11.3),.UNSPECIFIED.);
#515=B_SPLINE_CURVE_WITH_KNOTS('',3,(#5563,#5564,#5565,#5566,#5567,#5568),
 .UNSPECIFIED.,.F.,.F.,(4,1,1,4),(8.31951044001292,8.50209608133956,8.68468172266619,
8.95856018465614),.UNSPECIFIED.);
#516=B_SPLINE_CURVE_WITH_KNOTS('',3,(#5594,#5595,#5596,#5597),
 .UNSPECIFIED.,.F.,.F.,(4,4),(0.,11.3),.UNSPECIFIED.);
#517=B_SPLINE_CURVE_WITH_KNOTS('',3,(#5598,#5599,#5600,#5601,#5602,#5603),
 .UNSPECIFIED.,.F.,.F.,(4,1,1,4),(8.95856018465614,9.23238981107339,9.41494289535156,
9.59749597962973),.UNSPECIFIED.);
#518=B_SPLINE_CURVE_WITH_KNOTS('',3,(#5629,#5630,#5631,#5632),
 .UNSPECIFIED.,.F.,.F.,(4,4),(0.,11.3),.UNSPECIFIED.);
#519=B_SPLINE_CURVE_WITH_KNOTS('',3,(#5633,#5634,#5635,#5636,#5637,#5638),
 .UNSPECIFIED.,.F.,.F.,(4,1,1,4),(9.59749597962973,9.78001743781211,9.96253889599449,
10.2363210832681),.UNSPECIFIED.);
#520=B_SPLINE_CURVE_WITH_KNOTS('',3,(#5664,#5665,#5666,#5667),
 .UNSPECIFIED.,.F.,.F.,(4,4),(0.,11.3),.UNSPECIFIED.);
#521=B_SPLINE_CURVE_WITH_KNOTS('',3,(#5668,#5669,#5670,#5671,#5672,#5673),
 .UNSPECIFIED.,.F.,.F.,(4,1,1,4),(10.2363210832681,10.5199765134372,10.70908013355,
10.8981837536627),.UNSPECIFIED.);
#522=B_SPLINE_CURVE_WITH_KNOTS('',3,(#5699,#5700,#5701,#5702),
 .UNSPECIFIED.,.F.,.F.,(4,4),(0.,11.3),.UNSPECIFIED.);
#523=B_SPLINE_CURVE_WITH_KNOTS('',3,(#5703,#5704,#5705,#5706,#5707,#5708),
 .UNSPECIFIED.,.F.,.F.,(4,1,1,4),(10.8981837536627,11.0820661215872,11.2659484895117,
11.5417720413984),.UNSPECIFIED.);
#524=B_SPLINE_CURVE_WITH_KNOTS('',3,(#5734,#5735,#5736,#5737),
 .UNSPECIFIED.,.F.,.F.,(4,4),(0.,11.3),.UNSPECIFIED.);
#525=B_SPLINE_CURVE_WITH_KNOTS('',3,(#5738,#5739,#5740,#5741,#5742,#5743),
 .UNSPECIFIED.,.F.,.F.,(4,1,1,4),(11.5417720413984,11.8174185667153,12.0011829169265,
12.1849472671377),.UNSPECIFIED.);
#526=B_SPLINE_CURVE_WITH_KNOTS('',3,(#5769,#5770,#5771,#5772),
 .UNSPECIFIED.,.F.,.F.,(4,4),(0.,11.3),.UNSPECIFIED.);
#527=B_SPLINE_CURVE_WITH_KNOTS('',3,(#5773,#5774,#5775,#5776,#5777,#5778),
 .UNSPECIFIED.,.F.,.F.,(4,1,1,4),(12.1849472671377,12.4604227485166,12.6440730694359,
12.8277233903551),.UNSPECIFIED.);
#528=B_SPLINE_CURVE_WITH_KNOTS('',3,(#5804,#5805,#5806,#5807),
 .UNSPECIFIED.,.F.,.F.,(4,4),(0.,11.3),.UNSPECIFIED.);
#529=B_SPLINE_CURVE_WITH_KNOTS('',3,(#5808,#5809,#5810,#5811,#5812,#5813),
 .UNSPECIFIED.,.F.,.F.,(4,1,1,4),(12.8277233903551,13.1030337724592,13.2865740271953,
13.4701142819313),.UNSPECIFIED.);
#530=B_SPLINE_CURVE_WITH_KNOTS('',3,(#5839,#5840,#5841,#5842),
 .UNSPECIFIED.,.F.,.F.,(4,4),(0.,11.3),.UNSPECIFIED.);
#531=B_SPLINE_CURVE_WITH_KNOTS('',3,(#5843,#5844,#5845,#5846,#5847,#5848),
 .UNSPECIFIED.,.F.,.F.,(4,1,1,4),(13.4701142819313,13.7452654729269,13.9286996002572,
14.1121337275876),.UNSPECIFIED.);
#532=B_SPLINE_CURVE_WITH_KNOTS('',3,(#5874,#5875,#5876,#5877),
 .UNSPECIFIED.,.F.,.F.,(4,4),(0.,11.3),.UNSPECIFIED.);
#533=B_SPLINE_CURVE_WITH_KNOTS('',3,(#5878,#5879,#5880,#5881,#5882,#5883),
 .UNSPECIFIED.,.F.,.F.,(4,1,1,4),(14.1121337275876,14.3871316005904,14.5704635159257,
14.7537954312609),.UNSPECIFIED.);
#534=B_SPLINE_CURVE_WITH_KNOTS('',3,(#5909,#5910,#5911,#5912),
 .UNSPECIFIED.,.F.,.F.,(4,4),(0.,11.3),.UNSPECIFIED.);
#535=B_SPLINE_CURVE_WITH_KNOTS('',3,(#5913,#5914,#5915,#5916,#5917,#5918),
 .UNSPECIFIED.,.F.,.F.,(4,1,1,4),(14.7537954312609,14.9370290275932,15.1202626239255,
15.3951130184239),.UNSPECIFIED.);
#536=B_SPLINE_CURVE_WITH_KNOTS('',3,(#5944,#5945,#5946,#5947),
 .UNSPECIFIED.,.F.,.F.,(4,4),(0.,11.3),.UNSPECIFIED.);
#537=B_SPLINE_CURVE_WITH_KNOTS('',3,(#5948,#5949,#5950,#5951,#5952,#5953),
 .UNSPECIFIED.,.F.,.F.,(4,1,1,4),(15.3951130184239,15.57825216726,15.7613913160961,
16.0361000393502),.UNSPECIFIED.);
#538=B_SPLINE_CURVE_WITH_KNOTS('',3,(#5979,#5980,#5981,#5982),
 .UNSPECIFIED.,.F.,.F.,(4,4),(0.,11.3),.UNSPECIFIED.);
#539=B_SPLINE_CURVE_WITH_KNOTS('',3,(#5983,#5984,#5985,#5986,#5987,#5988),
 .UNSPECIFIED.,.F.,.F.,(4,1,1,4),(16.0361000393502,16.2191485916301,16.40219714391,
16.6767699723298),.UNSPECIFIED.);
#540=B_SPLINE_CURVE_WITH_KNOTS('',3,(#6014,#6015,#6016,#6017),
 .UNSPECIFIED.,.F.,.F.,(4,4),(0.,11.3),.UNSPECIFIED.);
#541=B_SPLINE_CURVE_WITH_KNOTS('',3,(#6018,#6019,#6020,#6021,#6022,#6023),
 .UNSPECIFIED.,.F.,.F.,(4,1,1,4),(16.6767699723298,16.9512126528321,17.1341744398336,
17.3171362268352),.UNSPECIFIED.);
#542=B_SPLINE_CURVE_WITH_KNOTS('',3,(#6049,#6050,#6051,#6052),
 .UNSPECIFIED.,.F.,.F.,(4,4),(0.,11.3),.UNSPECIFIED.);
#543=B_SPLINE_CURVE_WITH_KNOTS('',3,(#6053,#6054,#6055,#6056,#6057,#6058),
 .UNSPECIFIED.,.F.,.F.,(4,1,1,4),(17.3171362268352,17.5914544781809,17.7743333124114,
17.957212146642),.UNSPECIFIED.);
#544=B_SPLINE_CURVE_WITH_KNOTS('',3,(#6084,#6085,#6086,#6087),
 .UNSPECIFIED.,.F.,.F.,(4,4),(0.,11.3),.UNSPECIFIED.);
#545=B_SPLINE_CURVE_WITH_KNOTS('',3,(#6088,#6089,#6090,#6091,#6092,#6093),
 .UNSPECIFIED.,.F.,.F.,(4,1,1,4),(17.957212146642,18.2314116607548,18.41421133683,
18.5970110129053),.UNSPECIFIED.);
#546=B_SPLINE_CURVE_WITH_KNOTS('',3,(#6119,#6120,#6121,#6122),
 .UNSPECIFIED.,.F.,.F.,(4,4),(0.,11.3),.UNSPECIFIED.);
#547=B_SPLINE_CURVE_WITH_KNOTS('',3,(#6123,#6124,#6125,#6126,#6127,#6128),
 .UNSPECIFIED.,.F.,.F.,(4,1,1,4),(18.5970110129053,18.8710974561722,19.0538217516835,
19.2365460471948),.UNSPECIFIED.);
#548=B_SPLINE_CURVE_WITH_KNOTS('',3,(#6154,#6155,#6156,#6157),
 .UNSPECIFIED.,.F.,.F.,(4,4),(0.,11.3),.UNSPECIFIED.);
#549=B_SPLINE_CURVE_WITH_KNOTS('',3,(#6158,#6159,#6160,#6161,#6162,#6163),
 .UNSPECIFIED.,.F.,.F.,(4,1,1,4),(19.2365460471948,19.419198723565,19.6018513999351,
19.8758304144904),.UNSPECIFIED.);
#550=B_SPLINE_CURVE_WITH_KNOTS('',3,(#6189,#6190,#6191,#6192),
 .UNSPECIFIED.,.F.,.F.,(4,4),(0.,11.3),.UNSPECIFIED.);
#551=B_SPLINE_CURVE_WITH_KNOTS('',3,(#6193,#6194,#6195,#6196,#6197,#6198),
 .UNSPECIFIED.,.F.,.F.,(4,1,1,4),(19.8758304144904,20.1497076194834,20.332292422812,
20.5148772261407),.UNSPECIFIED.);
#552=B_SPLINE_CURVE_WITH_KNOTS('',3,(#6224,#6225,#6226,#6227),
 .UNSPECIFIED.,.F.,.F.,(4,4),(0.,11.3),.UNSPECIFIED.);
#553=B_SPLINE_CURVE_WITH_KNOTS('',3,(#6228,#6229,#6230,#6231,#6232,#6233),
 .UNSPECIFIED.,.F.,.F.,(4,1,1,4),(20.5148772261407,20.7886582189888,20.9711788808876,
21.1536995427864),.UNSPECIFIED.);
#554=B_SPLINE_CURVE_WITH_KNOTS('',3,(#6259,#6260,#6261,#6262),
 .UNSPECIFIED.,.F.,.F.,(4,4),(0.,11.3),.UNSPECIFIED.);
#555=B_SPLINE_CURVE_WITH_KNOTS('',3,(#6263,#6264,#6265,#6266,#6267,#6268),
 .UNSPECIFIED.,.F.,.F.,(4,1,1,4),(21.1536995427864,21.4295249717026,21.6134085909801,
21.7972922102576),.UNSPECIFIED.);
#556=B_SPLINE_CURVE_WITH_KNOTS('',3,(#6294,#6295,#6296,#6297,#6298,#6299),
 .UNSPECIFIED.,.F.,.F.,(4,2,4),(0.,0.766496599543369,1.07030904726467),
 .UNSPECIFIED.);
#557=B_SPLINE_CURVE_WITH_KNOTS('',3,(#6301,#6302,#6303,#6304),
 .UNSPECIFIED.,.F.,.F.,(4,4),(0.,11.3),.UNSPECIFIED.);
#558=B_SPLINE_CURVE_WITH_KNOTS('',3,(#6305,#6306,#6307,#6308,#6309,#6310),
 .UNSPECIFIED.,.F.,.F.,(4,1,1,4),(21.7972922102576,22.0727693358839,22.2564207529681,
22.4400721700522),.UNSPECIFIED.);
#559=B_SPLINE_CURVE_WITH_KNOTS('',3,(#6336,#6337,#6338,#6339,#6340,#6341,
#6342,#6343,#6344,#6345,#6346,#6347,#6348,#6349,#6350,#6351,#6352,#6353,
#6354,#6355,#6356,#6357,#6358,#6359,#6360,#6361,#6362,#6363,#6364,#6365,
#6366,#6367,#6368,#6369,#6370,#6371,#6372),.UNSPECIFIED.,.F.,.F.,(4,3,3,
3,3,3,3,3,3,3,3,3,4),(0.,0.144077745170853,0.291161355707179,0.439292964716427,
0.587795006503967,0.656355453581577,0.765589443172631,0.913640940196635,
1.06237586162128,1.09353034836147,1.2414267649588,1.38691823143842,1.53086070779094),
 .UNSPECIFIED.);
#560=B_SPLINE_CURVE_WITH_KNOTS('',3,(#6374,#6375,#6376,#6377),
 .UNSPECIFIED.,.F.,.F.,(4,4),(0.,11.3),.UNSPECIFIED.);
#561=B_SPLINE_CURVE_WITH_KNOTS('',3,(#6378,#6379,#6380,#6381,#6382,#6383),
 .UNSPECIFIED.,.F.,.F.,(4,1,1,4),(22.4400721700522,22.6235072539591,22.8069423378659,
23.0820949637262),.UNSPECIFIED.);
#562=B_SPLINE_CURVE_WITH_KNOTS('',3,(#6409,#6410,#6411,#6412,#6413,#6414,
#6415,#6416,#6417,#6418,#6419,#6420,#6421,#6422,#6423,#6424,#6425,#6426,
#6427,#6428,#6429,#6430,#6431,#6432,#6433,#6434,#6435,#6436,#6437,#6438,
#6439,#6440,#6441,#6442,#6443,#6444,#6445),.UNSPECIFIED.,.F.,.F.,(4,3,3,
3,3,3,3,3,3,3,3,3,4),(0.,0.144092820368157,0.291186671486749,0.439326337721362,
0.587833525409115,0.655633835719545,0.764748038919357,0.912806219913918,
1.06154627437919,1.09232898794906,1.24023242652619,1.38573452336162,1.52917925556977),
 .UNSPECIFIED.);
#563=B_SPLINE_CURVE_WITH_KNOTS('',3,(#6447,#6448,#6449,#6450),
 .UNSPECIFIED.,.F.,.F.,(4,4),(0.,11.3),.UNSPECIFIED.);
#564=B_SPLINE_CURVE_WITH_KNOTS('',3,(#6451,#6452,#6453,#6454,#6455,#6456),
 .UNSPECIFIED.,.F.,.F.,(4,1,1,4),(23.0820949637262,23.2653293913573,23.4485638189884,
23.723415460435),.UNSPECIFIED.);
#565=B_SPLINE_CURVE_WITH_KNOTS('',3,(#6482,#6483,#6484,#6485,#6486,#6487,
#6488,#6489,#6490,#6491,#6492,#6493,#6494,#6495,#6496,#6497,#6498,#6499,
#6500,#6501,#6502,#6503,#6504,#6505,#6506,#6507,#6508,#6509,#6510,#6511,
#6512,#6513,#6514,#6515,#6516,#6517,#6518),.UNSPECIFIED.,.F.,.F.,(4,3,3,
3,3,3,3,3,3,3,3,3,4),(0.,0.144615282829685,0.29195127729853,0.436592301057063,
0.585111689688867,0.732979930386743,0.763971642007713,0.872957068328266,
1.02160852966953,1.16992223454459,1.317221638828,1.46206232092553,1.52762770950957),
 .UNSPECIFIED.);
#566=B_SPLINE_CURVE_WITH_KNOTS('',3,(#6520,#6521,#6522,#6523),
 .UNSPECIFIED.,.F.,.F.,(4,4),(0.,11.3),.UNSPECIFIED.);
#567=B_SPLINE_CURVE_WITH_KNOTS('',3,(#6524,#6525,#6526,#6527,#6528,#6529),
 .UNSPECIFIED.,.F.,.F.,(4,1,1,4),(23.723415460435,23.9979893675057,24.1810386388862,
24.3640879102667),.UNSPECIFIED.);
#568=B_SPLINE_CURVE_WITH_KNOTS('',3,(#6555,#6556,#6557,#6558,#6559,#6560,
#6561,#6562,#6563,#6564,#6565,#6566,#6567,#6568,#6569,#6570,#6571,#6572,
#6573,#6574,#6575,#6576,#6577,#6578,#6579,#6580,#6581,#6582,#6583,#6584,
#6585,#6586,#6587,#6588,#6589,#6590,#6591),.UNSPECIFIED.,.F.,.F.,(4,3,3,
3,3,3,3,3,3,3,3,3,4),(0.,0.144119371959895,0.291231427099622,0.439385445400504,
0.5879017683582,0.654357274055923,0.763259569816937,0.911329495679512,1.06007876789438,
1.09020374145562,1.23811979119074,1.3836406722466,1.52620470636736),
 .UNSPECIFIED.);
#569=B_SPLINE_CURVE_WITH_KNOTS('',3,(#6593,#6594,#6595,#6596),
 .UNSPECIFIED.,.F.,.F.,(4,4),(0.,11.3),.UNSPECIFIED.);
#570=B_SPLINE_CURVE_WITH_KNOTS('',3,(#6597,#6598,#6599,#6600,#6601,#6602),
 .UNSPECIFIED.,.F.,.F.,(4,1,1,4),(24.3640879102667,24.5469673633,24.7298468163333,
25.0041659958833),.UNSPECIFIED.);
#571=B_SPLINE_CURVE_WITH_KNOTS('',3,(#6628,#6629,#6630,#6631,#6632,#6633,
#6634,#6635,#6636,#6637,#6638,#6639,#6640,#6641,#6642,#6643,#6644,#6645,
#6646,#6647,#6648,#6649,#6650,#6651,#6652,#6653,#6654,#6655,#6656,#6657,
#6658,#6659,#6660,#6661,#6662,#6663,#6664),.UNSPECIFIED.,.F.,.F.,(4,3,3,
3,3,3,3,3,3,3,3,3,4),(0.,0.144130968998301,0.291250894058785,0.439411098426363,
0.587931377301896,0.653801210805082,0.762611200031015,0.910686270572583,
1.05943949064271,1.08927799288594,1.23719943980956,1.38272850056862,1.52490900332473),
 .UNSPECIFIED.);
#572=B_SPLINE_CURVE_WITH_KNOTS('',3,(#6666,#6667,#6668,#6669),
 .UNSPECIFIED.,.F.,.F.,(4,4),(0.,11.3),.UNSPECIFIED.);
#573=B_SPLINE_CURVE_WITH_KNOTS('',3,(#6670,#6671,#6672,#6673,#6674,#6675),
 .UNSPECIFIED.,.F.,.F.,(4,1,1,4),(25.0041659958833,25.186890820668,25.3696156454527,
25.6437028826297),.UNSPECIFIED.);
#574=B_SPLINE_CURVE_WITH_KNOTS('',3,(#6701,#6702,#6703,#6704,#6705,#6706,
#6707,#6708,#6709,#6710,#6711,#6712,#6713,#6714,#6715,#6716,#6717,#6718,
#6719,#6720,#6721,#6722,#6723,#6724,#6725,#6726,#6727,#6728,#6729,#6730,
#6731,#6732,#6733,#6734,#6735,#6736,#6737),.UNSPECIFIED.,.F.,.F.,(4,3,3,
3,3,3,3,3,3,3,3,3,4),(0.,0.144647646855044,0.292004781146067,0.435480322203143,
0.584012510822804,0.731895703979357,0.76202596896848,0.870734577377012,
1.01939862971728,1.16772453436447,1.31503617618982,1.45989738722145,1.52373947465439),
 .UNSPECIFIED.);
#575=B_SPLINE_CURVE_WITH_KNOTS('',3,(#6739,#6740,#6741,#6742),
 .UNSPECIFIED.,.F.,.F.,(4,4),(0.,11.3),.UNSPECIFIED.);
#576=B_SPLINE_CURVE_WITH_KNOTS('',3,(#6743,#6744,#6745,#6746,#6747,#6748),
 .UNSPECIFIED.,.F.,.F.,(4,1,1,4),(25.6437028826297,25.9175807617564,26.1001660145076,
26.2827512672587),.UNSPECIFIED.);
#577=B_SPLINE_CURVE_WITH_KNOTS('',3,(#6774,#6775,#6776,#6777,#6778,#6779,
#6780,#6781,#6782,#6783,#6784,#6785,#6786,#6787,#6788,#6789,#6790,#6791,
#6792,#6793,#6794,#6795,#6796,#6797,#6798,#6799,#6800,#6801,#6802,#6803,
#6804,#6805,#6806,#6807,#6808,#6809,#6810),.UNSPECIFIED.,.F.,.F.,(4,3,3,
3,3,3,3,3,3,3,3,3,4),(0.,0.144556846275101,0.291854663636284,0.43859552691347,
0.587091842410812,0.734933113272079,0.767476767840837,0.876960868029389,
1.02558960615189,1.1738813001919,1.32115863456189,1.46596229147378,1.53463229953721),
 .UNSPECIFIED.);
#578=B_SPLINE_CURVE_WITH_KNOTS('',3,(#6812,#6813,#6814,#6815),
 .UNSPECIFIED.,.F.,.F.,(4,4),(0.,11.3),.UNSPECIFIED.);
#579=B_SPLINE_CURVE_WITH_KNOTS('',3,(#6816,#6817,#6818,#6819,#6820,#6821),
 .UNSPECIFIED.,.F.,.F.,(4,1,1,4),(26.2827512672587,26.5585790036482,26.7424641612412,
26.9263493188343),.UNSPECIFIED.);
#580=B_SPLINE_CURVE_WITH_KNOTS('',3,(#6847,#6848,#6849,#6850,#6851,#6852,
#6853,#6854,#6855,#6856,#6857,#6858,#6859,#6860,#6861,#6862,#6863,#6864,
#6865,#6866,#6867,#6868,#6869,#6870,#6871,#6872,#6873,#6874,#6875,#6876,
#6877,#6878,#6879,#6880,#6881,#6882,#6883),.UNSPECIFIED.,.F.,.F.,(4,3,3,
3,3,3,3,3,3,3,3,3,4),(0.,0.144588276522339,0.291906549560563,0.437519463084429,
0.586028125122397,0.733883916339973,0.765593934675369,0.874810166477038,
1.02345111267887,1.1717546194104,1.31904379176067,1.4638673582839,1.53086968354512),
 .UNSPECIFIED.);
#581=B_SPLINE_CURVE_WITH_KNOTS('',3,(#6885,#6886,#6887,#6888),
 .UNSPECIFIED.,.F.,.F.,(4,4),(0.,11.3),.UNSPECIFIED.);
#582=B_SPLINE_CURVE_WITH_KNOTS('',3,(#6889,#6890,#6891,#6892,#6893,#6894),
 .UNSPECIFIED.,.F.,.F.,(4,1,1,4),(26.9263493188343,27.2015035513678,27.3849397063901,
27.5683758614124),.UNSPECIFIED.);
#583=B_SPLINE_CURVE_WITH_KNOTS('',3,(#6920,#6921,#6922,#6923,#6924,#6925,
#6926,#6927,#6928,#6929,#6930,#6931,#6932,#6933,#6934,#6935,#6936,#6937,
#6938,#6939,#6940,#6941,#6942,#6943,#6944,#6945,#6946,#6947,#6948,#6949,
#6950,#6951,#6952,#6953,#6954,#6955,#6956),.UNSPECIFIED.,.F.,.F.,(4,3,3,
3,3,3,3,3,3,3,3,3,4),(0.,0.144615261254052,0.291951122811636,0.436594019930782,
0.585113313999923,0.732981573463991,0.763974649589366,0.872960503805403,
1.02161193877936,1.16992560027118,1.31722495375243,1.46206562582704,1.52763371984624),
 .UNSPECIFIED.);
#584=B_SPLINE_CURVE_WITH_KNOTS('',3,(#6958,#6959,#6960,#6961),
 .UNSPECIFIED.,.F.,.F.,(4,4),(0.,11.3),.UNSPECIFIED.);
#585=B_SPLINE_CURVE_WITH_KNOTS('',3,(#6962,#6963,#6964,#6965,#6966,#6967),
 .UNSPECIFIED.,.F.,.F.,(4,1,1,4),(27.5683758614124,27.8429508443695,28.0260008330075,
28.2090508216455),.UNSPECIFIED.);
#586=B_SPLINE_CURVE_WITH_KNOTS('',3,(#6993,#6994,#6995,#6996),
 .UNSPECIFIED.,.F.,.F.,(4,4),(0.,11.3),.UNSPECIFIED.);
#587=B_SPLINE_CURVE_WITH_KNOTS('',3,(#6997,#6998,#6999,#7000,#7001,#7002),
 .UNSPECIFIED.,.F.,.F.,(4,1,1,4),(28.2090508216455,28.4831387454387,28.6658640279675,
28.8485893104964),.UNSPECIFIED.);
#588=B_SPLINE_CURVE_WITH_KNOTS('',3,(#7003,#7004,#7005,#7006),
 .UNSPECIFIED.,.F.,.F.,(4,4),(1.36938184351277,1.52491283895944),
 .UNSPECIFIED.);
#589=B_SPLINE_CURVE_WITH_KNOTS('',3,(#7032,#7033,#7034,#7035),
 .UNSPECIFIED.,.F.,.F.,(4,4),(0.,11.3),.UNSPECIFIED.);
#590=B_SPLINE_CURVE_WITH_KNOTS('',3,(#7036,#7037,#7038,#7039,#7040,#7041),
 .UNSPECIFIED.,.F.,.F.,(4,1,1,4),(28.8485893104964,29.1244187253337,29.3083050018919,
29.4921912784502),.UNSPECIFIED.);
#591=B_SPLINE_CURVE_WITH_KNOTS('',3,(#7067,#7068,#7069,#7070),
 .UNSPECIFIED.,.F.,.F.,(4,4),(0.,11.3),.UNSPECIFIED.);
#592=B_SPLINE_CURVE_WITH_KNOTS('',3,(#7071,#7072,#7073,#7074,#7075,#7076),
 .UNSPECIFIED.,.F.,.F.,(4,1,1,4),(29.4921912784502,29.7667661948069,29.9498161390446,
30.1328660832824),.UNSPECIFIED.);
#593=B_SPLINE_CURVE_WITH_KNOTS('',3,(#7102,#7103,#7104,#7105),
 .UNSPECIFIED.,.F.,.F.,(4,4),(0.,11.3),.UNSPECIFIED.);
#594=B_SPLINE_CURVE_WITH_KNOTS('',3,(#7106,#7107,#7108,#7109,#7110,#7111),
 .UNSPECIFIED.,.F.,.F.,(4,1,1,4),(30.1328660832824,30.4086927748537,30.5925772359012,
30.7764616969486),.UNSPECIFIED.);
#595=B_SPLINE_CURVE_WITH_KNOTS('',3,(#7137,#7138,#7139,#7140),
 .UNSPECIFIED.,.F.,.F.,(4,4),(-11.3,0.),.UNSPECIFIED.);
#596=B_SPLINE_CURVE_WITH_KNOTS('',3,(#7141,#7142,#7143,#7144,#7145,#7146),
 .UNSPECIFIED.,.F.,.F.,(4,1,1,4),(30.7764616969486,31.0505180564983,31.2332222961981,
31.4159265358979),.UNSPECIFIED.);
#597=B_SPLINE_CURVE_WITH_KNOTS('',3,(#7172,#7173,#7174,#7175),
 .UNSPECIFIED.,.F.,.F.,(4,4),(0.,0.0823903658618517),.UNSPECIFIED.);
#598=B_SPLINE_CURVE_WITH_KNOTS('',3,(#7177,#7178,#7179,#7180,#7181,#7182),
 .UNSPECIFIED.,.F.,.F.,(4,1,1,4),(4.46258223167417,4.51432753260493,4.69742198932205,
4.97206367439773),.UNSPECIFIED.);
#599=B_SPLINE_CURVE_WITH_KNOTS('',3,(#7184,#7185,#7186,#7187),
 .UNSPECIFIED.,.F.,.F.,(4,4),(0.,11.3),.UNSPECIFIED.);
#600=B_SPLINE_CURVE_WITH_KNOTS('',3,(#7189,#7190,#7191,#7192,#7193,#7194),
 .UNSPECIFIED.,.F.,.F.,(4,1,1,4),(4.33138756112327,4.51449717236551,4.69760681035317,
4.97227126733466),.UNSPECIFIED.);
#601=B_SPLINE_CURVE_WITH_KNOTS('',3,(#7195,#7196,#7197,#7198),
 .UNSPECIFIED.,.F.,.F.,(4,4),(-11.2205143686626,0.),.UNSPECIFIED.);
#602=B_SPLINE_CURVE_WITH_KNOTS('',3,(#7224,#7225,#7226,#7227,#7228,#7229,
#7230,#7231),.UNSPECIFIED.,.F.,.F.,(4,1,1,2,4),(3.69066888126908,3.96526257183584,
4.14832505310684,4.33138753437785,4.33138756112327),.UNSPECIFIED.);
#603=B_SPLINE_CURVE_WITH_KNOTS('',3,(#7232,#7233,#7234,#7235),
 .UNSPECIFIED.,.F.,.F.,(4,4),(-11.2205143686626,0.),.UNSPECIFIED.);
#604=B_SPLINE_CURVE_WITH_KNOTS('',3,(#7261,#7262,#7263,#7264,#7265,#7266,
#7267,#7268),.UNSPECIFIED.,.F.,.F.,(4,1,1,2,4),(3.05011171346607,3.32463618301058,
3.50765251646995,3.69066884992933,3.69066888126908),.UNSPECIFIED.);
#605=B_SPLINE_CURVE_WITH_KNOTS('',3,(#7269,#7270,#7271,#7272),
 .UNSPECIFIED.,.F.,.F.,(4,4),(-11.2205143686626,0.),.UNSPECIFIED.);
#606=B_SPLINE_CURVE_WITH_KNOTS('',3,(#7298,#7299,#7300,#7301,#7302,#7303,
#7304,#7305),.UNSPECIFIED.,.F.,.F.,(4,1,1,2,4),(2.40971254186311,2.68416929944423,
2.86714049113287,3.05011168282152,3.05011171346607),.UNSPECIFIED.);
#607=B_SPLINE_CURVE_WITH_KNOTS('',3,(#7306,#7307,#7308,#7309),
 .UNSPECIFIED.,.F.,.F.,(4,4),(-11.2205143686626,0.),.UNSPECIFIED.);
#608=B_SPLINE_CURVE_WITH_KNOTS('',3,(#7335,#7336,#7337,#7338,#7339,#7340,
#7341,#7342),.UNSPECIFIED.,.F.,.F.,(4,1,1,2,4),(1.7694678541694,2.04385840505214,
2.2267854584817,2.40971251191126,2.40971254186311),.UNSPECIFIED.);
#609=B_SPLINE_CURVE_WITH_KNOTS('',3,(#7343,#7344,#7345,#7346),
 .UNSPECIFIED.,.F.,.F.,(4,4),(-11.2205143686625,0.),.UNSPECIFIED.);
#610=B_SPLINE_CURVE_WITH_KNOTS('',3,(#7372,#7373,#7374,#7375,#7376,#7377,
#7378,#7379),.UNSPECIFIED.,.F.,.F.,(4,1,1,2,4),(1.12937414673592,1.40369999248173,
1.58658390869476,1.7694678249078,1.7694678541694),.UNSPECIFIED.);
#611=B_SPLINE_CURVE_WITH_KNOTS('',3,(#7380,#7381,#7382,#7383),
 .UNSPECIFIED.,.F.,.F.,(4,4),(-11.2205143686626,0.),.UNSPECIFIED.);
#612=B_SPLINE_CURVE_WITH_KNOTS('',3,(#7409,#7410,#7411,#7412,#7413,#7414,
#7415,#7416),.UNSPECIFIED.,.F.,.F.,(4,1,1,2,4),(0.489427931932901,0.763690562902634,
0.946532340532407,1.12937411816218,1.12937414673592),.UNSPECIFIED.);
#613=B_SPLINE_CURVE_WITH_KNOTS('',3,(#7417,#7418,#7419,#7420),
 .UNSPECIFIED.,.F.,.F.,(4,4),(-11.2205143686626,0.),.UNSPECIFIED.);
#614=B_SPLINE_CURVE_WITH_KNOTS('',3,(#7437,#7438,#7439,#7440,#7441,#7442,
#7443,#7444,#7445,#7446),.UNSPECIFIED.,.F.,.F.,(4,3,3,4),(0.,0.180331941151718,
0.357924740269372,0.392034989784673),.UNSPECIFIED.);
#615=B_SPLINE_CURVE_WITH_KNOTS('',3,(#7448,#7449,#7450,#7451,#7452,#7453,
#7454,#7455,#7456,#7457,#7458,#7459,#7460,#7461,#7462,#7463,#7464,#7465,
#7466,#7467,#7468,#7469,#7470,#7471,#7472,#7473,#7474,#7475,#7476,#7477,
#7478),.UNSPECIFIED.,.F.,.F.,(4,3,3,3,3,3,3,3,3,3,4),(0.,0.158068072338295,
0.319895001991389,0.48315449766308,0.647244382402096,0.75397232114574,0.909098403091832,
1.0641025196522,1.21811461387088,1.36956102095952,1.4795058039256),
 .UNSPECIFIED.);
#616=B_SPLINE_CURVE_WITH_KNOTS('',3,(#7479,#7480,#7481,#7482),
 .UNSPECIFIED.,.F.,.F.,(4,4),(0.,0.0605762334516201),.UNSPECIFIED.);
#617=B_SPLINE_CURVE_WITH_KNOTS('',3,(#7483,#7484,#7485,#7486),
 .UNSPECIFIED.,.F.,.F.,(4,4),(0.,0.35),.UNSPECIFIED.);
#618=B_SPLINE_CURVE_WITH_KNOTS('',3,(#7621,#7622,#7623,#7624,#7625,#7626,
#7627),.UNSPECIFIED.,.F.,.F.,(4,1,2,4),(0.,0.209754812767703,0.489427896457973,
0.489427931932901),.UNSPECIFIED.);
#619=B_SPLINE_CURVE_WITH_KNOTS('',3,(#7628,#7629,#7630,#7631),
 .UNSPECIFIED.,.F.,.F.,(4,4),(0.,0.35),.UNSPECIFIED.);
#620=B_SPLINE_CURVE_WITH_KNOTS('',3,(#7679,#7680,#7681,#7682),
 .UNSPECIFIED.,.F.,.F.,(4,4),(0.,11.2205143686626),.UNSPECIFIED.);
#621=B_SPLINE_CURVE_WITH_KNOTS('',3,(#7684,#7685,#7686,#7687,#7688,#7689),
 .UNSPECIFIED.,.F.,.F.,(4,1,1,4),(30.7764616969486,31.0505180564983,31.2332222961981,
31.4159265358979),.UNSPECIFIED.);
#622=B_SPLINE_CURVE_WITH_KNOTS('',3,(#7690,#7691,#7692,#7693),
 .UNSPECIFIED.,.F.,.F.,(4,4),(-11.2205143686626,0.),.UNSPECIFIED.);
#623=B_SPLINE_CURVE_WITH_KNOTS('',3,(#7719,#7720,#7721,#7722),
 .UNSPECIFIED.,.F.,.F.,(4,4),(0.,11.2205143686626),.UNSPECIFIED.);
#624=B_SPLINE_CURVE_WITH_KNOTS('',3,(#7723,#7724,#7725,#7726,#7727,#7728),
 .UNSPECIFIED.,.F.,.F.,(4,1,1,4),(30.1328660832824,30.4086927748537,30.5925772359012,
30.7764616969486),.UNSPECIFIED.);
#625=B_SPLINE_CURVE_WITH_KNOTS('',3,(#7754,#7755,#7756,#7757),
 .UNSPECIFIED.,.F.,.F.,(4,4),(0.,11.2205143686626),.UNSPECIFIED.);
#626=B_SPLINE_CURVE_WITH_KNOTS('',3,(#7758,#7759,#7760,#7761,#7762,#7763),
 .UNSPECIFIED.,.F.,.F.,(4,1,1,4),(29.4921912784502,29.7667661948069,29.9498161390446,
30.1328660832824),.UNSPECIFIED.);
#627=B_SPLINE_CURVE_WITH_KNOTS('',3,(#7789,#7790,#7791,#7792),
 .UNSPECIFIED.,.F.,.F.,(4,4),(0.,11.2205143686626),.UNSPECIFIED.);
#628=B_SPLINE_CURVE_WITH_KNOTS('',3,(#7793,#7794,#7795,#7796,#7797,#7798),
 .UNSPECIFIED.,.F.,.F.,(4,1,1,4),(28.8485893104964,29.1244187253337,29.3083050018919,
29.4921912784502),.UNSPECIFIED.);
#629=B_SPLINE_CURVE_WITH_KNOTS('',3,(#7824,#7825,#7826,#7827),
 .UNSPECIFIED.,.F.,.F.,(4,4),(0.,11.2205143686626),.UNSPECIFIED.);
#630=B_SPLINE_CURVE_WITH_KNOTS('',3,(#7828,#7829,#7830,#7831,#7832,#7833),
 .UNSPECIFIED.,.F.,.F.,(4,1,1,4),(28.2090508216455,28.4831387454387,28.6658640279675,
28.8485893104964),.UNSPECIFIED.);
#631=B_SPLINE_CURVE_WITH_KNOTS('',3,(#7859,#7860,#7861,#7862),
 .UNSPECIFIED.,.F.,.F.,(4,4),(0.,11.2205143686626),.UNSPECIFIED.);
#632=B_SPLINE_CURVE_WITH_KNOTS('',3,(#7863,#7864,#7865,#7866,#7867,#7868),
 .UNSPECIFIED.,.F.,.F.,(4,1,1,4),(27.5683758614124,27.8429508443695,28.0260008330075,
28.2090508216455),.UNSPECIFIED.);
#633=B_SPLINE_CURVE_WITH_KNOTS('',3,(#7894,#7895,#7896,#7897),
 .UNSPECIFIED.,.F.,.F.,(4,4),(0.,11.2205143686626),.UNSPECIFIED.);
#634=B_SPLINE_CURVE_WITH_KNOTS('',3,(#7898,#7899,#7900,#7901,#7902,#7903),
 .UNSPECIFIED.,.F.,.F.,(4,1,1,4),(26.9263493188343,27.2015035513678,27.3849397063901,
27.5683758614124),.UNSPECIFIED.);
#635=B_SPLINE_CURVE_WITH_KNOTS('',3,(#7929,#7930,#7931,#7932),
 .UNSPECIFIED.,.F.,.F.,(4,4),(0.,11.2205143686626),.UNSPECIFIED.);
#636=B_SPLINE_CURVE_WITH_KNOTS('',3,(#7933,#7934,#7935,#7936,#7937,#7938),
 .UNSPECIFIED.,.F.,.F.,(4,1,1,4),(26.2827512672587,26.5585790036482,26.7424641612412,
26.9263493188343),.UNSPECIFIED.);
#637=B_SPLINE_CURVE_WITH_KNOTS('',3,(#7964,#7965,#7966,#7967),
 .UNSPECIFIED.,.F.,.F.,(4,4),(0.,11.2205143686626),.UNSPECIFIED.);
#638=B_SPLINE_CURVE_WITH_KNOTS('',3,(#7968,#7969,#7970,#7971,#7972,#7973),
 .UNSPECIFIED.,.F.,.F.,(4,1,1,4),(25.6437028826297,25.9175807617564,26.1001660145076,
26.2827512672587),.UNSPECIFIED.);
#639=B_SPLINE_CURVE_WITH_KNOTS('',3,(#7999,#8000,#8001,#8002),
 .UNSPECIFIED.,.F.,.F.,(4,4),(0.,11.2205143686626),.UNSPECIFIED.);
#640=B_SPLINE_CURVE_WITH_KNOTS('',3,(#8003,#8004,#8005,#8006,#8007,#8008),
 .UNSPECIFIED.,.F.,.F.,(4,1,1,4),(25.0041659958833,25.186890820668,25.3696156454527,
25.6437028826297),.UNSPECIFIED.);
#641=B_SPLINE_CURVE_WITH_KNOTS('',3,(#8034,#8035,#8036,#8037),
 .UNSPECIFIED.,.F.,.F.,(4,4),(0.,11.2205143686626),.UNSPECIFIED.);
#642=B_SPLINE_CURVE_WITH_KNOTS('',3,(#8038,#8039,#8040,#8041,#8042,#8043),
 .UNSPECIFIED.,.F.,.F.,(4,1,1,4),(24.3640879102667,24.5469673633,24.7298468163333,
25.0041659958833),.UNSPECIFIED.);
#643=B_SPLINE_CURVE_WITH_KNOTS('',3,(#8069,#8070,#8071,#8072),
 .UNSPECIFIED.,.F.,.F.,(4,4),(0.,11.2205143686626),.UNSPECIFIED.);
#644=B_SPLINE_CURVE_WITH_KNOTS('',3,(#8073,#8074,#8075,#8076,#8077,#8078),
 .UNSPECIFIED.,.F.,.F.,(4,1,1,4),(23.723415460435,23.9979893675057,24.1810386388862,
24.3640879102667),.UNSPECIFIED.);
#645=B_SPLINE_CURVE_WITH_KNOTS('',3,(#8104,#8105,#8106,#8107),
 .UNSPECIFIED.,.F.,.F.,(4,4),(0.,11.2205143686626),.UNSPECIFIED.);
#646=B_SPLINE_CURVE_WITH_KNOTS('',3,(#8108,#8109,#8110,#8111,#8112,#8113),
 .UNSPECIFIED.,.F.,.F.,(4,1,1,4),(23.0820949637262,23.2653293913573,23.4485638189884,
23.723415460435),.UNSPECIFIED.);
#647=B_SPLINE_CURVE_WITH_KNOTS('',3,(#8139,#8140,#8141,#8142),
 .UNSPECIFIED.,.F.,.F.,(4,4),(0.,11.2205143686626),.UNSPECIFIED.);
#648=B_SPLINE_CURVE_WITH_KNOTS('',3,(#8143,#8144,#8145,#8146,#8147,#8148),
 .UNSPECIFIED.,.F.,.F.,(4,1,1,4),(22.4400721700522,22.6235072539591,22.8069423378659,
23.0820949637262),.UNSPECIFIED.);
#649=B_SPLINE_CURVE_WITH_KNOTS('',3,(#8174,#8175,#8176,#8177),
 .UNSPECIFIED.,.F.,.F.,(4,4),(0.,0.7337861019107),.UNSPECIFIED.);
#650=B_SPLINE_CURVE_WITH_KNOTS('',3,(#8179,#8180,#8181,#8182),
 .UNSPECIFIED.,.F.,.F.,(4,4),(0.,11.2205143686626),.UNSPECIFIED.);
#651=B_SPLINE_CURVE_WITH_KNOTS('',3,(#8183,#8184,#8185,#8186,#8187,#8188),
 .UNSPECIFIED.,.F.,.F.,(4,1,1,4),(21.7972922102576,22.0727693358839,22.2564207529681,
22.4400721700522),.UNSPECIFIED.);
#652=B_SPLINE_CURVE_WITH_KNOTS('',3,(#8214,#8215,#8216,#8217,#8218,#8219,
#8220,#8221,#8222,#8223,#8224,#8225,#8226,#8227,#8228,#8229,#8230,#8231,
#8232,#8233,#8234,#8235,#8236,#8237,#8238,#8239,#8240,#8241,#8242,#8243,
#8244,#8245,#8246,#8247,#8248,#8249,#8250),.UNSPECIFIED.,.F.,.F.,(4,3,3,
3,3,3,3,3,3,3,3,3,4),(0.,0.134747552939519,0.272726017929959,0.412000049650598,
0.552304547978162,0.657524345453186,0.766997177341812,0.922572310048609,
1.07991812954518,1.09581734717038,1.25344424332744,1.4091865673154,1.5342868929694),
 .UNSPECIFIED.);
#653=B_SPLINE_CURVE_WITH_KNOTS('',3,(#8252,#8253,#8254,#8255),
 .UNSPECIFIED.,.F.,.F.,(4,4),(0.,11.2205143686626),.UNSPECIFIED.);
#654=B_SPLINE_CURVE_WITH_KNOTS('',3,(#8256,#8257,#8258,#8259,#8260,#8261),
 .UNSPECIFIED.,.F.,.F.,(4,1,1,4),(21.1536995427864,21.4295249717026,21.6134085909801,
21.7972922102576),.UNSPECIFIED.);
#655=B_SPLINE_CURVE_WITH_KNOTS('',3,(#8287,#8288,#8289,#8290,#8291,#8292,
#8293,#8294,#8295,#8296,#8297,#8298,#8299,#8300,#8301,#8302,#8303,#8304,
#8305,#8306,#8307,#8308,#8309,#8310,#8311,#8312,#8313,#8314,#8315,#8316,
#8317,#8318,#8319,#8320),.UNSPECIFIED.,.F.,.F.,(4,3,3,3,3,3,3,3,3,3,3,4),
(0.,0.134858419340188,0.27292170549873,0.412269847600484,0.55262528546927,
0.65263534095355,0.761295509510255,0.924482113192693,1.08766871687513,1.24527081370268,
1.40101665937607,1.5228753795905),.UNSPECIFIED.);
#656=B_SPLINE_CURVE_WITH_KNOTS('',3,(#8322,#8323,#8324,#8325),
 .UNSPECIFIED.,.F.,.F.,(4,4),(0.,11.2205143686626),.UNSPECIFIED.);
#657=B_SPLINE_CURVE_WITH_KNOTS('',3,(#8326,#8327,#8328,#8329,#8330,#8331),
 .UNSPECIFIED.,.F.,.F.,(4,1,1,4),(20.5148772261407,20.7886582189888,20.9711788808876,
21.1536995427864),.UNSPECIFIED.);
#658=B_SPLINE_CURVE_WITH_KNOTS('',3,(#8357,#8358,#8359,#8360,#8361,#8362,
#8363,#8364,#8365,#8366,#8367,#8368,#8369,#8370,#8371,#8372,#8373,#8374,
#8375,#8376,#8377,#8378,#8379,#8380,#8381,#8382,#8383,#8384,#8385,#8386,
#8387,#8388,#8389,#8390),.UNSPECIFIED.,.F.,.F.,(4,3,3,3,3,3,3,3,3,3,3,4),
(0.,0.134853276209985,0.272912641230625,0.412257307812145,0.552610229256584,
0.652865413561941,0.761563825855326,0.924808004777548,1.08805218369977,
1.24565560425881,1.40140159954836,1.52341239342421),.UNSPECIFIED.);
#659=B_SPLINE_CURVE_WITH_KNOTS('',3,(#8392,#8393,#8394,#8395),
 .UNSPECIFIED.,.F.,.F.,(4,4),(0.,11.2205143686626),.UNSPECIFIED.);
#660=B_SPLINE_CURVE_WITH_KNOTS('',3,(#8396,#8397,#8398,#8399,#8400,#8401),
 .UNSPECIFIED.,.F.,.F.,(4,1,1,4),(19.8758304144904,20.1497076194834,20.332292422812,
20.5148772261407),.UNSPECIFIED.);
#661=B_SPLINE_CURVE_WITH_KNOTS('',3,(#8427,#8428,#8429,#8430,#8431,#8432,
#8433,#8434,#8435,#8436,#8437,#8438,#8439,#8440,#8441,#8442,#8443,#8444,
#8445,#8446,#8447,#8448,#8449,#8450,#8451,#8452,#8453,#8454,#8455,#8456,
#8457,#8458,#8459,#8460,#8461,#8462,#8463,#8464,#8465,#8466),
 .UNSPECIFIED.,.F.,.F.,(4,3,3,3,3,3,3,3,3,3,3,3,3,4),(0.,0.135459903840128,
0.272738985283332,0.411908961790691,0.435357476853717,0.575746805040067,
0.716209472497585,0.761847753013966,0.870603941590329,1.03394811905682,
1.19167935676358,1.34874261571911,1.50377882512647,1.52398065145628),
 .UNSPECIFIED.);
#662=B_SPLINE_CURVE_WITH_KNOTS('',3,(#8468,#8469,#8470,#8471),
 .UNSPECIFIED.,.F.,.F.,(4,4),(0.,11.2205143686626),.UNSPECIFIED.);
#663=B_SPLINE_CURVE_WITH_KNOTS('',3,(#8472,#8473,#8474,#8475,#8476,#8477),
 .UNSPECIFIED.,.F.,.F.,(4,1,1,4),(19.2365460471948,19.419198723565,19.6018513999351,
19.8758304144904),.UNSPECIFIED.);
#664=B_SPLINE_CURVE_WITH_KNOTS('',3,(#8503,#8504,#8505,#8506,#8507,#8508,
#8509,#8510,#8511,#8512,#8513,#8514,#8515,#8516,#8517,#8518,#8519,#8520,
#8521,#8522,#8523,#8524,#8525,#8526,#8527,#8528,#8529,#8530,#8531,#8532,
#8533,#8534,#8535,#8536),.UNSPECIFIED.,.F.,.F.,(4,3,3,3,3,3,3,3,3,3,3,4),
(0.,0.134842153648347,0.272893045365405,0.412230158766529,0.55257751514958,
0.653365768294583,0.76214735171798,0.925516743747374,1.08888613577677,1.24649252927844,
1.40223903209501,1.52458027530396),.UNSPECIFIED.);
#665=B_SPLINE_CURVE_WITH_KNOTS('',3,(#8538,#8539,#8540,#8541),
 .UNSPECIFIED.,.F.,.F.,(4,4),(0.,11.2205143686626),.UNSPECIFIED.);
#666=B_SPLINE_CURVE_WITH_KNOTS('',3,(#8542,#8543,#8544,#8545,#8546,#8547),
 .UNSPECIFIED.,.F.,.F.,(4,1,1,4),(18.5970110129053,18.8710974561722,19.0538217516835,
19.2365460471948),.UNSPECIFIED.);
#667=B_SPLINE_CURVE_WITH_KNOTS('',3,(#8573,#8574,#8575,#8576,#8577,#8578,
#8579,#8580,#8581,#8582,#8583,#8584,#8585,#8586,#8587,#8588,#8589,#8590,
#8591,#8592,#8593,#8594,#8595,#8596,#8597,#8598,#8599,#8600,#8601,#8602,
#8603,#8604,#8605,#8606),.UNSPECIFIED.,.F.,.F.,(4,3,3,3,3,3,3,3,3,3,3,4),
(0.,0.13483593088375,0.272882048266663,0.412215052879083,0.552559729272648,
0.65363615758776,0.762462686201387,0.925899742947167,1.08933679969295,1.24694442449273,
1.40269043211155,1.52521139359845),.UNSPECIFIED.);
#668=B_SPLINE_CURVE_WITH_KNOTS('',3,(#8608,#8609,#8610,#8611),
 .UNSPECIFIED.,.F.,.F.,(4,4),(0.,11.2205143686626),.UNSPECIFIED.);
#669=B_SPLINE_CURVE_WITH_KNOTS('',3,(#8612,#8613,#8614,#8615,#8616,#8617),
 .UNSPECIFIED.,.F.,.F.,(4,1,1,4),(17.957212146642,18.2314116607548,18.41421133683,
18.5970110129053),.UNSPECIFIED.);
#670=B_SPLINE_CURVE_WITH_KNOTS('',3,(#8643,#8644,#8645,#8646,#8647,#8648,
#8649,#8650,#8651,#8652,#8653,#8654,#8655,#8656,#8657,#8658,#8659,#8660,
#8661,#8662,#8663,#8664,#8665,#8666,#8667,#8668,#8669,#8670,#8671,#8672,
#8673,#8674,#8675,#8676),.UNSPECIFIED.,.F.,.F.,(4,3,3,3,3,3,3,3,3,3,3,4),
(0.,0.134829370876615,0.272870449836497,0.412199135205763,0.552541037798526,
0.653920097985929,0.762793824241738,0.926301936974909,1.08981004970808,
1.24741891591815,1.40316429190153,1.52587414206724),.UNSPECIFIED.);
#671=B_SPLINE_CURVE_WITH_KNOTS('',3,(#8678,#8679,#8680,#8681),
 .UNSPECIFIED.,.F.,.F.,(4,4),(0.,11.2205143686626),.UNSPECIFIED.);
#672=B_SPLINE_CURVE_WITH_KNOTS('',3,(#8682,#8683,#8684,#8685,#8686,#8687),
 .UNSPECIFIED.,.F.,.F.,(4,1,1,4),(17.3171362268352,17.5914544781809,17.7743333124114,
17.957212146642),.UNSPECIFIED.);
#673=B_SPLINE_CURVE_WITH_KNOTS('',3,(#8713,#8714,#8715,#8716,#8717,#8718,
#8719,#8720,#8721,#8722,#8723,#8724,#8725,#8726,#8727,#8728,#8729,#8730,
#8731,#8732,#8733,#8734,#8735,#8736,#8737,#8738,#8739,#8740,#8741,#8742,
#8743,#8744,#8745,#8746),.UNSPECIFIED.,.F.,.F.,(4,3,3,3,3,3,3,3,3,3,3,4),
(0.,0.134822607588976,0.272858509602688,0.412182683087722,0.552521507883896,
0.65421765069154,0.763140837204869,0.926723412529644,1.09030598785442,1.24791634781557,
1.40366146608134,1.5265686636238),.UNSPECIFIED.);
#674=B_SPLINE_CURVE_WITH_KNOTS('',3,(#8748,#8749,#8750,#8751),
 .UNSPECIFIED.,.F.,.F.,(4,4),(0.,11.2205143686626),.UNSPECIFIED.);
#675=B_SPLINE_CURVE_WITH_KNOTS('',3,(#8752,#8753,#8754,#8755,#8756,#8757),
 .UNSPECIFIED.,.F.,.F.,(4,1,1,4),(16.6767699723298,16.9512126528321,17.1341744398336,
17.3171362268352),.UNSPECIFIED.);
#676=B_SPLINE_CURVE_WITH_KNOTS('',3,(#8783,#8784,#8785,#8786,#8787,#8788,
#8789,#8790,#8791,#8792,#8793,#8794,#8795,#8796,#8797,#8798,#8799,#8800,
#8801,#8802,#8803,#8804,#8805,#8806,#8807,#8808,#8809,#8810,#8811,#8812,
#8813,#8814,#8815,#8816,#8817,#8818,#8819,#8820,#8821,#8822),
 .UNSPECIFIED.,.F.,.F.,(4,3,3,3,3,3,3,3,3,3,3,3,3,4),(0.,0.135430182835321,
0.272681595673316,0.411830695421169,0.436303831309995,0.576679841812915,
0.717129047205466,0.763503800092384,0.872496178011926,1.03619591062463,
1.1939351116166,1.35100450812443,1.50603952917513,1.52729510846272),
 .UNSPECIFIED.);
#677=B_SPLINE_CURVE_WITH_KNOTS('',3,(#8824,#8825,#8826,#8827),
 .UNSPECIFIED.,.F.,.F.,(4,4),(0.,11.2205143686626),.UNSPECIFIED.);
#678=B_SPLINE_CURVE_WITH_KNOTS('',3,(#8828,#8829,#8830,#8831,#8832,#8833),
 .UNSPECIFIED.,.F.,.F.,(4,1,1,4),(16.0361000393502,16.2191485916301,16.40219714391,
16.6767699723298),.UNSPECIFIED.);
#679=B_SPLINE_CURVE_WITH_KNOTS('',3,(#8859,#8860,#8861,#8862),
 .UNSPECIFIED.,.F.,.F.,(4,4),(0.,11.2205143686626),.UNSPECIFIED.);
#680=B_SPLINE_CURVE_WITH_KNOTS('',3,(#8863,#8864,#8865,#8866,#8867,#8868),
 .UNSPECIFIED.,.F.,.F.,(4,1,1,4),(15.3951130184239,15.57825216726,15.7613913160961,
16.0361000393502),.UNSPECIFIED.);
#681=B_SPLINE_CURVE_WITH_KNOTS('',3,(#8869,#8870,#8871,#8872),
 .UNSPECIFIED.,.F.,.F.,(4,4),(1.01732008857693,1.52805363415934),
 .UNSPECIFIED.);
#682=B_SPLINE_CURVE_WITH_KNOTS('',3,(#8898,#8899,#8900,#8901),
 .UNSPECIFIED.,.F.,.F.,(4,4),(0.,11.2205143686626),.UNSPECIFIED.);
#683=B_SPLINE_CURVE_WITH_KNOTS('',3,(#8902,#8903,#8904,#8905,#8906,#8907),
 .UNSPECIFIED.,.F.,.F.,(4,1,1,4),(14.7537954312609,14.9370290275932,15.1202626239255,
15.3951130184239),.UNSPECIFIED.);
#684=B_SPLINE_CURVE_WITH_KNOTS('',3,(#8933,#8934,#8935,#8936),
 .UNSPECIFIED.,.F.,.F.,(4,4),(0.,11.2205143686626),.UNSPECIFIED.);
#685=B_SPLINE_CURVE_WITH_KNOTS('',3,(#8937,#8938,#8939,#8940,#8941,#8942),
 .UNSPECIFIED.,.F.,.F.,(4,1,1,4),(14.1121337275876,14.3871316005904,14.5704635159257,
14.7537954312609),.UNSPECIFIED.);
#686=B_SPLINE_CURVE_WITH_KNOTS('',3,(#8968,#8969,#8970,#8971),
 .UNSPECIFIED.,.F.,.F.,(4,4),(0.,11.2205143686626),.UNSPECIFIED.);
#687=B_SPLINE_CURVE_WITH_KNOTS('',3,(#8972,#8973,#8974,#8975,#8976,#8977),
 .UNSPECIFIED.,.F.,.F.,(4,1,1,4),(13.4701142819313,13.7452654729269,13.9286996002572,
14.1121337275876),.UNSPECIFIED.);
#688=B_SPLINE_CURVE_WITH_KNOTS('',3,(#9003,#9004,#9005,#9006),
 .UNSPECIFIED.,.F.,.F.,(4,4),(0.,11.2205143686626),.UNSPECIFIED.);
#689=B_SPLINE_CURVE_WITH_KNOTS('',3,(#9007,#9008,#9009,#9010,#9011,#9012),
 .UNSPECIFIED.,.F.,.F.,(4,1,1,4),(12.8277233903551,13.1030337724592,13.2865740271953,
13.4701142819313),.UNSPECIFIED.);
#690=B_SPLINE_CURVE_WITH_KNOTS('',3,(#9038,#9039,#9040,#9041),
 .UNSPECIFIED.,.F.,.F.,(4,4),(0.,11.2205143686626),.UNSPECIFIED.);
#691=B_SPLINE_CURVE_WITH_KNOTS('',3,(#9042,#9043,#9044,#9045,#9046,#9047),
 .UNSPECIFIED.,.F.,.F.,(4,1,1,4),(12.1849472671377,12.4604227485166,12.6440730694359,
12.8277233903551),.UNSPECIFIED.);
#692=B_SPLINE_CURVE_WITH_KNOTS('',3,(#9073,#9074,#9075,#9076),
 .UNSPECIFIED.,.F.,.F.,(4,4),(0.,11.2205143686626),.UNSPECIFIED.);
#693=B_SPLINE_CURVE_WITH_KNOTS('',3,(#9077,#9078,#9079,#9080,#9081,#9082),
 .UNSPECIFIED.,.F.,.F.,(4,1,1,4),(11.5417720413984,11.8174185667153,12.0011829169265,
12.1849472671377),.UNSPECIFIED.);
#694=B_SPLINE_CURVE_WITH_KNOTS('',3,(#9108,#9109,#9110,#9111),
 .UNSPECIFIED.,.F.,.F.,(4,4),(0.,11.2205143686626),.UNSPECIFIED.);
#695=B_SPLINE_CURVE_WITH_KNOTS('',3,(#9112,#9113,#9114,#9115,#9116,#9117),
 .UNSPECIFIED.,.F.,.F.,(4,1,1,4),(10.8981837536627,11.0820661215872,11.2659484895117,
11.5417720413984),.UNSPECIFIED.);
#696=B_SPLINE_CURVE_WITH_KNOTS('',3,(#9143,#9144,#9145,#9146),
 .UNSPECIFIED.,.F.,.F.,(4,4),(0.,11.2205143686626),.UNSPECIFIED.);
#697=B_SPLINE_CURVE_WITH_KNOTS('',3,(#9147,#9148,#9149,#9150,#9151,#9152),
 .UNSPECIFIED.,.F.,.F.,(4,1,1,4),(10.2363210832681,10.5199765134372,10.70908013355,
10.8981837536627),.UNSPECIFIED.);
#698=B_SPLINE_CURVE_WITH_KNOTS('',3,(#9178,#9179,#9180,#9181),
 .UNSPECIFIED.,.F.,.F.,(4,4),(0.,11.2205143686626),.UNSPECIFIED.);
#699=B_SPLINE_CURVE_WITH_KNOTS('',3,(#9182,#9183,#9184,#9185,#9186,#9187),
 .UNSPECIFIED.,.F.,.F.,(4,1,1,4),(9.59749597962973,9.78001743781211,9.96253889599449,
10.2363210832681),.UNSPECIFIED.);
#700=B_SPLINE_CURVE_WITH_KNOTS('',3,(#9213,#9214,#9215,#9216),
 .UNSPECIFIED.,.F.,.F.,(4,4),(0.,11.2205143686626),.UNSPECIFIED.);
#701=B_SPLINE_CURVE_WITH_KNOTS('',3,(#9217,#9218,#9219,#9220,#9221,#9222),
 .UNSPECIFIED.,.F.,.F.,(4,1,1,4),(8.95856018465614,9.23238981107339,9.41494289535156,
9.59749597962973),.UNSPECIFIED.);
#702=B_SPLINE_CURVE_WITH_KNOTS('',3,(#9248,#9249,#9250,#9251),
 .UNSPECIFIED.,.F.,.F.,(4,4),(0.,11.2205143686626),.UNSPECIFIED.);
#703=B_SPLINE_CURVE_WITH_KNOTS('',3,(#9252,#9253,#9254,#9255,#9256,#9257),
 .UNSPECIFIED.,.F.,.F.,(4,1,1,4),(8.31951044001292,8.50209608133956,8.68468172266619,
8.95856018465614),.UNSPECIFIED.);
#704=B_SPLINE_CURVE_WITH_KNOTS('',3,(#9283,#9284,#9285,#9286),
 .UNSPECIFIED.,.F.,.F.,(4,4),(0.,11.2205143686626),.UNSPECIFIED.);
#705=B_SPLINE_CURVE_WITH_KNOTS('',3,(#9287,#9288,#9289,#9290,#9291,#9292),
 .UNSPECIFIED.,.F.,.F.,(4,1,1,4),(7.6803434813212,7.95427217790336,8.13689130895814,
8.31951044001292),.UNSPECIFIED.);
#706=B_SPLINE_CURVE_WITH_KNOTS('',3,(#9318,#9319,#9320,#9321),
 .UNSPECIFIED.,.F.,.F.,(4,4),(0.,11.2205143686626),.UNSPECIFIED.);
#707=B_SPLINE_CURVE_WITH_KNOTS('',3,(#9322,#9323,#9324,#9325,#9326,#9327),
 .UNSPECIFIED.,.F.,.F.,(4,1,1,4),(7.04105603797718,7.3150363708389,7.49768992608005,
7.6803434813212),.UNSPECIFIED.);
#708=B_SPLINE_CURVE_WITH_KNOTS('',3,(#9353,#9354,#9355,#9356),
 .UNSPECIFIED.,.F.,.F.,(4,4),(0.,11.2205143686626),.UNSPECIFIED.);
#709=B_SPLINE_CURVE_WITH_KNOTS('',3,(#9357,#9358,#9359,#9360,#9361,#9362),
 .UNSPECIFIED.,.F.,.F.,(4,1,1,4),(6.40164483297072,6.67567820654491,6.85836712226105,
7.04105603797718),.UNSPECIFIED.);
#710=B_SPLINE_CURVE_WITH_KNOTS('',3,(#9388,#9389,#9390,#9391),
 .UNSPECIFIED.,.F.,.F.,(4,4),(0.,11.2205143686626),.UNSPECIFIED.);
#711=B_SPLINE_CURVE_WITH_KNOTS('',3,(#9392,#9393,#9394,#9395,#9396,#9397),
 .UNSPECIFIED.,.F.,.F.,(4,1,1,4),(5.7621065827028,6.03619440424619,6.21891961860845,
6.40164483297072),.UNSPECIFIED.);
#712=B_SPLINE_CURVE_WITH_KNOTS('',3,(#9423,#9424,#9425,#9426),
 .UNSPECIFIED.,.F.,.F.,(4,4),(0.,11.2205143686626),.UNSPECIFIED.);
#713=B_SPLINE_CURVE_WITH_KNOTS('',3,(#9427,#9428,#9429,#9430,#9431,#9432),
 .UNSPECIFIED.,.F.,.F.,(4,1,1,4),(5.12243799680199,5.39658167647376,5.57934412958828,
5.7621065827028),.UNSPECIFIED.);
#714=B_SPLINE_CURVE_WITH_KNOTS('',3,(#9457,#9458,#9459,#9460),
 .UNSPECIFIED.,.F.,.F.,(4,4),(0.,0.35),.UNSPECIFIED.);
#715=B_SPLINE_CURVE_WITH_KNOTS('',3,(#9461,#9462,#9463,#9464),
 .UNSPECIFIED.,.F.,.F.,(4,4),(-0.35,0.),.UNSPECIFIED.);
#716=B_SPLINE_CURVE_WITH_KNOTS('',3,(#9489,#9490,#9491,#9492),
 .UNSPECIFIED.,.F.,.F.,(4,4),(0.,0.35),.UNSPECIFIED.);
#717=B_SPLINE_CURVE_WITH_KNOTS('',3,(#9517,#9518,#9519,#9520),
 .UNSPECIFIED.,.F.,.F.,(4,4),(0.,0.35),.UNSPECIFIED.);
#718=B_SPLINE_CURVE_WITH_KNOTS('',3,(#9545,#9546,#9547,#9548),
 .UNSPECIFIED.,.F.,.F.,(4,4),(0.,0.35),.UNSPECIFIED.);
#719=B_SPLINE_CURVE_WITH_KNOTS('',3,(#9621,#9622,#9623,#9624),
 .UNSPECIFIED.,.F.,.F.,(4,4),(0.,0.35),.UNSPECIFIED.);
#720=B_SPLINE_CURVE_WITH_KNOTS('',3,(#9761,#9762,#9763,#9764),
 .UNSPECIFIED.,.F.,.F.,(4,4),(0.,0.35),.UNSPECIFIED.);
#721=B_SPLINE_CURVE_WITH_KNOTS('',3,(#10029,#10030,#10031,#10032),
 .UNSPECIFIED.,.F.,.F.,(4,4),(0.,0.35),.UNSPECIFIED.);
#722=B_SPLINE_CURVE_WITH_KNOTS('',3,(#10057,#10058,#10059,#10060),
 .UNSPECIFIED.,.F.,.F.,(4,4),(0.,0.35),.UNSPECIFIED.);
#723=B_SPLINE_CURVE_WITH_KNOTS('',3,(#10205,#10206,#10207,#10208),
 .UNSPECIFIED.,.F.,.F.,(4,4),(4.97206367439773,5.12243799680199),
 .UNSPECIFIED.);
#724=B_SPLINE_CURVE_WITH_KNOTS('',3,(#10228,#10229,#10230,#10231,#10232,
#10233,#10234,#10235,#10236,#10237,#10238,#10239,#10240,#10241,#10242,#10243,
#10244,#10245,#10246,#10247),.UNSPECIFIED.,.F.,.F.,(4,2,2,2,2,2,2,2,2,4),
(0.266907450802331,0.324653799624838,0.401457462591328,0.461166072568251,
0.51120909647165,0.558111741787374,0.608797851588462,0.669612320145622,
0.743009964961924,0.79087253734811),.UNSPECIFIED.);
#725=B_SPLINE_CURVE_WITH_KNOTS('',3,(#10251,#10252,#10253,#10254,#10255,
#10256,#10257,#10258,#10259,#10260,#10261,#10262,#10263,#10264,#10265,#10266,
#10267,#10268,#10269,#10270,#10271),.UNSPECIFIED.,.F.,.F.,(4,2,2,2,2,3,
2,2,2,4),(0.79087253734811,0.824003860029826,0.903658361566075,0.97134087446559,
1.0098720000087,1.04774788024092,1.09604967785892,1.1467196432331,1.20766092624983,
1.23551212406979),.UNSPECIFIED.);
#726=LINE('',#2248,#736);
#727=LINE('',#2376,#737);
#728=LINE('',#2913,#738);
#729=LINE('',#3584,#739);
#730=LINE('',#4307,#740);
#731=LINE('',#4623,#741);
#732=LINE('',#5328,#742);
#733=LINE('',#7620,#743);
#734=LINE('',#7652,#744);
#735=LINE('',#10328,#745);
#736=VECTOR('',#2196,19.);
#737=VECTOR('',#2201,19.);
#738=VECTOR('',#2206,19.);
#739=VECTOR('',#2209,19.);
#740=VECTOR('',#2214,19.);
#741=VECTOR('',#2217,19.);
#742=VECTOR('',#2218,10.);
#743=VECTOR('',#2219,10.);
#744=VECTOR('',#2220,10.);
#745=VECTOR('',#2241,16.);
#746=VERTEX_POINT('',#2246);
#747=VERTEX_POINT('',#2247);
#748=VERTEX_POINT('',#2249);
#749=VERTEX_POINT('',#2256);
#750=VERTEX_POINT('',#2294);
#751=VERTEX_POINT('',#2332);
#752=VERTEX_POINT('',#2367);
#753=VERTEX_POINT('',#2374);
#754=VERTEX_POINT('',#2375);
#755=VERTEX_POINT('',#2377);
#756=VERTEX_POINT('',#2384);
#757=VERTEX_POINT('',#2422);
#758=VERTEX_POINT('',#2460);
#759=VERTEX_POINT('',#2498);
#760=VERTEX_POINT('',#2536);
#761=VERTEX_POINT('',#2574);
#762=VERTEX_POINT('',#2612);
#763=VERTEX_POINT('',#2626);
#764=VERTEX_POINT('',#2655);
#765=VERTEX_POINT('',#2693);
#766=VERTEX_POINT('',#2735);
#767=VERTEX_POINT('',#2737);
#768=VERTEX_POINT('',#2742);
#769=VERTEX_POINT('',#2783);
#770=VERTEX_POINT('',#2824);
#771=VERTEX_POINT('',#2865);
#772=VERTEX_POINT('',#2911);
#773=VERTEX_POINT('',#2912);
#774=VERTEX_POINT('',#2914);
#775=VERTEX_POINT('',#2919);
#776=VERTEX_POINT('',#2957);
#777=VERTEX_POINT('',#2995);
#778=VERTEX_POINT('',#3033);
#779=VERTEX_POINT('',#3071);
#780=VERTEX_POINT('',#3109);
#781=VERTEX_POINT('',#3147);
#782=VERTEX_POINT('',#3185);
#783=VERTEX_POINT('',#3223);
#784=VERTEX_POINT('',#3265);
#785=VERTEX_POINT('',#3272);
#786=VERTEX_POINT('',#3313);
#787=VERTEX_POINT('',#3345);
#788=VERTEX_POINT('',#3359);
#789=VERTEX_POINT('',#3394);
#790=VERTEX_POINT('',#3429);
#791=VERTEX_POINT('',#3464);
#792=VERTEX_POINT('',#3499);
#793=VERTEX_POINT('',#3534);
#794=VERTEX_POINT('',#3582);
#795=VERTEX_POINT('',#3583);
#796=VERTEX_POINT('',#3585);
#797=VERTEX_POINT('',#3590);
#798=VERTEX_POINT('',#3628);
#799=VERTEX_POINT('',#3666);
#800=VERTEX_POINT('',#3704);
#801=VERTEX_POINT('',#3742);
#802=VERTEX_POINT('',#3780);
#803=VERTEX_POINT('',#3818);
#804=VERTEX_POINT('',#3856);
#805=VERTEX_POINT('',#3894);
#806=VERTEX_POINT('',#3938);
#807=VERTEX_POINT('',#3943);
#808=VERTEX_POINT('',#3984);
#809=VERTEX_POINT('',#4025);
#810=VERTEX_POINT('',#4066);
#811=VERTEX_POINT('',#4104);
#812=VERTEX_POINT('',#4142);
#813=VERTEX_POINT('',#4180);
#814=VERTEX_POINT('',#4218);
#815=VERTEX_POINT('',#4256);
#816=VERTEX_POINT('',#4304);
#817=VERTEX_POINT('',#4306);
#818=VERTEX_POINT('',#4308);
#819=VERTEX_POINT('',#4315);
#820=VERTEX_POINT('',#4353);
#821=VERTEX_POINT('',#4388);
#822=VERTEX_POINT('',#4426);
#823=VERTEX_POINT('',#4461);
#824=VERTEX_POINT('',#4463);
#825=VERTEX_POINT('',#4501);
#826=VERTEX_POINT('',#4539);
#827=VERTEX_POINT('',#4577);
#828=VERTEX_POINT('',#4615);
#829=VERTEX_POINT('',#4622);
#830=VERTEX_POINT('',#4624);
#831=VERTEX_POINT('',#4631);
#832=VERTEX_POINT('',#4672);
#833=VERTEX_POINT('',#4713);
#834=VERTEX_POINT('',#4748);
#835=VERTEX_POINT('',#4789);
#836=VERTEX_POINT('',#4830);
#837=VERTEX_POINT('',#4865);
#838=VERTEX_POINT('',#4903);
#839=VERTEX_POINT('',#4941);
#840=VERTEX_POINT('',#4996);
#841=VERTEX_POINT('',#4997);
#842=VERTEX_POINT('',#5002);
#843=VERTEX_POINT('',#5038);
#844=VERTEX_POINT('',#5039);
#845=VERTEX_POINT('',#5077);
#846=VERTEX_POINT('',#5082);
#847=VERTEX_POINT('',#5121);
#848=VERTEX_POINT('',#5156);
#849=VERTEX_POINT('',#5191);
#850=VERTEX_POINT('',#5226);
#851=VERTEX_POINT('',#5261);
#852=VERTEX_POINT('',#5296);
#853=VERTEX_POINT('',#5327);
#854=VERTEX_POINT('',#5350);
#855=VERTEX_POINT('',#5383);
#856=VERTEX_POINT('',#5418);
#857=VERTEX_POINT('',#5453);
#858=VERTEX_POINT('',#5488);
#859=VERTEX_POINT('',#5523);
#860=VERTEX_POINT('',#5558);
#861=VERTEX_POINT('',#5593);
#862=VERTEX_POINT('',#5628);
#863=VERTEX_POINT('',#5663);
#864=VERTEX_POINT('',#5698);
#865=VERTEX_POINT('',#5733);
#866=VERTEX_POINT('',#5768);
#867=VERTEX_POINT('',#5803);
#868=VERTEX_POINT('',#5838);
#869=VERTEX_POINT('',#5873);
#870=VERTEX_POINT('',#5908);
#871=VERTEX_POINT('',#5943);
#872=VERTEX_POINT('',#5978);
#873=VERTEX_POINT('',#6013);
#874=VERTEX_POINT('',#6048);
#875=VERTEX_POINT('',#6083);
#876=VERTEX_POINT('',#6118);
#877=VERTEX_POINT('',#6153);
#878=VERTEX_POINT('',#6188);
#879=VERTEX_POINT('',#6223);
#880=VERTEX_POINT('',#6258);
#881=VERTEX_POINT('',#6293);
#882=VERTEX_POINT('',#6300);
#883=VERTEX_POINT('',#6335);
#884=VERTEX_POINT('',#6373);
#885=VERTEX_POINT('',#6408);
#886=VERTEX_POINT('',#6446);
#887=VERTEX_POINT('',#6481);
#888=VERTEX_POINT('',#6519);
#889=VERTEX_POINT('',#6554);
#890=VERTEX_POINT('',#6592);
#891=VERTEX_POINT('',#6627);
#892=VERTEX_POINT('',#6665);
#893=VERTEX_POINT('',#6700);
#894=VERTEX_POINT('',#6738);
#895=VERTEX_POINT('',#6773);
#896=VERTEX_POINT('',#6811);
#897=VERTEX_POINT('',#6846);
#898=VERTEX_POINT('',#6884);
#899=VERTEX_POINT('',#6919);
#900=VERTEX_POINT('',#6957);
#901=VERTEX_POINT('',#6992);
#902=VERTEX_POINT('',#7031);
#903=VERTEX_POINT('',#7066);
#904=VERTEX_POINT('',#7101);
#905=VERTEX_POINT('',#7136);
#906=VERTEX_POINT('',#7171);
#907=VERTEX_POINT('',#7176);
#908=VERTEX_POINT('',#7183);
#909=VERTEX_POINT('',#7188);
#910=VERTEX_POINT('',#7223);
#911=VERTEX_POINT('',#7260);
#912=VERTEX_POINT('',#7297);
#913=VERTEX_POINT('',#7334);
#914=VERTEX_POINT('',#7371);
#915=VERTEX_POINT('',#7408);
#916=VERTEX_POINT('',#7447);
#917=VERTEX_POINT('',#7619);
#918=VERTEX_POINT('',#7678);
#919=VERTEX_POINT('',#7683);
#920=VERTEX_POINT('',#7718);
#921=VERTEX_POINT('',#7753);
#922=VERTEX_POINT('',#7788);
#923=VERTEX_POINT('',#7823);
#924=VERTEX_POINT('',#7858);
#925=VERTEX_POINT('',#7893);
#926=VERTEX_POINT('',#7928);
#927=VERTEX_POINT('',#7963);
#928=VERTEX_POINT('',#7998);
#929=VERTEX_POINT('',#8033);
#930=VERTEX_POINT('',#8068);
#931=VERTEX_POINT('',#8103);
#932=VERTEX_POINT('',#8138);
#933=VERTEX_POINT('',#8173);
#934=VERTEX_POINT('',#8178);
#935=VERTEX_POINT('',#8213);
#936=VERTEX_POINT('',#8251);
#937=VERTEX_POINT('',#8286);
#938=VERTEX_POINT('',#8321);
#939=VERTEX_POINT('',#8356);
#940=VERTEX_POINT('',#8391);
#941=VERTEX_POINT('',#8426);
#942=VERTEX_POINT('',#8467);
#943=VERTEX_POINT('',#8502);
#944=VERTEX_POINT('',#8537);
#945=VERTEX_POINT('',#8572);
#946=VERTEX_POINT('',#8607);
#947=VERTEX_POINT('',#8642);
#948=VERTEX_POINT('',#8677);
#949=VERTEX_POINT('',#8712);
#950=VERTEX_POINT('',#8747);
#951=VERTEX_POINT('',#8782);
#952=VERTEX_POINT('',#8823);
#953=VERTEX_POINT('',#8858);
#954=VERTEX_POINT('',#8897);
#955=VERTEX_POINT('',#8932);
#956=VERTEX_POINT('',#8967);
#957=VERTEX_POINT('',#9002);
#958=VERTEX_POINT('',#9037);
#959=VERTEX_POINT('',#9072);
#960=VERTEX_POINT('',#9107);
#961=VERTEX_POINT('',#9142);
#962=VERTEX_POINT('',#9177);
#963=VERTEX_POINT('',#9212);
#964=VERTEX_POINT('',#9247);
#965=VERTEX_POINT('',#9282);
#966=VERTEX_POINT('',#9317);
#967=VERTEX_POINT('',#9352);
#968=VERTEX_POINT('',#9387);
#969=VERTEX_POINT('',#9422);
#970=VERTEX_POINT('',#10227);
#971=VERTEX_POINT('',#10248);
#972=VERTEX_POINT('',#10326);
#973=EDGE_CURVE('',#746,#747,#726,.T.);
#974=EDGE_CURVE('',#746,#748,#393,.T.);
#975=EDGE_CURVE('',#748,#749,#394,.T.);
#976=EDGE_CURVE('',#749,#750,#395,.T.);
#977=EDGE_CURVE('',#750,#751,#396,.T.);
#978=EDGE_CURVE('',#751,#752,#397,.T.);
#979=EDGE_CURVE('',#752,#747,#386,.T.);
#980=EDGE_CURVE('',#753,#754,#727,.T.);
#981=EDGE_CURVE('',#753,#755,#398,.T.);
#982=EDGE_CURVE('',#755,#756,#399,.T.);
#983=EDGE_CURVE('',#756,#757,#400,.T.);
#984=EDGE_CURVE('',#757,#758,#401,.T.);
#985=EDGE_CURVE('',#758,#759,#402,.T.);
#986=EDGE_CURVE('',#759,#760,#403,.T.);
#987=EDGE_CURVE('',#760,#761,#404,.T.);
#988=EDGE_CURVE('',#761,#762,#405,.T.);
#989=EDGE_CURVE('',#762,#763,#406,.T.);
#990=EDGE_CURVE('',#763,#764,#407,.T.);
#991=EDGE_CURVE('',#764,#765,#408,.T.);
#992=EDGE_CURVE('',#765,#746,#409,.T.);
#993=EDGE_CURVE('',#747,#766,#387,.T.);
#994=EDGE_CURVE('',#766,#767,#410,.T.);
#995=EDGE_CURVE('',#767,#768,#411,.T.);
#996=EDGE_CURVE('',#768,#769,#412,.T.);
#997=EDGE_CURVE('',#769,#770,#413,.T.);
#998=EDGE_CURVE('',#770,#771,#414,.T.);
#999=EDGE_CURVE('',#771,#754,#415,.T.);
#1000=EDGE_CURVE('',#772,#773,#728,.T.);
#1001=EDGE_CURVE('',#772,#774,#416,.T.);
#1002=EDGE_CURVE('',#774,#775,#417,.T.);
#1003=EDGE_CURVE('',#775,#776,#418,.T.);
#1004=EDGE_CURVE('',#776,#777,#419,.T.);
#1005=EDGE_CURVE('',#777,#778,#420,.T.);
#1006=EDGE_CURVE('',#778,#779,#421,.T.);
#1007=EDGE_CURVE('',#779,#780,#422,.T.);
#1008=EDGE_CURVE('',#780,#781,#423,.T.);
#1009=EDGE_CURVE('',#781,#782,#424,.T.);
#1010=EDGE_CURVE('',#782,#783,#425,.T.);
#1011=EDGE_CURVE('',#783,#753,#426,.T.);
#1012=EDGE_CURVE('',#754,#784,#427,.T.);
#1013=EDGE_CURVE('',#784,#785,#428,.T.);
#1014=EDGE_CURVE('',#785,#786,#429,.T.);
#1015=EDGE_CURVE('',#786,#787,#430,.T.);
#1016=EDGE_CURVE('',#787,#788,#431,.T.);
#1017=EDGE_CURVE('',#788,#789,#432,.T.);
#1018=EDGE_CURVE('',#789,#790,#433,.T.);
#1019=EDGE_CURVE('',#790,#791,#434,.T.);
#1020=EDGE_CURVE('',#791,#792,#435,.T.);
#1021=EDGE_CURVE('',#792,#793,#436,.T.);
#1022=EDGE_CURVE('',#793,#773,#437,.T.);
#1023=EDGE_CURVE('',#794,#795,#729,.T.);
#1024=EDGE_CURVE('',#794,#796,#438,.T.);
#1025=EDGE_CURVE('',#796,#797,#439,.T.);
#1026=EDGE_CURVE('',#797,#798,#440,.T.);
#1027=EDGE_CURVE('',#798,#799,#441,.T.);
#1028=EDGE_CURVE('',#799,#800,#442,.T.);
#1029=EDGE_CURVE('',#800,#801,#443,.T.);
#1030=EDGE_CURVE('',#801,#802,#444,.T.);
#1031=EDGE_CURVE('',#802,#803,#445,.T.);
#1032=EDGE_CURVE('',#803,#804,#446,.T.);
#1033=EDGE_CURVE('',#804,#805,#447,.T.);
#1034=EDGE_CURVE('',#805,#772,#448,.T.);
#1035=EDGE_CURVE('',#773,#806,#449,.T.);
#1036=EDGE_CURVE('',#806,#807,#450,.T.);
#1037=EDGE_CURVE('',#807,#808,#451,.T.);
#1038=EDGE_CURVE('',#808,#809,#452,.T.);
#1039=EDGE_CURVE('',#809,#810,#453,.T.);
#1040=EDGE_CURVE('',#810,#811,#454,.T.);
#1041=EDGE_CURVE('',#811,#812,#455,.T.);
#1042=EDGE_CURVE('',#812,#813,#456,.T.);
#1043=EDGE_CURVE('',#813,#814,#457,.T.);
#1044=EDGE_CURVE('',#814,#815,#458,.T.);
#1045=EDGE_CURVE('',#815,#795,#459,.T.);
#1046=EDGE_CURVE('',#816,#816,#388,.T.);
#1047=EDGE_CURVE('',#816,#817,#730,.T.);
#1048=EDGE_CURVE('',#817,#818,#460,.T.);
#1049=EDGE_CURVE('',#818,#819,#461,.T.);
#1050=EDGE_CURVE('',#819,#820,#462,.T.);
#1051=EDGE_CURVE('',#820,#821,#463,.T.);
#1052=EDGE_CURVE('',#821,#822,#464,.T.);
#1053=EDGE_CURVE('',#822,#823,#134,.T.);
#1054=EDGE_CURVE('',#823,#824,#465,.T.);
#1055=EDGE_CURVE('',#824,#825,#466,.T.);
#1056=EDGE_CURVE('',#825,#826,#467,.T.);
#1057=EDGE_CURVE('',#826,#827,#468,.T.);
#1058=EDGE_CURVE('',#827,#828,#469,.T.);
#1059=EDGE_CURVE('',#828,#829,#731,.T.);
#1060=EDGE_CURVE('',#829,#830,#470,.T.);
#1061=EDGE_CURVE('',#830,#831,#471,.T.);
#1062=EDGE_CURVE('',#831,#832,#472,.T.);
#1063=EDGE_CURVE('',#832,#833,#473,.T.);
#1064=EDGE_CURVE('',#833,#834,#474,.T.);
#1065=EDGE_CURVE('',#834,#835,#475,.T.);
#1066=EDGE_CURVE('',#835,#836,#476,.T.);
#1067=EDGE_CURVE('',#836,#837,#477,.T.);
#1068=EDGE_CURVE('',#837,#838,#478,.T.);
#1069=EDGE_CURVE('',#838,#839,#479,.T.);
#1070=EDGE_CURVE('',#839,#817,#480,.T.);
#1071=EDGE_CURVE('',#840,#841,#481,.T.);
#1072=EDGE_CURVE('',#842,#840,#482,.T.);
#1073=EDGE_CURVE('',#842,#841,#483,.T.);
#1074=EDGE_CURVE('',#843,#844,#484,.T.);
#1075=EDGE_CURVE('',#845,#843,#485,.T.);
#1076=EDGE_CURVE('',#845,#846,#486,.T.);
#1077=EDGE_CURVE('',#844,#846,#487,.T.);
#1078=EDGE_CURVE('',#751,#843,#488,.T.);
#1079=EDGE_CURVE('',#847,#750,#489,.T.);
#1080=EDGE_CURVE('',#847,#845,#490,.T.);
#1081=EDGE_CURVE('',#848,#749,#491,.T.);
#1082=EDGE_CURVE('',#848,#847,#492,.T.);
#1083=EDGE_CURVE('',#849,#748,#493,.T.);
#1084=EDGE_CURVE('',#849,#848,#494,.T.);
#1085=EDGE_CURVE('',#850,#765,#495,.T.);
#1086=EDGE_CURVE('',#850,#849,#496,.T.);
#1087=EDGE_CURVE('',#851,#764,#497,.T.);
#1088=EDGE_CURVE('',#851,#850,#498,.T.);
#1089=EDGE_CURVE('',#852,#763,#499,.T.);
#1090=EDGE_CURVE('',#852,#851,#500,.T.);
#1091=EDGE_CURVE('',#762,#853,#732,.T.);
#1092=EDGE_CURVE('',#853,#852,#501,.T.);
#1093=EDGE_CURVE('',#761,#854,#502,.T.);
#1094=EDGE_CURVE('',#853,#854,#503,.T.);
#1095=EDGE_CURVE('',#760,#855,#504,.T.);
#1096=EDGE_CURVE('',#854,#855,#505,.T.);
#1097=EDGE_CURVE('',#759,#856,#506,.T.);
#1098=EDGE_CURVE('',#855,#856,#507,.T.);
#1099=EDGE_CURVE('',#758,#857,#508,.T.);
#1100=EDGE_CURVE('',#856,#857,#509,.T.);
#1101=EDGE_CURVE('',#757,#858,#510,.T.);
#1102=EDGE_CURVE('',#857,#858,#511,.T.);
#1103=EDGE_CURVE('',#756,#859,#512,.T.);
#1104=EDGE_CURVE('',#858,#859,#513,.T.);
#1105=EDGE_CURVE('',#755,#860,#514,.T.);
#1106=EDGE_CURVE('',#859,#860,#515,.T.);
#1107=EDGE_CURVE('',#783,#861,#516,.T.);
#1108=EDGE_CURVE('',#860,#861,#517,.T.);
#1109=EDGE_CURVE('',#782,#862,#518,.T.);
#1110=EDGE_CURVE('',#861,#862,#519,.T.);
#1111=EDGE_CURVE('',#781,#863,#520,.T.);
#1112=EDGE_CURVE('',#862,#863,#521,.T.);
#1113=EDGE_CURVE('',#780,#864,#522,.T.);
#1114=EDGE_CURVE('',#863,#864,#523,.T.);
#1115=EDGE_CURVE('',#779,#865,#524,.T.);
#1116=EDGE_CURVE('',#864,#865,#525,.T.);
#1117=EDGE_CURVE('',#778,#866,#526,.T.);
#1118=EDGE_CURVE('',#865,#866,#527,.T.);
#1119=EDGE_CURVE('',#777,#867,#528,.T.);
#1120=EDGE_CURVE('',#866,#867,#529,.T.);
#1121=EDGE_CURVE('',#776,#868,#530,.T.);
#1122=EDGE_CURVE('',#867,#868,#531,.T.);
#1123=EDGE_CURVE('',#775,#869,#532,.T.);
#1124=EDGE_CURVE('',#868,#869,#533,.T.);
#1125=EDGE_CURVE('',#774,#870,#534,.T.);
#1126=EDGE_CURVE('',#869,#870,#535,.T.);
#1127=EDGE_CURVE('',#805,#871,#536,.T.);
#1128=EDGE_CURVE('',#870,#871,#537,.T.);
#1129=EDGE_CURVE('',#804,#872,#538,.T.);
#1130=EDGE_CURVE('',#871,#872,#539,.T.);
#1131=EDGE_CURVE('',#803,#873,#540,.T.);
#1132=EDGE_CURVE('',#872,#873,#541,.T.);
#1133=EDGE_CURVE('',#802,#874,#542,.T.);
#1134=EDGE_CURVE('',#873,#874,#543,.T.);
#1135=EDGE_CURVE('',#801,#875,#544,.T.);
#1136=EDGE_CURVE('',#874,#875,#545,.T.);
#1137=EDGE_CURVE('',#800,#876,#546,.T.);
#1138=EDGE_CURVE('',#875,#876,#547,.T.);
#1139=EDGE_CURVE('',#799,#877,#548,.T.);
#1140=EDGE_CURVE('',#876,#877,#549,.T.);
#1141=EDGE_CURVE('',#798,#878,#550,.T.);
#1142=EDGE_CURVE('',#877,#878,#551,.T.);
#1143=EDGE_CURVE('',#797,#879,#552,.T.);
#1144=EDGE_CURVE('',#878,#879,#553,.T.);
#1145=EDGE_CURVE('',#796,#880,#554,.T.);
#1146=EDGE_CURVE('',#879,#880,#555,.T.);
#1147=EDGE_CURVE('',#881,#794,#556,.T.);
#1148=EDGE_CURVE('',#881,#882,#557,.T.);
#1149=EDGE_CURVE('',#880,#882,#558,.T.);
#1150=EDGE_CURVE('',#883,#881,#559,.T.);
#1151=EDGE_CURVE('',#883,#884,#560,.T.);
#1152=EDGE_CURVE('',#882,#884,#561,.T.);
#1153=EDGE_CURVE('',#885,#883,#562,.T.);
#1154=EDGE_CURVE('',#885,#886,#563,.T.);
#1155=EDGE_CURVE('',#884,#886,#564,.T.);
#1156=EDGE_CURVE('',#887,#885,#565,.T.);
#1157=EDGE_CURVE('',#887,#888,#566,.T.);
#1158=EDGE_CURVE('',#886,#888,#567,.T.);
#1159=EDGE_CURVE('',#889,#887,#568,.T.);
#1160=EDGE_CURVE('',#889,#890,#569,.T.);
#1161=EDGE_CURVE('',#888,#890,#570,.T.);
#1162=EDGE_CURVE('',#891,#889,#571,.T.);
#1163=EDGE_CURVE('',#891,#892,#572,.T.);
#1164=EDGE_CURVE('',#890,#892,#573,.T.);
#1165=EDGE_CURVE('',#893,#891,#574,.T.);
#1166=EDGE_CURVE('',#893,#894,#575,.T.);
#1167=EDGE_CURVE('',#892,#894,#576,.T.);
#1168=EDGE_CURVE('',#895,#893,#577,.T.);
#1169=EDGE_CURVE('',#895,#896,#578,.T.);
#1170=EDGE_CURVE('',#894,#896,#579,.T.);
#1171=EDGE_CURVE('',#897,#895,#580,.T.);
#1172=EDGE_CURVE('',#897,#898,#581,.T.);
#1173=EDGE_CURVE('',#896,#898,#582,.T.);
#1174=EDGE_CURVE('',#899,#897,#583,.T.);
#1175=EDGE_CURVE('',#899,#900,#584,.T.);
#1176=EDGE_CURVE('',#898,#900,#585,.T.);
#1177=EDGE_CURVE('',#827,#901,#586,.T.);
#1178=EDGE_CURVE('',#900,#901,#587,.T.);
#1179=EDGE_CURVE('',#828,#899,#588,.T.);
#1180=EDGE_CURVE('',#826,#902,#589,.T.);
#1181=EDGE_CURVE('',#901,#902,#590,.T.);
#1182=EDGE_CURVE('',#825,#903,#591,.T.);
#1183=EDGE_CURVE('',#902,#903,#592,.T.);
#1184=EDGE_CURVE('',#824,#904,#593,.T.);
#1185=EDGE_CURVE('',#903,#904,#594,.T.);
#1186=EDGE_CURVE('',#905,#823,#595,.T.);
#1187=EDGE_CURVE('',#904,#905,#596,.T.);
#1188=EDGE_CURVE('',#906,#766,#597,.T.);
#1189=EDGE_CURVE('',#906,#907,#598,.T.);
#1190=EDGE_CURVE('',#908,#907,#599,.T.);
#1191=EDGE_CURVE('',#909,#908,#600,.T.);
#1192=EDGE_CURVE('',#767,#909,#601,.T.);
#1193=EDGE_CURVE('',#910,#909,#602,.T.);
#1194=EDGE_CURVE('',#768,#910,#603,.T.);
#1195=EDGE_CURVE('',#911,#910,#604,.T.);
#1196=EDGE_CURVE('',#769,#911,#605,.T.);
#1197=EDGE_CURVE('',#912,#911,#606,.T.);
#1198=EDGE_CURVE('',#770,#912,#607,.T.);
#1199=EDGE_CURVE('',#913,#912,#608,.T.);
#1200=EDGE_CURVE('',#771,#913,#609,.T.);
#1201=EDGE_CURVE('',#914,#913,#610,.T.);
#1202=EDGE_CURVE('',#784,#914,#611,.T.);
#1203=EDGE_CURVE('',#915,#914,#612,.T.);
#1204=EDGE_CURVE('',#785,#915,#613,.T.);
#1205=EDGE_CURVE('',#841,#906,#614,.T.);
#1206=EDGE_CURVE('',#916,#842,#615,.T.);
#1207=EDGE_CURVE('',#844,#916,#616,.T.);
#1208=EDGE_CURVE('',#907,#844,#617,.T.);
#1209=EDGE_CURVE('',#853,#917,#733,.T.);
#1210=EDGE_CURVE('',#917,#915,#618,.T.);
#1211=EDGE_CURVE('',#846,#908,#619,.T.);
#1212=EDGE_CURVE('',#917,#786,#734,.T.);
#1213=EDGE_CURVE('',#918,#821,#620,.T.);
#1214=EDGE_CURVE('',#918,#919,#621,.T.);
#1215=EDGE_CURVE('',#822,#919,#622,.T.);
#1216=EDGE_CURVE('',#920,#820,#623,.T.);
#1217=EDGE_CURVE('',#920,#918,#624,.T.);
#1218=EDGE_CURVE('',#921,#819,#625,.T.);
#1219=EDGE_CURVE('',#921,#920,#626,.T.);
#1220=EDGE_CURVE('',#922,#818,#627,.T.);
#1221=EDGE_CURVE('',#922,#921,#628,.T.);
#1222=EDGE_CURVE('',#923,#839,#629,.T.);
#1223=EDGE_CURVE('',#923,#922,#630,.T.);
#1224=EDGE_CURVE('',#924,#838,#631,.T.);
#1225=EDGE_CURVE('',#924,#923,#632,.T.);
#1226=EDGE_CURVE('',#925,#837,#633,.T.);
#1227=EDGE_CURVE('',#925,#924,#634,.T.);
#1228=EDGE_CURVE('',#926,#836,#635,.T.);
#1229=EDGE_CURVE('',#926,#925,#636,.T.);
#1230=EDGE_CURVE('',#927,#835,#637,.T.);
#1231=EDGE_CURVE('',#927,#926,#638,.T.);
#1232=EDGE_CURVE('',#928,#834,#639,.T.);
#1233=EDGE_CURVE('',#928,#927,#640,.T.);
#1234=EDGE_CURVE('',#929,#833,#641,.T.);
#1235=EDGE_CURVE('',#929,#928,#642,.T.);
#1236=EDGE_CURVE('',#930,#832,#643,.T.);
#1237=EDGE_CURVE('',#930,#929,#644,.T.);
#1238=EDGE_CURVE('',#931,#831,#645,.T.);
#1239=EDGE_CURVE('',#931,#930,#646,.T.);
#1240=EDGE_CURVE('',#932,#830,#647,.T.);
#1241=EDGE_CURVE('',#932,#931,#648,.T.);
#1242=EDGE_CURVE('',#933,#829,#649,.T.);
#1243=EDGE_CURVE('',#934,#933,#650,.T.);
#1244=EDGE_CURVE('',#934,#932,#651,.T.);
#1245=EDGE_CURVE('',#935,#933,#652,.T.);
#1246=EDGE_CURVE('',#936,#935,#653,.T.);
#1247=EDGE_CURVE('',#936,#934,#654,.T.);
#1248=EDGE_CURVE('',#937,#935,#655,.T.);
#1249=EDGE_CURVE('',#938,#937,#656,.T.);
#1250=EDGE_CURVE('',#938,#936,#657,.T.);
#1251=EDGE_CURVE('',#939,#937,#658,.T.);
#1252=EDGE_CURVE('',#940,#939,#659,.T.);
#1253=EDGE_CURVE('',#940,#938,#660,.T.);
#1254=EDGE_CURVE('',#941,#939,#661,.T.);
#1255=EDGE_CURVE('',#942,#941,#662,.T.);
#1256=EDGE_CURVE('',#942,#940,#663,.T.);
#1257=EDGE_CURVE('',#943,#941,#664,.T.);
#1258=EDGE_CURVE('',#944,#943,#665,.T.);
#1259=EDGE_CURVE('',#944,#942,#666,.T.);
#1260=EDGE_CURVE('',#945,#943,#667,.T.);
#1261=EDGE_CURVE('',#946,#945,#668,.T.);
#1262=EDGE_CURVE('',#946,#944,#669,.T.);
#1263=EDGE_CURVE('',#947,#945,#670,.T.);
#1264=EDGE_CURVE('',#948,#947,#671,.T.);
#1265=EDGE_CURVE('',#948,#946,#672,.T.);
#1266=EDGE_CURVE('',#949,#947,#673,.T.);
#1267=EDGE_CURVE('',#950,#949,#674,.T.);
#1268=EDGE_CURVE('',#950,#948,#675,.T.);
#1269=EDGE_CURVE('',#951,#949,#676,.T.);
#1270=EDGE_CURVE('',#952,#951,#677,.T.);
#1271=EDGE_CURVE('',#952,#950,#678,.T.);
#1272=EDGE_CURVE('',#953,#815,#679,.T.);
#1273=EDGE_CURVE('',#953,#952,#680,.T.);
#1274=EDGE_CURVE('',#795,#951,#681,.T.);
#1275=EDGE_CURVE('',#954,#814,#682,.T.);
#1276=EDGE_CURVE('',#954,#953,#683,.T.);
#1277=EDGE_CURVE('',#955,#813,#684,.T.);
#1278=EDGE_CURVE('',#955,#954,#685,.T.);
#1279=EDGE_CURVE('',#956,#812,#686,.T.);
#1280=EDGE_CURVE('',#956,#955,#687,.T.);
#1281=EDGE_CURVE('',#957,#811,#688,.T.);
#1282=EDGE_CURVE('',#957,#956,#689,.T.);
#1283=EDGE_CURVE('',#958,#810,#690,.T.);
#1284=EDGE_CURVE('',#958,#957,#691,.T.);
#1285=EDGE_CURVE('',#959,#809,#692,.T.);
#1286=EDGE_CURVE('',#959,#958,#693,.T.);
#1287=EDGE_CURVE('',#960,#808,#694,.T.);
#1288=EDGE_CURVE('',#960,#959,#695,.T.);
#1289=EDGE_CURVE('',#961,#807,#696,.T.);
#1290=EDGE_CURVE('',#961,#960,#697,.T.);
#1291=EDGE_CURVE('',#962,#806,#698,.T.);
#1292=EDGE_CURVE('',#962,#961,#699,.T.);
#1293=EDGE_CURVE('',#963,#793,#700,.T.);
#1294=EDGE_CURVE('',#963,#962,#701,.T.);
#1295=EDGE_CURVE('',#964,#792,#702,.T.);
#1296=EDGE_CURVE('',#964,#963,#703,.T.);
#1297=EDGE_CURVE('',#965,#791,#704,.T.);
#1298=EDGE_CURVE('',#965,#964,#705,.T.);
#1299=EDGE_CURVE('',#966,#790,#706,.T.);
#1300=EDGE_CURVE('',#966,#965,#707,.T.);
#1301=EDGE_CURVE('',#967,#789,#708,.T.);
#1302=EDGE_CURVE('',#967,#966,#709,.T.);
#1303=EDGE_CURVE('',#968,#788,#710,.T.);
#1304=EDGE_CURVE('',#968,#967,#711,.T.);
#1305=EDGE_CURVE('',#969,#787,#712,.T.);
#1306=EDGE_CURVE('',#969,#968,#713,.T.);
#1307=EDGE_CURVE('',#904,#918,#714,.T.);
#1308=EDGE_CURVE('',#919,#905,#715,.T.);
#1309=EDGE_CURVE('',#903,#920,#716,.T.);
#1310=EDGE_CURVE('',#902,#921,#717,.T.);
#1311=EDGE_CURVE('',#901,#922,#718,.T.);
#1312=EDGE_CURVE('',#894,#926,#719,.T.);
#1313=EDGE_CURVE('',#879,#936,#720,.T.);
#1314=EDGE_CURVE('',#863,#960,#721,.T.);
#1315=EDGE_CURVE('',#862,#961,#722,.T.);
#1316=EDGE_CURVE('',#917,#969,#723,.T.);
#1317=EDGE_CURVE('',#752,#970,#724,.T.);
#1318=EDGE_CURVE('',#971,#970,#389,.T.);
#1319=EDGE_CURVE('',#970,#971,#390,.T.);
#1320=EDGE_CURVE('',#970,#840,#725,.T.);
#1321=EDGE_CURVE('',#844,#916,#391,.T.);
#1322=EDGE_CURVE('',#972,#972,#392,.T.);
#1323=EDGE_CURVE('',#972,#971,#735,.T.);
#1324=ORIENTED_EDGE('',*,*,#973,.F.);
#1325=ORIENTED_EDGE('',*,*,#974,.T.);
#1326=ORIENTED_EDGE('',*,*,#975,.T.);
#1327=ORIENTED_EDGE('',*,*,#976,.T.);
#1328=ORIENTED_EDGE('',*,*,#977,.T.);
#1329=ORIENTED_EDGE('',*,*,#978,.T.);
#1330=ORIENTED_EDGE('',*,*,#979,.T.);
#1331=ORIENTED_EDGE('',*,*,#980,.F.);
#1332=ORIENTED_EDGE('',*,*,#981,.T.);
#1333=ORIENTED_EDGE('',*,*,#982,.T.);
#1334=ORIENTED_EDGE('',*,*,#983,.T.);
#1335=ORIENTED_EDGE('',*,*,#984,.T.);
#1336=ORIENTED_EDGE('',*,*,#985,.T.);
#1337=ORIENTED_EDGE('',*,*,#986,.T.);
#1338=ORIENTED_EDGE('',*,*,#987,.T.);
#1339=ORIENTED_EDGE('',*,*,#988,.T.);
#1340=ORIENTED_EDGE('',*,*,#989,.T.);
#1341=ORIENTED_EDGE('',*,*,#990,.T.);
#1342=ORIENTED_EDGE('',*,*,#991,.T.);
#1343=ORIENTED_EDGE('',*,*,#992,.T.);
#1344=ORIENTED_EDGE('',*,*,#973,.T.);
#1345=ORIENTED_EDGE('',*,*,#993,.T.);
#1346=ORIENTED_EDGE('',*,*,#994,.T.);
#1347=ORIENTED_EDGE('',*,*,#995,.T.);
#1348=ORIENTED_EDGE('',*,*,#996,.T.);
#1349=ORIENTED_EDGE('',*,*,#997,.T.);
#1350=ORIENTED_EDGE('',*,*,#998,.T.);
#1351=ORIENTED_EDGE('',*,*,#999,.T.);
#1352=ORIENTED_EDGE('',*,*,#1000,.F.);
#1353=ORIENTED_EDGE('',*,*,#1001,.T.);
#1354=ORIENTED_EDGE('',*,*,#1002,.T.);
#1355=ORIENTED_EDGE('',*,*,#1003,.T.);
#1356=ORIENTED_EDGE('',*,*,#1004,.T.);
#1357=ORIENTED_EDGE('',*,*,#1005,.T.);
#1358=ORIENTED_EDGE('',*,*,#1006,.T.);
#1359=ORIENTED_EDGE('',*,*,#1007,.T.);
#1360=ORIENTED_EDGE('',*,*,#1008,.T.);
#1361=ORIENTED_EDGE('',*,*,#1009,.T.);
#1362=ORIENTED_EDGE('',*,*,#1010,.T.);
#1363=ORIENTED_EDGE('',*,*,#1011,.T.);
#1364=ORIENTED_EDGE('',*,*,#980,.T.);
#1365=ORIENTED_EDGE('',*,*,#1012,.T.);
#1366=ORIENTED_EDGE('',*,*,#1013,.T.);
#1367=ORIENTED_EDGE('',*,*,#1014,.T.);
#1368=ORIENTED_EDGE('',*,*,#1015,.T.);
#1369=ORIENTED_EDGE('',*,*,#1016,.T.);
#1370=ORIENTED_EDGE('',*,*,#1017,.T.);
#1371=ORIENTED_EDGE('',*,*,#1018,.T.);
#1372=ORIENTED_EDGE('',*,*,#1019,.T.);
#1373=ORIENTED_EDGE('',*,*,#1020,.T.);
#1374=ORIENTED_EDGE('',*,*,#1021,.T.);
#1375=ORIENTED_EDGE('',*,*,#1022,.T.);
#1376=ORIENTED_EDGE('',*,*,#1023,.F.);
#1377=ORIENTED_EDGE('',*,*,#1024,.T.);
#1378=ORIENTED_EDGE('',*,*,#1025,.T.);
#1379=ORIENTED_EDGE('',*,*,#1026,.T.);
#1380=ORIENTED_EDGE('',*,*,#1027,.T.);
#1381=ORIENTED_EDGE('',*,*,#1028,.T.);
#1382=ORIENTED_EDGE('',*,*,#1029,.T.);
#1383=ORIENTED_EDGE('',*,*,#1030,.T.);
#1384=ORIENTED_EDGE('',*,*,#1031,.T.);
#1385=ORIENTED_EDGE('',*,*,#1032,.T.);
#1386=ORIENTED_EDGE('',*,*,#1033,.T.);
#1387=ORIENTED_EDGE('',*,*,#1034,.T.);
#1388=ORIENTED_EDGE('',*,*,#1000,.T.);
#1389=ORIENTED_EDGE('',*,*,#1035,.T.);
#1390=ORIENTED_EDGE('',*,*,#1036,.T.);
#1391=ORIENTED_EDGE('',*,*,#1037,.T.);
#1392=ORIENTED_EDGE('',*,*,#1038,.T.);
#1393=ORIENTED_EDGE('',*,*,#1039,.T.);
#1394=ORIENTED_EDGE('',*,*,#1040,.T.);
#1395=ORIENTED_EDGE('',*,*,#1041,.T.);
#1396=ORIENTED_EDGE('',*,*,#1042,.T.);
#1397=ORIENTED_EDGE('',*,*,#1043,.T.);
#1398=ORIENTED_EDGE('',*,*,#1044,.T.);
#1399=ORIENTED_EDGE('',*,*,#1045,.T.);
#1400=ORIENTED_EDGE('',*,*,#1046,.F.);
#1401=ORIENTED_EDGE('',*,*,#1047,.T.);
#1402=ORIENTED_EDGE('',*,*,#1048,.T.);
#1403=ORIENTED_EDGE('',*,*,#1049,.T.);
#1404=ORIENTED_EDGE('',*,*,#1050,.T.);
#1405=ORIENTED_EDGE('',*,*,#1051,.T.);
#1406=ORIENTED_EDGE('',*,*,#1052,.T.);
#1407=ORIENTED_EDGE('',*,*,#1053,.T.);
#1408=ORIENTED_EDGE('',*,*,#1054,.T.);
#1409=ORIENTED_EDGE('',*,*,#1055,.T.);
#1410=ORIENTED_EDGE('',*,*,#1056,.T.);
#1411=ORIENTED_EDGE('',*,*,#1057,.T.);
#1412=ORIENTED_EDGE('',*,*,#1058,.T.);
#1413=ORIENTED_EDGE('',*,*,#1059,.T.);
#1414=ORIENTED_EDGE('',*,*,#1060,.T.);
#1415=ORIENTED_EDGE('',*,*,#1061,.T.);
#1416=ORIENTED_EDGE('',*,*,#1062,.T.);
#1417=ORIENTED_EDGE('',*,*,#1063,.T.);
#1418=ORIENTED_EDGE('',*,*,#1064,.T.);
#1419=ORIENTED_EDGE('',*,*,#1065,.T.);
#1420=ORIENTED_EDGE('',*,*,#1066,.T.);
#1421=ORIENTED_EDGE('',*,*,#1067,.T.);
#1422=ORIENTED_EDGE('',*,*,#1068,.T.);
#1423=ORIENTED_EDGE('',*,*,#1069,.T.);
#1424=ORIENTED_EDGE('',*,*,#1070,.T.);
#1425=ORIENTED_EDGE('',*,*,#1047,.F.);
#1426=ORIENTED_EDGE('',*,*,#1071,.F.);
#1427=ORIENTED_EDGE('',*,*,#1072,.F.);
#1428=ORIENTED_EDGE('',*,*,#1073,.T.);
#1429=ORIENTED_EDGE('',*,*,#1074,.F.);
#1430=ORIENTED_EDGE('',*,*,#1075,.F.);
#1431=ORIENTED_EDGE('',*,*,#1076,.T.);
#1432=ORIENTED_EDGE('',*,*,#1077,.F.);
#1433=ORIENTED_EDGE('',*,*,#1078,.F.);
#1434=ORIENTED_EDGE('',*,*,#977,.F.);
#1435=ORIENTED_EDGE('',*,*,#1079,.F.);
#1436=ORIENTED_EDGE('',*,*,#1080,.T.);
#1437=ORIENTED_EDGE('',*,*,#1075,.T.);
#1438=ORIENTED_EDGE('',*,*,#976,.F.);
#1439=ORIENTED_EDGE('',*,*,#1081,.F.);
#1440=ORIENTED_EDGE('',*,*,#1082,.T.);
#1441=ORIENTED_EDGE('',*,*,#1079,.T.);
#1442=ORIENTED_EDGE('',*,*,#975,.F.);
#1443=ORIENTED_EDGE('',*,*,#1083,.F.);
#1444=ORIENTED_EDGE('',*,*,#1084,.T.);
#1445=ORIENTED_EDGE('',*,*,#1081,.T.);
#1446=ORIENTED_EDGE('',*,*,#992,.F.);
#1447=ORIENTED_EDGE('',*,*,#1085,.F.);
#1448=ORIENTED_EDGE('',*,*,#1086,.T.);
#1449=ORIENTED_EDGE('',*,*,#1083,.T.);
#1450=ORIENTED_EDGE('',*,*,#974,.F.);
#1451=ORIENTED_EDGE('',*,*,#991,.F.);
#1452=ORIENTED_EDGE('',*,*,#1087,.F.);
#1453=ORIENTED_EDGE('',*,*,#1088,.T.);
#1454=ORIENTED_EDGE('',*,*,#1085,.T.);
#1455=ORIENTED_EDGE('',*,*,#990,.F.);
#1456=ORIENTED_EDGE('',*,*,#1089,.F.);
#1457=ORIENTED_EDGE('',*,*,#1090,.T.);
#1458=ORIENTED_EDGE('',*,*,#1087,.T.);
#1459=ORIENTED_EDGE('',*,*,#989,.F.);
#1460=ORIENTED_EDGE('',*,*,#1091,.T.);
#1461=ORIENTED_EDGE('',*,*,#1092,.T.);
#1462=ORIENTED_EDGE('',*,*,#1089,.T.);
#1463=ORIENTED_EDGE('',*,*,#988,.F.);
#1464=ORIENTED_EDGE('',*,*,#1093,.T.);
#1465=ORIENTED_EDGE('',*,*,#1094,.F.);
#1466=ORIENTED_EDGE('',*,*,#1091,.F.);
#1467=ORIENTED_EDGE('',*,*,#987,.F.);
#1468=ORIENTED_EDGE('',*,*,#1095,.T.);
#1469=ORIENTED_EDGE('',*,*,#1096,.F.);
#1470=ORIENTED_EDGE('',*,*,#1093,.F.);
#1471=ORIENTED_EDGE('',*,*,#986,.F.);
#1472=ORIENTED_EDGE('',*,*,#1097,.T.);
#1473=ORIENTED_EDGE('',*,*,#1098,.F.);
#1474=ORIENTED_EDGE('',*,*,#1095,.F.);
#1475=ORIENTED_EDGE('',*,*,#985,.F.);
#1476=ORIENTED_EDGE('',*,*,#1099,.T.);
#1477=ORIENTED_EDGE('',*,*,#1100,.F.);
#1478=ORIENTED_EDGE('',*,*,#1097,.F.);
#1479=ORIENTED_EDGE('',*,*,#984,.F.);
#1480=ORIENTED_EDGE('',*,*,#1101,.T.);
#1481=ORIENTED_EDGE('',*,*,#1102,.F.);
#1482=ORIENTED_EDGE('',*,*,#1099,.F.);
#1483=ORIENTED_EDGE('',*,*,#983,.F.);
#1484=ORIENTED_EDGE('',*,*,#1103,.T.);
#1485=ORIENTED_EDGE('',*,*,#1104,.F.);
#1486=ORIENTED_EDGE('',*,*,#1101,.F.);
#1487=ORIENTED_EDGE('',*,*,#982,.F.);
#1488=ORIENTED_EDGE('',*,*,#1105,.T.);
#1489=ORIENTED_EDGE('',*,*,#1106,.F.);
#1490=ORIENTED_EDGE('',*,*,#1103,.F.);
#1491=ORIENTED_EDGE('',*,*,#1011,.F.);
#1492=ORIENTED_EDGE('',*,*,#1107,.T.);
#1493=ORIENTED_EDGE('',*,*,#1108,.F.);
#1494=ORIENTED_EDGE('',*,*,#1105,.F.);
#1495=ORIENTED_EDGE('',*,*,#981,.F.);
#1496=ORIENTED_EDGE('',*,*,#1010,.F.);
#1497=ORIENTED_EDGE('',*,*,#1109,.T.);
#1498=ORIENTED_EDGE('',*,*,#1110,.F.);
#1499=ORIENTED_EDGE('',*,*,#1107,.F.);
#1500=ORIENTED_EDGE('',*,*,#1009,.F.);
#1501=ORIENTED_EDGE('',*,*,#1111,.T.);
#1502=ORIENTED_EDGE('',*,*,#1112,.F.);
#1503=ORIENTED_EDGE('',*,*,#1109,.F.);
#1504=ORIENTED_EDGE('',*,*,#1008,.F.);
#1505=ORIENTED_EDGE('',*,*,#1113,.T.);
#1506=ORIENTED_EDGE('',*,*,#1114,.F.);
#1507=ORIENTED_EDGE('',*,*,#1111,.F.);
#1508=ORIENTED_EDGE('',*,*,#1007,.F.);
#1509=ORIENTED_EDGE('',*,*,#1115,.T.);
#1510=ORIENTED_EDGE('',*,*,#1116,.F.);
#1511=ORIENTED_EDGE('',*,*,#1113,.F.);
#1512=ORIENTED_EDGE('',*,*,#1006,.F.);
#1513=ORIENTED_EDGE('',*,*,#1117,.T.);
#1514=ORIENTED_EDGE('',*,*,#1118,.F.);
#1515=ORIENTED_EDGE('',*,*,#1115,.F.);
#1516=ORIENTED_EDGE('',*,*,#1005,.F.);
#1517=ORIENTED_EDGE('',*,*,#1119,.T.);
#1518=ORIENTED_EDGE('',*,*,#1120,.F.);
#1519=ORIENTED_EDGE('',*,*,#1117,.F.);
#1520=ORIENTED_EDGE('',*,*,#1004,.F.);
#1521=ORIENTED_EDGE('',*,*,#1121,.T.);
#1522=ORIENTED_EDGE('',*,*,#1122,.F.);
#1523=ORIENTED_EDGE('',*,*,#1119,.F.);
#1524=ORIENTED_EDGE('',*,*,#1003,.F.);
#1525=ORIENTED_EDGE('',*,*,#1123,.T.);
#1526=ORIENTED_EDGE('',*,*,#1124,.F.);
#1527=ORIENTED_EDGE('',*,*,#1121,.F.);
#1528=ORIENTED_EDGE('',*,*,#1002,.F.);
#1529=ORIENTED_EDGE('',*,*,#1125,.T.);
#1530=ORIENTED_EDGE('',*,*,#1126,.F.);
#1531=ORIENTED_EDGE('',*,*,#1123,.F.);
#1532=ORIENTED_EDGE('',*,*,#1034,.F.);
#1533=ORIENTED_EDGE('',*,*,#1127,.T.);
#1534=ORIENTED_EDGE('',*,*,#1128,.F.);
#1535=ORIENTED_EDGE('',*,*,#1125,.F.);
#1536=ORIENTED_EDGE('',*,*,#1001,.F.);
#1537=ORIENTED_EDGE('',*,*,#1033,.F.);
#1538=ORIENTED_EDGE('',*,*,#1129,.T.);
#1539=ORIENTED_EDGE('',*,*,#1130,.F.);
#1540=ORIENTED_EDGE('',*,*,#1127,.F.);
#1541=ORIENTED_EDGE('',*,*,#1032,.F.);
#1542=ORIENTED_EDGE('',*,*,#1131,.T.);
#1543=ORIENTED_EDGE('',*,*,#1132,.F.);
#1544=ORIENTED_EDGE('',*,*,#1129,.F.);
#1545=ORIENTED_EDGE('',*,*,#1031,.F.);
#1546=ORIENTED_EDGE('',*,*,#1133,.T.);
#1547=ORIENTED_EDGE('',*,*,#1134,.F.);
#1548=ORIENTED_EDGE('',*,*,#1131,.F.);
#1549=ORIENTED_EDGE('',*,*,#1030,.F.);
#1550=ORIENTED_EDGE('',*,*,#1135,.T.);
#1551=ORIENTED_EDGE('',*,*,#1136,.F.);
#1552=ORIENTED_EDGE('',*,*,#1133,.F.);
#1553=ORIENTED_EDGE('',*,*,#1029,.F.);
#1554=ORIENTED_EDGE('',*,*,#1137,.T.);
#1555=ORIENTED_EDGE('',*,*,#1138,.F.);
#1556=ORIENTED_EDGE('',*,*,#1135,.F.);
#1557=ORIENTED_EDGE('',*,*,#1028,.F.);
#1558=ORIENTED_EDGE('',*,*,#1139,.T.);
#1559=ORIENTED_EDGE('',*,*,#1140,.F.);
#1560=ORIENTED_EDGE('',*,*,#1137,.F.);
#1561=ORIENTED_EDGE('',*,*,#1027,.F.);
#1562=ORIENTED_EDGE('',*,*,#1141,.T.);
#1563=ORIENTED_EDGE('',*,*,#1142,.F.);
#1564=ORIENTED_EDGE('',*,*,#1139,.F.);
#1565=ORIENTED_EDGE('',*,*,#1026,.F.);
#1566=ORIENTED_EDGE('',*,*,#1143,.T.);
#1567=ORIENTED_EDGE('',*,*,#1144,.F.);
#1568=ORIENTED_EDGE('',*,*,#1141,.F.);
#1569=ORIENTED_EDGE('',*,*,#1025,.F.);
#1570=ORIENTED_EDGE('',*,*,#1145,.T.);
#1571=ORIENTED_EDGE('',*,*,#1146,.F.);
#1572=ORIENTED_EDGE('',*,*,#1143,.F.);
#1573=ORIENTED_EDGE('',*,*,#1147,.F.);
#1574=ORIENTED_EDGE('',*,*,#1148,.T.);
#1575=ORIENTED_EDGE('',*,*,#1149,.F.);
#1576=ORIENTED_EDGE('',*,*,#1145,.F.);
#1577=ORIENTED_EDGE('',*,*,#1024,.F.);
#1578=ORIENTED_EDGE('',*,*,#1150,.F.);
#1579=ORIENTED_EDGE('',*,*,#1151,.T.);
#1580=ORIENTED_EDGE('',*,*,#1152,.F.);
#1581=ORIENTED_EDGE('',*,*,#1148,.F.);
#1582=ORIENTED_EDGE('',*,*,#1153,.F.);
#1583=ORIENTED_EDGE('',*,*,#1154,.T.);
#1584=ORIENTED_EDGE('',*,*,#1155,.F.);
#1585=ORIENTED_EDGE('',*,*,#1151,.F.);
#1586=ORIENTED_EDGE('',*,*,#1156,.F.);
#1587=ORIENTED_EDGE('',*,*,#1157,.T.);
#1588=ORIENTED_EDGE('',*,*,#1158,.F.);
#1589=ORIENTED_EDGE('',*,*,#1154,.F.);
#1590=ORIENTED_EDGE('',*,*,#1159,.F.);
#1591=ORIENTED_EDGE('',*,*,#1160,.T.);
#1592=ORIENTED_EDGE('',*,*,#1161,.F.);
#1593=ORIENTED_EDGE('',*,*,#1157,.F.);
#1594=ORIENTED_EDGE('',*,*,#1162,.F.);
#1595=ORIENTED_EDGE('',*,*,#1163,.T.);
#1596=ORIENTED_EDGE('',*,*,#1164,.F.);
#1597=ORIENTED_EDGE('',*,*,#1160,.F.);
#1598=ORIENTED_EDGE('',*,*,#1165,.F.);
#1599=ORIENTED_EDGE('',*,*,#1166,.T.);
#1600=ORIENTED_EDGE('',*,*,#1167,.F.);
#1601=ORIENTED_EDGE('',*,*,#1163,.F.);
#1602=ORIENTED_EDGE('',*,*,#1168,.F.);
#1603=ORIENTED_EDGE('',*,*,#1169,.T.);
#1604=ORIENTED_EDGE('',*,*,#1170,.F.);
#1605=ORIENTED_EDGE('',*,*,#1166,.F.);
#1606=ORIENTED_EDGE('',*,*,#1171,.F.);
#1607=ORIENTED_EDGE('',*,*,#1172,.T.);
#1608=ORIENTED_EDGE('',*,*,#1173,.F.);
#1609=ORIENTED_EDGE('',*,*,#1169,.F.);
#1610=ORIENTED_EDGE('',*,*,#1174,.F.);
#1611=ORIENTED_EDGE('',*,*,#1175,.T.);
#1612=ORIENTED_EDGE('',*,*,#1176,.F.);
#1613=ORIENTED_EDGE('',*,*,#1172,.F.);
#1614=ORIENTED_EDGE('',*,*,#1058,.F.);
#1615=ORIENTED_EDGE('',*,*,#1177,.T.);
#1616=ORIENTED_EDGE('',*,*,#1178,.F.);
#1617=ORIENTED_EDGE('',*,*,#1175,.F.);
#1618=ORIENTED_EDGE('',*,*,#1179,.F.);
#1619=ORIENTED_EDGE('',*,*,#1057,.F.);
#1620=ORIENTED_EDGE('',*,*,#1180,.T.);
#1621=ORIENTED_EDGE('',*,*,#1181,.F.);
#1622=ORIENTED_EDGE('',*,*,#1177,.F.);
#1623=ORIENTED_EDGE('',*,*,#1056,.F.);
#1624=ORIENTED_EDGE('',*,*,#1182,.T.);
#1625=ORIENTED_EDGE('',*,*,#1183,.F.);
#1626=ORIENTED_EDGE('',*,*,#1180,.F.);
#1627=ORIENTED_EDGE('',*,*,#1055,.F.);
#1628=ORIENTED_EDGE('',*,*,#1184,.T.);
#1629=ORIENTED_EDGE('',*,*,#1185,.F.);
#1630=ORIENTED_EDGE('',*,*,#1182,.F.);
#1631=ORIENTED_EDGE('',*,*,#1054,.F.);
#1632=ORIENTED_EDGE('',*,*,#1186,.F.);
#1633=ORIENTED_EDGE('',*,*,#1187,.F.);
#1634=ORIENTED_EDGE('',*,*,#1184,.F.);
#1635=ORIENTED_EDGE('',*,*,#1188,.F.);
#1636=ORIENTED_EDGE('',*,*,#1189,.T.);
#1637=ORIENTED_EDGE('',*,*,#1190,.F.);
#1638=ORIENTED_EDGE('',*,*,#1191,.F.);
#1639=ORIENTED_EDGE('',*,*,#1192,.F.);
#1640=ORIENTED_EDGE('',*,*,#994,.F.);
#1641=ORIENTED_EDGE('',*,*,#995,.F.);
#1642=ORIENTED_EDGE('',*,*,#1192,.T.);
#1643=ORIENTED_EDGE('',*,*,#1193,.F.);
#1644=ORIENTED_EDGE('',*,*,#1194,.F.);
#1645=ORIENTED_EDGE('',*,*,#996,.F.);
#1646=ORIENTED_EDGE('',*,*,#1194,.T.);
#1647=ORIENTED_EDGE('',*,*,#1195,.F.);
#1648=ORIENTED_EDGE('',*,*,#1196,.F.);
#1649=ORIENTED_EDGE('',*,*,#997,.F.);
#1650=ORIENTED_EDGE('',*,*,#1196,.T.);
#1651=ORIENTED_EDGE('',*,*,#1197,.F.);
#1652=ORIENTED_EDGE('',*,*,#1198,.F.);
#1653=ORIENTED_EDGE('',*,*,#998,.F.);
#1654=ORIENTED_EDGE('',*,*,#1198,.T.);
#1655=ORIENTED_EDGE('',*,*,#1199,.F.);
#1656=ORIENTED_EDGE('',*,*,#1200,.F.);
#1657=ORIENTED_EDGE('',*,*,#999,.F.);
#1658=ORIENTED_EDGE('',*,*,#1200,.T.);
#1659=ORIENTED_EDGE('',*,*,#1201,.F.);
#1660=ORIENTED_EDGE('',*,*,#1202,.F.);
#1661=ORIENTED_EDGE('',*,*,#1012,.F.);
#1662=ORIENTED_EDGE('',*,*,#1013,.F.);
#1663=ORIENTED_EDGE('',*,*,#1202,.T.);
#1664=ORIENTED_EDGE('',*,*,#1203,.F.);
#1665=ORIENTED_EDGE('',*,*,#1204,.F.);
#1666=ORIENTED_EDGE('',*,*,#1205,.F.);
#1667=ORIENTED_EDGE('',*,*,#1073,.F.);
#1668=ORIENTED_EDGE('',*,*,#1206,.F.);
#1669=ORIENTED_EDGE('',*,*,#1207,.F.);
#1670=ORIENTED_EDGE('',*,*,#1208,.F.);
#1671=ORIENTED_EDGE('',*,*,#1189,.F.);
#1672=ORIENTED_EDGE('',*,*,#1209,.T.);
#1673=ORIENTED_EDGE('',*,*,#1210,.T.);
#1674=ORIENTED_EDGE('',*,*,#1203,.T.);
#1675=ORIENTED_EDGE('',*,*,#1201,.T.);
#1676=ORIENTED_EDGE('',*,*,#1199,.T.);
#1677=ORIENTED_EDGE('',*,*,#1197,.T.);
#1678=ORIENTED_EDGE('',*,*,#1195,.T.);
#1679=ORIENTED_EDGE('',*,*,#1193,.T.);
#1680=ORIENTED_EDGE('',*,*,#1191,.T.);
#1681=ORIENTED_EDGE('',*,*,#1211,.F.);
#1682=ORIENTED_EDGE('',*,*,#1076,.F.);
#1683=ORIENTED_EDGE('',*,*,#1080,.F.);
#1684=ORIENTED_EDGE('',*,*,#1082,.F.);
#1685=ORIENTED_EDGE('',*,*,#1084,.F.);
#1686=ORIENTED_EDGE('',*,*,#1086,.F.);
#1687=ORIENTED_EDGE('',*,*,#1088,.F.);
#1688=ORIENTED_EDGE('',*,*,#1090,.F.);
#1689=ORIENTED_EDGE('',*,*,#1092,.F.);
#1690=ORIENTED_EDGE('',*,*,#1014,.F.);
#1691=ORIENTED_EDGE('',*,*,#1204,.T.);
#1692=ORIENTED_EDGE('',*,*,#1210,.F.);
#1693=ORIENTED_EDGE('',*,*,#1212,.T.);
#1694=ORIENTED_EDGE('',*,*,#1190,.T.);
#1695=ORIENTED_EDGE('',*,*,#1208,.T.);
#1696=ORIENTED_EDGE('',*,*,#1077,.T.);
#1697=ORIENTED_EDGE('',*,*,#1211,.T.);
#1698=ORIENTED_EDGE('',*,*,#1052,.F.);
#1699=ORIENTED_EDGE('',*,*,#1213,.F.);
#1700=ORIENTED_EDGE('',*,*,#1214,.T.);
#1701=ORIENTED_EDGE('',*,*,#1215,.F.);
#1702=ORIENTED_EDGE('',*,*,#1051,.F.);
#1703=ORIENTED_EDGE('',*,*,#1216,.F.);
#1704=ORIENTED_EDGE('',*,*,#1217,.T.);
#1705=ORIENTED_EDGE('',*,*,#1213,.T.);
#1706=ORIENTED_EDGE('',*,*,#1050,.F.);
#1707=ORIENTED_EDGE('',*,*,#1218,.F.);
#1708=ORIENTED_EDGE('',*,*,#1219,.T.);
#1709=ORIENTED_EDGE('',*,*,#1216,.T.);
#1710=ORIENTED_EDGE('',*,*,#1049,.F.);
#1711=ORIENTED_EDGE('',*,*,#1220,.F.);
#1712=ORIENTED_EDGE('',*,*,#1221,.T.);
#1713=ORIENTED_EDGE('',*,*,#1218,.T.);
#1714=ORIENTED_EDGE('',*,*,#1070,.F.);
#1715=ORIENTED_EDGE('',*,*,#1222,.F.);
#1716=ORIENTED_EDGE('',*,*,#1223,.T.);
#1717=ORIENTED_EDGE('',*,*,#1220,.T.);
#1718=ORIENTED_EDGE('',*,*,#1048,.F.);
#1719=ORIENTED_EDGE('',*,*,#1069,.F.);
#1720=ORIENTED_EDGE('',*,*,#1224,.F.);
#1721=ORIENTED_EDGE('',*,*,#1225,.T.);
#1722=ORIENTED_EDGE('',*,*,#1222,.T.);
#1723=ORIENTED_EDGE('',*,*,#1068,.F.);
#1724=ORIENTED_EDGE('',*,*,#1226,.F.);
#1725=ORIENTED_EDGE('',*,*,#1227,.T.);
#1726=ORIENTED_EDGE('',*,*,#1224,.T.);
#1727=ORIENTED_EDGE('',*,*,#1067,.F.);
#1728=ORIENTED_EDGE('',*,*,#1228,.F.);
#1729=ORIENTED_EDGE('',*,*,#1229,.T.);
#1730=ORIENTED_EDGE('',*,*,#1226,.T.);
#1731=ORIENTED_EDGE('',*,*,#1066,.F.);
#1732=ORIENTED_EDGE('',*,*,#1230,.F.);
#1733=ORIENTED_EDGE('',*,*,#1231,.T.);
#1734=ORIENTED_EDGE('',*,*,#1228,.T.);
#1735=ORIENTED_EDGE('',*,*,#1065,.F.);
#1736=ORIENTED_EDGE('',*,*,#1232,.F.);
#1737=ORIENTED_EDGE('',*,*,#1233,.T.);
#1738=ORIENTED_EDGE('',*,*,#1230,.T.);
#1739=ORIENTED_EDGE('',*,*,#1064,.F.);
#1740=ORIENTED_EDGE('',*,*,#1234,.F.);
#1741=ORIENTED_EDGE('',*,*,#1235,.T.);
#1742=ORIENTED_EDGE('',*,*,#1232,.T.);
#1743=ORIENTED_EDGE('',*,*,#1063,.F.);
#1744=ORIENTED_EDGE('',*,*,#1236,.F.);
#1745=ORIENTED_EDGE('',*,*,#1237,.T.);
#1746=ORIENTED_EDGE('',*,*,#1234,.T.);
#1747=ORIENTED_EDGE('',*,*,#1062,.F.);
#1748=ORIENTED_EDGE('',*,*,#1238,.F.);
#1749=ORIENTED_EDGE('',*,*,#1239,.T.);
#1750=ORIENTED_EDGE('',*,*,#1236,.T.);
#1751=ORIENTED_EDGE('',*,*,#1061,.F.);
#1752=ORIENTED_EDGE('',*,*,#1240,.F.);
#1753=ORIENTED_EDGE('',*,*,#1241,.T.);
#1754=ORIENTED_EDGE('',*,*,#1238,.T.);
#1755=ORIENTED_EDGE('',*,*,#1242,.F.);
#1756=ORIENTED_EDGE('',*,*,#1243,.F.);
#1757=ORIENTED_EDGE('',*,*,#1244,.T.);
#1758=ORIENTED_EDGE('',*,*,#1240,.T.);
#1759=ORIENTED_EDGE('',*,*,#1060,.F.);
#1760=ORIENTED_EDGE('',*,*,#1245,.F.);
#1761=ORIENTED_EDGE('',*,*,#1246,.F.);
#1762=ORIENTED_EDGE('',*,*,#1247,.T.);
#1763=ORIENTED_EDGE('',*,*,#1243,.T.);
#1764=ORIENTED_EDGE('',*,*,#1248,.F.);
#1765=ORIENTED_EDGE('',*,*,#1249,.F.);
#1766=ORIENTED_EDGE('',*,*,#1250,.T.);
#1767=ORIENTED_EDGE('',*,*,#1246,.T.);
#1768=ORIENTED_EDGE('',*,*,#1251,.F.);
#1769=ORIENTED_EDGE('',*,*,#1252,.F.);
#1770=ORIENTED_EDGE('',*,*,#1253,.T.);
#1771=ORIENTED_EDGE('',*,*,#1249,.T.);
#1772=ORIENTED_EDGE('',*,*,#1254,.F.);
#1773=ORIENTED_EDGE('',*,*,#1255,.F.);
#1774=ORIENTED_EDGE('',*,*,#1256,.T.);
#1775=ORIENTED_EDGE('',*,*,#1252,.T.);
#1776=ORIENTED_EDGE('',*,*,#1257,.F.);
#1777=ORIENTED_EDGE('',*,*,#1258,.F.);
#1778=ORIENTED_EDGE('',*,*,#1259,.T.);
#1779=ORIENTED_EDGE('',*,*,#1255,.T.);
#1780=ORIENTED_EDGE('',*,*,#1260,.F.);
#1781=ORIENTED_EDGE('',*,*,#1261,.F.);
#1782=ORIENTED_EDGE('',*,*,#1262,.T.);
#1783=ORIENTED_EDGE('',*,*,#1258,.T.);
#1784=ORIENTED_EDGE('',*,*,#1263,.F.);
#1785=ORIENTED_EDGE('',*,*,#1264,.F.);
#1786=ORIENTED_EDGE('',*,*,#1265,.T.);
#1787=ORIENTED_EDGE('',*,*,#1261,.T.);
#1788=ORIENTED_EDGE('',*,*,#1266,.F.);
#1789=ORIENTED_EDGE('',*,*,#1267,.F.);
#1790=ORIENTED_EDGE('',*,*,#1268,.T.);
#1791=ORIENTED_EDGE('',*,*,#1264,.T.);
#1792=ORIENTED_EDGE('',*,*,#1269,.F.);
#1793=ORIENTED_EDGE('',*,*,#1270,.F.);
#1794=ORIENTED_EDGE('',*,*,#1271,.T.);
#1795=ORIENTED_EDGE('',*,*,#1267,.T.);
#1796=ORIENTED_EDGE('',*,*,#1045,.F.);
#1797=ORIENTED_EDGE('',*,*,#1272,.F.);
#1798=ORIENTED_EDGE('',*,*,#1273,.T.);
#1799=ORIENTED_EDGE('',*,*,#1270,.T.);
#1800=ORIENTED_EDGE('',*,*,#1274,.F.);
#1801=ORIENTED_EDGE('',*,*,#1044,.F.);
#1802=ORIENTED_EDGE('',*,*,#1275,.F.);
#1803=ORIENTED_EDGE('',*,*,#1276,.T.);
#1804=ORIENTED_EDGE('',*,*,#1272,.T.);
#1805=ORIENTED_EDGE('',*,*,#1043,.F.);
#1806=ORIENTED_EDGE('',*,*,#1277,.F.);
#1807=ORIENTED_EDGE('',*,*,#1278,.T.);
#1808=ORIENTED_EDGE('',*,*,#1275,.T.);
#1809=ORIENTED_EDGE('',*,*,#1042,.F.);
#1810=ORIENTED_EDGE('',*,*,#1279,.F.);
#1811=ORIENTED_EDGE('',*,*,#1280,.T.);
#1812=ORIENTED_EDGE('',*,*,#1277,.T.);
#1813=ORIENTED_EDGE('',*,*,#1041,.F.);
#1814=ORIENTED_EDGE('',*,*,#1281,.F.);
#1815=ORIENTED_EDGE('',*,*,#1282,.T.);
#1816=ORIENTED_EDGE('',*,*,#1279,.T.);
#1817=ORIENTED_EDGE('',*,*,#1040,.F.);
#1818=ORIENTED_EDGE('',*,*,#1283,.F.);
#1819=ORIENTED_EDGE('',*,*,#1284,.T.);
#1820=ORIENTED_EDGE('',*,*,#1281,.T.);
#1821=ORIENTED_EDGE('',*,*,#1039,.F.);
#1822=ORIENTED_EDGE('',*,*,#1285,.F.);
#1823=ORIENTED_EDGE('',*,*,#1286,.T.);
#1824=ORIENTED_EDGE('',*,*,#1283,.T.);
#1825=ORIENTED_EDGE('',*,*,#1038,.F.);
#1826=ORIENTED_EDGE('',*,*,#1287,.F.);
#1827=ORIENTED_EDGE('',*,*,#1288,.T.);
#1828=ORIENTED_EDGE('',*,*,#1285,.T.);
#1829=ORIENTED_EDGE('',*,*,#1037,.F.);
#1830=ORIENTED_EDGE('',*,*,#1289,.F.);
#1831=ORIENTED_EDGE('',*,*,#1290,.T.);
#1832=ORIENTED_EDGE('',*,*,#1287,.T.);
#1833=ORIENTED_EDGE('',*,*,#1036,.F.);
#1834=ORIENTED_EDGE('',*,*,#1291,.F.);
#1835=ORIENTED_EDGE('',*,*,#1292,.T.);
#1836=ORIENTED_EDGE('',*,*,#1289,.T.);
#1837=ORIENTED_EDGE('',*,*,#1022,.F.);
#1838=ORIENTED_EDGE('',*,*,#1293,.F.);
#1839=ORIENTED_EDGE('',*,*,#1294,.T.);
#1840=ORIENTED_EDGE('',*,*,#1291,.T.);
#1841=ORIENTED_EDGE('',*,*,#1035,.F.);
#1842=ORIENTED_EDGE('',*,*,#1021,.F.);
#1843=ORIENTED_EDGE('',*,*,#1295,.F.);
#1844=ORIENTED_EDGE('',*,*,#1296,.T.);
#1845=ORIENTED_EDGE('',*,*,#1293,.T.);
#1846=ORIENTED_EDGE('',*,*,#1020,.F.);
#1847=ORIENTED_EDGE('',*,*,#1297,.F.);
#1848=ORIENTED_EDGE('',*,*,#1298,.T.);
#1849=ORIENTED_EDGE('',*,*,#1295,.T.);
#1850=ORIENTED_EDGE('',*,*,#1019,.F.);
#1851=ORIENTED_EDGE('',*,*,#1299,.F.);
#1852=ORIENTED_EDGE('',*,*,#1300,.T.);
#1853=ORIENTED_EDGE('',*,*,#1297,.T.);
#1854=ORIENTED_EDGE('',*,*,#1018,.F.);
#1855=ORIENTED_EDGE('',*,*,#1301,.F.);
#1856=ORIENTED_EDGE('',*,*,#1302,.T.);
#1857=ORIENTED_EDGE('',*,*,#1299,.T.);
#1858=ORIENTED_EDGE('',*,*,#1017,.F.);
#1859=ORIENTED_EDGE('',*,*,#1303,.F.);
#1860=ORIENTED_EDGE('',*,*,#1304,.T.);
#1861=ORIENTED_EDGE('',*,*,#1301,.T.);
#1862=ORIENTED_EDGE('',*,*,#1016,.F.);
#1863=ORIENTED_EDGE('',*,*,#1305,.F.);
#1864=ORIENTED_EDGE('',*,*,#1306,.T.);
#1865=ORIENTED_EDGE('',*,*,#1303,.T.);
#1866=ORIENTED_EDGE('',*,*,#1307,.F.);
#1867=ORIENTED_EDGE('',*,*,#1187,.T.);
#1868=ORIENTED_EDGE('',*,*,#1308,.F.);
#1869=ORIENTED_EDGE('',*,*,#1214,.F.);
#1870=ORIENTED_EDGE('',*,*,#1307,.T.);
#1871=ORIENTED_EDGE('',*,*,#1217,.F.);
#1872=ORIENTED_EDGE('',*,*,#1309,.F.);
#1873=ORIENTED_EDGE('',*,*,#1185,.T.);
#1874=ORIENTED_EDGE('',*,*,#1309,.T.);
#1875=ORIENTED_EDGE('',*,*,#1219,.F.);
#1876=ORIENTED_EDGE('',*,*,#1310,.F.);
#1877=ORIENTED_EDGE('',*,*,#1183,.T.);
#1878=ORIENTED_EDGE('',*,*,#1310,.T.);
#1879=ORIENTED_EDGE('',*,*,#1221,.F.);
#1880=ORIENTED_EDGE('',*,*,#1311,.F.);
#1881=ORIENTED_EDGE('',*,*,#1181,.T.);
#1882=ORIENTED_EDGE('',*,*,#1311,.T.);
#1883=ORIENTED_EDGE('',*,*,#1223,.F.);
#1884=ORIENTED_EDGE('',*,*,#1225,.F.);
#1885=ORIENTED_EDGE('',*,*,#1227,.F.);
#1886=ORIENTED_EDGE('',*,*,#1229,.F.);
#1887=ORIENTED_EDGE('',*,*,#1312,.F.);
#1888=ORIENTED_EDGE('',*,*,#1170,.T.);
#1889=ORIENTED_EDGE('',*,*,#1173,.T.);
#1890=ORIENTED_EDGE('',*,*,#1176,.T.);
#1891=ORIENTED_EDGE('',*,*,#1178,.T.);
#1892=ORIENTED_EDGE('',*,*,#1312,.T.);
#1893=ORIENTED_EDGE('',*,*,#1231,.F.);
#1894=ORIENTED_EDGE('',*,*,#1233,.F.);
#1895=ORIENTED_EDGE('',*,*,#1235,.F.);
#1896=ORIENTED_EDGE('',*,*,#1237,.F.);
#1897=ORIENTED_EDGE('',*,*,#1239,.F.);
#1898=ORIENTED_EDGE('',*,*,#1241,.F.);
#1899=ORIENTED_EDGE('',*,*,#1244,.F.);
#1900=ORIENTED_EDGE('',*,*,#1247,.F.);
#1901=ORIENTED_EDGE('',*,*,#1313,.F.);
#1902=ORIENTED_EDGE('',*,*,#1146,.T.);
#1903=ORIENTED_EDGE('',*,*,#1149,.T.);
#1904=ORIENTED_EDGE('',*,*,#1152,.T.);
#1905=ORIENTED_EDGE('',*,*,#1155,.T.);
#1906=ORIENTED_EDGE('',*,*,#1158,.T.);
#1907=ORIENTED_EDGE('',*,*,#1161,.T.);
#1908=ORIENTED_EDGE('',*,*,#1164,.T.);
#1909=ORIENTED_EDGE('',*,*,#1167,.T.);
#1910=ORIENTED_EDGE('',*,*,#1313,.T.);
#1911=ORIENTED_EDGE('',*,*,#1250,.F.);
#1912=ORIENTED_EDGE('',*,*,#1253,.F.);
#1913=ORIENTED_EDGE('',*,*,#1256,.F.);
#1914=ORIENTED_EDGE('',*,*,#1259,.F.);
#1915=ORIENTED_EDGE('',*,*,#1262,.F.);
#1916=ORIENTED_EDGE('',*,*,#1265,.F.);
#1917=ORIENTED_EDGE('',*,*,#1268,.F.);
#1918=ORIENTED_EDGE('',*,*,#1271,.F.);
#1919=ORIENTED_EDGE('',*,*,#1273,.F.);
#1920=ORIENTED_EDGE('',*,*,#1276,.F.);
#1921=ORIENTED_EDGE('',*,*,#1278,.F.);
#1922=ORIENTED_EDGE('',*,*,#1280,.F.);
#1923=ORIENTED_EDGE('',*,*,#1282,.F.);
#1924=ORIENTED_EDGE('',*,*,#1284,.F.);
#1925=ORIENTED_EDGE('',*,*,#1286,.F.);
#1926=ORIENTED_EDGE('',*,*,#1288,.F.);
#1927=ORIENTED_EDGE('',*,*,#1314,.F.);
#1928=ORIENTED_EDGE('',*,*,#1114,.T.);
#1929=ORIENTED_EDGE('',*,*,#1116,.T.);
#1930=ORIENTED_EDGE('',*,*,#1118,.T.);
#1931=ORIENTED_EDGE('',*,*,#1120,.T.);
#1932=ORIENTED_EDGE('',*,*,#1122,.T.);
#1933=ORIENTED_EDGE('',*,*,#1124,.T.);
#1934=ORIENTED_EDGE('',*,*,#1126,.T.);
#1935=ORIENTED_EDGE('',*,*,#1128,.T.);
#1936=ORIENTED_EDGE('',*,*,#1130,.T.);
#1937=ORIENTED_EDGE('',*,*,#1132,.T.);
#1938=ORIENTED_EDGE('',*,*,#1134,.T.);
#1939=ORIENTED_EDGE('',*,*,#1136,.T.);
#1940=ORIENTED_EDGE('',*,*,#1138,.T.);
#1941=ORIENTED_EDGE('',*,*,#1140,.T.);
#1942=ORIENTED_EDGE('',*,*,#1142,.T.);
#1943=ORIENTED_EDGE('',*,*,#1144,.T.);
#1944=ORIENTED_EDGE('',*,*,#1314,.T.);
#1945=ORIENTED_EDGE('',*,*,#1290,.F.);
#1946=ORIENTED_EDGE('',*,*,#1315,.F.);
#1947=ORIENTED_EDGE('',*,*,#1112,.T.);
#1948=ORIENTED_EDGE('',*,*,#1315,.T.);
#1949=ORIENTED_EDGE('',*,*,#1292,.F.);
#1950=ORIENTED_EDGE('',*,*,#1294,.F.);
#1951=ORIENTED_EDGE('',*,*,#1296,.F.);
#1952=ORIENTED_EDGE('',*,*,#1298,.F.);
#1953=ORIENTED_EDGE('',*,*,#1300,.F.);
#1954=ORIENTED_EDGE('',*,*,#1302,.F.);
#1955=ORIENTED_EDGE('',*,*,#1304,.F.);
#1956=ORIENTED_EDGE('',*,*,#1306,.F.);
#1957=ORIENTED_EDGE('',*,*,#1316,.F.);
#1958=ORIENTED_EDGE('',*,*,#1209,.F.);
#1959=ORIENTED_EDGE('',*,*,#1094,.T.);
#1960=ORIENTED_EDGE('',*,*,#1096,.T.);
#1961=ORIENTED_EDGE('',*,*,#1098,.T.);
#1962=ORIENTED_EDGE('',*,*,#1100,.T.);
#1963=ORIENTED_EDGE('',*,*,#1102,.T.);
#1964=ORIENTED_EDGE('',*,*,#1104,.T.);
#1965=ORIENTED_EDGE('',*,*,#1106,.T.);
#1966=ORIENTED_EDGE('',*,*,#1108,.T.);
#1967=ORIENTED_EDGE('',*,*,#1110,.T.);
#1968=ORIENTED_EDGE('',*,*,#1015,.F.);
#1969=ORIENTED_EDGE('',*,*,#1212,.F.);
#1970=ORIENTED_EDGE('',*,*,#1316,.T.);
#1971=ORIENTED_EDGE('',*,*,#1305,.T.);
#1972=ORIENTED_EDGE('',*,*,#1053,.F.);
#1973=ORIENTED_EDGE('',*,*,#1215,.T.);
#1974=ORIENTED_EDGE('',*,*,#1308,.T.);
#1975=ORIENTED_EDGE('',*,*,#1186,.T.);
#1976=ORIENTED_EDGE('',*,*,#1071,.T.);
#1977=ORIENTED_EDGE('',*,*,#1205,.T.);
#1978=ORIENTED_EDGE('',*,*,#1188,.T.);
#1979=ORIENTED_EDGE('',*,*,#993,.F.);
#1980=ORIENTED_EDGE('',*,*,#979,.F.);
#1981=ORIENTED_EDGE('',*,*,#1317,.T.);
#1982=ORIENTED_EDGE('',*,*,#1318,.F.);
#1983=ORIENTED_EDGE('',*,*,#1319,.F.);
#1984=ORIENTED_EDGE('',*,*,#1320,.T.);
#1985=ORIENTED_EDGE('',*,*,#1059,.F.);
#1986=ORIENTED_EDGE('',*,*,#1179,.T.);
#1987=ORIENTED_EDGE('',*,*,#1174,.T.);
#1988=ORIENTED_EDGE('',*,*,#1171,.T.);
#1989=ORIENTED_EDGE('',*,*,#1168,.T.);
#1990=ORIENTED_EDGE('',*,*,#1165,.T.);
#1991=ORIENTED_EDGE('',*,*,#1162,.T.);
#1992=ORIENTED_EDGE('',*,*,#1159,.T.);
#1993=ORIENTED_EDGE('',*,*,#1156,.T.);
#1994=ORIENTED_EDGE('',*,*,#1153,.T.);
#1995=ORIENTED_EDGE('',*,*,#1150,.T.);
#1996=ORIENTED_EDGE('',*,*,#1147,.T.);
#1997=ORIENTED_EDGE('',*,*,#1023,.T.);
#1998=ORIENTED_EDGE('',*,*,#1274,.T.);
#1999=ORIENTED_EDGE('',*,*,#1269,.T.);
#2000=ORIENTED_EDGE('',*,*,#1266,.T.);
#2001=ORIENTED_EDGE('',*,*,#1263,.T.);
#2002=ORIENTED_EDGE('',*,*,#1260,.T.);
#2003=ORIENTED_EDGE('',*,*,#1257,.T.);
#2004=ORIENTED_EDGE('',*,*,#1254,.T.);
#2005=ORIENTED_EDGE('',*,*,#1251,.T.);
#2006=ORIENTED_EDGE('',*,*,#1248,.T.);
#2007=ORIENTED_EDGE('',*,*,#1245,.T.);
#2008=ORIENTED_EDGE('',*,*,#1242,.T.);
#2009=ORIENTED_EDGE('',*,*,#1074,.T.);
#2010=ORIENTED_EDGE('',*,*,#1321,.T.);
#2011=ORIENTED_EDGE('',*,*,#1206,.T.);
#2012=ORIENTED_EDGE('',*,*,#1072,.T.);
#2013=ORIENTED_EDGE('',*,*,#1320,.F.);
#2014=ORIENTED_EDGE('',*,*,#1317,.F.);
#2015=ORIENTED_EDGE('',*,*,#978,.F.);
#2016=ORIENTED_EDGE('',*,*,#1078,.T.);
#2017=ORIENTED_EDGE('',*,*,#1207,.T.);
#2018=ORIENTED_EDGE('',*,*,#1321,.F.);
#2019=ORIENTED_EDGE('',*,*,#1322,.F.);
#2020=ORIENTED_EDGE('',*,*,#1323,.T.);
#2021=ORIENTED_EDGE('',*,*,#1318,.T.);
#2022=ORIENTED_EDGE('',*,*,#1319,.T.);
#2023=ORIENTED_EDGE('',*,*,#1323,.F.);
#2024=ORIENTED_EDGE('',*,*,#1046,.T.);
#2025=ORIENTED_EDGE('',*,*,#1322,.T.);
#2026=CYLINDRICAL_SURFACE('',#2172,19.);
#2027=CYLINDRICAL_SURFACE('',#2174,19.);
#2028=CYLINDRICAL_SURFACE('',#2176,19.);
#2029=CYLINDRICAL_SURFACE('',#2177,19.);
#2030=CYLINDRICAL_SURFACE('',#2178,19.);
#2031=CYLINDRICAL_SURFACE('',#2186,19.);
#2032=CYLINDRICAL_SURFACE('',#2189,16.);
#2033=ADVANCED_FACE('',(#135),#2026,.T.);
#2034=ADVANCED_FACE('',(#136),#2027,.T.);
#2035=ADVANCED_FACE('',(#137),#2028,.T.);
#2036=ADVANCED_FACE('',(#138),#2029,.T.);
#2037=ADVANCED_FACE('',(#139),#2030,.T.);
#2038=ADVANCED_FACE('',(#140),#21,.T.);
#2039=ADVANCED_FACE('',(#141),#22,.T.);
#2040=ADVANCED_FACE('',(#142),#23,.T.);
#2041=ADVANCED_FACE('',(#143),#24,.T.);
#2042=ADVANCED_FACE('',(#144),#25,.T.);
#2043=ADVANCED_FACE('',(#145),#26,.T.);
#2044=ADVANCED_FACE('',(#146),#27,.T.);
#2045=ADVANCED_FACE('',(#147),#28,.T.);
#2046=ADVANCED_FACE('',(#148),#29,.T.);
#2047=ADVANCED_FACE('',(#149),#30,.T.);
#2048=ADVANCED_FACE('',(#150),#31,.T.);
#2049=ADVANCED_FACE('',(#151),#32,.T.);
#2050=ADVANCED_FACE('',(#152),#33,.T.);
#2051=ADVANCED_FACE('',(#153),#34,.T.);
#2052=ADVANCED_FACE('',(#154),#35,.T.);
#2053=ADVANCED_FACE('',(#155),#36,.T.);
#2054=ADVANCED_FACE('',(#156),#37,.T.);
#2055=ADVANCED_FACE('',(#157),#38,.T.);
#2056=ADVANCED_FACE('',(#158),#39,.T.);
#2057=ADVANCED_FACE('',(#159),#40,.T.);
#2058=ADVANCED_FACE('',(#160),#41,.T.);
#2059=ADVANCED_FACE('',(#161),#42,.T.);
#2060=ADVANCED_FACE('',(#162),#43,.T.);
#2061=ADVANCED_FACE('',(#163),#44,.T.);
#2062=ADVANCED_FACE('',(#164),#45,.T.);
#2063=ADVANCED_FACE('',(#165),#46,.T.);
#2064=ADVANCED_FACE('',(#166),#47,.T.);
#2065=ADVANCED_FACE('',(#167),#48,.T.);
#2066=ADVANCED_FACE('',(#168),#49,.T.);
#2067=ADVANCED_FACE('',(#169),#50,.T.);
#2068=ADVANCED_FACE('',(#170),#51,.T.);
#2069=ADVANCED_FACE('',(#171),#52,.T.);
#2070=ADVANCED_FACE('',(#172),#53,.T.);
#2071=ADVANCED_FACE('',(#173),#54,.T.);
#2072=ADVANCED_FACE('',(#174),#55,.T.);
#2073=ADVANCED_FACE('',(#175),#56,.T.);
#2074=ADVANCED_FACE('',(#176),#57,.T.);
#2075=ADVANCED_FACE('',(#177),#58,.T.);
#2076=ADVANCED_FACE('',(#178),#59,.T.);
#2077=ADVANCED_FACE('',(#179),#60,.T.);
#2078=ADVANCED_FACE('',(#180),#61,.T.);
#2079=ADVANCED_FACE('',(#181),#62,.T.);
#2080=ADVANCED_FACE('',(#182),#63,.T.);
#2081=ADVANCED_FACE('',(#183),#64,.T.);
#2082=ADVANCED_FACE('',(#184),#65,.T.);
#2083=ADVANCED_FACE('',(#185),#66,.T.);
#2084=ADVANCED_FACE('',(#186),#67,.T.);
#2085=ADVANCED_FACE('',(#187),#68,.T.);
#2086=ADVANCED_FACE('',(#188),#69,.T.);
#2087=ADVANCED_FACE('',(#189),#70,.T.);
#2088=ADVANCED_FACE('',(#190),#71,.T.);
#2089=ADVANCED_FACE('',(#191),#72,.T.);
#2090=ADVANCED_FACE('',(#192),#73,.T.);
#2091=ADVANCED_FACE('',(#193),#74,.T.);
#2092=ADVANCED_FACE('',(#194),#75,.T.);
#2093=ADVANCED_FACE('',(#195),#76,.T.);
#2094=ADVANCED_FACE('',(#196),#77,.T.);
#2095=ADVANCED_FACE('',(#197),#78,.T.);
#2096=ADVANCED_FACE('',(#198),#79,.T.);
#2097=ADVANCED_FACE('',(#199),#80,.T.);
#2098=ADVANCED_FACE('',(#200),#81,.T.);
#2099=ADVANCED_FACE('',(#201),#16,.F.);
#2100=ADVANCED_FACE('',(#202),#82,.T.);
#2101=ADVANCED_FACE('',(#203),#83,.T.);
#2102=ADVANCED_FACE('',(#204),#84,.T.);
#2103=ADVANCED_FACE('',(#205),#85,.T.);
#2104=ADVANCED_FACE('',(#206),#86,.T.);
#2105=ADVANCED_FACE('',(#207),#87,.T.);
#2106=ADVANCED_FACE('',(#208),#88,.T.);
#2107=ADVANCED_FACE('',(#209),#89,.T.);
#2108=ADVANCED_FACE('',(#210),#90,.T.);
#2109=ADVANCED_FACE('',(#211),#91,.T.);
#2110=ADVANCED_FACE('',(#212),#92,.T.);
#2111=ADVANCED_FACE('',(#213),#93,.T.);
#2112=ADVANCED_FACE('',(#214),#94,.T.);
#2113=ADVANCED_FACE('',(#215),#95,.T.);
#2114=ADVANCED_FACE('',(#216),#96,.T.);
#2115=ADVANCED_FACE('',(#217),#97,.T.);
#2116=ADVANCED_FACE('',(#218),#98,.T.);
#2117=ADVANCED_FACE('',(#219),#99,.T.);
#2118=ADVANCED_FACE('',(#220),#100,.T.);
#2119=ADVANCED_FACE('',(#221),#101,.T.);
#2120=ADVANCED_FACE('',(#222),#102,.T.);
#2121=ADVANCED_FACE('',(#223),#103,.T.);
#2122=ADVANCED_FACE('',(#224),#104,.T.);
#2123=ADVANCED_FACE('',(#225),#105,.T.);
#2124=ADVANCED_FACE('',(#226),#106,.T.);
#2125=ADVANCED_FACE('',(#227),#107,.T.);
#2126=ADVANCED_FACE('',(#228),#108,.T.);
#2127=ADVANCED_FACE('',(#229),#109,.T.);
#2128=ADVANCED_FACE('',(#230),#110,.T.);
#2129=ADVANCED_FACE('',(#231),#111,.T.);
#2130=ADVANCED_FACE('',(#232),#112,.T.);
#2131=ADVANCED_FACE('',(#233),#113,.T.);
#2132=ADVANCED_FACE('',(#234),#114,.T.);
#2133=ADVANCED_FACE('',(#235),#115,.T.);
#2134=ADVANCED_FACE('',(#236),#116,.T.);
#2135=ADVANCED_FACE('',(#237),#117,.T.);
#2136=ADVANCED_FACE('',(#238),#118,.T.);
#2137=ADVANCED_FACE('',(#239),#119,.T.);
#2138=ADVANCED_FACE('',(#240),#120,.T.);
#2139=ADVANCED_FACE('',(#241),#121,.T.);
#2140=ADVANCED_FACE('',(#242),#122,.T.);
#2141=ADVANCED_FACE('',(#243),#123,.T.);
#2142=ADVANCED_FACE('',(#244),#124,.T.);
#2143=ADVANCED_FACE('',(#245),#125,.T.);
#2144=ADVANCED_FACE('',(#246),#126,.T.);
#2145=ADVANCED_FACE('',(#247),#127,.T.);
#2146=ADVANCED_FACE('',(#248),#128,.T.);
#2147=ADVANCED_FACE('',(#249),#129,.T.);
#2148=ADVANCED_FACE('',(#250),#130,.T.);
#2149=ADVANCED_FACE('',(#251),#131,.T.);
#2150=ADVANCED_FACE('',(#252),#132,.T.);
#2151=ADVANCED_FACE('',(#253),#17,.T.);
#2152=ADVANCED_FACE('',(#254),#18,.F.);
#2153=ADVANCED_FACE('',(#255),#2031,.T.);
#2154=ADVANCED_FACE('',(#256),#133,.T.);
#2155=ADVANCED_FACE('',(#257),#19,.F.);
#2156=ADVANCED_FACE('',(#258),#2032,.F.);
#2157=ADVANCED_FACE('',(#259,#15),#20,.T.);
#2158=CLOSED_SHELL('',(#2033,#2034,#2035,#2036,#2037,#2038,#2039,#2040,
#2041,#2042,#2043,#2044,#2045,#2046,#2047,#2048,#2049,#2050,#2051,#2052,
#2053,#2054,#2055,#2056,#2057,#2058,#2059,#2060,#2061,#2062,#2063,#2064,
#2065,#2066,#2067,#2068,#2069,#2070,#2071,#2072,#2073,#2074,#2075,#2076,
#2077,#2078,#2079,#2080,#2081,#2082,#2083,#2084,#2085,#2086,#2087,#2088,
#2089,#2090,#2091,#2092,#2093,#2094,#2095,#2096,#2097,#2098,#2099,#2100,
#2101,#2102,#2103,#2104,#2105,#2106,#2107,#2108,#2109,#2110,#2111,#2112,
#2113,#2114,#2115,#2116,#2117,#2118,#2119,#2120,#2121,#2122,#2123,#2124,
#2125,#2126,#2127,#2128,#2129,#2130,#2131,#2132,#2133,#2134,#2135,#2136,
#2137,#2138,#2139,#2140,#2141,#2142,#2143,#2144,#2145,#2146,#2147,#2148,
#2149,#2150,#2151,#2152,#2153,#2154,#2155,#2156,#2157));
#2159=DERIVED_UNIT_ELEMENT(#2161,1.);
#2160=DERIVED_UNIT_ELEMENT(#10335,-3.);
#2161=(
MASS_UNIT()
NAMED_UNIT(*)
SI_UNIT(.KILO.,.GRAM.)
);
#2162=DERIVED_UNIT((#2159,#2160));
#2163=MEASURE_REPRESENTATION_ITEM('density measure',
POSITIVE_RATIO_MEASURE(7850.),#2162);
#2164=PROPERTY_DEFINITION_REPRESENTATION(#2169,#2166);
#2165=PROPERTY_DEFINITION_REPRESENTATION(#2170,#2167);
#2166=REPRESENTATION('material name',(#2168),#10332);
#2167=REPRESENTATION('density',(#2163),#10332);
#2168=DESCRIPTIVE_REPRESENTATION_ITEM('Steel','Steel');
#2169=PROPERTY_DEFINITION('material property','material name',#10342);
#2170=PROPERTY_DEFINITION('material property','density of part',#10342);
#2171=AXIS2_PLACEMENT_3D('',#2244,#2192,#2193);
#2172=AXIS2_PLACEMENT_3D('',#2245,#2194,#2195);
#2173=AXIS2_PLACEMENT_3D('',#2372,#2197,#2198);
#2174=AXIS2_PLACEMENT_3D('',#2373,#2199,#2200);
#2175=AXIS2_PLACEMENT_3D('',#2736,#2202,#2203);
#2176=AXIS2_PLACEMENT_3D('',#2910,#2204,#2205);
#2177=AXIS2_PLACEMENT_3D('',#3581,#2207,#2208);
#2178=AXIS2_PLACEMENT_3D('',#4303,#2210,#2211);
#2179=AXIS2_PLACEMENT_3D('',#4305,#2212,#2213);
#2180=AXIS2_PLACEMENT_3D('',#4462,#2215,#2216);
#2181=AXIS2_PLACEMENT_3D('',#7653,#2221,#2222);
#2182=AXIS2_PLACEMENT_3D('',#10225,#2223,#2224);
#2183=AXIS2_PLACEMENT_3D('',#10226,#2225,#2226);
#2184=AXIS2_PLACEMENT_3D('',#10249,#2227,#2228);
#2185=AXIS2_PLACEMENT_3D('',#10250,#2229,#2230);
#2186=AXIS2_PLACEMENT_3D('',#10272,#2231,#2232);
#2187=AXIS2_PLACEMENT_3D('',#10323,#2233,#2234);
#2188=AXIS2_PLACEMENT_3D('',#10324,#2235,#2236);
#2189=AXIS2_PLACEMENT_3D('',#10325,#2237,#2238);
#2190=AXIS2_PLACEMENT_3D('',#10327,#2239,#2240);
#2191=AXIS2_PLACEMENT_3D('',#10329,#2242,#2243);
#2192=DIRECTION('axis',(0.,0.,1.));
#2193=DIRECTION('refdir',(1.,0.,0.));
#2194=DIRECTION('center_axis',(0.,0.,1.));
#2195=DIRECTION('ref_axis',(1.,0.,0.));
#2196=DIRECTION('',(0.,0.,-1.));
#2197=DIRECTION('center_axis',(0.,0.,1.));
#2198=DIRECTION('ref_axis',(1.,0.,0.));
#2199=DIRECTION('center_axis',(0.,0.,1.));
#2200=DIRECTION('ref_axis',(1.,0.,0.));
#2201=DIRECTION('',(0.,0.,-1.));
#2202=DIRECTION('center_axis',(0.,0.,1.));
#2203=DIRECTION('ref_axis',(1.,0.,0.));
#2204=DIRECTION('center_axis',(0.,0.,1.));
#2205=DIRECTION('ref_axis',(1.,0.,0.));
#2206=DIRECTION('',(0.,0.,-1.));
#2207=DIRECTION('center_axis',(0.,0.,1.));
#2208=DIRECTION('ref_axis',(1.,0.,0.));
#2209=DIRECTION('',(0.,0.,-1.));
#2210=DIRECTION('center_axis',(0.,0.,1.));
#2211=DIRECTION('ref_axis',(1.,0.,0.));
#2212=DIRECTION('center_axis',(0.,0.,1.));
#2213=DIRECTION('ref_axis',(1.,0.,0.));
#2214=DIRECTION('',(0.,0.,-1.));
#2215=DIRECTION('center_axis',(-4.21079837664706E-13,0.798412782596492,
0.602110478721744));
#2216=DIRECTION('ref_axis',(0.,0.602110478721744,-0.798412782596492));
#2217=DIRECTION('',(0.,0.,-1.));
#2218=DIRECTION('',(0.0980334605275992,-0.974169243423927,0.203429903858397));
#2219=DIRECTION('',(-0.627941235297817,0.0980334605275996,0.772061685119548));
#2220=DIRECTION('',(-0.0980334605275992,0.974169243423927,-0.203429903858397));
#2221=DIRECTION('center_axis',(-4.20524726152394E-13,0.798412782596492,
0.602110478721744));
#2222=DIRECTION('ref_axis',(-0.966995646799161,0.153413471662809,-0.203429903858397));
#2223=DIRECTION('center_axis',(-4.21079837664706E-13,0.798412782596492,
0.602110478721744));
#2224=DIRECTION('ref_axis',(-0.966995646799161,0.153413471662808,-0.203429903858397));
#2225=DIRECTION('center_axis',(0.,0.,1.));
#2226=DIRECTION('ref_axis',(1.,0.,0.));
#2227=DIRECTION('center_axis',(0.,0.,-1.));
#2228=DIRECTION('ref_axis',(1.,0.,0.));
#2229=DIRECTION('center_axis',(0.,0.,-1.));
#2230=DIRECTION('ref_axis',(1.,0.,0.));
#2231=DIRECTION('center_axis',(0.,0.,1.));
#2232=DIRECTION('ref_axis',(1.,0.,0.));
#2233=DIRECTION('center_axis',(0.,1.,0.));
#2234=DIRECTION('ref_axis',(-1.,0.,0.));
#2235=DIRECTION('center_axis',(0.,1.,0.));
#2236=DIRECTION('ref_axis',(0.,0.,1.));
#2237=DIRECTION('center_axis',(0.,0.,1.));
#2238=DIRECTION('ref_axis',(1.,0.,0.));
#2239=DIRECTION('center_axis',(0.,0.,-1.));
#2240=DIRECTION('ref_axis',(1.,0.,0.));
#2241=DIRECTION('',(0.,0.,-1.));
#2242=DIRECTION('center_axis',(0.,0.,1.));
#2243=DIRECTION('ref_axis',(1.,0.,0.));
#2244=CARTESIAN_POINT('',(0.,0.,0.));
#2245=CARTESIAN_POINT('Origin',(-100.,0.,10.));
#2246=CARTESIAN_POINT('',(-119.,-1.37582068610006E-13,45.0001658836319));
#2247=CARTESIAN_POINT('',(-119.,-2.32682891837997E-15,10.));
#2248=CARTESIAN_POINT('',(-119.,-2.32682891837997E-15,10.));
#2249=CARTESIAN_POINT('',(-115.901131745018,10.3997119781063,36.7035938792784));
#2250=CARTESIAN_POINT('Ctrl Pts',(-119.,-2.83106871279415E-13,45.0001658836319));
#2251=CARTESIAN_POINT('Ctrl Pts',(-119.,1.64186478464499,43.7628535741325));
#2252=CARTESIAN_POINT('Ctrl Pts',(-118.787159005834,3.27866924906272,42.5305487714518));
#2253=CARTESIAN_POINT('Ctrl Pts',(-117.844947683867,6.83260369333472,39.7596464780393));
#2254=CARTESIAN_POINT('Ctrl Pts',(-117.012815623962,8.69995030632977,38.2347611498315));
#2255=CARTESIAN_POINT('Ctrl Pts',(-115.901131745018,10.3997119781063,36.7035938792784));
#2256=CARTESIAN_POINT('',(-106.536971681035,17.8400672992381,27.5309711645142));
#2257=CARTESIAN_POINT('Ctrl Pts',(-115.901131745018,10.3997119781063,36.7035938792784));
#2258=CARTESIAN_POINT('Ctrl Pts',(-115.691176087776,10.7207336153831,36.4144134416328));
#2259=CARTESIAN_POINT('Ctrl Pts',(-115.471720851314,11.0349071967451,36.1256571510981));
#2260=CARTESIAN_POINT('Ctrl Pts',(-115.243153869517,11.3419418281026,35.8371672488414));
#2261=CARTESIAN_POINT('Ctrl Pts',(-115.00983665279,11.6553574626086,35.5426817526464));
#2262=CARTESIAN_POINT('Ctrl Pts',(-114.767024570371,11.9613344861904,35.2484738323137));
#2263=CARTESIAN_POINT('Ctrl Pts',(-114.515105968804,12.2595148791545,34.9543756872216));
#2264=CARTESIAN_POINT('Ctrl Pts',(-114.261401443665,12.5598091588624,34.6581925956174));
#2265=CARTESIAN_POINT('Ctrl Pts',(-113.998460297856,12.8521959464568,34.3621208412275));
#2266=CARTESIAN_POINT('Ctrl Pts',(-113.726662450217,13.1362591640396,34.0659890293099));
#2267=CARTESIAN_POINT('Ctrl Pts',(-113.454197972199,13.421019094904,33.7691309038335));
#2268=CARTESIAN_POINT('Ctrl Pts',(-113.172832754605,13.6974146384883,33.4722124258656));
#2269=CARTESIAN_POINT('Ctrl Pts',(-112.882940798838,13.9649752051621,33.1750609364439));
#2270=CARTESIAN_POINT('Ctrl Pts',(-112.752607451063,14.0852685202874,33.0414637543131));
#2271=CARTESIAN_POINT('Ctrl Pts',(-112.620550494276,14.2037752925634,32.9078194727098));
#2272=CARTESIAN_POINT('Ctrl Pts',(-112.486803787785,14.3204493211343,32.7741124007548));
#2273=CARTESIAN_POINT('Ctrl Pts',(-112.268565473669,14.5108296599445,32.5559387594405));
#2274=CARTESIAN_POINT('Ctrl Pts',(-112.045828022497,14.696331054763,32.3375979364328));
#2275=CARTESIAN_POINT('Ctrl Pts',(-111.818739312644,14.8767403754305,32.1190217620932));
#2276=CARTESIAN_POINT('Ctrl Pts',(-111.510123290797,15.1219186006478,31.8219743684158));
#2277=CARTESIAN_POINT('Ctrl Pts',(-111.194164145327,15.3571434014621,31.5251550914304));
#2278=CARTESIAN_POINT('Ctrl Pts',(-110.871461320524,15.5821718173156,31.2284738000801));
#2279=CARTESIAN_POINT('Ctrl Pts',(-110.547275657731,15.8082342516477,30.9304292411783));
#2280=CARTESIAN_POINT('Ctrl Pts',(-110.216284058648,16.0240069031569,30.6325239389289));
#2281=CARTESIAN_POINT('Ctrl Pts',(-109.879043017334,16.2292327093016,30.334666514085));
#2282=CARTESIAN_POINT('Ctrl Pts',(-109.810393667683,16.2710088171818,30.2740341591831));
#2283=CARTESIAN_POINT('Ctrl Pts',(-109.741485192701,16.3123478412019,30.2134037881943));
#2284=CARTESIAN_POINT('Ctrl Pts',(-109.672322035746,16.3532475283973,30.1527746303292));
#2285=CARTESIAN_POINT('Ctrl Pts',(-109.334461748626,16.5530414745869,29.8566027147315));
#2286=CARTESIAN_POINT('Ctrl Pts',(-108.99052769241,16.742353343276,29.5604597478835));
#2287=CARTESIAN_POINT('Ctrl Pts',(-108.641009704374,16.9209075560963,29.264255878849));
#2288=CARTESIAN_POINT('Ctrl Pts',(-108.297155869233,17.096568188626,28.9728521747834));
#2289=CARTESIAN_POINT('Ctrl Pts',(-107.947897366289,17.2618174389811,28.6813895264515));
#2290=CARTESIAN_POINT('Ctrl Pts',(-107.593657991926,17.4163672494029,28.389782380777));
#2291=CARTESIAN_POINT('Ctrl Pts',(-107.246103287394,17.5680006294954,28.1036780042199));
#2292=CARTESIAN_POINT('Ctrl Pts',(-106.893753685165,17.7093349528754,27.8174345323362));
#2293=CARTESIAN_POINT('Ctrl Pts',(-106.536971681035,17.8400672992381,27.5309711645142));
#2294=CARTESIAN_POINT('',(-94.5797983860614,18.2104754046746,18.3561965562682));
#2295=CARTESIAN_POINT('Ctrl Pts',(-106.536971681035,17.8400672992381,27.5309711645142));
#2296=CARTESIAN_POINT('Ctrl Pts',(-106.176813764512,17.9720366501112,27.2417972473299));
#2297=CARTESIAN_POINT('Ctrl Pts',(-105.813130327965,18.0928392113404,26.9530475694613));
#2298=CARTESIAN_POINT('Ctrl Pts',(-105.446406118911,18.2024735001234,26.6645643795651));
#2299=CARTESIAN_POINT('Ctrl Pts',(-105.072057432941,18.3143871696597,26.3700834034104));
#2300=CARTESIAN_POINT('Ctrl Pts',(-104.694539764886,18.4146632001148,26.0758801113969));
#2301=CARTESIAN_POINT('Ctrl Pts',(-104.31437839378,18.5032465910197,25.7817867068833));
#2302=CARTESIAN_POINT('Ctrl Pts',(-103.931520693304,18.5924582677441,25.4856074179416));
#2303=CARTESIAN_POINT('Ctrl Pts',(-103.545981188254,18.669810600417,25.189539580802));
#2304=CARTESIAN_POINT('Ctrl Pts',(-103.158313097344,18.7351969983538,24.8934118031012));
#2305=CARTESIAN_POINT('Ctrl Pts',(-102.769692615555,18.8007440321811,24.5965565231862));
#2306=CARTESIAN_POINT('Ctrl Pts',(-102.378932606473,18.8542659932009,24.2996410078343));
#2307=CARTESIAN_POINT('Ctrl Pts',(-101.986614123878,18.8956090436262,24.0024925983887));
#2308=CARTESIAN_POINT('Ctrl Pts',(-101.809799912464,18.9142419635182,23.8685706344237));
#2309=CARTESIAN_POINT('Ctrl Pts',(-101.632669503801,18.9304004788428,23.7346013645626));
#2310=CARTESIAN_POINT('Ctrl Pts',(-101.455278055268,18.9440676524486,23.6005689827479));
#2311=CARTESIAN_POINT('Ctrl Pts',(-101.166458317004,18.9663198497009,23.3823442726235));
#2312=CARTESIAN_POINT('Ctrl Pts',(-100.876946023551,18.9819684011515,23.163952260934));
#2313=CARTESIAN_POINT('Ctrl Pts',(-100.586987286844,18.990930703147,22.945324728557));
#2314=CARTESIAN_POINT('Ctrl Pts',(-100.193026719991,19.0031075860185,22.648280302295));
#2315=CARTESIAN_POINT('Ctrl Pts',(-99.7991259862987,19.0029158073997,22.3514640000437));
#2316=CARTESIAN_POINT('Ctrl Pts',(-99.4059109291029,18.9905187919303,22.0547857090526));
#2317=CARTESIAN_POINT('Ctrl Pts',(-99.0108879464479,18.9780647774232,21.7567433496577));
#2318=CARTESIAN_POINT('Ctrl Pts',(-98.6165565355429,18.9532933699213,21.4588402735377));
#2319=CARTESIAN_POINT('Ctrl Pts',(-98.2235165253425,18.9163310297523,21.1609851192567));
#2320=CARTESIAN_POINT('Ctrl Pts',(-98.1432980333576,18.90878710773,21.1001936204621));
#2321=CARTESIAN_POINT('Ctrl Pts',(-98.063133233044,18.9007352229172,21.0394041178899));
#2322=CARTESIAN_POINT('Ctrl Pts',(-97.9830270723088,18.8921762309996,20.9786158347994));
#2323=CARTESIAN_POINT('Ctrl Pts',(-97.5927389302286,18.850475654877,20.6824470276827));
#2324=CARTESIAN_POINT('Ctrl Pts',(-97.2038446451192,18.7967411766825,20.3863071682721));
#2325=CARTESIAN_POINT('Ctrl Pts',(-96.8169016360376,18.7310445593865,20.0901064238728));
#2326=CARTESIAN_POINT('Ctrl Pts',(-96.4362315163245,18.6664129764819,19.7987075093473));
#2327=CARTESIAN_POINT('Ctrl Pts',(-96.0574494608932,18.5902041513847,19.5072496678943));
#2328=CARTESIAN_POINT('Ctrl Pts',(-95.6810673792083,18.5024403786875,19.2156473653174));
#2329=CARTESIAN_POINT('Ctrl Pts',(-95.311506795686,18.4162672247879,18.9293300236034));
#2330=CARTESIAN_POINT('Ctrl Pts',(-94.9442595615898,18.3189543437423,18.6428734097017));
#2331=CARTESIAN_POINT('Ctrl Pts',(-94.5797983860614,18.2104754046746,18.3561965562682));
#2332=CARTESIAN_POINT('',(-85.4447973003086,12.2125374977372,10.));
#2333=CARTESIAN_POINT('Ctrl Pts',(-94.5797983860614,18.2104754046746,18.3561965562682));
#2334=CARTESIAN_POINT('Ctrl Pts',(-94.2128957562178,18.1012697863563,18.067599310519));
#2335=CARTESIAN_POINT('Ctrl Pts',(-93.8497692503868,17.9810482601076,17.7793903001747));
#2336=CARTESIAN_POINT('Ctrl Pts',(-93.4908149790142,17.8500807547277,17.4914133133493));
#2337=CARTESIAN_POINT('Ctrl Pts',(-93.1247215053673,17.7165084509464,17.1977087837052));
#2338=CARTESIAN_POINT('Ctrl Pts',(-92.7629676249926,17.5717580558979,16.904245598742));
#2339=CARTESIAN_POINT('Ctrl Pts',(-92.406015689015,17.4160818598986,16.6108580393243));
#2340=CARTESIAN_POINT('Ctrl Pts',(-92.0467667605713,17.2594038846306,16.3155825254071));
#2341=CARTESIAN_POINT('Ctrl Pts',(-91.6923815839036,17.0916585457237,16.0203836134706));
#2342=CARTESIAN_POINT('Ctrl Pts',(-91.3433770052379,16.9130758573142,15.7250923645309));
#2343=CARTESIAN_POINT('Ctrl Pts',(-90.9938549472817,16.7342283791324,15.4293632786248));
#2344=CARTESIAN_POINT('Ctrl Pts',(-90.6497292759364,16.5445108832795,15.1335415816909));
#2345=CARTESIAN_POINT('Ctrl Pts',(-90.3115673840588,16.344134807615,14.8374575821583));
#2346=CARTESIAN_POINT('Ctrl Pts',(-90.1545660369733,16.2511044734506,14.6999921021807));
#2347=CARTESIAN_POINT('Ctrl Pts',(-89.998850906203,16.1557764037815,14.5624700816541));
#2348=CARTESIAN_POINT('Ctrl Pts',(-89.8444824743425,16.0581707883368,14.4248745382821));
#2349=CARTESIAN_POINT('Ctrl Pts',(-89.7528340864885,16.0002224293803,14.34318419801));
#2350=CARTESIAN_POINT('Ctrl Pts',(-89.6616604263745,15.9414712745987,14.2614679425132));
#2351=CARTESIAN_POINT('Ctrl Pts',(-89.5709745564616,15.8819214743415,14.1797222179715));
#2352=CARTESIAN_POINT('Ctrl Pts',(-89.2400810277404,15.6646368680334,13.8814493858597));
#2353=CARTESIAN_POINT('Ctrl Pts',(-88.9163939523125,15.4371848588306,13.5834214797677));
#2354=CARTESIAN_POINT('Ctrl Pts',(-88.6003256229245,15.20004496816,13.2855214807951));
#2355=CARTESIAN_POINT('Ctrl Pts',(-88.2826635281509,14.9617093064672,12.9861193297163));
#2356=CARTESIAN_POINT('Ctrl Pts',(-87.9726966485714,14.7135877366472,12.6868463789449));
#2357=CARTESIAN_POINT('Ctrl Pts',(-87.6708468517175,14.4561146446743,12.3875838304461));
#2358=CARTESIAN_POINT('Ctrl Pts',(-87.4740714183566,14.2882683191846,12.1924950204375));
#2359=CARTESIAN_POINT('Ctrl Pts',(-87.2807456018478,14.1164467971209,11.9974106311001));
#2360=CARTESIAN_POINT('Ctrl Pts',(-87.0909887490542,13.9407587512437,11.8022977508164));
#2361=CARTESIAN_POINT('Ctrl Pts',(-86.7991379427713,13.6705461234063,11.5022092397105));
#2362=CARTESIAN_POINT('Ctrl Pts',(-86.5157284222226,13.3911895135217,11.2020533326653));
#2363=CARTESIAN_POINT('Ctrl Pts',(-86.2412094348449,13.1030428726348,10.9017102896095));
#2364=CARTESIAN_POINT('Ctrl Pts',(-85.9666904474673,12.814896231748,10.6013672465538));
#2365=CARTESIAN_POINT('Ctrl Pts',(-85.7010614098582,12.5179594792123,10.3008370674876));
#2366=CARTESIAN_POINT('Ctrl Pts',(-85.4447972424636,12.212537528795,10.0000000123397));
#2367=CARTESIAN_POINT('',(-85.4451555807095,12.2129645840086,10.));
#2368=CARTESIAN_POINT('Ctrl Pts',(-85.4457902765226,12.2118309861077,10.0000000337426));
#2369=CARTESIAN_POINT('Ctrl Pts',(-85.44590950774,12.2119734007691,10.0000000370539));
#2370=CARTESIAN_POINT('Ctrl Pts',(-85.4460287524696,12.2121157949262,10.0000000350524));
#2371=CARTESIAN_POINT('Ctrl Pts',(-85.4461480247924,12.2122581853932,10.0000000444591));
#2372=CARTESIAN_POINT('Origin',(-100.,0.,10.));
#2373=CARTESIAN_POINT('Origin',(-100.,0.,10.));
#2374=CARTESIAN_POINT('',(-119.,7.63440304474538E-14,135.001228224846));
#2375=CARTESIAN_POINT('',(-119.,1.22896369682548E-12,49.4952137960648));
#2376=CARTESIAN_POINT('',(-119.,-2.32682891837997E-15,10.));
#2377=CARTESIAN_POINT('',(-116.972221663726,8.54070792132324,128.321922273692));
#2378=CARTESIAN_POINT('Ctrl Pts',(-119.,1.49880108324396E-13,135.001228224846));
#2379=CARTESIAN_POINT('Ctrl Pts',(-119.,0.928774521635656,134.301626174873));
#2380=CARTESIAN_POINT('Ctrl Pts',(-118.931896275883,1.85781038642675,133.601887895917));
#2381=CARTESIAN_POINT('Ctrl Pts',(-118.499011494944,4.78503537244012,131.371828143558));
#2382=CARTESIAN_POINT('Ctrl Pts',(-117.883344911253,6.73011026800723,129.850001596286));
#2383=CARTESIAN_POINT('Ctrl Pts',(-116.972221663726,8.54070792132323,128.321922273692));
#2384=CARTESIAN_POINT('',(-108.529012542387,16.9781019272418,119.168208956949));
#2385=CARTESIAN_POINT('Ctrl Pts',(-116.972221663726,8.54070792132323,128.321922273692));
#2386=CARTESIAN_POINT('Ctrl Pts',(-116.799762727118,8.88342088223524,128.032684856314));
#2387=CARTESIAN_POINT('Ctrl Pts',(-116.617088351682,9.22039954042808,127.743870774603));
#2388=CARTESIAN_POINT('Ctrl Pts',(-116.424551143488,9.55131048899089,127.455322204482));
#2389=CARTESIAN_POINT('Ctrl Pts',(-116.228025754688,9.88907586657339,127.16079669192));
#2390=CARTESIAN_POINT('Ctrl Pts',(-116.021224276096,10.2205197663055,126.866547804387));
#2391=CARTESIAN_POINT('Ctrl Pts',(-115.804492157433,10.5452420891801,126.572407705838));
#2392=CARTESIAN_POINT('Ctrl Pts',(-115.586229832072,10.8722570684304,126.276190872415));
#2393=CARTESIAN_POINT('Ctrl Pts',(-115.357895629472,11.192455357472,125.980084369577));
#2394=CARTESIAN_POINT('Ctrl Pts',(-115.11982002291,11.5053801647729,125.683916781174));
#2395=CARTESIAN_POINT('Ctrl Pts',(-114.881169136938,11.8190611150533,125.387033541478));
#2396=CARTESIAN_POINT('Ctrl Pts',(-114.632729183722,12.1254335141622,125.090088920649));
#2397=CARTESIAN_POINT('Ctrl Pts',(-114.374818547603,12.4239871326234,124.792910256914));
#2398=CARTESIAN_POINT('Ctrl Pts',(-114.261351622061,12.5553348029089,124.662167493381));
#2399=CARTESIAN_POINT('Ctrl Pts',(-114.146051476222,12.6851684620322,124.531379430125));
#2400=CARTESIAN_POINT('Ctrl Pts',(-114.028944738447,12.8134414998288,124.400531364473));
#2401=CARTESIAN_POINT('Ctrl Pts',(-113.834084767089,13.0268816566129,124.182806485359));
#2402=CARTESIAN_POINT('Ctrl Pts',(-113.63422280101,13.2360016897891,123.964915475468));
#2403=CARTESIAN_POINT('Ctrl Pts',(-113.429480879779,13.4405746445607,123.746790598952));
#2404=CARTESIAN_POINT('Ctrl Pts',(-113.150634399654,13.7191910022834,123.449717319196));
#2405=CARTESIAN_POINT('Ctrl Pts',(-112.863361832774,13.9887500660819,123.152872090516));
#2406=CARTESIAN_POINT('Ctrl Pts',(-112.56823091379,14.2489422783129,122.856164621181));
#2407=CARTESIAN_POINT('Ctrl Pts',(-112.271750307038,14.5103243972046,122.558100254223));
#2408=CARTESIAN_POINT('Ctrl Pts',(-111.967339228657,14.762254331746,122.260174909487));
#2409=CARTESIAN_POINT('Ctrl Pts',(-111.65552111067,15.0044133159486,121.962297050805));
#2410=CARTESIAN_POINT('Ctrl Pts',(-111.5935154412,15.0525671244271,121.903063430362));
#2411=CARTESIAN_POINT('Ctrl Pts',(-111.531216719423,15.1003345382909,121.84383168762));
#2412=CARTESIAN_POINT('Ctrl Pts',(-111.468628820981,15.1477129990502,121.784601102825));
#2413=CARTESIAN_POINT('Ctrl Pts',(-111.155639835263,15.3846427689742,121.488401340255));
#2414=CARTESIAN_POINT('Ctrl Pts',(-110.835423035662,15.6118470182171,121.192230535538));
#2415=CARTESIAN_POINT('Ctrl Pts',(-110.508433818609,15.8289961100704,120.895998676979));
#2416=CARTESIAN_POINT('Ctrl Pts',(-110.186727660119,16.0426367945841,120.604552940331));
#2417=CARTESIAN_POINT('Ctrl Pts',(-109.858465954426,16.246545068657,120.313048106757));
#2418=CARTESIAN_POINT('Ctrl Pts',(-109.524037144363,16.4403863031318,120.021398457317));
#2419=CARTESIAN_POINT('Ctrl Pts',(-109.198113421284,16.6292978290684,119.737165948874));
#2420=CARTESIAN_POINT('Ctrl Pts',(-108.8663320526,16.8086482188276,119.452795896725));
#2421=CARTESIAN_POINT('Ctrl Pts',(-108.529012542387,16.9781019272418,119.168208956949));
#2422=CARTESIAN_POINT('',(-96.7174283427215,18.7142919533396,110.012816672637));
#2423=CARTESIAN_POINT('Ctrl Pts',(-108.529012542387,16.9781019272418,119.168208956949));
#2424=CARTESIAN_POINT('Ctrl Pts',(-108.184982364025,17.1509267647164,118.877960416068));
#2425=CARTESIAN_POINT('Ctrl Pts',(-107.836139384919,17.3129811081492,118.588138263332));
#2426=CARTESIAN_POINT('Ctrl Pts',(-107.482970520984,17.4642069826495,118.298583011176));
#2427=CARTESIAN_POINT('Ctrl Pts',(-107.123183651162,17.6182666679125,118.003601804019));
#2428=CARTESIAN_POINT('Ctrl Pts',(-106.758906773426,17.7610881394552,117.708897594026));
#2429=CARTESIAN_POINT('Ctrl Pts',(-106.390658236863,17.8925555791983,117.414301758695));
#2430=CARTESIAN_POINT('Ctrl Pts',(-106.031894112021,18.0206370141032,117.127293375631));
#2431=CARTESIAN_POINT('Ctrl Pts',(-105.669359888691,18.1379413046505,116.840387856639));
#2432=CARTESIAN_POINT('Ctrl Pts',(-105.303544596614,18.2443147966747,116.553429275386));
#2433=CARTESIAN_POINT('Ctrl Pts',(-104.925062790866,18.354371517148,116.256534628389));
#2434=CARTESIAN_POINT('Ctrl Pts',(-104.54306821415,18.4527274240995,115.959583180906));
#2435=CARTESIAN_POINT('Ctrl Pts',(-104.158120206763,18.5391640301012,115.662402242249));
#2436=CARTESIAN_POINT('Ctrl Pts',(-103.774855060354,18.6252227648361,115.366520476974));
#2437=CARTESIAN_POINT('Ctrl Pts',(-103.388661770543,18.6994659326058,115.070411222653));
#2438=CARTESIAN_POINT('Ctrl Pts',(-103.000117405213,18.7616328634977,114.773904043545));
#2439=CARTESIAN_POINT('Ctrl Pts',(-102.920788233587,18.774325496747,114.713366120469));
#2440=CARTESIAN_POINT('Ctrl Pts',(-102.84136115386,18.7865145831598,114.652811609716));
#2441=CARTESIAN_POINT('Ctrl Pts',(-102.761841234701,18.798197686511,114.592239060717));
#2442=CARTESIAN_POINT('Ctrl Pts',(-102.475480902053,18.8402698792073,114.374110377186));
#2443=CARTESIAN_POINT('Ctrl Pts',(-102.188386211781,18.8757123671724,114.156104649295));
#2444=CARTESIAN_POINT('Ctrl Pts',(-101.900812833837,18.9045625908864,113.938186138488));
#2445=CARTESIAN_POINT('Ctrl Pts',(-101.50761843384,18.9440090322923,113.640229704839));
#2446=CARTESIAN_POINT('Ctrl Pts',(-101.113530434605,18.9711330090641,113.342436320456));
#2447=CARTESIAN_POINT('Ctrl Pts',(-100.71916776742,18.9860005061674,113.044714634417));
#2448=CARTESIAN_POINT('Ctrl Pts',(-100.325701969739,19.0008341912347,112.747670034529));
#2449=CARTESIAN_POINT('Ctrl Pts',(-99.9319623411303,19.0034674234931,112.450696807237));
#2450=CARTESIAN_POINT('Ctrl Pts',(-99.5385293555637,18.9939271517824,112.15370422346));
#2451=CARTESIAN_POINT('Ctrl Pts',(-99.1477866860677,18.9844521169665,111.858742491061));
#2452=CARTESIAN_POINT('Ctrl Pts',(-98.7573460631808,18.9629698164649,111.563761665991));
#2453=CARTESIAN_POINT('Ctrl Pts',(-98.3677485242985,18.9294636477399,111.268672867701));
#2454=CARTESIAN_POINT('Ctrl Pts',(-97.9846335319811,18.8965149910044,110.978494077008));
#2455=CARTESIAN_POINT('Ctrl Pts',(-97.6023333826374,18.8519395115372,110.688210876352));
#2456=CARTESIAN_POINT('Ctrl Pts',(-97.2213419877337,18.7956756512837,110.397738748444));
#2457=CARTESIAN_POINT('Ctrl Pts',(-97.0531019578985,18.7708303827178,110.26947065599));
#2458=CARTESIAN_POINT('Ctrl Pts',(-96.8851168967885,18.7437052860055,110.141165723254));
#2459=CARTESIAN_POINT('Ctrl Pts',(-96.7174283427215,18.7142919533396,110.012816672637));
#2460=CARTESIAN_POINT('',(-86.2002759512722,13.0601537578607,100.855698572807));
#2461=CARTESIAN_POINT('Ctrl Pts',(-96.7174283427215,18.7142919533396,110.012816672637));
#2462=CARTESIAN_POINT('Ctrl Pts',(-96.3382239503097,18.6477777836371,109.722573107556));
#2463=CARTESIAN_POINT('Ctrl Pts',(-95.9615817704492,18.5697487144747,109.43275600593));
#2464=CARTESIAN_POINT('Ctrl Pts',(-95.5879271254732,18.4804486882046,109.143205885809));
#2465=CARTESIAN_POINT('Ctrl Pts',(-95.2072674207409,18.3894745170292,108.848227448601));
#2466=CARTESIAN_POINT('Ctrl Pts',(-94.829708001886,18.2868024468715,108.55352609716));
#2467=CARTESIAN_POINT('Ctrl Pts',(-94.4557339362429,18.1726487544531,108.258933210706));
#2468=CARTESIAN_POINT('Ctrl Pts',(-94.0911695867647,18.0613673303108,107.971752697729));
#2469=CARTESIAN_POINT('Ctrl Pts',(-93.7300123804672,17.9391742214126,107.684675260143));
#2470=CARTESIAN_POINT('Ctrl Pts',(-93.3727473263647,17.8062381475552,107.397544687802));
#2471=CARTESIAN_POINT('Ctrl Pts',(-93.0033356036253,17.6687823748902,107.10065195183));
#2472=CARTESIAN_POINT('Ctrl Pts',(-92.6380847180019,17.5198404320743,106.803702406623));
#2473=CARTESIAN_POINT('Ctrl Pts',(-92.2775739172805,17.3595706379602,106.506523361206));
#2474=CARTESIAN_POINT('Ctrl Pts',(-91.9186403492405,17.2000020232744,106.210644472405));
#2475=CARTESIAN_POINT('Ctrl Pts',(-91.5644052473044,17.0292039706216,105.914538087127));
#2476=CARTESIAN_POINT('Ctrl Pts',(-91.2154872470678,16.8473115233216,105.61803377106));
#2477=CARTESIAN_POINT('Ctrl Pts',(-91.1440975180165,16.8100957519357,105.557368047962));
#2478=CARTESIAN_POINT('Ctrl Pts',(-91.0729305403878,16.7724154848777,105.496685666502));
#2479=CARTESIAN_POINT('Ctrl Pts',(-91.0019918707429,16.7342717974309,105.43598516688));
#2480=CARTESIAN_POINT('Ctrl Pts',(-90.747023976275,16.5971756871677,105.217815321585));
#2481=CARTESIAN_POINT('Ctrl Pts',(-90.4954231478533,16.4543185846694,104.999768483558));
#2482=CARTESIAN_POINT('Ctrl Pts',(-90.247372343533,16.3058831827605,104.781808898963));
#2483=CARTESIAN_POINT('Ctrl Pts',(-89.9082826403857,16.1029694429411,104.483854409191));
#2484=CARTESIAN_POINT('Ctrl Pts',(-89.5758271109125,15.8896333407788,104.186062973038));
#2485=CARTESIAN_POINT('Ctrl Pts',(-89.2504631053228,15.6662970988827,103.888343253963));
#2486=CARTESIAN_POINT('Ctrl Pts',(-88.9258388930577,15.4434686656502,103.591300472278));
#2487=CARTESIAN_POINT('Ctrl Pts',(-88.60827345888,15.2106855460509,103.29432908191));
#2488=CARTESIAN_POINT('Ctrl Pts',(-88.2982165703771,14.9683156923165,102.997338367932));
#2489=CARTESIAN_POINT('Ctrl Pts',(-87.9902798411835,14.727603156064,102.70237846717));
#2490=CARTESIAN_POINT('Ctrl Pts',(-87.6897487959007,14.4774345541223,102.407399506163));
#2491=CARTESIAN_POINT('Ctrl Pts',(-87.3970675268136,14.2181193587311,102.112312618204));
#2492=CARTESIAN_POINT('Ctrl Pts',(-87.1092577539214,13.9631203021608,101.822137266458));
#2493=CARTESIAN_POINT('Ctrl Pts',(-86.8290381426417,13.6992765416655,101.531857550613));
#2494=CARTESIAN_POINT('Ctrl Pts',(-86.5568417708624,13.4268333498971,101.241388967908));
#2495=CARTESIAN_POINT('Ctrl Pts',(-86.4364026537026,13.3062850219444,101.112864919497));
#2496=CARTESIAN_POINT('Ctrl Pts',(-86.3175345200763,13.184052444036,100.984303894551));
#2497=CARTESIAN_POINT('Ctrl Pts',(-86.2002759512722,13.0601537578607,100.855698572807));
#2498=CARTESIAN_POINT('',(-81.1331544443254,2.24547072533199,91.6968077177458));
#2499=CARTESIAN_POINT('Ctrl Pts',(-86.2002759512722,13.0601537578607,100.855698572807));
#2500=CARTESIAN_POINT('Ctrl Pts',(-85.9356451075381,12.7805374006555,100.565460211987));
#2501=CARTESIAN_POINT('Ctrl Pts',(-85.6799403458864,12.4932091218391,100.275648391703));
#2502=CARTESIAN_POINT('Ctrl Pts',(-85.4333573993365,12.1986184242308,99.9861036359258));
#2503=CARTESIAN_POINT('Ctrl Pts',(-85.1821492081205,11.8985019833711,99.6911277854362));
#2504=CARTESIAN_POINT('Ctrl Pts',(-84.9404082154989,11.5908476291222,99.3964291122666));
#2505=CARTESIAN_POINT('Ctrl Pts',(-84.7083946128217,11.2761183230803,99.1018389969599));
#2506=CARTESIAN_POINT('Ctrl Pts',(-84.4820775495582,10.9691164428264,98.8144818377529));
#2507=CARTESIAN_POINT('Ctrl Pts',(-84.2650163730803,10.6553822631058,98.5272279710931));
#2508=CARTESIAN_POINT('Ctrl Pts',(-84.0575001613084,10.3353413448573,98.2399208952151));
#2509=CARTESIAN_POINT('Ctrl Pts',(-83.8430615962867,10.0046244593119,97.943029791885));
#2510=CARTESIAN_POINT('Ctrl Pts',(-83.6388152179011,9.66717254338658,97.6460818702071));
#2511=CARTESIAN_POINT('Ctrl Pts',(-83.4451314135152,9.32345825184086,97.3489044383377));
#2512=CARTESIAN_POINT('Ctrl Pts',(-83.2522958982727,8.98124934740223,97.0530285731633));
#2513=CARTESIAN_POINT('Ctrl Pts',(-83.0699307403269,8.63283227118249,96.7569252037954));
#2514=CARTESIAN_POINT('Ctrl Pts',(-82.8984518160899,8.27868449849493,96.4604238975151));
#2515=CARTESIAN_POINT('Ctrl Pts',(-82.8632905575527,8.20606751975395,96.3996271603468));
#2516=CARTESIAN_POINT('Ctrl Pts',(-82.8285871700148,8.13320965036914,96.338813692192));
#2517=CARTESIAN_POINT('Ctrl Pts',(-82.7943454959928,8.06011509584972,96.277982023739));
#2518=CARTESIAN_POINT('Ctrl Pts',(-82.6715155835911,7.79791419635804,96.0597698971198));
#2519=CARTESIAN_POINT('Ctrl Pts',(-82.5548275341434,7.53309823978957,95.8416808308063));
#2520=CARTESIAN_POINT('Ctrl Pts',(-82.444319174235,7.26592316201198,95.6236790552629));
#2521=CARTESIAN_POINT('Ctrl Pts',(-82.2932825832767,6.90076334089076,95.3257265290628));
#2522=CARTESIAN_POINT('Ctrl Pts',(-82.1537884752239,6.5311983880264,95.0279370609738));
#2523=CARTESIAN_POINT('Ctrl Pts',(-82.025951911284,6.15784003401355,94.7302193292039));
#2524=CARTESIAN_POINT('Ctrl Pts',(-81.89840593693,5.78533037341183,94.4331783496069));
#2525=CARTESIAN_POINT('Ctrl Pts',(-81.7824641225268,5.40904424317332,94.1362087805672));
#2526=CARTESIAN_POINT('Ctrl Pts',(-81.6782678199634,5.02954529538862,93.8392199216379));
#2527=CARTESIAN_POINT('Ctrl Pts',(-81.5747839890323,4.65264127878794,93.5442618078683));
#2528=CARTESIAN_POINT('Ctrl Pts',(-81.4828851646548,4.27256792476509,93.2492846671075));
#2529=CARTESIAN_POINT('Ctrl Pts',(-81.4027430323064,3.88983856499673,92.9541996467852));
#2530=CARTESIAN_POINT('Ctrl Pts',(-81.3239352949686,3.51348178520799,92.664027897015));
#2531=CARTESIAN_POINT('Ctrl Pts',(-81.2564956504597,3.13455637948552,92.3737518302415));
#2532=CARTESIAN_POINT('Ctrl Pts',(-81.2006252444988,2.75351757477158,92.0832869586865));
#2533=CARTESIAN_POINT('Ctrl Pts',(-81.1758533224393,2.58457189754408,91.9545001164316));
#2534=CARTESIAN_POINT('Ctrl Pts',(-81.1533563029204,2.41521034462363,91.8256761575291));
#2535=CARTESIAN_POINT('Ctrl Pts',(-81.1331544443254,2.24547072533199,91.6968077177458));
#2536=CARTESIAN_POINT('',(-83.5216291161415,-9.4585037407617,82.5360970733625));
#2537=CARTESIAN_POINT('Ctrl Pts',(-81.1331544443254,2.245470725332,91.6968077177458));
#2538=CARTESIAN_POINT('Ctrl Pts',(-81.087656489504,1.86318879351628,91.4065744986775));
#2539=CARTESIAN_POINT('Ctrl Pts',(-81.053922754327,1.48004501001005,91.1167678998563));
#2540=CARTESIAN_POINT('Ctrl Pts',(-81.0318420439385,1.09651682307436,90.8272284510022));
#2541=CARTESIAN_POINT('Ctrl Pts',(-81.0093469971278,0.705791870546399,90.5322559007122));
#2542=CARTESIAN_POINT('Ctrl Pts',(-80.9989466785966,0.31466754140858,90.237560620398));
#2543=CARTESIAN_POINT('Ctrl Pts',(-81.0005735824827,-0.0763294404017856,
89.942973993068));
#2544=CARTESIAN_POINT('Ctrl Pts',(-81.002161564317,-0.457972209653496,89.6554350567873));
#2545=CARTESIAN_POINT('Ctrl Pts',(-81.0152087083687,-0.839493878077229,
89.3679996368509));
#2546=CARTESIAN_POINT('Ctrl Pts',(-81.0396929775301,-1.2203794876406,89.0805109310282));
#2547=CARTESIAN_POINT('Ctrl Pts',(-81.0649778168763,-1.61371903899248,88.783622112633));
#2548=CARTESIAN_POINT('Ctrl Pts',(-81.1024600821486,-2.00638078588538,88.4866764667705));
#2549=CARTESIAN_POINT('Ctrl Pts',(-81.1521549293896,-2.39776443481707,88.189501301768));
#2550=CARTESIAN_POINT('Ctrl Pts',(-81.2016320221154,-2.78743310601106,87.8936283086716));
#2551=CARTESIAN_POINT('Ctrl Pts',(-81.2632153048292,-3.17583521998482,87.5975278034573));
#2552=CARTESIAN_POINT('Ctrl Pts',(-81.3369535538249,-3.56233946963135,87.3010293546375));
#2553=CARTESIAN_POINT('Ctrl Pts',(-81.3521070557611,-3.64176762225429,87.2400977502196));
#2554=CARTESIAN_POINT('Ctrl Pts',(-81.3677739875482,-3.72111548220831,87.1791493398965));
#2555=CARTESIAN_POINT('Ctrl Pts',(-81.3839549267521,-3.80037734383863,87.1181826445246));
#2556=CARTESIAN_POINT('Ctrl Pts',(-81.4418812984592,-4.08412799645323,86.8999271147688));
#2557=CARTESIAN_POINT('Ctrl Pts',(-81.5062991534717,-4.36631102679861,86.6817946997682));
#2558=CARTESIAN_POINT('Ctrl Pts',(-81.5770860204028,-4.64669835419887,86.4637496138706));
#2559=CARTESIAN_POINT('Ctrl Pts',(-81.6738136250995,-5.02983714452192,86.1657991636085));
#2560=CARTESIAN_POINT('Ctrl Pts',(-81.7824316903382,-5.40962227421132,85.8680117759923));
#2561=CARTESIAN_POINT('Ctrl Pts',(-81.9026674464234,-5.78549422455888,85.570296144424));
#2562=CARTESIAN_POINT('Ctrl Pts',(-82.0226299241307,-6.16051187265693,85.2732571771651));
#2563=CARTESIAN_POINT('Ctrl Pts',(-82.1541571599395,-6.53163461201775,84.9762896401427));
#2564=CARTESIAN_POINT('Ctrl Pts',(-82.2970261693052,-6.89832581926993,84.6793028479244));
#2565=CARTESIAN_POINT('Ctrl Pts',(-82.438918271604,-7.26250967217456,84.3843467864952));
#2566=CARTESIAN_POINT('Ctrl Pts',(-82.5919974122344,-7.62232289098257,84.0893717322955));
#2567=CARTESIAN_POINT('Ctrl Pts',(-82.7560949752109,-7.97725113447327,83.7942888474634));
#2568=CARTESIAN_POINT('Ctrl Pts',(-82.9174594525249,-8.32626795992747,83.5041206413578));
#2569=CARTESIAN_POINT('Ctrl Pts',(-83.0894782941768,-8.67056165160449,83.2138481665998));
#2570=CARTESIAN_POINT('Ctrl Pts',(-83.272041200834,-9.00964692419618,82.923386950658));
#2571=CARTESIAN_POINT('Ctrl Pts',(-83.3531570283199,-9.16030832074254,82.7943300556124));
#2572=CARTESIAN_POINT('Ctrl Pts',(-83.436355116381,-9.30994149103207,82.6652358997136));
#2573=CARTESIAN_POINT('Ctrl Pts',(-83.5216291161415,-9.4585037407617,82.5360970733625));
#2574=CARTESIAN_POINT('',(-92.4255686518229,-17.4249243829565,73.373519508558));
#2575=CARTESIAN_POINT('Ctrl Pts',(-83.5216291161415,-9.4585037407617,82.5360970733625));
#2576=CARTESIAN_POINT('Ctrl Pts',(-83.7132750038398,-9.79238445830589,82.2458688082186));
#2577=CARTESIAN_POINT('Ctrl Pts',(-83.9148741581729,-10.1199356028563,81.956067246037));
#2578=CARTESIAN_POINT('Ctrl Pts',(-84.1260524113781,-10.4408405093006,81.6665329219069));
#2579=CARTESIAN_POINT('Ctrl Pts',(-84.341193966798,-10.7677680203793,81.3715647426773));
#2580=CARTESIAN_POINT('Ctrl Pts',(-84.5662780107319,-11.0877976534028,81.0768739264427));
#2581=CARTESIAN_POINT('Ctrl Pts',(-84.8009360154703,-11.4005471289672,80.7822918604315));
#2582=CARTESIAN_POINT('Ctrl Pts',(-85.0301326873262,-11.7060178032106,80.4945657750015));
#2583=CARTESIAN_POINT('Ctrl Pts',(-85.268463428132,-12.004543114397,80.2069434366855));
#2584=CARTESIAN_POINT('Ctrl Pts',(-85.5156025669269,-12.2957222660011,79.9192677335161));
#2585=CARTESIAN_POINT('Ctrl Pts',(-85.7706536922188,-12.5962233142783,79.6223822941223));
#2586=CARTESIAN_POINT('Ctrl Pts',(-86.0350866678372,-12.8889006415152,79.3254400183037));
#2587=CARTESIAN_POINT('Ctrl Pts',(-86.308555377911,-13.1732635625694,79.0282682163692));
#2588=CARTESIAN_POINT('Ctrl Pts',(-86.580826462056,-13.4563811477044,78.7323978454292));
#2589=CARTESIAN_POINT('Ctrl Pts',(-86.8620548508271,-13.7312570445094,78.4362999543396));
#2590=CARTESIAN_POINT('Ctrl Pts',(-87.1519028841182,-13.9973556134611,78.139804112314));
#2591=CARTESIAN_POINT('Ctrl Pts',(-87.2116042783811,-14.0521652162636,78.0787334368946));
#2592=CARTESIAN_POINT('Ctrl Pts',(-87.2716713639733,-14.1066022591531,78.0176458781587));
#2593=CARTESIAN_POINT('Ctrl Pts',(-87.3321011785714,-14.1606617854742,77.9565399467781));
#2594=CARTESIAN_POINT('Ctrl Pts',(-87.5479858181548,-14.3537886622233,77.738239889758));
#2595=CARTESIAN_POINT('Ctrl Pts',(-87.7681448388217,-14.5417810270803,77.5200630033579));
#2596=CARTESIAN_POINT('Ctrl Pts',(-87.9923436825015,-14.7245289214163,77.3019734853901));
#2597=CARTESIAN_POINT('Ctrl Pts',(-88.2986383013983,-14.9741943332941,77.004025268107));
#2598=CARTESIAN_POINT('Ctrl Pts',(-88.6124710493731,-15.2140718746118,76.7062401179962));
#2599=CARTESIAN_POINT('Ctrl Pts',(-88.9332890891895,-15.4438754607986,76.4085267441425));
#2600=CARTESIAN_POINT('Ctrl Pts',(-89.2533778916173,-15.6731566905519,76.1114900894766));
#2601=CARTESIAN_POINT('Ctrl Pts',(-89.5804204199223,-15.892410222505,75.8145248851358));
#2602=CARTESIAN_POINT('Ctrl Pts',(-89.9139174489029,-16.1013386326417,75.517540461319));
#2603=CARTESIAN_POINT('Ctrl Pts',(-90.2451339921434,-16.308838369601,75.2225868464292));
#2604=CARTESIAN_POINT('Ctrl Pts',(-90.582717235459,-16.5061542084703,74.927614274014));
#2605=CARTESIAN_POINT('Ctrl Pts',(-90.9262248780451,-16.6929741571215,74.6325339216096));
#2606=CARTESIAN_POINT('Ctrl Pts',(-91.2640102661224,-16.8766820023987,74.3423691072243));
#2607=CARTESIAN_POINT('Ctrl Pts',(-91.6075245319877,-17.0502411648503,74.0521000738046));
#2608=CARTESIAN_POINT('Ctrl Pts',(-91.9563895141368,-17.2133281640911,73.7616423642472));
#2609=CARTESIAN_POINT('Ctrl Pts',(-92.1117313706146,-17.2859471958821,73.6323079737532));
#2610=CARTESIAN_POINT('Ctrl Pts',(-92.2681346747833,-17.3564894890798,73.502936173992));
#2611=CARTESIAN_POINT('Ctrl Pts',(-92.4255686518229,-17.4249243829565,73.373519508558));
#2612=CARTESIAN_POINT('',(-95.121542109306,-18.3630239505569,71.220453700138));
#2613=CARTESIAN_POINT('Ctrl Pts',(-92.4255686518229,-17.4249243829565,73.373519508558));
#2614=CARTESIAN_POINT('Ctrl Pts',(-92.7701845043798,-17.57472526928,73.0902322834478));
#2615=CARTESIAN_POINT('Ctrl Pts',(-93.1191695987683,-17.7142690523575,72.8070570684636));
#2616=CARTESIAN_POINT('Ctrl Pts',(-93.4720682089287,-17.8433765999243,72.5238701650252));
#2617=CARTESIAN_POINT('Ctrl Pts',(-93.5663742107316,-17.8778783413963,72.4481934016225));
#2618=CARTESIAN_POINT('Ctrl Pts',(-93.66095951307,-17.9116345682487,72.3725158035094));
#2619=CARTESIAN_POINT('Ctrl Pts',(-93.7558150228112,-17.9446413778606,72.296835010029));
#2620=CARTESIAN_POINT('Ctrl Pts',(-94.1209386664284,-18.071693213042,72.0055198598304));
#2621=CARTESIAN_POINT('Ctrl Pts',(-94.4898521905095,-18.1875689672454,71.714329147879));
#2622=CARTESIAN_POINT('Ctrl Pts',(-94.8620431591304,-18.2921125142603,71.4231022450738));
#2623=CARTESIAN_POINT('Ctrl Pts',(-94.9483687900824,-18.3163602484046,71.3555553450831));
#2624=CARTESIAN_POINT('Ctrl Pts',(-95.0348706343638,-18.3399981601441,71.2880064981788));
#2625=CARTESIAN_POINT('Ctrl Pts',(-95.121542109306,-18.3630239505569,71.2204537001379));
#2626=CARTESIAN_POINT('',(-104.32700714406,-18.5007299633083,64.2090277925802));
#2627=CARTESIAN_POINT('Ctrl Pts',(-95.121542109306,-18.3630239505569,71.2204537001379));
#2628=CARTESIAN_POINT('Ctrl Pts',(-95.5058629018236,-18.4651254784895,70.9209094164253));
#2629=CARTESIAN_POINT('Ctrl Pts',(-95.8930001476692,-18.554997803874,70.6216833444321));
#2630=CARTESIAN_POINT('Ctrl Pts',(-96.2823692818148,-18.6326386217714,70.3225983311286));
#2631=CARTESIAN_POINT('Ctrl Pts',(-96.6739799872541,-18.7107264125112,70.0217915059983));
#2632=CARTESIAN_POINT('Ctrl Pts',(-97.0678489399867,-18.7764414577428,69.721127368363));
#2633=CARTESIAN_POINT('Ctrl Pts',(-97.463388488557,-18.8297290440836,69.4204256879724));
#2634=CARTESIAN_POINT('Ctrl Pts',(-97.8590495077883,-18.883032995105,69.1196316617417));
#2635=CARTESIAN_POINT('Ctrl Pts',(-98.2563827503318,-18.923901815286,68.8188000696932));
#2636=CARTESIAN_POINT('Ctrl Pts',(-98.6547981302762,-18.9522288508809,68.5177505154787));
#2637=CARTESIAN_POINT('Ctrl Pts',(-98.7875610772565,-18.9616681971364,68.4174325357607));
#2638=CARTESIAN_POINT('Ctrl Pts',(-98.9204441301811,-18.9697144724769,68.3170903534053));
#2639=CARTESIAN_POINT('Ctrl Pts',(-99.0534252296441,-18.9763624613447,68.2167172934305));
#2640=CARTESIAN_POINT('Ctrl Pts',(-99.2744974494748,-18.9874143000073,68.0498537671892));
#2641=CARTESIAN_POINT('Ctrl Pts',(-99.4958407279053,-18.9946019699569,67.8829049049412));
#2642=CARTESIAN_POINT('Ctrl Pts',(-99.7173525988475,-18.9978976167098,67.7158400388691));
#2643=CARTESIAN_POINT('Ctrl Pts',(-100.109298094449,-19.00372896965,67.4202336614245));
#2644=CARTESIAN_POINT('Ctrl Pts',(-100.501099453515,-18.9973747905229,67.1247706357045));
#2645=CARTESIAN_POINT('Ctrl Pts',(-100.892145920441,-18.9789540513107,66.8293831296377));
#2646=CARTESIAN_POINT('Ctrl Pts',(-101.281920851465,-18.9605932094079,66.5349561125421));
#2647=CARTESIAN_POINT('Ctrl Pts',(-101.670946165606,-18.9302445196103,66.2406041247752));
#2648=CARTESIAN_POINT('Ctrl Pts',(-102.058653401557,-18.887989274344,65.9462599938094));
#2649=CARTESIAN_POINT('Ctrl Pts',(-102.440956302562,-18.8463230340729,65.6560187892934));
#2650=CARTESIAN_POINT('Ctrl Pts',(-102.821978021153,-18.7930801577148,65.3657852240697));
#2651=CARTESIAN_POINT('Ctrl Pts',(-103.201203073466,-18.7282981963582,65.0754948956346));
#2652=CARTESIAN_POINT('Ctrl Pts',(-103.578409468578,-18.6638610765989,64.786749814957));
#2653=CARTESIAN_POINT('Ctrl Pts',(-103.953838621068,-18.5880077554887,64.4979485737734));
#2654=CARTESIAN_POINT('Ctrl Pts',(-104.32700714406,-18.5007299633083,64.2090277925802));
#2655=CARTESIAN_POINT('',(-114.518479986544,-12.2561714609544,55.0425745923622));
#2656=CARTESIAN_POINT('Ctrl Pts',(-104.32700714406,-18.5007299633083,64.2090277925802));
#2657=CARTESIAN_POINT('Ctrl Pts',(-104.700535069446,-18.4133681129998,63.9198287488485));
#2658=CARTESIAN_POINT('Ctrl Pts',(-105.070881300354,-18.314734741246,63.6310535875803));
#2659=CARTESIAN_POINT('Ctrl Pts',(-105.437639531199,-18.2050946107931,63.3425445286207));
#2660=CARTESIAN_POINT('Ctrl Pts',(-105.812011718861,-18.0931783345074,63.0480459775879));
#2661=CARTESIAN_POINT('Ctrl Pts',(-106.182645686277,-17.9697931806087,62.7538246921986));
#2662=CARTESIAN_POINT('Ctrl Pts',(-106.549071911248,-17.8351813850035,62.4597128602638));
#2663=CARTESIAN_POINT('Ctrl Pts',(-106.918092378104,-17.6996165583803,62.1635187613381));
#2664=CARTESIAN_POINT('Ctrl Pts',(-107.282845562645,-17.5526650928921,61.8674356711807));
#2665=CARTESIAN_POINT('Ctrl Pts',(-107.642810297545,-17.3945414137069,61.5712921880548));
#2666=CARTESIAN_POINT('Ctrl Pts',(-108.003653645769,-17.236031781238,61.2744258685367));
#2667=CARTESIAN_POINT('Ctrl Pts',(-108.359685384066,-17.0662948443715,60.9774988608722));
#2668=CARTESIAN_POINT('Ctrl Pts',(-108.710335177499,-16.8855207892822,60.6803385051696));
#2669=CARTESIAN_POINT('Ctrl Pts',(-108.866881164799,-16.8048150439425,60.5476726312945));
#2670=CARTESIAN_POINT('Ctrl Pts',(-109.022353833539,-16.7219091533994,60.4149602480064));
#2671=CARTESIAN_POINT('Ctrl Pts',(-109.17669932449,-16.6368187724078,60.2821859915803));
#2672=CARTESIAN_POINT('Ctrl Pts',(-109.43014845008,-16.4970927426713,60.0641587658768));
#2673=CARTESIAN_POINT('Ctrl Pts',(-109.680558987187,-16.3514764960324,59.8459647018398));
#2674=CARTESIAN_POINT('Ctrl Pts',(-109.927680595819,-16.2000358409616,59.6275357715679));
#2675=CARTESIAN_POINT('Ctrl Pts',(-110.263757499417,-15.9940817493029,59.3304799254671));
#2676=CARTESIAN_POINT('Ctrl Pts',(-110.59299875545,-15.7778184598578,59.0336521748602));
#2677=CARTESIAN_POINT('Ctrl Pts',(-110.914970710377,-15.5517258036897,58.7369623362577));
#2678=CARTESIAN_POINT('Ctrl Pts',(-111.238419826399,-15.324595866881,58.4389113272792));
#2679=CARTESIAN_POINT('Ctrl Pts',(-111.554533326785,-15.0875462131455,58.1409994986489));
#2680=CARTESIAN_POINT('Ctrl Pts',(-111.8628790041,-14.841011476342,57.8431354199271));
#2681=CARTESIAN_POINT('Ctrl Pts',(-111.925172548009,-14.7912052893838,57.7829594212614));
#2682=CARTESIAN_POINT('Ctrl Pts',(-111.987149063963,-14.7410118073627,57.7227853714657));
#2683=CARTESIAN_POINT('Ctrl Pts',(-112.048804994315,-14.6904343557882,57.662612516653));
#2684=CARTESIAN_POINT('Ctrl Pts',(-112.352285935607,-14.4414835650956,57.3664315245802));
#2685=CARTESIAN_POINT('Ctrl Pts',(-112.648000240345,-14.1832341548506,57.0702794842593));
#2686=CARTESIAN_POINT('Ctrl Pts',(-112.93552110817,-13.9160518822234,56.7740664923079));
#2687=CARTESIAN_POINT('Ctrl Pts',(-113.218387129527,-13.6531951824412,56.4826490687965));
#2688=CARTESIAN_POINT('Ctrl Pts',(-113.493323353591,-13.3816924287213,56.1911726512433));
#2689=CARTESIAN_POINT('Ctrl Pts',(-113.759913847962,-13.1018430763701,55.8995516324537));
#2690=CARTESIAN_POINT('Ctrl Pts',(-114.020902900436,-12.8278737532039,55.6140579821463));
#2691=CARTESIAN_POINT('Ctrl Pts',(-114.273893683807,-12.5459047885757,55.3284257433154));
#2692=CARTESIAN_POINT('Ctrl Pts',(-114.518479986544,-12.2561714609544,55.0425745923622));
#2693=CARTESIAN_POINT('',(-118.964633003894,-1.15874718019178,45.8741124698444));
#2694=CARTESIAN_POINT('Ctrl Pts',(-114.518479986544,-12.2561714609544,55.0425745923622));
#2695=CARTESIAN_POINT('Ctrl Pts',(-114.765925708965,-11.9630509069402,54.753381600928));
#2696=CARTESIAN_POINT('Ctrl Pts',(-115.004088810543,-11.6627894318319,54.464612578156));
#2697=CARTESIAN_POINT('Ctrl Pts',(-115.232801543833,-11.355842003576,54.176109750823));
#2698=CARTESIAN_POINT('Ctrl Pts',(-115.466264056598,-11.0425200609956,53.8816154564304));
#2699=CARTESIAN_POINT('Ctrl Pts',(-115.689879624988,-10.7222311038626,53.5873985286824));
#2700=CARTESIAN_POINT('Ctrl Pts',(-115.903416339574,-10.395449792391,53.2932911591655));
#2701=CARTESIAN_POINT('Ctrl Pts',(-116.118465517584,-10.0663539150975,52.9971006507371));
#2702=CARTESIAN_POINT('Ctrl Pts',(-116.323292482464,-9.7306728621305,52.7010212580203));
#2703=CARTESIAN_POINT('Ctrl Pts',(-116.517607289425,-9.38888983298415,52.4048815815652));
#2704=CARTESIAN_POINT('Ctrl Pts',(-116.71239713789,-9.04627124670033,52.1080179322992));
#2705=CARTESIAN_POINT('Ctrl Pts',(-116.896623273256,-8.69752027801119,51.8110937041833));
#2706=CARTESIAN_POINT('Ctrl Pts',(-117.069941834449,-8.34313005249522,51.5139362376311));
#2707=CARTESIAN_POINT('Ctrl Pts',(-117.147496740211,-8.18455095771498,51.3809671017458));
#2708=CARTESIAN_POINT('Ctrl Pts',(-117.222866944719,-8.02484285018533,51.2479512646089));
#2709=CARTESIAN_POINT('Ctrl Pts',(-117.296018362863,-7.86405075835449,51.1148732564705));
#2710=CARTESIAN_POINT('Ctrl Pts',(-117.415891575181,-7.60056079394332,50.8967983547198));
#2711=CARTESIAN_POINT('Ctrl Pts',(-117.529807340212,-7.33415962588287,50.6785565028816));
#2712=CARTESIAN_POINT('Ctrl Pts',(-117.637604040172,-7.06504967797214,50.4600796269237));
#2713=CARTESIAN_POINT('Ctrl Pts',(-117.784170323202,-6.69915308924103,50.1630265292949));
#2714=CARTESIAN_POINT('Ctrl Pts',(-117.919097259749,-6.32906999155255,49.8662015340897));
#2715=CARTESIAN_POINT('Ctrl Pts',(-118.04232360775,-5.95544425251822,49.569514474888));
#2716=CARTESIAN_POINT('Ctrl Pts',(-118.166115584099,-5.58010351248818,49.2714655753503));
#2717=CARTESIAN_POINT('Ctrl Pts',(-118.27809977179,-5.20118725039101,48.9735558810183));
#2718=CARTESIAN_POINT('Ctrl Pts',(-118.378189104659,-4.81930221807875,48.6756939781294));
#2719=CARTESIAN_POINT('Ctrl Pts',(-118.398459737487,-4.74196079666256,48.6153693751575));
#2720=CARTESIAN_POINT('Ctrl Pts',(-118.418242389777,-4.66449746437785,48.5550467324252));
#2721=CARTESIAN_POINT('Ctrl Pts',(-118.437536187808,-4.58691704897711,48.4947252905684));
#2722=CARTESIAN_POINT('Ctrl Pts',(-118.532268655102,-4.20599753520808,48.19854726441));
#2723=CARTESIAN_POINT('Ctrl Pts',(-118.615218589401,-3.82225840475451,47.9023981890274));
#2724=CARTESIAN_POINT('Ctrl Pts',(-118.686262119231,-3.43624790521598,47.6061881781249));
#2725=CARTESIAN_POINT('Ctrl Pts',(-118.756155115277,-3.05648875779603,47.3147752208814));
#2726=CARTESIAN_POINT('Ctrl Pts',(-118.814524567233,-2.67453084995754,47.02330328581));
#2727=CARTESIAN_POINT('Ctrl Pts',(-118.861215729885,-2.29086274797887,46.7316867833375));
#2728=CARTESIAN_POINT('Ctrl Pts',(-118.906958395435,-1.9149885851929,46.4459942585845));
#2729=CARTESIAN_POINT('Ctrl Pts',(-118.941492715012,-1.5374726638588,46.1601629803356));
#2730=CARTESIAN_POINT('Ctrl Pts',(-118.964633003894,-1.15874718019178,45.8741124698444));
#2731=CARTESIAN_POINT('Ctrl Pts',(-118.964633003894,-1.15874718019178,45.8741124698444));
#2732=CARTESIAN_POINT('Ctrl Pts',(-118.988229007664,-0.772563239895707,
45.582428603748));
#2733=CARTESIAN_POINT('Ctrl Pts',(-119.,-0.386139655390872,45.2911614353172));
#2734=CARTESIAN_POINT('Ctrl Pts',(-119.,-2.80817036291126E-13,45.0001658836319));
#2735=CARTESIAN_POINT('',(-82.3845879459973,7.12020071119473,10.));
#2736=CARTESIAN_POINT('Origin',(-100.,0.,10.));
#2737=CARTESIAN_POINT('',(-83.5770829569786,9.55446470494498,12.0431356107023));
#2738=CARTESIAN_POINT('Ctrl Pts',(-82.3845879459973,7.12020071119473,10.));
#2739=CARTESIAN_POINT('Ctrl Pts',(-82.723583293757,7.95887689145856,10.6814672732401));
#2740=CARTESIAN_POINT('Ctrl Pts',(-83.1220820117222,8.77237559695174,11.3619611105807));
#2741=CARTESIAN_POINT('Ctrl Pts',(-83.5770829569786,9.55446470494498,12.0431356107023));
#2742=CARTESIAN_POINT('',(-92.5449023138844,17.4763130691365,21.2201099975976));
#2743=CARTESIAN_POINT('Ctrl Pts',(-83.5770829569787,9.55446470494497,12.0431356107023));
#2744=CARTESIAN_POINT('Ctrl Pts',(-83.75844279374,9.86619933854784,12.3146466458172));
#2745=CARTESIAN_POINT('Ctrl Pts',(-83.9484755413319,10.1722988860448,12.5860366780522));
#2746=CARTESIAN_POINT('Ctrl Pts',(-84.1468842589698,10.4725235795896,12.8573594480194));
#2747=CARTESIAN_POINT('Ctrl Pts',(-84.3479628991586,10.7767883006551,13.1323333215808));
#2748=CARTESIAN_POINT('Ctrl Pts',(-84.5576449311643,11.0750189793667,13.407238110441));
#2749=CARTESIAN_POINT('Ctrl Pts',(-84.7756364937573,11.3669144306196,13.6821297540479));
#2750=CARTESIAN_POINT('Ctrl Pts',(-84.9966437326576,11.6628479381444,13.9608242247316));
#2751=CARTESIAN_POINT('Ctrl Pts',(-85.2261924988314,11.9522697283214,14.2395051839457));
#2752=CARTESIAN_POINT('Ctrl Pts',(-85.463984649034,12.2348133095935,14.5182309249877));
#2753=CARTESIAN_POINT('Ctrl Pts',(-85.5058127968193,12.2845133298136,14.5672593789462));
#2754=CARTESIAN_POINT('Ctrl Pts',(-85.5478960167398,12.3340003975576,14.6162892185244));
#2755=CARTESIAN_POINT('Ctrl Pts',(-85.5902326934699,12.3832723525395,14.6653207609944));
#2756=CARTESIAN_POINT('Ctrl Pts',(-85.8330388659778,12.6658532191814,14.9465228316058));
#2757=CARTESIAN_POINT('Ctrl Pts',(-86.0841819628332,12.9413628818552,15.2277809131742));
#2758=CARTESIAN_POINT('Ctrl Pts',(-86.3433587484439,13.2094084880271,15.5091548552452));
#2759=CARTESIAN_POINT('Ctrl Pts',(-86.6026694142718,13.4775925556892,15.7906741436842));
#2760=CARTESIAN_POINT('Ctrl Pts',(-86.8700225816883,13.7383047565911,16.0723094123542));
#2761=CARTESIAN_POINT('Ctrl Pts',(-87.1451062613927,13.9911003053967,16.3541206035962));
#2762=CARTESIAN_POINT('Ctrl Pts',(-87.2359356328342,14.0745704001181,16.4471713196299));
#2763=CARTESIAN_POINT('Ctrl Pts',(-87.327607717036,14.1571769789124,16.540241215484));
#2764=CARTESIAN_POINT('Ctrl Pts',(-87.4201109373714,14.2389028283454,16.6333324489928));
#2765=CARTESIAN_POINT('Ctrl Pts',(-87.6375176724091,14.4309799260829,16.8521211686115));
#2766=CARTESIAN_POINT('Ctrl Pts',(-87.8591867871938,14.6178825108229,17.0706842929542));
#2767=CARTESIAN_POINT('Ctrl Pts',(-88.0848754090755,14.7995037906396,17.2890809946295));
#2768=CARTESIAN_POINT('Ctrl Pts',(-88.4238456036707,15.0722875936013,17.6170991811405));
#2769=CARTESIAN_POINT('Ctrl Pts',(-88.7718808690045,15.3331594740799,17.9447419487153));
#2770=CARTESIAN_POINT('Ctrl Pts',(-89.1282873820023,15.5817534791577,18.2722097797566));
#2771=CARTESIAN_POINT('Ctrl Pts',(-89.4717161388997,15.8212954825232,18.5877535928943));
#2772=CARTESIAN_POINT('Ctrl Pts',(-89.8229183113817,16.0494377344542,18.9031349774067));
#2773=CARTESIAN_POINT('Ctrl Pts',(-90.1813151715428,16.2658200824845,19.2185333030992));
#2774=CARTESIAN_POINT('Ctrl Pts',(-90.5381890549891,16.4812829322877,19.5325913706609));
#2775=CARTESIAN_POINT('Ctrl Pts',(-90.9021970378966,16.6850860288056,19.8466662357283));
#2776=CARTESIAN_POINT('Ctrl Pts',(-91.2728021831217,16.8768354835323,20.1609349911603));
#2777=CARTESIAN_POINT('Ctrl Pts',(-91.6386062553622,17.0661008844385,20.4711324938019));
#2778=CARTESIAN_POINT('Ctrl Pts',(-92.0108381038937,17.243623265067,20.7815188957703));
#2779=CARTESIAN_POINT('Ctrl Pts',(-92.3890085524346,17.4089809090186,21.0922644961535));
#2780=CARTESIAN_POINT('Ctrl Pts',(-92.4408618615033,17.4316541270127,21.1348727637233));
#2781=CARTESIAN_POINT('Ctrl Pts',(-92.4928268578203,17.4540985659704,21.1774877845331));
#2782=CARTESIAN_POINT('Ctrl Pts',(-92.5449023138844,17.4763130691366,21.2201099975976));
#2783=CARTESIAN_POINT('',(-104.466677824911,18.4675063072535,30.3948846058436));
#2784=CARTESIAN_POINT('Ctrl Pts',(-92.5449023138844,17.4763130691366,21.2201099975976));
#2785=CARTESIAN_POINT('Ctrl Pts',(-92.8766419002478,17.6178275300476,21.4916291646871));
#2786=CARTESIAN_POINT('Ctrl Pts',(-93.211966391487,17.7496398621577,21.7630273227378));
#2787=CARTESIAN_POINT('Ctrl Pts',(-93.5504944181946,17.8717352779385,22.0343582275942));
#2788=CARTESIAN_POINT('Ctrl Pts',(-93.8935757279284,17.9954729062997,22.3093385980963));
#2789=CARTESIAN_POINT('Ctrl Pts',(-94.2399477063146,18.109230174167,22.5842498940942));
#2790=CARTESIAN_POINT('Ctrl Pts',(-94.5891947507013,18.2129412145625,22.8591480698248));
#2791=CARTESIAN_POINT('Ctrl Pts',(-94.9432699429578,18.3180860029219,23.1378465613001));
#2792=CARTESIAN_POINT('Ctrl Pts',(-95.3003006464589,18.4129045816248,23.4165315672396));
#2793=CARTESIAN_POINT('Ctrl Pts',(-95.6598288039323,18.4972812878565,23.6952613947188));
#2794=CARTESIAN_POINT('Ctrl Pts',(-95.7227751505235,18.512053998378,23.7440615344606));
#2795=CARTESIAN_POINT('Ctrl Pts',(-95.7857979821111,18.5265065239837,23.7928630481242));
#2796=CARTESIAN_POINT('Ctrl Pts',(-95.8488947487126,18.5406381087827,23.8416662486301));
#2797=CARTESIAN_POINT('Ctrl Pts',(-96.2124579852953,18.6220642259087,24.1228700327099));
#2798=CARTESIAN_POINT('Ctrl Pts',(-96.5784786724979,18.6928381173148,24.4041298209398));
#2799=CARTESIAN_POINT('Ctrl Pts',(-96.9464789220079,18.7528259967127,24.6855054755215));
#2800=CARTESIAN_POINT('Ctrl Pts',(-97.3146702160047,18.8128450183549,24.9670272041009));
#2801=CARTESIAN_POINT('Ctrl Pts',(-97.6848434798669,18.8620664430348,25.2486649193656));
#2802=CARTESIAN_POINT('Ctrl Pts',(-98.0564827664441,18.9003200761391,25.530478576797));
#2803=CARTESIAN_POINT('Ctrl Pts',(-98.1789794276412,18.9129289216062,25.6233676586619));
#2804=CARTESIAN_POINT('Ctrl Pts',(-98.3016350393032,18.9243459163504,25.7162758555665));
#2805=CARTESIAN_POINT('Ctrl Pts',(-98.4244301356282,18.9345642127779,25.8092053145342));
#2806=CARTESIAN_POINT('Ctrl Pts',(-98.7134636188324,18.9586159045575,26.0279414532042));
#2807=CARTESIAN_POINT('Ctrl Pts',(-99.002821706071,18.975974644333,26.2464521637264));
#2808=CARTESIAN_POINT('Ctrl Pts',(-99.2922460655997,18.9866998775178,26.4647965743014));
#2809=CARTESIAN_POINT('Ctrl Pts',(-99.7269431117843,19.002808498066,26.792736041741));
#2810=CARTESIAN_POINT('Ctrl Pts',(-100.161788928678,19.0039558628227,27.1203003674933));
#2811=CARTESIAN_POINT('Ctrl Pts',(-100.596008985502,18.9902632520018,27.4476898831716));
#2812=CARTESIAN_POINT('Ctrl Pts',(-101.014515351017,18.9770661536665,27.7632317245971));
#2813=CARTESIAN_POINT('Ctrl Pts',(-101.432441150731,18.9500834987989,28.0786111791819));
#2814=CARTESIAN_POINT('Ctrl Pts',(-101.849107053917,18.9093725076573,28.3940076071149));
#2815=CARTESIAN_POINT('Ctrl Pts',(-102.264003603171,18.8688343939979,28.7080647176098));
#2816=CARTESIAN_POINT('Ctrl Pts',(-102.677651526431,18.8146843687831,29.0221386576059));
#2817=CARTESIAN_POINT('Ctrl Pts',(-103.089384820136,18.7469276255828,29.3364065120455));
#2818=CARTESIAN_POINT('Ctrl Pts',(-103.495786909728,18.6800482100935,29.6466051641543));
#2819=CARTESIAN_POINT('Ctrl Pts',(-103.900324184224,18.599912174453,29.9569927415323));
#2820=CARTESIAN_POINT('Ctrl Pts',(-104.302352279581,18.5064738528737,30.2677395390127));
#2821=CARTESIAN_POINT('Ctrl Pts',(-104.35717468317,18.4937321727887,30.3101144042073));
#2822=CARTESIAN_POINT('Ctrl Pts',(-104.411950414418,18.4807430543702,30.3524959492097));
#2823=CARTESIAN_POINT('Ctrl Pts',(-104.466677824911,18.4675063072535,30.3948846058436));
#2824=CARTESIAN_POINT('',(-114.615905067371,12.139823683299,39.5675073206078));
#2825=CARTESIAN_POINT('Ctrl Pts',(-104.466677824911,18.4675063072535,30.3948846058436));
#2826=CARTESIAN_POINT('Ctrl Pts',(-104.817241095395,18.3827166686068,30.6664106171381));
#2827=CARTESIAN_POINT('Ctrl Pts',(-105.164880569828,18.2880051474724,30.9378156143735));
#2828=CARTESIAN_POINT('Ctrl Pts',(-105.50928157389,18.183587784919,31.2091533676366));
#2829=CARTESIAN_POINT('Ctrl Pts',(-105.858313881216,18.0777662787473,31.4841399123009));
#2830=CARTESIAN_POINT('Ctrl Pts',(-106.204020159527,17.9619756759777,31.7590573923177));
#2831=CARTESIAN_POINT('Ctrl Pts',(-106.546027763152,17.8364115181103,32.0339617762807));
#2832=CARTESIAN_POINT('Ctrl Pts',(-106.892761247058,17.7091123076549,32.3126648044663));
#2833=CARTESIAN_POINT('Ctrl Pts',(-107.235693280173,17.5717670952361,32.5913543721734));
#2834=CARTESIAN_POINT('Ctrl Pts',(-107.574387425303,17.4245568632604,32.8700888003347));
#2835=CARTESIAN_POINT('Ctrl Pts',(-107.633414612751,17.3989012501297,32.9186662841085));
#2836=CARTESIAN_POINT('Ctrl Pts',(-107.692312962696,17.3729459611189,32.9672451304324));
#2837=CARTESIAN_POINT('Ctrl Pts',(-107.751080012835,17.3466919014305,33.0158256480212));
#2838=CARTESIAN_POINT('Ctrl Pts',(-108.091250975641,17.1947212181897,33.2970322323667));
#2839=CARTESIAN_POINT('Ctrl Pts',(-108.427026693645,17.032740741011,33.5782948146479));
#2840=CARTESIAN_POINT('Ctrl Pts',(-108.757944028047,16.8609287683633,33.8596732701652));
#2841=CARTESIAN_POINT('Ctrl Pts',(-109.089033345215,16.6890275024228,34.1411979623411));
#2842=CARTESIAN_POINT('Ctrl Pts',(-109.415259280624,16.5072840018797,34.4228386482265));
#2843=CARTESIAN_POINT('Ctrl Pts',(-109.736106422329,16.3158701117925,34.7046552965249));
#2844=CARTESIAN_POINT('Ctrl Pts',(-109.841678324302,16.2528870715409,34.7973845613409));
#2845=CARTESIAN_POINT('Ctrl Pts',(-109.946667456548,16.1888570163095,34.8901328772654));
#2846=CARTESIAN_POINT('Ctrl Pts',(-110.051054221317,16.1237860556434,34.9829023806621));
#2847=CARTESIAN_POINT('Ctrl Pts',(-110.297124187768,15.9703948748415,35.2015870830662));
#2848=CARTESIAN_POINT('Ctrl Pts',(-110.539456853367,15.811445715558,35.4200465207322));
#2849=CARTESIAN_POINT('Ctrl Pts',(-110.777880720557,15.6471404407171,35.6383397784417));
#2850=CARTESIAN_POINT('Ctrl Pts',(-111.135978065888,15.4003644638069,35.9662022404124));
#2851=CARTESIAN_POINT('Ctrl Pts',(-111.485258929076,15.1415086974779,36.2936898317772));
#2852=CARTESIAN_POINT('Ctrl Pts',(-111.825175107752,14.8711328010017,36.6210027367174));
#2853=CARTESIAN_POINT('Ctrl Pts',(-112.152865565424,14.6104814792405,36.9365432209621));
#2854=CARTESIAN_POINT('Ctrl Pts',(-112.471853313704,14.3391232089678,37.2519213586529));
#2855=CARTESIAN_POINT('Ctrl Pts',(-112.781627821312,14.0575097949444,37.567316501546));
#2856=CARTESIAN_POINT('Ctrl Pts',(-113.09008735497,13.7770918127411,37.8813728112339));
#2857=CARTESIAN_POINT('Ctrl Pts',(-113.38941222375,13.4865052755317,38.1954459820584));
#2858=CARTESIAN_POINT('Ctrl Pts',(-113.679071483671,13.1861523145415,38.5097130914455));
#2859=CARTESIAN_POINT('Ctrl Pts',(-113.964981694347,12.8896868109803,38.819912653088));
#2860=CARTESIAN_POINT('Ctrl Pts',(-114.241475332425,12.5837057410368,39.1303011655022));
#2861=CARTESIAN_POINT('Ctrl Pts',(-114.508008399112,12.2685575361873,39.4410489190026));
#2862=CARTESIAN_POINT('Ctrl Pts',(-114.544157706767,12.2258146617085,39.4831949697116));
#2863=CARTESIAN_POINT('Ctrl Pts',(-114.580123733664,12.1829031044085,39.5253476286297));
#2864=CARTESIAN_POINT('Ctrl Pts',(-114.615905067371,12.139823683299,39.5675073206078));
#2865=CARTESIAN_POINT('',(-118.973427268064,1.0045186426792,48.7380259111738));
#2866=CARTESIAN_POINT('Ctrl Pts',(-114.615905067371,12.1398236832989,39.5675073206078));
#2867=CARTESIAN_POINT('Ctrl Pts',(-114.846357157644,11.8623677694507,39.8390398245642));
#2868=CARTESIAN_POINT('Ctrl Pts',(-115.068536207855,11.5787023066669,40.1104513097445));
#2869=CARTESIAN_POINT('Ctrl Pts',(-115.282318916085,11.2891885811569,40.381795560044));
#2870=CARTESIAN_POINT('Ctrl Pts',(-115.498975992919,10.9957822622298,40.6567881100591));
#2871=CARTESIAN_POINT('Ctrl Pts',(-115.707009251225,10.696368914173,40.9317116050552));
#2872=CARTESIAN_POINT('Ctrl Pts',(-115.906236654522,10.391328019869,41.2066220276455));
#2873=CARTESIAN_POINT('Ctrl Pts',(-116.108215852477,10.0820738000412,41.4853296037385));
#2874=CARTESIAN_POINT('Ctrl Pts',(-116.301144089277,9.76703503035593,41.7640237438109));
#2875=CARTESIAN_POINT('Ctrl Pts',(-116.484779478609,9.44661762729294,42.0427627824157));
#2876=CARTESIAN_POINT('Ctrl Pts',(-116.516639340272,9.3910267405191,42.0911226723168));
#2877=CARTESIAN_POINT('Ctrl Pts',(-116.548219359934,9.33527398899395,42.1394839136903));
#2878=CARTESIAN_POINT('Ctrl Pts',(-116.579518123056,9.27936154036577,42.1878468111771));
#2879=CARTESIAN_POINT('Ctrl Pts',(-116.761507003379,8.95425463814147,42.4690563122862));
#2880=CARTESIAN_POINT('Ctrl Pts',(-116.933990670927,8.62374676307021,42.7503218053223));
#2881=CARTESIAN_POINT('Ctrl Pts',(-117.096704252124,8.28825761121347,43.031703178508));
#2882=CARTESIAN_POINT('Ctrl Pts',(-117.259502433659,7.95259402711096,43.3132308514609));
#2883=CARTESIAN_POINT('Ctrl Pts',(-117.412520100156,7.61194353839615,43.5948745250948));
#2884=CARTESIAN_POINT('Ctrl Pts',(-117.555446602348,7.2667518938953,43.8766941810945));
#2885=CARTESIAN_POINT('Ctrl Pts',(-117.602395410811,7.15336259133685,43.9692669149661));
#2886=CARTESIAN_POINT('Ctrl Pts',(-117.648255030516,7.03948352816241,44.06185863743));
#2887=CARTESIAN_POINT('Ctrl Pts',(-117.693013457571,6.92513122787922,44.1544714744413));
#2888=CARTESIAN_POINT('Ctrl Pts',(-117.798676263291,6.65517569808641,44.3731058824863));
#2889=CARTESIAN_POINT('Ctrl Pts',(-117.898024481098,6.38299690118766,44.5915151854987));
#2890=CARTESIAN_POINT('Ctrl Pts',(-117.991041181367,6.10885897476982,44.8097584258256));
#2891=CARTESIAN_POINT('Ctrl Pts',(-118.130746221131,5.69712162223248,45.1375455917811));
#2892=CARTESIAN_POINT('Ctrl Pts',(-118.256170942139,5.28096631334622,45.464958152068));
#2893=CARTESIAN_POINT('Ctrl Pts',(-118.367210127277,4.86116880782421,45.7921961467796));
#2894=CARTESIAN_POINT('Ctrl Pts',(-118.47427966564,4.45637904764403,46.1077353952476));
#2895=CARTESIAN_POINT('Ctrl Pts',(-118.567973852331,4.04820210098527,46.4231123364609));
#2896=CARTESIAN_POINT('Ctrl Pts',(-118.648153175928,3.63730526973525,46.7385063140846));
#2897=CARTESIAN_POINT('Ctrl Pts',(-118.72799224501,3.22815214865708,47.0525618640421));
#2898=CARTESIAN_POINT('Ctrl Pts',(-118.794431157675,2.81630163270851,47.366634306123));
#2899=CARTESIAN_POINT('Ctrl Pts',(-118.847284352802,2.40239339573611,47.6809007104426));
#2900=CARTESIAN_POINT('Ctrl Pts',(-118.899453732392,1.9938403105693,47.9911011306812));
#2901=CARTESIAN_POINT('Ctrl Pts',(-118.938386836505,1.58328187921626,48.3014905266528));
#2902=CARTESIAN_POINT('Ctrl Pts',(-118.963855548748,1.17132252986562,48.6122391842012));
#2903=CARTESIAN_POINT('Ctrl Pts',(-118.967291461387,1.11574624781489,48.6541614152806));
#2904=CARTESIAN_POINT('Ctrl Pts',(-118.970482245558,1.06014445979781,48.6960901849036));
#2905=CARTESIAN_POINT('Ctrl Pts',(-118.973427268064,1.00451864267918,48.7380259111738));
#2906=CARTESIAN_POINT('Ctrl Pts',(-118.973427268064,1.00451864267918,48.7380259111738));
#2907=CARTESIAN_POINT('Ctrl Pts',(-118.991156848431,0.669640931809168,48.9904868944289));
#2908=CARTESIAN_POINT('Ctrl Pts',(-119.,0.334693288052924,49.2428789014729));
#2909=CARTESIAN_POINT('Ctrl Pts',(-119.,2.45761744288586E-12,49.4952137960648));
#2910=CARTESIAN_POINT('Origin',(-100.,0.,10.));
#2911=CARTESIAN_POINT('',(-119.,-3.52263838651844E-15,225.002771176222));
#2912=CARTESIAN_POINT('',(-119.,-6.5035932844656E-14,139.496714971937));
#2913=CARTESIAN_POINT('',(-119.,-2.32682891837997E-15,10.));
#2914=CARTESIAN_POINT('',(-118.077743980313,5.84766385681198,220.518750270657));
#2915=CARTESIAN_POINT('Ctrl Pts',(-119.,-4.44089209850063E-15,225.002771176222));
#2916=CARTESIAN_POINT('Ctrl Pts',(-119.,1.9853169446128,223.506480045842));
#2917=CARTESIAN_POINT('Ctrl Pts',(-118.688819369221,3.9585565647628,222.015589076977));
#2918=CARTESIAN_POINT('Ctrl Pts',(-118.077743980313,5.84766385681199,220.518750270657));
#2919=CARTESIAN_POINT('',(-110.987469418559,15.5008230677031,211.332552502669));
#2920=CARTESIAN_POINT('Ctrl Pts',(-118.077743980313,5.84766385681198,220.518750270657));
#2921=CARTESIAN_POINT('Ctrl Pts',(-117.959704306334,6.2125772748797,220.229610226887));
#2922=CARTESIAN_POINT('Ctrl Pts',(-117.83070070488,6.57338463437891,219.940894913958));
#2923=CARTESIAN_POINT('Ctrl Pts',(-117.691030811518,6.9297036752431,219.652446619095));
#2924=CARTESIAN_POINT('Ctrl Pts',(-117.548451897012,7.29344406940586,219.357990571463));
#2925=CARTESIAN_POINT('Ctrl Pts',(-117.394757357227,7.65250750262092,219.063812780544));
#2926=CARTESIAN_POINT('Ctrl Pts',(-117.230227713085,8.00644677099744,218.769745472444));
#2927=CARTESIAN_POINT('Ctrl Pts',(-117.064528290399,8.36290248900556,218.473587394442));
#2928=CARTESIAN_POINT('Ctrl Pts',(-116.887838655944,8.71416112996562,218.177541375874));
#2929=CARTESIAN_POINT('Ctrl Pts',(-116.70041595309,9.05972165971701,217.881436038807));
#2930=CARTESIAN_POINT('Ctrl Pts',(-116.512528352358,9.40613934473697,217.584596218986));
#2931=CARTESIAN_POINT('Ctrl Pts',(-116.313853866893,9.74683081737841,217.287696786025));
#2932=CARTESIAN_POINT('Ctrl Pts',(-116.104629622219,10.0812439601844,216.990565083531));
#2933=CARTESIAN_POINT('Ctrl Pts',(-116.009113839611,10.2339114156199,216.854917481381));
#2934=CARTESIAN_POINT('Ctrl Pts',(-115.911399088032,10.3852697125566,216.719221471079));
#2935=CARTESIAN_POINT('Ctrl Pts',(-115.811506849359,10.5352628686813,216.583460625102));
#2936=CARTESIAN_POINT('Ctrl Pts',(-115.650738589594,10.7766643930337,216.364964821607));
#2937=CARTESIAN_POINT('Ctrl Pts',(-115.484330250783,11.0145306980739,216.146301079267));
#2938=CARTESIAN_POINT('Ctrl Pts',(-115.312368853347,11.2486160900082,215.927400915874));
#2939=CARTESIAN_POINT('Ctrl Pts',(-115.079031637676,11.5662503637315,215.630371725618));
#2940=CARTESIAN_POINT('Ctrl Pts',(-114.83599524336,11.8762107085524,215.333570698622));
#2941=CARTESIAN_POINT('Ctrl Pts',(-114.583774444776,12.1781052956144,215.036907818851));
#2942=CARTESIAN_POINT('Ctrl Pts',(-114.33039183416,12.4813905085314,214.738878412191));
#2943=CARTESIAN_POINT('Ctrl Pts',(-114.067740015162,12.7765360270301,214.44098842839));
#2944=CARTESIAN_POINT('Ctrl Pts',(-113.796288638219,13.0631477512077,214.143146601744));
#2945=CARTESIAN_POINT('Ctrl Pts',(-113.740112962033,13.1224607950024,214.081509537321));
#2946=CARTESIAN_POINT('Ctrl Pts',(-113.683560253647,13.1814083609953,214.019874535299));
#2947=CARTESIAN_POINT('Ctrl Pts',(-113.626634397141,13.2399869400364,213.958240786814));
#2948=CARTESIAN_POINT('Ctrl Pts',(-113.353105139211,13.5214575447723,213.662090065129));
#2949=CARTESIAN_POINT('Ctrl Pts',(-113.070964636785,13.7944097059367,213.365968285235));
#2950=CARTESIAN_POINT('Ctrl Pts',(-112.780613156331,14.0584490293769,213.069785712718));
#2951=CARTESIAN_POINT('Ctrl Pts',(-112.494976016102,14.3182012343174,212.778412157923));
#2952=CARTESIAN_POINT('Ctrl Pts',(-112.201392241419,14.5693281624322,212.486979768617));
#2953=CARTESIAN_POINT('Ctrl Pts',(-111.90019505846,14.8114407926883,212.195403110764));
#2954=CARTESIAN_POINT('Ctrl Pts',(-111.603261342092,15.0501263022112,211.907953740316));
#2955=CARTESIAN_POINT('Ctrl Pts',(-111.298928137751,15.2800513617539,211.620364156676));
#2956=CARTESIAN_POINT('Ctrl Pts',(-110.987469418559,15.5008230677031,211.332552502669));
#2957=CARTESIAN_POINT('',(-99.524418617324,18.9940470239613,202.141425628755));
#2958=CARTESIAN_POINT('Ctrl Pts',(-110.987469418559,15.5008230677031,211.332552502669));
#2959=CARTESIAN_POINT('Ctrl Pts',(-110.673481576352,15.7233874953453,211.042403745757));
#2960=CARTESIAN_POINT('Ctrl Pts',(-110.353120725274,15.9360334307035,210.752682945131));
#2961=CARTESIAN_POINT('Ctrl Pts',(-110.026858902675,16.1386313024933,210.463230724288));
#2962=CARTESIAN_POINT('Ctrl Pts',(-109.69444241396,16.3450510197165,210.168318220775));
#2963=CARTESIAN_POINT('Ctrl Pts',(-109.355899729174,16.5410399583998,209.873684525701));
#2964=CARTESIAN_POINT('Ctrl Pts',(-109.01172547366,16.7264066026669,209.579161071819));
#2965=CARTESIAN_POINT('Ctrl Pts',(-108.672158762569,16.9092916986068,209.288580475009));
#2966=CARTESIAN_POINT('Ctrl Pts',(-108.327109778312,17.0818367165547,208.998107187496));
#2967=CARTESIAN_POINT('Ctrl Pts',(-107.977056339074,17.2438081013067,208.707579321756));
#2968=CARTESIAN_POINT('Ctrl Pts',(-107.61939083624,17.4093016239476,208.410733801789));
#2969=CARTESIAN_POINT('Ctrl Pts',(-107.256500339437,17.5637566913703,208.113831304132));
#2970=CARTESIAN_POINT('Ctrl Pts',(-106.888904962643,17.7068734541188,207.816699149004));
#2971=CARTESIAN_POINT('Ctrl Pts',(-106.522924833992,17.8493613485521,207.520872620094));
#2972=CARTESIAN_POINT('Ctrl Pts',(-106.152280570989,17.9806101832777,207.22481844755));
#2973=CARTESIAN_POINT('Ctrl Pts',(-105.777503565682,18.1002758111487,206.928366217915));
#2974=CARTESIAN_POINT('Ctrl Pts',(-105.697619176285,18.1257827538878,206.865176894625));
#2975=CARTESIAN_POINT('Ctrl Pts',(-105.61754710288,18.1507632593105,206.801969486135));
#2976=CARTESIAN_POINT('Ctrl Pts',(-105.537292633196,18.1752137212439,206.738742342114));
#2977=CARTESIAN_POINT('Ctrl Pts',(-105.259339190384,18.2598954853805,206.519761362875));
#2978=CARTESIAN_POINT('Ctrl Pts',(-104.979656986524,18.3380803519434,206.300904409228));
#2979=CARTESIAN_POINT('Ctrl Pts',(-104.698507691326,18.409767367512,206.082135425875));
#2980=CARTESIAN_POINT('Ctrl Pts',(-104.31564421539,18.5073893086973,205.7842202085));
#2981=CARTESIAN_POINT('Ctrl Pts',(-103.930061592341,18.5929626630678,205.486468127166));
#2982=CARTESIAN_POINT('Ctrl Pts',(-103.542381861018,18.66646086301,205.188788129785));
#2983=CARTESIAN_POINT('Ctrl Pts',(-103.155582369038,18.7397921829168,204.891784024446));
#2984=CARTESIAN_POINT('Ctrl Pts',(-102.766694926808,18.8011035205416,204.594851676093));
#2985=CARTESIAN_POINT('Ctrl Pts',(-102.376297635334,18.8503355551982,204.29790065144));
#2986=CARTESIAN_POINT('Ctrl Pts',(-101.988570396995,18.8992308760727,204.002980570731));
#2987=CARTESIAN_POINT('Ctrl Pts',(-101.599353527781,18.9362119381487,203.708042068314));
#2988=CARTESIAN_POINT('Ctrl Pts',(-101.209179527787,18.9611823289843,203.412996553751));
#2989=CARTESIAN_POINT('Ctrl Pts',(-100.825532164246,18.9857350275517,203.122886413688));
#2990=CARTESIAN_POINT('Ctrl Pts',(-100.440959045792,18.9986758131335,202.832672811628));
#2991=CARTESIAN_POINT('Ctrl Pts',(-100.055939128987,18.9998709406239,202.542271528869));
#2992=CARTESIAN_POINT('Ctrl Pts',(-99.8788455165802,19.0004206510034,202.408698666878));
#2993=CARTESIAN_POINT('Ctrl Pts',(-99.7016570297528,18.9984847980249,202.275086098624));
#2994=CARTESIAN_POINT('Ctrl Pts',(-99.524418617324,18.9940470239613,202.141425628755));
#2995=CARTESIAN_POINT('',(-88.2452110310523,14.9273218058534,192.945174478397));
#2996=CARTESIAN_POINT('Ctrl Pts',(-99.524418617324,18.9940470239613,202.141425628755));
#2997=CARTESIAN_POINT('Ctrl Pts',(-99.1396904445744,18.984414029154,201.851291297054));
#2998=CARTESIAN_POINT('Ctrl Pts',(-98.7557936252263,18.9630219824975,201.561585146035));
#2999=CARTESIAN_POINT('Ctrl Pts',(-98.3731837026165,18.9300496782125,201.272147815337));
#3000=CARTESIAN_POINT('Ctrl Pts',(-97.9833487079848,18.8964547364601,200.97724485127));
#3001=CARTESIAN_POINT('Ctrl Pts',(-97.5948493039743,18.8508377252327,200.682620956001));
#3002=CARTESIAN_POINT('Ctrl Pts',(-97.2081962346507,18.7933413505515,200.388107569701));
#3003=CARTESIAN_POINT('Ctrl Pts',(-96.8260340917656,18.7365127889814,200.097014919089));
#3004=CARTESIAN_POINT('Ctrl Pts',(-96.4456754223668,18.6680787101734,199.806030225258));
#3005=CARTESIAN_POINT('Ctrl Pts',(-96.0676455322877,18.5881385870053,199.514990733827));
#3006=CARTESIAN_POINT('Ctrl Pts',(-95.6820830366793,18.5066055807622,199.218152003395));
#3007=CARTESIAN_POINT('Ctrl Pts',(-95.2989426211512,18.4131031264546,198.921256269818));
#3008=CARTESIAN_POINT('Ctrl Pts',(-94.9188203940781,18.3077023592005,198.624130854457));
#3009=CARTESIAN_POINT('Ctrl Pts',(-94.5403701871579,18.2027652117888,198.328312386302));
#3010=CARTESIAN_POINT('Ctrl Pts',(-94.1649113734926,18.0860337444655,198.032266252493));
#3011=CARTESIAN_POINT('Ctrl Pts',(-93.7930756126331,17.9575503724184,197.735822043037));
#3012=CARTESIAN_POINT('Ctrl Pts',(-93.7133392665825,17.9299984376835,197.672252638052));
#3013=CARTESIAN_POINT('Ctrl Pts',(-93.6337696932566,17.9019060110241,197.608664927805));
#3014=CARTESIAN_POINT('Ctrl Pts',(-93.5543734038208,17.8732733739849,197.545057231904));
#3015=CARTESIAN_POINT('Ctrl Pts',(-93.2808847851313,17.7746453347033,197.325954034339));
#3016=CARTESIAN_POINT('Ctrl Pts',(-93.0099038570882,17.6697713597962,197.106975015957));
#3017=CARTESIAN_POINT('Ctrl Pts',(-92.7416411479059,17.5588076448981,196.88808407598));
#3018=CARTESIAN_POINT('Ctrl Pts',(-92.3765371263596,17.4077866599894,196.590174751538));
#3019=CARTESIAN_POINT('Ctrl Pts',(-92.0164684825347,17.2454875628911,196.292428575211));
#3020=CARTESIAN_POINT('Ctrl Pts',(-91.6619493442121,17.0722615535483,195.994754537762));
#3021=CARTESIAN_POINT('Ctrl Pts',(-91.3082348986864,16.89942873517,195.697756165257));
#3022=CARTESIAN_POINT('Ctrl Pts',(-90.9600442711884,16.7157186611086,195.400829604518));
#3023=CARTESIAN_POINT('Ctrl Pts',(-90.6178759853054,16.5214299969914,195.103884464621));
#3024=CARTESIAN_POINT('Ctrl Pts',(-90.2780479290296,16.3284701529398,194.80897025464));
#3025=CARTESIAN_POINT('Ctrl Pts',(-89.9441595983328,16.1250760139821,194.514037718774));
#3026=CARTESIAN_POINT('Ctrl Pts',(-89.6166951770027,15.9114892363065,194.218998308107));
#3027=CARTESIAN_POINT('Ctrl Pts',(-89.2947127671109,15.7014780689323,193.92889808875));
#3028=CARTESIAN_POINT('Ctrl Pts',(-88.9789405015175,15.4816126879221,193.638694542976));
#3029=CARTESIAN_POINT('Ctrl Pts',(-88.6698419907682,15.2520727803566,193.348303494971));
#3030=CARTESIAN_POINT('Ctrl Pts',(-88.5268545757896,15.1458887746891,193.213970058078));
#3031=CARTESIAN_POINT('Ctrl Pts',(-88.3852953963415,15.0376337675864,193.079596496815));
#3032=CARTESIAN_POINT('Ctrl Pts',(-88.2452110310523,14.9273218058534,192.945174478397));
#3033=CARTESIAN_POINT('',(-81.6452148897381,4.90936488317056,183.743602757156));
#3034=CARTESIAN_POINT('Ctrl Pts',(-88.2452110310523,14.9273218058534,192.945174478397));
#3035=CARTESIAN_POINT('Ctrl Pts',(-87.9428708680116,14.6892385877381,192.655055200056));
#3036=CARTESIAN_POINT('Ctrl Pts',(-87.6482375713839,14.4422366103254,192.365364335127));
#3037=CARTESIAN_POINT('Ctrl Pts',(-87.3615687422413,14.1867318099107,192.075942540145));
#3038=CARTESIAN_POINT('Ctrl Pts',(-87.0694804737196,13.926396722293,191.781049261299));
#3039=CARTESIAN_POINT('Ctrl Pts',(-86.7856605554712,13.6572338008688,191.486435322034));
#3040=CARTESIAN_POINT('Ctrl Pts',(-86.5104324240059,13.3796631676491,191.191932169856));
#3041=CARTESIAN_POINT('Ctrl Pts',(-86.2378948420468,13.1048059835458,190.900307994135));
#3042=CARTESIAN_POINT('Ctrl Pts',(-85.9737819985195,12.8217041298964,190.608792450044));
#3043=CARTESIAN_POINT('Ctrl Pts',(-85.718456954246,12.5307540303795,190.317221880083));
#3044=CARTESIAN_POINT('Ctrl Pts',(-85.4585246285114,12.2345538035066,190.020389986521));
#3045=CARTESIAN_POINT('Ctrl Pts',(-85.2076999604288,11.9302190371755,189.723501063314));
#3046=CARTESIAN_POINT('Ctrl Pts',(-84.9664177233973,11.6181636819474,189.426382432648));
#3047=CARTESIAN_POINT('Ctrl Pts',(-84.7261981769783,11.3074827266781,189.130572415429));
#3048=CARTESIAN_POINT('Ctrl Pts',(-84.4954372181407,10.9891485003635,188.834534709717));
#3049=CARTESIAN_POINT('Ctrl Pts',(-84.2746152812543,10.6635732551272,188.538098909264));
#3050=CARTESIAN_POINT('Ctrl Pts',(-84.2269670719845,10.593321731946,188.474134996737));
#3051=CARTESIAN_POINT('Ctrl Pts',(-84.1797818091459,10.5227331014151,188.410152549099));
#3052=CARTESIAN_POINT('Ctrl Pts',(-84.1330646335869,10.4518115662001,188.346149854372));
#3053=CARTESIAN_POINT('Ctrl Pts',(-83.9730430749233,10.2088821837593,188.126919756524));
#3054=CARTESIAN_POINT('Ctrl Pts',(-83.8187774783041,9.96244921129592,187.907813997374));
#3055=CARTESIAN_POINT('Ctrl Pts',(-83.6703429850946,9.71276430437693,187.688796428909));
#3056=CARTESIAN_POINT('Ctrl Pts',(-83.4684454185653,9.37314799272303,187.390893204772));
#3057=CARTESIAN_POINT('Ctrl Pts',(-83.2773350696338,9.02751711417509,187.093153141206));
#3058=CARTESIAN_POINT('Ctrl Pts',(-83.0972132095278,8.67646089790143,186.795485273451));
#3059=CARTESIAN_POINT('Ctrl Pts',(-82.9175000383589,8.32620121344139,186.498492801588));
#3060=CARTESIAN_POINT('Ctrl Pts',(-82.748725063514,7.97054055680925,186.201572198289));
#3061=CARTESIAN_POINT('Ctrl Pts',(-82.5911085082362,7.61001673536042,185.904633116574));
#3062=CARTESIAN_POINT('Ctrl Pts',(-82.4345699603769,7.25195869140186,185.609724928964));
#3063=CARTESIAN_POINT('Ctrl Pts',(-82.2890372514406,6.88910353677713,185.314798514837));
#3064=CARTESIAN_POINT('Ctrl Pts',(-82.1547532513605,6.52193482653959,185.019765368331));
#3065=CARTESIAN_POINT('Ctrl Pts',(-82.0227191796199,6.16091802781805,184.729675502015));
#3066=CARTESIAN_POINT('Ctrl Pts',(-81.9015596340745,5.79573073346271,184.439482449958));
#3067=CARTESIAN_POINT('Ctrl Pts',(-81.7915381044021,5.42679452097686,184.149102080922));
#3068=CARTESIAN_POINT('Ctrl Pts',(-81.7403416503136,5.25511697822337,184.013979025681));
#3069=CARTESIAN_POINT('Ctrl Pts',(-81.6915574480056,5.08262715205896,183.878815410104));
#3070=CARTESIAN_POINT('Ctrl Pts',(-81.6452148897381,4.90936488317056,183.743602757156));
#3071=CARTESIAN_POINT('',(-82.3654208177022,-7.07259620388932,174.536512999122));
#3072=CARTESIAN_POINT('Ctrl Pts',(-81.6452148897381,4.90936488317055,183.743602757156));
#3073=CARTESIAN_POINT('Ctrl Pts',(-81.5457852094026,4.53762424877699,183.453498987263));
#3074=CARTESIAN_POINT('Ctrl Pts',(-81.4578684430711,4.1633605803807,183.163823872418));
#3075=CARTESIAN_POINT('Ctrl Pts',(-81.3814215336269,3.78706109187892,182.874418086516));
#3076=CARTESIAN_POINT('Ctrl Pts',(-81.3035278478901,3.40364004433921,182.579535225962));
#3077=CARTESIAN_POINT('Ctrl Pts',(-81.2375424771625,3.01810494587747,182.284931985045));
#3078=CARTESIAN_POINT('Ctrl Pts',(-81.1834725611075,2.63098583938285,181.990439819531));
#3079=CARTESIAN_POINT('Ctrl Pts',(-81.1298279575986,2.24691180165865,181.698264121692));
#3080=CARTESIAN_POINT('Ctrl Pts',(-81.0879124921443,1.86127820591265,181.406197758695));
#3081=CARTESIAN_POINT('Ctrl Pts',(-81.0577795793081,1.47462299551609,181.114076132395));
#3082=CARTESIAN_POINT('Ctrl Pts',(-81.0271615565293,1.08174302059158,180.817251638299));
#3083=CARTESIAN_POINT('Ctrl Pts',(-81.0087087077115,0.687807790448205,180.520370087209));
#3084=CARTESIAN_POINT('Ctrl Pts',(-81.0025210869592,0.293409206320783,180.223258802712));
#3085=CARTESIAN_POINT('Ctrl Pts',(-80.9963607458878,-0.0992505725388579,
179.927457407975));
#3086=CARTESIAN_POINT('Ctrl Pts',(-81.0023580689861,-0.492370044834572,
179.631428301041));
#3087=CARTESIAN_POINT('Ctrl Pts',(-81.0206506707555,-0.885331304180589,
179.335001079305));
#3088=CARTESIAN_POINT('Ctrl Pts',(-81.0246231594475,-0.970668216819474,
179.270627853387));
#3089=CARTESIAN_POINT('Ctrl Pts',(-81.0291756293341,-1.05599752751162,179.206235852349));
#3090=CARTESIAN_POINT('Ctrl Pts',(-81.0343097091019,-1.14131266594741,179.141823331022));
#3091=CARTESIAN_POINT('Ctrl Pts',(-81.0517942056553,-1.43185981585181,178.922461622973));
#3092=CARTESIAN_POINT('Ctrl Pts',(-81.0759943408149,-1.72176152414426,178.703224419102));
#3093=CARTESIAN_POINT('Ctrl Pts',(-81.1068192541148,-2.0107708311072,178.484075522392));
#3094=CARTESIAN_POINT('Ctrl Pts',(-81.1487206518542,-2.40363143070074,178.186178655795));
#3095=CARTESIAN_POINT('Ctrl Pts',(-81.202861519553,-2.79484212124811,177.888444962541));
#3096=CARTESIAN_POINT('Ctrl Pts',(-81.2690497848819,-3.1838105834635,177.590783524031));
#3097=CARTESIAN_POINT('Ctrl Pts',(-81.3350879171691,-3.57189675909748,177.293797262865));
#3098=CARTESIAN_POINT('Ctrl Pts',(-81.4131186033035,-3.95775133802375,176.996882929027));
#3099=CARTESIAN_POINT('Ctrl Pts',(-81.5029957475735,-4.34081182705447,176.6999502212));
#3100=CARTESIAN_POINT('Ctrl Pts',(-81.5922581724686,-4.72125235406627,176.40504839998));
#3101=CARTESIAN_POINT('Ctrl Pts',(-81.6932053302004,-5.0989373544595,176.110128455251));
#3102=CARTESIAN_POINT('Ctrl Pts',(-81.8057417597124,-5.47333421509385,175.815101925913));
#3103=CARTESIAN_POINT('Ctrl Pts',(-81.9163910582467,-5.84145278951693,175.525022716347));
#3104=CARTESIAN_POINT('Ctrl Pts',(-82.0382440532323,-6.20639303630863,175.234840466849));
#3105=CARTESIAN_POINT('Ctrl Pts',(-82.1712589323232,-6.56765964088608,174.944471092341));
#3106=CARTESIAN_POINT('Ctrl Pts',(-82.2335324671725,-6.73679371553864,174.808528951986));
#3107=CARTESIAN_POINT('Ctrl Pts',(-82.2982532142022,-6.90512270642666,174.672545797037));
#3108=CARTESIAN_POINT('Ctrl Pts',(-82.3654208177022,-7.07259620388932,174.536512999122));
#3109=CARTESIAN_POINT('',(-90.1306029426596,-16.2356090654019,165.323706518563));
#3110=CARTESIAN_POINT('Ctrl Pts',(-82.3654208177022,-7.07259620388931,174.536512999122));
#3111=CARTESIAN_POINT('Ctrl Pts',(-82.5086547199094,-7.42973091330102,174.246425107665));
#3112=CARTESIAN_POINT('Ctrl Pts',(-82.6626150708768,-7.7819841878459,173.956766122108));
#3113=CARTESIAN_POINT('Ctrl Pts',(-82.8269753519457,-8.12899204543857,173.667376734031));
#3114=CARTESIAN_POINT('Ctrl Pts',(-82.9944491884248,-8.48257343883509,173.372505304373));
#3115=CARTESIAN_POINT('Ctrl Pts',(-83.1727211438559,-8.830709029897,173.077913783169));
#3116=CARTESIAN_POINT('Ctrl Pts',(-83.3614791809521,-9.17297044521776,172.783433635839));
#3117=CARTESIAN_POINT('Ctrl Pts',(-83.5491266307633,-9.5132181122403,172.490686108282));
#3118=CARTESIAN_POINT('Ctrl Pts',(-83.7471376700946,-9.84766059634102,172.198048647883));
#3119=CARTESIAN_POINT('Ctrl Pts',(-83.9552308998414,-10.1758326288742,171.905355677396));
#3120=CARTESIAN_POINT('Ctrl Pts',(-84.1662556172196,-10.5086277443184,171.608539430894));
#3121=CARTESIAN_POINT('Ctrl Pts',(-84.3876490397789,-10.8349747499748,171.311666099304));
#3122=CARTESIAN_POINT('Ctrl Pts',(-84.6191364235986,-11.154339937875,171.014563008688));
#3123=CARTESIAN_POINT('Ctrl Pts',(-84.8496028117691,-11.4722965372727,170.718770317618));
#3124=CARTESIAN_POINT('Ctrl Pts',(-85.0900748436461,-11.7833328960434,170.422749889799));
#3125=CARTESIAN_POINT('Ctrl Pts',(-85.3402922304228,-12.0868719743121,170.126331326011));
#3126=CARTESIAN_POINT('Ctrl Pts',(-85.3949901977743,-12.1532261585953,170.061533698902));
#3127=CARTESIAN_POINT('Ctrl Pts',(-85.4501538879218,-12.2192218763181,169.996717046173));
#3128=CARTESIAN_POINT('Ctrl Pts',(-85.5057806127463,-12.2848527674523,169.931879587788));
#3129=CARTESIAN_POINT('Ctrl Pts',(-85.6940970325467,-12.5070368792386,169.712381530506));
#3130=CARTESIAN_POINT('Ctrl Pts',(-85.8874072695166,-12.7246720870189,169.49300814889));
#3131=CARTESIAN_POINT('Ctrl Pts',(-86.0854900726205,-12.9376149638905,169.273723195133));
#3132=CARTESIAN_POINT('Ctrl Pts',(-86.3545779853647,-13.226889718555,168.975832971561));
#3133=CARTESIAN_POINT('Ctrl Pts',(-86.6324713218793,-13.5075054579587,168.678105934384));
#3134=CARTESIAN_POINT('Ctrl Pts',(-86.9186611446626,-13.7791033658345,168.380451212882));
#3135=CARTESIAN_POINT('Ctrl Pts',(-87.2042019211859,-14.0500853202686,168.083471538738));
#3136=CARTESIAN_POINT('Ctrl Pts',(-87.4980016761708,-14.3120908279829,167.786563852632));
#3137=CARTESIAN_POINT('Ctrl Pts',(-87.7996061534227,-14.5647573975168,167.489637900697));
#3138=CARTESIAN_POINT('Ctrl Pts',(-88.0991476949852,-14.8156957603326,167.194742883941));
#3139=CARTESIAN_POINT('Ctrl Pts',(-88.4063876565036,-15.0574230193923,166.899829850374));
#3140=CARTESIAN_POINT('Ctrl Pts',(-88.7209302276444,-15.2895702571669,166.604810385461));
#3141=CARTESIAN_POINT('Ctrl Pts',(-89.0301939983723,-15.517821491516,166.314742075069));
#3142=CARTESIAN_POINT('Ctrl Pts',(-89.3465174774706,-15.7368120171559,166.024570875717));
#3143=CARTESIAN_POINT('Ctrl Pts',(-89.6695701773027,-15.9461706308697,165.734212750025));
#3144=CARTESIAN_POINT('Ctrl Pts',(-89.8217639545606,-16.0448018394593,165.597421756081));
#3145=CARTESIAN_POINT('Ctrl Pts',(-89.9754519047398,-16.141294944452,165.46058927461));
#3146=CARTESIAN_POINT('Ctrl Pts',(-90.1306029426596,-16.2356090654019,165.323706518563));
#3147=CARTESIAN_POINT('',(-101.847496351093,-18.9099644958075,156.104983360737));
#3148=CARTESIAN_POINT('Ctrl Pts',(-90.1306029426596,-16.2356090654019,165.323706518563));
#3149=CARTESIAN_POINT('Ctrl Pts',(-90.4582203332863,-16.434763042192,165.034664485979));
#3150=CARTESIAN_POINT('Ctrl Pts',(-90.7914523698083,-16.6236519244093,164.746048578183));
#3151=CARTESIAN_POINT('Ctrl Pts',(-91.1298246462173,-16.8021815597533,164.457701194949));
#3152=CARTESIAN_POINT('Ctrl Pts',(-91.4752839325406,-16.984450394151,164.163314544002));
#3153=CARTESIAN_POINT('Ctrl Pts',(-91.8261015061182,-17.1559214454129,163.869207783591));
#3154=CARTESIAN_POINT('Ctrl Pts',(-92.1817733046397,-17.3164402040815,163.575213202106));
#3155=CARTESIAN_POINT('Ctrl Pts',(-92.5399915275301,-17.4781081932497,163.279113772922));
#3156=CARTESIAN_POINT('Ctrl Pts',(-92.9031342382599,-17.6286663424082,162.9831281347));
#3157=CARTESIAN_POINT('Ctrl Pts',(-93.2706797932006,-17.7679040973584,162.687084947793));
#3158=CARTESIAN_POINT('Ctrl Pts',(-93.6391604696776,-17.9074961056021,162.390288558036));
#3159=CARTESIAN_POINT('Ctrl Pts',(-94.0120669356773,-18.0357098653811,162.093434326389));
#3160=CARTESIAN_POINT('Ctrl Pts',(-94.3888591919905,-18.1522830371105,161.796349602093));
#3161=CARTESIAN_POINT('Ctrl Pts',(-94.567129465163,-18.2074368541558,161.655791047429));
#3162=CARTESIAN_POINT('Ctrl Pts',(-94.746269310488,-18.2599842359173,161.515180897364));
#3163=CARTESIAN_POINT('Ctrl Pts',(-94.9262199141085,-18.3098936658552,161.374500866711));
#3164=CARTESIAN_POINT('Ctrl Pts',(-95.2066957650486,-18.3876838457719,161.15523318706));
#3165=CARTESIAN_POINT('Ctrl Pts',(-95.4891416482272,-18.459066250508,160.935795745253));
#3166=CARTESIAN_POINT('Ctrl Pts',(-95.7733285432911,-18.5239102813982,160.716119306262));
#3167=CARTESIAN_POINT('Ctrl Pts',(-96.1575261923087,-18.6115741556076,160.419134565336));
#3168=CARTESIAN_POINT('Ctrl Pts',(-96.5440404783652,-18.6870920205689,160.122378094153));
#3169=CARTESIAN_POINT('Ctrl Pts',(-96.9322254676106,-18.7505046794834,159.825760153084));
#3170=CARTESIAN_POINT('Ctrl Pts',(-97.3222123826753,-18.8142116952395,159.527765333615));
#3171=CARTESIAN_POINT('Ctrl Pts',(-97.7138858980286,-18.8657012738407,159.229910333339));
#3172=CARTESIAN_POINT('Ctrl Pts',(-98.1066327509855,-18.9049831152582,158.932104157123));
#3173=CARTESIAN_POINT('Ctrl Pts',(-98.1910932760747,-18.9134307066969,158.868060700559));
#3174=CARTESIAN_POINT('Ctrl Pts',(-98.2756035811924,-18.9213135996519,158.804019501954));
#3175=CARTESIAN_POINT('Ctrl Pts',(-98.3601577934981,-18.9286316715608,158.739979656323));
#3176=CARTESIAN_POINT('Ctrl Pts',(-98.7511125743266,-18.9624683678202,158.443877509187));
#3177=CARTESIAN_POINT('Ctrl Pts',(-99.1430034870003,-18.9842330981638,158.147804286959));
#3178=CARTESIAN_POINT('Ctrl Pts',(-99.5352700202301,-18.9938897451352,157.851670532462));
#3179=CARTESIAN_POINT('Ctrl Pts',(-99.9211351421349,-19.0033888049456,157.560369395099));
#3180=CARTESIAN_POINT('Ctrl Pts',(-100.307364137403,-19.0011720205783,157.269009685002));
#3181=CARTESIAN_POINT('Ctrl Pts',(-100.693450906748,-18.9871635431182,156.977506253478));
#3182=CARTESIAN_POINT('Ctrl Pts',(-101.078433721843,-18.9731951206909,156.68683633006));
#3183=CARTESIAN_POINT('Ctrl Pts',(-101.463275463665,-18.9475027306198,156.396023505937));
#3184=CARTESIAN_POINT('Ctrl Pts',(-101.847496351093,-18.9099644958075,156.104983360737));
#3185=CARTESIAN_POINT('',(-113.079219024059,-13.781655550793,146.624498953018));
#3186=CARTESIAN_POINT('Ctrl Pts',(-101.847496351093,-18.9099644958075,156.104983360737));
#3187=CARTESIAN_POINT('Ctrl Pts',(-102.229460871556,-18.8726467071908,155.815652371364));
#3188=CARTESIAN_POINT('Ctrl Pts',(-102.609734098635,-18.8237227266792,155.526761946411));
#3189=CARTESIAN_POINT('Ctrl Pts',(-102.987883708777,-18.7634067965037,155.238153637072));
#3190=CARTESIAN_POINT('Ctrl Pts',(-103.390345899695,-18.6992129410702,154.930989675036));
#3191=CARTESIAN_POINT('Ctrl Pts',(-103.790403276117,-18.6221151222474,154.624145271212));
#3192=CARTESIAN_POINT('Ctrl Pts',(-104.187496498948,-18.5323205622849,154.317429408055));
#3193=CARTESIAN_POINT('Ctrl Pts',(-104.584589721779,-18.4425260023224,154.010713544897));
#3194=CARTESIAN_POINT('Ctrl Pts',(-104.978719098004,-18.3400341118921,153.704126222406));
#3195=CARTESIAN_POINT('Ctrl Pts',(-105.369281536364,-18.2250084761494,153.397476423036));
#3196=CARTESIAN_POINT('Ctrl Pts',(-105.74684883801,-18.1138100744547,153.101029745303));
#3197=CARTESIAN_POINT('Ctrl Pts',(-106.121082652918,-17.9908974676567,152.804524679095));
#3198=CARTESIAN_POINT('Ctrl Pts',(-106.491395154928,-17.856386937496,152.507788646595));
#3199=CARTESIAN_POINT('Ctrl Pts',(-106.860008720635,-17.7224935207777,152.212413992973));
#3200=CARTESIAN_POINT('Ctrl Pts',(-107.224737126389,-17.5771078786344,151.916810487472));
#3201=CARTESIAN_POINT('Ctrl Pts',(-107.584954812821,-17.4203211826648,151.620807916676));
#3202=CARTESIAN_POINT('Ctrl Pts',(-107.687981392426,-17.3754783067546,151.536147630488));
#3203=CARTESIAN_POINT('Ctrl Pts',(-107.790638681145,-17.3297026689223,151.451454699616));
#3204=CARTESIAN_POINT('Ctrl Pts',(-107.892911303357,-17.2829961303216,151.366725141647));
#3205=CARTESIAN_POINT('Ctrl Pts',(-108.165562448499,-17.1584799992238,151.140842490863));
#3206=CARTESIAN_POINT('Ctrl Pts',(-108.43500454607,-17.0275658403373,150.915092594211));
#3207=CARTESIAN_POINT('Ctrl Pts',(-108.701021406693,-16.8904459031874,150.68943680745));
#3208=CARTESIAN_POINT('Ctrl Pts',(-109.051825209522,-16.7096220438155,150.391858270734));
#3209=CARTESIAN_POINT('Ctrl Pts',(-109.396672151121,-16.5180078927676,150.094443395144));
#3210=CARTESIAN_POINT('Ctrl Pts',(-109.735080619252,-16.316000214185,149.797103556925));
#3211=CARTESIAN_POINT('Ctrl Pts',(-110.072731723216,-16.1144446323773,149.500429170548));
#3212=CARTESIAN_POINT('Ctrl Pts',(-110.403973668233,-15.9025420662276,149.203829486049));
#3213=CARTESIAN_POINT('Ctrl Pts',(-110.728337117278,-15.6806358364643,148.907216473368));
#3214=CARTESIAN_POINT('Ctrl Pts',(-111.050479666505,-15.4602489872195,148.612634354697));
#3215=CARTESIAN_POINT('Ctrl Pts',(-111.365838114398,-15.2299950467722,148.318039089734));
#3216=CARTESIAN_POINT('Ctrl Pts',(-111.673953790948,-14.9901593062843,148.023344444278));
#3217=CARTESIAN_POINT('Ctrl Pts',(-111.976692326663,-14.7545091060073,147.733792719915));
#3218=CARTESIAN_POINT('Ctrl Pts',(-112.272439164488,-14.50960860257,147.444145053507));
#3219=CARTESIAN_POINT('Ctrl Pts',(-112.560752879703,-14.255678897362,147.154319647321));
#3220=CARTESIAN_POINT('Ctrl Pts',(-112.736366890413,-14.101008440784,146.977784854489));
#3221=CARTESIAN_POINT('Ctrl Pts',(-112.909222971516,-13.9429870828597,146.801184118103));
#3222=CARTESIAN_POINT('Ctrl Pts',(-113.079219024059,-13.781655550793,146.624498953018));
#3223=CARTESIAN_POINT('',(-118.717304435828,-3.26535061770264,137.474003381647));
#3224=CARTESIAN_POINT('Ctrl Pts',(-113.079219024059,-13.781655550793,146.624498953018));
#3225=CARTESIAN_POINT('Ctrl Pts',(-113.357515531454,-13.5175435244516,146.335251858062));
#3226=CARTESIAN_POINT('Ctrl Pts',(-113.627370994129,-13.2453072694069,146.046427960588));
#3227=CARTESIAN_POINT('Ctrl Pts',(-113.888567968728,-12.9653807064561,145.757869425456));
#3228=CARTESIAN_POINT('Ctrl Pts',(-114.155172292482,-12.6796590508709,145.463337096971));
#3229=CARTESIAN_POINT('Ctrl Pts',(-114.412755990729,-12.385924906448,145.16908123172));
#3230=CARTESIAN_POINT('Ctrl Pts',(-114.661035709282,-12.0846245883818,144.874933987632));
#3231=CARTESIAN_POINT('Ctrl Pts',(-114.911067150664,-11.7811984637935,144.57871140511));
#3232=CARTESIAN_POINT('Ctrl Pts',(-115.151662842872,-11.4700984920357,144.282598981899));
#3233=CARTESIAN_POINT('Ctrl Pts',(-115.382480834423,-11.1517730149658,143.9864252982));
#3234=CARTESIAN_POINT('Ctrl Pts',(-115.613855138638,-10.8326803165305,143.689537782922));
#3235=CARTESIAN_POINT('Ctrl Pts',(-115.835404519443,-10.5063266993385,143.392588711505));
#3236=CARTESIAN_POINT('Ctrl Pts',(-116.046732379915,-10.1731643544409,143.095405421704));
#3237=CARTESIAN_POINT('Ctrl Pts',(-116.139358516879,-10.0271375081888,142.96514838866));
#3238=CARTESIAN_POINT('Ctrl Pts',(-116.23002031053,-9.87980268285576,142.834846359547));
#3239=CARTESIAN_POINT('Ctrl Pts',(-116.318681237501,-9.73119839956743,142.704484795592));
#3240=CARTESIAN_POINT('Ctrl Pts',(-116.466707376764,-9.48309228242468,142.486836281418));
#3241=CARTESIAN_POINT('Ctrl Pts',(-116.609156919032,-9.23144731595814,142.269021814862));
#3242=CARTESIAN_POINT('Ctrl Pts',(-116.745848035882,-8.97644568158159,142.050973733708));
#3243=CARTESIAN_POINT('Ctrl Pts',(-116.932081636188,-8.62902096556398,141.753896058665));
#3244=CARTESIAN_POINT('Ctrl Pts',(-117.107210495095,-8.27614416230663,141.457046423337));
#3245=CARTESIAN_POINT('Ctrl Pts',(-117.271102130162,-7.91844817020817,141.160334508661));
#3246=CARTESIAN_POINT('Ctrl Pts',(-117.435742676789,-7.55911766721212,140.86226675308));
#3247=CARTESIAN_POINT('Ctrl Pts',(-117.589043556615,-7.19492360044425,140.56433797967));
#3248=CARTESIAN_POINT('Ctrl Pts',(-117.730850666055,-6.82645911029551,140.266456625549));
#3249=CARTESIAN_POINT('Ctrl Pts',(-117.758935656117,-6.75348447887523,140.20746103003));
#3250=CARTESIAN_POINT('Ctrl Pts',(-117.786569738477,-6.68034219879761,140.148467294488));
#3251=CARTESIAN_POINT('Ctrl Pts',(-117.813751598324,-6.60703666566933,140.08947470763));
#3252=CARTESIAN_POINT('Ctrl Pts',(-117.950232979442,-6.23896617816548,139.793270188309));
#3253=CARTESIAN_POINT('Ctrl Pts',(-118.075315869094,-5.86678325857728,139.497094628365));
#3254=CARTESIAN_POINT('Ctrl Pts',(-118.188816119581,-5.49101909768703,139.20085798873));
#3255=CARTESIAN_POINT('Ctrl Pts',(-118.300483519534,-5.12132293700131,138.90940510491));
#3256=CARTESIAN_POINT('Ctrl Pts',(-118.40093972104,-4.74815993946697,138.617893098153));
#3257=CARTESIAN_POINT('Ctrl Pts',(-118.489976454011,-4.37199865219616,138.3262362213));
#3258=CARTESIAN_POINT('Ctrl Pts',(-118.576649438905,-4.00582369853744,138.042322254127));
#3259=CARTESIAN_POINT('Ctrl Pts',(-118.65250151504,-3.63680720498064,137.758271006779));
#3260=CARTESIAN_POINT('Ctrl Pts',(-118.717304435828,-3.26535061770264,137.474003381647));
#3261=CARTESIAN_POINT('Ctrl Pts',(-118.717304435828,-3.26535061770263,137.474003381647));
#3262=CARTESIAN_POINT('Ctrl Pts',(-118.905710088206,-2.1853912608511,136.647534038727));
#3263=CARTESIAN_POINT('Ctrl Pts',(-119.,-1.09289330681945,135.824453216533));
#3264=CARTESIAN_POINT('Ctrl Pts',(-119.,1.49047441055927E-13,135.001228224846));
#3265=CARTESIAN_POINT('',(-115.817563675491,-10.5263801647001,57.9064880336916));
#3266=CARTESIAN_POINT('Ctrl Pts',(-119.,2.45914399954472E-12,49.4952137960648));
#3267=CARTESIAN_POINT('Ctrl Pts',(-119.,-1.69270824852449,50.7713952216165));
#3268=CARTESIAN_POINT('Ctrl Pts',(-118.773740686308,-3.37935419144722,52.0455275069544));
#3269=CARTESIAN_POINT('Ctrl Pts',(-117.790362688888,-6.97338423383227,54.8557482699017));
#3270=CARTESIAN_POINT('Ctrl Pts',(-116.943506387078,-8.83447181094313,56.376489350049));
#3271=CARTESIAN_POINT('Ctrl Pts',(-115.817563675491,-10.5263801647002,57.9064880336916));
#3272=CARTESIAN_POINT('',(-106.401982917754,-17.8889523091987,67.0729412339096));
#3273=CARTESIAN_POINT('Ctrl Pts',(-115.817563675491,-10.5263801647002,57.9064880336916));
#3274=CARTESIAN_POINT('Ctrl Pts',(-115.617730637132,-10.8266611501155,58.1780333463772));
#3275=CARTESIAN_POINT('Ctrl Pts',(-115.40957775413,-11.1207939771294,58.449457630976));
#3276=CARTESIAN_POINT('Ctrl Pts',(-115.19341587876,-11.4085569100814,58.720814698223));
#3277=CARTESIAN_POINT('Ctrl Pts',(-114.974348717668,-11.700187470194,58.995818892474));
#3278=CARTESIAN_POINT('Ctrl Pts',(-114.747055352583,-11.985275717627,59.2707540503848));
#3279=CARTESIAN_POINT('Ctrl Pts',(-114.511847240715,-12.2635384323494,59.5456761816839));
#3280=CARTESIAN_POINT('Ctrl Pts',(-114.273393121903,-12.5456413322479,59.8243923961903));
#3281=CARTESIAN_POINT('Ctrl Pts',(-114.02680379363,-12.820728981488,60.1030952220545));
#3282=CARTESIAN_POINT('Ctrl Pts',(-113.772398884142,-13.0884532546052,60.3818430200535));
#3283=CARTESIAN_POINT('Ctrl Pts',(-113.728646079021,-13.1344967369085,60.429782338946));
#3284=CARTESIAN_POINT('Ctrl Pts',(-113.684662107825,-13.1803223046037,60.477722988));
#3285=CARTESIAN_POINT('Ctrl Pts',(-113.64044859882,-13.2259280324859,60.5256652640825));
#3286=CARTESIAN_POINT('Ctrl Pts',(-113.381105510776,-13.4934374559089,60.8068801734372));
#3287=CARTESIAN_POINT('Ctrl Pts',(-113.113864292497,-13.7533871740771,61.0881510630096));
#3288=CARTESIAN_POINT('Ctrl Pts',(-112.839051164692,-14.0054031449915,61.369537845844));
#3289=CARTESIAN_POINT('Ctrl Pts',(-112.56409491274,-14.2575503671724,61.6510711764209));
#3290=CARTESIAN_POINT('Ctrl Pts',(-112.281558357964,-14.5017554488626,61.932720521007));
#3291=CARTESIAN_POINT('Ctrl Pts',(-111.991779559851,-14.737593024237,62.2145458863045));
#3292=CARTESIAN_POINT('Ctrl Pts',(-111.896904948755,-14.8148070867951,62.3068165151557));
#3293=CARTESIAN_POINT('Ctrl Pts',(-111.801254141925,-14.8911238139819,62.3991060122114));
#3294=CARTESIAN_POINT('Ctrl Pts',(-111.704839408768,-14.9665271302504,62.4914164834309));
#3295=CARTESIAN_POINT('Ctrl Pts',(-111.476585681439,-15.1450381049489,62.7099537177032));
#3296=CARTESIAN_POINT('Ctrl Pts',(-111.244395856552,-15.3181413114443,62.9282661552956));
#3297=CARTESIAN_POINT('Ctrl Pts',(-111.00851776942,-15.4857449414441,63.1464127566267));
#3298=CARTESIAN_POINT('Ctrl Pts',(-110.654244570894,-15.7374744463191,63.4740544428082));
#3299=CARTESIAN_POINT('Ctrl Pts',(-110.291653454927,-15.9767998357026,63.8013220348538));
#3300=CARTESIAN_POINT('Ctrl Pts',(-109.92145651788,-16.2033983868087,64.128415294664));
#3301=CARTESIAN_POINT('Ctrl Pts',(-109.564339000698,-16.4219909894751,64.4439520296849));
#3302=CARTESIAN_POINT('Ctrl Pts',(-109.200142895012,-16.6287403929134,64.7593265335121));
#3303=CARTESIAN_POINT('Ctrl Pts',(-108.829467515513,-16.8233216745504,65.0747181339611));
#3304=CARTESIAN_POINT('Ctrl Pts',(-108.460364148583,-17.0170777483716,65.38877217711));
#3305=CARTESIAN_POINT('Ctrl Pts',(-108.08483589479,-17.1987690810031,65.7028431721765));
#3306=CARTESIAN_POINT('Ctrl Pts',(-107.703442421705,-17.3680345351,66.0171081750824));
#3307=CARTESIAN_POINT('Ctrl Pts',(-107.326979698032,-17.5351116834255,66.3273102820873));
#3308=CARTESIAN_POINT('Ctrl Pts',(-106.944801973574,-17.6900824813113,66.637701412995));
#3309=CARTESIAN_POINT('Ctrl Pts',(-106.557422983942,-17.8325551022666,66.948451845055));
#3310=CARTESIAN_POINT('Ctrl Pts',(-106.505701979778,-17.8515773704298,66.9899417678966));
#3311=CARTESIAN_POINT('Ctrl Pts',(-106.453888225782,-17.8703767722085,67.0314380957566));
#3312=CARTESIAN_POINT('Ctrl Pts',(-106.401982917754,-17.8889523091987,67.0729412339096));
#3313=CARTESIAN_POINT('',(-97.2409731990925,-18.798610882506,74.0852816799229));
#3314=CARTESIAN_POINT('Ctrl Pts',(-106.401982917754,-17.8889523091987,67.0729412339096));
#3315=CARTESIAN_POINT('Ctrl Pts',(-106.065857594506,-18.0092426727966,67.3417049553294));
#3316=CARTESIAN_POINT('Ctrl Pts',(-105.726712637997,-18.1198807591682,67.6104348309061));
#3317=CARTESIAN_POINT('Ctrl Pts',(-105.384911070691,-18.2208495276799,67.8791683672973));
#3318=CARTESIAN_POINT('Ctrl Pts',(-105.035849104649,-18.3239630304158,68.1536102234113));
#3319=CARTESIAN_POINT('Ctrl Pts',(-104.684016110935,-18.4169917826519,68.4280558975144));
#3320=CARTESIAN_POINT('Ctrl Pts',(-104.329826818529,-18.4998711952246,68.7025453374928));
#3321=CARTESIAN_POINT('Ctrl Pts',(-103.972598409241,-18.5834617535809,68.9793900307463));
#3322=CARTESIAN_POINT('Ctrl Pts',(-103.612972771017,-18.6567276650673,69.2562792441625));
#3323=CARTESIAN_POINT('Ctrl Pts',(-103.251408738228,-18.71956120029,69.5332539627935));
#3324=CARTESIAN_POINT('Ctrl Pts',(-102.88758970278,-18.7827866157222,69.8119561174245));
#3325=CARTESIAN_POINT('Ctrl Pts',(-102.521807698034,-18.8354487228602,70.0907448471541));
#3326=CARTESIAN_POINT('Ctrl Pts',(-102.15456863658,-18.8774019178955,70.3696619086736));
#3327=CARTESIAN_POINT('Ctrl Pts',(-102.062625805172,-18.8879054180485,70.4394922373497));
#3328=CARTESIAN_POINT('Ctrl Pts',(-101.970591844086,-18.8977375115585,70.5093306100295));
#3329=CARTESIAN_POINT('Ctrl Pts',(-101.878475103156,-18.9068956095319,70.5791776820023));
#3330=CARTESIAN_POINT('Ctrl Pts',(-101.658052996465,-18.9288096202554,70.7463116751816));
#3331=CARTESIAN_POINT('Ctrl Pts',(-101.43735670448,-18.9468383989233,70.9133419796449));
#3332=CARTESIAN_POINT('Ctrl Pts',(-101.216494405877,-18.960995038368,71.0802947014393));
#3333=CARTESIAN_POINT('Ctrl Pts',(-100.816777163784,-18.9866157663598,71.3824462317716));
#3334=CARTESIAN_POINT('Ctrl Pts',(-100.416515628989,-18.9995567375362,71.6843436488576));
#3335=CARTESIAN_POINT('Ctrl Pts',(-100.016290071235,-18.9998762883785,71.986141704246));
#3336=CARTESIAN_POINT('Ctrl Pts',(-99.6151799970311,-19.0001965454425,72.2886067468853));
#3337=CARTESIAN_POINT('Ctrl Pts',(-99.2141054636838,-18.9878393411429,72.590971988154));
#3338=CARTESIAN_POINT('Ctrl Pts',(-98.8136629585877,-18.9628125394978,72.8933932078935));
#3339=CARTESIAN_POINT('Ctrl Pts',(-98.415309285659,-18.9379162854037,73.1942369048579));
#3340=CARTESIAN_POINT('Ctrl Pts',(-98.0175804923174,-18.9004820199766,73.4951359978142));
#3341=CARTESIAN_POINT('Ctrl Pts',(-97.6210847008479,-18.8504705759085,73.79624384151));
#3342=CARTESIAN_POINT('Ctrl Pts',(-97.4942476572165,-18.8344721621806,73.8925667521948));
#3343=CARTESIAN_POINT('Ctrl Pts',(-97.3675369864269,-18.8171863444624,73.988911024937));
#3344=CARTESIAN_POINT('Ctrl Pts',(-97.2409731990926,-18.7986108825061,74.0852816799229));
#3345=CARTESIAN_POINT('',(-94.4553967357068,-18.17298474774,76.2374329498874));
#3346=CARTESIAN_POINT('Ctrl Pts',(-97.2409731990925,-18.798610882506,74.0852816799229));
#3347=CARTESIAN_POINT('Ctrl Pts',(-96.8260102238728,-18.7377077669954,74.4012508410794));
#3348=CARTESIAN_POINT('Ctrl Pts',(-96.4131746417143,-18.6630871379182,74.7170894847756));
#3349=CARTESIAN_POINT('Ctrl Pts',(-96.0031398351588,-18.5748601953199,75.0329763273558));
#3350=CARTESIAN_POINT('Ctrl Pts',(-95.9475288086774,-18.5628944042145,75.0758185234011));
#3351=CARTESIAN_POINT('Ctrl Pts',(-95.8919692780315,-18.5506782608841,75.1186616060252));
#3352=CARTESIAN_POINT('Ctrl Pts',(-95.8364629039954,-18.5382119711268,75.1615060210741));
#3353=CARTESIAN_POINT('Ctrl Pts',(-95.4378761637979,-18.4486925621759,75.4691682675563));
#3354=CARTESIAN_POINT('Ctrl Pts',(-95.0422698551263,-18.3463309938695,75.7767165759874));
#3355=CARTESIAN_POINT('Ctrl Pts',(-94.6502694736967,-18.2313025748035,76.0842914850368));
#3356=CARTESIAN_POINT('Ctrl Pts',(-94.5852117187748,-18.2122120558878,76.1353376931555));
#3357=CARTESIAN_POINT('Ctrl Pts',(-94.5202532139149,-18.1927725506669,76.1863846339586));
#3358=CARTESIAN_POINT('Ctrl Pts',(-94.4553967357068,-18.17298474774,76.2374329498874));
#3359=CARTESIAN_POINT('',(-84.7036079021569,-11.2703322395146,85.4000105146919));
#3360=CARTESIAN_POINT('Ctrl Pts',(-94.4553967357068,-18.17298474774,76.2374329498874));
#3361=CARTESIAN_POINT('Ctrl Pts',(-94.1119446422743,-18.0681970298825,76.5077630894575));
#3362=CARTESIAN_POINT('Ctrl Pts',(-93.7719804583043,-17.9537552266636,76.7779732837632));
#3363=CARTESIAN_POINT('Ctrl Pts',(-93.4357894956056,-17.8298945060516,77.0481166424376));
#3364=CARTESIAN_POINT('Ctrl Pts',(-93.0915965268639,-17.7030856567129,77.3246899442945));
#3365=CARTESIAN_POINT('Ctrl Pts',(-92.7513583691047,-17.5664037561233,77.6011931910165));
#3366=CARTESIAN_POINT('Ctrl Pts',(-92.4154289015052,-17.4200740570076,77.8776833755591));
#3367=CARTESIAN_POINT('Ctrl Pts',(-92.0763692767425,-17.2723808723984,78.1567498679733));
#3368=CARTESIAN_POINT('Ctrl Pts',(-91.7416989370865,-17.114858753964,78.4358030536497));
#3369=CARTESIAN_POINT('Ctrl Pts',(-91.4118314629657,-16.9477191572187,78.7149015335989));
#3370=CARTESIAN_POINT('Ctrl Pts',(-91.0795717355828,-16.7793674365846,78.9960240817011));
#3371=CARTESIAN_POINT('Ctrl Pts',(-90.7521847122966,-16.6012577211103,79.2771925834213));
#3372=CARTESIAN_POINT('Ctrl Pts',(-90.430144364383,-16.4135934736307,79.5584669239909));
#3373=CARTESIAN_POINT('Ctrl Pts',(-90.198538761732,-16.2786287357799,79.7607543503334));
#3374=CARTESIAN_POINT('Ctrl Pts',(-89.9696996493346,-16.1387218940715,79.9630965189278));
#3375=CARTESIAN_POINT('Ctrl Pts',(-89.7438199007961,-15.9939468893666,80.1655157057146));
#3376=CARTESIAN_POINT('Ctrl Pts',(-89.5003271243504,-15.8378830187292,80.3837185774439));
#3377=CARTESIAN_POINT('Ctrl Pts',(-89.2602730036288,-15.6761620747612,80.6020109466714));
#3378=CARTESIAN_POINT('Ctrl Pts',(-89.0238930062128,-15.5088704146132,80.8204207171367));
#3379=CARTESIAN_POINT('Ctrl Pts',(-88.668894714711,-15.2576298097218,81.1484311080751));
#3380=CARTESIAN_POINT('Ctrl Pts',(-88.3230309013763,-14.9943865955276,81.4759353076781));
#3381=CARTESIAN_POINT('Ctrl Pts',(-87.9868089708913,-14.7198176339661,81.8031326696378));
#3382=CARTESIAN_POINT('Ctrl Pts',(-87.6505870404064,-14.4452486724045,82.1303300315976));
#3383=CARTESIAN_POINT('Ctrl Pts',(-87.324006334009,-14.1593535539479,82.4572205559142));
#3384=CARTESIAN_POINT('Ctrl Pts',(-87.0075931109761,-13.8627503352834,82.7840035962801));
#3385=CARTESIAN_POINT('Ctrl Pts',(-86.7024034464819,-13.5766679904166,83.099195248183));
#3386=CARTESIAN_POINT('Ctrl Pts',(-86.4066723578125,-13.2806231063359,83.4142869060688));
#3387=CARTESIAN_POINT('Ctrl Pts',(-86.1208935391303,-12.9750596045575,83.7294574532695));
#3388=CARTESIAN_POINT('Ctrl Pts',(-85.8384878244783,-12.6731027293445,84.0409079800439));
#3389=CARTESIAN_POINT('Ctrl Pts',(-85.5658003854309,-12.3618502663757,84.3524355448313));
#3390=CARTESIAN_POINT('Ctrl Pts',(-85.3033387867553,-12.0416909673992,84.6642127712469));
#3391=CARTESIAN_POINT('Ctrl Pts',(-85.0970214174124,-11.7900182477754,84.9092964615837));
#3392=CARTESIAN_POINT('Ctrl Pts',(-84.8970234363245,-11.532840902575,85.1545344256015));
#3393=CARTESIAN_POINT('Ctrl Pts',(-84.7036079021569,-11.2703322395146,85.4000105146919));
#3394=CARTESIAN_POINT('',(-81.0001958875161,0.0862768059132251,94.5607211590752));
#3395=CARTESIAN_POINT('Ctrl Pts',(-84.7036079021569,-11.2703322395146,85.4000105146919));
#3396=CARTESIAN_POINT('Ctrl Pts',(-84.4906038787646,-10.9812375623583,85.6703477626656));
#3397=CARTESIAN_POINT('Ctrl Pts',(-84.2861610933791,-10.6864790022607,85.9405650600651));
#3398=CARTESIAN_POINT('Ctrl Pts',(-84.0903682173913,-10.3864156275489,86.2107155294241));
#3399=CARTESIAN_POINT('Ctrl Pts',(-83.8899163441822,-10.0792120827877,86.4872943750953));
#3400=CARTESIAN_POINT('Ctrl Pts',(-83.6985310526906,-9.76644782014984,86.7638031744675));
#3401=CARTESIAN_POINT('Ctrl Pts',(-83.516361951801,-9.4485148785628,87.0402989332667));
#3402=CARTESIAN_POINT('Ctrl Pts',(-83.3324963173029,-9.12762104010548,87.319369686097));
#3403=CARTESIAN_POINT('Ctrl Pts',(-83.1580195729162,-8.80146135436952,87.5984271543305));
#3404=CARTESIAN_POINT('Ctrl Pts',(-82.9931374620459,-8.47045242375714,87.8775299512481));
#3405=CARTESIAN_POINT('Ctrl Pts',(-82.8270612297693,-8.1370462358097,88.1586540870641));
#3406=CARTESIAN_POINT('Ctrl Pts',(-82.6707193546631,-7.79871985019876,88.4398242105072));
#3407=CARTESIAN_POINT('Ctrl Pts',(-82.5243707976833,-7.4559194951167,88.7211002175835));
#3408=CARTESIAN_POINT('Ctrl Pts',(-82.4192687189255,-7.20973305733045,88.9231021618355));
#3409=CARTESIAN_POINT('Ctrl Pts',(-82.3193217971345,-6.96123954658658,89.1251587163869));
#3410=CARTESIAN_POINT('Ctrl Pts',(-82.2246402138225,-6.71061269461781,89.3272920665962));
#3411=CARTESIAN_POINT('Ctrl Pts',(-82.1224523255472,-6.44011628072317,89.5454504400132));
#3412=CARTESIAN_POINT('Ctrl Pts',(-82.0263976312906,-6.16713463112444,89.7636982684034));
#3413=CARTESIAN_POINT('Ctrl Pts',(-81.9366133730197,-5.89187743878687,89.9820634430302));
#3414=CARTESIAN_POINT('Ctrl Pts',(-81.8017743735589,-5.47849312037764,90.3100066953421));
#3415=CARTESIAN_POINT('Ctrl Pts',(-81.6814225581842,-5.06093265018417,90.6374440755075));
#3416=CARTESIAN_POINT('Ctrl Pts',(-81.5755609369034,-4.64004136936963,90.9645748098006));
#3417=CARTESIAN_POINT('Ctrl Pts',(-81.4696993156227,-4.21915008855508,91.2917055440936));
#3418=CARTESIAN_POINT('Ctrl Pts',(-81.3783276048333,-3.79492727596826,91.6185296325144));
#3419=CARTESIAN_POINT('Ctrl Pts',(-81.3014990094612,-3.36818238337241,91.9452463013369));
#3420=CARTESIAN_POINT('Ctrl Pts',(-81.2273804330659,-2.95649030739539,92.2604385062761));
#3421=CARTESIAN_POINT('Ctrl Pts',(-81.1667971464717,-2.5424502033934,92.5755307361088));
#3422=CARTESIAN_POINT('Ctrl Pts',(-81.1198802673416,-2.12671283309486,92.8907018697454));
#3423=CARTESIAN_POINT('Ctrl Pts',(-81.0735167546379,-1.71587892413299,93.2021556818742));
#3424=CARTESIAN_POINT('Ctrl Pts',(-81.0404990201712,-1.30338700897381,93.5136865475038));
#3425=CARTESIAN_POINT('Ctrl Pts',(-81.0210022473334,-0.889851889711433,
93.8254670904818));
#3426=CARTESIAN_POINT('Ctrl Pts',(-81.0056875864935,-0.56502120365109,94.0703698398697));
#3427=CARTESIAN_POINT('Ctrl Pts',(-80.9987163461923,-0.239546513912104,
94.3154266416498));
#3428=CARTESIAN_POINT('Ctrl Pts',(-81.000195887516,0.0862768059132122,94.5607211590752));
#3429=CARTESIAN_POINT('',(-84.8051429039276,11.4068539847733,103.719612014136));
#3430=CARTESIAN_POINT('Ctrl Pts',(-81.0001958875161,0.0862768059132242,
94.5607211590752));
#3431=CARTESIAN_POINT('Ctrl Pts',(-81.0018265129275,0.445371733804582,94.8310641905346));
#3432=CARTESIAN_POINT('Ctrl Pts',(-81.013707208489,0.80390168927062,95.1012872672708));
#3433=CARTESIAN_POINT('Ctrl Pts',(-81.0356948291627,1.16152561200957,95.371443523718));
#3434=CARTESIAN_POINT('Ctrl Pts',(-81.0582055362741,1.52765742319222,95.6480268090805));
#3435=CARTESIAN_POINT('Ctrl Pts',(-81.09131013129,1.89283986171036,95.9245400570211));
#3436=CARTESIAN_POINT('Ctrl Pts',(-81.1348946888804,2.25666904878241,96.2010402851181));
#3437=CARTESIAN_POINT('Ctrl Pts',(-81.1788850786692,2.62388598617286,96.4801151107709));
#3438=CARTESIAN_POINT('Ctrl Pts',(-81.2335519658172,2.98972457021107,96.7591766729859));
#3439=CARTESIAN_POINT('Ctrl Pts',(-81.2988118066694,3.35372771321641,97.0382835969543));
#3440=CARTESIAN_POINT('Ctrl Pts',(-81.3645440636259,3.72036587562295,97.319410976443));
#3441=CARTESIAN_POINT('Ctrl Pts',(-81.441023666105,4.08514214876545,97.6005843768097));
#3442=CARTESIAN_POINT('Ctrl Pts',(-81.5281920907025,4.44754391770956,97.881863705648));
#3443=CARTESIAN_POINT('Ctrl Pts',(-81.5907063801789,4.70744639036646,98.0835878674405));
#3444=CARTESIAN_POINT('Ctrl Pts',(-81.6587188079577,4.9661266461121,98.2853665112166));
#3445=CARTESIAN_POINT('Ctrl Pts',(-81.7322141588662,5.22338038282316,98.4872217344273));
#3446=CARTESIAN_POINT('Ctrl Pts',(-81.8116296830192,5.50135633761053,98.7053367329427));
#3447=CARTESIAN_POINT('Ctrl Pts',(-81.8974470733479,5.77766694666662,98.9235411449866));
#3448=CARTESIAN_POINT('Ctrl Pts',(-81.9896513225538,6.05206219925217,99.141862849662));
#3449=CARTESIAN_POINT('Ctrl Pts',(-82.1281246238504,6.4641518460183,99.4697406584555));
#3450=CARTESIAN_POINT('Ctrl Pts',(-82.2807091085805,6.87094916730476,99.7971129061034));
#3451=CARTESIAN_POINT('Ctrl Pts',(-82.4469030935466,7.2717744390395,100.124178694732));
#3452=CARTESIAN_POINT('Ctrl Pts',(-82.6130970785126,7.67259971077424,100.45124448336));
#3453=CARTESIAN_POINT('Ctrl Pts',(-82.7929007663702,8.06745368009612,100.778003812969));
#3454=CARTESIAN_POINT('Ctrl Pts',(-82.9858741194711,8.45565545653472,101.104655785685));
#3455=CARTESIAN_POINT('Ctrl Pts',(-83.1720767563885,8.83023667859128,101.419846757373));
#3456=CARTESIAN_POINT('Ctrl Pts',(-83.3705416031084,9.19862487761008,101.734937773514));
#3457=CARTESIAN_POINT('Ctrl Pts',(-83.5809855254124,9.56021960267843,102.050107705689));
#3458=CARTESIAN_POINT('Ctrl Pts',(-83.7889481756005,9.91755088835274,102.361561577282));
#3459=CARTESIAN_POINT('Ctrl Pts',(-84.0086092865516,10.2682484785643,102.673092514936));
#3460=CARTESIAN_POINT('Ctrl Pts',(-84.239742537032,10.6117144666037,102.9848731375));
#3461=CARTESIAN_POINT('Ctrl Pts',(-84.4211699069882,10.881317090847,103.229604426649));
#3462=CARTESIAN_POINT('Ctrl Pts',(-84.6096666752639,11.1464637523578,103.474489557137));
#3463=CARTESIAN_POINT('Ctrl Pts',(-84.8051429039276,11.4068539847733,103.719612014136));
#3464=CARTESIAN_POINT('',(-94.6114067367764,18.219853529695,112.876730113967));
#3465=CARTESIAN_POINT('Ctrl Pts',(-84.8051429039276,11.4068539847733,103.719612014136));
#3466=CARTESIAN_POINT('Ctrl Pts',(-85.0207354691373,11.6940408132984,103.989960010384));
#3467=CARTESIAN_POINT('Ctrl Pts',(-85.244216332057,11.9746574578736,104.26018804847));
#3468=CARTESIAN_POINT('Ctrl Pts',(-85.4752671104517,12.2485156997114,104.530349274028));
#3469=CARTESIAN_POINT('Ctrl Pts',(-85.7118134459245,12.5288876767972,104.806936301073));
#3470=CARTESIAN_POINT('Ctrl Pts',(-85.9562945336106,12.8021759445214,105.083453299512));
#3471=CARTESIAN_POINT('Ctrl Pts',(-86.2083779582422,13.0681244469489,105.35995729811));
#3472=CARTESIAN_POINT('Ctrl Pts',(-86.4628087184455,13.336549392962,105.639036030339));
#3473=CARTESIAN_POINT('Ctrl Pts',(-86.7249845554539,13.5974971444476,105.918101519498));
#3474=CARTESIAN_POINT('Ctrl Pts',(-86.9945656838671,13.8506508206232,106.19721240234));
#3475=CARTESIAN_POINT('Ctrl Pts',(-87.266098482711,14.1056372383824,106.478343947608));
#3476=CARTESIAN_POINT('Ctrl Pts',(-87.5451446952091,14.3527162158829,106.759521546208));
#3477=CARTESIAN_POINT('Ctrl Pts',(-87.8313514804229,14.591511385248,107.040805117663));
#3478=CARTESIAN_POINT('Ctrl Pts',(-88.0363313268587,14.7625352731321,107.242258983402));
#3479=CARTESIAN_POINT('Ctrl Pts',(-88.2449839828884,14.9293090034792,107.443767206345));
#3480=CARTESIAN_POINT('Ctrl Pts',(-88.4571758789119,15.0916783719751,107.645351798623));
#3481=CARTESIAN_POINT('Ctrl Pts',(-88.6867235276093,15.2673283730221,107.863424543333));
#3482=CARTESIAN_POINT('Ctrl Pts',(-88.920413249601,15.4378242283642,108.081586661204));
#3483=CARTESIAN_POINT('Ctrl Pts',(-89.1580839235036,15.6029743480036,108.299866019494));
#3484=CARTESIAN_POINT('Ctrl Pts',(-89.5150200462049,15.8509983990983,108.627680076375));
#3485=CARTESIAN_POINT('Ctrl Pts',(-89.8801192923028,16.0863609348827,108.954988874951));
#3486=CARTESIAN_POINT('Ctrl Pts',(-90.2525740199663,16.3088158086516,109.281991396458));
#3487=CARTESIAN_POINT('Ctrl Pts',(-90.6250287476299,16.5312706824205,109.608993917964));
#3488=CARTESIAN_POINT('Ctrl Pts',(-91.0048395646537,16.7408183723742,109.935690162402));
#3489=CARTESIAN_POINT('Ctrl Pts',(-91.3912475586562,16.9371750362193,110.262279111009));
#3490=CARTESIAN_POINT('Ctrl Pts',(-91.76416718068,17.1266774637041,110.577467795409));
#3491=CARTESIAN_POINT('Ctrl Pts',(-92.1432321595868,17.3038938736456,110.892556544004));
#3492=CARTESIAN_POINT('Ctrl Pts',(-92.5278569601323,17.4685112720581,111.207724219389));
#3493=CARTESIAN_POINT('Ctrl Pts',(-92.907947068116,17.6311878458253,111.519176095607));
#3494=CARTESIAN_POINT('Ctrl Pts',(-93.293467145855,17.7815610389974,111.830705048505));
#3495=CARTESIAN_POINT('Ctrl Pts',(-93.6838787625965,17.919285998626,112.142483688648));
#3496=CARTESIAN_POINT('Ctrl Pts',(-93.9901279437476,18.0273210936427,112.38705108662));
#3497=CARTESIAN_POINT('Ctrl Pts',(-94.2993875972702,18.1275726433312,112.631772123342));
#3498=CARTESIAN_POINT('Ctrl Pts',(-94.6114067367764,18.219853529695,112.876730113967));
#3499=CARTESIAN_POINT('',(-106.543788514127,17.8375679923687,122.032122398279));
#3500=CARTESIAN_POINT('Ctrl Pts',(-94.6114067367764,18.219853529695,112.876730113967));
#3501=CARTESIAN_POINT('Ctrl Pts',(-94.9557732068033,18.321701266146,113.1470832766));
#3502=CARTESIAN_POINT('Ctrl Pts',(-95.3025503560993,18.4135695254866,113.417316477437));
#3503=CARTESIAN_POINT('Ctrl Pts',(-95.6513703829699,18.4954972220228,113.687482873214));
#3504=CARTESIAN_POINT('Ctrl Pts',(-96.0084853225722,18.579373152722,113.964073804577));
#3505=CARTESIAN_POINT('Ctrl Pts',(-96.3677418257686,18.6528298698312,114.240594715863));
#3506=CARTESIAN_POINT('Ctrl Pts',(-96.7287203628818,18.7158602202869,114.517102646888));
#3507=CARTESIAN_POINT('Ctrl Pts',(-97.0930600347286,18.7794774574363,114.796185191956));
#3508=CARTESIAN_POINT('Ctrl Pts',(-97.4591542981555,18.8324728821294,115.075254513915));
#3509=CARTESIAN_POINT('Ctrl Pts',(-97.8265414216382,18.8747949255974,115.354369260784));
#3510=CARTESIAN_POINT('Ctrl Pts',(-98.1965878803114,18.91742331758,115.635504382405));
#3511=CARTESIAN_POINT('Ctrl Pts',(-98.567946331559,18.9492228622724,115.916685588934));
#3512=CARTESIAN_POINT('Ctrl Pts',(-98.9401090783334,18.9701020404141,116.197972811205));
#3513=CARTESIAN_POINT('Ctrl Pts',(-99.2062983717455,18.9850358663403,116.399163412874));
#3514=CARTESIAN_POINT('Ctrl Pts',(-99.4728983907768,18.9943822043135,116.600408250302));
#3515=CARTESIAN_POINT('Ctrl Pts',(-99.7397107418923,18.998097175979,116.80172925272));
#3516=CARTESIAN_POINT('Ctrl Pts',(-100.028669795919,19.0021205080837,117.019760862468));
#3517=CARTESIAN_POINT('Ctrl Pts',(-100.317878148832,18.9995388413811,117.237881806085));
#3518=CARTESIAN_POINT('Ctrl Pts',(-100.607092326192,18.9902945586452,117.456119939298));
#3519=CARTESIAN_POINT('Ctrl Pts',(-101.041436781429,18.9764114116098,117.783871932467));
#3520=CARTESIAN_POINT('Ctrl Pts',(-101.474779639012,18.9475026023524,118.111118962035));
#3521=CARTESIAN_POINT('Ctrl Pts',(-101.906326300539,18.9038521277487,118.438059891597));
#3522=CARTESIAN_POINT('Ctrl Pts',(-102.337872962066,18.860201653145,118.76500082116));
#3523=CARTESIAN_POINT('Ctrl Pts',(-102.767624199866,18.8018095343485,119.091635650718));
#3524=CARTESIAN_POINT('Ctrl Pts',(-103.194802013815,18.7289004873223,119.418163243868));
#3525=CARTESIAN_POINT('Ctrl Pts',(-103.607143463429,18.6585236532286,119.733350167679));
#3526=CARTESIAN_POINT('Ctrl Pts',(-104.017087812711,18.5746204616085,120.048437174609));
#3527=CARTESIAN_POINT('Ctrl Pts',(-104.423978350395,18.4772889974234,120.363603119296));
#3528=CARTESIAN_POINT('Ctrl Pts',(-104.826072298464,18.3811049157579,120.675053760831));
#3529=CARTESIAN_POINT('Ctrl Pts',(-105.225184569675,18.2718072484271,120.986581489993));
#3530=CARTESIAN_POINT('Ctrl Pts',(-105.620677243119,18.1494404120973,121.298358910459));
#3531=CARTESIAN_POINT('Ctrl Pts',(-105.930709471118,18.0535153407927,121.542765582939));
#3532=CARTESIAN_POINT('Ctrl Pts',(-106.238517388764,17.9495580172815,121.787325695993));
#3533=CARTESIAN_POINT('Ctrl Pts',(-106.543788514127,17.8375679923687,122.032122398279));
#3534=CARTESIAN_POINT('',(-115.891369923207,10.4146225070236,131.185835715021));
#3535=CARTESIAN_POINT('Ctrl Pts',(-106.543788514127,17.8375679923687,122.032122398279));
#3536=CARTESIAN_POINT('Ctrl Pts',(-106.882465619577,17.7133228400257,122.303707466178));
#3537=CARTESIAN_POINT('Ctrl Pts',(-107.217105949086,17.5795498020449,122.575171477485));
#3538=CARTESIAN_POINT('Ctrl Pts',(-107.547420955522,17.4364993790565,122.846568326843));
#3539=CARTESIAN_POINT('Ctrl Pts',(-107.882170767722,17.2915283626103,123.121608947414));
#3540=CARTESIAN_POINT('Ctrl Pts',(-108.212478405676,17.1370286983548,123.396580590497));
#3541=CARTESIAN_POINT('Ctrl Pts',(-108.537995402177,16.9732371077017,123.671539350777));
#3542=CARTESIAN_POINT('Ctrl Pts',(-108.867993062805,16.8071909647132,123.950282853073));
#3543=CARTESIAN_POINT('Ctrl Pts',(-109.193067382181,16.6315948411206,124.229013115467));
#3544=CARTESIAN_POINT('Ctrl Pts',(-109.512804905557,16.4466782235976,124.507788581063));
#3545=CARTESIAN_POINT('Ctrl Pts',(-109.566276868901,16.4157533121596,124.554410170296));
#3546=CARTESIAN_POINT('Ctrl Pts',(-109.619599456912,16.3845676944337,124.601033023784));
#3547=CARTESIAN_POINT('Ctrl Pts',(-109.672770597759,16.3531224128982,124.647657414882));
#3548=CARTESIAN_POINT('Ctrl Pts',(-109.993491956131,16.1634485927079,124.928889636123));
#3549=CARTESIAN_POINT('Ctrl Pts',(-110.308707359875,15.9643277496378,125.210177800952));
#3550=CARTESIAN_POINT('Ctrl Pts',(-110.617976813161,15.7559896978251,125.491581900434));
#3551=CARTESIAN_POINT('Ctrl Pts',(-110.927407974971,15.5475427117525,125.77313313841));
#3552=CARTESIAN_POINT('Ctrl Pts',(-111.230886961246,15.3298683554936,126.054800432309));
#3553=CARTESIAN_POINT('Ctrl Pts',(-111.527921104081,15.1031959389065,126.336643867345));
#3554=CARTESIAN_POINT('Ctrl Pts',(-111.6241665928,15.0297491717933,126.427967238081));
#3555=CARTESIAN_POINT('Ctrl Pts',(-111.719735030577,14.9553577242632,126.519309101878));
#3556=CARTESIAN_POINT('Ctrl Pts',(-111.814608487285,14.8800295181433,126.610671502778));
#3557=CARTESIAN_POINT('Ctrl Pts',(-112.041227886514,14.7000968646026,126.82890422163));
#3558=CARTESIAN_POINT('Ctrl Pts',(-112.263522211944,14.5150868185109,127.046913108267));
#3559=CARTESIAN_POINT('Ctrl Pts',(-112.481344836873,14.3252178254084,127.264756866865));
#3560=CARTESIAN_POINT('Ctrl Pts',(-112.808498886485,14.0400481374137,127.591942657741));
#3561=CARTESIAN_POINT('Ctrl Pts',(-113.125567029729,13.74392012734,127.91875595447));
#3562=CARTESIAN_POINT('Ctrl Pts',(-113.432070862533,13.4374479475355,128.245395648877));
#3563=CARTESIAN_POINT('Ctrl Pts',(-113.728148920847,13.1414004655391,128.560924644399));
#3564=CARTESIAN_POINT('Ctrl Pts',(-114.014369526489,12.8356999303197,128.876291646953));
#3565=CARTESIAN_POINT('Ctrl Pts',(-114.290276521039,12.5208529244735,129.1916759349));
#3566=CARTESIAN_POINT('Ctrl Pts',(-114.565015651271,12.2073386089566,129.5057252583));
#3567=CARTESIAN_POINT('Ctrl Pts',(-114.829528782571,11.8847547401497,129.81979172107));
#3568=CARTESIAN_POINT('Ctrl Pts',(-115.083333763084,11.5535609301623,130.134052334634));
#3569=CARTESIAN_POINT('Ctrl Pts',(-115.333865165566,11.2266388597526,130.444259613081));
#3570=CARTESIAN_POINT('Ctrl Pts',(-115.57396327624,10.8913271487338,130.754656066305));
#3571=CARTESIAN_POINT('Ctrl Pts',(-115.803126767528,10.5480336536203,131.065411944409));
#3572=CARTESIAN_POINT('Ctrl Pts',(-115.832723982803,10.5036961746419,131.105547083609));
#3573=CARTESIAN_POINT('Ctrl Pts',(-115.862138745395,10.4592255120368,131.14568821822));
#3574=CARTESIAN_POINT('Ctrl Pts',(-115.891369923207,10.4146225070236,131.185835715021));
#3575=CARTESIAN_POINT('Ctrl Pts',(-115.891369923207,10.4146225070236,131.185835715021));
#3576=CARTESIAN_POINT('Ctrl Pts',(-117.002838261646,8.71866525920561,132.712380186519));
#3577=CARTESIAN_POINT('Ctrl Pts',(-117.835359806097,6.85617754943404,134.235100002996));
#3578=CARTESIAN_POINT('Ctrl Pts',(-118.784406646386,3.29916348436029,137.011615126193));
#3579=CARTESIAN_POINT('Ctrl Pts',(-119.,1.65246571615531,138.252289656631));
#3580=CARTESIAN_POINT('Ctrl Pts',(-119.,-1.19904086659517E-13,139.496714971937));
#3581=CARTESIAN_POINT('Origin',(-100.,0.,10.));
#3582=CARTESIAN_POINT('',(-119.,-4.22354974392578E-12,315.002403313761));
#3583=CARTESIAN_POINT('',(-119.,4.47026742456368E-14,229.498390836346));
#3584=CARTESIAN_POINT('',(-119.,-2.32682891837997E-15,10.));
#3585=CARTESIAN_POINT('',(-118.644103897057,3.66024451037618,312.223212115295));
#3586=CARTESIAN_POINT('Ctrl Pts',(-119.,-8.41660074968331E-12,315.002403313761));
#3587=CARTESIAN_POINT('Ctrl Pts',(-119.000000000001,1.22703717433566,314.076657991515));
#3588=CARTESIAN_POINT('Ctrl Pts',(-118.881165898489,2.45272720594373,313.150926925497));
#3589=CARTESIAN_POINT('Ctrl Pts',(-118.644103897057,3.66024451037617,312.223212115295));
#3590=CARTESIAN_POINT('',(-112.717844038688,14.1158224346871,303.004426222377));
#3591=CARTESIAN_POINT('Ctrl Pts',(-118.644103897057,3.66024451037618,312.223212115295));
#3592=CARTESIAN_POINT('Ctrl Pts',(-118.569981014347,4.0378025457675,311.933140759913));
#3593=CARTESIAN_POINT('Ctrl Pts',(-118.484410873973,4.41256478290959,311.643498572982));
#3594=CARTESIAN_POINT('Ctrl Pts',(-118.387646442629,4.78411293303498,311.354126264464));
#3595=CARTESIAN_POINT('Ctrl Pts',(-118.28904723373,5.16270611196576,311.059267086348));
#3596=CARTESIAN_POINT('Ctrl Pts',(-118.178824808352,5.53796246871809,310.764688118156));
#3597=CARTESIAN_POINT('Ctrl Pts',(-118.057205919968,5.90940312862428,310.470220835927));
#3598=CARTESIAN_POINT('Ctrl Pts',(-117.936050195022,6.27942922426591,310.17687497884));
#3599=CARTESIAN_POINT('Ctrl Pts',(-117.803584137412,6.64566881708849,309.883639958664));
#3600=CARTESIAN_POINT('Ctrl Pts',(-117.659998686049,7.00760924616577,309.590349169495));
#3601=CARTESIAN_POINT('Ctrl Pts',(-117.514691604509,7.37388944336561,309.293541740804));
#3602=CARTESIAN_POINT('Ctrl Pts',(-117.357996475137,7.73576708201879,308.996677197729));
#3603=CARTESIAN_POINT('Ctrl Pts',(-117.190083745655,8.09266662403757,308.699582869266));
#3604=CARTESIAN_POINT('Ctrl Pts',(-117.022911754133,8.44799172295669,308.403799156426));
#3605=CARTESIAN_POINT('Ctrl Pts',(-116.84462042162,8.79838277037176,308.107787681097));
#3606=CARTESIAN_POINT('Ctrl Pts',(-116.655357936478,9.14322434348817,307.811378047394));
#3607=CARTESIAN_POINT('Ctrl Pts',(-116.613700093473,9.21912610554987,307.746136454605));
#3608=CARTESIAN_POINT('Ctrl Pts',(-116.571510673107,9.29475882319531,307.680875572344));
#3609=CARTESIAN_POINT('Ctrl Pts',(-116.528791161407,9.37011560627086,307.615593583608));
#3610=CARTESIAN_POINT('Ctrl Pts',(-116.385061743163,9.62365283460261,307.395952911478));
#3611=CARTESIAN_POINT('Ctrl Pts',(-116.235571116828,9.8736461880566,307.176437094434));
#3612=CARTESIAN_POINT('Ctrl Pts',(-116.080510371173,10.1199131816347,306.957009831528));
#3613=CARTESIAN_POINT('Ctrl Pts',(-115.870007814139,10.4542326874675,306.659126574683));
#3614=CARTESIAN_POINT('Ctrl Pts',(-115.649241841153,10.7816846670196,306.361406517734));
#3615=CARTESIAN_POINT('Ctrl Pts',(-115.418645739552,11.1018218371884,306.063758840062));
#3616=CARTESIAN_POINT('Ctrl Pts',(-115.188572550118,11.4212330470299,305.76678612433));
#3617=CARTESIAN_POINT('Ctrl Pts',(-114.94871378366,11.7333631188855,305.469885459985));
#3618=CARTESIAN_POINT('Ctrl Pts',(-114.699448320049,12.0377713661817,305.172966642854));
#3619=CARTESIAN_POINT('Ctrl Pts',(-114.451887900962,12.3400973771033,304.878078832329));
#3620=CARTESIAN_POINT('Ctrl Pts',(-114.195049032466,12.6348073674668,304.58317311651));
#3621=CARTESIAN_POINT('Ctrl Pts',(-113.929251971406,12.9214652450781,304.288161129655));
#3622=CARTESIAN_POINT('Ctrl Pts',(-113.667919237373,13.2033084174194,303.998104163677));
#3623=CARTESIAN_POINT('Ctrl Pts',(-113.397926641663,13.4773681705582,303.70794446654));
#3624=CARTESIAN_POINT('Ctrl Pts',(-113.119529818184,13.7432183688617,303.417598050709));
#3625=CARTESIAN_POINT('Ctrl Pts',(-112.987517206024,13.8692815138462,303.279919077558));
#3626=CARTESIAN_POINT('Ctrl Pts',(-112.853614153487,13.9934984855783,303.142198119799));
#3627=CARTESIAN_POINT('Ctrl Pts',(-112.717844038688,14.1158224346871,303.004426222377));
#3628=CARTESIAN_POINT('',(-101.793301275993,18.9151809542897,293.853970571735));
#3629=CARTESIAN_POINT('Ctrl Pts',(-112.717844038688,14.1158224346871,303.004426222377));
#3630=CARTESIAN_POINT('Ctrl Pts',(-112.431799024817,14.3735386174515,302.714163785998));
#3631=CARTESIAN_POINT('Ctrl Pts',(-112.138261673874,14.6221413013194,302.424327521328));
#3632=CARTESIAN_POINT('Ctrl Pts',(-111.837686268147,14.861445574431,302.134757925304));
#3633=CARTESIAN_POINT('Ctrl Pts',(-111.531484201036,15.1052295357909,301.839767692618));
#3634=CARTESIAN_POINT('Ctrl Pts',(-111.217977620748,15.3393637187539,301.545054205905));
#3635=CARTESIAN_POINT('Ctrl Pts',(-110.89763578272,15.5635991212229,301.250448835858));
#3636=CARTESIAN_POINT('Ctrl Pts',(-110.586090813388,15.7816768222678,300.963933588453));
#3637=CARTESIAN_POINT('Ctrl Pts',(-110.268080347366,15.990391605535,300.677520601288));
#3638=CARTESIAN_POINT('Ctrl Pts',(-109.944033083057,16.1894672492166,300.391054759186));
#3639=CARTESIAN_POINT('Ctrl Pts',(-109.608181585238,16.3957947220083,300.094153681039));
#3640=CARTESIAN_POINT('Ctrl Pts',(-109.265844950836,16.5917682207403,299.797195827071));
#3641=CARTESIAN_POINT('Ctrl Pts',(-108.917504750181,16.7770289839602,299.500008505735));
#3642=CARTESIAN_POINT('Ctrl Pts',(-108.570685671533,16.9614807557878,299.204118933477));
#3643=CARTESIAN_POINT('Ctrl Pts',(-108.217914815709,17.1353130315511,298.908001893539));
#3644=CARTESIAN_POINT('Ctrl Pts',(-107.859679673518,17.2981216695009,298.611486946821));
#3645=CARTESIAN_POINT('Ctrl Pts',(-107.786982977262,17.3311604440568,298.551315136526));
#3646=CARTESIAN_POINT('Ctrl Pts',(-107.714061313708,17.363745096107,298.491126940179));
#3647=CARTESIAN_POINT('Ctrl Pts',(-107.640918848877,17.3958720015461,298.430920933458));
#3648=CARTESIAN_POINT('Ctrl Pts',(-107.376063919655,17.512206189707,298.212909991582));
#3649=CARTESIAN_POINT('Ctrl Pts',(-107.108747929244,17.6223485628584,297.995021857692));
#3650=CARTESIAN_POINT('Ctrl Pts',(-106.839226885287,17.7262675517305,297.777220836933));
#3651=CARTESIAN_POINT('Ctrl Pts',(-106.470509362534,17.868433638584,297.479258749637));
#3652=CARTESIAN_POINT('Ctrl Pts',(-106.097666619208,17.998953476339,297.181459699206));
#3653=CARTESIAN_POINT('Ctrl Pts',(-105.721312929584,18.1177267280445,296.88373229348));
#3654=CARTESIAN_POINT('Ctrl Pts',(-105.345815444172,18.236229770739,296.58668221726));
#3655=CARTESIAN_POINT('Ctrl Pts',(-104.96682266336,18.3430400523254,296.289703460134));
#3656=CARTESIAN_POINT('Ctrl Pts',(-104.584901449845,18.438029760593,295.992705252276));
#3657=CARTESIAN_POINT('Ctrl Pts',(-104.205591809194,18.5323699303285,295.697737914746));
#3658=CARTESIAN_POINT('Ctrl Pts',(-103.823393330867,18.6150510521581,295.402751391583));
#3659=CARTESIAN_POINT('Ctrl Pts',(-103.43882332967,18.6859137461187,295.107656762307));
#3660=CARTESIAN_POINT('Ctrl Pts',(-103.060647208991,18.7555982733034,294.817468391438));
#3661=CARTESIAN_POINT('Ctrl Pts',(-102.680177428878,18.8138544374091,294.527175479328));
#3662=CARTESIAN_POINT('Ctrl Pts',(-102.297873988563,18.8604919704231,294.236693467356));
#3663=CARTESIAN_POINT('Ctrl Pts',(-102.130024539234,18.8809680724117,294.109158005709));
#3664=CARTESIAN_POINT('Ctrl Pts',(-101.961821239645,18.89920399554,293.981586092627));
#3665=CARTESIAN_POINT('Ctrl Pts',(-101.793301275993,18.9151809542897,293.853970571735));
#3666=CARTESIAN_POINT('',(-90.1578263718594,16.2521265769602,284.700299267022));
#3667=CARTESIAN_POINT('Ctrl Pts',(-101.793301275993,18.9151809542897,293.853970571735));
#3668=CARTESIAN_POINT('Ctrl Pts',(-101.410013291502,18.9515195351006,293.563717151712));
#3669=CARTESIAN_POINT('Ctrl Pts',(-101.026144663134,18.9760751615725,293.273890044486));
#3670=CARTESIAN_POINT('Ctrl Pts',(-100.642170248133,18.9889703064805,292.984329757034));
#3671=CARTESIAN_POINT('Ctrl Pts',(-100.251003349751,19.0021069990329,292.689345520812));
#3672=CARTESIAN_POINT('Ctrl Pts',(-99.859726259423,19.0031419974762,292.394638193946));
#3673=CARTESIAN_POINT('Ctrl Pts',(-99.4688640883178,18.9921552585725,292.100039151762));
#3674=CARTESIAN_POINT('Ctrl Pts',(-99.0883008780569,18.9814580130046,291.813202600359));
#3675=CARTESIAN_POINT('Ctrl Pts',(-98.7081308086512,18.9593636614813,291.526468702359));
#3676=CARTESIAN_POINT('Ctrl Pts',(-98.3288644353041,18.9259062193987,291.239681814398));
#3677=CARTESIAN_POINT('Ctrl Pts',(-97.9362280370875,18.8912693243929,290.942785019275));
#3678=CARTESIAN_POINT('Ctrl Pts',(-97.5445596348429,18.8444539243286,290.645831432299));
#3679=CARTESIAN_POINT('Ctrl Pts',(-97.1544597321293,18.7854591709872,290.348648362645));
#3680=CARTESIAN_POINT('Ctrl Pts',(-96.7660643627997,18.7267221939894,290.052763828213));
#3681=CARTESIAN_POINT('Ctrl Pts',(-96.3792234608781,18.6559116571575,289.756651812161));
#3682=CARTESIAN_POINT('Ctrl Pts',(-95.9945693442898,18.5729938213774,289.460141877496));
#3683=CARTESIAN_POINT('Ctrl Pts',(-95.9162006883556,18.5561003083151,289.399731539874));
#3684=CARTESIAN_POINT('Ctrl Pts',(-95.8379229463665,18.5387041335156,289.339304684981));
#3685=CARTESIAN_POINT('Ctrl Pts',(-95.7597416898064,18.5208048667405,289.278859871433));
#3686=CARTESIAN_POINT('Ctrl Pts',(-95.4776601594004,18.4562234979161,289.060772234308));
#3687=CARTESIAN_POINT('Ctrl Pts',(-95.1972967685523,18.3851995771998,288.842807501345));
#3688=CARTESIAN_POINT('Ctrl Pts',(-94.9188760944078,18.3078605915588,288.624929949223));
#3689=CARTESIAN_POINT('Ctrl Pts',(-94.5381219662991,18.2020956797504,288.326971553541));
#3690=CARTESIAN_POINT('Ctrl Pts',(-94.161001736407,18.0845222868534,288.029176202804));
#3691=CARTESIAN_POINT('Ctrl Pts',(-93.788068326087,17.9554262404017,287.731452531719));
#3692=CARTESIAN_POINT('Ctrl Pts',(-93.4159831764169,17.8266238310801,287.434406051971));
#3693=CARTESIAN_POINT('Ctrl Pts',(-93.0480653145729,17.6863512966023,287.137430926166));
#3694=CARTESIAN_POINT('Ctrl Pts',(-92.6848459765832,17.534844140282,286.840436411045));
#3695=CARTESIAN_POINT('Ctrl Pts',(-92.3241103550688,17.3843729993413,286.545472762932));
#3696=CARTESIAN_POINT('Ctrl Pts',(-91.9680087142905,17.2228205055746,286.250489989766));
#3697=CARTESIAN_POINT('Ctrl Pts',(-91.617051329699,17.0503672763715,285.955399197111));
#3698=CARTESIAN_POINT('Ctrl Pts',(-91.2719318836161,16.8807826898924,285.665217040028));
#3699=CARTESIAN_POINT('Ctrl Pts',(-90.9317864972465,16.7006570784693,285.374930427229));
#3700=CARTESIAN_POINT('Ctrl Pts',(-90.5970978342082,16.510112080991,285.084454826993));
#3701=CARTESIAN_POINT('Ctrl Pts',(-90.4496003790861,16.4261388087589,284.956442089958));
#3702=CARTESIAN_POINT('Ctrl Pts',(-90.3031627205382,16.3401412482343,284.828392648367));
#3703=CARTESIAN_POINT('Ctrl Pts',(-90.1578263718594,16.2521265769602,284.700299267022));
#3704=CARTESIAN_POINT('',(-82.4050654288635,7.17065390584597,275.54322522834));
#3705=CARTESIAN_POINT('Ctrl Pts',(-90.1578263718594,16.2521265769602,284.700299267022));
#3706=CARTESIAN_POINT('Ctrl Pts',(-89.8296654489941,16.0533946285276,284.411071949719));
#3707=CARTESIAN_POINT('Ctrl Pts',(-89.5080201329942,15.8449278642151,284.122268112413));
#3708=CARTESIAN_POINT('Ctrl Pts',(-89.1931951135991,15.6271038741636,283.833729942573));
#3709=CARTESIAN_POINT('Ctrl Pts',(-88.871845066091,15.4047652884758,283.539211562922));
#3710=CARTESIAN_POINT('Ctrl Pts',(-88.5576007867468,15.1726771377024,283.244969977247));
#3711=CARTESIAN_POINT('Ctrl Pts',(-88.2508340225535,14.9312151125501,282.950837355826));
#3712=CARTESIAN_POINT('Ctrl Pts',(-87.9418997998803,14.6880470391063,282.654626542374));
#3713=CARTESIAN_POINT('Ctrl Pts',(-87.6405490359059,14.4353716378661,282.358526238389));
#3714=CARTESIAN_POINT('Ctrl Pts',(-87.3472111751761,14.173554114385,282.062365031555));
#3715=CARTESIAN_POINT('Ctrl Pts',(-87.0531625932023,13.9111022395265,281.76548626286));
#3716=CARTESIAN_POINT('Ctrl Pts',(-86.7671657080029,13.6394633515365,281.46854629584));
#3717=CARTESIAN_POINT('Ctrl Pts',(-86.489704193631,13.3589947963128,281.171372469225));
#3718=CARTESIAN_POINT('Ctrl Pts',(-86.3671602517966,13.2351227616794,281.040122367005));
#3719=CARTESIAN_POINT('Ctrl Pts',(-86.2462819326742,13.1095282837147,280.908826647085));
#3720=CARTESIAN_POINT('Ctrl Pts',(-86.1271141379186,12.9822419120027,280.777470434287));
#3721=CARTESIAN_POINT('Ctrl Pts',(-85.929519385988,12.7711855683473,280.559665797257));
#3722=CARTESIAN_POINT('Ctrl Pts',(-85.7366266780355,12.5554775007016,280.341694842992));
#3723=CARTESIAN_POINT('Ctrl Pts',(-85.5486529781892,12.3352573020337,280.123489758685));
#3724=CARTESIAN_POINT('Ctrl Pts',(-85.2927418843291,12.035445190141,279.826421063136));
#3725=CARTESIAN_POINT('Ctrl Pts',(-85.0465202007458,11.7279427260559,279.529580430484));
#3726=CARTESIAN_POINT('Ctrl Pts',(-84.8102520191374,11.4133401999249,279.232877597535));
#3727=CARTESIAN_POINT('Ctrl Pts',(-84.5729024622033,11.0972977701776,278.934816786036));
#3728=CARTESIAN_POINT('Ctrl Pts',(-84.3455972001837,10.7740900157207,278.636895038517));
#3729=CARTESIAN_POINT('Ctrl Pts',(-84.1286129629673,10.444263785744,278.339020846726));
#3730=CARTESIAN_POINT('Ctrl Pts',(-84.0852835739895,10.3784010797841,278.279538614799));
#3731=CARTESIAN_POINT('Ctrl Pts',(-84.0423657868024,10.3122742966406,278.220058279193));
#3732=CARTESIAN_POINT('Ctrl Pts',(-83.9998618764954,10.2458875522589,278.160579111248));
#3733=CARTESIAN_POINT('Ctrl Pts',(-83.7882006098237,9.91529438319412,277.864384339127));
#3734=CARTESIAN_POINT('Ctrl Pts',(-83.5868011771656,9.57825833966123,277.568218523255));
#3735=CARTESIAN_POINT('Ctrl Pts',(-83.3959564739231,9.2352592439525,277.271991680543));
#3736=CARTESIAN_POINT('Ctrl Pts',(-83.2081968167456,8.89780480309938,276.980553409062));
#3737=CARTESIAN_POINT('Ctrl Pts',(-83.0306529693793,8.55457830345595,276.689056067817));
#3738=CARTESIAN_POINT('Ctrl Pts',(-82.8636280361641,8.20599319611373,276.397413967345));
#3739=CARTESIAN_POINT('Ctrl Pts',(-82.7006560650391,7.86586671945674,276.112848740694));
#3740=CARTESIAN_POINT('Ctrl Pts',(-82.5476983469528,7.52063828585154,275.82814569492));
#3741=CARTESIAN_POINT('Ctrl Pts',(-82.4050654288635,7.17065390584597,275.54322522834));
#3742=CARTESIAN_POINT('',(-81.6026863780997,-4.74751003131551,266.382560649454));
#3743=CARTESIAN_POINT('Ctrl Pts',(-82.4050654288635,7.17065390584596,275.54322522834));
#3744=CARTESIAN_POINT('Ctrl Pts',(-82.2597726409016,6.8141428914511,275.252991462591));
#3745=CARTESIAN_POINT('Ctrl Pts',(-82.1255938418093,6.45367967115245,274.963184316296));
#3746=CARTESIAN_POINT('Ctrl Pts',(-82.0025484967128,6.08975408682625,274.673644318342));
#3747=CARTESIAN_POINT('Ctrl Pts',(-81.8771950131757,5.71900182709821,274.378673002375));
#3748=CARTESIAN_POINT('Ctrl Pts',(-81.763396745631,5.34465561932699,274.083978951324));
#3749=CARTESIAN_POINT('Ctrl Pts',(-81.6612283549153,4.96724121411373,273.789393550395));
#3750=CARTESIAN_POINT('Ctrl Pts',(-81.5615051091963,4.59885927910132,273.501858314533));
#3751=CARTESIAN_POINT('Ctrl Pts',(-81.4728621928302,4.22755388878969,273.214426590485));
#3752=CARTESIAN_POINT('Ctrl Pts',(-81.3954149810448,3.85382737334954,272.926941582159));
#3753=CARTESIAN_POINT('Ctrl Pts',(-81.3154347534856,3.46787762692633,272.630053987943));
#3754=CARTESIAN_POINT('Ctrl Pts',(-81.2473945485689,3.07934524395446,272.333109566981));
#3755=CARTESIAN_POINT('Ctrl Pts',(-81.191468245173,2.68880497698945,272.035935629833));
#3756=CARTESIAN_POINT('Ctrl Pts',(-81.1357866704603,2.29997368057108,271.74006210022));
#3757=CARTESIAN_POINT('Ctrl Pts',(-81.0921134999275,1.90915157674246,271.443961058713));
#3758=CARTESIAN_POINT('Ctrl Pts',(-81.0606632596502,1.51693441104454,271.147462072988));
#3759=CARTESIAN_POINT('Ctrl Pts',(-81.054200397816,1.43633581057167,271.086533063803));
#3760=CARTESIAN_POINT('Ctrl Pts',(-81.0482538242955,1.35567840915991,271.02558725018));
#3761=CARTESIAN_POINT('Ctrl Pts',(-81.0428256094958,1.27496755406992,270.964623153165));
#3762=CARTESIAN_POINT('Ctrl Pts',(-81.0233923366218,0.986018769117637,270.746368722101));
#3763=CARTESIAN_POINT('Ctrl Pts',(-81.010633750448,0.696859129620806,270.528237404413));
#3764=CARTESIAN_POINT('Ctrl Pts',(-81.0044922833679,0.407741031760921,270.310193414859));
#3765=CARTESIAN_POINT('Ctrl Pts',(-80.9961001583154,0.0126700820085299,
270.012243038598));
#3766=CARTESIAN_POINT('Ctrl Pts',(-81.0000621326999,-0.382322135812418,
269.71445572473));
#3767=CARTESIAN_POINT('Ctrl Pts',(-81.0162636614368,-0.776623787976085,
269.416740166389));
#3768=CARTESIAN_POINT('Ctrl Pts',(-81.0324283551972,-1.17002897584225,269.119701479086));
#3769=CARTESIAN_POINT('Ctrl Pts',(-81.0607767031163,-1.56274717094439,268.822734221401));
#3770=CARTESIAN_POINT('Ctrl Pts',(-81.1012360873869,-1.95420182336235,268.525747707824));
#3771=CARTESIAN_POINT('Ctrl Pts',(-81.1414188030235,-2.34297963761546,268.230792042084));
#3772=CARTESIAN_POINT('Ctrl Pts',(-81.1935471987173,-2.73051157175514,267.935817382903));
#3773=CARTESIAN_POINT('Ctrl Pts',(-81.257595165814,-3.1162569833278,267.640734892451));
#3774=CARTESIAN_POINT('Ctrl Pts',(-81.3205765705949,-3.49557874809055,267.350566279499));
#3775=CARTESIAN_POINT('Ctrl Pts',(-81.3950836610497,-3.87317343108679,267.060293396706));
#3776=CARTESIAN_POINT('Ctrl Pts',(-81.4811388466212,-4.24854387173257,266.769831770876));
#3777=CARTESIAN_POINT('Ctrl Pts',(-81.5193727349205,-4.41531908002731,266.640781124091));
#3778=CARTESIAN_POINT('Ctrl Pts',(-81.559886843593,-4.58165541405366,266.5116932198));
#3779=CARTESIAN_POINT('Ctrl Pts',(-81.6026863780997,-4.74751003131551,266.382560649454));
#3780=CARTESIAN_POINT('',(-88.0758086538387,-14.7923514270089,257.218116955918));
#3781=CARTESIAN_POINT('Ctrl Pts',(-81.6026863780997,-4.74751003131551,266.382560649454));
#3782=CARTESIAN_POINT('Ctrl Pts',(-81.6988776052401,-5.12026546768198,266.092337390052));
#3783=CARTESIAN_POINT('Ctrl Pts',(-81.8063443395529,-5.4895589380673,265.80254091613));
#3784=CARTESIAN_POINT('Ctrl Pts',(-81.9248098285573,-5.85498591395796,265.513011768233));
#3785=CARTESIAN_POINT('Ctrl Pts',(-82.0454990444045,-6.22727235400321,265.218047841454));
#3786=CARTESIAN_POINT('Ctrl Pts',(-82.1776042093437,-6.59554606571643,264.923361370899));
#3787=CARTESIAN_POINT('Ctrl Pts',(-82.3208714120038,-6.95934074976855,264.628783747813));
#3788=CARTESIAN_POINT('Ctrl Pts',(-82.4608973342971,-7.31490493482965,264.340870655398));
#3789=CARTESIAN_POINT('Ctrl Pts',(-82.6115865234304,-7.66619049242608,264.053061541031));
#3790=CARTESIAN_POINT('Ctrl Pts',(-82.7727308944525,-8.01272367715833,263.765198982832));
#3791=CARTESIAN_POINT('Ctrl Pts',(-82.9389244796697,-8.37011495308098,263.468316688443));
#3792=CARTESIAN_POINT('Ctrl Pts',(-83.1162390405371,-8.72245180449805,263.171377548588));
#3793=CARTESIAN_POINT('Ctrl Pts',(-83.3044710415984,-9.06916931631775,262.874208875152));
#3794=CARTESIAN_POINT('Ctrl Pts',(-83.4918790093443,-9.41436898431078,262.578341132939));
#3795=CARTESIAN_POINT('Ctrl Pts',(-83.6901095442352,-9.75399859940552,262.282245862428));
#3796=CARTESIAN_POINT('Ctrl Pts',(-83.8989791824176,-10.0874521410591,261.98575263355));
#3797=CARTESIAN_POINT('Ctrl Pts',(-83.9420992166895,-10.1562918645791,261.924543171505));
#3798=CARTESIAN_POINT('Ctrl Pts',(-83.9856727279789,-10.224868196021,261.863316748705));
#3799=CARTESIAN_POINT('Ctrl Pts',(-84.0296981644493,-10.2931755322079,261.80207186561));
#3800=CARTESIAN_POINT('Ctrl Pts',(-84.1866535590542,-10.5366984990457,261.583727300186));
#3801=CARTESIAN_POINT('Ctrl Pts',(-84.3490944109343,-10.7764030812666,261.365505961229));
#3802=CARTESIAN_POINT('Ctrl Pts',(-84.5168235945826,-11.0121209389506,261.147372030021));
#3803=CARTESIAN_POINT('Ctrl Pts',(-84.7459224821149,-11.3340845817247,260.849426020353));
#3804=CARTESIAN_POINT('Ctrl Pts',(-84.9848855072313,-11.6486104596986,260.551643082396));
#3805=CARTESIAN_POINT('Ctrl Pts',(-85.2332554944317,-11.9552761118034,260.253931940888));
#3806=CARTESIAN_POINT('Ctrl Pts',(-85.4810608785377,-12.2612446411273,259.956897566463));
#3807=CARTESIAN_POINT('Ctrl Pts',(-85.7382305173651,-12.5593891747858,259.659934662439));
#3808=CARTESIAN_POINT('Ctrl Pts',(-86.0043619350804,-12.8492905462701,259.36295257461));
#3809=CARTESIAN_POINT('Ctrl Pts',(-86.2686734522675,-13.1372094698962,259.068001355077));
#3810=CARTESIAN_POINT('Ctrl Pts',(-86.5418246321434,-13.4169981106982,258.773031213213));
#3811=CARTESIAN_POINT('Ctrl Pts',(-86.8234717498157,-13.6882383617148,258.477953341901));
#3812=CARTESIAN_POINT('Ctrl Pts',(-87.1004261590203,-13.954959299936,258.187791957706));
#3813=CARTESIAN_POINT('Ctrl Pts',(-87.385595844647,-14.213414810109,257.897526404058));
#3814=CARTESIAN_POINT('Ctrl Pts',(-87.6787019761311,-14.4631927310926,257.607072239314));
#3815=CARTESIAN_POINT('Ctrl Pts',(-87.8094970867975,-14.5746531452835,257.477460537133));
#3816=CARTESIAN_POINT('Ctrl Pts',(-87.9418732056304,-14.6843853662815,257.347811277125));
#3817=CARTESIAN_POINT('Ctrl Pts',(-88.0758086538387,-14.7923514270089,257.218116955918));
#3818=CARTESIAN_POINT('',(-99.2710229564261,-18.9860104411101,248.049704762697));
#3819=CARTESIAN_POINT('Ctrl Pts',(-88.0758086538387,-14.7923514270089,257.218116955918));
#3820=CARTESIAN_POINT('Ctrl Pts',(-88.3755111224932,-15.0339431442411,256.927904702506));
#3821=CARTESIAN_POINT('Ctrl Pts',(-88.6821913545951,-15.2660262438378,256.638119408981));
#3822=CARTESIAN_POINT('Ctrl Pts',(-88.9953858770729,-15.4884415562696,256.348601628089));
#3823=CARTESIAN_POINT('Ctrl Pts',(-89.3144634211366,-15.7150347006562,256.053645567687));
#3824=CARTESIAN_POINT('Ctrl Pts',(-89.6403027743268,-15.9315934377238,255.758967164179));
#3825=CARTESIAN_POINT('Ctrl Pts',(-89.9724218851532,-16.1378954034386,255.464397815347));
#3826=CARTESIAN_POINT('Ctrl Pts',(-90.2974837068949,-16.3398136027174,255.17608785052));
#3827=CARTESIAN_POINT('Ctrl Pts',(-90.6285617209258,-16.5319059834495,254.887882354945));
#3828=CARTESIAN_POINT('Ctrl Pts',(-90.9652042809267,-16.7139157259599,254.599623247656));
#3829=CARTESIAN_POINT('Ctrl Pts',(-91.3119108123625,-16.9013666724865,254.302746598302));
#3830=CARTESIAN_POINT('Ctrl Pts',(-91.6645200935238,-17.0781232605317,254.005813083863));
#3831=CARTESIAN_POINT('Ctrl Pts',(-92.0225315661055,-17.2438538621232,253.708650017756));
#3832=CARTESIAN_POINT('Ctrl Pts',(-92.3789752077102,-17.4088586837023,253.412788310673));
#3833=CARTESIAN_POINT('Ctrl Pts',(-92.7407743503295,-17.5629337328762,253.11669905806));
#3834=CARTESIAN_POINT('Ctrl Pts',(-93.1074199827008,-17.7057024290961,252.820211832144));
#3835=CARTESIAN_POINT('Ctrl Pts',(-93.1834778124602,-17.7353187022311,252.75870782674));
#3836=CARTESIAN_POINT('Ctrl Pts',(-93.2597441307189,-17.7644482710939,252.69718669562));
#3837=CARTESIAN_POINT('Ctrl Pts',(-93.3362142800595,-17.7930875154704,252.63564691742));
#3838=CARTESIAN_POINT('Ctrl Pts',(-93.6076497649073,-17.8947442697731,252.417207700585));
#3839=CARTESIAN_POINT('Ctrl Pts',(-93.8812069671443,-17.9900569836479,252.198891828999));
#3840=CARTESIAN_POINT('Ctrl Pts',(-94.1566268787286,-18.0790083374785,251.980663448782));
#3841=CARTESIAN_POINT('Ctrl Pts',(-94.5326503747408,-18.2004512602143,251.68272203276));
#3842=CARTESIAN_POINT('Ctrl Pts',(-94.9121443268345,-18.3100380183677,251.384943698167));
#3843=CARTESIAN_POINT('Ctrl Pts',(-95.294489723682,-18.4077028063479,251.087237202942));
#3844=CARTESIAN_POINT('Ctrl Pts',(-95.6759660632219,-18.5051456057848,250.790207383851));
#3845=CARTESIAN_POINT('Ctrl Pts',(-96.0602812289081,-18.5907209912756,250.493249077922));
#3846=CARTESIAN_POINT('Ctrl Pts',(-96.4468620618531,-18.6643331482873,250.19627166385));
#3847=CARTESIAN_POINT('Ctrl Pts',(-96.8307992394224,-18.7374419043075,249.901325146993));
#3848=CARTESIAN_POINT('Ctrl Pts',(-97.2169715420748,-18.7987508971372,249.606359782443));
#3849=CARTESIAN_POINT('Ctrl Pts',(-97.6048535806044,-18.8481300891561,249.311286795367));
#3850=CARTESIAN_POINT('Ctrl Pts',(-97.9862692242878,-18.8966860789612,249.021132980239));
#3851=CARTESIAN_POINT('Ctrl Pts',(-98.3693384305157,-18.9337070414663,248.730875101032));
#3852=CARTESIAN_POINT('Ctrl Pts',(-98.7535914391192,-18.9590289676424,248.44042874921));
#3853=CARTESIAN_POINT('Ctrl Pts',(-98.9258438874584,-18.9703802483945,248.310227829264));
#3854=CARTESIAN_POINT('Ctrl Pts',(-99.0983345960774,-18.9793799880838,248.179989035026));
#3855=CARTESIAN_POINT('Ctrl Pts',(-99.2710229564261,-18.9860104411101,248.049704762697));
#3856=CARTESIAN_POINT('',(-110.759385758127,-15.6600005781552,238.877133831257));
#3857=CARTESIAN_POINT('Ctrl Pts',(-99.2710229564261,-18.9860104411101,248.049704762697));
#3858=CARTESIAN_POINT('Ctrl Pts',(-99.6556762476023,-19.0007793900619,247.759504114323));
#3859=CARTESIAN_POINT('Ctrl Pts',(-100.040246679259,-19.0037552991504,247.46973060837));
#3860=CARTESIAN_POINT('Ctrl Pts',(-100.424267582356,-18.9950873812194,247.180224810495));
#3861=CARTESIAN_POINT('Ctrl Pts',(-100.815507469018,-18.9862565201867,246.885276763045));
#3862=CARTESIAN_POINT('Ctrl Pts',(-101.206177360628,-18.9653396434397,246.59060658325));
#3863=CARTESIAN_POINT('Ctrl Pts',(-101.595757920857,-18.9324463858492,246.296045675347));
#3864=CARTESIAN_POINT('Ctrl Pts',(-101.977620952313,-18.9002047384461,246.007319972056));
#3865=CARTESIAN_POINT('Ctrl Pts',(-102.3584375892,-18.8564559794515,245.718699254221));
#3866=CARTESIAN_POINT('Ctrl Pts',(-102.737689989449,-18.8012642031935,245.430024748469));
#3867=CARTESIAN_POINT('Ctrl Pts',(-103.12771060498,-18.7445053520058,245.133153829927));
#3868=CARTESIAN_POINT('Ctrl Pts',(-103.516077388622,-18.6756442337162,244.836226025675));
#3869=CARTESIAN_POINT('Ctrl Pts',(-103.90219081901,-18.5947138632563,244.539068650424));
#3870=CARTESIAN_POINT('Ctrl Pts',(-104.286612373059,-18.5141381144386,244.243213362828));
#3871=CARTESIAN_POINT('Ctrl Pts',(-104.668800608804,-18.4215982233497,243.947130511699));
#3872=CARTESIAN_POINT('Ctrl Pts',(-105.0481223715,-18.3170962128427,243.650649671835));
#3873=CARTESIAN_POINT('Ctrl Pts',(-105.127206253258,-18.2953088400758,243.588837094785));
#3874=CARTESIAN_POINT('Ctrl Pts',(-105.206165383486,-18.2730014154316,243.527007218328));
#3875=CARTESIAN_POINT('Ctrl Pts',(-105.284993774754,-18.2501738155557,243.465158498012));
#3876=CARTESIAN_POINT('Ctrl Pts',(-105.563528736527,-18.1695139853026,243.246620092346));
#3877=CARTESIAN_POINT('Ctrl Pts',(-105.839973488521,-18.0824932080258,243.028205156429));
#3878=CARTESIAN_POINT('Ctrl Pts',(-106.114109662677,-17.9892525453626,242.809877799528));
#3879=CARTESIAN_POINT('Ctrl Pts',(-106.488204810284,-17.8620133016933,242.511941180772));
#3880=CARTESIAN_POINT('Ctrl Pts',(-106.858000340578,-17.7231931794873,242.214167653587));
#3881=CARTESIAN_POINT('Ctrl Pts',(-107.222960537113,-17.5731092551923,241.916466010687));
#3882=CARTESIAN_POINT('Ctrl Pts',(-107.587091345037,-17.4233664034276,241.619440908282));
#3883=CARTESIAN_POINT('Ctrl Pts',(-107.946409286892,-17.2624110278598,241.322487363814));
#3884=CARTESIAN_POINT('Ctrl Pts',(-108.300397506493,-17.0905087526804,241.025514790403));
#3885=CARTESIAN_POINT('Ctrl Pts',(-108.651964902905,-16.9197820675088,240.730573126643));
#3886=CARTESIAN_POINT('Ctrl Pts',(-108.998275737355,-16.7382578159691,240.435612693318));
#3887=CARTESIAN_POINT('Ctrl Pts',(-109.338831034773,-16.5461456418144,240.14054474936));
#3888=CARTESIAN_POINT('Ctrl Pts',(-109.673705430776,-16.357238146401,239.850398919116));
#3889=CARTESIAN_POINT('Ctrl Pts',(-110.003015188575,-16.1580930694162,239.560149135155));
#3890=CARTESIAN_POINT('Ctrl Pts',(-110.326285680059,-15.9488595727803,239.269711023686));
#3891=CARTESIAN_POINT('Ctrl Pts',(-110.47189223202,-15.8546172314517,239.138892736576));
#3892=CARTESIAN_POINT('Ctrl Pts',(-110.616273518314,-15.7583275090627,239.00803624242));
#3893=CARTESIAN_POINT('Ctrl Pts',(-110.759385758127,-15.6600005781552,238.877133831257));
#3894=CARTESIAN_POINT('',(-117.986244878072,-6.12331570197337,229.700213026093));
#3895=CARTESIAN_POINT('Ctrl Pts',(-110.759385758127,-15.6600005781552,238.877133831257));
#3896=CARTESIAN_POINT('Ctrl Pts',(-111.075525615493,-15.4427930076987,238.587965905104));
#3897=CARTESIAN_POINT('Ctrl Pts',(-111.384603021335,-15.2162453156412,238.299222311723));
#3898=CARTESIAN_POINT('Ctrl Pts',(-111.686336137855,-14.9807518376319,238.010745306406));
#3899=CARTESIAN_POINT('Ctrl Pts',(-111.994343751046,-14.7403613066873,237.716269463338));
#3900=CARTESIAN_POINT('Ctrl Pts',(-112.294698597307,-14.4906486136009,237.422071410933));
#3901=CARTESIAN_POINT('Ctrl Pts',(-112.587051734412,-14.2320101562383,237.127983357588));
#3902=CARTESIAN_POINT('Ctrl Pts',(-112.881479317552,-13.9715364816179,236.831808547786));
#3903=CARTESIAN_POINT('Ctrl Pts',(-113.167791296689,-13.7020093965538,236.53574530362));
#3904=CARTESIAN_POINT('Ctrl Pts',(-113.445580486392,-13.4238182097939,236.239622236292));
#3905=CARTESIAN_POINT('Ctrl Pts',(-113.724053670893,-13.1449420384062,235.942770031023));
#3906=CARTESIAN_POINT('Ctrl Pts',(-113.99396209356,-12.8573585052459,235.645857707626));
#3907=CARTESIAN_POINT('Ctrl Pts',(-114.254843923484,-12.5614522623494,235.348712608164));
#3908=CARTESIAN_POINT('Ctrl Pts',(-114.372707494248,-12.4277650430849,235.21446568699));
#3909=CARTESIAN_POINT('Ctrl Pts',(-114.488727913931,-12.2923789948837,235.080171253101));
#3910=CARTESIAN_POINT('Ctrl Pts',(-114.602859101634,-12.1553295380108,234.945813384635));
#3911=CARTESIAN_POINT('Ctrl Pts',(-114.78827480331,-11.9326811828874,234.727537740977));
#3912=CARTESIAN_POINT('Ctrl Pts',(-114.968705105839,-11.7056425046499,234.509094676144));
#3913=CARTESIAN_POINT('Ctrl Pts',(-115.143939994998,-11.4743664422391,234.290415921635));
#3914=CARTESIAN_POINT('Ctrl Pts',(-115.381969940027,-11.1602130867823,233.993374093009));
#3915=CARTESIAN_POINT('Ctrl Pts',(-115.609880832578,-10.8389471941827,233.696560396225));
#3916=CARTESIAN_POINT('Ctrl Pts',(-115.827443577885,-10.5111736872896,233.399884736462));
#3917=CARTESIAN_POINT('Ctrl Pts',(-116.046006338933,-10.1818935866748,233.1018454226));
#3918=CARTESIAN_POINT('Ctrl Pts',(-116.254126124748,-9.84604575928516,232.803945417635));
#3919=CARTESIAN_POINT('Ctrl Pts',(-116.451558775927,-9.50419251100794,232.506093378678));
#3920=CARTESIAN_POINT('Ctrl Pts',(-116.491960246952,-9.43423764780408,232.445142667386));
#3921=CARTESIAN_POINT('Ctrl Pts',(-116.531914137835,-9.36403114122587,232.384193964677));
#3922=CARTESIAN_POINT('Ctrl Pts',(-116.571418264562,-9.29357755681998,232.323246487827));
#3923=CARTESIAN_POINT('Ctrl Pts',(-116.763382321602,-8.95121950423386,232.027081861706));
#3924=CARTESIAN_POINT('Ctrl Pts',(-116.944727897367,-8.60303081055286,231.730946182035));
#3925=CARTESIAN_POINT('Ctrl Pts',(-117.115190791638,-8.24950749924899,231.434749635297));
#3926=CARTESIAN_POINT('Ctrl Pts',(-117.282889897978,-7.9017160128383,231.143355450059));
#3927=CARTESIAN_POINT('Ctrl Pts',(-117.4400567774,-7.54876123001097,230.851902355481));
#3928=CARTESIAN_POINT('Ctrl Pts',(-117.586413251857,-7.19107342181663,230.560304836153));
#3929=CARTESIAN_POINT('Ctrl Pts',(-117.730226663781,-6.839600729607,230.273774060399));
#3930=CARTESIAN_POINT('Ctrl Pts',(-117.863602476722,-6.48355782739645,229.987103835284));
#3931=CARTESIAN_POINT('Ctrl Pts',(-117.986244878072,-6.12331570197337,229.700213026093));
#3932=CARTESIAN_POINT('Ctrl Pts',(-117.986244878072,-6.12331570197339,229.700213026093));
#3933=CARTESIAN_POINT('Ctrl Pts',(-118.641908858197,-4.19740930122002,228.166453349623));
#3934=CARTESIAN_POINT('Ctrl Pts',(-118.984044355138,-2.17853377027349,226.644637992573));
#3935=CARTESIAN_POINT('Ctrl Pts',(-118.999818390787,-0.0959312375092897,
225.075071433331));
#3936=CARTESIAN_POINT('Ctrl Pts',(-119.,-0.0479623553023595,225.038919382697));
#3937=CARTESIAN_POINT('Ctrl Pts',(-119.,2.6485161720019E-14,225.002771176222));
#3938=CARTESIAN_POINT('',(-118.967164459934,-1.11654482660893,140.337916822977));
#3939=CARTESIAN_POINT('Ctrl Pts',(-119.,-1.30104260698261E-13,139.496714971937));
#3940=CARTESIAN_POINT('Ctrl Pts',(-119.,-0.372043623642566,139.77689052967));
#3941=CARTESIAN_POINT('Ctrl Pts',(-118.989072659852,-0.744382042838438,
140.057253004485));
#3942=CARTESIAN_POINT('Ctrl Pts',(-118.967164459934,-1.11654482660894,140.337916822977));
#3943=CARTESIAN_POINT('',(-114.561037010873,-12.2055807386613,149.488412394348));
#3944=CARTESIAN_POINT('Ctrl Pts',(-118.967164459934,-1.11654482660896,140.337916822977));
#3945=CARTESIAN_POINT('Ctrl Pts',(-118.945964160845,-1.47668223429344,140.60951191883));
#3946=CARTESIAN_POINT('Ctrl Pts',(-118.914475615874,-1.83570499367104,140.880985950984));
#3947=CARTESIAN_POINT('Ctrl Pts',(-118.872855345346,-2.193264441693,141.152392835271));
#3948=CARTESIAN_POINT('Ctrl Pts',(-118.83067643059,-2.55562319831096,141.42744265334));
#3949=CARTESIAN_POINT('Ctrl Pts',(-118.778091547286,-2.91647930353645,141.702423508873));
#3950=CARTESIAN_POINT('Ctrl Pts',(-118.715226723916,-3.27543070489954,141.977391518014));
#3951=CARTESIAN_POINT('Ctrl Pts',(-118.651497147326,-3.63931975442949,142.256141920205));
#3952=CARTESIAN_POINT('Ctrl Pts',(-118.577202424886,-4.00125156832647,142.53487912015));
#3953=CARTESIAN_POINT('Ctrl Pts',(-118.492442894867,-4.36076397098176,142.813661581754));
#3954=CARTESIAN_POINT('Ctrl Pts',(-118.478369502983,-4.420457068956,142.85995035697));
#3955=CARTESIAN_POINT('Ctrl Pts',(-118.464007547625,-4.48008336621333,142.906240380003));
#3956=CARTESIAN_POINT('Ctrl Pts',(-118.449357420221,-4.53964062671539,142.952531918474));
#3957=CARTESIAN_POINT('Ctrl Pts',(-118.360352986246,-4.90147094491155,143.233768529316));
#3958=CARTESIAN_POINT('Ctrl Pts',(-118.260713849484,-5.26075704674943,143.515061074483));
#3959=CARTESIAN_POINT('Ctrl Pts',(-118.150533007495,-5.61701130155128,143.796469564756));
#3960=CARTESIAN_POINT('Ctrl Pts',(-118.0402945001,-5.97345200933544,144.078025335942));
#3961=CARTESIAN_POINT('Ctrl Pts',(-117.919502750655,-6.3268578406651,144.359697173631));
#3962=CARTESIAN_POINT('Ctrl Pts',(-117.788235061273,-6.67669088237262,144.641545182874));
#3963=CARTESIAN_POINT('Ctrl Pts',(-117.745813621403,-6.78974552219315,144.732629275484));
#3964=CARTESIAN_POINT('Ctrl Pts',(-117.702298011923,-6.90242663487418,144.823731766955));
#3965=CARTESIAN_POINT('Ctrl Pts',(-117.657690621524,-7.01471492022641,144.914854685873));
#3966=CARTESIAN_POINT('Ctrl Pts',(-117.550896838236,-7.28354236572827,145.133010492977));
#3967=CARTESIAN_POINT('Ctrl Pts',(-117.437997376234,-7.54969703768339,145.350942711025));
#3968=CARTESIAN_POINT('Ctrl Pts',(-117.319158827052,-7.81297569713474,145.568709979591));
#3969=CARTESIAN_POINT('Ctrl Pts',(-117.140671944631,-8.20840115004531,145.895780623984));
#3970=CARTESIAN_POINT('Ctrl Pts',(-116.94879046302,-8.59733948305753,146.222479177622));
#3971=CARTESIAN_POINT('Ctrl Pts',(-116.743963708643,-8.97915598721526,146.549004312978));
#3972=CARTESIAN_POINT('Ctrl Pts',(-116.546035978505,-9.34811205561082,146.864531349817));
#3973=CARTESIAN_POINT('Ctrl Pts',(-116.336019850898,-9.7104185277003,147.179896453864));
#3974=CARTESIAN_POINT('Ctrl Pts',(-116.114268570746,-10.065492384395,147.495278890978));
#3975=CARTESIAN_POINT('Ctrl Pts',(-115.893455472559,-10.4190639999831,147.809327012843));
#3976=CARTESIAN_POINT('Ctrl Pts',(-115.661006115069,-10.7654646358398,148.123392321419));
#3977=CARTESIAN_POINT('Ctrl Pts',(-115.417221274977,-11.1040999332453,148.437651816871));
#3978=CARTESIAN_POINT('Ctrl Pts',(-115.176578916329,-11.4383700899063,148.747860385149));
#3979=CARTESIAN_POINT('Ctrl Pts',(-114.924891194707,-11.7650743160904,149.058258166281));
#3980=CARTESIAN_POINT('Ctrl Pts',(-114.662403812263,-12.0836148141381,149.369015403479));
#3981=CARTESIAN_POINT('Ctrl Pts',(-114.628791864139,-12.1244044574206,149.408808387198));
#3982=CARTESIAN_POINT('Ctrl Pts',(-114.595002774888,-12.1650601966638,149.448607265002));
#3983=CARTESIAN_POINT('Ctrl Pts',(-114.561037010873,-12.2055807386613,149.488412394348));
#3984=CARTESIAN_POINT('',(-103.985062267996,-18.5773862187391,158.968896802066));
#3985=CARTESIAN_POINT('Ctrl Pts',(-114.561037010873,-12.2055807386613,149.488412394348));
#3986=CARTESIAN_POINT('Ctrl Pts',(-114.331237838196,-12.4797269943839,149.757692050605));
#3987=CARTESIAN_POINT('Ctrl Pts',(-114.093983624423,-12.7469221039395,150.026852678496));
#3988=CARTESIAN_POINT('Ctrl Pts',(-113.849598700213,-13.0070050905867,150.295945298705));
#3989=CARTESIAN_POINT('Ctrl Pts',(-113.59915446384,-13.2735366092357,150.571709836964));
#3990=CARTESIAN_POINT('Ctrl Pts',(-113.341221086133,-13.5325989435891,150.847402953349));
#3991=CARTESIAN_POINT('Ctrl Pts',(-113.076141539687,-13.7839640617581,151.123079558459));
#3992=CARTESIAN_POINT('Ctrl Pts',(-112.808489665827,-14.0377684227609,151.401431324658));
#3993=CARTESIAN_POINT('Ctrl Pts',(-112.533551769214,-14.2837253190676,151.679766257576));
#3994=CARTESIAN_POINT('Ctrl Pts',(-112.251681947003,-14.5215461758609,151.958140881927));
#3995=CARTESIAN_POINT('Ctrl Pts',(-111.967539790057,-14.761284260222,152.238759663965));
#3996=CARTESIAN_POINT('Ctrl Pts',(-111.676352989508,-14.9927544594377,152.519418779972));
#3997=CARTESIAN_POINT('Ctrl Pts',(-111.378492835554,-15.2156088105155,152.800176132758));
#3998=CARTESIAN_POINT('Ctrl Pts',(-111.112384756413,-15.4147067512979,153.051004579808));
#3999=CARTESIAN_POINT('Ctrl Pts',(-110.840950140698,-15.606927051794,153.301911435769));
#4000=CARTESIAN_POINT('Ctrl Pts',(-110.564464335686,-15.7919880409116,153.552937989852));
#4001=CARTESIAN_POINT('Ctrl Pts',(-110.315784763944,-15.958437408965,153.778718752674));
#4002=CARTESIAN_POINT('Ctrl Pts',(-110.06301892548,-16.119094615814,154.004596348161));
#4003=CARTESIAN_POINT('Ctrl Pts',(-109.806359114917,-16.2737566115198,154.230600818974));
#4004=CARTESIAN_POINT('Ctrl Pts',(-109.458615788136,-16.4833051060639,154.536809829164));
#4005=CARTESIAN_POINT('Ctrl Pts',(-109.104339007804,-16.6815544667204,154.842757406488));
#4006=CARTESIAN_POINT('Ctrl Pts',(-108.744110481157,-16.8682680218716,155.148612960497));
#4007=CARTESIAN_POINT('Ctrl Pts',(-108.383094036022,-17.0553899707265,155.455137504406));
#4008=CARTESIAN_POINT('Ctrl Pts',(-108.016099157358,-17.2309258053161,155.761569621999));
#4009=CARTESIAN_POINT('Ctrl Pts',(-107.643693177048,-17.3945885074096,156.068079836898));
#4010=CARTESIAN_POINT('Ctrl Pts',(-107.564989245525,-17.4291768297766,156.132857418999));
#4011=CARTESIAN_POINT('Ctrl Pts',(-107.486043586113,-17.4632346685205,156.197638489253));
#4012=CARTESIAN_POINT('Ctrl Pts',(-107.406861491196,-17.4967590223822,156.262424657283));
#4013=CARTESIAN_POINT('Ctrl Pts',(-107.268998079616,-17.5551280488553,156.375223417624));
#4014=CARTESIAN_POINT('Ctrl Pts',(-107.130417941298,-17.6118799206052,156.488037631391));
#4015=CARTESIAN_POINT('Ctrl Pts',(-106.991146044493,-17.6669969042096,156.600875794106));
#4016=CARTESIAN_POINT('Ctrl Pts',(-106.60355886672,-17.8203848928325,156.914899125695));
#4017=CARTESIAN_POINT('Ctrl Pts',(-106.21114002658,-17.9609069049516,157.228685723861));
#4018=CARTESIAN_POINT('Ctrl Pts',(-105.814574577657,-18.088383160052,157.542399173092));
#4019=CARTESIAN_POINT('Ctrl Pts',(-105.421022756852,-18.2148906821781,157.85372861314));
#4020=CARTESIAN_POINT('Ctrl Pts',(-105.023386841766,-18.3285504541149,158.164986011795));
#4021=CARTESIAN_POINT('Ctrl Pts',(-104.622291990297,-18.4291616034526,158.476331252423));
#4022=CARTESIAN_POINT('Ctrl Pts',(-104.410815363976,-18.4822086728785,158.64048753832));
#4023=CARTESIAN_POINT('Ctrl Pts',(-104.198376464632,-18.5316278786672,158.804668243485));
#4024=CARTESIAN_POINT('Ctrl Pts',(-103.985062267996,-18.577386218739,158.968896802066));
#4025=CARTESIAN_POINT('',(-92.040114019783,-17.2522524669083,168.187619959892));
#4026=CARTESIAN_POINT('Ctrl Pts',(-103.985062267996,-18.577386218739,158.968896802066));
#4027=CARTESIAN_POINT('Ctrl Pts',(-103.632591949169,-18.6529951419539,159.240281490815));
#4028=CARTESIAN_POINT('Ctrl Pts',(-103.278457553189,-18.7184051394027,159.511545271453));
#4029=CARTESIAN_POINT('Ctrl Pts',(-102.923035086444,-18.7736751124453,159.782741612342));
#4030=CARTESIAN_POINT('Ctrl Pts',(-102.56281754578,-18.8296907434892,160.057596716034));
#4031=CARTESIAN_POINT('Ctrl Pts',(-102.201276632198,-18.8752905388478,160.332382548015));
#4032=CARTESIAN_POINT('Ctrl Pts',(-101.838831738188,-18.9104898207071,160.60715477003));
#4033=CARTESIAN_POINT('Ctrl Pts',(-101.471333907764,-18.9461798247038,160.885757661449));
#4034=CARTESIAN_POINT('Ctrl Pts',(-101.102906376955,-18.9711769345778,161.164346560775));
#4035=CARTESIAN_POINT('Ctrl Pts',(-100.734019848871,-18.9854557170294,161.442979490343));
#4036=CARTESIAN_POINT('Ctrl Pts',(-100.663396472652,-18.9881893918813,161.496323802791));
#4037=CARTESIAN_POINT('Ctrl Pts',(-100.59275637886,-18.9905300953763,161.549669729086));
#4038=CARTESIAN_POINT('Ctrl Pts',(-100.522103024216,-18.9924774964815,161.603017676386));
#4039=CARTESIAN_POINT('Ctrl Pts',(-100.149762006,-19.0027402407496,161.884159727141));
#4040=CARTESIAN_POINT('Ctrl Pts',(-99.7770493883264,-19.0020825482851,162.165357906402));
#4041=CARTESIAN_POINT('Ctrl Pts',(-99.4044595063646,-18.9904646552313,162.446671805969));
#4042=CARTESIAN_POINT('Ctrl Pts',(-99.031677204202,-18.9788407622364,162.728130987198));
#4043=CARTESIAN_POINT('Ctrl Pts',(-98.6590174939617,-18.9562449012927,163.00970600829));
#4044=CARTESIAN_POINT('Ctrl Pts',(-98.2870190817311,-18.9226089381975,163.29145655342));
#4045=CARTESIAN_POINT('Ctrl Pts',(-98.1600584108936,-18.911129199848,163.387616206371));
#4046=CARTESIAN_POINT('Ctrl Pts',(-98.0331751613061,-18.8983632834186,163.483796304593));
#4047=CARTESIAN_POINT('Ctrl Pts',(-97.9063919993551,-18.8843078677622,163.579999220788));
#4048=CARTESIAN_POINT('Ctrl Pts',(-97.616741251271,-18.8521966504928,163.799785872383));
#4049=CARTESIAN_POINT('Ctrl Pts',(-97.3280687794986,-18.8133905774386,164.019343741087));
#4050=CARTESIAN_POINT('Ctrl Pts',(-97.0406203335978,-18.7679996021163,164.238732846605));
#4051=CARTESIAN_POINT('Ctrl Pts',(-96.6088862161202,-18.6998244807973,164.568245018983));
#4052=CARTESIAN_POINT('Ctrl Pts',(-96.1799135425854,-18.6167975590956,164.897376484659));
#4053=CARTESIAN_POINT('Ctrl Pts',(-95.754449853231,-18.5191915886851,165.226330602483));
#4054=CARTESIAN_POINT('Ctrl Pts',(-95.3463012504883,-18.4255578863524,165.541897281652));
#4055=CARTESIAN_POINT('Ctrl Pts',(-94.9413811553018,-18.3185072443427,165.857300754281));
#4056=CARTESIAN_POINT('Ctrl Pts',(-94.5403453056756,-18.1982272186807,166.172720547678));
#4057=CARTESIAN_POINT('Ctrl Pts',(-94.14102262734,-18.0784610131346,166.486792910079));
#4058=CARTESIAN_POINT('Ctrl Pts',(-93.7455504822088,-17.9455781759692,166.800881454105));
#4059=CARTESIAN_POINT('Ctrl Pts',(-93.3545812954381,-17.7997126085343,167.115163416129));
#4060=CARTESIAN_POINT('Ctrl Pts',(-92.9687146118709,-17.6557507193183,167.425343712926));
#4061=CARTESIAN_POINT('Ctrl Pts',(-92.5872335724124,-17.4991426701702,167.735712412103));
#4062=CARTESIAN_POINT('Ctrl Pts',(-92.2107787723186,-17.3299681969364,168.046439900915));
#4063=CARTESIAN_POINT('Ctrl Pts',(-92.1537744849962,-17.304351123446,168.093491496609));
#4064=CARTESIAN_POINT('Ctrl Pts',(-92.0968854796599,-17.2784458204091,168.140551319072));
#4065=CARTESIAN_POINT('Ctrl Pts',(-92.040114019783,-17.2522524669083,168.187619959892));
#4066=CARTESIAN_POINT('',(-83.2836820016262,-9.0313184296228,177.400426440451));
#4067=CARTESIAN_POINT('Ctrl Pts',(-92.040114019783,-17.2522524669083,168.187619959892));
#4068=CARTESIAN_POINT('Ctrl Pts',(-91.7142586882628,-17.101908545735,168.457783776521));
#4069=CARTESIAN_POINT('Ctrl Pts',(-91.3931673102621,-16.9424850674406,168.727827772623));
#4070=CARTESIAN_POINT('Ctrl Pts',(-91.0770889623473,-16.7742536076902,168.997804725784));
#4071=CARTESIAN_POINT('Ctrl Pts',(-90.7534378160229,-16.6019915557172,169.274249951938));
#4072=CARTESIAN_POINT('Ctrl Pts',(-90.4350426788281,-16.4204939739065,169.550624884155));
#4073=CARTESIAN_POINT('Ctrl Pts',(-90.1222219571946,-16.2300320679674,169.826986185065));
#4074=CARTESIAN_POINT('Ctrl Pts',(-89.8064668840256,-16.0377835726259,170.105939837285));
#4075=CARTESIAN_POINT('Ctrl Pts',(-89.4963912917565,-15.8364012798699,170.384879601266));
#4076=CARTESIAN_POINT('Ctrl Pts',(-89.1923746600152,-15.6261508974747,170.663863749179));
#4077=CARTESIAN_POINT('Ctrl Pts',(-88.8861144942605,-15.4143489424516,170.944906700328));
#4078=CARTESIAN_POINT('Ctrl Pts',(-88.5860030402695,-15.193547007078,171.2259946929));
#4079=CARTESIAN_POINT('Ctrl Pts',(-88.2924808375373,-14.9640111933884,171.507187298693));
#4080=CARTESIAN_POINT('Ctrl Pts',(-88.0733173763811,-14.7926242832355,171.71714465171));
#4081=CARTESIAN_POINT('Ctrl Pts',(-87.85782858983,-14.6163679726402,171.927160327874));
#4082=CARTESIAN_POINT('Ctrl Pts',(-87.6462167946994,-14.4353536541915,172.137259125508));
#4083=CARTESIAN_POINT('Ctrl Pts',(-87.425236716629,-14.2463256361739,172.356659224047));
#4084=CARTESIAN_POINT('Ctrl Pts',(-87.2084843944477,-14.0521088569025,172.576149966722));
#4085=CARTESIAN_POINT('Ctrl Pts',(-86.9961852075168,-13.8528230779416,172.79575959336));
#4086=CARTESIAN_POINT('Ctrl Pts',(-86.6942862054674,-13.5694297279214,173.108054369807));
#4087=CARTESIAN_POINT('Ctrl Pts',(-86.4020869820375,-13.2763977956574,173.419887565601));
#4088=CARTESIAN_POINT('Ctrl Pts',(-86.1199399793731,-12.9743686606111,173.731431347616));
#4089=CARTESIAN_POINT('Ctrl Pts',(-85.8345837099101,-12.6689041104579,174.046518768607));
#4090=CARTESIAN_POINT('Ctrl Pts',(-85.5595091101504,-12.3542362041698,174.36131015453));
#4091=CARTESIAN_POINT('Ctrl Pts',(-85.2951030448586,-12.030980466397,174.675983614245));
#4092=CARTESIAN_POINT('Ctrl Pts',(-85.2687401480309,-11.9987498984087,174.707358476784));
#4093=CARTESIAN_POINT('Ctrl Pts',(-85.2424833323298,-11.9664339195408,174.738732166982));
#4094=CARTESIAN_POINT('Ctrl Pts',(-85.2163329963556,-11.9340331160123,174.770104861383));
#4095=CARTESIAN_POINT('Ctrl Pts',(-84.9535893197112,-11.6084883026046,175.085319820042));
#4096=CARTESIAN_POINT('Ctrl Pts',(-84.7015921054469,-11.274383640916,175.4004342521));
#4097=CARTESIAN_POINT('Ctrl Pts',(-84.4607690023338,-10.9322271021903,175.715627224605));
#4098=CARTESIAN_POINT('Ctrl Pts',(-84.2228203733349,-10.5941545574869,176.027058041283));
#4099=CARTESIAN_POINT('Ctrl Pts',(-83.9957803052872,-10.248220802995,176.338565534674));
#4100=CARTESIAN_POINT('Ctrl Pts',(-83.7800974627605,-9.89488073867538,176.650322436));
#4101=CARTESIAN_POINT('Ctrl Pts',(-83.6072472485995,-9.61171076060096,176.900167284711));
#4102=CARTESIAN_POINT('Ctrl Pts',(-83.4416918803773,-9.32378330069022,177.15017231734));
#4103=CARTESIAN_POINT('Ctrl Pts',(-83.2836820016262,-9.03131842962279,177.400426440451));
#4104=CARTESIAN_POINT('',(-81.2061260890563,2.79111150252894,186.607516198486));
#4105=CARTESIAN_POINT('Ctrl Pts',(-83.2836820016262,-9.03131842962282,177.400426440451));
#4106=CARTESIAN_POINT('Ctrl Pts',(-83.1130892512792,-8.71556357220751,177.67060961697));
#4107=CARTESIAN_POINT('Ctrl Pts',(-82.9517548754792,-8.39539940034035,177.940672957996));
#4108=CARTESIAN_POINT('Ctrl Pts',(-82.7997154932242,-8.07119276546788,178.210669279124));
#4109=CARTESIAN_POINT('Ctrl Pts',(-82.6440362040598,-7.73922444442689,178.487129461523));
#4110=CARTESIAN_POINT('Ctrl Pts',(-82.4981024661995,-7.40301736945645,178.763519376625));
#4111=CARTESIAN_POINT('Ctrl Pts',(-82.3620066064431,-7.06297966014469,179.039895724866));
#4112=CARTESIAN_POINT('Ctrl Pts',(-82.2246352590625,-6.7197551243507,179.31886226661));
#4113=CARTESIAN_POINT('Ctrl Pts',(-82.0972873558953,-6.37262740675793,179.597814986006));
#4114=CARTESIAN_POINT('Ctrl Pts',(-81.9801073921519,-6.02203684524035,179.876812192662));
#4115=CARTESIAN_POINT('Ctrl Pts',(-81.8620646783458,-5.66886502307668,180.157863546203));
#4116=CARTESIAN_POINT('Ctrl Pts',(-81.7543404889567,-5.3121787582898,180.438960044502));
#4117=CARTESIAN_POINT('Ctrl Pts',(-81.6571279367703,-4.95245530159836,180.720161294605));
#4118=CARTESIAN_POINT('Ctrl Pts',(-81.5848465726051,-4.68498673311503,180.929245507552));
#4119=CARTESIAN_POINT('Ctrl Pts',(-81.5183775395331,-4.41583957997729,181.138387632625));
#4120=CARTESIAN_POINT('Ctrl Pts',(-81.4578147864632,-4.14522170253849,181.347612172278));
#4121=CARTESIAN_POINT('Ctrl Pts',(-81.3943460287977,-3.86161866911418,181.566876009074));
#4122=CARTESIAN_POINT('Ctrl Pts',(-81.3373639453987,-3.57640019641136,181.786230359258));
#4123=CARTESIAN_POINT('Ctrl Pts',(-81.2869768460475,-3.28979681249287,182.00570342437));
#4124=CARTESIAN_POINT('Ctrl Pts',(-81.2152798303925,-2.88198196368929,182.317996927821));
#4125=CARTESIAN_POINT('Ctrl Pts',(-81.157124569007,-2.47226888540693,182.629829165393));
#4126=CARTESIAN_POINT('Ctrl Pts',(-81.1124086607099,-2.06138208508151,182.941372288633));
#4127=CARTESIAN_POINT('Ctrl Pts',(-81.0671845005673,-1.64582504585219,183.256456486478));
#4128=CARTESIAN_POINT('Ctrl Pts',(-81.035706704554,-1.22906688389489,183.571244960351));
#4129=CARTESIAN_POINT('Ctrl Pts',(-81.0179159433244,-0.811832063279297,
183.88591579892));
#4130=CARTESIAN_POINT('Ctrl Pts',(-81.0161649477458,-0.770767135438432,
183.916886213279));
#4131=CARTESIAN_POINT('Ctrl Pts',(-81.014546574493,-0.729697574589413,183.947855488127));
#4132=CARTESIAN_POINT('Ctrl Pts',(-81.0130607924092,-0.688624061792836,
183.978823793251));
#4133=CARTESIAN_POINT('Ctrl Pts',(-80.9979376546048,-0.270554412860024,
184.294036872675));
#4134=CARTESIAN_POINT('Ctrl Pts',(-80.9965472284799,0.147923705428216,184.609149485579));
#4135=CARTESIAN_POINT('Ctrl Pts',(-81.0089272360498,0.566147401718373,184.924340679443));
#4136=CARTESIAN_POINT('Ctrl Pts',(-81.021159689559,0.97938639955266,185.235775192203));
#4137=CARTESIAN_POINT('Ctrl Pts',(-81.0468362065212,1.39237756029647,185.547286423916));
#4138=CARTESIAN_POINT('Ctrl Pts',(-81.086043155236,1.80448780884742,185.859047096004));
#4139=CARTESIAN_POINT('Ctrl Pts',(-81.1173951597793,2.13403353501186,186.108347853347));
#4140=CARTESIAN_POINT('Ctrl Pts',(-81.1574000732923,2.46301619153122,186.357808114584));
#4141=CARTESIAN_POINT('Ctrl Pts',(-81.2061260890563,2.79111150252893,186.607516198486));
#4142=CARTESIAN_POINT('',(-86.6245778482879,13.4943722441427,195.809087919727));
#4143=CARTESIAN_POINT('Ctrl Pts',(-81.2061260890563,2.79111150252896,186.607516198486));
#4144=CARTESIAN_POINT('Ctrl Pts',(-81.2588508844434,3.14613248810684,186.87771742037));
#4145=CARTESIAN_POINT('Ctrl Pts',(-81.3216307424535,3.49913328054459,187.147798792979));
#4146=CARTESIAN_POINT('Ctrl Pts',(-81.3942751050467,3.84979813309683,187.417813168228));
#4147=CARTESIAN_POINT('Ctrl Pts',(-81.4686573724095,4.20885210351085,187.694287222574));
#4148=CARTESIAN_POINT('Ctrl Pts',(-81.5533821666616,4.56545725754955,187.970691035598));
#4149=CARTESIAN_POINT('Ctrl Pts',(-81.6482787962786,4.91923143499079,188.247081343887));
#4150=CARTESIAN_POINT('Ctrl Pts',(-81.744064206307,5.27631898151846,188.526060261412));
#4151=CARTESIAN_POINT('Ctrl Pts',(-81.8502133648589,5.6305224221149,188.805025420053));
#4152=CARTESIAN_POINT('Ctrl Pts',(-81.966578030722,5.98140254464923,189.084035165522));
#4153=CARTESIAN_POINT('Ctrl Pts',(-82.0837979616846,6.33486159026741,189.365095596188));
#4154=CARTESIAN_POINT('Ctrl Pts',(-82.2113846158586,6.68494843752076,189.646201271505));
#4155=CARTESIAN_POINT('Ctrl Pts',(-82.3492065483825,7.03116520313271,189.927411833163));
#4156=CARTESIAN_POINT('Ctrl Pts',(-82.451266288333,7.28754524669867,190.135653556876));
#4157=CARTESIAN_POINT('Ctrl Pts',(-82.5589391811594,7.54180205703586,190.34395279692));
#4158=CARTESIAN_POINT('Ctrl Pts',(-82.6721764478005,7.79371562683713,190.552333772414));
#4159=CARTESIAN_POINT('Ctrl Pts',(-82.7912561473336,8.05862657965384,190.771466083589));
#4160=CARTESIAN_POINT('Ctrl Pts',(-82.9164893183609,8.32094642352266,190.99068878201));
#4161=CARTESIAN_POINT('Ctrl Pts',(-83.047824597644,8.58042617770845,191.210030032265));
#4162=CARTESIAN_POINT('Ctrl Pts',(-83.2348175613033,8.94986909136917,191.522324418524));
#4163=CARTESIAN_POINT('Ctrl Pts',(-83.4337889338172,9.31271681138819,191.834157836497));
#4164=CARTESIAN_POINT('Ctrl Pts',(-83.6442227353507,9.66845065606377,192.145702426418));
#4165=CARTESIAN_POINT('Ctrl Pts',(-83.8570456949926,10.0282233214672,192.460784134795));
#4166=CARTESIAN_POINT('Ctrl Pts',(-84.0815929904769,10.380720254985,192.775570419476));
#4167=CARTESIAN_POINT('Ctrl Pts',(-84.317383168146,10.7253969844948,193.090239350691));
#4168=CARTESIAN_POINT('Ctrl Pts',(-84.3402955847425,10.7588902236777,193.120816644933));
#4169=CARTESIAN_POINT('Ctrl Pts',(-84.3633142023334,10.7923096097211,193.151392831056));
#4170=CARTESIAN_POINT('Ctrl Pts',(-84.3864386042562,10.8256546358039,193.181968072451));
#4171=CARTESIAN_POINT('Ctrl Pts',(-84.6248356449682,11.1694194417929,193.497178260025));
#4172=CARTESIAN_POINT('Ctrl Pts',(-84.8744717636495,11.5052828331172,193.812288039769));
#4173=CARTESIAN_POINT('Ctrl Pts',(-85.1349799578318,11.8326914798326,194.127476438435));
#4174=CARTESIAN_POINT('Ctrl Pts',(-85.3923867509404,12.1562022624841,194.438912457484));
#4175=CARTESIAN_POINT('Ctrl Pts',(-85.6604085663492,12.4714589026536,194.75042523465));
#4176=CARTESIAN_POINT('Ctrl Pts',(-85.9387351889364,12.777902747709,195.062187478461));
#4177=CARTESIAN_POINT('Ctrl Pts',(-86.1608330837337,13.022437504132,195.310966188108));
#4178=CARTESIAN_POINT('Ctrl Pts',(-86.3894935928029,13.2613602076104,195.559903749457));
#4179=CARTESIAN_POINT('Ctrl Pts',(-86.6245778482879,13.4943722441427,195.809087919727));
#4180=CARTESIAN_POINT('',(-97.3684024802226,18.8168726013092,205.005339070084));
#4181=CARTESIAN_POINT('Ctrl Pts',(-86.6245778482879,13.4943722441427,195.809087919727));
#4182=CARTESIAN_POINT('Ctrl Pts',(-86.8795055950675,13.7470528557096,196.079306179492));
#4183=CARTESIAN_POINT('Ctrl Pts',(-87.1412747707651,13.9920910980716,196.349404577101));
#4184=CARTESIAN_POINT('Ctrl Pts',(-87.409543581589,14.2293482327418,196.619435999286));
#4185=CARTESIAN_POINT('Ctrl Pts',(-87.6842259325897,14.4722775070871,196.895923100645));
#4186=CARTESIAN_POINT('Ctrl Pts',(-87.9657228580517,14.707049127103,197.172339985917));
#4187=CARTESIAN_POINT('Ctrl Pts',(-88.2536686984192,14.9334592811405,197.448743426351));
#4188=CARTESIAN_POINT('Ctrl Pts',(-88.5443099510106,15.1619888222683,197.727734232559));
#4189=CARTESIAN_POINT('Ctrl Pts',(-88.8415218960928,15.3819994509279,198.006711341041));
#4190=CARTESIAN_POINT('Ctrl Pts',(-89.1449226766137,15.5932282289146,198.285733132294));
#4191=CARTESIAN_POINT('Ctrl Pts',(-89.4505503381491,15.806007369938,198.566802869265));
#4192=CARTESIAN_POINT('Ctrl Pts',(-89.7624585072661,16.0098750965892,198.847917947334));
#4193=CARTESIAN_POINT('Ctrl Pts',(-90.0802436387921,16.2045114398832,199.129138041947));
#4194=CARTESIAN_POINT('Ctrl Pts',(-90.3146437845411,16.3480763292066,199.33656760559));
#4195=CARTESIAN_POINT('Ctrl Pts',(-90.5522411217434,16.4866176962603,199.544054304773));
#4196=CARTESIAN_POINT('Ctrl Pts',(-90.7928668029951,16.6199903345619,199.751622087458));
#4197=CARTESIAN_POINT('Ctrl Pts',(-91.046751799816,16.7607122711195,199.970627580027));
#4198=CARTESIAN_POINT('Ctrl Pts',(-91.3040082655389,16.895680235436,200.189723338269));
#4199=CARTESIAN_POINT('Ctrl Pts',(-91.5644462717001,17.0247259209208,200.408937491151));
#4200=CARTESIAN_POINT('Ctrl Pts',(-91.9354709509114,17.2085667311248,200.721233925723));
#4201=CARTESIAN_POINT('Ctrl Pts',(-92.3121376392417,17.3799518509211,201.033069675422));
#4202=CARTESIAN_POINT('Ctrl Pts',(-92.6937225750597,17.5387748082268,201.344616871544));
#4203=CARTESIAN_POINT('Ctrl Pts',(-93.0796341200476,17.6993985831198,201.659696552388));
#4204=CARTESIAN_POINT('Ctrl Pts',(-93.4705765545926,17.8471740929823,201.974481099015));
#4205=CARTESIAN_POINT('Ctrl Pts',(-93.8658383297361,17.9819535117229,202.289148564507));
#4206=CARTESIAN_POINT('Ctrl Pts',(-93.9037691380354,17.9948874522566,202.319345239374));
#4207=CARTESIAN_POINT('Ctrl Pts',(-93.9417397479652,18.0077016802252,202.349540836036));
#4208=CARTESIAN_POINT('Ctrl Pts',(-93.979749545864,18.0203960449437,202.379735511845));
#4209=CARTESIAN_POINT('Ctrl Pts',(-94.3765395426312,18.1529144274156,202.694942273752));
#4210=CARTESIAN_POINT('Ctrl Pts',(-94.7775979809715,18.2723743415713,203.010048684834));
#4211=CARTESIAN_POINT('Ctrl Pts',(-95.1822995290477,18.3785524208481,203.325233750764));
#4212=CARTESIAN_POINT('Ctrl Pts',(-95.5821874783252,18.483467597432,203.636669944317));
#4213=CARTESIAN_POINT('Ctrl Pts',(-95.9856329020403,18.5754152413294,203.948182932773));
#4214=CARTESIAN_POINT('Ctrl Pts',(-96.392052717083,18.6541336959528,204.259945410093));
#4215=CARTESIAN_POINT('Ctrl Pts',(-96.715711922583,18.7168224516153,204.508222664251));
#4216=CARTESIAN_POINT('Ctrl Pts',(-97.0412579610253,18.7711204339024,204.756658144226));
#4217=CARTESIAN_POINT('Ctrl Pts',(-97.3684024802226,18.8168726013092,205.005339070084));
#4218=CARTESIAN_POINT('',(-109.154236198351,16.649323098096,214.196465943999));
#4219=CARTESIAN_POINT('Ctrl Pts',(-97.3684024802226,18.8168726013092,205.005339070084));
#4220=CARTESIAN_POINT('Ctrl Pts',(-97.7239011268674,18.8665901806656,205.275573967841));
#4221=CARTESIAN_POINT('Ctrl Pts',(-98.080303025466,18.9060891814883,205.545688990915));
#4222=CARTESIAN_POINT('Ctrl Pts',(-98.4372512405779,18.9354631021457,205.81573705971));
#4223=CARTESIAN_POINT('Ctrl Pts',(-98.8027274072651,18.9655388035162,206.09223692391));
#4224=CARTESIAN_POINT('Ctrl Pts',(-99.1687766357069,18.9849995330711,206.368666596366));
#4225=CARTESIAN_POINT('Ctrl Pts',(-99.5349839242075,18.9939009561298,206.645082881834));
#4226=CARTESIAN_POINT('Ctrl Pts',(-99.9046172361213,19.0028856557502,206.924085158066));
#4227=CARTESIAN_POINT('Ctrl Pts',(-100.274411858621,19.0011121261746,207.203073795657));
#4228=CARTESIAN_POINT('Ctrl Pts',(-100.643904419813,18.9885983758312,207.482107208621));
#4229=CARTESIAN_POINT('Ctrl Pts',(-101.01610487596,18.975992916141,207.763185569848));
#4230=CARTESIAN_POINT('Ctrl Pts',(-101.387999113205,18.9524887997657,208.044309365142));
#4231=CARTESIAN_POINT('Ctrl Pts',(-101.759072255884,18.9180713450008,208.325538302247));
#4232=CARTESIAN_POINT('Ctrl Pts',(-102.031737114162,18.892781370205,208.532185562476));
#4233=CARTESIAN_POINT('Ctrl Pts',(-102.303957797244,18.861598216923,208.738889592163));
#4234=CARTESIAN_POINT('Ctrl Pts',(-102.575514645533,18.824506856217,208.945674079919));
#4235=CARTESIAN_POINT('Ctrl Pts',(-102.86296016011,18.7852452970566,209.16455743294));
#4236=CARTESIAN_POINT('Ctrl Pts',(-103.149662090189,18.7393638900089,209.383530934597));
#4237=CARTESIAN_POINT('Ctrl Pts',(-103.435367982683,18.6868415794886,209.602622679559));
#4238=CARTESIAN_POINT('Ctrl Pts',(-103.842618727869,18.6119752548514,209.914920321098));
#4239=CARTESIAN_POINT('Ctrl Pts',(-104.24693211838,18.5237543262012,210.226757552981));
#4240=CARTESIAN_POINT('Ctrl Pts',(-104.647664677491,18.4225266335896,210.538306496626));
#4241=CARTESIAN_POINT('Ctrl Pts',(-105.052935874598,18.3201524510273,210.853383997761));
#4242=CARTESIAN_POINT('Ctrl Pts',(-105.454545282902,18.2044752324857,211.168166643456));
#4243=CARTESIAN_POINT('Ctrl Pts',(-105.851834444704,18.0758023607217,211.48283246988));
#4244=CARTESIAN_POINT('Ctrl Pts',(-105.88949842783,18.0636038581276,211.512663558961));
#4245=CARTESIAN_POINT('Ctrl Pts',(-105.927123583854,18.0512885184354,211.542493598129));
#4246=CARTESIAN_POINT('Ctrl Pts',(-105.964709351869,18.038856579342,211.572322739076));
#4247=CARTESIAN_POINT('Ctrl Pts',(-106.361877264821,17.9074885758562,211.887526559052));
#4248=CARTESIAN_POINT('Ctrl Pts',(-106.754647627271,17.7631052168596,212.202630082884));
#4249=CARTESIAN_POINT('Ctrl Pts',(-107.142385781634,17.6059018954985,212.51781229655));
#4250=CARTESIAN_POINT('Ctrl Pts',(-107.52551660189,17.4505665569918,212.829249328714));
#4251=CARTESIAN_POINT('Ctrl Pts',(-107.903734642168,17.2827139898973,213.140763191744));
#4252=CARTESIAN_POINT('Ctrl Pts',(-108.2764161232,17.1024836350294,213.45252656668));
#4253=CARTESIAN_POINT('Ctrl Pts',(-108.572627832256,16.9592343882701,213.700319834687));
#4254=CARTESIAN_POINT('Ctrl Pts',(-108.86534183663,16.8081648244528,213.948270725876));
#4255=CARTESIAN_POINT('Ctrl Pts',(-109.154236198351,16.649323098096,214.196465943999));
#4256=CARTESIAN_POINT('',(-117.295851316961,7.8647013434444,223.382663711987));
#4257=CARTESIAN_POINT('Ctrl Pts',(-109.154236198351,16.649323098096,214.196465943999));
#4258=CARTESIAN_POINT('Ctrl Pts',(-109.470239419409,16.4755762071288,214.467951345964));
#4259=CARTESIAN_POINT('Ctrl Pts',(-109.780819412388,16.2930247649109,214.739315763491));
#4260=CARTESIAN_POINT('Ctrl Pts',(-110.085729611155,16.1019596698426,215.010612878364));
#4261=CARTESIAN_POINT('Ctrl Pts',(-110.394743033367,15.9083233824002,215.285560880242));
#4262=CARTESIAN_POINT('Ctrl Pts',(-110.69793303493,15.7059422816816,215.560439755873));
#4263=CARTESIAN_POINT('Ctrl Pts',(-110.994991731591,15.4951027020947,215.835305383546));
#4264=CARTESIAN_POINT('Ctrl Pts',(-111.296165172313,15.2813426528585,216.11397834533));
#4265=CARTESIAN_POINT('Ctrl Pts',(-111.591036291212,15.0588876751908,216.392637689603));
#4266=CARTESIAN_POINT('Ctrl Pts',(-111.879231803912,14.8280268174446,216.671341648981));
#4267=CARTESIAN_POINT('Ctrl Pts',(-111.930914511172,14.7866260544107,216.721322216027));
#4268=CARTESIAN_POINT('Ctrl Pts',(-111.982382396274,14.7449549456873,216.771304217895));
#4269=CARTESIAN_POINT('Ctrl Pts',(-112.033633130629,14.7030151462519,216.821287990431));
#4270=CARTESIAN_POINT('Ctrl Pts',(-112.321947223733,14.4670802783641,217.102474713509));
#4271=CARTESIAN_POINT('Ctrl Pts',(-112.603393377504,14.2226419678526,217.383717472794));
#4272=CARTESIAN_POINT('Ctrl Pts',(-112.877571577167,13.9699937460596,217.665076059554));
#4273=CARTESIAN_POINT('Ctrl Pts',(-113.151892472481,13.7172140338615,217.946581078986));
#4274=CARTESIAN_POINT('Ctrl Pts',(-113.418937761574,13.4562153495052,218.22820204649));
#4275=CARTESIAN_POINT('Ctrl Pts',(-113.67825529869,13.1872987483009,218.509998846735));
#4276=CARTESIAN_POINT('Ctrl Pts',(-113.764518132746,13.0978427539141,218.603739481816));
#4277=CARTESIAN_POINT('Ctrl Pts',(-113.849925410729,13.0075106686215,218.697499574236));
#4278=CARTESIAN_POINT('Ctrl Pts',(-113.934459249562,12.9163138992852,218.791281328397));
#4279=CARTESIAN_POINT('Ctrl Pts',(-114.131871713908,12.7033414467888,219.010290514012));
#4280=CARTESIAN_POINT('Ctrl Pts',(-114.324202455888,12.4859752891768,219.229073402702));
#4281=CARTESIAN_POINT('Ctrl Pts',(-114.511338577114,12.2644564316158,219.447689353517));
#4282=CARTESIAN_POINT('Ctrl Pts',(-114.792405977966,11.9317481916125,219.776037599049));
#4283=CARTESIAN_POINT('Ctrl Pts',(-115.06175689751,11.5896744300511,220.104009261687));
#4284=CARTESIAN_POINT('Ctrl Pts',(-115.319007931111,11.2389225760442,220.431805456916));
#4285=CARTESIAN_POINT('Ctrl Pts',(-115.566646591148,10.9012768223375,220.747353306873));
#4286=CARTESIAN_POINT('Ctrl Pts',(-115.803072986015,10.5555886750934,221.06273855737));
#4287=CARTESIAN_POINT('Ctrl Pts',(-116.027913398265,10.2024284998347,221.378140611307));
#4288=CARTESIAN_POINT('Ctrl Pts',(-116.25179781643,9.85076991868578,221.692201614074));
#4289=CARTESIAN_POINT('Ctrl Pts',(-116.464194994956,9.4917022966685,222.006279277692));
#4290=CARTESIAN_POINT('Ctrl Pts',(-116.664698514995,9.12575337931805,222.320550726381));
#4291=CARTESIAN_POINT('Ctrl Pts',(-116.862600720873,8.76455224943924,222.630744846306));
#4292=CARTESIAN_POINT('Ctrl Pts',(-117.048916233397,8.39664679373339,222.94112775562));
#4293=CARTESIAN_POINT('Ctrl Pts',(-117.223211992994,8.0225162769166,223.251869773617));
#4294=CARTESIAN_POINT('Ctrl Pts',(-117.247662126867,7.97003340961449,223.295460529684));
#4295=CARTESIAN_POINT('Ctrl Pts',(-117.271875657954,7.9174280034026,223.33905835242));
#4296=CARTESIAN_POINT('Ctrl Pts',(-117.295851316961,7.86470134344443,223.382663711987));
#4297=CARTESIAN_POINT('Ctrl Pts',(-117.295851316961,7.86470134344443,223.382663711987));
#4298=CARTESIAN_POINT('Ctrl Pts',(-118.137892328589,6.01290615073285,224.914114927149));
#4299=CARTESIAN_POINT('Ctrl Pts',(-118.676858728126,4.0384007716588,226.441716371448));
#4300=CARTESIAN_POINT('Ctrl Pts',(-118.964264741016,1.34598749030788,228.483849266493));
#4301=CARTESIAN_POINT('Ctrl Pts',(-119.,0.672790020069266,228.991357821643));
#4302=CARTESIAN_POINT('Ctrl Pts',(-119.,1.13797860024079E-13,229.498390836346));
#4303=CARTESIAN_POINT('Origin',(-100.,0.,10.));
#4304=CARTESIAN_POINT('',(-119.,-2.32682891837997E-15,760.));
#4305=CARTESIAN_POINT('Origin',(-100.,0.,760.));
#4306=CARTESIAN_POINT('',(-119.,-1.78216931277506E-12,409.496668183465));
#4307=CARTESIAN_POINT('',(-119.,-2.32682891837997E-15,10.));
#4308=CARTESIAN_POINT('',(-117.022155553398,-8.44074761593632,416.089516540753));
#4309=CARTESIAN_POINT('Ctrl Pts',(-119.,-3.52717854923412E-12,409.496668183465));
#4310=CARTESIAN_POINT('Ctrl Pts',(-119.,-0.888877379235637,410.167534028167));
#4311=CARTESIAN_POINT('Ctrl Pts',(-118.937611683369,-1.77806689783712,410.838543456878));
#4312=CARTESIAN_POINT('Ctrl Pts',(-118.528596967372,-4.67003071921556,413.041344703826));
#4313=CARTESIAN_POINT('Ctrl Pts',(-117.924243796931,-6.62153833460084,414.560814279021));
#4314=CARTESIAN_POINT('Ctrl Pts',(-117.022155553398,-8.44074761593632,416.089516540753));
#4315=CARTESIAN_POINT('',(-108.551564664088,-16.9667540147171,425.308435653269));
#4316=CARTESIAN_POINT('Ctrl Pts',(-117.022155553398,-8.44074761593634,416.089516540753));
#4317=CARTESIAN_POINT('Ctrl Pts',(-116.862741422871,-8.76223242400171,416.359659265017));
#4318=CARTESIAN_POINT('Ctrl Pts',(-116.694386443863,-9.07870049040687,416.629682185216));
#4319=CARTESIAN_POINT('Ctrl Pts',(-116.517369047481,-9.38991076142789,416.899638038073));
#4320=CARTESIAN_POINT('Ctrl Pts',(-116.336107129977,-9.70858322879441,417.176066889306));
#4321=CARTESIAN_POINT('Ctrl Pts',(-116.145761958893,-10.0217428316607,417.452425418356));
#4322=CARTESIAN_POINT('Ctrl Pts',(-115.946613560026,-10.3290792043335,417.728770247198));
#4323=CARTESIAN_POINT('Ctrl Pts',(-115.74559509,-10.6393015700139,418.007710047917));
#4324=CARTESIAN_POINT('Ctrl Pts',(-115.535606777082,-10.9435908178225,418.286635889921));
#4325=CARTESIAN_POINT('Ctrl Pts',(-115.316924874709,-11.2415753730777,418.565606005308));
#4326=CARTESIAN_POINT('Ctrl Pts',(-115.096624655157,-11.5417651109274,418.846640590252));
#4327=CARTESIAN_POINT('Ctrl Pts',(-114.867501178277,-11.8355564873006,419.127720106278));
#4328=CARTESIAN_POINT('Ctrl Pts',(-114.629832822167,-12.1225168818353,419.408904087885));
#4329=CARTESIAN_POINT('Ctrl Pts',(-114.451578849067,-12.337740444976,419.619795275561));
#4330=CARTESIAN_POINT('Ctrl Pts',(-114.26851810656,-12.54912037583,419.830745226911));
#4331=CARTESIAN_POINT('Ctrl Pts',(-114.080769212942,-12.7564549568214,420.041779059194));
#4332=CARTESIAN_POINT('Ctrl Pts',(-113.885447542872,-12.9721522951239,420.261324856608));
#4333=CARTESIAN_POINT('Ctrl Pts',(-113.685051759153,-13.1834714635794,420.480961438027));
#4334=CARTESIAN_POINT('Ctrl Pts',(-113.479708178367,-13.3901900384265,420.700717084233));
#4335=CARTESIAN_POINT('Ctrl Pts',(-113.187891878097,-13.6839603597477,421.013014548772));
#4336=CARTESIAN_POINT('Ctrl Pts',(-112.886714912092,-13.9677620822585,421.32485009215));
#4337=CARTESIAN_POINT('Ctrl Pts',(-112.576828522332,-14.2412609957797,421.636395899814));
#4338=CARTESIAN_POINT('Ctrl Pts',(-112.263415479191,-14.5178724560279,421.951487245818));
#4339=CARTESIAN_POINT('Ctrl Pts',(-111.941093322253,-14.7839457909769,422.266282223925));
#4340=CARTESIAN_POINT('Ctrl Pts',(-111.610488421108,-15.0391116765346,422.580958965392));
#4341=CARTESIAN_POINT('Ctrl Pts',(-111.577072986203,-15.0649022168722,422.612764483502));
#4342=CARTESIAN_POINT('Ctrl Pts',(-111.543572898814,-15.0905813044562,422.644568793721));
#4343=CARTESIAN_POINT('Ctrl Pts',(-111.509988781226,-15.1161485414692,422.676372079979));
#4344=CARTESIAN_POINT('Ctrl Pts',(-111.177121987915,-15.3695565452957,422.991588279593));
#4345=CARTESIAN_POINT('Ctrl Pts',(-110.836003553299,-15.6119795821364,423.306703888866));
#4346=CARTESIAN_POINT('Ctrl Pts',(-110.487153424112,-15.8430044775748,423.621897994451));
#4347=CARTESIAN_POINT('Ctrl Pts',(-110.142474674309,-16.0712668902006,423.933323162936));
#4348=CARTESIAN_POINT('Ctrl Pts',(-109.79024761663,-16.2884025000529,424.244824961716));
#4349=CARTESIAN_POINT('Ctrl Pts',(-109.430939691223,-16.4939756717437,424.556576129661));
#4350=CARTESIAN_POINT('Ctrl Pts',(-109.142308365132,-16.6591121826806,424.807005209155));
#4351=CARTESIAN_POINT('Ctrl Pts',(-108.849107130796,-16.8167869884872,425.057595203485));
#4352=CARTESIAN_POINT('Ctrl Pts',(-108.551564664088,-16.9667540147171,425.308435653269));
#4353=CARTESIAN_POINT('',(-96.7140767431232,-18.7137037582066,434.485426242584));
#4354=CARTESIAN_POINT('Ctrl Pts',(-108.551564664088,-16.9667540147171,425.308435653269));
#4355=CARTESIAN_POINT('Ctrl Pts',(-108.230965841722,-17.1283418799221,425.578716883441));
#4356=CARTESIAN_POINT('Ctrl Pts',(-107.906218750876,-17.2805439357273,425.848878204403));
#4357=CARTESIAN_POINT('Ctrl Pts',(-107.577691709594,-17.4233334450746,426.118972629743));
#4358=CARTESIAN_POINT('Ctrl Pts',(-107.241330166151,-17.5695281070546,426.395508093699));
#4359=CARTESIAN_POINT('Ctrl Pts',(-106.901005827498,-17.7058557534824,426.671973433422));
#4360=CARTESIAN_POINT('Ctrl Pts',(-106.55712975656,-17.8322351182051,426.948425546366));
#4361=CARTESIAN_POINT('Ctrl Pts',(-106.210042141993,-17.9597947710549,427.22745951393));
#4362=CARTESIAN_POINT('Ctrl Pts',(-105.859335742816,-18.0772191434683,427.506480006506));
#4363=CARTESIAN_POINT('Ctrl Pts',(-105.50545526353,-18.1843757407846,427.785545530621));
#4364=CARTESIAN_POINT('Ctrl Pts',(-105.148992974913,-18.2923141215537,428.066647035855));
#4365=CARTESIAN_POINT('Ctrl Pts',(-104.789309711583,-18.3898340391748,428.3477942321));
#4366=CARTESIAN_POINT('Ctrl Pts',(-104.426888361422,-18.4767554736336,428.629046915786));
#4367=CARTESIAN_POINT('Ctrl Pts',(-104.163384584033,-18.5399529820195,428.833535819432));
#4368=CARTESIAN_POINT('Ctrl Pts',(-103.898433961674,-18.5975469416588,429.038080486178));
#4369=CARTESIAN_POINT('Ctrl Pts',(-103.632233273112,-18.6494549757538,429.242703898376));
#4370=CARTESIAN_POINT('Ctrl Pts',(-103.347919742984,-18.704894939096,429.46125030779));
#4371=CARTESIAN_POINT('Ctrl Pts',(-103.062180022618,-18.7538489333388,429.67988654323));
#4372=CARTESIAN_POINT('Ctrl Pts',(-102.775245179421,-18.7962161480219,429.898640604794));
#4373=CARTESIAN_POINT('Ctrl Pts',(-102.344321353458,-18.8598439808889,430.227169326172));
#4374=CARTESIAN_POINT('Ctrl Pts',(-101.911707448721,-18.9084354272915,430.555189387456));
#4375=CARTESIAN_POINT('Ctrl Pts',(-101.478242147879,-18.9421303509442,430.882901127903));
#4376=CARTESIAN_POINT('Ctrl Pts',(-101.044776847037,-18.9758252745968,431.210612868349));
#4377=CARTESIAN_POINT('Ctrl Pts',(-100.610459385077,-18.9946238365764,431.538016287959));
#4378=CARTESIAN_POINT('Ctrl Pts',(-100.176101215203,-18.9986100462339,431.86531172599));
#4379=CARTESIAN_POINT('Ctrl Pts',(-99.757799856947,-19.0024488986595,432.180508114073));
#4380=CARTESIAN_POINT('Ctrl Pts',(-99.3394600226812,-18.9925500944737,432.495604356473));
#4381=CARTESIAN_POINT('Ctrl Pts',(-98.9217454977068,-18.9688937167323,432.810779385965));
#4382=CARTESIAN_POINT('Ctrl Pts',(-98.5089801513341,-18.9455176252426,433.122220148587));
#4383=CARTESIAN_POINT('Ctrl Pts',(-98.0968248259352,-18.9087080927028,433.433737842387));
#4384=CARTESIAN_POINT('Ctrl Pts',(-97.6859150828232,-18.8583957404474,433.745505115086));
#4385=CARTESIAN_POINT('Ctrl Pts',(-97.3610857207782,-18.8186231880558,433.991961097197));
#4386=CARTESIAN_POINT('Ctrl Pts',(-97.0370345461148,-18.7704116429499,434.238573043732));
#4387=CARTESIAN_POINT('Ctrl Pts',(-96.7140767431232,-18.7137037582066,434.485426242584));
#4388=CARTESIAN_POINT('',(-86.1418106939553,-12.9980994440661,443.704254336635));
#4389=CARTESIAN_POINT('Ctrl Pts',(-96.7140767431231,-18.7137037582066,434.485426242584));
#4390=CARTESIAN_POINT('Ctrl Pts',(-96.3606443794426,-18.6516448713846,434.755569387701));
#4391=CARTESIAN_POINT('Ctrl Pts',(-96.0094973841218,-18.5795917958416,435.025592728412));
#4392=CARTESIAN_POINT('Ctrl Pts',(-95.6609456899758,-18.4977434821849,435.295549002112));
#4393=CARTESIAN_POINT('Ctrl Pts',(-95.3040365378925,-18.4139326365706,435.571978198595));
#4394=CARTESIAN_POINT('Ctrl Pts',(-94.9498484203738,-18.3198507914184,435.848337073286));
#4395=CARTESIAN_POINT('Ctrl Pts',(-94.5987582079698,-18.2156788376931,436.124682248827));
#4396=CARTESIAN_POINT('Ctrl Pts',(-94.2443713007816,-18.1105287218763,436.403622272263));
#4397=CARTESIAN_POINT('Ctrl Pts',(-93.8931406156773,-17.9950976276753,436.682548338075));
#4398=CARTESIAN_POINT('Ctrl Pts',(-93.5455006706602,-17.8695455285553,436.961518678966));
#4399=CARTESIAN_POINT('Ctrl Pts',(-93.1952884115123,-17.7430644238842,437.242553222664));
#4400=CARTESIAN_POINT('Ctrl Pts',(-92.8487200898672,-17.6063114795751,437.52363269908));
#4401=CARTESIAN_POINT('Ctrl Pts',(-92.506289380285,-17.4594314543113,437.804816643163));
#4402=CARTESIAN_POINT('Ctrl Pts',(-92.249479420317,-17.3492770424768,438.015693867089));
#4403=CARTESIAN_POINT('Ctrl Pts',(-91.9949976377953,-17.2334262962932,438.226629848096));
#4404=CARTESIAN_POINT('Ctrl Pts',(-91.7430710118375,-17.1119359763691,438.437649698655));
#4405=CARTESIAN_POINT('Ctrl Pts',(-91.4809682509529,-16.9855382677036,438.657193326577));
#4406=CARTESIAN_POINT('Ctrl Pts',(-91.2216311038595,-16.8530360694431,438.876827736421));
#4407=CARTESIAN_POINT('Ctrl Pts',(-90.9653086139388,-16.7144876885688,439.096581208358));
#4408=CARTESIAN_POINT('Ctrl Pts',(-90.6010424213427,-16.5175931780362,439.40887827038));
#4409=CARTESIAN_POINT('Ctrl Pts',(-90.2436929446839,-16.3089023267937,439.720713417383));
#4410=CARTESIAN_POINT('Ctrl Pts',(-89.8937648082632,-16.0889453755322,440.032258833939));
#4411=CARTESIAN_POINT('Ctrl Pts',(-89.5398540878484,-15.8664850616019,440.347349995064));
#4412=CARTESIAN_POINT('Ctrl Pts',(-89.193534004673,-15.632500578923,440.662144793283));
#4413=CARTESIAN_POINT('Ctrl Pts',(-88.8553358372959,-15.3874883871947,440.976821359303));
#4414=CARTESIAN_POINT('Ctrl Pts',(-88.8211592716836,-15.3627287165218,441.008620952982));
#4415=CARTESIAN_POINT('Ctrl Pts',(-88.7870656599216,-15.3378563878375,441.040419339263));
#4416=CARTESIAN_POINT('Ctrl Pts',(-88.7530555591554,-15.3128718853618,441.072216701974));
#4417=CARTESIAN_POINT('Ctrl Pts',(-88.4159036737925,-15.0651933450234,441.387433080233));
#4418=CARTESIAN_POINT('Ctrl Pts',(-88.0869568586368,-14.8064949898146,441.702548868974));
#4419=CARTESIAN_POINT('Ctrl Pts',(-87.7667583749581,-14.5371587964625,442.017743154895));
#4420=CARTESIAN_POINT('Ctrl Pts',(-87.4503883330493,-14.2710429117167,442.329168831558));
#4421=CARTESIAN_POINT('Ctrl Pts',(-87.1425581927519,-13.9945417630828,442.640671139523));
#4422=CARTESIAN_POINT('Ctrl Pts',(-86.8438179238942,-13.7079806146927,442.952422818256));
#4423=CARTESIAN_POINT('Ctrl Pts',(-86.6038497976138,-13.4777955709863,443.202842577522));
#4424=CARTESIAN_POINT('Ctrl Pts',(-86.3697471780827,-13.2411185839322,443.453423240152));
#4425=CARTESIAN_POINT('Ctrl Pts',(-86.1418106939554,-12.9980994440661,443.704254336635));
#4426=CARTESIAN_POINT('',(-81.1231525357748,-2.15977540785448,452.863913441337));
#4427=CARTESIAN_POINT('Ctrl Pts',(-86.1418106939553,-12.998099444066,443.704254336635));
#4428=CARTESIAN_POINT('Ctrl Pts',(-85.8961513643254,-12.7361847303452,443.974593111489));
#4429=CARTESIAN_POINT('Ctrl Pts',(-85.6583249441216,-12.4676347022734,444.24481193498));
#4430=CARTESIAN_POINT('Ctrl Pts',(-85.4284617107739,-12.1927953750225,444.514963935449));
#4431=CARTESIAN_POINT('Ctrl Pts',(-85.1931292713753,-11.9114167117946,444.791543744899));
#4432=CARTESIAN_POINT('Ctrl Pts',(-84.9661435314899,-11.6234454544624,445.068053513616));
#4433=CARTESIAN_POINT('Ctrl Pts',(-84.7476991590175,-11.3292531558345,445.344550253183));
#4434=CARTESIAN_POINT('Ctrl Pts',(-84.5272194879716,-11.0323197970503,445.623623179141));
#4435=CARTESIAN_POINT('Ctrl Pts',(-84.315441275203,-10.7290484573818,445.902682832028));
#4436=CARTESIAN_POINT('Ctrl Pts',(-84.1126178289129,-10.4198284525386,446.181787831892));
#4437=CARTESIAN_POINT('Ctrl Pts',(-83.9083237380757,-10.1083663365277,446.462916583219));
#4438=CARTESIAN_POINT('Ctrl Pts',(-83.713114934533,-9.79086849150722,446.744091341516));
#4439=CARTESIAN_POINT('Ctrl Pts',(-83.5273010745839,-9.46774737181715,447.025372011238));
#4440=CARTESIAN_POINT('Ctrl Pts',(-83.3939641687466,-9.23588108196163,447.227214296754));
#4441=CARTESIAN_POINT('Ctrl Pts',(-83.2654660279805,-9.00111951118716,447.42911111878));
#4442=CARTESIAN_POINT('Ctrl Pts',(-83.141936190661,-8.76362174856872,447.631084612134));
#4443=CARTESIAN_POINT('Ctrl Pts',(-83.0085227816509,-8.50712188723374,447.84921792197));
#4444=CARTESIAN_POINT('Ctrl Pts',(-82.8809043724042,-8.2474302625322,448.067440662829));
#4445=CARTESIAN_POINT('Ctrl Pts',(-82.7592420378794,-7.98473882434316,448.28578071895));
#4446=CARTESIAN_POINT('Ctrl Pts',(-82.5765282397886,-7.59022600667486,448.613686155624));
#4447=CARTESIAN_POINT('Ctrl Pts',(-82.4077030003536,-7.18985579230488,448.941085899875));
#4448=CARTESIAN_POINT('Ctrl Pts',(-82.2528694523023,-6.78446696536071,449.268179106234));
#4449=CARTESIAN_POINT('Ctrl Pts',(-82.0980359042511,-6.37907813841654,449.595272312592));
#4450=CARTESIAN_POINT('Ctrl Pts',(-81.9571936807952,-5.96867001684866,449.922058981057));
#4451=CARTESIAN_POINT('Ctrl Pts',(-81.8304914969293,-5.55403984005639,450.24873826616));
#4452=CARTESIAN_POINT('Ctrl Pts',(-81.7082460013753,-5.15399408009343,450.563926764702));
#4453=CARTESIAN_POINT('Ctrl Pts',(-81.5991632684466,-4.75001732251008,450.879015301337));
#4454=CARTESIAN_POINT('Ctrl Pts',(-81.5034505247048,-4.34274043749786,451.194182745646));
#4455=CARTESIAN_POINT('Ctrl Pts',(-81.4088673148861,-3.940269945446,451.50563080729));
#4456=CARTESIAN_POINT('Ctrl Pts',(-81.3273401767132,-3.53457623836919,451.817155925173));
#4457=CARTESIAN_POINT('Ctrl Pts',(-81.2591158372722,-3.12624925872675,452.128930710636));
#4458=CARTESIAN_POINT('Ctrl Pts',(-81.2055445788663,-2.80562189436173,452.373743159292));
#4459=CARTESIAN_POINT('Ctrl Pts',(-81.1601763383982,-2.48337047803021,452.618709546419));
#4460=CARTESIAN_POINT('Ctrl Pts',(-81.1231525357748,-2.15977540785448,452.863913441337));
#4461=CARTESIAN_POINT('',(-81.,1.00238938617908E-11,450.000000000008));
#4462=CARTESIAN_POINT('Origin',(-100.,0.,450.000000000008));
#4463=CARTESIAN_POINT('',(-84.7541104637465,-11.3385560036698,440.840340895306));
#4464=CARTESIAN_POINT('Ctrl Pts',(-81.,1.00399688562902E-11,450.000000000008));
#4465=CARTESIAN_POINT('Ctrl Pts',(-80.9999999999998,-0.384984564701862,
449.709763279801));
#4466=CARTESIAN_POINT('Ctrl Pts',(-81.0117838977431,-0.769434678326449,
449.419953135341));
#4467=CARTESIAN_POINT('Ctrl Pts',(-81.0351848648112,-1.15288934576749,449.13041009215));
#4468=CARTESIAN_POINT('Ctrl Pts',(-81.0590246614815,-1.5435347954809,448.835437356329));
#4469=CARTESIAN_POINT('Ctrl Pts',(-81.094921631436,-1.93314749113185,448.540741833407));
#4470=CARTESIAN_POINT('Ctrl Pts',(-81.1427465119818,-2.32121236232704,448.24615490792));
#4471=CARTESIAN_POINT('Ctrl Pts',(-81.1894103237484,-2.69985598665002,447.958719818006));
#4472=CARTESIAN_POINT('Ctrl Pts',(-81.2474304756008,-3.07702618823256,447.671388116583));
#4473=CARTESIAN_POINT('Ctrl Pts',(-81.3167243285263,-3.45221476728518,447.384003173142));
#4474=CARTESIAN_POINT('Ctrl Pts',(-81.3883096820517,-3.83981057753729,447.087114605029));
#4475=CARTESIAN_POINT('Ctrl Pts',(-81.471926898279,-4.22529204667539,446.79016921532));
#4476=CARTESIAN_POINT('Ctrl Pts',(-81.5675200932197,-4.60806130036414,446.492994314983));
#4477=CARTESIAN_POINT('Ctrl Pts',(-81.6626952378552,-4.98915661896394,446.197119026588));
#4478=CARTESIAN_POINT('Ctrl Pts',(-81.7697422837502,-5.36756370705345,445.901016230578));
#4479=CARTESIAN_POINT('Ctrl Pts',(-81.8886350683952,-5.74264990660121,445.604515493652));
#4480=CARTESIAN_POINT('Ctrl Pts',(-81.913036943306,-5.81963360707964,445.543660884896));
#4481=CARTESIAN_POINT('Ctrl Pts',(-81.9379378998552,-5.89647726350969,445.482789513054));
#4482=CARTESIAN_POINT('Ctrl Pts',(-81.9633378377389,-5.97317516377944,445.421899904599));
#4483=CARTESIAN_POINT('Ctrl Pts',(-82.0543720882706,-6.24806307493733,445.203669454738));
#4484=CARTESIAN_POINT('Ctrl Pts',(-82.1516657042732,-6.52062795531603,444.985562088169));
#4485=CARTESIAN_POINT('Ctrl Pts',(-82.2550701851427,-6.79065786650772,444.767542028552));
#4486=CARTESIAN_POINT('Ctrl Pts',(-82.3963852540441,-7.15968728558707,444.469590532761));
#4487=CARTESIAN_POINT('Ctrl Pts',(-82.5491113972885,-7.52398177900735,444.171802096828));
#4488=CARTESIAN_POINT('Ctrl Pts',(-82.712911667615,-7.88301797239322,443.874085405517));
#4489=CARTESIAN_POINT('Ctrl Pts',(-82.8763394645265,-8.24123773588688,443.577045706696));
#4490=CARTESIAN_POINT('Ctrl Pts',(-83.0507909603436,-8.59422360714057,443.28007742658));
#4491=CARTESIAN_POINT('Ctrl Pts',(-83.2359813515164,-8.94146906113684,442.983089871458));
#4492=CARTESIAN_POINT('Ctrl Pts',(-83.4199053590702,-9.28633995373199,442.688133200186));
#4493=CARTESIAN_POINT('Ctrl Pts',(-83.614421793063,-9.62554918673025,442.393157516623));
#4494=CARTESIAN_POINT('Ctrl Pts',(-83.81930247112,-9.95860593233895,442.098073974926));
#4495=CARTESIAN_POINT('Ctrl Pts',(-84.0207720650667,-10.2861175744095,441.807903316131));
#4496=CARTESIAN_POINT('Ctrl Pts',(-84.2322636362169,-10.6076803730294,441.517628360794));
#4497=CARTESIAN_POINT('Ctrl Pts',(-84.4536103393434,-10.9228254496468,441.227164627216));
#4498=CARTESIAN_POINT('Ctrl Pts',(-84.5518392814707,-11.0626801077713,441.098263022302));
#4499=CARTESIAN_POINT('Ctrl Pts',(-84.6520097586639,-11.2012707910942,440.969324239496));
#4500=CARTESIAN_POINT('Ctrl Pts',(-84.7541104637465,-11.3385560036698,440.840340895306));
#4501=CARTESIAN_POINT('',(-94.6081437228292,-18.2188881627374,431.621512801254));
#4502=CARTESIAN_POINT('Ctrl Pts',(-84.7541104637465,-11.3385560036698,440.840340895306));
#4503=CARTESIAN_POINT('Ctrl Pts',(-84.9837252269064,-11.6472973737257,440.550269636701));
#4504=CARTESIAN_POINT('Ctrl Pts',(-85.2224643906657,-11.9485821129238,440.260627548459));
#4505=CARTESIAN_POINT('Ctrl Pts',(-85.4699194057136,-12.2421418107668,439.971255340639));
#4506=CARTESIAN_POINT('Ctrl Pts',(-85.7220664386602,-12.5412677217511,439.676396319071));
#4507=CARTESIAN_POINT('Ctrl Pts',(-85.9832634599176,-12.8323729746453,439.38181750941));
#4508=CARTESIAN_POINT('Ctrl Pts',(-86.2530994608639,-13.1151231914777,439.087350387891));
#4509=CARTESIAN_POINT('Ctrl Pts',(-86.5219119026999,-13.3968008621733,438.794000257817));
#4510=CARTESIAN_POINT('Ctrl Pts',(-86.7992984466606,-13.6701867122324,438.500760970167));
#4511=CARTESIAN_POINT('Ctrl Pts',(-87.0848658213781,-13.9349004226998,438.207465911675));
#4512=CARTESIAN_POINT('Ctrl Pts',(-87.3738529112871,-14.2027841223789,437.910658597736));
#4513=CARTESIAN_POINT('Ctrl Pts',(-87.6712184429136,-14.4617868515794,437.613794169228));
#4514=CARTESIAN_POINT('Ctrl Pts',(-87.9765605520873,-14.7114627390476,437.316699955257));
#4515=CARTESIAN_POINT('Ctrl Pts',(-88.2805557429212,-14.9600372617786,437.020916276694));
#4516=CARTESIAN_POINT('Ctrl Pts',(-88.5924578354646,-15.199367032212,436.724904835446));
#4517=CARTESIAN_POINT('Ctrl Pts',(-88.9118678601452,-15.428960594865,436.428495235601));
#4518=CARTESIAN_POINT('Ctrl Pts',(-88.9821753909854,-15.4794980083451,436.363250485994));
#4519=CARTESIAN_POINT('Ctrl Pts',(-89.0528466646921,-15.5295634904494,436.297986445032));
#4520=CARTESIAN_POINT('Ctrl Pts',(-89.1238773700119,-15.5791514635339,436.232701295449));
#4521=CARTESIAN_POINT('Ctrl Pts',(-89.3628490726586,-15.7459824460708,436.01305961678));
#4522=CARTESIAN_POINT('Ctrl Pts',(-89.6054919831456,-15.9071324385468,435.793542794463));
#4523=CARTESIAN_POINT('Ctrl Pts',(-89.8515550165577,-16.0625191358861,435.574114527177));
#4524=CARTESIAN_POINT('Ctrl Pts',(-90.1855960471892,-16.2734631846766,435.27623132409));
#4525=CARTESIAN_POINT('Ctrl Pts',(-90.5259382832186,-16.4737867187655,434.97851132099));
#4526=CARTESIAN_POINT('Ctrl Pts',(-90.8719979656038,-16.6632728843465,434.680863697615));
#4527=CARTESIAN_POINT('Ctrl Pts',(-91.217272891053,-16.8523293535767,434.383891047513));
#4528=CARTESIAN_POINT('Ctrl Pts',(-91.5682395740644,-17.0305980405496,434.086990449238));
#4529=CARTESIAN_POINT('Ctrl Pts',(-91.9243661933223,-17.1978445938793,433.790071698983));
#4530=CARTESIAN_POINT('Ctrl Pts',(-92.2780568005584,-17.363947131029,433.495183961312));
#4531=CARTESIAN_POINT('Ctrl Pts',(-92.6368372222296,-17.5191782828283,433.200278319142));
#4532=CARTESIAN_POINT('Ctrl Pts',(-93.0002305156759,-17.6632825766813,432.905266407097));
#4533=CARTESIAN_POINT('Ctrl Pts',(-93.3575202659544,-17.8049664990137,432.615209506529));
#4534=CARTESIAN_POINT('Ctrl Pts',(-93.7192694993903,-17.9358946007937,432.325049875919));
#4535=CARTESIAN_POINT('Ctrl Pts',(-94.0850638770921,-18.0557925407178,432.03470352807));
#4536=CARTESIAN_POINT('Ctrl Pts',(-94.2585273890704,-18.1126493952951,431.897018259356));
#4537=CARTESIAN_POINT('Ctrl Pts',(-94.4329011020898,-18.1670253368492,431.759291002502));
#4538=CARTESIAN_POINT('Ctrl Pts',(-94.6081437228292,-18.2188881627374,431.621512801254));
#4539=CARTESIAN_POINT('',(-106.567484403798,-17.8288571873204,422.44452221194));
#4540=CARTESIAN_POINT('Ctrl Pts',(-94.6081437228292,-18.2188881627374,431.621512801254));
#4541=CARTESIAN_POINT('Ctrl Pts',(-94.9772396768641,-18.3281216307112,431.331324396058));
#4542=CARTESIAN_POINT('Ctrl Pts',(-95.3491651274765,-18.4259071658426,431.041563327513));
#4543=CARTESIAN_POINT('Ctrl Pts',(-95.723431127862,-18.5122742971987,430.75207017485));
#4544=CARTESIAN_POINT('Ctrl Pts',(-96.1047379523168,-18.6002661975068,430.457130974843));
#4545=CARTESIAN_POINT('Ctrl Pts',(-96.4884746683057,-18.6764058409782,430.162469865793));
#4546=CARTESIAN_POINT('Ctrl Pts',(-96.8741110333968,-18.7406714108799,429.867918259371));
#4547=CARTESIAN_POINT('Ctrl Pts',(-97.2526987041696,-18.8037623292227,429.578750492292));
#4548=CARTESIAN_POINT('Ctrl Pts',(-97.6331175513746,-18.8554088228293,429.289688261429));
#4549=CARTESIAN_POINT('Ctrl Pts',(-98.0148475598655,-18.8955449661189,429.000572054928));
#4550=CARTESIAN_POINT('Ctrl Pts',(-98.4068080138907,-18.9367567665974,428.703707472513));
#4551=CARTESIAN_POINT('Ctrl Pts',(-98.8001513753748,-18.9658328908731,428.406785982575));
#4552=CARTESIAN_POINT('Ctrl Pts',(-99.1942885291079,-18.9826574227068,428.109634901628));
#4553=CARTESIAN_POINT('Ctrl Pts',(-99.5866980911787,-18.999408208839,427.813786300604));
#4554=CARTESIAN_POINT('Ctrl Pts',(-99.979894928101,-19.0040142360425,427.517710116858));
#4555=CARTESIAN_POINT('Ctrl Pts',(-100.373264968261,-18.9963212664603,427.221235927696));
#4556=CARTESIAN_POINT('Ctrl Pts',(-100.455714833686,-18.9947088297163,427.159095310712));
#4557=CARTESIAN_POINT('Ctrl Pts',(-100.53817218041,-18.9925559479919,427.096937208701));
#4558=CARTESIAN_POINT('Ctrl Pts',(-100.620631143574,-18.9898609988757,427.034760052407));
#4559=CARTESIAN_POINT('Ctrl Pts',(-100.910595233074,-18.9803843035989,426.816116234675));
#4560=CARTESIAN_POINT('Ctrl Pts',(-101.200101971853,-18.9642211426649,426.597596019035));
#4561=CARTESIAN_POINT('Ctrl Pts',(-101.488904571182,-18.9414545168877,426.379163475575));
#4562=CARTESIAN_POINT('Ctrl Pts',(-101.882817443499,-18.9104019329645,426.081231979106));
#4563=CARTESIAN_POINT('Ctrl Pts',(-102.27541936841,-18.8670662302998,425.783463584888));
#4564=CARTESIAN_POINT('Ctrl Pts',(-102.666112978247,-18.8116226416776,425.485767122618));
#4565=CARTESIAN_POINT('Ctrl Pts',(-103.055918817376,-18.7563050371839,425.188747114206));
#4566=CARTESIAN_POINT('Ctrl Pts',(-103.443825468832,-18.6889347739347,424.891798711213));
#4567=CARTESIAN_POINT('Ctrl Pts',(-103.829266546529,-18.6096418821054,424.594831363425));
#4568=CARTESIAN_POINT('Ctrl Pts',(-104.212071609517,-18.5308912709027,424.299894962367));
#4569=CARTESIAN_POINT('Ctrl Pts',(-104.592445174565,-18.4403807928451,424.004939874752));
#4570=CARTESIAN_POINT('Ctrl Pts',(-104.969852006342,-18.3381906425517,423.709877395496));
#4571=CARTESIAN_POINT('Ctrl Pts',(-105.340959314518,-18.2377062092972,423.419739980905));
#4572=CARTESIAN_POINT('Ctrl Pts',(-105.709198556288,-18.1259289186086,423.129498729829));
#4573=CARTESIAN_POINT('Ctrl Pts',(-106.074073037627,-18.0028863568588,422.839069305341));
#4574=CARTESIAN_POINT('Ctrl Pts',(-106.239248106301,-17.9471862061869,422.707594777556));
#4575=CARTESIAN_POINT('Ctrl Pts',(-106.403733766315,-17.8891767998725,422.576081687707));
#4576=CARTESIAN_POINT('Ctrl Pts',(-106.567484403798,-17.8288571873204,422.44452221194));
#4577=CARTESIAN_POINT('',(-115.952342882573,-10.3209862201639,413.225603099423));
#4578=CARTESIAN_POINT('Ctrl Pts',(-106.567484403798,-17.8288571873204,422.44452221194));
#4579=CARTESIAN_POINT('Ctrl Pts',(-106.928532652767,-17.695860511246,422.154451167998));
#4580=CARTESIAN_POINT('Ctrl Pts',(-107.28500701799,-17.5520040355205,421.864809298524));
#4581=CARTESIAN_POINT('Ctrl Pts',(-107.636534569803,-17.3976037952984,421.575437313797));
#4582=CARTESIAN_POINT('Ctrl Pts',(-107.994727359039,-17.2402760057164,421.280578609829));
#4583=CARTESIAN_POINT('Ctrl Pts',(-108.347784207536,-17.0720003966036,420.986000122088));
#4584=CARTESIAN_POINT('Ctrl Pts',(-108.695268212918,-16.8930767181903,420.691533327193));
#4585=CARTESIAN_POINT('Ctrl Pts',(-109.041445362319,-16.7148259555827,420.398173995336));
#4586=CARTESIAN_POINT('Ctrl Pts',(-109.382091611971,-16.5260065357994,420.104925517773));
#4587=CARTESIAN_POINT('Ctrl Pts',(-109.716730957117,-16.3268882370897,419.811621265384));
#4588=CARTESIAN_POINT('Ctrl Pts',(-110.055366784298,-16.1253919373604,419.514814181686));
#4589=CARTESIAN_POINT('Ctrl Pts',(-110.38785162437,-15.9133488460723,419.217949983008));
#4590=CARTESIAN_POINT('Ctrl Pts',(-110.71364420923,-15.6910184315016,418.920855998672));
#4591=CARTESIAN_POINT('Ctrl Pts',(-111.037999826198,-15.469668645963,418.625072401791));
#4592=CARTESIAN_POINT('Ctrl Pts',(-111.3557222323,-15.2381215622696,418.329061041805));
#4593=CARTESIAN_POINT('Ctrl Pts',(-111.666227250727,-14.9966209897936,418.032651522756));
#4594=CARTESIAN_POINT('Ctrl Pts',(-111.734581780578,-14.9434570886947,417.9673999741));
#4595=CARTESIAN_POINT('Ctrl Pts',(-111.802586346771,-14.8898107961089,417.902129130036));
#4596=CARTESIAN_POINT('Ctrl Pts',(-111.870234378538,-14.8356846719799,417.836837172726));
#4597=CARTESIAN_POINT('Ctrl Pts',(-112.09780412409,-14.6536029768573,417.617193323175));
#4598=CARTESIAN_POINT('Ctrl Pts',(-112.320961941266,-14.4663940865712,417.397674332708));
#4599=CARTESIAN_POINT('Ctrl Pts',(-112.539557914822,-14.2742755962417,417.178243899195));
#4600=CARTESIAN_POINT('Ctrl Pts',(-112.836308199943,-14.0134692517563,416.880360810818));
#4601=CARTESIAN_POINT('Ctrl Pts',(-113.124651779327,-13.7436170462193,416.582640922624));
#4602=CARTESIAN_POINT('Ctrl Pts',(-113.404215659947,-13.4652176545286,416.284993415119));
#4603=CARTESIAN_POINT('Ctrl Pts',(-113.683145555772,-13.1874496068472,415.988020901801));
#4604=CARTESIAN_POINT('Ctrl Pts',(-113.953336058695,-12.9011730296758,415.691120441259));
#4605=CARTESIAN_POINT('Ctrl Pts',(-114.214412070331,-12.6068318323019,415.394201830473));
#4606=CARTESIAN_POINT('Ctrl Pts',(-114.473702233759,-12.3145040282567,415.099314243396));
#4607=CARTESIAN_POINT('Ctrl Pts',(-114.724002691519,-12.0142214718049,414.804408753532));
#4608=CARTESIAN_POINT('Ctrl Pts',(-114.96493359501,-11.706369461504,414.509396996286));
#4609=CARTESIAN_POINT('Ctrl Pts',(-115.201817835572,-11.4036881175628,414.219340241178));
#4610=CARTESIAN_POINT('Ctrl Pts',(-115.429645081882,-11.0936893161955,413.92918075843));
#4611=CARTESIAN_POINT('Ctrl Pts',(-115.64803507899,-10.77669297166,413.638834561585));
#4612=CARTESIAN_POINT('Ctrl Pts',(-115.751608155922,-10.6263551026443,413.501135722898));
#4613=CARTESIAN_POINT('Ctrl Pts',(-115.853058281302,-10.4744426795222,413.363394888457));
#4614=CARTESIAN_POINT('Ctrl Pts',(-115.952342882573,-10.3209862201639,413.225603099423));
#4615=CARTESIAN_POINT('',(-119.,2.12505245557606E-12,405.000523976661));
#4616=CARTESIAN_POINT('Ctrl Pts',(-115.952342882573,-10.3209862201639,413.225603099423));
#4617=CARTESIAN_POINT('Ctrl Pts',(-117.054970127115,-8.61674134458805,411.695325707787));
#4618=CARTESIAN_POINT('Ctrl Pts',(-117.87746037893,-6.74667135821415,410.176908399216));
#4619=CARTESIAN_POINT('Ctrl Pts',(-118.794909605517,-3.21873806078745,407.42969469705));
#4620=CARTESIAN_POINT('Ctrl Pts',(-119.,-1.61148827206393,406.216567532937));
#4621=CARTESIAN_POINT('Ctrl Pts',(-119.,4.24132950982425E-12,405.000523976661));
#4622=CARTESIAN_POINT('',(-119.,-1.11554216808164E-14,319.498315526617));
#4623=CARTESIAN_POINT('',(-119.,-2.32682891837997E-15,10.));
#4624=CARTESIAN_POINT('',(-117.94376484175,-6.24670339490842,324.294270269579));
#4625=CARTESIAN_POINT('Ctrl Pts',(-119.,-4.83640905102334E-14,319.498315526617));
#4626=CARTESIAN_POINT('Ctrl Pts',(-119.,-0.0857694933456992,319.563008703822));
#4627=CARTESIAN_POINT('Ctrl Pts',(-118.999419229946,-0.17155818483208,319.627713142688));
#4628=CARTESIAN_POINT('Ctrl Pts',(-118.970629476216,-2.29681224519829,321.230710417585));
#4629=CARTESIAN_POINT('Ctrl Pts',(-118.61477091424,-4.31922670665161,322.757798994193));
#4630=CARTESIAN_POINT('Ctrl Pts',(-117.94376484175,-6.24670339490843,324.294270269579));
#4631=CARTESIAN_POINT('',(-110.630281837806,-15.7479239282136,333.490569376758));
#4632=CARTESIAN_POINT('Ctrl Pts',(-117.94376484175,-6.24670339490841,324.294270269579));
#4633=CARTESIAN_POINT('Ctrl Pts',(-117.82521584576,-6.58723746092701,324.565724903758));
#4634=CARTESIAN_POINT('Ctrl Pts',(-117.697082865737,-6.92389418830199,324.837058576399));
#4635=CARTESIAN_POINT('Ctrl Pts',(-117.559611549176,-7.25638222840059,325.10832490328));
#4636=CARTESIAN_POINT('Ctrl Pts',(-117.420289026445,-7.5933475945836,325.383244136896));
#4637=CARTESIAN_POINT('Ctrl Pts',(-117.271374498345,-7.92603132413661,325.658094198766));
#4638=CARTESIAN_POINT('Ctrl Pts',(-117.113098887965,-8.25408236918411,325.932930899954));
#4639=CARTESIAN_POINT('Ctrl Pts',(-116.952626718417,-8.58668612787484,326.211581802675));
#4640=CARTESIAN_POINT('Ctrl Pts',(-116.782531346636,-8.91452782386791,326.490218971301));
#4641=CARTESIAN_POINT('Ctrl Pts',(-116.603035476692,-9.23719145057418,326.768900572941));
#4642=CARTESIAN_POINT('Ctrl Pts',(-116.570170852062,-9.2962692386958,326.81992551425));
#4643=CARTESIAN_POINT('Ctrl Pts',(-116.536991054209,-9.35517330416396,326.870951945106));
#4644=CARTESIAN_POINT('Ctrl Pts',(-116.503497406108,-9.41390091069224,326.921980222534));
#4645=CARTESIAN_POINT('Ctrl Pts',(-116.318943053932,-9.7374976519313,327.20315266022));
#4646=CARTESIAN_POINT('Ctrl Pts',(-116.124860223367,-10.0557410141948,327.484381162697));
#4647=CARTESIAN_POINT('Ctrl Pts',(-115.921471599955,-10.3681877067167,327.765725459023));
#4648=CARTESIAN_POINT('Ctrl Pts',(-115.717977203169,-10.6807968888614,328.047216069998));
#4649=CARTESIAN_POINT('Ctrl Pts',(-115.505166812044,-10.987603371989,328.328822595291));
#4650=CARTESIAN_POINT('Ctrl Pts',(-115.283261858674,-11.2881112096194,328.610604857194));
#4651=CARTESIAN_POINT('Ctrl Pts',(-115.208848549488,-11.3888831045004,328.705097342647));
#4652=CARTESIAN_POINT('Ctrl Pts',(-115.133412559695,-11.4889462717163,328.799609590035));
#4653=CARTESIAN_POINT('Ctrl Pts',(-115.056962356658,-11.5882806996288,328.894143855229));
#4654=CARTESIAN_POINT('Ctrl Pts',(-114.879653569662,-11.8186642201475,329.113394494536));
#4655=CARTESIAN_POINT('Ctrl Pts',(-114.697154566133,-12.0447592075012,329.332418066804));
#4656=CARTESIAN_POINT('Ctrl Pts',(-114.509684996645,-12.2664137096392,329.55127413573));
#4657=CARTESIAN_POINT('Ctrl Pts',(-114.228116061609,-12.5993265246801,329.879983858709));
#4658=CARTESIAN_POINT('Ctrl Pts',(-113.935336844824,-12.9222236118306,330.208315721282));
#4659=CARTESIAN_POINT('Ctrl Pts',(-113.631963552402,-13.2346108795882,330.536471533835));
#4660=CARTESIAN_POINT('Ctrl Pts',(-113.34024080892,-13.5350014316098,330.8520250658));
#4661=CARTESIAN_POINT('Ctrl Pts',(-113.038721395946,-13.8256742725369,331.167415809923));
#4662=CARTESIAN_POINT('Ctrl Pts',(-112.727905639306,-14.1061659809487,331.482823207481));
#4663=CARTESIAN_POINT('Ctrl Pts',(-112.418413216618,-14.385463463543,331.796887721646));
#4664=CARTESIAN_POINT('Ctrl Pts',(-112.099703101678,-14.6546668157441,332.110968747739));
#4665=CARTESIAN_POINT('Ctrl Pts',(-111.772228113424,-14.913287512595,332.425243444805));
#4666=CARTESIAN_POINT('Ctrl Pts',(-111.449009453693,-15.1685468087646,332.73543338302));
#4667=CARTESIAN_POINT('Ctrl Pts',(-111.117251919533,-15.4134971751323,333.045811990481));
#4668=CARTESIAN_POINT('Ctrl Pts',(-110.777356025741,-15.647631955033,333.356549607799));
#4669=CARTESIAN_POINT('Ctrl Pts',(-110.728499122061,-15.6812866728416,333.401215277837));
#4670=CARTESIAN_POINT('Ctrl Pts',(-110.679474014113,-15.714717856052,333.445888365525));
#4671=CARTESIAN_POINT('Ctrl Pts',(-110.630281837806,-15.7479239282136,333.490569376758));
#4672=CARTESIAN_POINT('',(-99.0968537293725,-18.9785227774411,342.67680882092));
#4673=CARTESIAN_POINT('Ctrl Pts',(-110.630281837806,-15.7479239282136,333.490569376758));
#4674=CARTESIAN_POINT('Ctrl Pts',(-110.33138683046,-15.9496862800315,333.762055040724));
#4675=CARTESIAN_POINT('Ctrl Pts',(-110.02713625189,-16.1426027824268,334.033419719999));
#4676=CARTESIAN_POINT('Ctrl Pts',(-109.717901485237,-16.326586948847,334.304717096324));
#4677=CARTESIAN_POINT('Ctrl Pts',(-109.404505666712,-16.5130467995777,334.579665040365));
#4678=CARTESIAN_POINT('Ctrl Pts',(-109.085990197408,-16.6903320906514,334.854543858018));
#4679=CARTESIAN_POINT('Ctrl Pts',(-108.762750404424,-16.8582997024996,335.129409427333));
#4680=CARTESIAN_POINT('Ctrl Pts',(-108.435033518575,-17.0285937809927,335.408082073333));
#4681=CARTESIAN_POINT('Ctrl Pts',(-108.102460080695,-17.1893100668255,335.686741101456));
#4682=CARTESIAN_POINT('Ctrl Pts',(-107.765457700731,-17.3402485001232,335.965444743908));
#4683=CARTESIAN_POINT('Ctrl Pts',(-107.705017348318,-17.3673188493062,336.015429394967));
#4684=CARTESIAN_POINT('Ctrl Pts',(-107.644434587841,-17.3940745650804,336.065415481061));
#4685=CARTESIAN_POINT('Ctrl Pts',(-107.583711955635,-17.420514331461,336.115403338116));
#4686=CARTESIAN_POINT('Ctrl Pts',(-107.242141476601,-17.5692404874277,336.396589704057));
#4687=CARTESIAN_POINT('Ctrl Pts',(-106.896143112466,-17.7079731299214,336.677832106204));
#4688=CARTESIAN_POINT('Ctrl Pts',(-106.546160677342,-17.8364904578759,336.959190335378));
#4689=CARTESIAN_POINT('Ctrl Pts',(-106.195995869548,-17.9650747550429,337.24069517777));
#4690=CARTESIAN_POINT('Ctrl Pts',(-105.841842420013,-18.0834327788162,337.522315967933));
#4691=CARTESIAN_POINT('Ctrl Pts',(-105.484174646961,-18.1912997880888,337.804112590206));
#4692=CARTESIAN_POINT('Ctrl Pts',(-105.365190742226,-18.2271834737945,337.897856743259));
#4693=CARTESIAN_POINT('Ctrl Pts',(-105.245818190964,-18.2619058249732,337.991620355065));
#4694=CARTESIAN_POINT('Ctrl Pts',(-105.126075310229,-18.2954561409695,338.085405630267));
#4695=CARTESIAN_POINT('Ctrl Pts',(-104.846448151032,-18.3738038431007,338.304415812069));
#4696=CARTESIAN_POINT('Ctrl Pts',(-104.565233290978,-18.4456240010361,338.523199693773));
#4697=CARTESIAN_POINT('Ctrl Pts',(-104.282696692642,-18.5109262496142,338.741816635271));
#4698=CARTESIAN_POINT('Ctrl Pts',(-103.858343405578,-18.6090063709155,339.070166372187));
#4699=CARTESIAN_POINT('Ctrl Pts',(-103.431009738884,-18.6923857427018,339.398139520946));
#4700=CARTESIAN_POINT('Ctrl Pts',(-103.001482389073,-18.7610372824046,339.725937199893));
#4701=CARTESIAN_POINT('Ctrl Pts',(-102.588006695684,-18.8271232790083,340.041484912172));
#4702=CARTESIAN_POINT('Ctrl Pts',(-102.172497456423,-18.8795615659014,340.35687002438));
#4703=CARTESIAN_POINT('Ctrl Pts',(-101.755632787547,-18.9182802091613,340.6722719393));
#4704=CARTESIAN_POINT('Ctrl Pts',(-101.340540440303,-18.9568342381133,340.986332906719));
#4705=CARTESIAN_POINT('Ctrl Pts',(-100.924103596842,-18.981785224837,341.300410534278));
#4706=CARTESIAN_POINT('Ctrl Pts',(-100.506977394664,-18.9930126777749,341.614681946256));
#4707=CARTESIAN_POINT('Ctrl Pts',(-100.095262874916,-19.0040944687776,341.92487608601));
#4708=CARTESIAN_POINT('Ctrl Pts',(-99.6828762267573,-19.0018066256843,342.235259014587));
#4709=CARTESIAN_POINT('Ctrl Pts',(-99.2704416263036,-18.9859828135339,342.546001051431));
#4710=CARTESIAN_POINT('Ctrl Pts',(-99.212579365089,-18.9837628214404,342.589596416336));
#4711=CARTESIAN_POINT('Ctrl Pts',(-99.1547161582323,-18.9812763235125,342.633198849396));
#4712=CARTESIAN_POINT('Ctrl Pts',(-99.0968537293725,-18.9785227774411,342.67680882092));
#4713=CARTESIAN_POINT('',(-87.9318319073879,-14.6751258559666,351.853765677335));
#4714=CARTESIAN_POINT('Ctrl Pts',(-99.0968537293725,-18.9785227774411,342.67680882092));
#4715=CARTESIAN_POINT('Ctrl Pts',(-98.7382406599927,-18.9614571680675,342.947090395008));
#4716=CARTESIAN_POINT('Ctrl Pts',(-98.3806341232135,-18.9341793962785,343.217252059598));
#4717=CARTESIAN_POINT('Ctrl Pts',(-98.0243679534733,-18.8968473942806,343.487346828637));
#4718=CARTESIAN_POINT('Ctrl Pts',(-97.6596058364117,-18.8586251289084,343.763882599165));
#4719=CARTESIAN_POINT('Ctrl Pts',(-97.2962485106148,-18.8098630196219,344.040348245557));
#4720=CARTESIAN_POINT('Ctrl Pts',(-96.9346938544411,-18.7506925567025,344.316800665627));
#4721=CARTESIAN_POINT('Ctrl Pts',(-96.5697628107771,-18.6909695288875,344.595834743758));
#4722=CARTESIAN_POINT('Ctrl Pts',(-96.2066680664771,-18.6206423730987,344.874855347385));
#4723=CARTESIAN_POINT('Ctrl Pts',(-95.8458619930831,-18.5398145328113,345.153920983277));
#4724=CARTESIAN_POINT('Ctrl Pts',(-95.4824241274321,-18.4583971179577,345.435022180192));
#4725=CARTESIAN_POINT('Ctrl Pts',(-95.1213082419175,-18.366324790632,345.716169068716));
#4726=CARTESIAN_POINT('Ctrl Pts',(-94.7630233319217,-18.2636784062065,345.997421445262));
#4727=CARTESIAN_POINT('Ctrl Pts',(-94.5025334515032,-18.1890496857151,346.20190507237));
#4728=CARTESIAN_POINT('Ctrl Pts',(-94.2435409785877,-18.1088310082627,346.406444460128));
#4729=CARTESIAN_POINT('Ctrl Pts',(-93.9862577513753,-18.0230474704782,346.611062589176));
#4730=CARTESIAN_POINT('Ctrl Pts',(-93.7114623610213,-17.9314250160849,346.829608194556));
#4731=CARTESIAN_POINT('Ctrl Pts',(-93.4386166014865,-17.8334542970456,347.048243625194));
#4732=CARTESIAN_POINT('Ctrl Pts',(-93.1679712267983,-17.7291612447526,347.26699688096));
#4733=CARTESIAN_POINT('Ctrl Pts',(-92.7615112166289,-17.5725320943581,347.595524389201));
#4734=CARTESIAN_POINT('Ctrl Pts',(-92.3609780714264,-17.4019810320743,347.923543243136));
#4735=CARTESIAN_POINT('Ctrl Pts',(-91.9670330859965,-17.2180424816542,348.251253779711));
#4736=CARTESIAN_POINT('Ctrl Pts',(-91.5730881005666,-17.0341039312341,348.578964316285));
#4737=CARTESIAN_POINT('Ctrl Pts',(-91.1857305296695,-16.8367776564772,348.9063665355));
#4738=CARTESIAN_POINT('Ctrl Pts',(-90.8056254445234,-16.626536058303,349.233660774302));
#4739=CARTESIAN_POINT('Ctrl Pts',(-90.4395697947655,-16.4240654052303,349.548857571));
#4740=CARTESIAN_POINT('Ctrl Pts',(-90.080239872272,-16.2096160135071,349.863954222102));
#4741=CARTESIAN_POINT('Ctrl Pts',(-89.7282233262548,-15.9834971397498,350.179129660984));
#4742=CARTESIAN_POINT('Ctrl Pts',(-89.3803769712583,-15.7600570005792,350.490571349847));
#4743=CARTESIAN_POINT('Ctrl Pts',(-89.0396712274487,-15.5252220041618,350.802089970817));
#4744=CARTESIAN_POINT('Ctrl Pts',(-88.7066935129834,-15.2792444611099,351.113858173061));
#4745=CARTESIAN_POINT('Ctrl Pts',(-88.4434760352979,-15.0848002516728,351.360309620868));
#4746=CARTESIAN_POINT('Ctrl Pts',(-88.1850879743231,-14.8833923346493,351.606917027914));
#4747=CARTESIAN_POINT('Ctrl Pts',(-87.9318319073879,-14.6751258559666,351.853765677335));
#4748=CARTESIAN_POINT('',(-81.5558989938752,-4.56236101989618,361.022208893497));
#4749=CARTESIAN_POINT('Ctrl Pts',(-87.9318319073879,-14.6751258559666,351.853765677335));
#4750=CARTESIAN_POINT('Ctrl Pts',(-87.6532443010052,-14.4460278505837,352.125305652333));
#4751=CARTESIAN_POINT('Ctrl Pts',(-87.3816125472686,-14.2092730422512,352.396724602964));
#4752=CARTESIAN_POINT('Ctrl Pts',(-87.117125835891,-13.9651930107346,352.668076327378));
#4753=CARTESIAN_POINT('Ctrl Pts',(-86.8490844728142,-13.7178325894614,352.943074967978));
#4754=CARTESIAN_POINT('Ctrl Pts',(-86.5883815878347,-13.462948251279,353.218004563202));
#4755=CARTESIAN_POINT('Ctrl Pts',(-86.3352674786116,-13.2008783786444,353.492921109597));
#4756=CARTESIAN_POINT('Ctrl Pts',(-86.0786594185039,-12.9351909310506,353.771632564594));
#4757=CARTESIAN_POINT('Ctrl Pts',(-85.829851164596,-12.6621177096293,354.050330608027));
#4758=CARTESIAN_POINT('Ctrl Pts',(-85.5891567657482,-12.3820117753976,354.329073587501));
#4759=CARTESIAN_POINT('Ctrl Pts',(-85.5475838956341,-12.3336317230252,354.377218229572));
#4760=CARTESIAN_POINT('Ctrl Pts',(-85.506253206389,-12.2850418796372,354.425364212192));
#4761=CARTESIAN_POINT('Ctrl Pts',(-85.4651664716322,-12.236244082645,354.473511836007));
#4762=CARTESIAN_POINT('Ctrl Pts',(-85.2251948801389,-11.9512351843982,354.754723326333));
#4763=CARTESIAN_POINT('Ctrl Pts',(-84.9935411257751,-11.6591314438683,355.035990802303));
#4764=CARTESIAN_POINT('Ctrl Pts',(-84.7705444313553,-11.3602951164451,355.317374164317));
#4765=CARTESIAN_POINT('Ctrl Pts',(-84.5474313446135,-11.0613028124764,355.598904393364));
#4766=CARTESIAN_POINT('Ctrl Pts',(-84.3329845347054,-10.7555704028693,355.88055062946));
#4767=CARTESIAN_POINT('Ctrl Pts',(-84.1275930918899,-10.4434771049225,356.162372866849));
#4768=CARTESIAN_POINT('Ctrl Pts',(-84.0602378751599,-10.3411305249724,356.25479248092));
#4769=CARTESIAN_POINT('Ctrl Pts',(-83.9938568731553,-10.2381000454668,356.347231022509));
#4770=CARTESIAN_POINT('Ctrl Pts',(-83.9284649140671,-10.1343995618071,356.439690607423));
#4771=CARTESIAN_POINT('Ctrl Pts',(-83.773871008247,-9.88924001883063,356.658275408392));
#4772=CARTESIAN_POINT('Ctrl Pts',(-83.6250571212488,-9.64070882305031,356.876635261778));
#4773=CARTESIAN_POINT('Ctrl Pts',(-83.4820896197322,-9.38906198107238,357.094829168094));
#4774=CARTESIAN_POINT('Ctrl Pts',(-83.2673618340458,-9.01110497280361,357.422542066874));
#4775=CARTESIAN_POINT('Ctrl Pts',(-83.0658203082497,-8.62612155420547,357.749880621181));
#4776=CARTESIAN_POINT('Ctrl Pts',(-82.8777143447795,-8.23485335024802,358.077044729057));
#4777=CARTESIAN_POINT('Ctrl Pts',(-82.6962931725368,-7.85748978923293,358.392582284973));
#4778=CARTESIAN_POINT('Ctrl Pts',(-82.5273694535124,-7.47427945944499,358.707957572885));
#4779=CARTESIAN_POINT('Ctrl Pts',(-82.3712059060496,-7.08585150327678,359.023349927668));
#4780=CARTESIAN_POINT('Ctrl Pts',(-82.2157047044472,-6.69907100999606,359.337404589859));
#4781=CARTESIAN_POINT('Ctrl Pts',(-82.0728553197304,-6.30711656603843,359.651476174454));
#4782=CARTESIAN_POINT('Ctrl Pts',(-81.9429604977561,-5.910581516034,359.965741744124));
#4783=CARTESIAN_POINT('Ctrl Pts',(-81.8147455159672,-5.5191745804671,360.275943133831));
#4784=CARTESIAN_POINT('Ctrl Pts',(-81.6991519308788,-5.12330426370395,360.586333523704));
#4785=CARTESIAN_POINT('Ctrl Pts',(-81.5965176517916,-4.72352129430278,360.897083195381));
#4786=CARTESIAN_POINT('Ctrl Pts',(-81.5827443453655,-4.66987125271345,360.938785153907));
#4787=CARTESIAN_POINT('Ctrl Pts',(-81.5692044974103,-4.61615072440839,360.980493582768));
#4788=CARTESIAN_POINT('Ctrl Pts',(-81.5558989938752,-4.56236101989621,361.022208893497));
#4789=CARTESIAN_POINT('',(-82.4780391719591,7.34716875677981,370.182900006874));
#4790=CARTESIAN_POINT('Ctrl Pts',(-81.5558989938753,-4.56236101989619,361.022208893497));
#4791=CARTESIAN_POINT('Ctrl Pts',(-81.4692812518417,-4.21219443377499,361.293772778526));
#4792=CARTESIAN_POINT('Ctrl Pts',(-81.3928170663215,-3.86004031529707,361.565215621986));
#4793=CARTESIAN_POINT('Ctrl Pts',(-81.326460268627,-3.50627780097933,361.836591272909));
#4794=CARTESIAN_POINT('Ctrl Pts',(-81.259212168105,-3.14776355752101,362.111612034709));
#4795=CARTESIAN_POINT('Ctrl Pts',(-81.2023451561724,-2.7875970951696,362.386563786792));
#4796=CARTESIAN_POINT('Ctrl Pts',(-81.1558580185668,-2.4261994956953,362.661502577364));
#4797=CARTESIAN_POINT('Ctrl Pts',(-81.1087301578862,-2.05982082418282,362.940230795215));
#4798=CARTESIAN_POINT('Ctrl Pts',(-81.0722706266029,-1.69217649349,363.218945691801));
#4799=CARTESIAN_POINT('Ctrl Pts',(-81.0465205796052,-1.32373740877655,363.497705664918));
#4800=CARTESIAN_POINT('Ctrl Pts',(-81.042147340583,-1.26116384599038,363.545048646171));
#4801=CARTESIAN_POINT('Ctrl Pts',(-81.0380830927401,-1.19856744096172,363.592392927595));
#4802=CARTESIAN_POINT('Ctrl Pts',(-81.0343281456097,-1.13595060234973,363.639738795261));
#4803=CARTESIAN_POINT('Ctrl Pts',(-81.0120247272396,-0.76402271625779,363.920961048998));
#4804=CARTESIAN_POINT('Ctrl Pts',(-81.0006308840001,-0.391370678109333,
364.202239266208));
#4805=CARTESIAN_POINT('Ctrl Pts',(-81.0002024135724,-0.0184876844060099,
364.48363339491));
#4806=CARTESIAN_POINT('Ctrl Pts',(-80.9997737191691,0.354590227580751,364.765174617639));
#4807=CARTESIAN_POINT('Ctrl Pts',(-81.0103222986607,0.727899622955368,365.046831873074));
#4808=CARTESIAN_POINT('Ctrl Pts',(-81.0319338345426,1.10090392916083,365.328665203295));
#4809=CARTESIAN_POINT('Ctrl Pts',(-81.0389765284641,1.22245730576238,365.420508091855));
#4810=CARTESIAN_POINT('Ctrl Pts',(-81.0471942672474,1.343977928012,365.512369678776));
#4811=CARTESIAN_POINT('Ctrl Pts',(-81.0565905806877,1.4654461700286,365.604252041913));
#4812=CARTESIAN_POINT('Ctrl Pts',(-81.078925119529,1.75416974087753,365.822651547352));
#4813=CARTESIAN_POINT('Ctrl Pts',(-81.1078981174803,2.04214860715045,366.04082669267));
#4814=CARTESIAN_POINT('Ctrl Pts',(-81.1434102923472,2.32913842743942,366.258836322296));
#4815=CARTESIAN_POINT('Ctrl Pts',(-81.1967471399578,2.76017742654128,366.586271812706));
#4816=CARTESIAN_POINT('Ctrl Pts',(-81.2648322835986,3.18898505537916,366.913333933202));
#4817=CARTESIAN_POINT('Ctrl Pts',(-81.3474237019238,3.61481943226825,367.240222051839));
#4818=CARTESIAN_POINT('Ctrl Pts',(-81.427146136926,4.0258615734691,367.555755037221));
#4819=CARTESIAN_POINT('Ctrl Pts',(-81.5203848534427,4.43413411577705,367.871125899409));
#4820=CARTESIAN_POINT('Ctrl Pts',(-81.62697511096,4.83897551006517,368.18651394343));
#4821=CARTESIAN_POINT('Ctrl Pts',(-81.733113777988,5.24210171454498,368.500565784271));
#4822=CARTESIAN_POINT('Ctrl Pts',(-81.852491110435,5.64182638097241,368.814634661665));
#4823=CARTESIAN_POINT('Ctrl Pts',(-81.9849958460217,6.03749273745899,369.128897611297));
#4824=CARTESIAN_POINT('Ctrl Pts',(-82.1157893998841,6.42804941212832,369.439102132274));
#4825=CARTESIAN_POINT('Ctrl Pts',(-82.2593735633716,6.81465246774292,369.749495745312));
#4826=CARTESIAN_POINT('Ctrl Pts',(-82.4156907121353,7.19665825949132,370.060248715513));
#4827=CARTESIAN_POINT('Ctrl Pts',(-82.4362531581884,7.24690849465065,370.101126131945));
#4828=CARTESIAN_POINT('Ctrl Pts',(-82.4570360006129,7.29707915658459,370.142009766548));
#4829=CARTESIAN_POINT('Ctrl Pts',(-82.4780391719591,7.34716875677979,370.182900006874));
#4830=CARTESIAN_POINT('',(-90.3178438852126,16.3479617374425,379.336593842847));
#4831=CARTESIAN_POINT('Ctrl Pts',(-82.4780391719591,7.34716875677979,370.182900006874));
#4832=CARTESIAN_POINT('Ctrl Pts',(-82.616907872007,7.6783510125616,370.453258518988));
#4833=CARTESIAN_POINT('Ctrl Pts',(-82.7650322051212,8.00508997213082,370.723497065504));
#4834=CARTESIAN_POINT('Ctrl Pts',(-82.9221494372632,8.32712529442873,370.993668814238));
#4835=CARTESIAN_POINT('Ctrl Pts',(-83.0830020879071,8.65681691696025,371.270263821167));
#4836=CARTESIAN_POINT('Ctrl Pts',(-83.2532807630095,8.98157871316959,371.546788816359));
#4837=CARTESIAN_POINT('Ctrl Pts',(-83.4327257090885,9.30108114251918,371.82330085065));
#4838=CARTESIAN_POINT('Ctrl Pts',(-83.6138412628949,9.6235580954708,372.102387173888));
#4839=CARTESIAN_POINT('Ctrl Pts',(-83.8042950637258,9.9406773219385,372.381460293774));
#4840=CARTESIAN_POINT('Ctrl Pts',(-84.0038350805622,10.2520485038806,372.660578869431));
#4841=CARTESIAN_POINT('Ctrl Pts',(-84.2048189432807,10.5656727276234,372.94171711118));
#4842=CARTESIAN_POINT('Ctrl Pts',(-84.4150215118255,10.8734654458908,373.222901468905));
#4843=CARTESIAN_POINT('Ctrl Pts',(-84.6341926396982,11.1749754728481,373.504191884313));
#4844=CARTESIAN_POINT('Ctrl Pts',(-84.7907509742471,11.3903501352337,373.705123272441));
#4845=CARTESIAN_POINT('Ctrl Pts',(-84.951885715392,11.6025179423054,373.906108776836));
#4846=CARTESIAN_POINT('Ctrl Pts',(-85.1175057565682,11.8112981674716,374.107170245298));
#4847=CARTESIAN_POINT('Ctrl Pts',(-85.2970712383344,12.0376579814709,374.325161372414));
#4848=CARTESIAN_POINT('Ctrl Pts',(-85.4819092975148,12.2600359350205,374.543241794733));
#4849=CARTESIAN_POINT('Ctrl Pts',(-85.6719106784468,12.4782071000866,374.761439356639));
#4850=CARTESIAN_POINT('Ctrl Pts',(-85.9572563330616,12.8058583708747,375.08913027042));
#4851=CARTESIAN_POINT('Ctrl Pts',(-86.2536050934759,13.1232367134927,375.416316510517));
#4852=CARTESIAN_POINT('Ctrl Pts',(-86.5602349692865,13.4299063104848,375.743196824799));
#4853=CARTESIAN_POINT('Ctrl Pts',(-86.8668648450972,13.736575907477,376.070077139081));
#4854=CARTESIAN_POINT('Ctrl Pts',(-87.1837763078733,14.0325373699451,376.396651527548));
#4855=CARTESIAN_POINT('Ctrl Pts',(-87.5103037423299,14.317330264537,376.723118738069));
#4856=CARTESIAN_POINT('Ctrl Pts',(-87.825547510501,14.5922816951538,377.038304363437));
#4857=CARTESIAN_POINT('Ctrl Pts',(-88.1497547966182,14.8568234492885,377.353390090276));
#4858=CARTESIAN_POINT('Ctrl Pts',(-88.4824343651444,15.1105087439273,377.66855476613));
#4859=CARTESIAN_POINT('Ctrl Pts',(-88.8111930958913,15.3612041979467,377.980005028221));
#4860=CARTESIAN_POINT('Ctrl Pts',(-89.1482259708095,15.6012979916515,378.291532389367));
#4861=CARTESIAN_POINT('Ctrl Pts',(-89.4930952050782,15.8303239564587,378.603309447854));
#4862=CARTESIAN_POINT('Ctrl Pts',(-89.7632669559636,16.0097436893943,378.84755667378));
#4863=CARTESIAN_POINT('Ctrl Pts',(-90.0382488038379,16.1823702545241,379.091957144202));
#4864=CARTESIAN_POINT('Ctrl Pts',(-90.3178438852125,16.3479617374425,379.336593842847));
#4865=CARTESIAN_POINT('',(-102.064883163546,18.8874629720591,388.555456857377));
#4866=CARTESIAN_POINT('Ctrl Pts',(-90.3178438852125,16.3479617374425,379.336593842847));
#4867=CARTESIAN_POINT('Ctrl Pts',(-90.6265960471957,16.5308216364997,379.606736879325));
#4868=CARTESIAN_POINT('Ctrl Pts',(-90.9401162106488,16.7046055944908,379.876760111482));
#4869=CARTESIAN_POINT('Ctrl Pts',(-91.2580395766778,16.869263002539,380.146716276485));
#4870=CARTESIAN_POINT('Ctrl Pts',(-91.5835860387845,17.0378685294598,380.42314539064));
#4871=CARTESIAN_POINT('Ctrl Pts',(-91.9137498156293,17.1969044312866,380.699504182838));
#4872=CARTESIAN_POINT('Ctrl Pts',(-92.248127032372,17.3462628287819,380.975849275497));
#4873=CARTESIAN_POINT('Ctrl Pts',(-92.585644018356,17.4970236869679,381.254789221448));
#4874=CARTESIAN_POINT('Ctrl Pts',(-92.9274543642089,17.6379241608293,381.533715209376));
#4875=CARTESIAN_POINT('Ctrl Pts',(-93.2731240332017,17.7688029760411,381.812685471759));
#4876=CARTESIAN_POINT('Ctrl Pts',(-93.6213514534571,17.9006502171371,382.093719949215));
#4877=CARTESIAN_POINT('Ctrl Pts',(-93.9734959530812,18.022326650048,382.374799358759));
#4878=CARTESIAN_POINT('Ctrl Pts',(-94.3290884766904,18.1336209535718,382.655983235115));
#4879=CARTESIAN_POINT('Ctrl Pts',(-94.5957760976292,18.2170895617684,382.866865787623));
#4880=CARTESIAN_POINT('Ctrl Pts',(-94.8644026490889,18.2947175356891,383.077807099729));
#4881=CARTESIAN_POINT('Ctrl Pts',(-95.1347588293071,18.3664002688284,383.28883228573));
#4882=CARTESIAN_POINT('Ctrl Pts',(-95.416029528759,18.4409768976017,383.508376746007));
#4883=CARTESIAN_POINT('Ctrl Pts',(-95.69917250433,18.5091185681223,383.728011989006));
#4884=CARTESIAN_POINT('Ctrl Pts',(-95.9839607075241,18.570707497674,383.947766295131));
#4885=CARTESIAN_POINT('Ctrl Pts',(-96.3886786561486,18.6582327004266,384.260063331942));
#4886=CARTESIAN_POINT('Ctrl Pts',(-96.7958205791284,18.7322998584723,384.57189845191));
#4887=CARTESIAN_POINT('Ctrl Pts',(-97.2046582687807,18.7929832337321,384.883443839643));
#4888=CARTESIAN_POINT('Ctrl Pts',(-97.6181490504603,18.8543572628546,385.198535009472));
#4889=CARTESIAN_POINT('Ctrl Pts',(-98.033374975959,18.9020413843602,385.513329814495));
#4890=CARTESIAN_POINT('Ctrl Pts',(-98.4496095799307,18.9360668653561,385.828006385527));
#4891=CARTESIAN_POINT('Ctrl Pts',(-98.4916754313686,18.9395055771187,385.859808493669));
#4892=CARTESIAN_POINT('Ctrl Pts',(-98.5337516033192,18.9428047437378,385.891609394205));
#4893=CARTESIAN_POINT('Ctrl Pts',(-98.5758373574656,18.9459643703558,385.923409271006));
#4894=CARTESIAN_POINT('Ctrl Pts',(-98.9930125650569,18.9772841819408,386.238625677955));
#4895=CARTESIAN_POINT('Ctrl Pts',(-99.4111281674676,18.9948972357203,386.553741495008));
#4896=CARTESIAN_POINT('Ctrl Pts',(-99.8295230968244,18.9987400708107,386.868935809012));
#4897=CARTESIAN_POINT('Ctrl Pts',(-100.242915482915,19.0025369590039,387.180361498965));
#4898=CARTESIAN_POINT('Ctrl Pts',(-100.656581109196,18.9928910434693,387.491863819991));
#4899=CARTESIAN_POINT('Ctrl Pts',(-101.069890717543,18.9696914347,387.803615511673));
#4900=CARTESIAN_POINT('Ctrl Pts',(-101.401892907438,18.9510557176479,388.05403854141));
#4901=CARTESIAN_POINT('Ctrl Pts',(-101.733665641944,18.9236735253155,388.304622478629));
#4902=CARTESIAN_POINT('Ctrl Pts',(-102.064883163546,18.8874629720591,388.555456857377));
#4903=CARTESIAN_POINT('',(-112.963916437559,13.8901717268001,397.751809663654));
#4904=CARTESIAN_POINT('Ctrl Pts',(-102.064883163546,18.8874629720591,388.555456857377));
#4905=CARTESIAN_POINT('Ctrl Pts',(-102.421692794022,18.8484545462239,388.825674188469));
#4906=CARTESIAN_POINT('Ctrl Pts',(-102.776871036282,18.7993194278354,389.095771658184));
#4907=CARTESIAN_POINT('Ctrl Pts',(-103.130094998716,18.740235871741,389.365802152236));
#4908=CARTESIAN_POINT('Ctrl Pts',(-103.491763718348,18.6797397662764,389.642288442612));
#4909=CARTESIAN_POINT('Ctrl Pts',(-103.851383839434,18.6088134680355,389.918704516581));
#4910=CARTESIAN_POINT('Ctrl Pts',(-104.20856688931,18.5276128133502,390.195107144382));
#4911=CARTESIAN_POINT('Ctrl Pts',(-104.56909412789,18.44565190335,390.474097640072));
#4912=CARTESIAN_POINT('Ctrl Pts',(-104.927138612903,18.3532228648357,390.753074436631));
#4913=CARTESIAN_POINT('Ctrl Pts',(-105.282255734314,18.2504568994135,391.03209591384));
#4914=CARTESIAN_POINT('Ctrl Pts',(-105.639980680648,18.1469362656592,391.313166402819));
#4915=CARTESIAN_POINT('Ctrl Pts',(-105.994735281285,18.0329258352699,391.594282231088));
#4916=CARTESIAN_POINT('Ctrl Pts',(-106.346016957392,17.9085377604617,391.875503074039));
#4917=CARTESIAN_POINT('Ctrl Pts',(-106.605143438201,17.8167816391723,392.082948472762));
#4918=CARTESIAN_POINT('Ctrl Pts',(-106.862379165856,17.7193781124355,392.290451014431));
#4919=CARTESIAN_POINT('Ctrl Pts',(-107.117505004276,17.6163669825098,392.498034652282));
#4920=CARTESIAN_POINT('Ctrl Pts',(-107.386671585339,17.5076866786045,392.717042567871));
#4921=CARTESIAN_POINT('Ctrl Pts',(-107.65348983209,17.39276447016,392.936140751455));
#4922=CARTESIAN_POINT('Ctrl Pts',(-107.91770938072,17.2716419651321,393.15535733268));
#4923=CARTESIAN_POINT('Ctrl Pts',(-108.294119550403,17.0990894688979,393.467655763907));
#4924=CARTESIAN_POINT('Ctrl Pts',(-108.664403586392,16.9143120482659,393.779493498839));
#4925=CARTESIAN_POINT('Ctrl Pts',(-109.028023072961,16.7178050054083,394.09104267231));
#4926=CARTESIAN_POINT('Ctrl Pts',(-109.395763972927,16.5190706705909,394.406123072749));
#4927=CARTESIAN_POINT('Ctrl Pts',(-109.756688990276,16.3083391806545,394.720908333306));
#4928=CARTESIAN_POINT('Ctrl Pts',(-110.110235271459,16.0860703087535,395.03557650855));
#4929=CARTESIAN_POINT('Ctrl Pts',(-110.144167950734,16.0647373779765,395.065777743401));
#4930=CARTESIAN_POINT('Ctrl Pts',(-110.178032650111,16.0432981286696,395.095977899686));
#4931=CARTESIAN_POINT('Ctrl Pts',(-110.211828865921,16.0217529429226,395.126177134831));
#4932=CARTESIAN_POINT('Ctrl Pts',(-110.564578247895,15.7968741872793,395.44138288429));
#4933=CARTESIAN_POINT('Ctrl Pts',(-110.909868452799,15.5604584588323,395.756488282522));
#4934=CARTESIAN_POINT('Ctrl Pts',(-111.247132196669,15.3128510262438,396.071672333764));
#4935=CARTESIAN_POINT('Ctrl Pts',(-111.58038311229,15.0681896740398,396.383106265145));
#4936=CARTESIAN_POINT('Ctrl Pts',(-111.905797931259,14.8126011001428,396.694616989016));
#4937=CARTESIAN_POINT('Ctrl Pts',(-112.222806224767,14.5463736383543,397.006377195858));
#4938=CARTESIAN_POINT('Ctrl Pts',(-112.47527604455,14.3343463801542,397.254667366333));
#4939=CARTESIAN_POINT('Ctrl Pts',(-112.722413473646,14.1155702535546,397.503115777655));
#4940=CARTESIAN_POINT('Ctrl Pts',(-112.963916437559,13.8901717268001,397.751809663654));
#4941=CARTESIAN_POINT('',(-118.69573971948,3.38663791118433,406.928802478921));
#4942=CARTESIAN_POINT('Ctrl Pts',(-112.963916437559,13.8901717268001,397.751809663654));
#4943=CARTESIAN_POINT('Ctrl Pts',(-113.226381110404,13.6452093063563,398.022090944852));
#4944=CARTESIAN_POINT('Ctrl Pts',(-113.481472971678,13.393109442151,398.292252316796));
#4945=CARTESIAN_POINT('Ctrl Pts',(-113.729039586866,13.1342084976117,398.562346793091));
#4946=CARTESIAN_POINT('Ctrl Pts',(-113.982510009999,12.8691334513981,398.838882307139));
#4947=CARTESIAN_POINT('Ctrl Pts',(-114.228091959444,12.5969286306892,399.115347696929));
#4948=CARTESIAN_POINT('Ctrl Pts',(-114.465567055464,12.3179516554368,399.391799859933));
#4949=CARTESIAN_POINT('Ctrl Pts',(-114.705259950099,12.0363692922508,399.67083383145));
#4950=CARTESIAN_POINT('Ctrl Pts',(-114.936693709121,11.7478872078199,399.949854327977));
#4951=CARTESIAN_POINT('Ctrl Pts',(-115.159590252339,11.4528768776626,400.228919856031));
#4952=CARTESIAN_POINT('Ctrl Pts',(-115.384112905253,11.155714342041,400.510021266536));
#4953=CARTESIAN_POINT('Ctrl Pts',(-115.599973165771,10.8519274648607,400.791168368008));
#4954=CARTESIAN_POINT('Ctrl Pts',(-115.806835158061,10.5419071190568,401.072420956806));
#4955=CARTESIAN_POINT('Ctrl Pts',(-115.957237491822,10.316501847619,401.276910168494));
#4956=CARTESIAN_POINT('Ctrl Pts',(-116.10288203079,10.0878016173259,401.481455143425));
#4957=CARTESIAN_POINT('Ctrl Pts',(-116.243623441754,9.85596259354599,401.686078864052));
#4958=CARTESIAN_POINT('Ctrl Pts',(-116.393940997289,9.6083490795584,401.904625326523));
#4959=CARTESIAN_POINT('Ctrl Pts',(-116.538665619984,9.35715491626547,402.12326161507));
#4960=CARTESIAN_POINT('Ctrl Pts',(-116.677622830778,9.1025620685098,402.342015729807));
#4961=CARTESIAN_POINT('Ctrl Pts',(-116.886311229472,8.72021002349213,402.670544531237));
#4962=CARTESIAN_POINT('Ctrl Pts',(-117.081474778364,8.33107356079623,402.99856467219));
#4963=CARTESIAN_POINT('Ctrl Pts',(-117.262954764557,7.93598799972915,403.326276492078));
#4964=CARTESIAN_POINT('Ctrl Pts',(-117.444434750751,7.54090243866206,403.653988311965));
#4965=CARTESIAN_POINT('Ctrl Pts',(-117.612231589874,7.13986711707173,403.981391810786));
#4966=CARTESIAN_POINT('Ctrl Pts',(-117.766143572962,6.73367249322896,404.308687327951));
#4967=CARTESIAN_POINT('Ctrl Pts',(-117.914365944842,6.34249352598573,404.623883824588));
#4968=CARTESIAN_POINT('Ctrl Pts',(-118.049711109651,5.94652890650721,404.938980175449));
#4969=CARTESIAN_POINT('Ctrl Pts',(-118.17193089298,5.54639459571299,405.254155313501));
#4970=CARTESIAN_POINT('Ctrl Pts',(-118.292702636382,5.15100101054098,405.565596308262));
#4971=CARTESIAN_POINT('Ctrl Pts',(-118.400658418071,4.75153544838352,405.877114234359));
#4972=CARTESIAN_POINT('Ctrl Pts',(-118.495513409455,4.34857028700345,406.188881739907));
#4973=CARTESIAN_POINT('Ctrl Pts',(-118.570497387483,4.03002162271306,406.435337592619));
#4974=CARTESIAN_POINT('Ctrl Pts',(-118.637293749628,3.70928552473249,406.681949409704));
#4975=CARTESIAN_POINT('Ctrl Pts',(-118.69573971948,3.38663791118433,406.928802478921));
#4976=CARTESIAN_POINT('Ctrl Pts',(-118.69573971948,3.38663791118432,406.928802478921));
#4977=CARTESIAN_POINT('Ctrl Pts',(-118.898531985377,2.26713487609037,407.78532230885));
#4978=CARTESIAN_POINT('Ctrl Pts',(-119.,1.13384849303259,408.640914347428));
#4979=CARTESIAN_POINT('Ctrl Pts',(-119.,-3.52176621198907E-12,409.496668183465));
#4980=CARTESIAN_POINT('Ctrl Pts',(-84.9548034413314,11.1721104466477,10.4433368624173));
#4981=CARTESIAN_POINT('Ctrl Pts',(-84.8395924124429,11.0169848331651,10.2955579082782));
#4982=CARTESIAN_POINT('Ctrl Pts',(-84.7268584663387,10.8600137423961,10.1477789541391));
#4983=CARTESIAN_POINT('Ctrl Pts',(-84.6166773460019,10.7012534947945,10.));
#4984=CARTESIAN_POINT('Ctrl Pts',(-84.9861089598098,11.2897162133092,10.2954946908242));
#4985=CARTESIAN_POINT('Ctrl Pts',(-84.8696554005005,11.1349213494162,10.1477157366851));
#4986=CARTESIAN_POINT('Ctrl Pts',(-84.755668584366,10.9782626772419,9.99993678254599));
#4987=CARTESIAN_POINT('Ctrl Pts',(-84.6442243347462,10.8197959565977,9.85215782840688));
#4988=CARTESIAN_POINT('Ctrl Pts',(-85.0174144782881,11.4073219799707,10.1476525192311));
#4989=CARTESIAN_POINT('Ctrl Pts',(-84.8997183885581,11.2528578656672,9.99987356509198));
#4990=CARTESIAN_POINT('Ctrl Pts',(-84.7844787023933,11.0965116120877,9.85209461095287));
#4991=CARTESIAN_POINT('Ctrl Pts',(-84.6717713234906,10.9383384184008,9.70431565681376));
#4992=CARTESIAN_POINT('Ctrl Pts',(-85.0487199967664,11.5249277466323,9.99981034763797));
#4993=CARTESIAN_POINT('Ctrl Pts',(-84.9297813766157,11.3707943819182,9.85203139349886));
#4994=CARTESIAN_POINT('Ctrl Pts',(-84.8132888204206,11.2147605469334,9.70425243935975));
#4995=CARTESIAN_POINT('Ctrl Pts',(-84.699318312235,11.056880880204,9.55647348522064));
#4996=CARTESIAN_POINT('',(-85.0486798379574,11.5247768816172,10.));
#4997=CARTESIAN_POINT('',(-84.6166773460019,10.7012534947945,10.));
#4998=CARTESIAN_POINT('Ctrl Pts',(-85.0486798379575,11.5247768816172,10.));
#4999=CARTESIAN_POINT('Ctrl Pts',(-84.8986713264018,11.2534866539363,10.));
#5000=CARTESIAN_POINT('Ctrl Pts',(-84.7545986202408,10.9789181113864,10.));
#5001=CARTESIAN_POINT('Ctrl Pts',(-84.6166773460019,10.7012534947945,10.));
#5002=CARTESIAN_POINT('',(-84.6992636912746,11.0566458308062,9.55676663092452));
#5003=CARTESIAN_POINT('Ctrl Pts',(-84.6992636912745,11.0566458308062,9.55676663092453));
#5004=CARTESIAN_POINT('Ctrl Pts',(-84.7839058170477,11.1740243874115,9.66623745768724));
#5005=CARTESIAN_POINT('Ctrl Pts',(-84.8699176095419,11.2902635058094,9.77587710083452));
#5006=CARTESIAN_POINT('Ctrl Pts',(-84.9572592943703,11.4053557392139,9.88565252448143));
#5007=CARTESIAN_POINT('Ctrl Pts',(-84.9875674524575,11.4452935262109,9.92374534236692));
#5008=CARTESIAN_POINT('Ctrl Pts',(-85.0180414362905,11.4851003890656,9.96186238680864));
#5009=CARTESIAN_POINT('Ctrl Pts',(-85.0486798379575,11.5247768816172,10.));
#5010=CARTESIAN_POINT('Ctrl Pts',(-84.6992636912745,11.0566458308062,9.55676663092453));
#5011=CARTESIAN_POINT('Ctrl Pts',(-84.671734909517,10.9381817188023,9.70451108728302));
#5012=CARTESIAN_POINT('Ctrl Pts',(-84.6442061277594,10.8197176067984,9.85225554364151));
#5013=CARTESIAN_POINT('Ctrl Pts',(-84.6166773460019,10.7012534947945,10.));
#5014=CARTESIAN_POINT('Ctrl Pts',(-84.7696104192804,11.3593676417092,9.17922216937287));
#5015=CARTESIAN_POINT('Ctrl Pts',(-84.0763313369442,10.4298343397519,8.30501053419522));
#5016=CARTESIAN_POINT('Ctrl Pts',(-82.8666455244472,8.44112843176619,6.55658726383992));
#5017=CARTESIAN_POINT('Ctrl Pts',(-81.4111633564614,4.63496846587456,3.49684654071815));
#5018=CARTESIAN_POINT('Ctrl Pts',(-81.0000000000009,1.73939733882269,1.31131745277403));
#5019=CARTESIAN_POINT('Ctrl Pts',(-81.,1.00311163654177E-11,7.55858204866794E-12));
#5020=CARTESIAN_POINT('Ctrl Pts',(-52.1177639142811,28.5034741243457,16.8417485480392));
#5021=CARTESIAN_POINT('Ctrl Pts',(-50.3437996685495,25.5157194673617,15.9675369128615));
#5022=CARTESIAN_POINT('Ctrl Pts',(-47.4165323239459,19.3173312910922,14.2191136425062));
#5023=CARTESIAN_POINT('Ctrl Pts',(-44.3670204380926,7.93011693832738,11.1593729193844));
#5024=CARTESIAN_POINT('Ctrl Pts',(-44.0301154349154,-0.595223090237095,
8.97384383144032));
#5025=CARTESIAN_POINT('Ctrl Pts',(-44.5764973038982,-5.7785740992891,7.66252637867385));
#5026=CARTESIAN_POINT('Ctrl Pts',(-19.4659174092816,45.6475806069823,24.5042749267054));
#5027=CARTESIAN_POINT('Ctrl Pts',(-16.6112680001547,40.6016045949716,23.6300632915278));
#5028=CARTESIAN_POINT('Ctrl Pts',(-11.9664191234446,30.1935341504183,21.8816400211725));
#5029=CARTESIAN_POINT('Ctrl Pts',(-7.32287751972384,11.2252654107802,18.8218992980507));
#5030=CARTESIAN_POINT('Ctrl Pts',(-7.06023086982992,-2.9298435192969,16.6363702101066));
#5031=CARTESIAN_POINT('Ctrl Pts',(-8.1529946077965,-11.5571481985882,15.3250527573401));
#5032=CARTESIAN_POINT('Ctrl Pts',(13.1859290957177,62.7916870896188,32.1668013053717));
#5033=CARTESIAN_POINT('Ctrl Pts',(17.12126366824,55.6874897225815,31.2925896701941));
#5034=CARTESIAN_POINT('Ctrl Pts',(23.4836940770566,41.0697370097443,29.5441663998388));
#5035=CARTESIAN_POINT('Ctrl Pts',(29.7212653986449,14.520413883233,26.484425676717));
#5036=CARTESIAN_POINT('Ctrl Pts',(29.9096536952556,-5.26446394835667,24.2988965887729));
#5037=CARTESIAN_POINT('Ctrl Pts',(28.2705080883053,-17.3357222978874,22.9875791360064));
#5038=CARTESIAN_POINT('',(-84.7696104192804,11.3593676417092,9.17922216937287));
#5039=CARTESIAN_POINT('',(-81.,0.,-1.83697019872103E-16));
#5040=CARTESIAN_POINT('Ctrl Pts',(-84.7696104192804,11.3593676417092,9.17922216937287));
#5041=CARTESIAN_POINT('Ctrl Pts',(-84.5395083287455,11.0508518340758,8.88906784343171));
#5042=CARTESIAN_POINT('Ctrl Pts',(-84.3191674482624,10.7357241307831,8.59934098542348));
#5043=CARTESIAN_POINT('Ctrl Pts',(-84.108728958756,10.4144533020064,8.30988215717987));
#5044=CARTESIAN_POINT('Ctrl Pts',(-83.8943275993167,10.087132465407,8.01497238842638));
#5045=CARTESIAN_POINT('Ctrl Pts',(-83.6902051257955,9.75343446499948,7.72034083928625));
#5046=CARTESIAN_POINT('Ctrl Pts',(-83.4965651772118,9.41384906574801,7.4258188935302));
#5047=CARTESIAN_POINT('Ctrl Pts',(-83.306263880219,9.08011864291941,7.13637496070467));
#5048=CARTESIAN_POINT('Ctrl Pts',(-83.1260870572646,8.74070161170302,6.84703688438209));
#5049=CARTESIAN_POINT('Ctrl Pts',(-82.9562770007707,8.39606436376595,6.55764462043548));
#5050=CARTESIAN_POINT('Ctrl Pts',(-82.7820993095315,8.04256280207915,6.26080898279748));
#5051=CARTESIAN_POINT('Ctrl Pts',(-82.6188284436971,7.68356850848335,5.96391633419934));
#5052=CARTESIAN_POINT('Ctrl Pts',(-82.4667767494163,7.31959393141048,5.66679396081259));
#5053=CARTESIAN_POINT('Ctrl Pts',(-82.3153942177591,6.9572211660379,5.37097919000053));
#5054=CARTESIAN_POINT('Ctrl Pts',(-82.1751324922908,6.58991134071282,5.07493671193714));
#5055=CARTESIAN_POINT('Ctrl Pts',(-82.046348492825,6.21818703607007,4.77849608305655));
#5056=CARTESIAN_POINT('Ctrl Pts',(-82.019256174888,6.13998731337125,4.71613380357793));
#5057=CARTESIAN_POINT('Ctrl Pts',(-81.9926719782555,6.06159230058253,4.65375390368476));
#5058=CARTESIAN_POINT('Ctrl Pts',(-81.9665994914694,5.98300699200307,4.59135479653614));
#5059=CARTESIAN_POINT('Ctrl Pts',(-81.875220329449,5.707580267118,4.37265766308505));
#5060=CARTESIAN_POINT('Ctrl Pts',(-81.7902765454092,5.43027022032774,4.15408430331247));
#5061=CARTESIAN_POINT('Ctrl Pts',(-81.7117755569463,5.1513372217466,3.93559869182493));
#5062=CARTESIAN_POINT('Ctrl Pts',(-81.6047476465452,4.77104116988033,3.63771634781776));
#5063=CARTESIAN_POINT('Ctrl Pts',(-81.5096946264248,4.38772982501489,3.33999711452108));
#5064=CARTESIAN_POINT('Ctrl Pts',(-81.4266585575712,4.002023772276,3.04234969115305));
#5065=CARTESIAN_POINT('Ctrl Pts',(-81.3438117365675,3.61719678380647,2.74538063726584));
#5066=CARTESIAN_POINT('Ctrl Pts',(-81.2729267452258,3.22998564576178,2.44848306635567));
#5067=CARTESIAN_POINT('Ctrl Pts',(-81.214077377808,2.84096625984775,2.15156630047101));
#5068=CARTESIAN_POINT('Ctrl Pts',(-81.1556306627555,2.45460857757999,1.85668106429157));
#5069=CARTESIAN_POINT('Ctrl Pts',(-81.1090550485892,2.06646695240003,1.56177689490637));
#5070=CARTESIAN_POINT('Ctrl Pts',(-81.0744603453386,1.67707085891042,1.26676496293657));
#5071=CARTESIAN_POINT('Ctrl Pts',(-81.0404437192889,1.29418157087409,0.976682677873387));
#5072=CARTESIAN_POINT('Ctrl Pts',(-81.018010636928,0.910079018554209,0.686496201559519));
#5073=CARTESIAN_POINT('Ctrl Pts',(-81.0073069579763,0.525238351228027,0.396121083635316));
#5074=CARTESIAN_POINT('Ctrl Pts',(-81.0024412790702,0.350297461686884,0.264122348202246));
#5075=CARTESIAN_POINT('Ctrl Pts',(-81.0000000000001,0.175203689763407,0.132084631296874));
#5076=CARTESIAN_POINT('Ctrl Pts',(-81.,1.00300692758992E-11,7.55857022789255E-12));
#5077=CARTESIAN_POINT('',(13.1859290957177,62.791687089619,32.1668013053717));
#5078=CARTESIAN_POINT('Ctrl Pts',(13.1859290957177,62.7916870896188,32.1668013053717));
#5079=CARTESIAN_POINT('Ctrl Pts',(-19.4659174092816,45.6475806069823,24.5042749267054));
#5080=CARTESIAN_POINT('Ctrl Pts',(-52.1177639142811,28.5034741243457,16.8417485480392));
#5081=CARTESIAN_POINT('Ctrl Pts',(-84.7696104192804,11.3593676417092,9.17922216937287));
#5082=CARTESIAN_POINT('',(28.2705080883053,-17.3357222978874,22.9875791360064));
#5083=CARTESIAN_POINT('Ctrl Pts',(13.1859290957177,62.7916870896188,32.1668013053717));
#5084=CARTESIAN_POINT('Ctrl Pts',(17.12126366824,55.6874897225815,31.2925896701941));
#5085=CARTESIAN_POINT('Ctrl Pts',(23.4836940770566,41.0697370097443,29.5441663998388));
#5086=CARTESIAN_POINT('Ctrl Pts',(29.7212653986449,14.520413883233,26.484425676717));
#5087=CARTESIAN_POINT('Ctrl Pts',(29.9096536952556,-5.26446394835667,24.2988965887729));
#5088=CARTESIAN_POINT('Ctrl Pts',(28.2705080883053,-17.3357222978874,22.9875791360064));
#5089=CARTESIAN_POINT('Ctrl Pts',(-81.,1.00311163654177E-11,7.55858204866794E-12));
#5090=CARTESIAN_POINT('Ctrl Pts',(-44.5764973038982,-5.7785740992891,7.66252637867385));
#5091=CARTESIAN_POINT('Ctrl Pts',(-8.1529946077965,-11.5571481985882,15.3250527573401));
#5092=CARTESIAN_POINT('Ctrl Pts',(28.2705080883053,-17.3357222978874,22.9875791360064));
#5093=CARTESIAN_POINT('Ctrl Pts',(-94.5797983860614,18.2104754046746,18.3561965562682));
#5094=CARTESIAN_POINT('Ctrl Pts',(-92.9130880750392,17.7143924789399,17.0452002152831));
#5095=CARTESIAN_POINT('Ctrl Pts',(-90.255750643585,16.4946842675929,14.8602063136414));
#5096=CARTESIAN_POINT('Ctrl Pts',(-87.0235395113114,14.0147852826934,11.801214851343));
#5097=CARTESIAN_POINT('Ctrl Pts',(-85.4627197333576,12.2886733221292,10.0532197300296));
#5098=CARTESIAN_POINT('Ctrl Pts',(-84.7696104192804,11.3593676417092,9.17922216937287));
#5099=CARTESIAN_POINT('Ctrl Pts',(-78.6506768277235,51.4719629488858,26.0187229349345));
#5100=CARTESIAN_POINT('Ctrl Pts',(-73.8398080942573,49.4701241051931,24.7077265939494));
#5101=CARTESIAN_POINT('Ctrl Pts',(-66.5075566963015,45.1155874532223,22.5227326923077));
#5102=CARTESIAN_POINT('Ctrl Pts',(-57.9414356384167,37.019850175432,19.4637412300092));
#5103=CARTESIAN_POINT('Ctrl Pts',(-53.8912776394359,31.4904664523355,17.7157461086958));
#5104=CARTESIAN_POINT('Ctrl Pts',(-52.1177639142811,28.5034741243458,16.8417485480392));
#5105=CARTESIAN_POINT('Ctrl Pts',(-62.7215552693857,84.7334504930971,33.6812493136007));
#5106=CARTESIAN_POINT('Ctrl Pts',(-54.7665281134754,81.2258557314463,32.3702529726157));
#5107=CARTESIAN_POINT('Ctrl Pts',(-42.7593627490181,73.7364906388516,30.185259070974));
#5108=CARTESIAN_POINT('Ctrl Pts',(-28.859331765522,60.0249150681706,27.1262676086755));
#5109=CARTESIAN_POINT('Ctrl Pts',(-22.3198355455143,50.6922595825418,25.3782724873621));
#5110=CARTESIAN_POINT('Ctrl Pts',(-19.4659174092817,45.6475806069824,24.5042749267054));
#5111=CARTESIAN_POINT('Ctrl Pts',(-46.7924337110479,117.994938037308,41.343775692267));
#5112=CARTESIAN_POINT('Ctrl Pts',(-35.6932481326935,112.9815873577,40.032779351282));
#5113=CARTESIAN_POINT('Ctrl Pts',(-19.0111688017347,102.357393824481,37.8477854496402));
#5114=CARTESIAN_POINT('Ctrl Pts',(0.222772107372709,83.0299799609091,34.7887939873418));
#5115=CARTESIAN_POINT('Ctrl Pts',(9.25160654840734,69.8940527127481,33.0407988660284));
#5116=CARTESIAN_POINT('Ctrl Pts',(13.1859290957177,62.791687089619,32.1668013053717));
#5117=CARTESIAN_POINT('Ctrl Pts',(-85.4447972935662,12.2125374980911,10.0000000000085));
#5118=CARTESIAN_POINT('Ctrl Pts',(-85.2117375642658,11.9347706061772,9.72640296369226));
#5119=CARTESIAN_POINT('Ctrl Pts',(-84.9865828520104,11.6502794937581,9.4528202484699));
#5120=CARTESIAN_POINT('Ctrl Pts',(-84.7696104192804,11.3593676417092,9.17922216937287));
#5121=CARTESIAN_POINT('',(-46.7924337110479,117.994938037308,41.343775692267));
#5122=CARTESIAN_POINT('Ctrl Pts',(-46.7924337110479,117.994938037308,41.343775692267));
#5123=CARTESIAN_POINT('Ctrl Pts',(-62.7215552693857,84.7334504930971,33.6812493136007));
#5124=CARTESIAN_POINT('Ctrl Pts',(-78.6506768277235,51.4719629488858,26.0187229349345));
#5125=CARTESIAN_POINT('Ctrl Pts',(-94.5797983860614,18.2104754046746,18.3561965562682));
#5126=CARTESIAN_POINT('Ctrl Pts',(-46.7924337110479,117.994938037308,41.343775692267));
#5127=CARTESIAN_POINT('Ctrl Pts',(-35.6932481326935,112.9815873577,40.032779351282));
#5128=CARTESIAN_POINT('Ctrl Pts',(-19.0111688017347,102.357393824481,37.8477854496402));
#5129=CARTESIAN_POINT('Ctrl Pts',(0.222772107372709,83.0299799609091,34.7887939873418));
#5130=CARTESIAN_POINT('Ctrl Pts',(9.25160654840734,69.8940527127481,33.0407988660284));
#5131=CARTESIAN_POINT('Ctrl Pts',(13.1859290957177,62.791687089619,32.1668013053717));
#5132=CARTESIAN_POINT('Ctrl Pts',(-106.536971681035,17.8400672992381,27.5309711645142));
#5133=CARTESIAN_POINT('Ctrl Pts',(-104.904554296245,18.438218978658,26.2202890776219));
#5134=CARTESIAN_POINT('Ctrl Pts',(-102.045746311302,19.048286289779,24.0358189328014));
#5135=CARTESIAN_POINT('Ctrl Pts',(-97.9731681093243,18.9919185993354,20.9775607300528));
#5136=CARTESIAN_POINT('Ctrl Pts',(-95.6906722460926,18.5411180790266,19.2299846141964));
#5137=CARTESIAN_POINT('Ctrl Pts',(-94.5797983860614,18.2104754046746,18.3561965562682));
#5138=CARTESIAN_POINT('Ctrl Pts',(-113.642721934879,54.0280733316796,35.1934975431805));
#5139=CARTESIAN_POINT('Ctrl Pts',(-108.590376639182,55.2977500904107,33.8828154562882));
#5140=CARTESIAN_POINT('Ctrl Pts',(-100.111349810542,56.1884176660827,31.6983453114677));
#5141=CARTESIAN_POINT('Ctrl Pts',(-88.4075930162192,54.8178633568032,28.640087108719));
#5142=CARTESIAN_POINT('Ctrl Pts',(-81.8571232651945,52.8061876270789,26.8925109928627));
#5143=CARTESIAN_POINT('Ctrl Pts',(-78.6506768277235,51.4719629488858,26.0187229349345));
#5144=CARTESIAN_POINT('Ctrl Pts',(-120.748472188722,90.2160793641212,42.8560239218468));
#5145=CARTESIAN_POINT('Ctrl Pts',(-112.27619898212,92.1572812021634,41.5453418349545));
#5146=CARTESIAN_POINT('Ctrl Pts',(-98.1769533097809,93.3285490423864,39.360871690134));
#5147=CARTESIAN_POINT('Ctrl Pts',(-78.8420179231139,90.6438081142711,36.3026134873853));
#5148=CARTESIAN_POINT('Ctrl Pts',(-68.0235742842963,87.0712571751313,34.5550373715289));
#5149=CARTESIAN_POINT('Ctrl Pts',(-62.7215552693857,84.733450493097,33.6812493136007));
#5150=CARTESIAN_POINT('Ctrl Pts',(-127.854222442566,126.404085396563,50.5185503005131));
#5151=CARTESIAN_POINT('Ctrl Pts',(-115.962021325057,129.016812313916,49.2078682136208));
#5152=CARTESIAN_POINT('Ctrl Pts',(-96.2425568090201,130.46868041869,47.0233980688003));
#5153=CARTESIAN_POINT('Ctrl Pts',(-69.2764428300087,126.469752871739,43.9651398660516));
#5154=CARTESIAN_POINT('Ctrl Pts',(-54.1900253033981,121.336326723184,42.2175637501952));
#5155=CARTESIAN_POINT('Ctrl Pts',(-46.7924337110479,117.994938037308,41.343775692267));
#5156=CARTESIAN_POINT('',(-127.854222442566,126.404085396563,50.5185503005131));
#5157=CARTESIAN_POINT('Ctrl Pts',(-127.854222442566,126.404085396563,50.5185503005131));
#5158=CARTESIAN_POINT('Ctrl Pts',(-120.748472188722,90.2160793641212,42.8560239218468));
#5159=CARTESIAN_POINT('Ctrl Pts',(-113.642721934879,54.0280733316796,35.1934975431805));
#5160=CARTESIAN_POINT('Ctrl Pts',(-106.536971681035,17.8400672992381,27.5309711645142));
#5161=CARTESIAN_POINT('Ctrl Pts',(-127.854222442566,126.404085396563,50.5185503005131));
#5162=CARTESIAN_POINT('Ctrl Pts',(-115.962021325057,129.016812313916,49.2078682136208));
#5163=CARTESIAN_POINT('Ctrl Pts',(-96.2425568090201,130.46868041869,47.0233980688003));
#5164=CARTESIAN_POINT('Ctrl Pts',(-69.2764428300087,126.469752871739,43.9651398660516));
#5165=CARTESIAN_POINT('Ctrl Pts',(-54.1900253033981,121.336326723184,42.2175637501952));
#5166=CARTESIAN_POINT('Ctrl Pts',(-46.7924337110479,117.994938037308,41.343775692267));
#5167=CARTESIAN_POINT('Ctrl Pts',(-115.901131745018,10.3997119781063,36.7035938792784));
#5168=CARTESIAN_POINT('Ctrl Pts',(-114.949751430167,11.8543699299718,35.3932192057407));
#5169=CARTESIAN_POINT('Ctrl Pts',(-113.022391631997,14.051225863411,33.2092614165111));
#5170=CARTESIAN_POINT('Ctrl Pts',(-109.723997699777,16.4390757707311,30.1517205115897));
#5171=CARTESIAN_POINT('Ctrl Pts',(-107.624994687816,17.4413930417735,28.4045542802061));
#5172=CARTESIAN_POINT('Ctrl Pts',(-106.536971681035,17.8400672992381,27.5309711645142));
#5173=CARTESIAN_POINT('Ctrl Pts',(-143.221100624421,35.1723333109916,44.3661202579447));
#5174=CARTESIAN_POINT('Ctrl Pts',(-139.929179658574,39.2082077149608,43.055745584407));
#5175=CARTESIAN_POINT('Ctrl Pts',(-133.663936275052,44.9874279181421,40.8717877951774));
#5176=CARTESIAN_POINT('Ctrl Pts',(-123.462924147116,50.8808242609286,37.814246890256));
#5177=CARTESIAN_POINT('Ctrl Pts',(-117.01012959133,53.1818270792706,36.0670806588723));
#5178=CARTESIAN_POINT('Ctrl Pts',(-113.642721934879,54.0280733316796,35.1934975431805));
#5179=CARTESIAN_POINT('Ctrl Pts',(-170.541069503823,59.9449546438768,52.028646636611));
#5180=CARTESIAN_POINT('Ctrl Pts',(-164.90860788698,66.5620454999499,50.7182719630732));
#5181=CARTESIAN_POINT('Ctrl Pts',(-154.305480918107,75.9236299728733,48.5343141738437));
#5182=CARTESIAN_POINT('Ctrl Pts',(-137.201850594455,85.3225727511261,45.4767732689223));
#5183=CARTESIAN_POINT('Ctrl Pts',(-126.395264494844,88.9222611167676,43.7296070375386));
#5184=CARTESIAN_POINT('Ctrl Pts',(-120.748472188722,90.2160793641212,42.8560239218468));
#5185=CARTESIAN_POINT('Ctrl Pts',(-197.861038383225,84.717575976762,59.6911730152773));
#5186=CARTESIAN_POINT('Ctrl Pts',(-189.888036115387,93.9158832849389,58.3807983417395));
#5187=CARTESIAN_POINT('Ctrl Pts',(-174.947025561162,106.859832027604,56.19684055251));
#5188=CARTESIAN_POINT('Ctrl Pts',(-150.940777041793,119.764321241324,53.1392996475886));
#5189=CARTESIAN_POINT('Ctrl Pts',(-135.780399398358,124.662695154265,51.3921334162049));
#5190=CARTESIAN_POINT('Ctrl Pts',(-127.854222442566,126.404085396563,50.5185503005131));
#5191=CARTESIAN_POINT('',(-197.861038383225,84.7175759767618,59.6911730152773));
#5192=CARTESIAN_POINT('Ctrl Pts',(-197.861038383225,84.717575976762,59.6911730152773));
#5193=CARTESIAN_POINT('Ctrl Pts',(-170.541069503823,59.9449546438768,52.028646636611));
#5194=CARTESIAN_POINT('Ctrl Pts',(-143.221100624421,35.1723333109916,44.3661202579447));
#5195=CARTESIAN_POINT('Ctrl Pts',(-115.901131745018,10.3997119781063,36.7035938792784));
#5196=CARTESIAN_POINT('Ctrl Pts',(-197.861038383225,84.717575976762,59.6911730152773));
#5197=CARTESIAN_POINT('Ctrl Pts',(-189.888036115387,93.9158832849389,58.3807983417395));
#5198=CARTESIAN_POINT('Ctrl Pts',(-174.947025561162,106.859832027604,56.19684055251));
#5199=CARTESIAN_POINT('Ctrl Pts',(-150.940777041793,119.764321241324,53.1392996475886));
#5200=CARTESIAN_POINT('Ctrl Pts',(-135.780399398358,124.662695154265,51.3921334162049));
#5201=CARTESIAN_POINT('Ctrl Pts',(-127.854222442566,126.404085396563,50.5185503005131));
#5202=CARTESIAN_POINT('Ctrl Pts',(-118.964633003894,-1.15874718019178,45.8741124698444));
#5203=CARTESIAN_POINT('Ctrl Pts',(-119.07061251331,0.575766211828784,44.5640383854778));
#5204=CARTESIAN_POINT('Ctrl Pts',(-118.837440704899,3.48824636820933,42.3805815782002));
#5205=CARTESIAN_POINT('Ctrl Pts',(-117.619297599292,7.37279166429629,39.3237420480115));
#5206=CARTESIAN_POINT('Ctrl Pts',(-116.535239795707,9.43016246790826,37.5769766021895));
#5207=CARTESIAN_POINT('Ctrl Pts',(-115.901131745018,10.3997119781063,36.7035938792784));
#5208=CARTESIAN_POINT('Ctrl Pts',(-155.672752361314,2.38772155862773,53.5366388485107));
#5209=CARTESIAN_POINT('Ctrl Pts',(-155.443739694641,7.58960874957008,52.2265647641441));
#5210=CARTESIAN_POINT('Ctrl Pts',(-153.872264874321,15.9651422719232,50.0431079568665));
#5211=CARTESIAN_POINT('Ctrl Pts',(-149.213940275074,26.7832007231646,46.9862684266778));
#5212=CARTESIAN_POINT('Ctrl Pts',(-145.415189403149,32.4823915835214,45.2395029808557));
#5213=CARTESIAN_POINT('Ctrl Pts',(-143.221100624421,35.1723333109915,44.3661202579447));
#5214=CARTESIAN_POINT('Ctrl Pts',(-192.380871718734,5.93419029744726,61.1991652271769));
#5215=CARTESIAN_POINT('Ctrl Pts',(-191.816866875972,14.6034512873114,59.8890911428104));
#5216=CARTESIAN_POINT('Ctrl Pts',(-188.907089043743,28.4420381756369,57.7056343355328));
#5217=CARTESIAN_POINT('Ctrl Pts',(-180.808582950855,46.1936097820329,54.6487948053441));
#5218=CARTESIAN_POINT('Ctrl Pts',(-174.295139010591,55.5346206991345,52.902029359522));
#5219=CARTESIAN_POINT('Ctrl Pts',(-170.541069503823,59.9449546438766,52.028646636611));
#5220=CARTESIAN_POINT('Ctrl Pts',(-229.088991076155,9.48065903626677,68.8616916058432));
#5221=CARTESIAN_POINT('Ctrl Pts',(-228.189994057304,21.6172938250527,67.5516175214767));
#5222=CARTESIAN_POINT('Ctrl Pts',(-223.941913213164,40.9189340793508,65.368160714199));
#5223=CARTESIAN_POINT('Ctrl Pts',(-212.403225626636,65.6040188409012,62.3113211840104));
#5224=CARTESIAN_POINT('Ctrl Pts',(-203.175088618034,78.5868498147476,60.5645557381883));
#5225=CARTESIAN_POINT('Ctrl Pts',(-197.861038383225,84.7175759767618,59.6911730152773));
#5226=CARTESIAN_POINT('',(-229.088991076155,9.48065903626638,68.8616916058432));
#5227=CARTESIAN_POINT('Ctrl Pts',(-229.088991076155,9.48065903626677,68.8616916058432));
#5228=CARTESIAN_POINT('Ctrl Pts',(-192.380871718734,5.93419029744726,61.1991652271769));
#5229=CARTESIAN_POINT('Ctrl Pts',(-155.672752361314,2.38772155862773,53.5366388485107));
#5230=CARTESIAN_POINT('Ctrl Pts',(-118.964633003894,-1.15874718019178,45.8741124698444));
#5231=CARTESIAN_POINT('Ctrl Pts',(-229.088991076155,9.48065903626677,68.8616916058432));
#5232=CARTESIAN_POINT('Ctrl Pts',(-228.189994057304,21.6172938250527,67.5516175214767));
#5233=CARTESIAN_POINT('Ctrl Pts',(-223.941913213164,40.9189340793508,65.368160714199));
#5234=CARTESIAN_POINT('Ctrl Pts',(-212.403225626636,65.6040188409012,62.3113211840104));
#5235=CARTESIAN_POINT('Ctrl Pts',(-203.175088618034,78.5868498147476,60.5645557381883));
#5236=CARTESIAN_POINT('Ctrl Pts',(-197.861038383225,84.7175759767618,59.6911730152773));
#5237=CARTESIAN_POINT('Ctrl Pts',(-114.518479986544,-12.2561714609544,55.0425745923622));
#5238=CARTESIAN_POINT('Ctrl Pts',(-115.639183264086,-10.9286028839578,53.7327942891454));
#5239=CARTESIAN_POINT('Ctrl Pts',(-117.191401953888,-8.45400473742045,51.5498271171173));
#5240=CARTESIAN_POINT('Ctrl Pts',(-118.534481750583,-4.61184234295406,48.493673076278));
#5241=CARTESIAN_POINT('Ctrl Pts',(-118.893995841394,-2.31483013440263,46.7472993386556));
#5242=CARTESIAN_POINT('Ctrl Pts',(-118.964633003894,-1.15874718019178,45.8741124698444));
#5243=CARTESIAN_POINT('Ctrl Pts',(-146.078326823083,-31.3359915578073,62.7051009710285));
#5244=CARTESIAN_POINT('Ctrl Pts',(-149.00084212144,-27.0280536106323,61.3953206678117));
#5245=CARTESIAN_POINT('Ctrl Pts',(-152.742236139548,-19.3737690431141,59.2123534957836));
#5246=CARTESIAN_POINT('Ctrl Pts',(-155.467541532638,-7.91766245980829,56.1561994549443));
#5247=CARTESIAN_POINT('Ctrl Pts',(-155.825390190318,-1.07939404278109,54.4098257173219));
#5248=CARTESIAN_POINT('Ctrl Pts',(-155.672752361314,2.3877215586276,53.5366388485107));
#5249=CARTESIAN_POINT('Ctrl Pts',(-177.638173659621,-50.4158116546601,70.3676273496948));
#5250=CARTESIAN_POINT('Ctrl Pts',(-182.362500978794,-43.1275043373067,69.0578470464779));
#5251=CARTESIAN_POINT('Ctrl Pts',(-188.293070325207,-30.2935333488077,66.8748798744499));
#5252=CARTESIAN_POINT('Ctrl Pts',(-192.400601314692,-11.2234825766625,63.8187258336106));
#5253=CARTESIAN_POINT('Ctrl Pts',(-192.756784539243,0.156042048840449,62.0723520959882));
#5254=CARTESIAN_POINT('Ctrl Pts',(-192.380871718735,5.93419029744699,61.1991652271769));
#5255=CARTESIAN_POINT('Ctrl Pts',(-209.198020496159,-69.495631751513,78.0301537283611));
#5256=CARTESIAN_POINT('Ctrl Pts',(-215.724159836148,-59.2269550639812,76.7203734251442));
#5257=CARTESIAN_POINT('Ctrl Pts',(-223.843904510867,-41.2132976545013,74.5374062531162));
#5258=CARTESIAN_POINT('Ctrl Pts',(-229.333661096747,-14.5293026935168,71.4812522122769));
#5259=CARTESIAN_POINT('Ctrl Pts',(-229.688178888168,1.39147814046199,69.7348784746545));
#5260=CARTESIAN_POINT('Ctrl Pts',(-229.088991076155,9.48065903626638,68.8616916058432));
#5261=CARTESIAN_POINT('',(-209.198020496159,-69.4956317515128,78.0301537283611));
#5262=CARTESIAN_POINT('Ctrl Pts',(-209.198020496159,-69.495631751513,78.0301537283611));
#5263=CARTESIAN_POINT('Ctrl Pts',(-177.638173659621,-50.4158116546601,70.3676273496948));
#5264=CARTESIAN_POINT('Ctrl Pts',(-146.078326823083,-31.3359915578073,62.7051009710285));
#5265=CARTESIAN_POINT('Ctrl Pts',(-114.518479986544,-12.2561714609544,55.0425745923622));
#5266=CARTESIAN_POINT('Ctrl Pts',(-209.198020496159,-69.495631751513,78.0301537283611));
#5267=CARTESIAN_POINT('Ctrl Pts',(-215.724159836148,-59.2269550639812,76.7203734251442));
#5268=CARTESIAN_POINT('Ctrl Pts',(-223.843904510867,-41.2132976545013,74.5374062531162));
#5269=CARTESIAN_POINT('Ctrl Pts',(-229.333661096747,-14.5293026935168,71.4812522122769));
#5270=CARTESIAN_POINT('Ctrl Pts',(-229.688178888168,1.39147814046199,69.7348784746545));
#5271=CARTESIAN_POINT('Ctrl Pts',(-229.088991076155,9.48065903626638,68.8616916058432));
#5272=CARTESIAN_POINT('Ctrl Pts',(-104.32700714406,-18.5007299633083,64.2090277925802));
#5273=CARTESIAN_POINT('Ctrl Pts',(-106.018341647426,-18.1051554917293,62.8995344782633));
#5274=CARTESIAN_POINT('Ctrl Pts',(-108.740552022716,-17.0474270453889,60.7170456210686));
#5275=CARTESIAN_POINT('Ctrl Pts',(-112.111650594309,-14.7682923678473,57.6615612209959));
#5276=CARTESIAN_POINT('Ctrl Pts',(-113.771508174722,-13.1410232545998,55.9155701352401));
#5277=CARTESIAN_POINT('Ctrl Pts',(-114.518479986544,-12.2561714609544,55.0425745923622));
#5278=CARTESIAN_POINT('Ctrl Pts',(-118.248722689438,-52.6511223995251,71.8715541712465));
#5279=CARTESIAN_POINT('Ctrl Pts',(-123.164316399223,-50.9411495765899,70.5620608569296));
#5280=CARTESIAN_POINT('Ctrl Pts',(-130.734598583149,-47.0366869169714,68.3795719997348));
#5281=CARTESIAN_POINT('Ctrl Pts',(-139.760288852524,-39.4771150356138,65.3240875996622));
#5282=CARTESIAN_POINT('Ctrl Pts',(-144.130426193844,-34.2072944472625,63.5780965139064));
#5283=CARTESIAN_POINT('Ctrl Pts',(-146.078326823083,-31.3359915578072,62.7051009710285));
#5284=CARTESIAN_POINT('Ctrl Pts',(-132.170438234815,-86.801514835742,79.5340805499127));
#5285=CARTESIAN_POINT('Ctrl Pts',(-140.31029115102,-83.7771436614505,78.2245872355959));
#5286=CARTESIAN_POINT('Ctrl Pts',(-152.728645143582,-77.0259467885539,76.0420983784011));
#5287=CARTESIAN_POINT('Ctrl Pts',(-167.408927110738,-64.1859377033803,72.9866139783285));
#5288=CARTESIAN_POINT('Ctrl Pts',(-174.489344212966,-55.2735656399252,71.2406228925727));
#5289=CARTESIAN_POINT('Ctrl Pts',(-177.638173659621,-50.41581165466,70.3676273496948));
#5290=CARTESIAN_POINT('Ctrl Pts',(-146.092153780193,-120.951907271959,87.196606928579));
#5291=CARTESIAN_POINT('Ctrl Pts',(-157.456265902816,-116.613137746311,85.8871136142622));
#5292=CARTESIAN_POINT('Ctrl Pts',(-174.722691704014,-107.015206660136,83.7046247570674));
#5293=CARTESIAN_POINT('Ctrl Pts',(-195.057565368952,-88.8947603711469,80.6491403569947));
#5294=CARTESIAN_POINT('Ctrl Pts',(-204.848262232088,-76.3398368325879,78.903149271239));
#5295=CARTESIAN_POINT('Ctrl Pts',(-209.198020496159,-69.4956317515128,78.0301537283611));
#5296=CARTESIAN_POINT('',(-146.092153780192,-120.951907271959,87.196606928579));
#5297=CARTESIAN_POINT('Ctrl Pts',(-146.092153780193,-120.951907271959,87.196606928579));
#5298=CARTESIAN_POINT('Ctrl Pts',(-132.170438234815,-86.801514835742,79.5340805499127));
#5299=CARTESIAN_POINT('Ctrl Pts',(-118.248722689438,-52.6511223995251,71.8715541712465));
#5300=CARTESIAN_POINT('Ctrl Pts',(-104.32700714406,-18.5007299633083,64.2090277925802));
#5301=CARTESIAN_POINT('Ctrl Pts',(-146.092153780193,-120.951907271959,87.196606928579));
#5302=CARTESIAN_POINT('Ctrl Pts',(-157.456265902816,-116.613137746311,85.8871136142622));
#5303=CARTESIAN_POINT('Ctrl Pts',(-174.722691704014,-107.015206660136,83.7046247570674));
#5304=CARTESIAN_POINT('Ctrl Pts',(-195.057565368952,-88.8947603711469,80.6491403569947));
#5305=CARTESIAN_POINT('Ctrl Pts',(-204.848262232088,-76.3398368325879,78.903149271239));
#5306=CARTESIAN_POINT('Ctrl Pts',(-209.198020496159,-69.4956317515128,78.0301537283611));
#5307=CARTESIAN_POINT('Ctrl Pts',(-95.1219698929707,-18.3587730173885,71.2195660033321));
#5308=CARTESIAN_POINT('Ctrl Pts',(-96.4061594552011,-18.6971430779881,70.2180605446533));
#5309=CARTESIAN_POINT('Ctrl Pts',(-99.485699557524,-19.1733086470786,67.8812144744026));
#5310=CARTESIAN_POINT('Ctrl Pts',(-102.60228841094,-18.9041124403513,65.544368404152));
#5311=CARTESIAN_POINT('Ctrl Pts',(-104.32700714406,-18.5007299633083,64.2090277925802));
#5312=CARTESIAN_POINT('Ctrl Pts',(-91.4293762130978,-55.0524811863565,78.8820923819984));
#5313=CARTESIAN_POINT('Ctrl Pts',(-95.272888926666,-55.6484033169149,77.8805869233195));
#5314=CARTESIAN_POINT('Ctrl Pts',(-104.275181650164,-56.0963510264914,75.5437408530689));
#5315=CARTESIAN_POINT('Ctrl Pts',(-113.23614580062,-54.3948299133205,73.2068947828183));
#5316=CARTESIAN_POINT('Ctrl Pts',(-118.248722689438,-52.6511223995251,71.8715541712465));
#5317=CARTESIAN_POINT('Ctrl Pts',(-87.7367825332249,-91.7461893553245,86.5446187606647));
#5318=CARTESIAN_POINT('Ctrl Pts',(-94.1396183981309,-92.5996635558417,85.5431133019858));
#5319=CARTESIAN_POINT('Ctrl Pts',(-109.064663742805,-93.0193934059042,83.2062672317352));
#5320=CARTESIAN_POINT('Ctrl Pts',(-123.870003190299,-89.8855473862896,80.8694211614846));
#5321=CARTESIAN_POINT('Ctrl Pts',(-132.170438234815,-86.801514835742,79.5340805499127));
#5322=CARTESIAN_POINT('Ctrl Pts',(-84.044188853352,-128.439897524292,94.2071451393309));
#5323=CARTESIAN_POINT('Ctrl Pts',(-93.0063478695958,-129.550923794768,93.2056396806521));
#5324=CARTESIAN_POINT('Ctrl Pts',(-113.854145835445,-129.942435785317,90.8687936104015));
#5325=CARTESIAN_POINT('Ctrl Pts',(-134.503860579978,-125.376264859259,88.5319475401508));
#5326=CARTESIAN_POINT('Ctrl Pts',(-146.092153780192,-120.951907271959,87.196606928579));
#5327=CARTESIAN_POINT('',(-84.0441888533519,-128.439897524292,94.2071451393309));
#5328=CARTESIAN_POINT('',(-95.1219698929707,-18.3587730173885,71.2195660033321));
#5329=CARTESIAN_POINT('Ctrl Pts',(-84.044188853352,-128.439897524292,94.2071451393309));
#5330=CARTESIAN_POINT('Ctrl Pts',(-93.0063478695958,-129.550923794768,93.2056396806521));
#5331=CARTESIAN_POINT('Ctrl Pts',(-113.854145835445,-129.942435785317,90.8687936104015));
#5332=CARTESIAN_POINT('Ctrl Pts',(-134.503860579978,-125.376264859259,88.5319475401508));
#5333=CARTESIAN_POINT('Ctrl Pts',(-146.092153780192,-120.951907271959,87.196606928579));
#5334=CARTESIAN_POINT('Ctrl Pts',(-84.0441888533519,-128.439897524292,94.2071451393309));
#5335=CARTESIAN_POINT('Ctrl Pts',(-77.6191701776688,-127.64339697972,94.9251296410729));
#5336=CARTESIAN_POINT('Ctrl Pts',(-71.1817259488495,-126.359639424216,95.6431141428149));
#5337=CARTESIAN_POINT('Ctrl Pts',(-64.7630259292216,-124.548007495731,96.3610986445569));
#5338=CARTESIAN_POINT('Ctrl Pts',(-87.7367825332248,-91.7461893553244,86.5446187606647));
#5339=CARTESIAN_POINT('Ctrl Pts',(-83.1465560113798,-91.134329236842,87.2626032624066));
#5340=CARTESIAN_POINT('Ctrl Pts',(-78.5541469828443,-90.1746232973051,87.9805877641486));
#5341=CARTESIAN_POINT('Ctrl Pts',(-73.983873503422,-88.8403131248064,88.6985722658906));
#5342=CARTESIAN_POINT('Ctrl Pts',(-91.4293762130977,-55.0524811863565,78.8820923819984));
#5343=CARTESIAN_POINT('Ctrl Pts',(-88.6739418450908,-54.6252614939642,79.6000768837404));
#5344=CARTESIAN_POINT('Ctrl Pts',(-85.926568016839,-53.9896071703941,80.3180613854823));
#5345=CARTESIAN_POINT('Ctrl Pts',(-83.2047210776225,-53.1326187538814,81.0360458872243));
#5346=CARTESIAN_POINT('Ctrl Pts',(-95.1219698929706,-18.3587730173885,71.2195660033321));
#5347=CARTESIAN_POINT('Ctrl Pts',(-94.2013276788018,-18.1161937510863,71.9375505050741));
#5348=CARTESIAN_POINT('Ctrl Pts',(-93.2989890508338,-17.8045910434831,72.655535006816));
#5349=CARTESIAN_POINT('Ctrl Pts',(-92.4255686518229,-17.4249243829565,73.373519508558));
#5350=CARTESIAN_POINT('',(-64.7630259292216,-124.548007495731,96.3610986445569));
#5351=CARTESIAN_POINT('Ctrl Pts',(-92.4255686518229,-17.4249243829565,73.373519508558));
#5352=CARTESIAN_POINT('Ctrl Pts',(-83.2047210776225,-53.1326187538814,81.0360458872243));
#5353=CARTESIAN_POINT('Ctrl Pts',(-73.983873503422,-88.8403131248064,88.6985722658906));
#5354=CARTESIAN_POINT('Ctrl Pts',(-64.7630259292216,-124.548007495731,96.3610986445569));
#5355=CARTESIAN_POINT('Ctrl Pts',(-84.0441888533519,-128.439897524292,94.2071451393309));
#5356=CARTESIAN_POINT('Ctrl Pts',(-77.6191701776688,-127.64339697972,94.9251296410729));
#5357=CARTESIAN_POINT('Ctrl Pts',(-71.1817259488495,-126.359639424216,95.6431141428149));
#5358=CARTESIAN_POINT('Ctrl Pts',(-64.7630259292216,-124.548007495731,96.3610986445569));
#5359=CARTESIAN_POINT('Ctrl Pts',(-64.7630259292216,-124.548007495731,96.3610986445569));
#5360=CARTESIAN_POINT('Ctrl Pts',(-53.0613821522924,-121.245299597551,97.6700382966718));
#5361=CARTESIAN_POINT('Ctrl Pts',(-35.0227597635728,-113.206289915873,99.85160438353));
#5362=CARTESIAN_POINT('Ctrl Pts',(-13.1883514313568,-96.9440319030197,102.905796905131));
#5363=CARTESIAN_POINT('Ctrl Pts',(-2.32765675131903,-85.3132804021863,104.651049774618));
#5364=CARTESIAN_POINT('Ctrl Pts',(2.61679008083707,-78.8900811656755,105.523676209361));
#5365=CARTESIAN_POINT('Ctrl Pts',(-73.983873503422,-88.8403131248064,88.6985722658906));
#5366=CARTESIAN_POINT('Ctrl Pts',(-65.6520073312085,-86.4077875836628,90.0075119180055));
#5367=CARTESIAN_POINT('Ctrl Pts',(-52.7971127067239,-80.5391414130479,92.1890780048637));
#5368=CARTESIAN_POINT('Ctrl Pts',(-37.2718547309742,-68.7492893870939,95.2432705264652));
#5369=CARTESIAN_POINT('Ctrl Pts',(-29.584387466977,-60.3629801246075,96.9885233959518));
#5370=CARTESIAN_POINT('Ctrl Pts',(-26.0960163181558,-55.7462220240376,97.8611498306951));
#5371=CARTESIAN_POINT('Ctrl Pts',(-83.2047210776225,-53.1326187538814,81.0360458872243));
#5372=CARTESIAN_POINT('Ctrl Pts',(-78.2426325101247,-51.5702755697745,82.3449855393392));
#5373=CARTESIAN_POINT('Ctrl Pts',(-70.571465649875,-47.8719929102228,84.5265516261974));
#5374=CARTESIAN_POINT('Ctrl Pts',(-61.3553580305915,-40.5545468711681,87.5807441477989));
#5375=CARTESIAN_POINT('Ctrl Pts',(-56.841118182635,-35.4126798470288,89.3259970172855));
#5376=CARTESIAN_POINT('Ctrl Pts',(-54.8088227171486,-32.6023628823996,90.1986234520288));
#5377=CARTESIAN_POINT('Ctrl Pts',(-92.4255686518229,-17.4249243829565,73.373519508558));
#5378=CARTESIAN_POINT('Ctrl Pts',(-90.8332576890409,-16.7327635558863,74.6824591606729));
#5379=CARTESIAN_POINT('Ctrl Pts',(-88.345818593026,-15.2048444073978,76.8640252475311));
#5380=CARTESIAN_POINT('Ctrl Pts',(-85.4388613302089,-12.3598043552423,79.9182177691326));
#5381=CARTESIAN_POINT('Ctrl Pts',(-84.0978488982929,-10.46237956945,81.6634706386192));
#5382=CARTESIAN_POINT('Ctrl Pts',(-83.5216291161415,-9.4585037407617,82.5360970733625));
#5383=CARTESIAN_POINT('',(2.61679008083701,-78.8900811656756,105.523676209361));
#5384=CARTESIAN_POINT('Ctrl Pts',(-83.5216291161415,-9.4585037407617,82.5360970733625));
#5385=CARTESIAN_POINT('Ctrl Pts',(-54.8088227171486,-32.6023628823996,90.1986234520288));
#5386=CARTESIAN_POINT('Ctrl Pts',(-26.0960163181558,-55.7462220240376,97.8611498306951));
#5387=CARTESIAN_POINT('Ctrl Pts',(2.61679008083707,-78.8900811656755,105.523676209361));
#5388=CARTESIAN_POINT('Ctrl Pts',(-64.7630259292216,-124.548007495731,96.3610986445569));
#5389=CARTESIAN_POINT('Ctrl Pts',(-53.0613821522924,-121.245299597551,97.6700382966718));
#5390=CARTESIAN_POINT('Ctrl Pts',(-35.0227597635728,-113.206289915873,99.85160438353));
#5391=CARTESIAN_POINT('Ctrl Pts',(-13.1883514313568,-96.9440319030197,102.905796905131));
#5392=CARTESIAN_POINT('Ctrl Pts',(-2.32765675131903,-85.3132804021863,104.651049774618));
#5393=CARTESIAN_POINT('Ctrl Pts',(2.61679008083707,-78.8900811656755,105.523676209361));
#5394=CARTESIAN_POINT('Ctrl Pts',(2.61679008083701,-78.8900811656756,105.523676209361));
#5395=CARTESIAN_POINT('Ctrl Pts',(10.031868091414,-69.2573460068015,106.832349158559));
#5396=CARTESIAN_POINT('Ctrl Pts',(19.7037858065189,-52.0432494627802,109.013470740555));
#5397=CARTESIAN_POINT('Ctrl Pts',(27.5144118543781,-25.9686319721211,112.067040955349));
#5398=CARTESIAN_POINT('Ctrl Pts',(29.286627497994,-10.1579038736827,113.811938220946));
#5399=CARTESIAN_POINT('Ctrl Pts',(29.42035380907,-2.05488022925546,114.684386853745));
#5400=CARTESIAN_POINT('Ctrl Pts',(-26.0960163181558,-55.7462220240376,97.8611498306951));
#5401=CARTESIAN_POINT('Ctrl Pts',(-20.8645797905083,-48.8225629427726,99.1698227798927));
#5402=CARTESIAN_POINT('Ctrl Pts',(-14.0554833972753,-36.4431413182673,101.350944361889));
#5403=CARTESIAN_POINT('Ctrl Pts',(-8.63702887960485,-17.7210848226099,104.404514576683));
#5404=CARTESIAN_POINT('Ctrl Pts',(-7.47437713615355,-6.40649549606674,106.14941184228));
#5405=CARTESIAN_POINT('Ctrl Pts',(-7.43081560872849,-0.621429911059641,
107.021860475078));
#5406=CARTESIAN_POINT('Ctrl Pts',(-54.8088227171486,-32.6023628823996,90.1986234520288));
#5407=CARTESIAN_POINT('Ctrl Pts',(-51.7610276724307,-28.3877798787436,91.5072964012264));
#5408=CARTESIAN_POINT('Ctrl Pts',(-47.8147526010695,-20.8430331737543,93.6884179832224));
#5409=CARTESIAN_POINT('Ctrl Pts',(-44.7884696135878,-9.47353767309861,96.7419881980169));
#5410=CARTESIAN_POINT('Ctrl Pts',(-44.2353817703011,-2.65508711845076,98.4868854636136));
#5411=CARTESIAN_POINT('Ctrl Pts',(-44.281985026527,0.812020407136174,99.3593340964121));
#5412=CARTESIAN_POINT('Ctrl Pts',(-83.5216291161415,-9.4585037407617,82.5360970733625));
#5413=CARTESIAN_POINT('Ctrl Pts',(-82.657475554353,-7.95299681471473,83.8447700225601));
#5414=CARTESIAN_POINT('Ctrl Pts',(-81.5740218048638,-5.24292502924131,86.0258916045561));
#5415=CARTESIAN_POINT('Ctrl Pts',(-80.9399103475707,-1.22599052358738,89.0794618193506));
#5416=CARTESIAN_POINT('Ctrl Pts',(-80.9963864044486,1.09632125916522,90.8243590849474));
#5417=CARTESIAN_POINT('Ctrl Pts',(-81.1331544443254,2.24547072533199,91.6968077177458));
#5418=CARTESIAN_POINT('',(29.42035380907,-2.05488022925554,114.684386853745));
#5419=CARTESIAN_POINT('Ctrl Pts',(-81.1331544443254,2.24547072533199,91.6968077177458));
#5420=CARTESIAN_POINT('Ctrl Pts',(-44.281985026527,0.812020407136174,99.3593340964121));
#5421=CARTESIAN_POINT('Ctrl Pts',(-7.43081560872849,-0.621429911059641,
107.021860475078));
#5422=CARTESIAN_POINT('Ctrl Pts',(29.42035380907,-2.05488022925546,114.684386853745));
#5423=CARTESIAN_POINT('Ctrl Pts',(2.61679008083701,-78.8900811656756,105.523676209361));
#5424=CARTESIAN_POINT('Ctrl Pts',(10.031868091414,-69.2573460068015,106.832349158559));
#5425=CARTESIAN_POINT('Ctrl Pts',(19.7037858065189,-52.0432494627802,109.013470740555));
#5426=CARTESIAN_POINT('Ctrl Pts',(27.5144118543781,-25.9686319721211,112.067040955349));
#5427=CARTESIAN_POINT('Ctrl Pts',(29.286627497994,-10.1579038736827,113.811938220946));
#5428=CARTESIAN_POINT('Ctrl Pts',(29.42035380907,-2.05488022925546,114.684386853745));
#5429=CARTESIAN_POINT('Ctrl Pts',(29.42035380907,-2.05488022925554,114.684386853745));
#5430=CARTESIAN_POINT('Ctrl Pts',(29.6208985365692,10.0971149640254,115.992799833039));
#5431=CARTESIAN_POINT('Ctrl Pts',(27.1087826342992,29.6777565142559,118.173488131863));
#5432=CARTESIAN_POINT('Ctrl Pts',(17.817390773058,55.2566529471388,121.226451750217));
#5433=CARTESIAN_POINT('Ctrl Pts',(9.80616692542883,68.9985077810721,122.971002389276));
#5434=CARTESIAN_POINT('Ctrl Pts',(5.07920073281394,75.5791775965738,123.843277708806));
#5435=CARTESIAN_POINT('Ctrl Pts',(-7.4308156087285,-0.621429911059694,107.021860475078));
#5436=CARTESIAN_POINT('Ctrl Pts',(-7.36548955907625,8.05436081071926,108.330273454373));
#5437=CARTESIAN_POINT('Ctrl Pts',(-9.28952427339187,22.0483114722779,110.510961753197));
#5438=CARTESIAN_POINT('Ctrl Pts',(-16.1131110421329,40.3012231359262,113.563925371551));
#5439=CARTESIAN_POINT('Ctrl Pts',(-21.9308756635704,50.0722723707079,115.30847601061));
#5440=CARTESIAN_POINT('Ctrl Pts',(-25.3472914952148,54.7395029836694,116.180751330139));
#5441=CARTESIAN_POINT('Ctrl Pts',(-44.281985026527,0.812020407136148,99.3593340964121));
#5442=CARTESIAN_POINT('Ctrl Pts',(-44.3518776547217,6.0116066574131,100.667747075707));
#5443=CARTESIAN_POINT('Ctrl Pts',(-45.6878311810829,14.4188664302999,102.848435374531));
#5444=CARTESIAN_POINT('Ctrl Pts',(-50.0436128573237,25.3457933247136,105.901398992884));
#5445=CARTESIAN_POINT('Ctrl Pts',(-53.6679182525697,31.1460369603437,107.645949631944));
#5446=CARTESIAN_POINT('Ctrl Pts',(-55.7737837232435,33.8998283707651,108.518224951473));
#5447=CARTESIAN_POINT('Ctrl Pts',(-81.1331544443254,2.24547072533199,91.6968077177458));
#5448=CARTESIAN_POINT('Ctrl Pts',(-81.3382657503671,3.96885250410695,93.0052206970402));
#5449=CARTESIAN_POINT('Ctrl Pts',(-82.0861380887739,6.78942138832199,95.1859089958643));
#5450=CARTESIAN_POINT('Ctrl Pts',(-83.9741146725146,10.3903635135009,98.238872614218));
#5451=CARTESIAN_POINT('Ctrl Pts',(-85.404960841569,12.2198015499794,99.9834232532773));
#5452=CARTESIAN_POINT('Ctrl Pts',(-86.2002759512722,13.0601537578607,100.855698572807));
#5453=CARTESIAN_POINT('',(5.07920073281382,75.5791775965739,123.843277708806));
#5454=CARTESIAN_POINT('Ctrl Pts',(-86.2002759512722,13.0601537578607,100.855698572807));
#5455=CARTESIAN_POINT('Ctrl Pts',(-55.7737837232435,33.8998283707651,108.518224951473));
#5456=CARTESIAN_POINT('Ctrl Pts',(-25.3472914952148,54.7395029836694,116.180751330139));
#5457=CARTESIAN_POINT('Ctrl Pts',(5.07920073281394,75.5791775965738,123.843277708806));
#5458=CARTESIAN_POINT('Ctrl Pts',(29.42035380907,-2.05488022925554,114.684386853745));
#5459=CARTESIAN_POINT('Ctrl Pts',(29.6208985365692,10.0971149640254,115.992799833039));
#5460=CARTESIAN_POINT('Ctrl Pts',(27.1087826342992,29.6777565142559,118.173488131863));
#5461=CARTESIAN_POINT('Ctrl Pts',(17.817390773058,55.2566529471388,121.226451750217));
#5462=CARTESIAN_POINT('Ctrl Pts',(9.80616692542883,68.9985077810721,122.971002389276));
#5463=CARTESIAN_POINT('Ctrl Pts',(5.07920073281394,75.5791775965738,123.843277708806));
#5464=CARTESIAN_POINT('Ctrl Pts',(5.07920073281382,75.5791775965739,123.843277708806));
#5465=CARTESIAN_POINT('Ctrl Pts',(-2.00980690595678,85.4481706189131,125.151437437353));
#5466=CARTESIAN_POINT('Ctrl Pts',(-15.7062512736164,99.659260938751,127.331703651598));
#5467=CARTESIAN_POINT('Ctrl Pts',(-38.4206437312465,114.639398353495,130.384076351542));
#5468=CARTESIAN_POINT('Ctrl Pts',(-53.0459552415771,120.886227741052,132.128289322938));
#5469=CARTESIAN_POINT('Ctrl Pts',(-60.7640577567734,123.346630878624,133.000395808636));
#5470=CARTESIAN_POINT('Ctrl Pts',(-25.3472914952148,54.7395029836695,116.180751330139));
#5471=CARTESIAN_POINT('Ctrl Pts',(-30.4708771737068,61.7389264417034,117.488911058687));
#5472=CARTESIAN_POINT('Ctrl Pts',(-40.3627485691313,71.8185843140914,119.669177272932));
#5473=CARTESIAN_POINT('Ctrl Pts',(-56.7266530524674,82.3929692991451,122.721549972875));
#5474=CARTESIAN_POINT('Ctrl Pts',(-67.2233093909477,86.762296546977,124.465762944272));
#5475=CARTESIAN_POINT('Ctrl Pts',(-72.7485146187561,88.4691845701961,125.33786942997));
#5476=CARTESIAN_POINT('Ctrl Pts',(-55.7737837232435,33.8998283707651,108.518224951473));
#5477=CARTESIAN_POINT('Ctrl Pts',(-58.9319474414568,38.0296822644938,109.82638468002));
#5478=CARTESIAN_POINT('Ctrl Pts',(-65.0192458646462,43.9779076894318,112.006650894266));
#5479=CARTESIAN_POINT('Ctrl Pts',(-75.0326623736884,50.146540244795,115.059023594209));
#5480=CARTESIAN_POINT('Ctrl Pts',(-81.4006635403182,52.6383653529024,116.803236565605));
#5481=CARTESIAN_POINT('Ctrl Pts',(-84.7329714807388,53.5917382617679,117.675343051303));
#5482=CARTESIAN_POINT('Ctrl Pts',(-86.2002759512722,13.0601537578607,100.855698572807));
#5483=CARTESIAN_POINT('Ctrl Pts',(-87.3930177092068,14.3204380872841,102.163858301354));
#5484=CARTESIAN_POINT('Ctrl Pts',(-89.6757431601611,16.1372310647722,104.344124515599));
#5485=CARTESIAN_POINT('Ctrl Pts',(-93.3386716949094,17.9001111904449,107.396497215543));
#5486=CARTESIAN_POINT('Ctrl Pts',(-95.5780176896887,18.5144341588277,109.140710186939));
#5487=CARTESIAN_POINT('Ctrl Pts',(-96.7174283427215,18.7142919533396,110.012816672637));
#5488=CARTESIAN_POINT('',(-60.7640577567734,123.346630878624,133.000395808636));
#5489=CARTESIAN_POINT('Ctrl Pts',(-96.7174283427215,18.7142919533396,110.012816672637));
#5490=CARTESIAN_POINT('Ctrl Pts',(-84.7329714807388,53.5917382617679,117.675343051303));
#5491=CARTESIAN_POINT('Ctrl Pts',(-72.7485146187561,88.4691845701961,125.33786942997));
#5492=CARTESIAN_POINT('Ctrl Pts',(-60.7640577567734,123.346630878624,133.000395808636));
#5493=CARTESIAN_POINT('Ctrl Pts',(5.07920073281382,75.5791775965739,123.843277708806));
#5494=CARTESIAN_POINT('Ctrl Pts',(-2.00980690595678,85.4481706189131,125.151437437353));
#5495=CARTESIAN_POINT('Ctrl Pts',(-15.7062512736164,99.659260938751,127.331703651598));
#5496=CARTESIAN_POINT('Ctrl Pts',(-38.4206437312465,114.639398353495,130.384076351542));
#5497=CARTESIAN_POINT('Ctrl Pts',(-53.0459552415771,120.886227741052,132.128289322938));
#5498=CARTESIAN_POINT('Ctrl Pts',(-60.7640577567734,123.346630878624,133.000395808636));
#5499=CARTESIAN_POINT('Ctrl Pts',(-60.7640577567734,123.346630878624,133.000395808636));
#5500=CARTESIAN_POINT('Ctrl Pts',(-72.3389168217653,127.036501269154,134.308308992109));
#5501=CARTESIAN_POINT('Ctrl Pts',(-91.8052570890804,130.26975243071,136.488164297898));
#5502=CARTESIAN_POINT('Ctrl Pts',(-118.966841528929,128.74171066812,139.539961726002));
#5503=CARTESIAN_POINT('Ctrl Pts',(-134.428439159188,125.031274701264,141.283845970633));
#5504=CARTESIAN_POINT('Ctrl Pts',(-142.089111165597,122.402439657514,142.155788092948));
#5505=CARTESIAN_POINT('Ctrl Pts',(-72.7485146187561,88.4691845701961,125.33786942997));
#5506=CARTESIAN_POINT('Ctrl Pts',(-81.0346852845548,91.029008227829,126.645782613443));
#5507=CARTESIAN_POINT('Ctrl Pts',(-94.9840174531196,93.2165587769169,128.825637919231));
#5508=CARTESIAN_POINT('Ctrl Pts',(-114.421956469197,91.9411233770808,131.877435347336));
#5509=CARTESIAN_POINT('Ctrl Pts',(-125.450794040153,89.1866127609509,133.621319591966));
#5510=CARTESIAN_POINT('Ctrl Pts',(-130.902411624527,87.2609937474235,134.493261714282));
#5511=CARTESIAN_POINT('Ctrl Pts',(-84.7329714807388,53.5917382617679,117.675343051303));
#5512=CARTESIAN_POINT('Ctrl Pts',(-89.7304537473442,55.0215151865036,118.983256234777));
#5513=CARTESIAN_POINT('Ctrl Pts',(-98.1627778171588,56.1633651231237,121.163111540565));
#5514=CARTESIAN_POINT('Ctrl Pts',(-109.877071409466,55.1405360860412,124.214908968669));
#5515=CARTESIAN_POINT('Ctrl Pts',(-116.473148921118,53.3419508206374,125.9587932133));
#5516=CARTESIAN_POINT('Ctrl Pts',(-119.715712083457,52.1195478373326,126.830735335616));
#5517=CARTESIAN_POINT('Ctrl Pts',(-96.7174283427215,18.7142919533396,110.012816672637));
#5518=CARTESIAN_POINT('Ctrl Pts',(-98.4262222101337,19.0140221451782,111.32072985611));
#5519=CARTESIAN_POINT('Ctrl Pts',(-101.341538181198,19.1101714693304,113.500585161899));
#5520=CARTESIAN_POINT('Ctrl Pts',(-105.332186349734,18.3399487950016,116.552382590003));
#5521=CARTESIAN_POINT('Ctrl Pts',(-107.495503802083,17.4972888803238,118.296266834634));
#5522=CARTESIAN_POINT('Ctrl Pts',(-108.529012542387,16.9781019272418,119.168208956949));
#5523=CARTESIAN_POINT('',(-142.089111165598,122.402439657514,142.155788092948));
#5524=CARTESIAN_POINT('Ctrl Pts',(-108.529012542387,16.9781019272418,119.168208956949));
#5525=CARTESIAN_POINT('Ctrl Pts',(-119.715712083457,52.1195478373326,126.830735335616));
#5526=CARTESIAN_POINT('Ctrl Pts',(-130.902411624527,87.2609937474235,134.493261714282));
#5527=CARTESIAN_POINT('Ctrl Pts',(-142.089111165597,122.402439657514,142.155788092948));
#5528=CARTESIAN_POINT('Ctrl Pts',(-60.7640577567734,123.346630878624,133.000395808636));
#5529=CARTESIAN_POINT('Ctrl Pts',(-72.3389168217653,127.036501269154,134.308308992109));
#5530=CARTESIAN_POINT('Ctrl Pts',(-91.8052570890804,130.26975243071,136.488164297898));
#5531=CARTESIAN_POINT('Ctrl Pts',(-118.966841528929,128.74171066812,139.539961726002));
#5532=CARTESIAN_POINT('Ctrl Pts',(-134.428439159188,125.031274701264,141.283845970633));
#5533=CARTESIAN_POINT('Ctrl Pts',(-142.089111165597,122.402439657514,142.155788092948));
#5534=CARTESIAN_POINT('Ctrl Pts',(-142.089111165598,122.402439657514,142.155788092948));
#5535=CARTESIAN_POINT('Ctrl Pts',(-149.748304630286,119.774110160603,143.02757031359));
#5536=CARTESIAN_POINT('Ctrl Pts',(-164.222108493,113.195630477423,144.771134754875));
#5537=CARTESIAN_POINT('Ctrl Pts',(-186.564191200504,97.6814166749183,147.822372527122));
#5538=CARTESIAN_POINT('Ctrl Pts',(-199.91802681207,83.1613484996798,150.001828078727));
#5539=CARTESIAN_POINT('Ctrl Pts',(-206.788218707437,73.1445613707136,151.309501409691));
#5540=CARTESIAN_POINT('Ctrl Pts',(-130.902411624527,87.2609937474235,134.493261714282));
#5541=CARTESIAN_POINT('Ctrl Pts',(-136.35298033753,85.3357435022673,135.365043934924));
#5542=CARTESIAN_POINT('Ctrl Pts',(-146.657901147585,80.5393550871146,137.108608376208));
#5543=CARTESIAN_POINT('Ctrl Pts',(-162.552575498757,69.2828680039542,140.159846148456));
#5544=CARTESIAN_POINT('Ctrl Pts',(-172.009523323756,58.8042823030958,142.339301700061));
#5545=CARTESIAN_POINT('Ctrl Pts',(-176.8495530262,51.6099435542501,143.646975031024));
#5546=CARTESIAN_POINT('Ctrl Pts',(-119.715712083457,52.1195478373326,126.830735335616));
#5547=CARTESIAN_POINT('Ctrl Pts',(-122.957656044774,50.8973768439321,127.702517556258));
#5548=CARTESIAN_POINT('Ctrl Pts',(-129.093693802169,47.8830796968067,129.446081997542));
#5549=CARTESIAN_POINT('Ctrl Pts',(-138.540959797009,40.8843193329901,132.497319769789));
#5550=CARTESIAN_POINT('Ctrl Pts',(-144.101019835441,34.4472161065118,134.676775321395));
#5551=CARTESIAN_POINT('Ctrl Pts',(-146.910887344963,30.0753257377867,135.984448652358));
#5552=CARTESIAN_POINT('Ctrl Pts',(-108.529012542387,16.9781019272418,119.168208956949));
#5553=CARTESIAN_POINT('Ctrl Pts',(-109.562331752018,16.4590101855969,120.039991177591));
#5554=CARTESIAN_POINT('Ctrl Pts',(-111.529486456754,15.2268043064987,121.783555618876));
#5555=CARTESIAN_POINT('Ctrl Pts',(-114.529344095261,12.485770662026,124.834793391123));
#5556=CARTESIAN_POINT('Ctrl Pts',(-116.192516347127,10.0901499099279,127.014248942728));
#5557=CARTESIAN_POINT('Ctrl Pts',(-116.972221663726,8.54070792132324,128.321922273692));
#5558=CARTESIAN_POINT('',(-206.788218707437,73.1445613707134,151.309501409691));
#5559=CARTESIAN_POINT('Ctrl Pts',(-116.972221663726,8.54070792132324,128.321922273692));
#5560=CARTESIAN_POINT('Ctrl Pts',(-146.910887344963,30.0753257377867,135.984448652358));
#5561=CARTESIAN_POINT('Ctrl Pts',(-176.8495530262,51.6099435542501,143.646975031024));
#5562=CARTESIAN_POINT('Ctrl Pts',(-206.788218707437,73.1445613707136,151.309501409691));
#5563=CARTESIAN_POINT('Ctrl Pts',(-142.089111165598,122.402439657514,142.155788092948));
#5564=CARTESIAN_POINT('Ctrl Pts',(-149.748304630286,119.774110160603,143.02757031359));
#5565=CARTESIAN_POINT('Ctrl Pts',(-164.222108493,113.195630477423,144.771134754875));
#5566=CARTESIAN_POINT('Ctrl Pts',(-186.564191200504,97.6814166749183,147.822372527122));
#5567=CARTESIAN_POINT('Ctrl Pts',(-199.91802681207,83.1613484996798,150.001828078727));
#5568=CARTESIAN_POINT('Ctrl Pts',(-206.788218707437,73.1445613707136,151.309501409691));
#5569=CARTESIAN_POINT('Ctrl Pts',(-206.788218707437,73.1445613707134,151.309501409691));
#5570=CARTESIAN_POINT('Ctrl Pts',(-213.657119748628,63.1296518565926,152.61694156797));
#5571=CARTESIAN_POINT('Ctrl Pts',(-222.365333446124,45.4300234872708,154.796008498436));
#5572=CARTESIAN_POINT('Ctrl Pts',(-228.737483087672,18.9921418141608,157.846702201087));
#5573=CARTESIAN_POINT('Ctrl Pts',(-229.646953175407,3.12347288359517,159.58995574546));
#5574=CARTESIAN_POINT('Ctrl Pts',(-229.341334817944,-4.96685215543956,160.461582517646));
#5575=CARTESIAN_POINT('Ctrl Pts',(-176.8495530262,51.60994355425,143.646975031024));
#5576=CARTESIAN_POINT('Ctrl Pts',(-181.68867581582,44.4169486428751,144.954415189304));
#5577=CARTESIAN_POINT('Ctrl Pts',(-187.805055890031,31.696320892987,147.133482119769));
#5578=CARTESIAN_POINT('Ctrl Pts',(-192.191116983145,12.7238397471527,150.184175822421));
#5579=CARTESIAN_POINT('Ctrl Pts',(-192.736636909604,1.37352078917743,151.927429366794));
#5580=CARTESIAN_POINT('Ctrl Pts',(-192.466658023905,-4.39968497619392,152.79905613898));
#5581=CARTESIAN_POINT('Ctrl Pts',(-146.910887344963,30.0753257377866,135.984448652358));
#5582=CARTESIAN_POINT('Ctrl Pts',(-149.720231883012,25.7042454291577,137.291888810637));
#5583=CARTESIAN_POINT('Ctrl Pts',(-153.244778333938,17.9626182987033,139.470955741103));
#5584=CARTESIAN_POINT('Ctrl Pts',(-155.644750878619,6.45553768014461,142.521649443755));
#5585=CARTESIAN_POINT('Ctrl Pts',(-155.826320643801,-0.376431305240286,
144.264902988127));
#5586=CARTESIAN_POINT('Ctrl Pts',(-155.591981229867,-3.83251779694827,145.136529760314));
#5587=CARTESIAN_POINT('Ctrl Pts',(-116.972221663726,8.54070792132324,128.321922273692));
#5588=CARTESIAN_POINT('Ctrl Pts',(-117.751787950204,6.99154221544029,129.629362431971));
#5589=CARTESIAN_POINT('Ctrl Pts',(-118.684500777845,4.22891570441961,131.808429362437));
#5590=CARTESIAN_POINT('Ctrl Pts',(-119.098384774092,0.187235613136508,134.859123065089));
#5591=CARTESIAN_POINT('Ctrl Pts',(-118.916004377999,-2.12638339965803,136.602376609461));
#5592=CARTESIAN_POINT('Ctrl Pts',(-118.717304435828,-3.26535061770264,137.474003381647));
#5593=CARTESIAN_POINT('',(-229.341334817944,-4.96685215543953,160.461582517646));
#5594=CARTESIAN_POINT('Ctrl Pts',(-118.717304435828,-3.26535061770264,137.474003381647));
#5595=CARTESIAN_POINT('Ctrl Pts',(-155.591981229867,-3.83251779694827,145.136529760314));
#5596=CARTESIAN_POINT('Ctrl Pts',(-192.466658023905,-4.39968497619392,152.79905613898));
#5597=CARTESIAN_POINT('Ctrl Pts',(-229.341334817944,-4.96685215543956,160.461582517646));
#5598=CARTESIAN_POINT('Ctrl Pts',(-206.788218707437,73.1445613707134,151.309501409691));
#5599=CARTESIAN_POINT('Ctrl Pts',(-213.657119748628,63.1296518565926,152.61694156797));
#5600=CARTESIAN_POINT('Ctrl Pts',(-222.365333446124,45.4300234872708,154.796008498436));
#5601=CARTESIAN_POINT('Ctrl Pts',(-228.737483087672,18.9921418141608,157.846702201087));
#5602=CARTESIAN_POINT('Ctrl Pts',(-229.646953175407,3.12347288359517,159.58995574546));
#5603=CARTESIAN_POINT('Ctrl Pts',(-229.341334817944,-4.96685215543956,160.461582517646));
#5604=CARTESIAN_POINT('Ctrl Pts',(-229.341334817944,-4.96685215543953,160.461582517646));
#5605=CARTESIAN_POINT('Ctrl Pts',(-229.035770529137,-13.0557026312236,161.333058286348));
#5606=CARTESIAN_POINT('Ctrl Pts',(-226.916421343572,-28.8067308015416,163.076009823752));
#5607=CARTESIAN_POINT('Ctrl Pts',(-218.516880436973,-54.6679492531529,166.126175014209));
#5608=CARTESIAN_POINT('Ctrl Pts',(-208.475773871538,-71.6402216808986,168.304864435964));
#5609=CARTESIAN_POINT('Ctrl Pts',(-200.873317002564,-81.1074868906788,169.612078089017));
#5610=CARTESIAN_POINT('Ctrl Pts',(-192.466658023905,-4.3996849761939,152.79905613898));
#5611=CARTESIAN_POINT('Ctrl Pts',(-192.196726658454,-10.1718419265912,153.670531907682));
#5612=CARTESIAN_POINT('Ctrl Pts',(-190.579942020097,-21.418635441856,155.413483445086));
#5613=CARTESIAN_POINT('Ctrl Pts',(-184.394416837322,-39.8801911880563,158.463648635543));
#5614=CARTESIAN_POINT('Ctrl Pts',(-177.096163566928,-51.9561599495038,160.642338057298));
#5615=CARTESIAN_POINT('Ctrl Pts',(-171.608617676396,-58.6655431107169,161.949551710351));
#5616=CARTESIAN_POINT('Ctrl Pts',(-155.591981229867,-3.83251779694826,145.136529760314));
#5617=CARTESIAN_POINT('Ctrl Pts',(-155.357682787771,-7.28798122195871,146.008005529016));
#5618=CARTESIAN_POINT('Ctrl Pts',(-154.243462696622,-14.0305400821705,147.75095706642));
#5619=CARTESIAN_POINT('Ctrl Pts',(-150.271953237671,-25.0924331229597,150.801122256877));
#5620=CARTESIAN_POINT('Ctrl Pts',(-145.716553262318,-32.272098218109,152.979811678632));
#5621=CARTESIAN_POINT('Ctrl Pts',(-142.343918350227,-36.223599330755,154.287025331685));
#5622=CARTESIAN_POINT('Ctrl Pts',(-118.717304435828,-3.26535061770264,137.474003381647));
#5623=CARTESIAN_POINT('Ctrl Pts',(-118.518638917088,-4.40412051732626,138.345479150349));
#5624=CARTESIAN_POINT('Ctrl Pts',(-117.906983373147,-6.64244472248493,140.088430687753));
#5625=CARTESIAN_POINT('Ctrl Pts',(-116.149489638019,-10.304675057863,143.13859587821));
#5626=CARTESIAN_POINT('Ctrl Pts',(-114.336942957708,-12.5880364867141,145.317285299965));
#5627=CARTESIAN_POINT('Ctrl Pts',(-113.079219024059,-13.781655550793,146.624498953018));
#5628=CARTESIAN_POINT('',(-200.873317002564,-81.1074868906786,169.612078089017));
#5629=CARTESIAN_POINT('Ctrl Pts',(-113.079219024059,-13.781655550793,146.624498953018));
#5630=CARTESIAN_POINT('Ctrl Pts',(-142.343918350227,-36.223599330755,154.287025331685));
#5631=CARTESIAN_POINT('Ctrl Pts',(-171.608617676396,-58.6655431107169,161.949551710351));
#5632=CARTESIAN_POINT('Ctrl Pts',(-200.873317002564,-81.1074868906788,169.612078089017));
#5633=CARTESIAN_POINT('Ctrl Pts',(-229.341334817944,-4.96685215543953,160.461582517646));
#5634=CARTESIAN_POINT('Ctrl Pts',(-229.035770529137,-13.0557026312236,161.333058286348));
#5635=CARTESIAN_POINT('Ctrl Pts',(-226.916421343572,-28.8067308015416,163.076009823752));
#5636=CARTESIAN_POINT('Ctrl Pts',(-218.516880436973,-54.6679492531529,166.126175014209));
#5637=CARTESIAN_POINT('Ctrl Pts',(-208.475773871538,-71.6402216808986,168.304864435964));
#5638=CARTESIAN_POINT('Ctrl Pts',(-200.873317002564,-81.1074868906788,169.612078089017));
#5639=CARTESIAN_POINT('Ctrl Pts',(-200.873317002564,-81.1074868906786,169.612078089017));
#5640=CARTESIAN_POINT('Ctrl Pts',(-192.982121415065,-90.9351716127579,170.966433004405));
#5641=CARTESIAN_POINT('Ctrl Pts',(-177.954008396769,-104.785961779948,173.223691196719));
#5642=CARTESIAN_POINT('Ctrl Pts',(-153.484406552484,-118.685251449827,176.383852665959));
#5643=CARTESIAN_POINT('Ctrl Pts',(-137.902788119829,-124.041850948449,178.18965921981));
#5644=CARTESIAN_POINT('Ctrl Pts',(-129.726167832076,-125.977003690518,179.092562496735));
#5645=CARTESIAN_POINT('Ctrl Pts',(-171.608617676396,-58.6655431107168,161.949551710351));
#5646=CARTESIAN_POINT('Ctrl Pts',(-165.913460458762,-65.6295542030525,163.303906625739));
#5647=CARTESIAN_POINT('Ctrl Pts',(-155.070912680044,-75.4432676107671,165.561164818053));
#5648=CARTESIAN_POINT('Ctrl Pts',(-137.455775775475,-85.2326756383483,168.721326287292));
#5649=CARTESIAN_POINT('Ctrl Pts',(-126.281684501624,-88.9590701033308,170.527132841144));
#5650=CARTESIAN_POINT('Ctrl Pts',(-120.433277338415,-90.2879906256142,171.430036118069));
#5651=CARTESIAN_POINT('Ctrl Pts',(-142.343918350227,-36.2235993307549,154.287025331685));
#5652=CARTESIAN_POINT('Ctrl Pts',(-138.84479950246,-40.323936793347,155.641380247073));
#5653=CARTESIAN_POINT('Ctrl Pts',(-132.187816963318,-46.1005734415859,157.898638439387));
#5654=CARTESIAN_POINT('Ctrl Pts',(-121.427144998466,-51.7800998268695,161.058799908626));
#5655=CARTESIAN_POINT('Ctrl Pts',(-114.660580883418,-53.876289258213,162.864606462477));
#5656=CARTESIAN_POINT('Ctrl Pts',(-111.140386844754,-54.5989775607108,163.767509739403));
#5657=CARTESIAN_POINT('Ctrl Pts',(-113.079219024059,-13.781655550793,146.624498953018));
#5658=CARTESIAN_POINT('Ctrl Pts',(-111.776138546157,-15.0183193836416,147.978853868407));
#5659=CARTESIAN_POINT('Ctrl Pts',(-109.304721246593,-16.7578792724047,150.23611206072));
#5660=CARTESIAN_POINT('Ctrl Pts',(-105.398514221457,-18.3275240153907,153.39627352996));
#5661=CARTESIAN_POINT('Ctrl Pts',(-103.039477265213,-18.7935084130952,155.202080083811));
#5662=CARTESIAN_POINT('Ctrl Pts',(-101.847496351093,-18.9099644958075,156.104983360737));
#5663=CARTESIAN_POINT('',(-129.726167832076,-125.977003690518,179.092562496735));
#5664=CARTESIAN_POINT('Ctrl Pts',(-101.847496351093,-18.9099644958075,156.104983360737));
#5665=CARTESIAN_POINT('Ctrl Pts',(-111.140386844754,-54.5989775607108,163.767509739403));
#5666=CARTESIAN_POINT('Ctrl Pts',(-120.433277338415,-90.2879906256142,171.430036118069));
#5667=CARTESIAN_POINT('Ctrl Pts',(-129.726167832076,-125.977003690518,179.092562496735));
#5668=CARTESIAN_POINT('Ctrl Pts',(-200.873317002564,-81.1074868906786,169.612078089017));
#5669=CARTESIAN_POINT('Ctrl Pts',(-192.982121415065,-90.9351716127579,170.966433004405));
#5670=CARTESIAN_POINT('Ctrl Pts',(-177.954008396769,-104.785961779948,173.223691196719));
#5671=CARTESIAN_POINT('Ctrl Pts',(-153.484406552484,-118.685251449827,176.383852665959));
#5672=CARTESIAN_POINT('Ctrl Pts',(-137.902788119829,-124.041850948449,178.18965921981));
#5673=CARTESIAN_POINT('Ctrl Pts',(-129.726167832076,-125.977003690518,179.092562496735));
#5674=CARTESIAN_POINT('Ctrl Pts',(-129.726167832076,-125.977003690518,179.092562496735));
#5675=CARTESIAN_POINT('Ctrl Pts',(-121.787264041108,-127.855612759534,179.970536130814));
#5676=CARTESIAN_POINT('Ctrl Pts',(-105.920430689487,-130.020194603358,181.726483398972));
#5677=CARTESIAN_POINT('Ctrl Pts',(-78.5613750811092,-128.760359209619,184.799391118247));
#5678=CARTESIAN_POINT('Ctrl Pts',(-59.401397621266,-123.504447306825,186.994325203444));
#5679=CARTESIAN_POINT('Ctrl Pts',(-48.1843913171462,-118.61278687244,188.311285654562));
#5680=CARTESIAN_POINT('Ctrl Pts',(-120.433277338415,-90.2879906256142,171.430036118069));
#5681=CARTESIAN_POINT('Ctrl Pts',(-114.754318250119,-91.5781435609332,172.308009752148));
#5682=CARTESIAN_POINT('Ctrl Pts',(-103.397164407667,-93.0232353585242,174.063957020305));
#5683=CARTESIAN_POINT('Ctrl Pts',(-83.8154759150544,-91.9399298797944,177.136864739581));
#5684=CARTESIAN_POINT('Ctrl Pts',(-70.1420397683375,-88.0506359098324,179.331798824778));
#5685=CARTESIAN_POINT('Ctrl Pts',(-62.166461858984,-84.4870609367604,180.648759275896));
#5686=CARTESIAN_POINT('Ctrl Pts',(-111.140386844754,-54.5989775607108,163.767509739403));
#5687=CARTESIAN_POINT('Ctrl Pts',(-107.72137245913,-55.3006743623321,164.645483373482));
#5688=CARTESIAN_POINT('Ctrl Pts',(-100.873898125848,-56.0262761136908,166.401430641639));
#5689=CARTESIAN_POINT('Ctrl Pts',(-89.0695767489997,-55.1195005499698,169.474338360914));
#5690=CARTESIAN_POINT('Ctrl Pts',(-80.8826819154091,-52.5968245128398,171.669272446111));
#5691=CARTESIAN_POINT('Ctrl Pts',(-76.1485324008218,-50.3613350010812,172.986232897229));
#5692=CARTESIAN_POINT('Ctrl Pts',(-101.847496351093,-18.9099644958075,156.104983360737));
#5693=CARTESIAN_POINT('Ctrl Pts',(-100.68842666814,-19.0232051637311,156.982956994815));
#5694=CARTESIAN_POINT('Ctrl Pts',(-98.3506318440288,-19.0293168688574,158.738904262973));
#5695=CARTESIAN_POINT('Ctrl Pts',(-94.3236775829449,-18.2990712201452,161.811811982248));
#5696=CARTESIAN_POINT('Ctrl Pts',(-91.6233240624807,-17.1430131158472,164.006746067445));
#5697=CARTESIAN_POINT('Ctrl Pts',(-90.1306029426596,-16.2356090654019,165.323706518563));
#5698=CARTESIAN_POINT('',(-48.1843913171462,-118.61278687244,188.311285654562));
#5699=CARTESIAN_POINT('Ctrl Pts',(-90.1306029426596,-16.2356090654019,165.323706518563));
#5700=CARTESIAN_POINT('Ctrl Pts',(-76.1485324008218,-50.3613350010812,172.986232897229));
#5701=CARTESIAN_POINT('Ctrl Pts',(-62.166461858984,-84.4870609367604,180.648759275896));
#5702=CARTESIAN_POINT('Ctrl Pts',(-48.1843913171462,-118.61278687244,188.311285654562));
#5703=CARTESIAN_POINT('Ctrl Pts',(-129.726167832076,-125.977003690518,179.092562496735));
#5704=CARTESIAN_POINT('Ctrl Pts',(-121.787264041108,-127.855612759534,179.970536130814));
#5705=CARTESIAN_POINT('Ctrl Pts',(-105.920430689487,-130.020194603358,181.726483398972));
#5706=CARTESIAN_POINT('Ctrl Pts',(-78.5613750811092,-128.760359209619,184.799391118247));
#5707=CARTESIAN_POINT('Ctrl Pts',(-59.401397621266,-123.504447306825,186.994325203444));
#5708=CARTESIAN_POINT('Ctrl Pts',(-48.1843913171462,-118.61278687244,188.311285654562));
#5709=CARTESIAN_POINT('Ctrl Pts',(-48.1843913171462,-118.61278687244,188.311285654562));
#5710=CARTESIAN_POINT('Ctrl Pts',(-36.9749669948716,-113.724422794568,189.62740086607));
#5711=CARTESIAN_POINT('Ctrl Pts',(-20.1109334539307,-103.239902798309,191.820926218584));
#5712=CARTESIAN_POINT('Ctrl Pts',(-0.620440856973715,-84.0241304899384,
194.891861712104));
#5713=CARTESIAN_POINT('Ctrl Pts',(8.5740368725137,-70.9271477296647,196.646681994115));
#5714=CARTESIAN_POINT('Ctrl Pts',(12.5993614694961,-63.8375619011503,197.524092135121));
#5715=CARTESIAN_POINT('Ctrl Pts',(-62.166461858984,-84.4870609367604,180.648759275896));
#5716=CARTESIAN_POINT('Ctrl Pts',(-54.1962579524364,-80.9258776619762,181.964874487404));
#5717=CARTESIAN_POINT('Ctrl Pts',(-42.1975346318287,-73.3150129241677,184.158399839918));
#5718=CARTESIAN_POINT('Ctrl Pts',(-28.3701224401501,-59.4258311493287,187.229335333438));
#5719=CARTESIAN_POINT('Ctrl Pts',(-21.883525807082,-50.0023646638155,188.984155615449));
#5720=CARTESIAN_POINT('Ctrl Pts',(-19.05556595957,-44.9159066687299,189.861565756454));
#5721=CARTESIAN_POINT('Ctrl Pts',(-76.1485324008218,-50.3613350010812,172.986232897229));
#5722=CARTESIAN_POINT('Ctrl Pts',(-71.4175489100012,-48.1273325293843,174.302348108738));
#5723=CARTESIAN_POINT('Ctrl Pts',(-64.2841358097268,-43.390123050026,176.495873461252));
#5724=CARTESIAN_POINT('Ctrl Pts',(-56.1198040233266,-34.8275318087191,179.566808954771));
#5725=CARTESIAN_POINT('Ctrl Pts',(-52.3410884866778,-29.0775815979663,181.321629236783));
#5726=CARTESIAN_POINT('Ctrl Pts',(-50.7104933886361,-25.9942514363096,182.199039377788));
#5727=CARTESIAN_POINT('Ctrl Pts',(-90.1306029426596,-16.2356090654019,165.323706518563));
#5728=CARTESIAN_POINT('Ctrl Pts',(-88.638839867566,-15.3287873967925,166.639821730071));
#5729=CARTESIAN_POINT('Ctrl Pts',(-86.3707369876248,-13.4652331758842,168.833347082585));
#5730=CARTESIAN_POINT('Ctrl Pts',(-83.869485606503,-10.2292324681095,171.904282576105));
#5731=CARTESIAN_POINT('Ctrl Pts',(-82.7986511662736,-8.15279853211713,173.659102858116));
#5732=CARTESIAN_POINT('Ctrl Pts',(-82.3654208177022,-7.07259620388932,174.536512999122));
#5733=CARTESIAN_POINT('',(12.5993614694962,-63.8375619011502,197.524092135121));
#5734=CARTESIAN_POINT('Ctrl Pts',(-82.3654208177022,-7.07259620388932,174.536512999122));
#5735=CARTESIAN_POINT('Ctrl Pts',(-50.7104933886361,-25.9942514363096,182.199039377788));
#5736=CARTESIAN_POINT('Ctrl Pts',(-19.05556595957,-44.9159066687299,189.861565756454));
#5737=CARTESIAN_POINT('Ctrl Pts',(12.5993614694961,-63.8375619011503,197.524092135121));
#5738=CARTESIAN_POINT('Ctrl Pts',(-48.1843913171462,-118.61278687244,188.311285654562));
#5739=CARTESIAN_POINT('Ctrl Pts',(-36.9749669948716,-113.724422794568,189.62740086607));
#5740=CARTESIAN_POINT('Ctrl Pts',(-20.1109334539307,-103.239902798309,191.820926218584));
#5741=CARTESIAN_POINT('Ctrl Pts',(-0.620440856973715,-84.0241304899384,
194.891861712104));
#5742=CARTESIAN_POINT('Ctrl Pts',(8.5740368725137,-70.9271477296647,196.646681994115));
#5743=CARTESIAN_POINT('Ctrl Pts',(12.5993614694961,-63.8375619011503,197.524092135121));
#5744=CARTESIAN_POINT('Ctrl Pts',(12.5993614694962,-63.8375619011502,197.524092135121));
#5745=CARTESIAN_POINT('Ctrl Pts',(18.6333968434113,-53.2101246722331,198.839390671983));
#5746=CARTESIAN_POINT('Ctrl Pts',(25.8371083650068,-34.7184349752835,201.031554900086));
#5747=CARTESIAN_POINT('Ctrl Pts',(29.9125736690658,-7.67024940078818,204.100584819431));
#5748=CARTESIAN_POINT('Ctrl Pts',(29.4209106664853,8.314160588869,205.854316201914));
#5749=CARTESIAN_POINT('Ctrl Pts',(28.3939472746717,16.396487918157,206.731181893155));
#5750=CARTESIAN_POINT('Ctrl Pts',(-19.05556595957,-44.9159066687299,189.861565756454));
#5751=CARTESIAN_POINT('Ctrl Pts',(-14.8163949498638,-37.291182495101,191.176864293317));
#5752=CARTESIAN_POINT('Ctrl Pts',(-9.78155306356328,-24.013517670174,193.36902852142));
#5753=CARTESIAN_POINT('Ctrl Pts',(-7.04403609728228,-4.61907373825708,196.438058440765));
#5754=CARTESIAN_POINT('Ctrl Pts',(-7.50095269266652,6.80468844520245,198.191789823248));
#5755=CARTESIAN_POINT('Ctrl Pts',(-8.28577344679822,12.5674469064949,199.068655514489));
#5756=CARTESIAN_POINT('Ctrl Pts',(-50.7104933886361,-25.9942514363096,182.199039377788));
#5757=CARTESIAN_POINT('Ctrl Pts',(-48.2661867431389,-21.3722403179689,183.51433791465));
#5758=CARTESIAN_POINT('Ctrl Pts',(-45.4002144921334,-13.3086003650646,185.706502142754));
#5759=CARTESIAN_POINT('Ctrl Pts',(-44.0006458636303,-1.567898075726,188.775532062099));
#5760=CARTESIAN_POINT('Ctrl Pts',(-44.4228160518183,5.2952163015359,190.529263444581));
#5761=CARTESIAN_POINT('Ctrl Pts',(-44.9654941682682,8.73840589483271,191.406129135823));
#5762=CARTESIAN_POINT('Ctrl Pts',(-82.3654208177022,-7.07259620388932,174.536512999122));
#5763=CARTESIAN_POINT('Ctrl Pts',(-81.7159785364139,-5.45329814083679,175.851811535984));
#5764=CARTESIAN_POINT('Ctrl Pts',(-81.0188759207034,-2.60368305995521,178.043975764087));
#5765=CARTESIAN_POINT('Ctrl Pts',(-80.9572556299784,1.48327758680509,181.113005683432));
#5766=CARTESIAN_POINT('Ctrl Pts',(-81.3446794109701,3.78574415786936,182.866737065915));
#5767=CARTESIAN_POINT('Ctrl Pts',(-81.6452148897381,4.90936488317056,183.743602757156));
#5768=CARTESIAN_POINT('',(28.3939472746717,16.396487918157,206.731181893155));
#5769=CARTESIAN_POINT('Ctrl Pts',(-81.6452148897381,4.90936488317056,183.743602757156));
#5770=CARTESIAN_POINT('Ctrl Pts',(-44.9654941682682,8.73840589483271,191.406129135823));
#5771=CARTESIAN_POINT('Ctrl Pts',(-8.28577344679822,12.5674469064949,199.068655514489));
#5772=CARTESIAN_POINT('Ctrl Pts',(28.3939472746717,16.396487918157,206.731181893155));
#5773=CARTESIAN_POINT('Ctrl Pts',(12.5993614694962,-63.8375619011502,197.524092135121));
#5774=CARTESIAN_POINT('Ctrl Pts',(18.6333968434113,-53.2101246722331,198.839390671983));
#5775=CARTESIAN_POINT('Ctrl Pts',(25.8371083650068,-34.7184349752835,201.031554900086));
#5776=CARTESIAN_POINT('Ctrl Pts',(29.9125736690658,-7.67024940078818,204.100584819431));
#5777=CARTESIAN_POINT('Ctrl Pts',(29.4209106664853,8.314160588869,205.854316201914));
#5778=CARTESIAN_POINT('Ctrl Pts',(28.3939472746717,16.396487918157,206.731181893155));
#5779=CARTESIAN_POINT('Ctrl Pts',(28.3939472746717,16.396487918157,206.731181893155));
#5780=CARTESIAN_POINT('Ctrl Pts',(26.8544653801013,28.5123301529105,208.045692139047));
#5781=CARTESIAN_POINT('Ctrl Pts',(21.5413849840128,47.6207075981564,210.236542548866));
#5782=CARTESIAN_POINT('Ctrl Pts',(8.60303869302924,71.702767778479,213.303733122613));
#5783=CARTESIAN_POINT('Ctrl Pts',(-1.3618020636822,84.1981110193862,215.056413450468));
#5784=CARTESIAN_POINT('Ctrl Pts',(-7.02270215809975,90.0503892209246,215.932753614396));
#5785=CARTESIAN_POINT('Ctrl Pts',(-8.28577344679822,12.5674469064949,199.068655514489));
#5786=CARTESIAN_POINT('Ctrl Pts',(-9.4622723900534,21.2061487187911,200.38316576038));
#5787=CARTESIAN_POINT('Ctrl Pts',(-13.3873891378435,34.8441492262527,202.5740161702));
#5788=CARTESIAN_POINT('Ctrl Pts',(-22.8123900771908,52.0011252536165,205.641206743947));
#5789=CARTESIAN_POINT('Ctrl Pts',(-30.0185201142752,60.8681282857942,207.393887071802));
#5790=CARTESIAN_POINT('Ctrl Pts',(-34.0968717824173,65.0093667492342,208.27022723573));
#5791=CARTESIAN_POINT('Ctrl Pts',(-44.9654941682682,8.73840589483271,191.406129135823));
#5792=CARTESIAN_POINT('Ctrl Pts',(-45.7790101602081,13.8999672846716,192.720639381714));
#5793=CARTESIAN_POINT('Ctrl Pts',(-48.3161632596997,22.067590854349,194.911489791533));
#5794=CARTESIAN_POINT('Ctrl Pts',(-54.2278188474108,32.299482728754,197.97868036528));
#5795=CARTESIAN_POINT('Ctrl Pts',(-58.6752381648681,37.5381455522022,199.731360693136));
#5796=CARTESIAN_POINT('Ctrl Pts',(-61.1710414067348,39.9683442775438,200.607700857063));
#5797=CARTESIAN_POINT('Ctrl Pts',(-81.6452148897381,4.90936488317056,183.743602757156));
#5798=CARTESIAN_POINT('Ctrl Pts',(-82.0957479303628,6.59378585055212,185.058113003048));
#5799=CARTESIAN_POINT('Ctrl Pts',(-83.244937381556,9.29103248244527,187.248963412867));
#5800=CARTESIAN_POINT('Ctrl Pts',(-85.6432476176309,12.5978402038916,190.316153986614));
#5801=CARTESIAN_POINT('Ctrl Pts',(-87.3319562154611,14.2081628186103,192.06883431447));
#5802=CARTESIAN_POINT('Ctrl Pts',(-88.2452110310523,14.9273218058534,192.945174478397));
#5803=CARTESIAN_POINT('',(-7.0227021580997,90.0503892209246,215.932753614396));
#5804=CARTESIAN_POINT('Ctrl Pts',(-88.2452110310523,14.9273218058534,192.945174478397));
#5805=CARTESIAN_POINT('Ctrl Pts',(-61.1710414067348,39.9683442775438,200.607700857063));
#5806=CARTESIAN_POINT('Ctrl Pts',(-34.0968717824173,65.0093667492342,208.27022723573));
#5807=CARTESIAN_POINT('Ctrl Pts',(-7.02270215809975,90.0503892209246,215.932753614396));
#5808=CARTESIAN_POINT('Ctrl Pts',(28.3939472746717,16.396487918157,206.731181893155));
#5809=CARTESIAN_POINT('Ctrl Pts',(26.8544653801013,28.5123301529105,208.045692139047));
#5810=CARTESIAN_POINT('Ctrl Pts',(21.5413849840128,47.6207075981564,210.236542548866));
#5811=CARTESIAN_POINT('Ctrl Pts',(8.60303869302924,71.702767778479,213.303733122613));
#5812=CARTESIAN_POINT('Ctrl Pts',(-1.3618020636822,84.1981110193862,215.056413450468));
#5813=CARTESIAN_POINT('Ctrl Pts',(-7.02270215809975,90.0503892209246,215.932753614396));
#5814=CARTESIAN_POINT('Ctrl Pts',(-7.0227021580997,90.0503892209246,215.932753614396));
#5815=CARTESIAN_POINT('Ctrl Pts',(-15.5088906477189,98.823458441943,217.246503778733));
#5816=CARTESIAN_POINT('Ctrl Pts',(-31.2004035163188,110.934211079495,219.436087385961));
#5817=CARTESIAN_POINT('Ctrl Pts',(-55.9713877254282,122.463098317767,222.50150443608));
#5818=CARTESIAN_POINT('Ctrl Pts',(-71.4257386979441,126.499996666687,224.253171321862));
#5819=CARTESIAN_POINT('Ctrl Pts',(-79.4590215729014,127.796395559808,225.129004764754));
#5820=CARTESIAN_POINT('Ctrl Pts',(-34.0968717824172,65.0093667492342,208.27022723573));
#5821=CARTESIAN_POINT('Ctrl Pts',(-40.2106941503027,71.217451139325,209.583977400067));
#5822=CARTESIAN_POINT('Ctrl Pts',(-51.5165196967627,79.7814373939922,211.773561007294));
#5823=CARTESIAN_POINT('Ctrl Pts',(-69.3301300608866,87.8709981691724,214.838978057414));
#5824=CARTESIAN_POINT('Ctrl Pts',(-80.4048368443694,90.654987024011,216.590644943196));
#5825=CARTESIAN_POINT('Ctrl Pts',(-86.1474872543756,91.5289460478591,217.466478386087));
#5826=CARTESIAN_POINT('Ctrl Pts',(-61.1710414067348,39.9683442775438,200.607700857063));
#5827=CARTESIAN_POINT('Ctrl Pts',(-64.9124976528865,43.611443836707,201.9214510214));
#5828=CARTESIAN_POINT('Ctrl Pts',(-71.8326358772066,48.6286637084898,204.111034628628));
#5829=CARTESIAN_POINT('Ctrl Pts',(-82.6888723963451,53.2788980205777,207.176451678747));
#5830=CARTESIAN_POINT('Ctrl Pts',(-89.3839349907947,54.8099773813352,208.92811856453));
#5831=CARTESIAN_POINT('Ctrl Pts',(-92.8359529358498,55.2614965359102,209.803952007421));
#5832=CARTESIAN_POINT('Ctrl Pts',(-88.2452110310523,14.9273218058534,192.945174478397));
#5833=CARTESIAN_POINT('Ctrl Pts',(-89.6143011554703,16.005436534089,194.258924642734));
#5834=CARTESIAN_POINT('Ctrl Pts',(-92.1487520576504,17.4758900229874,196.448508249962));
#5835=CARTESIAN_POINT('Ctrl Pts',(-96.0476147318036,18.686797871983,199.513925300081));
#5836=CARTESIAN_POINT('Ctrl Pts',(-98.36303313722,18.9649677386594,201.265592185864));
#5837=CARTESIAN_POINT('Ctrl Pts',(-99.524418617324,18.9940470239613,202.141425628755));
#5838=CARTESIAN_POINT('',(-79.4590215729014,127.796395559808,225.129004764754));
#5839=CARTESIAN_POINT('Ctrl Pts',(-99.524418617324,18.9940470239613,202.141425628755));
#5840=CARTESIAN_POINT('Ctrl Pts',(-92.8359529358498,55.2614965359102,209.803952007421));
#5841=CARTESIAN_POINT('Ctrl Pts',(-86.1474872543756,91.5289460478591,217.466478386087));
#5842=CARTESIAN_POINT('Ctrl Pts',(-79.4590215729014,127.796395559808,225.129004764754));
#5843=CARTESIAN_POINT('Ctrl Pts',(-7.0227021580997,90.0503892209246,215.932753614396));
#5844=CARTESIAN_POINT('Ctrl Pts',(-15.5088906477189,98.823458441943,217.246503778733));
#5845=CARTESIAN_POINT('Ctrl Pts',(-31.2004035163188,110.934211079495,219.436087385961));
#5846=CARTESIAN_POINT('Ctrl Pts',(-55.9713877254282,122.463098317767,222.50150443608));
#5847=CARTESIAN_POINT('Ctrl Pts',(-71.4257386979441,126.499996666687,224.253171321862));
#5848=CARTESIAN_POINT('Ctrl Pts',(-79.4590215729014,127.796395559808,225.129004764754));
#5849=CARTESIAN_POINT('Ctrl Pts',(-79.4590215729014,127.796395559808,225.129004764754));
#5850=CARTESIAN_POINT('Ctrl Pts',(-91.50188070306,129.739845647995,226.442022889599));
#5851=CARTESIAN_POINT('Ctrl Pts',(-111.30988165237,130.044598767118,228.630386431007));
#5852=CARTESIAN_POINT('Ctrl Pts',(-138.0390646217,124.453110331673,231.694095388978));
#5853=CARTESIAN_POINT('Ctrl Pts',(-152.827047235829,118.439711093896,233.444786222105));
#5854=CARTESIAN_POINT('Ctrl Pts',(-160.034227412195,114.672324698867,234.320131638668));
#5855=CARTESIAN_POINT('Ctrl Pts',(-86.1474872543756,91.5289460478591,217.466478386087));
#5856=CARTESIAN_POINT('Ctrl Pts',(-94.7564291779598,92.8391109809477,218.779496510932));
#5857=CARTESIAN_POINT('Ctrl Pts',(-108.931336343376,92.9290922190073,220.96786005234));
#5858=CARTESIAN_POINT('Ctrl Pts',(-128.032717475455,88.7469848056615,224.031569010312));
#5859=CARTESIAN_POINT('Ctrl Pts',(-138.564766232042,84.3505655088532,225.782259843439));
#5860=CARTESIAN_POINT('Ctrl Pts',(-143.685308080983,81.6151574884789,226.657605260002));
#5861=CARTESIAN_POINT('Ctrl Pts',(-92.8359529358498,55.2614965359102,209.803952007421));
#5862=CARTESIAN_POINT('Ctrl Pts',(-98.0109776528595,55.9383763139004,211.116970132266));
#5863=CARTESIAN_POINT('Ctrl Pts',(-106.552791034382,55.8135856708968,213.305333673674));
#5864=CARTESIAN_POINT('Ctrl Pts',(-118.02637032921,53.0408592796504,216.369042631646));
#5865=CARTESIAN_POINT('Ctrl Pts',(-124.302485228254,50.2614199238102,218.119733464772));
#5866=CARTESIAN_POINT('Ctrl Pts',(-127.336388749771,48.557990278091,218.995078881336));
#5867=CARTESIAN_POINT('Ctrl Pts',(-99.524418617324,18.9940470239613,202.141425628755));
#5868=CARTESIAN_POINT('Ctrl Pts',(-101.265526127759,19.0376416468531,203.4544437536));
#5869=CARTESIAN_POINT('Ctrl Pts',(-104.174245725388,18.6980791227863,205.642807295008));
#5870=CARTESIAN_POINT('Ctrl Pts',(-108.020023182965,17.3347337536392,208.706516252979));
#5871=CARTESIAN_POINT('Ctrl Pts',(-110.040204224467,16.1722743387671,210.457207086106));
#5872=CARTESIAN_POINT('Ctrl Pts',(-110.987469418559,15.5008230677031,211.332552502669));
#5873=CARTESIAN_POINT('',(-160.034227412195,114.672324698867,234.320131638668));
#5874=CARTESIAN_POINT('Ctrl Pts',(-110.987469418559,15.5008230677031,211.332552502669));
#5875=CARTESIAN_POINT('Ctrl Pts',(-127.336388749771,48.557990278091,218.995078881336));
#5876=CARTESIAN_POINT('Ctrl Pts',(-143.685308080983,81.6151574884789,226.657605260002));
#5877=CARTESIAN_POINT('Ctrl Pts',(-160.034227412195,114.672324698867,234.320131638668));
#5878=CARTESIAN_POINT('Ctrl Pts',(-79.4590215729014,127.796395559808,225.129004764754));
#5879=CARTESIAN_POINT('Ctrl Pts',(-91.50188070306,129.739845647995,226.442022889599));
#5880=CARTESIAN_POINT('Ctrl Pts',(-111.30988165237,130.044598767118,228.630386431007));
#5881=CARTESIAN_POINT('Ctrl Pts',(-138.0390646217,124.453110331673,231.694095388978));
#5882=CARTESIAN_POINT('Ctrl Pts',(-152.827047235829,118.439711093896,233.444786222105));
#5883=CARTESIAN_POINT('Ctrl Pts',(-160.034227412195,114.672324698867,234.320131638668));
#5884=CARTESIAN_POINT('Ctrl Pts',(-160.034227412195,114.672324698867,234.320131638668));
#5885=CARTESIAN_POINT('Ctrl Pts',(-167.23733760858,110.907060022768,235.195007616572));
#5886=CARTESIAN_POINT('Ctrl Pts',(-180.601045547519,102.188539853625,236.944759572379));
#5887=CARTESIAN_POINT('Ctrl Pts',(-200.402900562743,83.403923055519,240.006825495042));
#5888=CARTESIAN_POINT('Ctrl Pts',(-211.429835697021,66.9619089923239,242.194015439801));
#5889=CARTESIAN_POINT('Ctrl Pts',(-216.708838354283,55.9722928136351,243.506329406656));
#5890=CARTESIAN_POINT('Ctrl Pts',(-143.685308080983,81.6151574884789,226.657605260002));
#5891=CARTESIAN_POINT('Ctrl Pts',(-148.802967273773,78.8812839781737,227.532481237905));
#5892=CARTESIAN_POINT('Ctrl Pts',(-158.300442220518,72.5621691525472,229.282233193713));
#5893=CARTESIAN_POINT('Ctrl Pts',(-172.354711066782,58.980698918451,232.344299116375));
#5894=CARTESIAN_POINT('Ctrl Pts',(-180.133890378348,47.1425689543344,234.531489061134));
#5895=CARTESIAN_POINT('Ctrl Pts',(-183.831806896293,39.2640831613608,235.84380302799));
#5896=CARTESIAN_POINT('Ctrl Pts',(-127.336388749771,48.557990278091,218.995078881336));
#5897=CARTESIAN_POINT('Ctrl Pts',(-130.368596938967,46.8555079335795,219.869954859239));
#5898=CARTESIAN_POINT('Ctrl Pts',(-135.999838893518,42.935798451469,221.619706815046));
#5899=CARTESIAN_POINT('Ctrl Pts',(-144.306521570821,34.5574747813831,224.681772737709));
#5900=CARTESIAN_POINT('Ctrl Pts',(-148.837945059674,27.323228916345,226.868962682468));
#5901=CARTESIAN_POINT('Ctrl Pts',(-150.954775438303,22.5558735090864,228.181276649324));
#5902=CARTESIAN_POINT('Ctrl Pts',(-110.987469418559,15.5008230677031,211.332552502669));
#5903=CARTESIAN_POINT('Ctrl Pts',(-111.934226604161,14.8297318889853,212.207428480573));
#5904=CARTESIAN_POINT('Ctrl Pts',(-113.699235566517,13.3094277503908,213.95718043638));
#5905=CARTESIAN_POINT('Ctrl Pts',(-116.25833207486,10.1342506443151,217.019246359043));
#5906=CARTESIAN_POINT('Ctrl Pts',(-117.541999741,7.50388887835545,219.206436303802));
#5907=CARTESIAN_POINT('Ctrl Pts',(-118.077743980313,5.84766385681198,220.518750270657));
#5908=CARTESIAN_POINT('',(-216.708838354283,55.9722928136351,243.506329406656));
#5909=CARTESIAN_POINT('Ctrl Pts',(-118.077743980313,5.84766385681198,220.518750270657));
#5910=CARTESIAN_POINT('Ctrl Pts',(-150.954775438303,22.5558735090864,228.181276649324));
#5911=CARTESIAN_POINT('Ctrl Pts',(-183.831806896293,39.2640831613608,235.84380302799));
#5912=CARTESIAN_POINT('Ctrl Pts',(-216.708838354283,55.9722928136351,243.506329406656));
#5913=CARTESIAN_POINT('Ctrl Pts',(-160.034227412195,114.672324698867,234.320131638668));
#5914=CARTESIAN_POINT('Ctrl Pts',(-167.23733760858,110.907060022768,235.195007616572));
#5915=CARTESIAN_POINT('Ctrl Pts',(-180.601045547519,102.188539853625,236.944759572379));
#5916=CARTESIAN_POINT('Ctrl Pts',(-200.402900562743,83.403923055519,240.006825495042));
#5917=CARTESIAN_POINT('Ctrl Pts',(-211.429835697021,66.9619089923239,242.194015439801));
#5918=CARTESIAN_POINT('Ctrl Pts',(-216.708838354283,55.9722928136351,243.506329406656));
#5919=CARTESIAN_POINT('Ctrl Pts',(-216.708838354283,55.9722928136351,243.506329406656));
#5920=CARTESIAN_POINT('Ctrl Pts',(-220.226260059168,48.6498539354865,244.380754430983));
#5921=CARTESIAN_POINT('Ctrl Pts',(-225.716758242436,33.6769378130973,246.129604479638));
#5922=CARTESIAN_POINT('Ctrl Pts',(-230.347780564083,6.79231355644672,249.190092064783));
#5923=CARTESIAN_POINT('Ctrl Pts',(-229.352751042169,-12.9696997224804,251.376154625601));
#5924=CARTESIAN_POINT('Ctrl Pts',(-227.013519455943,-24.9282247309418,252.687792162091));
#5925=CARTESIAN_POINT('Ctrl Pts',(-183.831806896293,39.2640831613608,235.84380302799));
#5926=CARTESIAN_POINT('Ctrl Pts',(-186.295747608596,34.0145969486582,236.718228052317));
#5927=CARTESIAN_POINT('Ctrl Pts',(-190.124295305118,23.2750041043838,238.467078100971));
#5928=CARTESIAN_POINT('Ctrl Pts',(-193.262168265719,3.99420761051852,241.527565686117));
#5929=CARTESIAN_POINT('Ctrl Pts',(-192.417485458423,-10.1385741193568,243.713628246934));
#5930=CARTESIAN_POINT('Ctrl Pts',(-190.671094596652,-18.6599217212857,245.025265783425));
#5931=CARTESIAN_POINT('Ctrl Pts',(-150.954775438303,22.5558735090864,228.181276649324));
#5932=CARTESIAN_POINT('Ctrl Pts',(-152.365235158024,19.3793399618299,229.055701673651));
#5933=CARTESIAN_POINT('Ctrl Pts',(-154.531832367801,12.8730703956703,230.804551722305));
#5934=CARTESIAN_POINT('Ctrl Pts',(-156.176555967355,1.19610166459027,233.86503930745));
#5935=CARTESIAN_POINT('Ctrl Pts',(-155.482219874676,-7.30744851623319,236.051101868268));
#5936=CARTESIAN_POINT('Ctrl Pts',(-154.328669737362,-12.3916187116295,237.362739404759));
#5937=CARTESIAN_POINT('Ctrl Pts',(-118.077743980313,5.84766385681198,220.518750270657));
#5938=CARTESIAN_POINT('Ctrl Pts',(-118.434722707451,4.74408297500157,221.393175294984));
#5939=CARTESIAN_POINT('Ctrl Pts',(-118.939369430483,2.47113668695675,223.142025343639));
#5940=CARTESIAN_POINT('Ctrl Pts',(-119.090943668991,-1.60200428133793,226.202512928784));
#5941=CARTESIAN_POINT('Ctrl Pts',(-118.546954290929,-4.4763229131096,228.388575489602));
#5942=CARTESIAN_POINT('Ctrl Pts',(-117.986244878072,-6.12331570197337,229.700213026093));
#5943=CARTESIAN_POINT('',(-227.013519455943,-24.9282247309417,252.687792162091));
#5944=CARTESIAN_POINT('Ctrl Pts',(-117.986244878072,-6.12331570197337,229.700213026093));
#5945=CARTESIAN_POINT('Ctrl Pts',(-154.328669737362,-12.3916187116295,237.362739404759));
#5946=CARTESIAN_POINT('Ctrl Pts',(-190.671094596652,-18.6599217212857,245.025265783425));
#5947=CARTESIAN_POINT('Ctrl Pts',(-227.013519455943,-24.9282247309418,252.687792162091));
#5948=CARTESIAN_POINT('Ctrl Pts',(-216.708838354283,55.9722928136351,243.506329406656));
#5949=CARTESIAN_POINT('Ctrl Pts',(-220.226260059168,48.6498539354865,244.380754430983));
#5950=CARTESIAN_POINT('Ctrl Pts',(-225.716758242436,33.6769378130973,246.129604479638));
#5951=CARTESIAN_POINT('Ctrl Pts',(-230.347780564083,6.79231355644672,249.190092064783));
#5952=CARTESIAN_POINT('Ctrl Pts',(-229.352751042169,-12.9696997224804,251.376154625601));
#5953=CARTESIAN_POINT('Ctrl Pts',(-227.013519455943,-24.9282247309418,252.687792162091));
#5954=CARTESIAN_POINT('Ctrl Pts',(-227.013519455943,-24.9282247309417,252.687792162091));
#5955=CARTESIAN_POINT('Ctrl Pts',(-225.454838915119,-32.8964237918018,253.561784619726));
#5956=CARTESIAN_POINT('Ctrl Pts',(-220.904982709265,-48.1730767554143,255.309769534996));
#5957=CARTESIAN_POINT('Ctrl Pts',(-208.549431663061,-72.4805758965463,258.368743136717));
#5958=CARTESIAN_POINT('Ctrl Pts',(-195.944412544312,-87.7203814982574,260.553724280804));
#5959=CARTESIAN_POINT('Ctrl Pts',(-186.925752585347,-95.9049740643959,261.864712967256));
#5960=CARTESIAN_POINT('Ctrl Pts',(-190.671094596652,-18.6599217212856,245.025265783425));
#5961=CARTESIAN_POINT('Ctrl Pts',(-189.507433783393,-24.3378717714015,245.89925824106));
#5962=CARTESIAN_POINT('Ctrl Pts',(-186.156151465121,-35.2298210782428,247.647243156329));
#5963=CARTESIAN_POINT('Ctrl Pts',(-177.148256443126,-52.5527974714002,250.706216758051));
#5964=CARTESIAN_POINT('Ctrl Pts',(-168.027160354672,-63.3720061938157,252.891197902138));
#5965=CARTESIAN_POINT('Ctrl Pts',(-161.53696364294,-69.1566495689823,254.20218658859));
#5966=CARTESIAN_POINT('Ctrl Pts',(-154.328669737362,-12.3916187116295,237.362739404759));
#5967=CARTESIAN_POINT('Ctrl Pts',(-153.560028651666,-15.7793197510011,238.236731862394));
#5968=CARTESIAN_POINT('Ctrl Pts',(-151.407320220977,-22.2865654010713,239.984716777663));
#5969=CARTESIAN_POINT('Ctrl Pts',(-145.747081223192,-32.6250190462542,243.043690379385));
#5970=CARTESIAN_POINT('Ctrl Pts',(-140.109908165033,-39.023630889374,245.228671523471));
#5971=CARTESIAN_POINT('Ctrl Pts',(-136.148174700534,-42.4083250735688,246.539660209924));
#5972=CARTESIAN_POINT('Ctrl Pts',(-117.986244878072,-6.12331570197337,229.700213026093));
#5973=CARTESIAN_POINT('Ctrl Pts',(-117.612623519939,-7.22076773060082,230.574205483727));
#5974=CARTESIAN_POINT('Ctrl Pts',(-116.658488976833,-9.34330972389975,232.322190398997));
#5975=CARTESIAN_POINT('Ctrl Pts',(-114.345906003257,-12.6972406211081,235.381164000718));
#5976=CARTESIAN_POINT('Ctrl Pts',(-112.192655975393,-14.6752555849324,237.566145144805));
#5977=CARTESIAN_POINT('Ctrl Pts',(-110.759385758127,-15.6600005781552,238.877133831257));
#5978=CARTESIAN_POINT('',(-186.925752585347,-95.9049740643959,261.864712967256));
#5979=CARTESIAN_POINT('Ctrl Pts',(-110.759385758127,-15.6600005781552,238.877133831257));
#5980=CARTESIAN_POINT('Ctrl Pts',(-136.148174700534,-42.4083250735688,246.539660209924));
#5981=CARTESIAN_POINT('Ctrl Pts',(-161.53696364294,-69.1566495689823,254.20218658859));
#5982=CARTESIAN_POINT('Ctrl Pts',(-186.925752585347,-95.9049740643959,261.864712967256));
#5983=CARTESIAN_POINT('Ctrl Pts',(-227.013519455943,-24.9282247309417,252.687792162091));
#5984=CARTESIAN_POINT('Ctrl Pts',(-225.454838915119,-32.8964237918018,253.561784619726));
#5985=CARTESIAN_POINT('Ctrl Pts',(-220.904982709265,-48.1730767554143,255.309769534996));
#5986=CARTESIAN_POINT('Ctrl Pts',(-208.549431663061,-72.4805758965463,258.368743136717));
#5987=CARTESIAN_POINT('Ctrl Pts',(-195.944412544312,-87.7203814982574,260.553724280804));
#5988=CARTESIAN_POINT('Ctrl Pts',(-186.925752585347,-95.9049740643959,261.864712967256));
#5989=CARTESIAN_POINT('Ctrl Pts',(-186.925752585347,-95.9049740643959,261.864712967256));
#5990=CARTESIAN_POINT('Ctrl Pts',(-177.911586292928,-104.085479434516,263.175080243176));
#5991=CARTESIAN_POINT('Ctrl Pts',(-161.51305863475,-115.128428095312,265.359025703043));
#5992=CARTESIAN_POINT('Ctrl Pts',(-136.117755040861,-125.021383280754,268.416549346856));
#5993=CARTESIAN_POINT('Ctrl Pts',(-120.478920128739,-128.058592032184,270.163705714749));
#5994=CARTESIAN_POINT('Ctrl Pts',(-112.401576252065,-128.841186812625,271.037283898696));
#5995=CARTESIAN_POINT('Ctrl Pts',(-161.53696364294,-69.1566495689824,254.20218658859));
#5996=CARTESIAN_POINT('Ctrl Pts',(-155.04998916629,-74.93841255662,255.51255386451));
#5997=CARTESIAN_POINT('Ctrl Pts',(-143.245195217884,-82.7337623806238,257.696499324376));
#5998=CARTESIAN_POINT('Ctrl Pts',(-124.995609947326,-89.6477611857551,260.75402296819));
#5999=CARTESIAN_POINT('Ctrl Pts',(-113.795589337783,-91.7158842732232,262.501179336083));
#6000=CARTESIAN_POINT('Ctrl Pts',(-108.024725153518,-92.2227946887865,263.37475752003));
#6001=CARTESIAN_POINT('Ctrl Pts',(-136.148174700533,-42.4083250735688,246.539660209924));
#6002=CARTESIAN_POINT('Ctrl Pts',(-132.188392039652,-45.791345678724,247.850027485843));
#6003=CARTESIAN_POINT('Ctrl Pts',(-124.977331801018,-50.3390966659359,250.03397294571));
#6004=CARTESIAN_POINT('Ctrl Pts',(-113.873464853791,-54.2741390907562,253.091496589523));
#6005=CARTESIAN_POINT('Ctrl Pts',(-107.112258546827,-55.3731765142626,254.838652957417));
#6006=CARTESIAN_POINT('Ctrl Pts',(-103.647874054972,-55.6044025649483,255.712231141363));
#6007=CARTESIAN_POINT('Ctrl Pts',(-110.759385758127,-15.6600005781552,238.877133831257));
#6008=CARTESIAN_POINT('Ctrl Pts',(-109.326794913014,-16.6442788008281,240.187501107177));
#6009=CARTESIAN_POINT('Ctrl Pts',(-106.709468384152,-17.944430951248,242.371446567044));
#6010=CARTESIAN_POINT('Ctrl Pts',(-102.751319760256,-18.9005169957573,245.428970210857));
#6011=CARTESIAN_POINT('Ctrl Pts',(-100.428927755871,-19.0304687553019,247.17612657875));
#6012=CARTESIAN_POINT('Ctrl Pts',(-99.2710229564261,-18.9860104411101,248.049704762697));
#6013=CARTESIAN_POINT('',(-112.401576252065,-128.841186812625,271.037283898696));
#6014=CARTESIAN_POINT('Ctrl Pts',(-99.2710229564261,-18.9860104411101,248.049704762697));
#6015=CARTESIAN_POINT('Ctrl Pts',(-103.647874054972,-55.6044025649483,255.712231141363));
#6016=CARTESIAN_POINT('Ctrl Pts',(-108.024725153518,-92.2227946887865,263.37475752003));
#6017=CARTESIAN_POINT('Ctrl Pts',(-112.401576252065,-128.841186812625,271.037283898696));
#6018=CARTESIAN_POINT('Ctrl Pts',(-186.925752585347,-95.9049740643959,261.864712967256));
#6019=CARTESIAN_POINT('Ctrl Pts',(-177.911586292928,-104.085479434516,263.175080243176));
#6020=CARTESIAN_POINT('Ctrl Pts',(-161.51305863475,-115.128428095312,265.359025703043));
#6021=CARTESIAN_POINT('Ctrl Pts',(-136.117755040861,-125.021383280754,268.416549346856));
#6022=CARTESIAN_POINT('Ctrl Pts',(-120.478920128739,-128.058592032184,270.163705714749));
#6023=CARTESIAN_POINT('Ctrl Pts',(-112.401576252065,-128.841186812625,271.037283898696));
#6024=CARTESIAN_POINT('Ctrl Pts',(-112.401576252065,-128.841186812625,271.037283898696));
#6025=CARTESIAN_POINT('Ctrl Pts',(-100.291339845851,-130.014512552114,272.347057069156));
#6026=CARTESIAN_POINT('Ctrl Pts',(-80.5526114833295,-129.073461070897,274.530012353256));
#6027=CARTESIAN_POINT('Ctrl Pts',(-54.2881654857076,-121.840491856453,277.586149750996));
#6028=CARTESIAN_POINT('Ctrl Pts',(-39.9380053423917,-114.938613541076,279.332513978277));
#6029=CARTESIAN_POINT('Ctrl Pts',(-32.9954744188538,-110.744047535147,280.205696091917));
#6030=CARTESIAN_POINT('Ctrl Pts',(-108.024725153518,-92.2227946887865,263.37475752003));
#6031=CARTESIAN_POINT('Ctrl Pts',(-99.3725443066829,-92.9827927697944,264.68453069049));
#6032=CARTESIAN_POINT('Ctrl Pts',(-85.2552885164464,-92.1818154949347,266.86748597459));
#6033=CARTESIAN_POINT('Ctrl Pts',(-66.4977407936314,-86.8275223538153,269.92362337233));
#6034=CARTESIAN_POINT('Ctrl Pts',(-56.2845184444851,-81.7988241933342,271.66998759961));
#6035=CARTESIAN_POINT('Ctrl Pts',(-51.3555858305154,-78.7601488324345,272.543169713251));
#6036=CARTESIAN_POINT('Ctrl Pts',(-103.647874054972,-55.6044025649483,255.712231141363));
#6037=CARTESIAN_POINT('Ctrl Pts',(-98.4537487675148,-55.9510729874749,257.022004311823));
#6038=CARTESIAN_POINT('Ctrl Pts',(-89.9579655495633,-55.2901699189727,259.204959595924));
#6039=CARTESIAN_POINT('Ctrl Pts',(-78.7073161015551,-51.8145528511773,262.261096993664));
#6040=CARTESIAN_POINT('Ctrl Pts',(-72.6310315465785,-48.6590348455928,264.007461220944));
#6041=CARTESIAN_POINT('Ctrl Pts',(-69.7156972421771,-46.7762501297217,264.880643334584));
#6042=CARTESIAN_POINT('Ctrl Pts',(-99.2710229564261,-18.9860104411101,248.049704762697));
#6043=CARTESIAN_POINT('Ctrl Pts',(-97.5349532283468,-18.9193532051553,249.359477933157));
#6044=CARTESIAN_POINT('Ctrl Pts',(-94.6606425826802,-18.3985243430106,251.542433217257));
#6045=CARTESIAN_POINT('Ctrl Pts',(-90.9168914094789,-16.8015833485394,254.598570614998));
#6046=CARTESIAN_POINT('Ctrl Pts',(-88.9775446486719,-15.5192454978515,256.344934842278));
#6047=CARTESIAN_POINT('Ctrl Pts',(-88.0758086538387,-14.7923514270089,257.218116955918));
#6048=CARTESIAN_POINT('',(-32.9954744188538,-110.744047535147,280.205696091917));
#6049=CARTESIAN_POINT('Ctrl Pts',(-88.0758086538387,-14.7923514270089,257.218116955918));
#6050=CARTESIAN_POINT('Ctrl Pts',(-69.7156972421771,-46.7762501297217,264.880643334584));
#6051=CARTESIAN_POINT('Ctrl Pts',(-51.3555858305154,-78.7601488324345,272.543169713251));
#6052=CARTESIAN_POINT('Ctrl Pts',(-32.9954744188538,-110.744047535147,280.205696091917));
#6053=CARTESIAN_POINT('Ctrl Pts',(-112.401576252065,-128.841186812625,271.037283898696));
#6054=CARTESIAN_POINT('Ctrl Pts',(-100.291339845851,-130.014512552114,272.347057069156));
#6055=CARTESIAN_POINT('Ctrl Pts',(-80.5526114833295,-129.073461070897,274.530012353256));
#6056=CARTESIAN_POINT('Ctrl Pts',(-54.2881654857076,-121.840491856453,277.586149750996));
#6057=CARTESIAN_POINT('Ctrl Pts',(-39.9380053423917,-114.938613541076,279.332513978277));
#6058=CARTESIAN_POINT('Ctrl Pts',(-32.9954744188538,-110.744047535147,280.205696091917));
#6059=CARTESIAN_POINT('Ctrl Pts',(-32.9954744188538,-110.744047535147,280.205696091917));
#6060=CARTESIAN_POINT('Ctrl Pts',(-22.5864238989259,-104.455058719128,281.514902333851));
#6061=CARTESIAN_POINT('Ctrl Pts',(-7.32281675950271,-91.917539363925,283.696912737073));
#6062=CARTESIAN_POINT('Ctrl Pts',(9.41896675339026,-70.4414818633818,286.751727301585));
#6063=CARTESIAN_POINT('Ctrl Pts',(16.8063560620942,-56.3431008629603,288.497335624163));
#6064=CARTESIAN_POINT('Ctrl Pts',(19.8700658016443,-48.8366444130932,289.370139785453));
#6065=CARTESIAN_POINT('Ctrl Pts',(-51.3555858305154,-78.7601488324345,272.543169713251));
#6066=CARTESIAN_POINT('Ctrl Pts',(-43.9655459756888,-74.2041999024989,273.852375955184));
#6067=CARTESIAN_POINT('Ctrl Pts',(-33.1252968221143,-65.1347321750745,276.034386358407));
#6068=CARTESIAN_POINT('Ctrl Pts',(-21.2812569370715,-49.6457103252526,279.089200922919));
#6069=CARTESIAN_POINT('Ctrl Pts',(-16.0930851175136,-39.5182398047162,280.834809245497));
#6070=CARTESIAN_POINT('Ctrl Pts',(-13.954184924937,-34.140266285834,281.707613406786));
#6071=CARTESIAN_POINT('Ctrl Pts',(-69.7156972421771,-46.7762501297217,264.880643334584));
#6072=CARTESIAN_POINT('Ctrl Pts',(-65.3446680524517,-43.9533410858696,266.189849576518));
#6073=CARTESIAN_POINT('Ctrl Pts',(-58.9277768847258,-38.3519249862242,268.371859979741));
#6074=CARTESIAN_POINT('Ctrl Pts',(-51.9814806275333,-28.8499387871233,271.426674544253));
#6075=CARTESIAN_POINT('Ctrl Pts',(-48.9925262971214,-22.6933787464722,273.172282866831));
#6076=CARTESIAN_POINT('Ctrl Pts',(-47.7784356515184,-19.4438881585747,274.04508702812));
#6077=CARTESIAN_POINT('Ctrl Pts',(-88.0758086538387,-14.7923514270089,257.218116955918));
#6078=CARTESIAN_POINT('Ctrl Pts',(-86.7237901292146,-13.7024822692402,258.527323197852));
#6079=CARTESIAN_POINT('Ctrl Pts',(-84.7302569473373,-11.5691177973738,260.709333601074));
#6080=CARTESIAN_POINT('Ctrl Pts',(-82.6817043179951,-8.05416724899403,263.764148165586));
#6081=CARTESIAN_POINT('Ctrl Pts',(-81.8919674767291,-5.86851768822814,265.509756488165));
#6082=CARTESIAN_POINT('Ctrl Pts',(-81.6026863780997,-4.74751003131551,266.382560649454));
#6083=CARTESIAN_POINT('',(19.8700658016443,-48.8366444130932,289.370139785453));
#6084=CARTESIAN_POINT('Ctrl Pts',(-81.6026863780997,-4.74751003131551,266.382560649454));
#6085=CARTESIAN_POINT('Ctrl Pts',(-47.7784356515184,-19.4438881585747,274.04508702812));
#6086=CARTESIAN_POINT('Ctrl Pts',(-13.954184924937,-34.140266285834,281.707613406786));
#6087=CARTESIAN_POINT('Ctrl Pts',(19.8700658016443,-48.8366444130932,289.370139785453));
#6088=CARTESIAN_POINT('Ctrl Pts',(-32.9954744188538,-110.744047535147,280.205696091917));
#6089=CARTESIAN_POINT('Ctrl Pts',(-22.5864238989259,-104.455058719128,281.514902333851));
#6090=CARTESIAN_POINT('Ctrl Pts',(-7.32281675950271,-91.917539363925,283.696912737073));
#6091=CARTESIAN_POINT('Ctrl Pts',(9.41896675339026,-70.4414818633818,286.751727301585));
#6092=CARTESIAN_POINT('Ctrl Pts',(16.8063560620942,-56.3431008629603,288.497335624163));
#6093=CARTESIAN_POINT('Ctrl Pts',(19.8700658016443,-48.8366444130932,289.370139785453));
#6094=CARTESIAN_POINT('Ctrl Pts',(19.8700658016443,-48.8366444130932,289.370139785453));
#6095=CARTESIAN_POINT('Ctrl Pts',(24.4636311559388,-37.581842671248,290.678806153865));
#6096=CARTESIAN_POINT('Ctrl Pts',(29.2222159256235,-18.419330239266,292.859916767885));
#6097=CARTESIAN_POINT('Ctrl Pts',(29.8346471915292,8.79347004729497,295.913471627514));
#6098=CARTESIAN_POINT('Ctrl Pts',(27.3482597772573,24.5078582686712,297.658360118731));
#6099=CARTESIAN_POINT('Ctrl Pts',(25.3273506329738,32.3559221185407,298.530804364339));
#6100=CARTESIAN_POINT('Ctrl Pts',(-13.954184924937,-34.140266285834,281.707613406786));
#6101=CARTESIAN_POINT('Ctrl Pts',(-10.7472271177566,-26.0767924294601,283.016279775199));
#6102=CARTESIAN_POINT('Ctrl Pts',(-7.46630619750807,-12.3349874206144,285.197390389219));
#6103=CARTESIAN_POINT('Ctrl Pts',(-7.20947542042918,7.1539437464064,288.250945248848));
#6104=CARTESIAN_POINT('Ctrl Pts',(-9.09059832663839,18.3715654783874,289.995833740064));
#6105=CARTESIAN_POINT('Ctrl Pts',(-10.5834547209719,23.9608327143091,290.868277985672));
#6106=CARTESIAN_POINT('Ctrl Pts',(-47.7784356515184,-19.4438881585747,274.04508702812));
#6107=CARTESIAN_POINT('Ctrl Pts',(-45.9580853914519,-14.5717421876723,275.353753396532));
#6108=CARTESIAN_POINT('Ctrl Pts',(-44.1548283206397,-6.25064460196292,277.534864010553));
#6109=CARTESIAN_POINT('Ctrl Pts',(-44.2535980323876,5.51441744551784,280.588418870182));
#6110=CARTESIAN_POINT('Ctrl Pts',(-45.5294564305341,12.2352726881037,282.333307361398));
#6111=CARTESIAN_POINT('Ctrl Pts',(-46.4942600749177,15.5657433100776,283.205751607006));
#6112=CARTESIAN_POINT('Ctrl Pts',(-81.6026863780997,-4.74751003131551,266.382560649454));
#6113=CARTESIAN_POINT('Ctrl Pts',(-81.1689436651473,-3.06669194588448,267.691227017866));
#6114=CARTESIAN_POINT('Ctrl Pts',(-80.8433504437713,-0.166301783311385,
269.872337631887));
#6115=CARTESIAN_POINT('Ctrl Pts',(-81.297720644346,3.87489114462926,272.925892491515));
#6116=CARTESIAN_POINT('Ctrl Pts',(-81.9683145344298,6.09897989781991,274.670780982732));
#6117=CARTESIAN_POINT('Ctrl Pts',(-82.4050654288635,7.17065390584597,275.54322522834));
#6118=CARTESIAN_POINT('',(25.3273506329739,32.3559221185406,298.530804364339));
#6119=CARTESIAN_POINT('Ctrl Pts',(-82.4050654288635,7.17065390584597,275.54322522834));
#6120=CARTESIAN_POINT('Ctrl Pts',(-46.4942600749177,15.5657433100776,283.205751607006));
#6121=CARTESIAN_POINT('Ctrl Pts',(-10.5834547209719,23.9608327143091,290.868277985672));
#6122=CARTESIAN_POINT('Ctrl Pts',(25.3273506329738,32.3559221185407,298.530804364339));
#6123=CARTESIAN_POINT('Ctrl Pts',(19.8700658016443,-48.8366444130932,289.370139785453));
#6124=CARTESIAN_POINT('Ctrl Pts',(24.4636311559388,-37.581842671248,290.678806153865));
#6125=CARTESIAN_POINT('Ctrl Pts',(29.2222159256235,-18.419330239266,292.859916767885));
#6126=CARTESIAN_POINT('Ctrl Pts',(29.8346471915292,8.79347004729497,295.913471627514));
#6127=CARTESIAN_POINT('Ctrl Pts',(27.3482597772573,24.5078582686712,297.658360118731));
#6128=CARTESIAN_POINT('Ctrl Pts',(25.3273506329738,32.3559221185407,298.530804364339));
#6129=CARTESIAN_POINT('Ctrl Pts',(25.3273506329739,32.3559221185406,298.530804364339));
#6130=CARTESIAN_POINT('Ctrl Pts',(23.3072712607325,40.2007487555913,299.402906653737));
#6131=CARTESIAN_POINT('Ctrl Pts',(17.88205229607,55.1514496390861,301.147111232534));
#6132=CARTESIAN_POINT('Ctrl Pts',(4.16127663985224,78.6488379714363,304.199469245427));
#6133=CARTESIAN_POINT('Ctrl Pts',(-9.27383392932008,93.1036876223774,306.379724968923));
#6134=CARTESIAN_POINT('Ctrl Pts',(-18.7261597334622,100.739333932436,307.687878403021));
#6135=CARTESIAN_POINT('Ctrl Pts',(-10.5834547209719,23.9608327143091,290.868277985672));
#6136=CARTESIAN_POINT('Ctrl Pts',(-12.0757008721581,29.5478017934513,291.740380275071));
#6137=CARTESIAN_POINT('Ctrl Pts',(-16.0506937019507,40.2010984404077,293.484584853867));
#6138=CARTESIAN_POINT('Ctrl Pts',(-26.0307011665225,56.9348901546063,296.536942866761));
#6139=CARTESIAN_POINT('Ctrl Pts',(-35.7404156741684,67.1868840481584,298.717198590257));
#6140=CARTESIAN_POINT('Ctrl Pts',(-42.5367152795946,72.5769314806104,300.025352024355));
#6141=CARTESIAN_POINT('Ctrl Pts',(-46.4942600749177,15.5657433100775,283.205751607006));
#6142=CARTESIAN_POINT('Ctrl Pts',(-47.4586730050486,18.8948548313113,284.077853896404));
#6143=CARTESIAN_POINT('Ctrl Pts',(-49.9834396999713,25.2507472417293,285.822058475201));
#6144=CARTESIAN_POINT('Ctrl Pts',(-56.2226789728972,35.2209423377763,288.874416488095));
#6145=CARTESIAN_POINT('Ctrl Pts',(-62.2069974190168,41.2700804739393,291.054672211591));
#6146=CARTESIAN_POINT('Ctrl Pts',(-66.347270825727,44.4145290287853,292.362825645688));
#6147=CARTESIAN_POINT('Ctrl Pts',(-82.4050654288635,7.17065390584597,275.54322522834));
#6148=CARTESIAN_POINT('Ctrl Pts',(-82.8416451379391,8.24190786917132,276.415327517738));
#6149=CARTESIAN_POINT('Ctrl Pts',(-83.9161856979919,10.3003960430509,278.159532096535));
#6150=CARTESIAN_POINT('Ctrl Pts',(-86.4146567792719,13.5069945209462,281.211890109429));
#6151=CARTESIAN_POINT('Ctrl Pts',(-88.6735791638652,15.3532768997203,283.392145832924));
#6152=CARTESIAN_POINT('Ctrl Pts',(-90.1578263718594,16.2521265769602,284.700299267022));
#6153=CARTESIAN_POINT('',(-18.7261597334623,100.739333932436,307.687878403021));
#6154=CARTESIAN_POINT('Ctrl Pts',(-90.1578263718594,16.2521265769602,284.700299267022));
#6155=CARTESIAN_POINT('Ctrl Pts',(-66.347270825727,44.4145290287853,292.362825645688));
#6156=CARTESIAN_POINT('Ctrl Pts',(-42.5367152795946,72.5769314806104,300.025352024355));
#6157=CARTESIAN_POINT('Ctrl Pts',(-18.7261597334622,100.739333932436,307.687878403021));
#6158=CARTESIAN_POINT('Ctrl Pts',(25.3273506329739,32.3559221185406,298.530804364339));
#6159=CARTESIAN_POINT('Ctrl Pts',(23.3072712607325,40.2007487555913,299.402906653737));
#6160=CARTESIAN_POINT('Ctrl Pts',(17.88205229607,55.1514496390861,301.147111232534));
#6161=CARTESIAN_POINT('Ctrl Pts',(4.16127663985224,78.6488379714363,304.199469245427));
#6162=CARTESIAN_POINT('Ctrl Pts',(-9.27383392932008,93.1036876223774,306.379724968923));
#6163=CARTESIAN_POINT('Ctrl Pts',(-18.7261597334622,100.739333932436,307.687878403021));
#6164=CARTESIAN_POINT('Ctrl Pts',(-18.7261597334623,100.739333932436,307.687878403021));
#6165=CARTESIAN_POINT('Ctrl Pts',(-28.1747935609385,108.371991078969,308.995545732266));
#6166=CARTESIAN_POINT('Ctrl Pts',(-45.1420676067651,118.439420165535,311.174991281007));
#6167=CARTESIAN_POINT('Ctrl Pts',(-71.005481429247,126.859899621803,314.226215049244));
#6168=CARTESIAN_POINT('Ctrl Pts',(-86.7574299638717,129.006768006129,315.969771488237));
#6169=CARTESIAN_POINT('Ctrl Pts',(-94.8483863993598,129.334107605578,316.841549707734));
#6170=CARTESIAN_POINT('Ctrl Pts',(-42.5367152795947,72.5769314806104,300.025352024355));
#6171=CARTESIAN_POINT('Ctrl Pts',(-49.3303697203666,77.9648748010026,301.333019353599));
#6172=CARTESIAN_POINT('Ctrl Pts',(-61.5357869478209,85.058524911559,303.51246490234));
#6173=CARTESIAN_POINT('Ctrl Pts',(-80.1106180257288,90.9150606609535,306.563688670578));
#6174=CARTESIAN_POINT('Ctrl Pts',(-91.3856510018604,92.3459533844922,308.307245109571));
#6175=CARTESIAN_POINT('Ctrl Pts',(-97.1633580249041,92.527798721815,309.179023329068));
#6176=CARTESIAN_POINT('Ctrl Pts',(-66.347270825727,44.4145290287853,292.362825645688));
#6177=CARTESIAN_POINT('Ctrl Pts',(-70.4859458797947,47.5577585230365,293.670492974933));
#6178=CARTESIAN_POINT('Ctrl Pts',(-77.9295062888766,51.6776296575833,295.849938523674));
#6179=CARTESIAN_POINT('Ctrl Pts',(-89.2157546222106,54.9702217001039,298.901162291912));
#6180=CARTESIAN_POINT('Ctrl Pts',(-96.0138720398491,55.6851387628553,300.644718730905));
#6181=CARTESIAN_POINT('Ctrl Pts',(-99.4783296504484,55.7214898380523,301.516496950401));
#6182=CARTESIAN_POINT('Ctrl Pts',(-90.1578263718594,16.2521265769602,284.700299267022));
#6183=CARTESIAN_POINT('Ctrl Pts',(-91.6415220392227,17.1506422450704,286.007966596267));
#6184=CARTESIAN_POINT('Ctrl Pts',(-94.3232256299323,18.2967344036075,288.187412145008));
#6185=CARTESIAN_POINT('Ctrl Pts',(-98.3208912186924,19.0253827392544,291.238635913246));
#6186=CARTESIAN_POINT('Ctrl Pts',(-100.642093077838,19.0243241412184,292.982192352239));
#6187=CARTESIAN_POINT('Ctrl Pts',(-101.793301275993,18.9151809542897,293.853970571735));
#6188=CARTESIAN_POINT('',(-94.8483863993598,129.334107605578,316.841549707734));
#6189=CARTESIAN_POINT('Ctrl Pts',(-101.793301275993,18.9151809542897,293.853970571735));
#6190=CARTESIAN_POINT('Ctrl Pts',(-99.4783296504484,55.7214898380523,301.516496950401));
#6191=CARTESIAN_POINT('Ctrl Pts',(-97.1633580249041,92.527798721815,309.179023329068));
#6192=CARTESIAN_POINT('Ctrl Pts',(-94.8483863993598,129.334107605578,316.841549707734));
#6193=CARTESIAN_POINT('Ctrl Pts',(-18.7261597334623,100.739333932436,307.687878403021));
#6194=CARTESIAN_POINT('Ctrl Pts',(-28.1747935609385,108.371991078969,308.995545732266));
#6195=CARTESIAN_POINT('Ctrl Pts',(-45.1420676067651,118.439420165535,311.174991281007));
#6196=CARTESIAN_POINT('Ctrl Pts',(-71.005481429247,126.859899621803,314.226215049244));
#6197=CARTESIAN_POINT('Ctrl Pts',(-86.7574299638717,129.006768006129,315.969771488237));
#6198=CARTESIAN_POINT('Ctrl Pts',(-94.8483863993598,129.334107605578,316.841549707734));
#6199=CARTESIAN_POINT('Ctrl Pts',(-94.8483863993598,129.334107605578,316.841549707734));
#6200=CARTESIAN_POINT('Ctrl Pts',(-106.980335976888,129.824930577854,318.148757657826));
#6201=CARTESIAN_POINT('Ctrl Pts',(-126.597027219265,127.78776600622,320.327437574645));
#6202=CARTESIAN_POINT('Ctrl Pts',(-152.371241676775,119.127049894694,323.377589458192));
#6203=CARTESIAN_POINT('Ctrl Pts',(-166.291697692086,111.46064576257,325.120533391648));
#6204=CARTESIAN_POINT('Ctrl Pts',(-172.979807310274,106.900880434993,325.992005358376));
#6205=CARTESIAN_POINT('Ctrl Pts',(-97.1633580249041,92.527798721815,309.179023329068));
#6206=CARTESIAN_POINT('Ctrl Pts',(-105.826726301208,92.8004616140194,310.486231279159));
#6207=CARTESIAN_POINT('Ctrl Pts',(-119.849552406262,91.2159743511006,312.664911195979));
#6208=CARTESIAN_POINT('Ctrl Pts',(-138.24646611332,84.8427071922556,315.715063079526));
#6209=CARTESIAN_POINT('Ctrl Pts',(-148.147476557172,79.2702901323717,317.458007012982));
#6210=CARTESIAN_POINT('Ctrl Pts',(-152.892486219745,75.9725277682247,318.329478979709));
#6211=CARTESIAN_POINT('Ctrl Pts',(-99.4783296504484,55.7214898380523,301.516496950401));
#6212=CARTESIAN_POINT('Ctrl Pts',(-104.673116625528,55.775992650185,302.823704900493));
#6213=CARTESIAN_POINT('Ctrl Pts',(-113.102077593259,54.6441826959807,305.002384817312));
#6214=CARTESIAN_POINT('Ctrl Pts',(-124.121690549864,50.5583644898174,308.05253670086));
#6215=CARTESIAN_POINT('Ctrl Pts',(-130.003255422259,47.0799345021738,309.795480634315));
#6216=CARTESIAN_POINT('Ctrl Pts',(-132.805165129216,45.0441751014559,310.666952601043));
#6217=CARTESIAN_POINT('Ctrl Pts',(-101.793301275993,18.9151809542897,293.853970571735));
#6218=CARTESIAN_POINT('Ctrl Pts',(-103.519506949849,18.7515236863506,295.161178521827));
#6219=CARTESIAN_POINT('Ctrl Pts',(-106.354602780256,18.0723910408609,297.339858438646));
#6220=CARTESIAN_POINT('Ctrl Pts',(-109.996914986409,16.2740217873792,300.390010322194));
#6221=CARTESIAN_POINT('Ctrl Pts',(-111.859034287346,14.889578871976,302.132954255649));
#6222=CARTESIAN_POINT('Ctrl Pts',(-112.717844038688,14.1158224346871,303.004426222377));
#6223=CARTESIAN_POINT('',(-172.979807310274,106.900880434993,325.992005358376));
#6224=CARTESIAN_POINT('Ctrl Pts',(-112.717844038688,14.1158224346871,303.004426222377));
#6225=CARTESIAN_POINT('Ctrl Pts',(-132.805165129216,45.0441751014559,310.666952601043));
#6226=CARTESIAN_POINT('Ctrl Pts',(-152.892486219745,75.9725277682247,318.329478979709));
#6227=CARTESIAN_POINT('Ctrl Pts',(-172.979807310274,106.900880434993,325.992005358376));
#6228=CARTESIAN_POINT('Ctrl Pts',(-94.8483863993598,129.334107605578,316.841549707734));
#6229=CARTESIAN_POINT('Ctrl Pts',(-106.980335976888,129.824930577854,318.148757657826));
#6230=CARTESIAN_POINT('Ctrl Pts',(-126.597027219265,127.78776600622,320.327437574645));
#6231=CARTESIAN_POINT('Ctrl Pts',(-152.371241676775,119.127049894694,323.377589458192));
#6232=CARTESIAN_POINT('Ctrl Pts',(-166.291697692086,111.46064576257,325.120533391648));
#6233=CARTESIAN_POINT('Ctrl Pts',(-172.979807310274,106.900880434993,325.992005358376));
#6234=CARTESIAN_POINT('Ctrl Pts',(-172.979807310274,106.900880434993,325.992005358376));
#6235=CARTESIAN_POINT('Ctrl Pts',(-183.090883946292,100.007561418221,327.30897477165));
#6236=CARTESIAN_POINT('Ctrl Pts',(-197.717908507043,86.5586017403357,329.503923793773));
#6237=CARTESIAN_POINT('Ctrl Pts',(-213.297329849029,64.0338416015728,332.576852424746));
#6238=CARTESIAN_POINT('Ctrl Pts',(-219.893654921769,49.4427103278932,334.332811642444));
#6239=CARTESIAN_POINT('Ctrl Pts',(-222.528194597474,41.7216016172082,335.210791251293));
#6240=CARTESIAN_POINT('Ctrl Pts',(-152.892486219745,75.9725277682247,318.329478979709));
#6241=CARTESIAN_POINT('Ctrl Pts',(-160.065815396819,70.9872145585029,319.646448392983));
#6242=CARTESIAN_POINT('Ctrl Pts',(-170.444762144298,61.2696803649809,321.841397415107));
#6243=CARTESIAN_POINT('Ctrl Pts',(-181.449656146636,45.0372738713585,324.914326046079));
#6244=CARTESIAN_POINT('Ctrl Pts',(-186.069020245975,34.5628156445849,326.670285263778));
#6245=CARTESIAN_POINT('Ctrl Pts',(-187.900164364002,29.0344825815975,327.548264872627));
#6246=CARTESIAN_POINT('Ctrl Pts',(-132.805165129216,45.0441751014559,310.666952601043));
#6247=CARTESIAN_POINT('Ctrl Pts',(-137.040746847345,41.9668676987848,311.983922014317));
#6248=CARTESIAN_POINT('Ctrl Pts',(-143.171615781553,35.9807589896261,314.17887103644));
#6249=CARTESIAN_POINT('Ctrl Pts',(-149.601982444244,26.0407061411442,317.251799667413));
#6250=CARTESIAN_POINT('Ctrl Pts',(-152.244385570181,19.6829209612767,319.007758885112));
#6251=CARTESIAN_POINT('Ctrl Pts',(-153.272134130529,16.3473635459868,319.885738493961));
#6252=CARTESIAN_POINT('Ctrl Pts',(-112.717844038688,14.1158224346871,303.004426222377));
#6253=CARTESIAN_POINT('Ctrl Pts',(-114.015678297872,12.9465208390667,304.321395635651));
#6254=CARTESIAN_POINT('Ctrl Pts',(-115.898469418808,10.6918376142713,306.516344657774));
#6255=CARTESIAN_POINT('Ctrl Pts',(-117.754308741851,7.04413841092995,309.589273288747));
#6256=CARTESIAN_POINT('Ctrl Pts',(-118.419750894388,4.80302627796842,311.345232506445));
#6257=CARTESIAN_POINT('Ctrl Pts',(-118.644103897057,3.66024451037618,312.223212115295));
#6258=CARTESIAN_POINT('',(-222.528194597474,41.7216016172081,335.210791251293));
#6259=CARTESIAN_POINT('Ctrl Pts',(-118.644103897057,3.66024451037618,312.223212115295));
#6260=CARTESIAN_POINT('Ctrl Pts',(-153.272134130529,16.3473635459868,319.885738493961));
#6261=CARTESIAN_POINT('Ctrl Pts',(-187.900164364002,29.0344825815975,327.548264872627));
#6262=CARTESIAN_POINT('Ctrl Pts',(-222.528194597474,41.7216016172082,335.210791251293));
#6263=CARTESIAN_POINT('Ctrl Pts',(-172.979807310274,106.900880434993,325.992005358376));
#6264=CARTESIAN_POINT('Ctrl Pts',(-183.090883946292,100.007561418221,327.30897477165));
#6265=CARTESIAN_POINT('Ctrl Pts',(-197.717908507043,86.5586017403357,329.503923793773));
#6266=CARTESIAN_POINT('Ctrl Pts',(-213.297329849029,64.0338416015728,332.576852424746));
#6267=CARTESIAN_POINT('Ctrl Pts',(-219.893654921769,49.4427103278932,334.332811642444));
#6268=CARTESIAN_POINT('Ctrl Pts',(-222.528194597474,41.7216016172082,335.210791251293));
#6269=CARTESIAN_POINT('Ctrl Pts',(-222.528194597474,41.7216016172081,335.210791251293));
#6270=CARTESIAN_POINT('Ctrl Pts',(-226.474734140275,30.1553270553121,336.526097638858));
#6271=CARTESIAN_POINT('Ctrl Pts',(-230.104485394166,10.6451623905635,338.718274951467));
#6272=CARTESIAN_POINT('Ctrl Pts',(-229.06451024411,-16.6891411016935,341.787323189118));
#6273=CARTESIAN_POINT('Ctrl Pts',(-225.600532431433,-32.3017715902705,343.541065039205));
#6274=CARTESIAN_POINT('Ctrl Pts',(-223.084431305847,-40.050883672371,344.417935964248));
#6275=CARTESIAN_POINT('Ctrl Pts',(-187.900164364002,29.0344825815974,327.548264872627));
#6276=CARTESIAN_POINT('Ctrl Pts',(-190.643225574403,20.7529635235069,328.863571260192));
#6277=CARTESIAN_POINT('Ctrl Pts',(-193.114229465955,6.76964001538164,331.0557485728));
#6278=CARTESIAN_POINT('Ctrl Pts',(-192.187057582243,-12.7954928811421,334.124796810452));
#6279=CARTESIAN_POINT('Ctrl Pts',(-189.607745865303,-23.9338635975172,335.878538660539));
#6280=CARTESIAN_POINT('Ctrl Pts',(-187.762081142127,-29.4492306792938,336.755409585582));
#6281=CARTESIAN_POINT('Ctrl Pts',(-153.272134130529,16.3473635459868,319.885738493961));
#6282=CARTESIAN_POINT('Ctrl Pts',(-154.811717008531,11.3505999917018,321.201044881526));
#6283=CARTESIAN_POINT('Ctrl Pts',(-156.123973537744,2.89411764019981,323.393222194134));
#6284=CARTESIAN_POINT('Ctrl Pts',(-155.309604920375,-8.90184466059067,326.462270431786));
#6285=CARTESIAN_POINT('Ctrl Pts',(-153.614959299173,-15.5659556047638,328.216012281873));
#6286=CARTESIAN_POINT('Ctrl Pts',(-152.439730978408,-18.8475776862167,329.092883206916));
#6287=CARTESIAN_POINT('Ctrl Pts',(-118.644103897057,3.66024451037618,312.223212115295));
#6288=CARTESIAN_POINT('Ctrl Pts',(-118.98020844266,1.94823645989662,313.53851850286));
#6289=CARTESIAN_POINT('Ctrl Pts',(-119.133717609533,-0.981404734982096,
315.730695815468));
#6290=CARTESIAN_POINT('Ctrl Pts',(-118.432152258508,-5.00819644003926,318.79974405312));
#6291=CARTESIAN_POINT('Ctrl Pts',(-117.622172733043,-7.19804761201054,320.553485903206));
#6292=CARTESIAN_POINT('Ctrl Pts',(-117.117380814689,-8.24592469313954,321.43035682825));
#6293=CARTESIAN_POINT('',(-117.117380814689,-8.24592469313954,321.43035682825));
#6294=CARTESIAN_POINT('Ctrl Pts',(-117.117380814689,-8.24592469313953,321.43035682825));
#6295=CARTESIAN_POINT('Ctrl Pts',(-118.002807986582,-6.40790231857429,319.892286754135));
#6296=CARTESIAN_POINT('Ctrl Pts',(-118.586488549078,-4.43911082650253,318.366265828127));
#6297=CARTESIAN_POINT('Ctrl Pts',(-118.948669375567,-1.61307132454782,316.219053173034));
#6298=CARTESIAN_POINT('Ctrl Pts',(-119.,-0.806266835650066,315.610696010335));
#6299=CARTESIAN_POINT('Ctrl Pts',(-119.,-8.42520497812416E-12,315.002403313761));
#6300=CARTESIAN_POINT('',(-223.084431305846,-40.050883672371,344.417935964248));
#6301=CARTESIAN_POINT('Ctrl Pts',(-117.117380814689,-8.24592469313954,321.43035682825));
#6302=CARTESIAN_POINT('Ctrl Pts',(-152.439730978408,-18.8475776862167,329.092883206916));
#6303=CARTESIAN_POINT('Ctrl Pts',(-187.762081142127,-29.4492306792938,336.755409585582));
#6304=CARTESIAN_POINT('Ctrl Pts',(-223.084431305847,-40.050883672371,344.417935964248));
#6305=CARTESIAN_POINT('Ctrl Pts',(-222.528194597474,41.7216016172081,335.210791251293));
#6306=CARTESIAN_POINT('Ctrl Pts',(-226.474734140275,30.1553270553121,336.526097638858));
#6307=CARTESIAN_POINT('Ctrl Pts',(-230.104485394166,10.6451623905635,338.718274951467));
#6308=CARTESIAN_POINT('Ctrl Pts',(-229.06451024411,-16.6891411016935,341.787323189118));
#6309=CARTESIAN_POINT('Ctrl Pts',(-225.600532431433,-32.3017715902705,343.541065039205));
#6310=CARTESIAN_POINT('Ctrl Pts',(-223.084431305847,-40.050883672371,344.417935964248));
#6311=CARTESIAN_POINT('Ctrl Pts',(-223.084431305846,-40.050883672371,344.417935964248));
#6312=CARTESIAN_POINT('Ctrl Pts',(-220.571438913841,-47.7903849425239,345.293773974456));
#6313=CARTESIAN_POINT('Ctrl Pts',(-214.197108329099,-62.4376224549724,347.045449994871));
#6314=CARTESIAN_POINT('Ctrl Pts',(-198.958111993969,-85.1167814688367,350.110883030598));
#6315=CARTESIAN_POINT('Ctrl Pts',(-184.564219153245,-98.7407527266035,352.300478056116));
#6316=CARTESIAN_POINT('Ctrl Pts',(-174.593474253296,-105.781208688709,353.614235071428));
#6317=CARTESIAN_POINT('Ctrl Pts',(-187.762081142127,-29.4492306792939,336.755409585582));
#6318=CARTESIAN_POINT('Ctrl Pts',(-185.918687115459,-34.9577791022856,337.63124759579));
#6319=CARTESIAN_POINT('Ctrl Pts',(-181.267162767421,-45.3879673780465,339.382923616205));
#6320=CARTESIAN_POINT('Ctrl Pts',(-170.20536665112,-61.5259902573744,342.448356651931));
#6321=CARTESIAN_POINT('Ctrl Pts',(-159.815180397269,-71.1770818675223,344.63795167745));
#6322=CARTESIAN_POINT('Ctrl Pts',(-152.652741255336,-76.138879111123,345.951708692761));
#6323=CARTESIAN_POINT('Ctrl Pts',(-152.439730978408,-18.8475776862167,329.092883206916));
#6324=CARTESIAN_POINT('Ctrl Pts',(-151.265935317078,-22.1251732620472,329.968721217123));
#6325=CARTESIAN_POINT('Ctrl Pts',(-148.337217205742,-28.3383123011206,331.720397237538));
#6326=CARTESIAN_POINT('Ctrl Pts',(-141.452621308271,-37.9351990459122,334.785830273265));
#6327=CARTESIAN_POINT('Ctrl Pts',(-135.066141641294,-43.613411008441,336.975425298784));
#6328=CARTESIAN_POINT('Ctrl Pts',(-130.712008257376,-46.4965495335367,338.289182314095));
#6329=CARTESIAN_POINT('Ctrl Pts',(-117.117380814689,-8.24592469313954,321.43035682825));
#6330=CARTESIAN_POINT('Ctrl Pts',(-116.613183518697,-9.29256742180882,322.306194838457));
#6331=CARTESIAN_POINT('Ctrl Pts',(-115.407271644064,-11.2886572241947,324.057870858872));
#6332=CARTESIAN_POINT('Ctrl Pts',(-112.699875965421,-14.34440783445,327.123303894599));
#6333=CARTESIAN_POINT('Ctrl Pts',(-110.317102885318,-16.0497401493598,329.312898920117));
#6334=CARTESIAN_POINT('Ctrl Pts',(-108.771275259416,-16.8542199559503,330.626655935429));
#6335=CARTESIAN_POINT('',(-108.771275259416,-16.8542199559503,330.626655935429));
#6336=CARTESIAN_POINT('Ctrl Pts',(-108.771275259416,-16.8542199559503,330.626655935429));
#6337=CARTESIAN_POINT('Ctrl Pts',(-109.111455284774,-16.6771834245675,330.337546148999));
#6338=CARTESIAN_POINT('Ctrl Pts',(-109.445764402544,-16.4900203398214,330.048861527019));
#6339=CARTESIAN_POINT('Ctrl Pts',(-109.773875487474,-16.2930877116946,329.760444391342));
#6340=CARTESIAN_POINT('Ctrl Pts',(-110.108831888765,-16.0920465172829,329.46601006628));
#6341=CARTESIAN_POINT('Ctrl Pts',(-110.437329141774,-15.8808234531888,329.171854504973));
#6342=CARTESIAN_POINT('Ctrl Pts',(-110.75897320509,-15.6597694989541,328.877809953125));
#6343=CARTESIAN_POINT('Ctrl Pts',(-111.082909043036,-15.4371404935928,328.581670278374));
#6344=CARTESIAN_POINT('Ctrl Pts',(-111.399893809034,-15.2045394887019,328.285643200645));
#6345=CARTESIAN_POINT('Ctrl Pts',(-111.709476470909,-14.9623033896812,327.98955735419));
#6346=CARTESIAN_POINT('Ctrl Pts',(-112.019833306279,-14.7194615307436,327.692731085733));
#6347=CARTESIAN_POINT('Ctrl Pts',(-112.322751085313,-14.4669357977943,327.395845754256));
#6348=CARTESIAN_POINT('Ctrl Pts',(-112.617725043605,-14.2050518829391,327.098728705193));
#6349=CARTESIAN_POINT('Ctrl Pts',(-112.753908669186,-14.0841452740549,326.961555657112));
#6350=CARTESIAN_POINT('Ctrl Pts',(-112.888398367539,-13.9612438394011,326.824333218758));
#6351=CARTESIAN_POINT('Ctrl Pts',(-113.021140748363,-13.8363791215397,326.687044399804));
#6352=CARTESIAN_POINT('Ctrl Pts',(-113.232632657521,-13.6374383054783,326.468308874296));
#6353=CARTESIAN_POINT('Ctrl Pts',(-113.439689889986,-13.4335137582045,326.249404845072));
#6354=CARTESIAN_POINT('Ctrl Pts',(-113.642083840882,-13.2247326079562,326.030263596715));
#6355=CARTESIAN_POINT('Ctrl Pts',(-113.916400722753,-12.9417587647379,325.733248079837));
#6356=CARTESIAN_POINT('Ctrl Pts',(-114.181535678697,-12.6505003733255,325.436460760067));
#6357=CARTESIAN_POINT('Ctrl Pts',(-114.437188203739,-12.351530440187,325.139811707084));
#6358=CARTESIAN_POINT('Ctrl Pts',(-114.69402085311,-12.0511804240945,324.841793284623));
#6359=CARTESIAN_POINT('Ctrl Pts',(-114.941283859923,-11.7430474207103,324.54391440841));
#6360=CARTESIAN_POINT('Ctrl Pts',(-115.178667001715,-11.4276603339344,324.246083896977));
#6361=CARTESIAN_POINT('Ctrl Pts',(-115.228390024879,-11.3615983579111,324.183699376715));
#6362=CARTESIAN_POINT('Ctrl Pts',(-115.27767953526,-11.2952179315878,324.121316978449));
#6363=CARTESIAN_POINT('Ctrl Pts',(-115.326532617171,-11.2285236332931,324.058935864207));
#6364=CARTESIAN_POINT('Ctrl Pts',(-115.558447712244,-10.9119128090632,323.762800564765));
#6365=CARTESIAN_POINT('Ctrl Pts',(-115.780528944913,-10.5882324635847,323.466694201901));
#6366=CARTESIAN_POINT('Ctrl Pts',(-115.992454261377,-10.2579429786243,323.170527127598));
#6367=CARTESIAN_POINT('Ctrl Pts',(-116.200933450973,-9.93302434546687,322.879176039082));
#6368=CARTESIAN_POINT('Ctrl Pts',(-116.399584783218,-9.60170956043594,322.587766197536));
#6369=CARTESIAN_POINT('Ctrl Pts',(-116.588080376746,-9.26439196739309,322.296212257527));
#6370=CARTESIAN_POINT('Ctrl Pts',(-116.774569132206,-8.93066566141306,322.007762377058));
#6371=CARTESIAN_POINT('Ctrl Pts',(-116.951117704743,-8.59106354345436,321.719171450111));
#6372=CARTESIAN_POINT('Ctrl Pts',(-117.117380814689,-8.24592469313954,321.43035682825));
#6373=CARTESIAN_POINT('',(-174.593474253296,-105.781208688709,353.614235071428));
#6374=CARTESIAN_POINT('Ctrl Pts',(-108.771275259416,-16.8542199559503,330.626655935429));
#6375=CARTESIAN_POINT('Ctrl Pts',(-130.712008257376,-46.4965495335367,338.289182314095));
#6376=CARTESIAN_POINT('Ctrl Pts',(-152.652741255336,-76.138879111123,345.951708692761));
#6377=CARTESIAN_POINT('Ctrl Pts',(-174.593474253296,-105.781208688709,353.614235071428));
#6378=CARTESIAN_POINT('Ctrl Pts',(-223.084431305846,-40.050883672371,344.417935964248));
#6379=CARTESIAN_POINT('Ctrl Pts',(-220.571438913841,-47.7903849425239,345.293773974456));
#6380=CARTESIAN_POINT('Ctrl Pts',(-214.197108329099,-62.4376224549724,347.045449994871));
#6381=CARTESIAN_POINT('Ctrl Pts',(-198.958111993969,-85.1167814688367,350.110883030598));
#6382=CARTESIAN_POINT('Ctrl Pts',(-184.564219153245,-98.7407527266035,352.300478056116));
#6383=CARTESIAN_POINT('Ctrl Pts',(-174.593474253296,-105.781208688709,353.614235071428));
#6384=CARTESIAN_POINT('Ctrl Pts',(-174.593474253296,-105.781208688709,353.614235071428));
#6385=CARTESIAN_POINT('Ctrl Pts',(-167.953957160453,-110.469434171377,354.489115018491));
#6386=CARTESIAN_POINT('Ctrl Pts',(-154.094212720582,-118.375903797805,356.238874912617));
#6387=CARTESIAN_POINT('Ctrl Pts',(-128.339027333843,-127.412254625258,359.300954727337));
#6388=CARTESIAN_POINT('Ctrl Pts',(-108.675749889806,-129.712136272206,361.488154594995));
#6389=CARTESIAN_POINT('Ctrl Pts',(-96.4881928704638,-129.389017012675,362.80047451559));
#6390=CARTESIAN_POINT('Ctrl Pts',(-152.652741255336,-76.1388791111231,345.951708692761));
#6391=CARTESIAN_POINT('Ctrl Pts',(-147.883255043796,-79.4429404997627,346.826588639824));
#6392=CARTESIAN_POINT('Ctrl Pts',(-137.923887003655,-85.0058508178656,348.57634853395));
#6393=CARTESIAN_POINT('Ctrl Pts',(-119.422599523599,-91.3055441110417,351.638428348671));
#6394=CARTESIAN_POINT('Ctrl Pts',(-105.338318988148,-92.8189918527184,353.825628216329));
#6395=CARTESIAN_POINT('Ctrl Pts',(-96.6405864546806,-92.5102935603985,355.137948136923));
#6396=CARTESIAN_POINT('Ctrl Pts',(-130.712008257376,-46.4965495335367,338.289182314095));
#6397=CARTESIAN_POINT('Ctrl Pts',(-127.81255292714,-48.4164468281488,339.164062261158));
#6398=CARTESIAN_POINT('Ctrl Pts',(-121.753561286727,-51.6357978379261,340.913822155284));
#6399=CARTESIAN_POINT('Ctrl Pts',(-110.506171713355,-55.198833596825,343.975901970005));
#6400=CARTESIAN_POINT('Ctrl Pts',(-102.000888086491,-55.9258474332305,346.163101837662));
#6401=CARTESIAN_POINT('Ctrl Pts',(-96.7929800388974,-55.6315701081217,347.475421758257));
#6402=CARTESIAN_POINT('Ctrl Pts',(-108.771275259416,-16.8542199559503,330.626655935429));
#6403=CARTESIAN_POINT('Ctrl Pts',(-107.741850810484,-17.3899531565349,331.501535882492));
#6404=CARTESIAN_POINT('Ctrl Pts',(-105.5832355698,-18.2657448579866,333.251295776618));
#6405=CARTESIAN_POINT('Ctrl Pts',(-101.589743903111,-19.0921230826083,336.313375591338));
#6406=CARTESIAN_POINT('Ctrl Pts',(-98.6634571848329,-19.0327030137427,338.500575458996));
#6407=CARTESIAN_POINT('Ctrl Pts',(-96.9453736231142,-18.7528466558449,339.812895379591));
#6408=CARTESIAN_POINT('',(-96.9453736231142,-18.7528466558449,339.812895379591));
#6409=CARTESIAN_POINT('Ctrl Pts',(-96.9453736231142,-18.7528466558449,339.812895379591));
#6410=CARTESIAN_POINT('Ctrl Pts',(-97.3239145080385,-18.8145066796824,339.523755342916));
#6411=CARTESIAN_POINT('Ctrl Pts',(-97.7038102296254,-18.8645377806981,339.235040039219));
#6412=CARTESIAN_POINT('Ctrl Pts',(-98.0845847882942,-18.9030301460851,338.946591755672));
#6413=CARTESIAN_POINT('Ctrl Pts',(-98.4732897640138,-18.9423241945254,338.652135940546));
#6414=CARTESIAN_POINT('Ctrl Pts',(-98.8629109845157,-18.9695936376069,338.357958383888));
#6415=CARTESIAN_POINT('Ctrl Pts',(-99.252922493957,-18.9848837751247,338.063891312129));
#6416=CARTESIAN_POINT('Ctrl Pts',(-99.64570692646,-19.0002826232162,337.767733467802));
#6417=CARTESIAN_POINT('Ctrl Pts',(-100.038887627829,-19.0035308801169,337.471687685022));
#6418=CARTESIAN_POINT('Ctrl Pts',(-100.431901432075,-18.9946284626925,337.175582586181));
#6419=CARTESIAN_POINT('Ctrl Pts',(-100.825890268925,-18.9857039591553,336.878742876691));
#6420=CARTESIAN_POINT('Ctrl Pts',(-101.219711789387,-18.9645680608688,336.581843556461));
#6421=CARTESIAN_POINT('Ctrl Pts',(-101.612766525804,-18.9311795451402,336.284711969196));
#6422=CARTESIAN_POINT('Ctrl Pts',(-101.792213955339,-18.9159361635742,336.149057835997));
#6423=CARTESIAN_POINT('Ctrl Pts',(-101.971501082581,-18.8981383888876,336.013355290467));
#6424=CARTESIAN_POINT('Ctrl Pts',(-102.150568285364,-18.8777797614689,335.877587902703));
#6425=CARTESIAN_POINT('Ctrl Pts',(-102.438749490751,-18.845015672354,335.659091110157));
#6426=CARTESIAN_POINT('Ctrl Pts',(-102.726361759182,-18.8056194353086,335.440426376439));
#6427=CARTESIAN_POINT('Ctrl Pts',(-103.013146771672,-18.7595562467667,335.221525218379));
#6428=CARTESIAN_POINT('Ctrl Pts',(-103.402288295328,-18.6970526339801,334.924495992764));
#6429=CARTESIAN_POINT('Ctrl Pts',(-103.789032995997,-18.6224156540371,334.627694930692));
#6430=CARTESIAN_POINT('Ctrl Pts',(-104.172797186031,-18.5359242922486,334.331032016396));
#6431=CARTESIAN_POINT('Ctrl Pts',(-104.558328780058,-18.4490345994483,334.033002838044));
#6432=CARTESIAN_POINT('Ctrl Pts',(-104.940852827236,-18.3501813345195,333.735113082861));
#6433=CARTESIAN_POINT('Ctrl Pts',(-105.3198042309,-18.2396023025232,333.43727148566));
#6434=CARTESIAN_POINT('Ctrl Pts',(-105.398230667934,-18.2167172586726,333.375631246192));
#6435=CARTESIAN_POINT('Ctrl Pts',(-105.476504161747,-18.1933298280423,333.313993069376));
#6436=CARTESIAN_POINT('Ctrl Pts',(-105.554619815843,-18.1694418634736,333.252356146226));
#6437=CARTESIAN_POINT('Ctrl Pts',(-105.929946501102,-18.0546660139602,332.95620574816));
#6438=CARTESIAN_POINT('Ctrl Pts',(-106.30162818659,-17.9283389424352,332.660084291813));
#6439=CARTESIAN_POINT('Ctrl Pts',(-106.669131204752,-17.7906365946799,332.363902043363));
#6440=CARTESIAN_POINT('Ctrl Pts',(-107.030667489846,-17.6551699650308,332.072528572878));
#6441=CARTESIAN_POINT('Ctrl Pts',(-107.388160181863,-17.5086945401274,331.78109626829));
#6442=CARTESIAN_POINT('Ctrl Pts',(-107.741111011519,-17.3513290808482,331.489519695923));
#6443=CARTESIAN_POINT('Ctrl Pts',(-108.089071201398,-17.1961887312857,331.202065946107));
#6444=CARTESIAN_POINT('Ctrl Pts',(-108.43261751152,-17.0304642635064,330.914471979491));
#6445=CARTESIAN_POINT('Ctrl Pts',(-108.771275259416,-16.8542199559503,330.626655935429));
#6446=CARTESIAN_POINT('',(-96.4881928704638,-129.389017012675,362.80047451559));
#6447=CARTESIAN_POINT('Ctrl Pts',(-96.9453736231142,-18.7528466558449,339.812895379591));
#6448=CARTESIAN_POINT('Ctrl Pts',(-96.7929800388974,-55.6315701081217,347.475421758257));
#6449=CARTESIAN_POINT('Ctrl Pts',(-96.6405864546806,-92.5102935603985,355.137948136923));
#6450=CARTESIAN_POINT('Ctrl Pts',(-96.4881928704638,-129.389017012675,362.80047451559));
#6451=CARTESIAN_POINT('Ctrl Pts',(-174.593474253296,-105.781208688709,353.614235071428));
#6452=CARTESIAN_POINT('Ctrl Pts',(-167.953957160453,-110.469434171377,354.489115018491));
#6453=CARTESIAN_POINT('Ctrl Pts',(-154.094212720582,-118.375903797805,356.238874912617));
#6454=CARTESIAN_POINT('Ctrl Pts',(-128.339027333843,-127.412254625258,359.300954727337));
#6455=CARTESIAN_POINT('Ctrl Pts',(-108.675749889806,-129.712136272206,361.488154594995));
#6456=CARTESIAN_POINT('Ctrl Pts',(-96.4881928704638,-129.389017012675,362.80047451559));
#6457=CARTESIAN_POINT('Ctrl Pts',(-96.4881928704638,-129.389017012675,362.80047451559));
#6458=CARTESIAN_POINT('Ctrl Pts',(-84.3135957194803,-129.066226924581,364.11146835222));
#6459=CARTESIAN_POINT('Ctrl Pts',(-64.8220568900959,-125.702807299744,366.296458079938));
#6460=CARTESIAN_POINT('Ctrl Pts',(-39.6251154154791,-115.281762144394,369.355443698743));
#6461=CARTESIAN_POINT('Ctrl Pts',(-26.2225422758052,-106.655240585738,371.103435480918));
#6462=CARTESIAN_POINT('Ctrl Pts',(-19.844303229396,-101.631268751504,371.977431372005));
#6463=CARTESIAN_POINT('Ctrl Pts',(-96.6405864546806,-92.5102935603985,355.137948136923));
#6464=CARTESIAN_POINT('Ctrl Pts',(-87.9520725345812,-92.2019089795642,356.448941973554));
#6465=CARTESIAN_POINT('Ctrl Pts',(-74.0273352142716,-89.6692910253853,358.633931701272));
#6466=CARTESIAN_POINT('Ctrl Pts',(-56.0553878420289,-82.0393810900702,361.692917320077));
#6467=CARTESIAN_POINT('Ctrl Pts',(-46.5309662156699,-75.7840127110468,363.440909102251));
#6468=CARTESIAN_POINT('Ctrl Pts',(-42.0101680443713,-72.1569086349847,364.314904993338));
#6469=CARTESIAN_POINT('Ctrl Pts',(-96.7929800388974,-55.6315701081217,347.475421758257));
#6470=CARTESIAN_POINT('Ctrl Pts',(-91.5905493496822,-55.3375910345474,348.786415594888));
#6471=CARTESIAN_POINT('Ctrl Pts',(-83.2326135384473,-53.6357747510267,350.971405322606));
#6472=CARTESIAN_POINT('Ctrl Pts',(-72.4856602685788,-48.7970000357466,354.030390941411));
#6473=CARTESIAN_POINT('Ctrl Pts',(-66.8393901555345,-44.9127848363557,355.778382723585));
#6474=CARTESIAN_POINT('Ctrl Pts',(-64.1760328593465,-42.6825485184654,356.652378614672));
#6475=CARTESIAN_POINT('Ctrl Pts',(-96.9453736231142,-18.7528466558449,339.812895379591));
#6476=CARTESIAN_POINT('Ctrl Pts',(-95.2290261647831,-18.4732730895306,341.123889216221));
#6477=CARTESIAN_POINT('Ctrl Pts',(-92.4378918626229,-17.6022584766681,343.308878943939));
#6478=CARTESIAN_POINT('Ctrl Pts',(-88.9159326951286,-15.554618981423,346.367864562745));
#6479=CARTESIAN_POINT('Ctrl Pts',(-87.1478140953992,-14.0415569616646,348.115856344919));
#6480=CARTESIAN_POINT('Ctrl Pts',(-86.3418976743218,-13.2081884019461,348.989852236006));
#6481=CARTESIAN_POINT('',(-86.3418976743218,-13.2081884019461,348.989852236006));
#6482=CARTESIAN_POINT('Ctrl Pts',(-86.3418976743218,-13.2081884019461,348.989852236006));
#6483=CARTESIAN_POINT('Ctrl Pts',(-86.6094820153651,-13.4848875373234,348.699663813888));
#6484=CARTESIAN_POINT('Ctrl Pts',(-86.885162272895,-13.7530124456059,348.409902726713));
#6485=CARTESIAN_POINT('Ctrl Pts',(-87.1684982484469,-14.0123482623252,348.120409553736));
#6486=CARTESIAN_POINT('Ctrl Pts',(-87.4571647497315,-14.2765630791141,347.825470016931));
#6487=CARTESIAN_POINT('Ctrl Pts',(-87.7537782295701,-14.5316550368253,347.53080856993));
#6488=CARTESIAN_POINT('Ctrl Pts',(-88.0578877998439,-14.7773442510042,347.236256623885));
#6489=CARTESIAN_POINT('Ctrl Pts',(-88.3564348028199,-15.0185394836652,346.947092423518));
#6490=CARTESIAN_POINT('Ctrl Pts',(-88.6622066941429,-15.2506725737148,346.658033754908));
#6491=CARTESIAN_POINT('Ctrl Pts',(-88.9747832089689,-15.4734302813622,346.368921112167));
#6492=CARTESIAN_POINT('Ctrl Pts',(-89.2957410650202,-15.7021609532914,346.072056282052));
#6493=CARTESIAN_POINT('Ctrl Pts',(-89.623873857805,-15.9210068969159,345.775134544505));
#6494=CARTESIAN_POINT('Ctrl Pts',(-89.9587257449502,-16.1295773407313,345.477983215678));
#6495=CARTESIAN_POINT('Ctrl Pts',(-90.2921095536412,-16.3372333570446,345.182134676173));
#6496=CARTESIAN_POINT('Ctrl Pts',(-90.6321542046227,-16.5347036958255,344.886058554151));
#6497=CARTESIAN_POINT('Ctrl Pts',(-90.9784009854578,-16.72155194563,344.589584427094));
#6498=CARTESIAN_POINT('Ctrl Pts',(-91.0509708647685,-16.7607134792189,344.527446400663));
#6499=CARTESIAN_POINT('Ctrl Pts',(-91.1238131438562,-16.7994082297896,344.465290890671));
#6500=CARTESIAN_POINT('Ctrl Pts',(-91.1969235156689,-16.8376318998153,344.403116328061));
#6501=CARTESIAN_POINT('Ctrl Pts',(-91.4540233860442,-16.9720492248162,344.184473314884));
#6502=CARTESIAN_POINT('Ctrl Pts',(-91.7140149470927,-17.1004204396707,343.965953902788));
#6503=CARTESIAN_POINT('Ctrl Pts',(-91.9766425135259,-17.2226963789595,343.747522162161));
#6504=CARTESIAN_POINT('Ctrl Pts',(-92.3348552843232,-17.3894755316939,343.449590607973));
#6505=CARTESIAN_POINT('Ctrl Pts',(-92.6979703082292,-17.5449161831962,343.151822155975));
#6506=CARTESIAN_POINT('Ctrl Pts',(-93.0653813084589,-17.6888769706377,342.854125635566));
#6507=CARTESIAN_POINT('Ctrl Pts',(-93.4319575006082,-17.8325106594661,342.557105522397));
#6508=CARTESIAN_POINT('Ctrl Pts',(-93.8028104436881,-17.9647170514199,342.260157014312));
#6509=CARTESIAN_POINT('Ctrl Pts',(-94.1773830733332,-18.0853306745341,341.963189560754));
#6510=CARTESIAN_POINT('Ctrl Pts',(-94.5493940432842,-18.2051194347713,341.668253033901));
#6511=CARTESIAN_POINT('Ctrl Pts',(-94.9250742841035,-18.3134738884035,341.373297819821));
#6512=CARTESIAN_POINT('Ctrl Pts',(-95.3039183708573,-18.4102005043209,341.078235213079));
#6513=CARTESIAN_POINT('Ctrl Pts',(-95.676438790753,-18.5053125592176,340.788097792428));
#6514=CARTESIAN_POINT('Ctrl Pts',(-96.0520186311172,-18.5891820868312,340.49785653439));
#6515=CARTESIAN_POINT('Ctrl Pts',(-96.4302119053455,-18.6615887195494,340.207427101808));
#6516=CARTESIAN_POINT('Ctrl Pts',(-96.6014095870021,-18.6943652084576,340.07595769468));
#6517=CARTESIAN_POINT('Ctrl Pts',(-96.7731432390625,-18.7247922764922,339.944449728261));
#6518=CARTESIAN_POINT('Ctrl Pts',(-96.9453736231142,-18.7528466558449,339.812895379591));
#6519=CARTESIAN_POINT('',(-19.8443032293962,-101.631268751504,371.977431372005));
#6520=CARTESIAN_POINT('Ctrl Pts',(-86.3418976743218,-13.2081884019461,348.989852236006));
#6521=CARTESIAN_POINT('Ctrl Pts',(-64.1760328593465,-42.6825485184654,356.652378614672));
#6522=CARTESIAN_POINT('Ctrl Pts',(-42.0101680443713,-72.1569086349847,364.314904993338));
#6523=CARTESIAN_POINT('Ctrl Pts',(-19.844303229396,-101.631268751504,371.977431372005));
#6524=CARTESIAN_POINT('Ctrl Pts',(-96.4881928704638,-129.389017012675,362.80047451559));
#6525=CARTESIAN_POINT('Ctrl Pts',(-84.3135957194803,-129.066226924581,364.11146835222));
#6526=CARTESIAN_POINT('Ctrl Pts',(-64.8220568900959,-125.702807299744,366.296458079938));
#6527=CARTESIAN_POINT('Ctrl Pts',(-39.6251154154791,-115.281762144394,369.355443698743));
#6528=CARTESIAN_POINT('Ctrl Pts',(-26.2225422758052,-106.655240585738,371.103435480918));
#6529=CARTESIAN_POINT('Ctrl Pts',(-19.844303229396,-101.631268751504,371.977431372005));
#6530=CARTESIAN_POINT('Ctrl Pts',(-19.8443032293962,-101.631268751504,371.977431372005));
#6531=CARTESIAN_POINT('Ctrl Pts',(-13.4722957997455,-96.6121941949084,372.850616440211));
#6532=CARTESIAN_POINT('Ctrl Pts',(-1.96656226590122,-85.6023622990926,374.596986576622));
#6533=CARTESIAN_POINT('Ctrl Pts',(14.0125211528375,-63.5377564453202,377.653134315343));
#6534=CARTESIAN_POINT('Ctrl Pts',(21.81943163107,-45.3865489157882,379.836096985858));
#6535=CARTESIAN_POINT('Ctrl Pts',(24.9889019007774,-33.639633090438,381.145874588166));
#6536=CARTESIAN_POINT('Ctrl Pts',(-42.0101680443714,-72.1569086349848,364.314904993338));
#6537=CARTESIAN_POINT('Ctrl Pts',(-37.4937735056589,-68.5333271213884,365.188090061544));
#6538=CARTESIAN_POINT('Ctrl Pts',(-29.3393436487575,-60.5881197661447,366.934460197956));
#6539=CARTESIAN_POINT('Ctrl Pts',(-18.0440601674206,-44.683484009703,369.990607936677));
#6540=CARTESIAN_POINT('Ctrl Pts',(-12.5802454810276,-31.6441052854102,372.173570607191));
#6541=CARTESIAN_POINT('Ctrl Pts',(-10.3930100233426,-23.2384900826798,373.4833482095));
#6542=CARTESIAN_POINT('Ctrl Pts',(-64.1760328593466,-42.6825485184655,356.652378614672));
#6543=CARTESIAN_POINT('Ctrl Pts',(-61.5152512115721,-40.4544600478684,357.525563682878));
#6544=CARTESIAN_POINT('Ctrl Pts',(-56.7121250316138,-35.5738772331968,359.27193381929));
#6545=CARTESIAN_POINT('Ctrl Pts',(-50.1006414876787,-25.8292115740858,362.32808155801));
#6546=CARTESIAN_POINT('Ctrl Pts',(-46.9799225931252,-17.9016616550321,364.511044228525));
#6547=CARTESIAN_POINT('Ctrl Pts',(-45.7749219474626,-12.8373470749217,365.820821830834));
#6548=CARTESIAN_POINT('Ctrl Pts',(-86.3418976743218,-13.2081884019461,348.989852236006));
#6549=CARTESIAN_POINT('Ctrl Pts',(-85.5367289174855,-12.3755929743484,349.863037304212));
#6550=CARTESIAN_POINT('Ctrl Pts',(-84.08490641447,-10.5596347002488,351.609407440624));
#6551=CARTESIAN_POINT('Ctrl Pts',(-82.1572228079367,-6.97493913846861,354.665555179344));
#6552=CARTESIAN_POINT('Ctrl Pts',(-81.3795997052228,-4.15921802465404,356.848517849859));
#6553=CARTESIAN_POINT('Ctrl Pts',(-81.1568338715826,-2.43620406716354,358.158295452168));
#6554=CARTESIAN_POINT('',(-81.1568338715826,-2.43620406716354,358.158295452168));
#6555=CARTESIAN_POINT('Ctrl Pts',(-81.1568338715826,-2.43620406716354,358.158295452168));
#6556=CARTESIAN_POINT('Ctrl Pts',(-81.2060196188014,-2.81663820997067,357.869102136445));
#6557=CARTESIAN_POINT('Ctrl Pts',(-81.2667401681369,-3.19504534731308,357.580332789358));
#6558=CARTESIAN_POINT('Ctrl Pts',(-81.338773130708,-3.57099457300788,357.291829637179));
#6559=CARTESIAN_POINT('Ctrl Pts',(-81.4123018799493,-3.9547505002509,356.997335628122));
#6560=CARTESIAN_POINT('Ctrl Pts',(-81.4976180706882,-4.33594571433688,356.703118983996));
#6561=CARTESIAN_POINT('Ctrl Pts',(-81.5945281046484,-4.71408868426482,356.409011896905));
#6562=CARTESIAN_POINT('Ctrl Pts',(-81.6921245316118,-5.09490995981454,356.112821712342));
#6563=CARTESIAN_POINT('Ctrl Pts',(-81.8014800576674,-5.47263589865658,355.81674264225));
#6564=CARTESIAN_POINT('Ctrl Pts',(-81.9224339657862,-5.84672639181267,355.520603287778));
#6565=CARTESIAN_POINT('Ctrl Pts',(-82.0436836617931,-6.22173170813249,355.223739736497));
#6566=CARTESIAN_POINT('Ctrl Pts',(-82.1765889940675,-6.59308406788919,354.92681560563));
#6567=CARTESIAN_POINT('Ctrl Pts',(-82.3210183226094,-6.96019688502374,354.629658235801));
#6568=CARTESIAN_POINT('Ctrl Pts',(-82.3856450510033,-7.12446615472376,354.496691415115));
#6569=CARTESIAN_POINT('Ctrl Pts',(-82.4525795077558,-7.28788597832155,354.363677894667));
#6570=CARTESIAN_POINT('Ctrl Pts',(-82.5218114866263,-7.45040081437944,354.230602205521));
#6571=CARTESIAN_POINT('Ctrl Pts',(-82.6352636582697,-7.71671793221811,354.012527752458));
#6572=CARTESIAN_POINT('Ctrl Pts',(-82.754885391079,-7.98060555597961,353.79428635036));
#6573=CARTESIAN_POINT('Ctrl Pts',(-82.8806364645879,-8.24180780066861,353.575809925628));
#6574=CARTESIAN_POINT('Ctrl Pts',(-83.0516149733648,-8.59695363791628,353.278756610208));
#6575=CARTESIAN_POINT('Ctrl Pts',(-83.2335398203635,-8.9463393207159,352.981931397441));
#6576=CARTESIAN_POINT('Ctrl Pts',(-83.4259773593868,-9.28948498536128,352.685244120571));
#6577=CARTESIAN_POINT('Ctrl Pts',(-83.6192978038308,-9.63420500586741,352.387195639404));
#6578=CARTESIAN_POINT('Ctrl Pts',(-83.8232275238457,-9.97262815018955,352.089286362742));
#6579=CARTESIAN_POINT('Ctrl Pts',(-84.0373776908886,-10.3042805642019,351.791424877067));
#6580=CARTESIAN_POINT('Ctrl Pts',(-84.0807477728006,-10.3714474152048,351.731101426422));
#6581=CARTESIAN_POINT('Ctrl Pts',(-84.1245372160992,-10.438336590202,351.670779935929));
#6582=CARTESIAN_POINT('Ctrl Pts',(-84.1687430493132,-10.5049441855809,351.610459646266));
#6583=CARTESIAN_POINT('Ctrl Pts',(-84.3857972555513,-10.8319928507282,351.314282159247));
#6584=CARTESIAN_POINT('Ctrl Pts',(-84.6128860396111,-11.1522529590578,351.018133622902));
#6585=CARTESIAN_POINT('Ctrl Pts',(-84.8496885803858,-11.465263002228,350.721924151292));
#6586=CARTESIAN_POINT('Ctrl Pts',(-85.0826566351137,-11.7732045497682,350.430511127735));
#6587=CARTESIAN_POINT('Ctrl Pts',(-85.3250264476629,-12.0741294249998,350.139039126354));
#6588=CARTESIAN_POINT('Ctrl Pts',(-85.5765420662961,-12.3675936323024,349.847422557389));
#6589=CARTESIAN_POINT('Ctrl Pts',(-85.8229471249829,-12.6550949239353,349.561731361827));
#6590=CARTESIAN_POINT('Ctrl Pts',(-86.0781301531129,-12.9354360997204,349.275901413947));
#6591=CARTESIAN_POINT('Ctrl Pts',(-86.3418976743218,-13.2081884019461,348.989852236006));
#6592=CARTESIAN_POINT('',(24.9889019007774,-33.639633090438,381.145874588166));
#6593=CARTESIAN_POINT('Ctrl Pts',(-81.1568338715826,-2.43620406716354,358.158295452168));
#6594=CARTESIAN_POINT('Ctrl Pts',(-45.7749219474626,-12.8373470749217,365.820821830834));
#6595=CARTESIAN_POINT('Ctrl Pts',(-10.3930100233426,-23.2384900826798,373.4833482095));
#6596=CARTESIAN_POINT('Ctrl Pts',(24.9889019007774,-33.639633090438,381.145874588166));
#6597=CARTESIAN_POINT('Ctrl Pts',(-19.8443032293962,-101.631268751504,371.977431372005));
#6598=CARTESIAN_POINT('Ctrl Pts',(-13.4722957997455,-96.6121941949084,372.850616440211));
#6599=CARTESIAN_POINT('Ctrl Pts',(-1.96656226590122,-85.6023622990926,374.596986576622));
#6600=CARTESIAN_POINT('Ctrl Pts',(14.0125211528375,-63.5377564453202,377.653134315343));
#6601=CARTESIAN_POINT('Ctrl Pts',(21.81943163107,-45.3865489157882,379.836096985858));
#6602=CARTESIAN_POINT('Ctrl Pts',(24.9889019007774,-33.639633090438,381.145874588166));
#6603=CARTESIAN_POINT('Ctrl Pts',(24.9889019007774,-33.639633090438,381.145874588166));
#6604=CARTESIAN_POINT('Ctrl Pts',(27.099994648871,-25.8153204899141,382.018321360869));
#6605=CARTESIAN_POINT('Ctrl Pts',(29.7515413506632,-10.1267694043291,383.763214906274));
#6606=CARTESIAN_POINT('Ctrl Pts',(29.3960173367277,17.0914700840162,386.816778610733));
#6607=CARTESIAN_POINT('Ctrl Pts',(24.8283448778276,36.2979153049779,388.997895542489));
#6608=CARTESIAN_POINT('Ctrl Pts',(20.3645628754117,47.6048581200753,390.306565701543));
#6609=CARTESIAN_POINT('Ctrl Pts',(-10.3930100233426,-23.2384900826799,373.4833482095));
#6610=CARTESIAN_POINT('Ctrl Pts',(-8.93615319557884,-17.6397134346413,374.355794982203));
#6611=CARTESIAN_POINT('Ctrl Pts',(-7.14180042317235,-6.40680715022476,376.100688527608));
#6612=CARTESIAN_POINT('Ctrl Pts',(-7.57663040728553,13.0797308650411,379.154252232067));
#6613=CARTESIAN_POINT('Ctrl Pts',(-10.9737384972161,26.7909903636644,381.335369163823));
#6614=CARTESIAN_POINT('Ctrl Pts',(-14.2325519878533,34.833675308289,382.644039322877));
#6615=CARTESIAN_POINT('Ctrl Pts',(-45.7749219474626,-12.8373470749217,365.820821830834));
#6616=CARTESIAN_POINT('Ctrl Pts',(-44.9723010400287,-9.46410637936841,366.693268603536));
#6617=CARTESIAN_POINT('Ctrl Pts',(-44.0351421970079,-2.68684489612049,368.438162148942));
#6618=CARTESIAN_POINT('Ctrl Pts',(-44.5492781512988,9.06799164606601,371.4917258534));
#6619=CARTESIAN_POINT('Ctrl Pts',(-46.7758218722597,17.284065422351,373.672842785157));
#6620=CARTESIAN_POINT('Ctrl Pts',(-48.8296668511184,22.0624924965027,374.981512944211));
#6621=CARTESIAN_POINT('Ctrl Pts',(-81.1568338715826,-2.43620406716354,358.158295452168));
#6622=CARTESIAN_POINT('Ctrl Pts',(-81.0084488844786,-1.28849932409554,359.03074222487));
#6623=CARTESIAN_POINT('Ctrl Pts',(-80.9284839708434,1.03311735798382,360.775635770275));
#6624=CARTESIAN_POINT('Ctrl Pts',(-81.521925895312,5.0562524270909,363.829199474734));
#6625=CARTESIAN_POINT('Ctrl Pts',(-82.5779052473033,7.7771404810375,366.01031640649));
#6626=CARTESIAN_POINT('Ctrl Pts',(-83.4267817143834,9.29130968471638,367.318986565544));
#6627=CARTESIAN_POINT('',(-83.4267817143834,9.29130968471638,367.318986565544));
#6628=CARTESIAN_POINT('Ctrl Pts',(-83.4267817143834,9.29130968471638,367.318986565544));
#6629=CARTESIAN_POINT('Ctrl Pts',(-83.2391797028563,8.95667773363918,367.029769978932));
#6630=CARTESIAN_POINT('Ctrl Pts',(-83.0620439613418,8.61678667220292,366.740977028051));
#6631=CARTESIAN_POINT('Ctrl Pts',(-82.895453435463,8.27211513521503,366.452449912567));
#6632=CARTESIAN_POINT('Ctrl Pts',(-82.7254081922136,7.92029587635237,366.157939385768));
#6633=CARTESIAN_POINT('Ctrl Pts',(-82.5663501389696,7.56349534044762,365.863705834363));
#6634=CARTESIAN_POINT('Ctrl Pts',(-82.4184175056539,7.20222357627114,365.56958143574));
#6635=CARTESIAN_POINT('Ctrl Pts',(-82.2694388464023,6.83839727340551,365.273377294855));
#6636=CARTESIAN_POINT('Ctrl Pts',(-82.1317436740874,6.47003578510015,364.977283855841));
#6637=CARTESIAN_POINT('Ctrl Pts',(-82.0055255917696,6.09766848387288,364.681129710852));
#6638=CARTESIAN_POINT('Ctrl Pts',(-81.8790007609961,5.7243962164751,364.384255820918));
#6639=CARTESIAN_POINT('Ctrl Pts',(-81.7640090669384,5.34709813435538,364.087320929583));
#6640=CARTESIAN_POINT('Ctrl Pts',(-81.6607951761399,4.96632351264333,363.790152376241));
#6641=CARTESIAN_POINT('Ctrl Pts',(-81.615019058201,4.79744717384092,363.658355942251));
#6642=CARTESIAN_POINT('Ctrl Pts',(-81.5715602547947,4.62788726084629,363.526513547234));
#6643=CARTESIAN_POINT('Ctrl Pts',(-81.5304430792575,4.45769309763511,363.394610128738));
#6644=CARTESIAN_POINT('Ctrl Pts',(-81.4625218596451,4.17655036384593,363.176719650167));
#6645=CARTESIAN_POINT('Ctrl Pts',(-81.4009896981209,3.89367644129064,362.958662653527));
#6646=CARTESIAN_POINT('Ctrl Pts',(-81.3459667342283,3.60930001313438,362.740371243113));
#6647=CARTESIAN_POINT('Ctrl Pts',(-81.2710882298026,3.2223037459795,362.443307377695));
#6648=CARTESIAN_POINT('Ctrl Pts',(-81.2084306718998,2.83339253808128,362.146471587989));
#6649=CARTESIAN_POINT('Ctrl Pts',(-81.1579328147952,2.44321018936712,361.849773641427));
#6650=CARTESIAN_POINT('Ctrl Pts',(-81.1072036892005,2.05124089586296,361.551716886984));
#6651=CARTESIAN_POINT('Ctrl Pts',(-81.0687454971339,1.65798842608504,361.253799241155));
#6652=CARTESIAN_POINT('Ctrl Pts',(-81.0425293880009,1.26406500764318,360.955929225948));
#6653=CARTESIAN_POINT('Ctrl Pts',(-81.0372706821336,1.18504766066208,360.896179291709));
#6654=CARTESIAN_POINT('Ctrl Pts',(-81.0325046738576,1.1060031975453,360.836431273966));
#6655=CARTESIAN_POINT('Ctrl Pts',(-81.0282313126634,1.0269363848873,360.776684434389));
#6656=CARTESIAN_POINT('Ctrl Pts',(-81.0070465438733,0.634970419683198,360.480495339937));
#6657=CARTESIAN_POINT('Ctrl Pts',(-80.9979656681756,0.242457644952917,360.184335199938));
#6658=CARTESIAN_POINT('Ctrl Pts',(-81.0010069648175,-0.150040112161062,
359.888114062371));
#6659=CARTESIAN_POINT('Ctrl Pts',(-81.0039990734873,-0.536189863470115,
359.596683814603));
#6660=CARTESIAN_POINT('Ctrl Pts',(-81.0187241477911,-0.9223255009503,359.305194526383));
#6661=CARTESIAN_POINT('Ctrl Pts',(-81.0452420603814,-1.30793793225084,359.01356053996));
#6662=CARTESIAN_POINT('Ctrl Pts',(-81.071149807772,-1.68467759555486,358.728636919934));
#6663=CARTESIAN_POINT('Ctrl Pts',(-81.1083137433066,-2.06091824854057,358.443575183977));
#6664=CARTESIAN_POINT('Ctrl Pts',(-81.1568338715826,-2.43620406716354,358.158295452168));
#6665=CARTESIAN_POINT('',(20.3645628754116,47.6048581200756,390.306565701543));
#6666=CARTESIAN_POINT('Ctrl Pts',(-83.4267817143834,9.29130968471638,367.318986565544));
#6667=CARTESIAN_POINT('Ctrl Pts',(-48.8296668511184,22.0624924965027,374.981512944211));
#6668=CARTESIAN_POINT('Ctrl Pts',(-14.2325519878533,34.833675308289,382.644039322877));
#6669=CARTESIAN_POINT('Ctrl Pts',(20.3645628754117,47.6048581200753,390.306565701543));
#6670=CARTESIAN_POINT('Ctrl Pts',(24.9889019007774,-33.639633090438,381.145874588166));
#6671=CARTESIAN_POINT('Ctrl Pts',(27.099994648871,-25.8153204899141,382.018321360869));
#6672=CARTESIAN_POINT('Ctrl Pts',(29.7515413506632,-10.1267694043291,383.763214906274));
#6673=CARTESIAN_POINT('Ctrl Pts',(29.3960173367277,17.0914700840162,386.816778610733));
#6674=CARTESIAN_POINT('Ctrl Pts',(24.8283448778276,36.2979153049779,388.997895542489));
#6675=CARTESIAN_POINT('Ctrl Pts',(20.3645628754117,47.6048581200753,390.306565701543));
#6676=CARTESIAN_POINT('Ctrl Pts',(20.3645628754116,47.6048581200756,390.306565701543));
#6677=CARTESIAN_POINT('Ctrl Pts',(15.9043579194712,58.9027106668886,391.614236249539));
#6678=CARTESIAN_POINT('Ctrl Pts',(6.10176204662068,76.024398724659,393.793687162866));
#6679=CARTESIAN_POINT('Ctrl Pts',(-12.2533906930994,96.097090968948,396.844918441524));
#6680=CARTESIAN_POINT('Ctrl Pts',(-24.9018277372572,105.727842622185,398.588479172185));
#6681=CARTESIAN_POINT('Ctrl Pts',(-31.7807904537575,109.999954371387,399.460259537516));
#6682=CARTESIAN_POINT('Ctrl Pts',(-14.2325519878534,34.8336753082892,382.644039322877));
#6683=CARTESIAN_POINT('Ctrl Pts',(-17.4887646463425,42.869914547761,383.951709870873));
#6684=CARTESIAN_POINT('Ctrl Pts',(-24.6133808039106,55.0573154901316,386.1311607842));
#6685=CARTESIAN_POINT('Ctrl Pts',(-37.8899660029927,69.3071458688195,389.182392062857));
#6686=CARTESIAN_POINT('Ctrl Pts',(-46.9956892099577,76.1086415530433,390.925952793519));
#6687=CARTESIAN_POINT('Ctrl Pts',(-51.9334978748837,79.1141671728634,391.79773315885));
#6688=CARTESIAN_POINT('Ctrl Pts',(-48.8296668511184,22.0624924965028,374.981512944211));
#6689=CARTESIAN_POINT('Ctrl Pts',(-50.8818872121562,26.8371184286334,376.289183492207));
#6690=CARTESIAN_POINT('Ctrl Pts',(-55.3285236544418,34.0902322556042,378.468634405534));
#6691=CARTESIAN_POINT('Ctrl Pts',(-63.5265413128861,42.517200768691,381.519865684191));
#6692=CARTESIAN_POINT('Ctrl Pts',(-69.0895506826583,46.4894404839019,383.263426414853));
#6693=CARTESIAN_POINT('Ctrl Pts',(-72.08620529601,48.2283799743395,384.135206780183));
#6694=CARTESIAN_POINT('Ctrl Pts',(-83.4267817143834,9.29130968471638,367.318986565544));
#6695=CARTESIAN_POINT('Ctrl Pts',(-84.2750097779699,10.8043223095058,368.62665711354));
#6696=CARTESIAN_POINT('Ctrl Pts',(-86.0436665049731,13.1231490210767,370.806108026867));
#6697=CARTESIAN_POINT('Ctrl Pts',(-89.1631166227794,15.7272556685625,373.857339305525));
#6698=CARTESIAN_POINT('Ctrl Pts',(-91.1834121553589,16.8702394147605,375.600900036186));
#6699=CARTESIAN_POINT('Ctrl Pts',(-92.2389127171363,17.3425927758156,376.472680401517));
#6700=CARTESIAN_POINT('',(-92.2389127171363,17.3425927758156,376.472680401517));
#6701=CARTESIAN_POINT('Ctrl Pts',(-92.2389127171363,17.3425927758156,376.472680401517));
#6702=CARTESIAN_POINT('Ctrl Pts',(-91.887490958281,17.1853259254184,376.182427036986));
#6703=CARTESIAN_POINT('Ctrl Pts',(-91.541370665227,17.0175201222955,375.892599986265));
#6704=CARTESIAN_POINT('Ctrl Pts',(-91.2009046739365,16.8395159472281,375.603039756385));
#6705=CARTESIAN_POINT('Ctrl Pts',(-90.8540611967634,16.6581774622954,375.308055588944));
#6706=CARTESIAN_POINT('Ctrl Pts',(-90.5130856197365,16.466254518941,375.01334833195));
#6707=CARTESIAN_POINT('Ctrl Pts',(-90.1783954588172,16.2640754685078,374.718749360805));
#6708=CARTESIAN_POINT('Ctrl Pts',(-89.8525215053409,16.0672220973366,374.431910539033));
#6709=CARTESIAN_POINT('Ctrl Pts',(-89.532606293103,15.8606452440808,374.145174373445));
#6710=CARTESIAN_POINT('Ctrl Pts',(-89.2190773232345,15.6446261182679,373.858385216942));
#6711=CARTESIAN_POINT('Ctrl Pts',(-88.894498347981,15.4209936210192,373.561488472215));
#6712=CARTESIAN_POINT('Ctrl Pts',(-88.5767633028916,15.1872411672992,373.264534935531));
#6713=CARTESIAN_POINT('Ctrl Pts',(-88.2663951275098,14.9436639506997,372.967351916105));
#6714=CARTESIAN_POINT('Ctrl Pts',(-87.9573830725728,14.7011510186164,372.671467406));
#6715=CARTESIAN_POINT('Ctrl Pts',(-87.6556735430829,14.4488984618369,372.375355414174));
#6716=CARTESIAN_POINT('Ctrl Pts',(-87.3618333705001,14.1871885327637,372.078845503626));
#6717=CARTESIAN_POINT('Ctrl Pts',(-87.3019652943827,14.1338667904822,372.01843348529));
#6718=CARTESIAN_POINT('Ctrl Pts',(-87.2424240589991,14.0801524436392,371.958004948756));
#6719=CARTESIAN_POINT('Ctrl Pts',(-87.1832147247644,14.0260478637272,371.89755845252));
#6720=CARTESIAN_POINT('Ctrl Pts',(-86.9695901737766,13.8308410312321,371.679470278011));
#6721=CARTESIAN_POINT('Ctrl Pts',(-86.7606355973897,13.6308749700035,371.461505008337));
#6722=CARTESIAN_POINT('Ctrl Pts',(-86.5564835834783,13.4263712863081,371.24362691998));
#6723=CARTESIAN_POINT('Ctrl Pts',(-86.2772962576003,13.1467030357273,370.945668552141));
#6724=CARTESIAN_POINT('Ctrl Pts',(-86.007090223258,12.858550576818,370.647873229301));
#6725=CARTESIAN_POINT('Ctrl Pts',(-85.7462057409309,12.5624351027221,370.350149586357));
#6726=CARTESIAN_POINT('Ctrl Pts',(-85.4859146601994,12.2669931657919,370.053103138482));
#6727=CARTESIAN_POINT('Ctrl Pts',(-85.2349022495812,11.9636242955001,369.756128044791));
#6728=CARTESIAN_POINT('Ctrl Pts',(-84.9935147003246,11.6527952092246,369.459133562218));
#6729=CARTESIAN_POINT('Ctrl Pts',(-84.7537777758692,11.3440915937959,369.164169948512));
#6730=CARTESIAN_POINT('Ctrl Pts',(-84.5235340192188,11.0280293205205,368.869187210181));
#6731=CARTESIAN_POINT('Ctrl Pts',(-84.3031384310823,10.7050170188585,368.574096452979));
#6732=CARTESIAN_POINT('Ctrl Pts',(-84.0864089763843,10.3873778111417,368.283914333476));
#6733=CARTESIAN_POINT('Ctrl Pts',(-83.8792023278544,10.0630176992408,367.993627758857));
#6734=CARTESIAN_POINT('Ctrl Pts',(-83.6818785249955,9.7322803857918,367.703152197583));
#6735=CARTESIAN_POINT('Ctrl Pts',(-83.5949155389415,9.58652045232047,367.57513610516));
#6736=CARTESIAN_POINT('Ctrl Pts',(-83.5098724061577,9.43952131676888,367.447083306398));
#6737=CARTESIAN_POINT('Ctrl Pts',(-83.4267817143834,9.29130968471638,367.318986565544));
#6738=CARTESIAN_POINT('',(-31.7807904537574,109.999954371387,399.460259537516));
#6739=CARTESIAN_POINT('Ctrl Pts',(-92.2389127171363,17.3425927758156,376.472680401517));
#6740=CARTESIAN_POINT('Ctrl Pts',(-72.08620529601,48.2283799743395,384.135206780183));
#6741=CARTESIAN_POINT('Ctrl Pts',(-51.9334978748837,79.1141671728634,391.79773315885));
#6742=CARTESIAN_POINT('Ctrl Pts',(-31.7807904537575,109.999954371387,399.460259537516));
#6743=CARTESIAN_POINT('Ctrl Pts',(20.3645628754116,47.6048581200756,390.306565701543));
#6744=CARTESIAN_POINT('Ctrl Pts',(15.9043579194712,58.9027106668886,391.614236249539));
#6745=CARTESIAN_POINT('Ctrl Pts',(6.10176204662068,76.024398724659,393.793687162866));
#6746=CARTESIAN_POINT('Ctrl Pts',(-12.2533906930994,96.097090968948,396.844918441524));
#6747=CARTESIAN_POINT('Ctrl Pts',(-24.9018277372572,105.727842622185,398.588479172185));
#6748=CARTESIAN_POINT('Ctrl Pts',(-31.7807904537575,109.999954371387,399.460259537516));
#6749=CARTESIAN_POINT('Ctrl Pts',(-31.7807904537574,109.999954371387,399.460259537516));
#6750=CARTESIAN_POINT('Ctrl Pts',(-42.1765043640284,116.456229437358,400.777239968163));
#6751=CARTESIAN_POINT('Ctrl Pts',(-60.3946745841372,124.388956775237,402.972207352575));
#6752=CARTESIAN_POINT('Ctrl Pts',(-87.2977438163945,129.519408980522,406.045161690752));
#6753=CARTESIAN_POINT('Ctrl Pts',(-103.310282477242,129.64610778832,407.801135598282));
#6754=CARTESIAN_POINT('Ctrl Pts',(-111.437103909425,128.93038108602,408.679122552047));
#6755=CARTESIAN_POINT('Ctrl Pts',(-51.9334978748837,79.1141671728634,391.79773315885));
#6756=CARTESIAN_POINT('Ctrl Pts',(-59.3954813826731,83.6562086765279,393.114713589497));
#6757=CARTESIAN_POINT('Ctrl Pts',(-72.4821929549041,89.2144324303759,395.309680973909));
#6758=CARTESIAN_POINT('Ctrl Pts',(-91.779816679484,92.7083298426681,398.382635312086));
#6759=CARTESIAN_POINT('Ctrl Pts',(-103.227743425626,92.6932938103221,400.138609219616));
#6760=CARTESIAN_POINT('Ctrl Pts',(-109.024230019506,92.1303606123119,401.01659617338));
#6761=CARTESIAN_POINT('Ctrl Pts',(-72.08620529601,48.2283799743395,384.135206780183));
#6762=CARTESIAN_POINT('Ctrl Pts',(-76.6144584013178,50.8561879156974,385.452187210831));
#6763=CARTESIAN_POINT('Ctrl Pts',(-84.5697113256711,54.0399080855151,387.647154595243));
#6764=CARTESIAN_POINT('Ctrl Pts',(-96.2618895425734,55.8972507048142,390.72010893342));
#6765=CARTESIAN_POINT('Ctrl Pts',(-103.145204374009,55.740479832324,392.476082840949));
#6766=CARTESIAN_POINT('Ctrl Pts',(-106.611356129588,55.3303401386033,393.354069794714));
#6767=CARTESIAN_POINT('Ctrl Pts',(-92.2389127171363,17.3425927758156,376.472680401517));
#6768=CARTESIAN_POINT('Ctrl Pts',(-93.8334354199625,18.0561671548669,377.789660832164));
#6769=CARTESIAN_POINT('Ctrl Pts',(-96.657229696438,18.8653837406542,379.984628216576));
#6770=CARTESIAN_POINT('Ctrl Pts',(-100.743962405663,19.0861715669603,383.057582554753));
#6771=CARTESIAN_POINT('Ctrl Pts',(-103.062665322393,18.7876658543258,384.813556462283));
#6772=CARTESIAN_POINT('Ctrl Pts',(-104.198482239669,18.5303196648947,385.691543416048));
#6773=CARTESIAN_POINT('',(-104.198482239669,18.5303196648947,385.691543416048));
#6774=CARTESIAN_POINT('Ctrl Pts',(-104.198482239669,18.5303196648947,385.691543416048));
#6775=CARTESIAN_POINT('Ctrl Pts',(-103.823228676333,18.6153422359852,385.401472254093));
#6776=CARTESIAN_POINT('Ctrl Pts',(-103.445898830503,18.6887654574361,385.111830264033));
#6777=CARTESIAN_POINT('Ctrl Pts',(-103.066977580857,18.7506513662178,384.822458156035));
#6778=CARTESIAN_POINT('Ctrl Pts',(-102.680871530103,18.8137107060128,384.527599205999));
#6779=CARTESIAN_POINT('Ctrl Pts',(-102.2931127173,18.8647908350517,384.23302046963));
#6780=CARTESIAN_POINT('Ctrl Pts',(-101.904230814453,18.9039052998454,383.938553423226));
#6781=CARTESIAN_POINT('Ctrl Pts',(-101.516819329619,18.9428718672616,383.645199798778));
#6782=CARTESIAN_POINT('Ctrl Pts',(-101.128292855821,18.9699626991162,383.35195702126));
#6783=CARTESIAN_POINT('Ctrl Pts',(-100.739197511143,18.985144914467,383.058658471386));
#6784=CARTESIAN_POINT('Ctrl Pts',(-100.345447441997,19.0005087537571,382.761851208403));
#6785=CARTESIAN_POINT('Ctrl Pts',(-99.9511143532677,19.0036771059176,382.464986830679));
#6786=CARTESIAN_POINT('Ctrl Pts',(-99.5567935238253,18.9945729068875,382.167892667337));
#6787=CARTESIAN_POINT('Ctrl Pts',(-99.1642121162895,18.9855088681585,381.872109041146));
#6788=CARTESIAN_POINT('Ctrl Pts',(-98.7716424581883,18.9642799497965,381.576097652119));
#6789=CARTESIAN_POINT('Ctrl Pts',(-98.3797072926781,18.9307725910074,381.279688104365));
#6790=CARTESIAN_POINT('Ctrl Pts',(-98.2934323129962,18.9233967621635,381.214440762558));
#6791=CARTESIAN_POINT('Ctrl Pts',(-98.2071882274543,18.9154258450309,381.149174127852));
#6792=CARTESIAN_POINT('Ctrl Pts',(-98.1209819399596,18.9068584095702,381.08388638276));
#6793=CARTESIAN_POINT('Ctrl Pts',(-97.8309647940053,18.8780356490422,380.864243871202));
#6794=CARTESIAN_POINT('Ctrl Pts',(-97.5418567002672,18.8425102219048,380.644726217045));
#6795=CARTESIAN_POINT('Ctrl Pts',(-97.2539018735993,18.8003830170874,380.425297118656));
#6796=CARTESIAN_POINT('Ctrl Pts',(-96.8629924862981,18.7431937696822,380.127413956217));
#6797=CARTESIAN_POINT('Ctrl Pts',(-96.4742093280563,18.6738398359369,379.829693993844));
#6798=CARTESIAN_POINT('Ctrl Pts',(-96.0881367709825,18.5925364125714,379.532046411565));
#6799=CARTESIAN_POINT('Ctrl Pts',(-95.7029397072515,18.5114173602642,379.235073802092));
#6800=CARTESIAN_POINT('Ctrl Pts',(-95.3204404844919,18.4184031863659,378.938173244815));
#6801=CARTESIAN_POINT('Ctrl Pts',(-94.9411954229493,18.3136620048335,378.641254536217));
#6802=CARTESIAN_POINT('Ctrl Pts',(-94.5645445113891,18.2096372844019,378.346366840653));
#6803=CARTESIAN_POINT('Ctrl Pts',(-94.191102912618,18.094045652359,378.051461241241));
#6804=CARTESIAN_POINT('Ctrl Pts',(-93.8213990198275,17.9670034746642,377.756449372889));
#6805=CARTESIAN_POINT('Ctrl Pts',(-93.4579046920707,17.8420951037262,377.4663925386));
#6806=CARTESIAN_POINT('Ctrl Pts',(-93.0980231032131,17.7061177384743,377.17623297519));
#6807=CARTESIAN_POINT('Ctrl Pts',(-92.742247387685,17.5591326803865,376.885886695753));
#6808=CARTESIAN_POINT('Ctrl Pts',(-92.5735284355874,17.4894281899106,376.748196241138));
#6809=CARTESIAN_POINT('Ctrl Pts',(-92.4057327735495,17.4172474157009,376.610463795473));
#6810=CARTESIAN_POINT('Ctrl Pts',(-92.2389127171363,17.3425927758156,376.472680401517));
#6811=CARTESIAN_POINT('',(-111.437103909425,128.93038108602,408.679122552047));
#6812=CARTESIAN_POINT('Ctrl Pts',(-104.198482239669,18.5303196648947,385.691543416048));
#6813=CARTESIAN_POINT('Ctrl Pts',(-106.611356129588,55.3303401386033,393.354069794714));
#6814=CARTESIAN_POINT('Ctrl Pts',(-109.024230019506,92.1303606123119,401.01659617338));
#6815=CARTESIAN_POINT('Ctrl Pts',(-111.437103909425,128.93038108602,408.679122552047));
#6816=CARTESIAN_POINT('Ctrl Pts',(-31.7807904537574,109.999954371387,399.460259537516));
#6817=CARTESIAN_POINT('Ctrl Pts',(-42.1765043640284,116.456229437358,400.777239968163));
#6818=CARTESIAN_POINT('Ctrl Pts',(-60.3946745841372,124.388956775237,402.972207352575));
#6819=CARTESIAN_POINT('Ctrl Pts',(-87.2977438163945,129.519408980522,406.045161690752));
#6820=CARTESIAN_POINT('Ctrl Pts',(-103.310282477242,129.64610778832,407.801135598282));
#6821=CARTESIAN_POINT('Ctrl Pts',(-111.437103909425,128.93038108602,408.679122552047));
#6822=CARTESIAN_POINT('Ctrl Pts',(-111.437103909425,128.93038108602,408.679122552047));
#6823=CARTESIAN_POINT('Ctrl Pts',(-123.596004001403,127.859515187291,409.992887238658));
#6824=CARTESIAN_POINT('Ctrl Pts',(-142.884027325478,123.291601912299,412.182495049676));
#6825=CARTESIAN_POINT('Ctrl Pts',(-167.435923768297,111.302111010824,415.247945985101));
#6826=CARTESIAN_POINT('Ctrl Pts',(-180.301435957498,101.835251493344,416.999632233916));
#6827=CARTESIAN_POINT('Ctrl Pts',(-186.365843534547,96.4094994457894,417.875475358323));
#6828=CARTESIAN_POINT('Ctrl Pts',(-109.024230019506,92.1303606123119,401.01659617338));
#6829=CARTESIAN_POINT('Ctrl Pts',(-117.696685179268,91.2880911066635,402.330360859991));
#6830=CARTESIAN_POINT('Ctrl Pts',(-131.468044827861,87.8949575556638,404.51996867101));
#6831=CARTESIAN_POINT('Ctrl Pts',(-148.967738933001,79.1462587259665,407.585419606435));
#6832=CARTESIAN_POINT('Ctrl Pts',(-158.102660128723,72.293697729374,409.33710585525));
#6833=CARTESIAN_POINT('Ctrl Pts',(-162.396834714914,68.3818330520567,410.212948979657));
#6834=CARTESIAN_POINT('Ctrl Pts',(-106.611356129588,55.3303401386033,393.354069794714));
#6835=CARTESIAN_POINT('Ctrl Pts',(-111.797366357134,54.7166670260355,394.667834481325));
#6836=CARTESIAN_POINT('Ctrl Pts',(-120.052062330244,52.4983131990289,396.857442292343));
#6837=CARTESIAN_POINT('Ctrl Pts',(-130.499554097705,46.990406441109,399.922893227769));
#6838=CARTESIAN_POINT('Ctrl Pts',(-135.903884299949,42.752143965404,401.674579476583));
#6839=CARTESIAN_POINT('Ctrl Pts',(-138.42782589528,40.354166658324,402.550422600991));
#6840=CARTESIAN_POINT('Ctrl Pts',(-104.198482239669,18.5303196648947,385.691543416048));
#6841=CARTESIAN_POINT('Ctrl Pts',(-105.898047535,18.1452429454075,387.005308102659));
#6842=CARTESIAN_POINT('Ctrl Pts',(-108.636079832627,17.101668842394,389.194915913677));
#6843=CARTESIAN_POINT('Ctrl Pts',(-112.031369262409,14.8345541562515,392.260366849102));
#6844=CARTESIAN_POINT('Ctrl Pts',(-113.705108471175,13.210590201434,394.012053097917));
#6845=CARTESIAN_POINT('Ctrl Pts',(-114.458817075647,12.3265002645913,394.887896222324));
#6846=CARTESIAN_POINT('',(-114.458817075647,12.3265002645913,394.887896222324));
#6847=CARTESIAN_POINT('Ctrl Pts',(-114.458817075647,12.3265002645913,394.887896222324));
#6848=CARTESIAN_POINT('Ctrl Pts',(-114.209141465961,12.6193663572545,394.597761991697));
#6849=CARTESIAN_POINT('Ctrl Pts',(-113.950852536729,12.9041840321406,394.308055946749));
#6850=CARTESIAN_POINT('Ctrl Pts',(-113.68437597916,13.1807118923915,394.018618727134));
#6851=CARTESIAN_POINT('Ctrl Pts',(-113.41286803114,13.4624609234953,393.723716592797));
#6852=CARTESIAN_POINT('Ctrl Pts',(-113.13285986604,13.735604221376,393.429093531105));
#6853=CARTESIAN_POINT('Ctrl Pts',(-112.844783881331,13.9998347830201,393.134580983475));
#6854=CARTESIAN_POINT('Ctrl Pts',(-112.56004267045,14.2610066059687,392.843477719464));
#6855=CARTESIAN_POINT('Ctrl Pts',(-112.267418813596,14.5134706995446,392.552482425699));
#6856=CARTESIAN_POINT('Ctrl Pts',(-111.967320331683,14.756881488604,392.261432329805));
#6857=CARTESIAN_POINT('Ctrl Pts',(-111.661253905636,15.0051328952549,391.964594231581));
#6858=CARTESIAN_POINT('Ctrl Pts',(-111.347412106428,15.2439674843651,391.667699129899));
#6859=CARTESIAN_POINT('Ctrl Pts',(-111.026225461102,15.4729668679685,391.37057434701));
#6860=CARTESIAN_POINT('Ctrl Pts',(-110.706450810107,15.7009595290455,391.074755778171));
#6861=CARTESIAN_POINT('Ctrl Pts',(-110.379395210369,15.919203220685,390.778709543126));
#6862=CARTESIAN_POINT('Ctrl Pts',(-110.045489257483,16.1272338491611,390.482265231498));
#6863=CARTESIAN_POINT('Ctrl Pts',(-109.973877832587,16.1718493152783,390.418688049437));
#6864=CARTESIAN_POINT('Ctrl Pts',(-109.901951359635,16.2159948388394,390.355092557603));
#6865=CARTESIAN_POINT('Ctrl Pts',(-109.829714157849,16.2596655361632,390.291477074986));
#6866=CARTESIAN_POINT('Ctrl Pts',(-109.580913451034,16.4100769598149,390.07237145284));
#6867=CARTESIAN_POINT('Ctrl Pts',(-109.328838280013,16.5546078955315,389.853390012925));
#6868=CARTESIAN_POINT('Ctrl Pts',(-109.073742546839,16.6931930910651,389.634496653559));
#6869=CARTESIAN_POINT('Ctrl Pts',(-108.726562731847,16.8818045662448,389.336587491919));
#6870=CARTESIAN_POINT('Ctrl Pts',(-108.373789810822,17.0594038797134,389.038841478585));
#6871=CARTESIAN_POINT('Ctrl Pts',(-108.016020313294,17.2258126481104,388.741167605208));
#6872=CARTESIAN_POINT('Ctrl Pts',(-107.65906301155,17.3918436411496,388.444169500633));
#6873=CARTESIAN_POINT('Ctrl Pts',(-107.297131548651,17.5467353153371,388.147243208848));
#6874=CARTESIAN_POINT('Ctrl Pts',(-106.930771811953,17.6902883406184,387.850298339913));
#6875=CARTESIAN_POINT('Ctrl Pts',(-106.56691782367,17.8328595228383,387.555384450532));
#6876=CARTESIAN_POINT('Ctrl Pts',(-106.198695670556,17.9642470874184,387.26045223725));
#6877=CARTESIAN_POINT('Ctrl Pts',(-105.826597917095,18.0842269577092,386.965413152161));
#6878=CARTESIAN_POINT('Ctrl Pts',(-105.46072904234,18.2021983771234,386.675312991474));
#6879=CARTESIAN_POINT('Ctrl Pts',(-105.091112944079,18.3091412180608,386.385109507077));
#6880=CARTESIAN_POINT('Ctrl Pts',(-104.718181087542,18.4048083778637,386.094718523887));
#6881=CARTESIAN_POINT('Ctrl Pts',(-104.545644930949,18.4490685926327,385.960369732625));
#6882=CARTESIAN_POINT('Ctrl Pts',(-104.372398565017,18.4909148075383,385.825980808536));
#6883=CARTESIAN_POINT('Ctrl Pts',(-104.198482239669,18.5303196648947,385.691543416048));
#6884=CARTESIAN_POINT('',(-186.365843534547,96.4094994457893,417.875475358323));
#6885=CARTESIAN_POINT('Ctrl Pts',(-114.458817075647,12.3265002645913,394.887896222324));
#6886=CARTESIAN_POINT('Ctrl Pts',(-138.42782589528,40.354166658324,402.550422600991));
#6887=CARTESIAN_POINT('Ctrl Pts',(-162.396834714914,68.3818330520567,410.212948979657));
#6888=CARTESIAN_POINT('Ctrl Pts',(-186.365843534547,96.4094994457894,417.875475358323));
#6889=CARTESIAN_POINT('Ctrl Pts',(-111.437103909425,128.93038108602,408.679122552047));
#6890=CARTESIAN_POINT('Ctrl Pts',(-123.596004001403,127.859515187291,409.992887238658));
#6891=CARTESIAN_POINT('Ctrl Pts',(-142.884027325478,123.291601912299,412.182495049676));
#6892=CARTESIAN_POINT('Ctrl Pts',(-167.435923768297,111.302111010824,415.247945985101));
#6893=CARTESIAN_POINT('Ctrl Pts',(-180.301435957498,101.835251493344,416.999632233916));
#6894=CARTESIAN_POINT('Ctrl Pts',(-186.365843534547,96.4094994457894,417.875475358323));
#6895=CARTESIAN_POINT('Ctrl Pts',(-186.365843534547,96.4094994457893,417.875475358323));
#6896=CARTESIAN_POINT('Ctrl Pts',(-195.442282862193,88.2888786859834,419.186474331933));
#6897=CARTESIAN_POINT('Ctrl Pts',(-208.132500928829,73.1168197946826,421.371472621282));
#6898=CARTESIAN_POINT('Ctrl Pts',(-220.609194106262,48.8717165173043,424.430470226371));
#6899=CARTESIAN_POINT('Ctrl Pts',(-225.251329685974,33.6237795777868,426.17846885785));
#6900=CARTESIAN_POINT('Ctrl Pts',(-226.866343223095,25.6667385933894,427.05246817359));
#6901=CARTESIAN_POINT('Ctrl Pts',(-162.396834714914,68.3818330520566,410.212948979657));
#6902=CARTESIAN_POINT('Ctrl Pts',(-168.823855222241,62.5269714952833,411.523947953266));
#6903=CARTESIAN_POINT('Ctrl Pts',(-177.805784280213,51.589071155563,413.708946242616));
#6904=CARTESIAN_POINT('Ctrl Pts',(-186.57747776615,34.1457842483708,416.767943847705));
#6905=CARTESIAN_POINT('Ctrl Pts',(-189.795518640148,23.2146344927254,418.515942479184));
#6906=CARTESIAN_POINT('Ctrl Pts',(-190.897404327526,17.5243248234529,419.389941794924));
#6907=CARTESIAN_POINT('Ctrl Pts',(-138.42782589528,40.354166658324,402.550422600991));
#6908=CARTESIAN_POINT('Ctrl Pts',(-142.205427582289,36.7650643045832,403.8614215746));
#6909=CARTESIAN_POINT('Ctrl Pts',(-147.479067631596,30.0613225164434,406.046419863949));
#6910=CARTESIAN_POINT('Ctrl Pts',(-152.545761426039,19.4198519794374,409.105417469039));
#6911=CARTESIAN_POINT('Ctrl Pts',(-154.339707594322,12.8054894076641,410.853416100518));
#6912=CARTESIAN_POINT('Ctrl Pts',(-154.928465431957,9.38191105351645,411.727415416258));
#6913=CARTESIAN_POINT('Ctrl Pts',(-114.458817075647,12.3265002645913,394.887896222324));
#6914=CARTESIAN_POINT('Ctrl Pts',(-115.586999942337,11.003157113883,396.198895195934));
#6915=CARTESIAN_POINT('Ctrl Pts',(-117.15235098298,8.53357387732371,398.383893485283));
#6916=CARTESIAN_POINT('Ctrl Pts',(-118.514045085928,4.69391971050389,401.442891090372));
#6917=CARTESIAN_POINT('Ctrl Pts',(-118.883896548496,2.39634432260272,403.190889721852));
#6918=CARTESIAN_POINT('Ctrl Pts',(-118.959526536388,1.23949728357998,404.064889037591));
#6919=CARTESIAN_POINT('',(-118.959526536388,1.23949728357998,404.064889037591));
#6920=CARTESIAN_POINT('Ctrl Pts',(-118.959526536388,1.23949728357998,404.064889037591));
#6921=CARTESIAN_POINT('Ctrl Pts',(-118.934415597304,1.62359777514222,403.774700658768));
#6922=CARTESIAN_POINT('Ctrl Pts',(-118.897584436402,2.00639535910819,403.484939616633));
#6923=CARTESIAN_POINT('Ctrl Pts',(-118.849229806388,2.3874414497192,403.195446490459));
#6924=CARTESIAN_POINT('Ctrl Pts',(-118.799965496304,2.77565603762977,402.9005072234));
#6925=CARTESIAN_POINT('Ctrl Pts',(-118.738739722489,3.16205296642609,402.605846047556));
#6926=CARTESIAN_POINT('Ctrl Pts',(-118.665715335571,3.54612714891769,402.31129437448));
#6927=CARTESIAN_POINT('Ctrl Pts',(-118.594025668355,3.92318132891813,402.02212643604));
#6928=CARTESIAN_POINT('Ctrl Pts',(-118.510964206886,4.29799705425095,401.733064034026));
#6929=CARTESIAN_POINT('Ctrl Pts',(-118.416648877205,4.67006358394037,401.4439476563));
#6930=CARTESIAN_POINT('Ctrl Pts',(-118.319805918006,5.05210141252943,401.147083024998));
#6931=CARTESIAN_POINT('Ctrl Pts',(-118.211097530993,5.4312411743072,400.850161486143));
#6932=CARTESIAN_POINT('Ctrl Pts',(-118.090618624261,5.80689000668411,400.553010356158));
#6933=CARTESIAN_POINT('Ctrl Pts',(-117.970667837042,6.18089218169732,400.25716178871));
#6934=CARTESIAN_POINT('Ctrl Pts',(-117.839049035346,6.55143424954299,399.961085638546));
#6935=CARTESIAN_POINT('Ctrl Pts',(-117.695829796977,6.91788668171542,399.664611483027));
#6936=CARTESIAN_POINT('Ctrl Pts',(-117.665811152181,6.9946948362701,399.602470722701));
#6937=CARTESIAN_POINT('Ctrl Pts',(-117.635282801024,7.07132316072569,399.540312477265));
#6938=CARTESIAN_POINT('Ctrl Pts',(-117.604245248818,7.14776559092934,399.478135177454));
#6939=CARTESIAN_POINT('Ctrl Pts',(-117.495102996325,7.41657219535909,399.259491306631));
#6940=CARTESIAN_POINT('Ctrl Pts',(-117.379844728897,7.68263792449998,399.040971037967));
#6941=CARTESIAN_POINT('Ctrl Pts',(-117.258633651899,7.94575990418441,398.822538441529));
#6942=CARTESIAN_POINT('Ctrl Pts',(-117.09330760422,8.3046455608105,398.524606942629));
#6943=CARTESIAN_POINT('Ctrl Pts',(-116.916909134852,8.65805444187512,398.226838545991));
#6944=CARTESIAN_POINT('Ctrl Pts',(-116.729809199815,9.00548660093892,397.929142081326));
#6945=CARTESIAN_POINT('Ctrl Pts',(-116.543134402932,9.35212930667392,397.632122057972));
#6946=CARTESIAN_POINT('Ctrl Pts',(-116.34580680536,9.69282294826983,397.335173640068));
#6947=CARTESIAN_POINT('Ctrl Pts',(-116.13814423673,10.027081022334,397.038206277402));
#6948=CARTESIAN_POINT('Ctrl Pts',(-115.931901859637,10.3590531259844,396.743269856267));
#6949=CARTESIAN_POINT('Ctrl Pts',(-115.715465454757,10.6846779083342,396.448314748607));
#6950=CARTESIAN_POINT('Ctrl Pts',(-115.48909531956,11.0034808660838,396.153252249336));
#6951=CARTESIAN_POINT('Ctrl Pts',(-115.266503694106,11.3169624501404,395.863114854375));
#6952=CARTESIAN_POINT('Ctrl Pts',(-115.03430718984,11.6238485281657,395.572873622985));
#6953=CARTESIAN_POINT('Ctrl Pts',(-114.792703415104,11.9236825733154,395.282444218273));
#6954=CARTESIAN_POINT('Ctrl Pts',(-114.68333151845,12.0594147994984,395.15096938982));
#6955=CARTESIAN_POINT('Ctrl Pts',(-114.572031112528,12.193701739908,395.019455999139));
#6956=CARTESIAN_POINT('Ctrl Pts',(-114.458817075647,12.3265002645913,394.887896222324));
#6957=CARTESIAN_POINT('',(-226.866343223095,25.6667385933896,427.05246817359));
#6958=CARTESIAN_POINT('Ctrl Pts',(-118.959526536388,1.23949728357998,404.064889037591));
#6959=CARTESIAN_POINT('Ctrl Pts',(-154.928465431957,9.38191105351645,411.727415416258));
#6960=CARTESIAN_POINT('Ctrl Pts',(-190.897404327526,17.5243248234529,419.389941794924));
#6961=CARTESIAN_POINT('Ctrl Pts',(-226.866343223095,25.6667385933894,427.05246817359));
#6962=CARTESIAN_POINT('Ctrl Pts',(-186.365843534547,96.4094994457893,417.875475358323));
#6963=CARTESIAN_POINT('Ctrl Pts',(-195.442282862193,88.2888786859834,419.186474331933));
#6964=CARTESIAN_POINT('Ctrl Pts',(-208.132500928829,73.1168197946826,421.371472621282));
#6965=CARTESIAN_POINT('Ctrl Pts',(-220.609194106262,48.8717165173043,424.430470226371));
#6966=CARTESIAN_POINT('Ctrl Pts',(-225.251329685974,33.6237795777868,426.17846885785));
#6967=CARTESIAN_POINT('Ctrl Pts',(-226.866343223095,25.6667385933894,427.05246817359));
#6968=CARTESIAN_POINT('Ctrl Pts',(-226.866343223095,25.6667385933896,427.05246817359));
#6969=CARTESIAN_POINT('Ctrl Pts',(-229.284317490067,13.7534483262429,428.361141610995));
#6970=CARTESIAN_POINT('Ctrl Pts',(-230.392594180526,-5.9597512427511,430.542264006669));
#6971=CARTESIAN_POINT('Ctrl Pts',(-225.927873745157,-32.8111852831027,433.595835360613));
#6972=CARTESIAN_POINT('Ctrl Pts',(-220.559159745163,-47.7881168553479,435.340733277152));
#6973=CARTESIAN_POINT('Ctrl Pts',(-217.112467247378,-55.1227768536143,436.213182235422));
#6974=CARTESIAN_POINT('Ctrl Pts',(-190.897404327526,17.5243248234531,419.389941794924));
#6975=CARTESIAN_POINT('Ctrl Pts',(-192.547135087397,9.00473383819295,420.698615232328));
#6976=CARTESIAN_POINT('Ctrl Pts',(-193.212630853002,-5.10750449920727,422.879737628003));
#6977=CARTESIAN_POINT('Ctrl Pts',(-189.836554894471,-24.3037846946262,425.933308981947));
#6978=CARTESIAN_POINT('Ctrl Pts',(-185.899765804639,-34.9751959369294,427.678206898486));
#6979=CARTESIAN_POINT('Ctrl Pts',(-183.392425792443,-40.1888466424641,428.550655856756));
#6980=CARTESIAN_POINT('Ctrl Pts',(-154.928465431957,9.38191105351653,411.727415416258));
#6981=CARTESIAN_POINT('Ctrl Pts',(-155.809952684726,4.25601935014295,413.036088853662));
#6982=CARTESIAN_POINT('Ctrl Pts',(-156.032667525478,-4.25525775566343,415.217211249336));
#6983=CARTESIAN_POINT('Ctrl Pts',(-153.745236043784,-15.7963841061498,418.27078260328));
#6984=CARTESIAN_POINT('Ctrl Pts',(-151.240371864116,-22.1622750185108,420.01568051982));
#6985=CARTESIAN_POINT('Ctrl Pts',(-149.672384337508,-25.254916431314,420.888129478089));
#6986=CARTESIAN_POINT('Ctrl Pts',(-118.959526536388,1.23949728357998,404.064889037591));
#6987=CARTESIAN_POINT('Ctrl Pts',(-119.072770282056,-0.49269513790702,405.373562474996));
#6988=CARTESIAN_POINT('Ctrl Pts',(-118.852704197955,-3.40301101211959,407.55468487067));
#6989=CARTESIAN_POINT('Ctrl Pts',(-117.653917193097,-7.28898351767332,410.608256224614));
#6990=CARTESIAN_POINT('Ctrl Pts',(-116.580977923592,-9.34935410009235,412.353154141153));
#6991=CARTESIAN_POINT('Ctrl Pts',(-115.952342882573,-10.3209862201639,413.225603099423));
#6992=CARTESIAN_POINT('',(-217.112467247378,-55.1227768536143,436.213182235422));
#6993=CARTESIAN_POINT('Ctrl Pts',(-115.952342882573,-10.3209862201639,413.225603099423));
#6994=CARTESIAN_POINT('Ctrl Pts',(-149.672384337508,-25.254916431314,420.888129478089));
#6995=CARTESIAN_POINT('Ctrl Pts',(-183.392425792443,-40.1888466424641,428.550655856756));
#6996=CARTESIAN_POINT('Ctrl Pts',(-217.112467247378,-55.1227768536143,436.213182235422));
#6997=CARTESIAN_POINT('Ctrl Pts',(-226.866343223095,25.6667385933896,427.05246817359));
#6998=CARTESIAN_POINT('Ctrl Pts',(-229.284317490067,13.7534483262429,428.361141610995));
#6999=CARTESIAN_POINT('Ctrl Pts',(-230.392594180526,-5.9597512427511,430.542264006669));
#7000=CARTESIAN_POINT('Ctrl Pts',(-225.927873745157,-32.8111852831027,433.595835360613));
#7001=CARTESIAN_POINT('Ctrl Pts',(-220.559159745163,-47.7881168553479,435.340733277152));
#7002=CARTESIAN_POINT('Ctrl Pts',(-217.112467247378,-55.1227768536143,436.213182235422));
#7003=CARTESIAN_POINT('Ctrl Pts',(-119.,4.25909307821826E-12,405.000523976661));
#7004=CARTESIAN_POINT('Ctrl Pts',(-119.,0.413067393126614,404.688819603492));
#7005=CARTESIAN_POINT('Ctrl Pts',(-118.986530701915,0.826437731377392,404.376956021218));
#7006=CARTESIAN_POINT('Ctrl Pts',(-118.959526536388,1.23949728357998,404.064889037591));
#7007=CARTESIAN_POINT('Ctrl Pts',(-217.112467247378,-55.1227768536143,436.213182235422));
#7008=CARTESIAN_POINT('Ctrl Pts',(-211.907934127846,-66.1983855978382,437.530170680067));
#7009=CARTESIAN_POINT('Ctrl Pts',(-200.945977275287,-82.7715057070937,439.725151421143));
#7010=CARTESIAN_POINT('Ctrl Pts',(-181.173338781118,-101.722772533652,442.798124458648));
#7011=CARTESIAN_POINT('Ctrl Pts',(-167.811152811132,-110.547363687089,444.554109051509));
#7012=CARTESIAN_POINT('Ctrl Pts',(-160.604772548761,-114.371814959519,445.432101347939));
#7013=CARTESIAN_POINT('Ctrl Pts',(-183.392425792443,-40.1888466424641,428.550655856756));
#7014=CARTESIAN_POINT('Ctrl Pts',(-179.606422425016,-48.0614886277895,429.867644301401));
#7015=CARTESIAN_POINT('Ctrl Pts',(-171.655795060327,-59.8489798153288,432.062625042476));
#7016=CARTESIAN_POINT('Ctrl Pts',(-157.371472637262,-73.2865893635899,435.135598079982));
#7017=CARTESIAN_POINT('Ctrl Pts',(-147.760872471295,-79.5070092701249,436.891582672842));
#7018=CARTESIAN_POINT('Ctrl Pts',(-142.592343167107,-82.1908290354525,437.769574969273));
#7019=CARTESIAN_POINT('Ctrl Pts',(-149.672384337508,-25.254916431314,420.888129478089));
#7020=CARTESIAN_POINT('Ctrl Pts',(-147.304910722186,-29.9245916577409,422.205117922735));
#7021=CARTESIAN_POINT('Ctrl Pts',(-142.365612845367,-36.9264539235638,424.40009866381));
#7022=CARTESIAN_POINT('Ctrl Pts',(-133.569606493407,-44.8504061935275,427.473071701316));
#7023=CARTESIAN_POINT('Ctrl Pts',(-127.710592131457,-48.4666548531612,429.229056294176));
#7024=CARTESIAN_POINT('Ctrl Pts',(-124.579913785453,-50.0098431113865,430.107048590606));
#7025=CARTESIAN_POINT('Ctrl Pts',(-115.952342882573,-10.3209862201639,413.225603099423));
#7026=CARTESIAN_POINT('Ctrl Pts',(-115.003399019356,-11.7876946876922,414.542591544069));
#7027=CARTESIAN_POINT('Ctrl Pts',(-113.075430630406,-14.0039280317988,416.737572285144));
#7028=CARTESIAN_POINT('Ctrl Pts',(-109.767740349552,-16.4142230234651,419.810545322649));
#7029=CARTESIAN_POINT('Ctrl Pts',(-107.66031179162,-17.4263004361975,421.56652991551));
#7030=CARTESIAN_POINT('Ctrl Pts',(-106.567484403798,-17.8288571873204,422.44452221194));
#7031=CARTESIAN_POINT('',(-160.604772548761,-114.371814959519,445.432101347939));
#7032=CARTESIAN_POINT('Ctrl Pts',(-106.567484403798,-17.8288571873204,422.44452221194));
#7033=CARTESIAN_POINT('Ctrl Pts',(-124.579913785453,-50.0098431113865,430.107048590606));
#7034=CARTESIAN_POINT('Ctrl Pts',(-142.592343167107,-82.1908290354525,437.769574969273));
#7035=CARTESIAN_POINT('Ctrl Pts',(-160.604772548761,-114.371814959519,445.432101347939));
#7036=CARTESIAN_POINT('Ctrl Pts',(-217.112467247378,-55.1227768536143,436.213182235422));
#7037=CARTESIAN_POINT('Ctrl Pts',(-211.907934127846,-66.1983855978382,437.530170680067));
#7038=CARTESIAN_POINT('Ctrl Pts',(-200.945977275287,-82.7715057070937,439.725151421143));
#7039=CARTESIAN_POINT('Ctrl Pts',(-181.173338781118,-101.722772533652,442.798124458648));
#7040=CARTESIAN_POINT('Ctrl Pts',(-167.811152811132,-110.547363687089,444.554109051509));
#7041=CARTESIAN_POINT('Ctrl Pts',(-160.604772548761,-114.371814959519,445.432101347939));
#7042=CARTESIAN_POINT('Ctrl Pts',(-160.604772548761,-114.371814959519,445.432101347939));
#7043=CARTESIAN_POINT('Ctrl Pts',(-149.846909112871,-120.0809769795,446.743100003555));
#7044=CARTESIAN_POINT('Ctrl Pts',(-131.223082907244,-126.743179805753,448.928097762916));
#7045=CARTESIAN_POINT('Ctrl Pts',(-104.159486995507,-130.06815277389,451.98709462602));
#7046=CARTESIAN_POINT('Ctrl Pts',(-88.246897289235,-129.152308090685,453.735092833509));
#7047=CARTESIAN_POINT('Ctrl Pts',(-80.2221811344711,-127.916724448931,454.609091937253));
#7048=CARTESIAN_POINT('Ctrl Pts',(-142.592343167107,-82.1908290354525,437.769574969273));
#7049=CARTESIAN_POINT('Ctrl Pts',(-134.87650565752,-86.1972999910899,439.080573624889));
#7050=CARTESIAN_POINT('Ctrl Pts',(-121.507793653385,-90.843770582419,441.26557138425));
#7051=CARTESIAN_POINT('Ctrl Pts',(-102.10751118266,-93.0438294660199,444.324568247354));
#7052=CARTESIAN_POINT('Ctrl Pts',(-90.7378645962401,-92.2841657803554,446.072566454843));
#7053=CARTESIAN_POINT('Ctrl Pts',(-85.0175019972571,-91.3507790201999,446.946565558587));
#7054=CARTESIAN_POINT('Ctrl Pts',(-124.579913785453,-50.0098431113865,430.107048590606));
#7055=CARTESIAN_POINT('Ctrl Pts',(-119.906102202168,-52.3136230026796,431.418047246223));
#7056=CARTESIAN_POINT('Ctrl Pts',(-111.792504399526,-54.9443613590852,433.603045005583));
#7057=CARTESIAN_POINT('Ctrl Pts',(-100.055535369814,-56.0195061581498,436.662041868688));
#7058=CARTESIAN_POINT('Ctrl Pts',(-93.2288319032453,-55.4160234700255,438.410040076176));
#7059=CARTESIAN_POINT('Ctrl Pts',(-89.8128228600432,-54.7848335914687,439.284039179921));
#7060=CARTESIAN_POINT('Ctrl Pts',(-106.567484403798,-17.8288571873204,422.44452221194));
#7061=CARTESIAN_POINT('Ctrl Pts',(-104.935698746817,-18.4299460142693,423.755520867556));
#7062=CARTESIAN_POINT('Ctrl Pts',(-102.077215145667,-19.0449521357515,425.940518626917));
#7063=CARTESIAN_POINT('Ctrl Pts',(-98.0035595569673,-18.9951828502796,428.999515490022));
#7064=CARTESIAN_POINT('Ctrl Pts',(-95.7197992102504,-18.5478811596956,430.74751369751));
#7065=CARTESIAN_POINT('Ctrl Pts',(-94.6081437228292,-18.2188881627374,431.621512801254));
#7066=CARTESIAN_POINT('',(-80.2221811344712,-127.916724448931,454.609091937253));
#7067=CARTESIAN_POINT('Ctrl Pts',(-94.6081437228292,-18.2188881627374,431.621512801254));
#7068=CARTESIAN_POINT('Ctrl Pts',(-89.8128228600432,-54.7848335914687,439.284039179921));
#7069=CARTESIAN_POINT('Ctrl Pts',(-85.0175019972571,-91.3507790201999,446.946565558587));
#7070=CARTESIAN_POINT('Ctrl Pts',(-80.2221811344711,-127.916724448931,454.609091937253));
#7071=CARTESIAN_POINT('Ctrl Pts',(-160.604772548761,-114.371814959519,445.432101347939));
#7072=CARTESIAN_POINT('Ctrl Pts',(-149.846909112871,-120.0809769795,446.743100003555));
#7073=CARTESIAN_POINT('Ctrl Pts',(-131.223082907244,-126.743179805753,448.928097762916));
#7074=CARTESIAN_POINT('Ctrl Pts',(-104.159486995507,-130.06815277389,451.98709462602));
#7075=CARTESIAN_POINT('Ctrl Pts',(-88.246897289235,-129.152308090685,453.735092833509));
#7076=CARTESIAN_POINT('Ctrl Pts',(-80.2221811344711,-127.916724448931,454.609091937253));
#7077=CARTESIAN_POINT('Ctrl Pts',(-80.2221811344712,-127.916724448931,454.609091937253));
#7078=CARTESIAN_POINT('Ctrl Pts',(-68.1273328920341,-126.054519543311,455.926067379261));
#7079=CARTESIAN_POINT('Ctrl Pts',(-49.131977108556,-120.223275868873,458.121026449273));
#7080=CARTESIAN_POINT('Ctrl Pts',(-25.3654424514414,-106.612878595058,461.19396914729));
#7081=CARTESIAN_POINT('Ctrl Pts',(-13.1243137815133,-96.2895937407825,462.9499364033));
#7082=CARTESIAN_POINT('Ctrl Pts',(-7.41916110874528,-90.4579393033745,463.827920031305));
#7083=CARTESIAN_POINT('Ctrl Pts',(-85.0175019972572,-91.3507790201999,446.946565558587));
#7084=CARTESIAN_POINT('Ctrl Pts',(-76.3959080971842,-89.9440626521911,448.263541000594));
#7085=CARTESIAN_POINT('Ctrl Pts',(-62.8420931178208,-85.6488956494453,450.458500070607));
#7086=CARTESIAN_POINT('Ctrl Pts',(-45.9154646546354,-75.7447562116539,453.531442768623));
#7087=CARTESIAN_POINT('Ctrl Pts',(-37.2325775933456,-68.2840791818075,455.287410024633));
#7088=CARTESIAN_POINT('Ctrl Pts',(-33.1974775604124,-64.0848115368062,456.165393652638));
#7089=CARTESIAN_POINT('Ctrl Pts',(-89.8128228600432,-54.7848335914687,439.284039179921));
#7090=CARTESIAN_POINT('Ctrl Pts',(-84.6644833023344,-53.833605761071,440.601014621928));
#7091=CARTESIAN_POINT('Ctrl Pts',(-76.5522091270856,-51.0745154300179,442.79597369194));
#7092=CARTESIAN_POINT('Ctrl Pts',(-66.4654868578294,-44.8766338282498,445.868916389957));
#7093=CARTESIAN_POINT('Ctrl Pts',(-61.340841405178,-40.2785646228326,447.624883645967));
#7094=CARTESIAN_POINT('Ctrl Pts',(-58.9757940120794,-37.711683770238,448.502867273972));
#7095=CARTESIAN_POINT('Ctrl Pts',(-94.6081437228292,-18.2188881627374,431.621512801254));
#7096=CARTESIAN_POINT('Ctrl Pts',(-92.9330585074845,-17.7231488699509,432.938488243262));
#7097=CARTESIAN_POINT('Ctrl Pts',(-90.2623251363503,-16.5001352105904,435.133447313274));
#7098=CARTESIAN_POINT('Ctrl Pts',(-87.0155090610235,-14.0085114448457,438.206390011291));
#7099=CARTESIAN_POINT('Ctrl Pts',(-85.4491052170104,-12.2730500638576,439.962357267301));
#7100=CARTESIAN_POINT('Ctrl Pts',(-84.7541104637465,-11.3385560036698,440.840340895306));
#7101=CARTESIAN_POINT('',(-7.41916110874528,-90.4579393033745,463.827920031305));
#7102=CARTESIAN_POINT('Ctrl Pts',(-84.7541104637465,-11.3385560036698,440.840340895306));
#7103=CARTESIAN_POINT('Ctrl Pts',(-58.9757940120794,-37.711683770238,448.502867273972));
#7104=CARTESIAN_POINT('Ctrl Pts',(-33.1974775604124,-64.0848115368062,456.165393652638));
#7105=CARTESIAN_POINT('Ctrl Pts',(-7.41916110874528,-90.4579393033745,463.827920031305));
#7106=CARTESIAN_POINT('Ctrl Pts',(-80.2221811344712,-127.916724448931,454.609091937253));
#7107=CARTESIAN_POINT('Ctrl Pts',(-68.1273328920341,-126.054519543311,455.926067379261));
#7108=CARTESIAN_POINT('Ctrl Pts',(-49.131977108556,-120.223275868873,458.121026449273));
#7109=CARTESIAN_POINT('Ctrl Pts',(-25.3654424514414,-106.612878595058,461.19396914729));
#7110=CARTESIAN_POINT('Ctrl Pts',(-13.1243137815133,-96.2895937407825,462.9499364033));
#7111=CARTESIAN_POINT('Ctrl Pts',(-7.41916110874528,-90.4579393033745,463.827920031305));
#7112=CARTESIAN_POINT('Ctrl Pts',(-7.41916110874528,-90.4579393033745,463.827920031305));
#7113=CARTESIAN_POINT('Ctrl Pts',(1.08070774123548,-81.7694695124341,465.136442760548));
#7114=CARTESIAN_POINT('Ctrl Pts',(12.7173285539643,-65.8213689641009,467.317313975953));
#7115=CARTESIAN_POINT('Ctrl Pts',(23.5527253401287,-40.854264757126,470.37053367752));
#7116=CARTESIAN_POINT('Ctrl Pts',(27.1802147462506,-25.3651850926637,472.115230649844));
#7117=CARTESIAN_POINT('Ctrl Pts',(28.2705080883052,-17.3357222978873,472.987579136006));
#7118=CARTESIAN_POINT('Ctrl Pts',(-33.1974775604124,-64.0848115368063,456.165393652638));
#7119=CARTESIAN_POINT('Ctrl Pts',(-27.1856312847678,-57.828250233468,457.473916381881));
#7120=CARTESIAN_POINT('Ctrl Pts',(-18.9626051413325,-46.3419120163257,459.654787597286));
#7121=CARTESIAN_POINT('Ctrl Pts',(-11.3709581361031,-28.3927009767513,462.708007298854));
#7122=CARTESIAN_POINT('Ctrl Pts',(-8.87985683583272,-17.2958323455831,464.452704271178));
#7123=CARTESIAN_POINT('Ctrl Pts',(-8.1529946077965,-11.5571481985882,465.32505275734));
#7124=CARTESIAN_POINT('Ctrl Pts',(-58.9757940120794,-37.711683770238,448.502867273972));
#7125=CARTESIAN_POINT('Ctrl Pts',(-55.4519703107712,-33.8870309545018,449.811390003215));
#7126=CARTESIAN_POINT('Ctrl Pts',(-50.6425388366293,-26.8624550685506,451.99226121862));
#7127=CARTESIAN_POINT('Ctrl Pts',(-46.2946416123349,-15.9311371963766,455.045480920188));
#7128=CARTESIAN_POINT('Ctrl Pts',(-44.939928417916,-9.22647959850259,456.790177892512));
#7129=CARTESIAN_POINT('Ctrl Pts',(-44.5764973038982,-5.77857409928906,457.662526378674));
#7130=CARTESIAN_POINT('Ctrl Pts',(-84.7541104637465,-11.3385560036698,440.840340895306));
#7131=CARTESIAN_POINT('Ctrl Pts',(-83.7183093367745,-9.94581167553563,442.148863624549));
#7132=CARTESIAN_POINT('Ctrl Pts',(-82.3224725319261,-7.38299812077551,444.329734839954));
#7133=CARTESIAN_POINT('Ctrl Pts',(-81.2183250885668,-3.4695734160019,447.382954541521));
#7134=CARTESIAN_POINT('Ctrl Pts',(-80.9999999999993,-1.15712685142202,449.127651513845));
#7135=CARTESIAN_POINT('Ctrl Pts',(-81.,1.00410711550994E-11,450.000000000008));
#7136=CARTESIAN_POINT('',(28.2705080883052,-17.3357222978873,472.987579136006));
#7137=CARTESIAN_POINT('Ctrl Pts',(28.2705080883052,-17.3357222978873,472.987579136006));
#7138=CARTESIAN_POINT('Ctrl Pts',(-8.1529946077965,-11.5571481985882,465.32505275734));
#7139=CARTESIAN_POINT('Ctrl Pts',(-44.5764973038982,-5.77857409928906,457.662526378674));
#7140=CARTESIAN_POINT('Ctrl Pts',(-81.,1.00410711550994E-11,450.000000000008));
#7141=CARTESIAN_POINT('Ctrl Pts',(-7.41916110874528,-90.4579393033745,463.827920031305));
#7142=CARTESIAN_POINT('Ctrl Pts',(1.08070774123548,-81.7694695124341,465.136442760548));
#7143=CARTESIAN_POINT('Ctrl Pts',(12.7173285539643,-65.8213689641009,467.317313975953));
#7144=CARTESIAN_POINT('Ctrl Pts',(23.5527253401287,-40.854264757126,470.37053367752));
#7145=CARTESIAN_POINT('Ctrl Pts',(27.1802147462506,-25.3651850926637,472.115230649844));
#7146=CARTESIAN_POINT('Ctrl Pts',(28.2705080883052,-17.3357222978873,472.987579136006));
#7147=CARTESIAN_POINT('Ctrl Pts',(13.6894248853338,60.6250027030789,34.8690172032901));
#7148=CARTESIAN_POINT('Ctrl Pts',(17.4881816972905,53.4890672906543,33.9948055681125));
#7149=CARTESIAN_POINT('Ctrl Pts',(23.5787793838679,38.8351583024829,32.2463822977572));
#7150=CARTESIAN_POINT('Ctrl Pts',(29.3496395722139,12.3081976029555,29.1866415746354));
#7151=CARTESIAN_POINT('Ctrl Pts',(29.2105619825584,-7.38661775798939,27.0011124866913));
#7152=CARTESIAN_POINT('Ctrl Pts',(27.3787329576666,-19.373556039244,25.6897950339248));
#7153=CARTESIAN_POINT('Ctrl Pts',(-18.9624216196656,43.4808962204424,27.2064908246239));
#7154=CARTESIAN_POINT('Ctrl Pts',(-16.2443499711042,38.4031821630444,26.3322791894462));
#7155=CARTESIAN_POINT('Ctrl Pts',(-11.8713365993301,27.9589556563758,24.5838559190909));
#7156=CARTESIAN_POINT('Ctrl Pts',(-7.69451107877531,9.01305570602951,21.5241151959691));
#7157=CARTESIAN_POINT('Ctrl Pts',(-7.75932258252713,-5.05199732892962,19.338586108025));
#7158=CARTESIAN_POINT('Ctrl Pts',(-9.04476973843511,-13.5949819399448,18.0272686552585));
#7159=CARTESIAN_POINT('Ctrl Pts',(-51.614268124665,26.3367897378058,19.5439644459576));
#7160=CARTESIAN_POINT('Ctrl Pts',(-49.9768816394989,23.3172970354345,18.6697528107799));
#7161=CARTESIAN_POINT('Ctrl Pts',(-47.321452582528,17.0827530102687,16.9213295404246));
#7162=CARTESIAN_POINT('Ctrl Pts',(-44.7386617297645,5.71791380910349,13.8615888173029));
#7163=CARTESIAN_POINT('Ctrl Pts',(-44.7292071476126,-2.71737689986981,11.6760597293587));
#7164=CARTESIAN_POINT('Ctrl Pts',(-45.4682724345368,-7.81640784064569,10.3647422765923));
#7165=CARTESIAN_POINT('Ctrl Pts',(-84.2661146296644,9.19268325516924,11.8814380672913));
#7166=CARTESIAN_POINT('Ctrl Pts',(-83.7094133078936,8.23141190782467,11.0072264321136));
#7167=CARTESIAN_POINT('Ctrl Pts',(-82.771568565726,6.20655036416168,9.25880316175834));
#7168=CARTESIAN_POINT('Ctrl Pts',(-81.7828123807538,2.42277191217749,6.19906243863657));
#7169=CARTESIAN_POINT('Ctrl Pts',(-81.6990917126981,-0.382756470810035,
4.01353335069245));
#7170=CARTESIAN_POINT('Ctrl Pts',(-81.8917751306386,-2.03783374134656,2.70221589792597));
#7171=CARTESIAN_POINT('',(-83.2055319352968,7.05112878386875,10.));
#7172=CARTESIAN_POINT('Ctrl Pts',(-83.2055367608388,7.05110852088046,10.));
#7173=CARTESIAN_POINT('Ctrl Pts',(-82.9321385197863,7.07713830256463,10.));
#7174=CARTESIAN_POINT('Ctrl Pts',(-82.6584710712879,7.10015481744764,9.99999999999999));
#7175=CARTESIAN_POINT('Ctrl Pts',(-82.3845912872465,7.1201800017458,9.99999999999999));
#7176=CARTESIAN_POINT('',(-81.8917751306386,-2.03783374134656,2.70221589792597));
#7177=CARTESIAN_POINT('Ctrl Pts',(-83.2055367608388,7.05110852088046,10.));
#7178=CARTESIAN_POINT('Ctrl Pts',(-83.0845876908558,6.7611425527706,9.75293438725277));
#7179=CARTESIAN_POINT('Ctrl Pts',(-82.568906129699,5.43100046609752,8.63165713932791));
#7180=CARTESIAN_POINT('Ctrl Pts',(-81.7828123807538,2.42277191217749,6.19906243863657));
#7181=CARTESIAN_POINT('Ctrl Pts',(-81.6990917126981,-0.382756470810035,
4.01353335069245));
#7182=CARTESIAN_POINT('Ctrl Pts',(-81.8917751306386,-2.03783374134656,2.70221589792597));
#7183=CARTESIAN_POINT('',(27.3787329576666,-19.373556039244,25.6897950339248));
#7184=CARTESIAN_POINT('Ctrl Pts',(27.3787329576666,-19.373556039244,25.6897950339248));
#7185=CARTESIAN_POINT('Ctrl Pts',(-9.04476973843511,-13.5949819399448,18.0272686552585));
#7186=CARTESIAN_POINT('Ctrl Pts',(-45.4682724345368,-7.81640784064569,10.3647422765923));
#7187=CARTESIAN_POINT('Ctrl Pts',(-81.8917751306386,-2.03783374134656,2.70221589792597));
#7188=CARTESIAN_POINT('',(13.6894248853338,60.6250027030789,34.8690172032901));
#7189=CARTESIAN_POINT('Ctrl Pts',(13.6894256695336,60.6249984497783,34.8690223527061));
#7190=CARTESIAN_POINT('Ctrl Pts',(17.4881825869608,53.4890651501303,33.9948053127337));
#7191=CARTESIAN_POINT('Ctrl Pts',(23.5792130546381,38.8341996372933,32.2463821700678));
#7192=CARTESIAN_POINT('Ctrl Pts',(29.3469984292646,12.3109048308192,29.1866415746354));
#7193=CARTESIAN_POINT('Ctrl Pts',(29.2105619825584,-7.38661775798939,27.0011124866913));
#7194=CARTESIAN_POINT('Ctrl Pts',(27.3787329576666,-19.373556039244,25.6897950339248));
#7195=CARTESIAN_POINT('Ctrl Pts',(-83.5770829569786,9.554464704945,12.0431356107023));
#7196=CARTESIAN_POINT('Ctrl Pts',(-51.1549136762078,26.5779773709896,19.6517628082316));
#7197=CARTESIAN_POINT('Ctrl Pts',(-18.732744395437,43.6014900370343,27.2603900057609));
#7198=CARTESIAN_POINT('Ctrl Pts',(13.6894248853338,60.6250027030789,34.8690172032901));
#7199=CARTESIAN_POINT('Ctrl Pts',(-45.0936800150785,116.558879152211,44.0459915901854));
#7200=CARTESIAN_POINT('Ctrl Pts',(-34.1302429246023,111.384947839107,42.7349952492004));
#7201=CARTESIAN_POINT('Ctrl Pts',(-17.7022954121608,100.535640658092,40.5500013475586));
#7202=CARTESIAN_POINT('Ctrl Pts',(1.12268166689791,80.9824127059434,37.4910098852602));
#7203=CARTESIAN_POINT('Ctrl Pts',(9.89164461691096,67.7590981263358,35.7430147639468));
#7204=CARTESIAN_POINT('Ctrl Pts',(13.6894248853337,60.6250027030791,34.8690172032901));
#7205=CARTESIAN_POINT('Ctrl Pts',(-60.9118468120842,83.5290754706975,36.4368387627494));
#7206=CARTESIAN_POINT('Ctrl Pts',(-53.0706674167536,79.8504116887382,35.1258424217643));
#7207=CARTESIAN_POINT('Ctrl Pts',(-41.285070476069,72.1140951519817,32.9408485201226));
#7208=CARTESIAN_POINT('Ctrl Pts',(-27.7568501918056,58.1375895656526,29.8818570578241));
#7209=CARTESIAN_POINT('Ctrl Pts',(-21.4598856752448,48.6910556468548,28.1338619365107));
#7210=CARTESIAN_POINT('Ctrl Pts',(-18.7349842294275,43.6003139947414,27.2598643758541));
#7211=CARTESIAN_POINT('Ctrl Pts',(-76.7300136090899,50.4992717891841,28.8276859353133));
#7212=CARTESIAN_POINT('Ctrl Pts',(-72.0110919089049,48.3158755383695,27.5166895943282));
#7213=CARTESIAN_POINT('Ctrl Pts',(-64.8678455399772,43.6925496458719,25.3316956926865));
#7214=CARTESIAN_POINT('Ctrl Pts',(-56.6363820505092,35.2927664253618,22.2727042303881));
#7215=CARTESIAN_POINT('Ctrl Pts',(-52.8114159674005,29.6230131673738,20.5247091090747));
#7216=CARTESIAN_POINT('Ctrl Pts',(-51.1593933441886,26.5756252864037,19.650711548418));
#7217=CARTESIAN_POINT('Ctrl Pts',(-92.5481804060956,17.4694681076707,21.2185331078772));
#7218=CARTESIAN_POINT('Ctrl Pts',(-90.9515164010563,16.7813393880007,19.9075367668921));
#7219=CARTESIAN_POINT('Ctrl Pts',(-88.4506206038853,15.271004139762,17.7225428652504));
#7220=CARTESIAN_POINT('Ctrl Pts',(-85.5159139092127,12.447943285071,14.663551402952));
#7221=CARTESIAN_POINT('Ctrl Pts',(-84.1629462595562,10.5549706878929,12.9155562816386));
#7222=CARTESIAN_POINT('Ctrl Pts',(-83.5838024589498,9.55093657806598,12.0415587209819));
#7223=CARTESIAN_POINT('',(-45.0936800150785,116.558879152211,44.0459915901854));
#7224=CARTESIAN_POINT('Ctrl Pts',(-45.0936762929534,116.558875699915,44.0459976347782));
#7225=CARTESIAN_POINT('Ctrl Pts',(-34.1302406745816,111.384946352572,42.7349949499488));
#7226=CARTESIAN_POINT('Ctrl Pts',(-17.7016521151652,100.53097046213,40.5500011979329));
#7227=CARTESIAN_POINT('Ctrl Pts',(1.12205426438028,80.9830610873931,37.4910098852602));
#7228=CARTESIAN_POINT('Ctrl Pts',(9.89164461691096,67.7590981263358,35.7430147639468));
#7229=CARTESIAN_POINT('Ctrl Pts',(13.6894245598228,60.6250005343608,34.8690226080865));
#7230=CARTESIAN_POINT('Ctrl Pts',(13.6894251146782,60.6249994920695,34.8690224803963));
#7231=CARTESIAN_POINT('Ctrl Pts',(13.6894256695336,60.6249984497783,34.8690223527061));
#7232=CARTESIAN_POINT('Ctrl Pts',(-92.5449023138844,17.4763130691365,21.2201099975976));
#7233=CARTESIAN_POINT('Ctrl Pts',(-76.7278282142825,50.503835096828,28.8287371951269));
#7234=CARTESIAN_POINT('Ctrl Pts',(-60.9107541146805,83.5313571245194,36.4373643926561));
#7235=CARTESIAN_POINT('Ctrl Pts',(-45.0936800150785,116.558879152211,44.0459915901854));
#7236=CARTESIAN_POINT('Ctrl Pts',(-125.633980344393,126.2678713498,53.2207661984315));
#7237=CARTESIAN_POINT('Ctrl Pts',(-113.7546520616,128.670775490134,51.9100841115392));
#7238=CARTESIAN_POINT('Ctrl Pts',(-94.1043735196018,129.790355123536,49.7256139667187));
#7239=CARTESIAN_POINT('Ctrl Pts',(-67.3311385360921,125.366051837213,46.66735576397));
#7240=CARTESIAN_POINT('Ctrl Pts',(-52.4007956293115,120.007294370089,44.9197796481136));
#7241=CARTESIAN_POINT('Ctrl Pts',(-45.0936800150785,116.558879152211,44.0459915901854));
#7242=CARTESIAN_POINT('Ctrl Pts',(-118.57772574249,90.3319356670111,45.6116137387859));
#7243=CARTESIAN_POINT('Ctrl Pts',(-110.09450359873,92.0679922878144,44.3009316518936));
#7244=CARTESIAN_POINT('Ctrl Pts',(-96.02529589788,92.9089262777458,42.1164615070731));
#7245=CARTESIAN_POINT('Ctrl Pts',(-76.8300838925316,89.789655500965,39.0582033043244));
#7246=CARTESIAN_POINT('Ctrl Pts',(-66.1379859568638,85.9809008091607,37.310627188468));
#7247=CARTESIAN_POINT('Ctrl Pts',(-60.9118460475088,83.529077067202,36.4368391305398));
#7248=CARTESIAN_POINT('Ctrl Pts',(-111.521471140588,54.3959999842226,38.0024612791403));
#7249=CARTESIAN_POINT('Ctrl Pts',(-106.43435513586,55.4652090854949,36.691779192248));
#7250=CARTESIAN_POINT('Ctrl Pts',(-97.9462182761581,56.0274974319555,34.5073090474275));
#7251=CARTESIAN_POINT('Ctrl Pts',(-86.329029248971,54.213259164717,31.4490508446788));
#7252=CARTESIAN_POINT('Ctrl Pts',(-79.8751762844162,51.9545072482329,29.7014747288224));
#7253=CARTESIAN_POINT('Ctrl Pts',(-76.7300120799391,50.4992749821932,28.8276866708942));
#7254=CARTESIAN_POINT('Ctrl Pts',(-104.465216538686,18.460064301434,30.3933088194947));
#7255=CARTESIAN_POINT('Ctrl Pts',(-102.774206672989,18.8624258831753,29.0826267326024));
#7256=CARTESIAN_POINT('Ctrl Pts',(-99.8671406544363,19.1460685861651,26.8981565877819));
#7257=CARTESIAN_POINT('Ctrl Pts',(-95.8279746054104,18.636862828469,23.8398983850332));
#7258=CARTESIAN_POINT('Ctrl Pts',(-93.6123666119686,17.928113687305,22.0923222691768));
#7259=CARTESIAN_POINT('Ctrl Pts',(-92.5481781123694,17.4694728971844,21.2185342112486));
#7260=CARTESIAN_POINT('',(-125.633980344393,126.2678713498,53.2207661984315));
#7261=CARTESIAN_POINT('Ctrl Pts',(-125.633975408868,126.267870818246,53.2207721089522));
#7262=CARTESIAN_POINT('Ctrl Pts',(-113.754649428897,128.670775639605,51.9100838189222));
#7263=CARTESIAN_POINT('Ctrl Pts',(-94.1007604901819,129.786618007543,49.7256138204102));
#7264=CARTESIAN_POINT('Ctrl Pts',(-67.3319668377275,125.366022095204,46.6673557639701));
#7265=CARTESIAN_POINT('Ctrl Pts',(-52.4007956293115,120.007294370089,44.9197796481136));
#7266=CARTESIAN_POINT('Ctrl Pts',(-45.0936787954972,116.55887688093,44.0459979340312));
#7267=CARTESIAN_POINT('Ctrl Pts',(-45.0936775442253,116.558876290422,44.0459977844047));
#7268=CARTESIAN_POINT('Ctrl Pts',(-45.0936762929534,116.558875699915,44.0459976347782));
#7269=CARTESIAN_POINT('Ctrl Pts',(-104.466677824911,18.4675063072535,30.3948846058436));
#7270=CARTESIAN_POINT('Ctrl Pts',(-111.522445331405,54.4009613214356,38.0035118033729));
#7271=CARTESIAN_POINT('Ctrl Pts',(-118.578212837899,90.3344163356176,45.6121390009022));
#7272=CARTESIAN_POINT('Ctrl Pts',(-125.633980344393,126.2678713498,53.2207661984315));
#7273=CARTESIAN_POINT('Ctrl Pts',(-195.999295340667,85.934926412965,62.3933889131957));
#7274=CARTESIAN_POINT('Ctrl Pts',(-187.911276654333,94.957334480837,61.083014239658));
#7275=CARTESIAN_POINT('Ctrl Pts',(-172.827236062995,107.59357256952,58.8990564504284));
#7276=CARTESIAN_POINT('Ctrl Pts',(-148.721471635127,120.041830665875,55.841515545507));
#7277=CARTESIAN_POINT('Ctrl Pts',(-133.551577545694,124.666328153857,54.0943493141233));
#7278=CARTESIAN_POINT('Ctrl Pts',(-125.633980344392,126.2678713498,53.2207661984315));
#7279=CARTESIAN_POINT('Ctrl Pts',(-168.869627095744,61.3348618490191,54.7842368131755));
#7280=CARTESIAN_POINT('Ctrl Pts',(-163.105845733968,67.7940332483929,53.4738621396377));
#7281=CARTESIAN_POINT('Ctrl Pts',(-152.329469599306,76.8728597404571,51.2899043504082));
#7282=CARTESIAN_POINT('Ctrl Pts',(-135.078244309119,85.839989804931,48.2323634454868));
#7283=CARTESIAN_POINT('Ctrl Pts',(-124.231815964335,89.1748485461367,46.4851972141031));
#7284=CARTESIAN_POINT('Ctrl Pts',(-118.577726075984,90.3319373654231,45.6116140984113));
#7285=CARTESIAN_POINT('Ctrl Pts',(-141.73995885082,36.7347972850732,47.1750847131553));
#7286=CARTESIAN_POINT('Ctrl Pts',(-138.300414813603,40.6307320159488,45.8647100396175));
#7287=CARTESIAN_POINT('Ctrl Pts',(-131.831703135618,46.1521469113937,43.6807522503879));
#7288=CARTESIAN_POINT('Ctrl Pts',(-121.435016983111,51.638148943987,40.6232113454666));
#7289=CARTESIAN_POINT('Ctrl Pts',(-114.912054382975,53.6833689384162,38.8760451140829));
#7290=CARTESIAN_POINT('Ctrl Pts',(-111.521471807576,54.3960033810464,38.0024619983911));
#7291=CARTESIAN_POINT('Ctrl Pts',(-114.610290605897,12.1347327211273,39.5659326131351));
#7292=CARTESIAN_POINT('Ctrl Pts',(-113.494983893238,13.4674307835046,38.2555579395973));
#7293=CARTESIAN_POINT('Ctrl Pts',(-111.333936671929,15.4314340823304,36.0716001503678));
#7294=CARTESIAN_POINT('Ctrl Pts',(-107.791789657104,17.4363080830429,33.0140592454463));
#7295=CARTESIAN_POINT('Ctrl Pts',(-105.592292801616,18.1918893306958,31.2668930140627));
#7296=CARTESIAN_POINT('Ctrl Pts',(-104.465217539168,18.4600693966697,30.3933098983709));
#7297=CARTESIAN_POINT('',(-195.999295340667,85.934926412965,62.3933889131957));
#7298=CARTESIAN_POINT('Ctrl Pts',(-195.999291162024,85.934928878645,62.3933946901275));
#7299=CARTESIAN_POINT('Ctrl Pts',(-187.911274678283,94.9573361355374,61.0830139536519));
#7300=CARTESIAN_POINT('Ctrl Pts',(-172.822045368012,107.592717632574,58.8990563074253));
#7301=CARTESIAN_POINT('Ctrl Pts',(-148.722093899535,120.041297857357,55.841515545507));
#7302=CARTESIAN_POINT('Ctrl Pts',(-133.551577545694,124.666328153857,54.0943493141233));
#7303=CARTESIAN_POINT('Ctrl Pts',(-125.633978060993,126.267870281785,53.2207724015706));
#7304=CARTESIAN_POINT('Ctrl Pts',(-125.63397673493,126.267870550016,53.2207722552614));
#7305=CARTESIAN_POINT('Ctrl Pts',(-125.633975408868,126.267870818246,53.2207721089522));
#7306=CARTESIAN_POINT('Ctrl Pts',(-114.615905067371,12.139823683299,39.5675073206078));
#7307=CARTESIAN_POINT('Ctrl Pts',(-141.743701825137,36.7381912598543,47.1761345181371));
#7308=CARTESIAN_POINT('Ctrl Pts',(-168.871498582902,61.3365588364097,54.7847617156664));
#7309=CARTESIAN_POINT('Ctrl Pts',(-195.999295340667,85.934926412965,62.3933889131957));
#7310=CARTESIAN_POINT('Ctrl Pts',(-228.323156656518,11.5690859281492,71.5639075037616));
#7311=CARTESIAN_POINT('Ctrl Pts',(-227.22689110927,23.6333815656126,70.2538334193951));
#7312=CARTESIAN_POINT('Ctrl Pts',(-222.680349949026,42.7737397391782,68.0703766121174));
#7313=CARTESIAN_POINT('Ctrl Pts',(-210.789366231261,67.1524895095749,65.0135370819288));
#7314=CARTESIAN_POINT('Ctrl Pts',(-201.39000452869,79.9214378750165,63.2667716361067));
#7315=CARTESIAN_POINT('Ctrl Pts',(-195.999295340667,85.9349264129648,62.3933889131957));
#7316=CARTESIAN_POINT('Ctrl Pts',(-191.87073394494,8.04732072023708,63.9547557552316));
#7317=CARTESIAN_POINT('Ctrl Pts',(-191.107127128829,16.668395140436,62.6446816708651));
#7318=CARTESIAN_POINT('Ctrl Pts',(-187.889563914982,30.3837550169039,60.4612248635874));
#7319=CARTESIAN_POINT('Ctrl Pts',(-179.414800162882,47.8772870801405,57.4043853333988));
#7320=CARTESIAN_POINT('Ctrl Pts',(-172.711223119891,57.0297829802359,55.6576198875767));
#7321=CARTESIAN_POINT('Ctrl Pts',(-168.869628348947,61.3348629853718,54.7842371646657));
#7322=CARTESIAN_POINT('Ctrl Pts',(-155.418311233362,4.52555551232499,56.3456040067016));
#7323=CARTESIAN_POINT('Ctrl Pts',(-154.987363148388,9.70340871525942,55.035529922335));
#7324=CARTESIAN_POINT('Ctrl Pts',(-153.098777880938,17.9937702946297,52.8520731150574));
#7325=CARTESIAN_POINT('Ctrl Pts',(-148.040234094504,28.6020846507061,49.7952335848688));
#7326=CARTESIAN_POINT('Ctrl Pts',(-144.032441711091,34.1381280854552,48.0484681390467));
#7327=CARTESIAN_POINT('Ctrl Pts',(-141.739961357226,36.7347995577788,47.1750854161357));
#7328=CARTESIAN_POINT('Ctrl Pts',(-118.965888521784,1.0037903044129,48.7364522581716));
#7329=CARTESIAN_POINT('Ctrl Pts',(-118.867599167947,2.73842229008281,47.426378173805));
#7330=CARTESIAN_POINT('Ctrl Pts',(-118.307991846893,5.60378557235543,45.2429213665274));
#7331=CARTESIAN_POINT('Ctrl Pts',(-116.665668026125,9.32688222127168,42.1860818363388));
#7332=CARTESIAN_POINT('Ctrl Pts',(-115.353660302292,11.2464731906746,40.4393163905167));
#7333=CARTESIAN_POINT('Ctrl Pts',(-114.610294365506,12.1347361301858,39.5659336676056));
#7334=CARTESIAN_POINT('',(-228.323156656518,11.5690859281492,71.5639075037616));
#7335=CARTESIAN_POINT('Ctrl Pts',(-228.323154821616,11.569090298661,71.5639131475756));
#7336=CARTESIAN_POINT('Ctrl Pts',(-227.226890526849,23.6333840153242,70.2538331399768));
#7337=CARTESIAN_POINT('Ctrl Pts',(-222.675681153591,42.7761516205138,68.0703764724084));
#7338=CARTESIAN_POINT('Ctrl Pts',(-210.789546341401,67.1516915138036,65.0135370819288));
#7339=CARTESIAN_POINT('Ctrl Pts',(-201.39000452869,79.9214378750165,63.2667716361067));
#7340=CARTESIAN_POINT('Ctrl Pts',(-195.999292927338,85.9349269093888,62.3933949761349));
#7341=CARTESIAN_POINT('Ctrl Pts',(-195.999292044681,85.9349278940169,62.3933948331312));
#7342=CARTESIAN_POINT('Ctrl Pts',(-195.999291162024,85.934928878645,62.3933946901275));
#7343=CARTESIAN_POINT('Ctrl Pts',(-118.973427268064,1.0045186426792,48.7380259111738));
#7344=CARTESIAN_POINT('Ctrl Pts',(-155.423337064216,4.52604107116919,56.3466531087031));
#7345=CARTESIAN_POINT('Ctrl Pts',(-191.873246860367,8.04756349965918,63.9552803062324));
#7346=CARTESIAN_POINT('Ctrl Pts',(-228.323156656518,11.5690859281492,71.5639075037616));
#7347=CARTESIAN_POINT('Ctrl Pts',(-209.831116304385,-67.3632108412225,80.7323696262795));
#7348=CARTESIAN_POINT('Ctrl Pts',(-216.155879446375,-57.034747445441,79.4225893230626));
#7349=CARTESIAN_POINT('Ctrl Pts',(-223.939996227452,-38.9721874878344,77.2396221510346));
#7350=CARTESIAN_POINT('Ctrl Pts',(-228.964329858133,-12.3234301743378,74.1834681101953));
#7351=CARTESIAN_POINT('Ctrl Pts',(-229.053825536288,3.52811966107255,72.4370943725729));
#7352=CARTESIAN_POINT('Ctrl Pts',(-228.323156656519,11.5690859281488,71.5639075037616));
#7353=CARTESIAN_POINT('Ctrl Pts',(-178.492176809074,-48.416942480236,73.1234781191055));
#7354=CARTESIAN_POINT('Ctrl Pts',(-183.027739952891,-41.0479869632304,71.8136978158887));
#7355=CARTESIAN_POINT('Ctrl Pts',(-188.638002997932,-28.1288543704976,69.6307306438606));
#7356=CARTESIAN_POINT('Ctrl Pts',(-192.289786855949,-9.04074858686084,66.5745766030214));
#7357=CARTESIAN_POINT('Ctrl Pts',(-192.38093738911,2.3013311685243,64.8282028653989));
#7358=CARTESIAN_POINT('Ctrl Pts',(-191.871980657877,8.04744116847913,63.9550159965877));
#7359=CARTESIAN_POINT('Ctrl Pts',(-147.153237313763,-29.4706741192494,65.5145866119316));
#7360=CARTESIAN_POINT('Ctrl Pts',(-149.899600459408,-25.0612264810198,64.2048063087148));
#7361=CARTESIAN_POINT('Ctrl Pts',(-153.336009768411,-17.2855212531608,62.0218391366867));
#7362=CARTESIAN_POINT('Ctrl Pts',(-155.615243853766,-5.75806699938383,58.9656850958475));
#7363=CARTESIAN_POINT('Ctrl Pts',(-155.708049241933,1.07454267597604,57.219311358225));
#7364=CARTESIAN_POINT('Ctrl Pts',(-155.420804659235,4.52579640880948,56.3461244894138));
#7365=CARTESIAN_POINT('Ctrl Pts',(-115.814297818452,-10.5244057582628,57.9056951047577));
#7366=CARTESIAN_POINT('Ctrl Pts',(-116.771460965925,-9.07446599880923,56.5959148015409));
#7367=CARTESIAN_POINT('Ctrl Pts',(-118.03401653889,-6.44218813582391,54.4129476295128));
#7368=CARTESIAN_POINT('Ctrl Pts',(-118.940700851582,-2.47538541190683,51.3567935886736));
#7369=CARTESIAN_POINT('Ctrl Pts',(-119.035161094756,-0.152245816572212,
49.6104198510511));
#7370=CARTESIAN_POINT('Ctrl Pts',(-118.969628660593,1.00415164913983,48.7372329822399));
#7371=CARTESIAN_POINT('',(-209.831116304385,-67.3632108412225,80.7323696262795));
#7372=CARTESIAN_POINT('Ctrl Pts',(-209.831117416269,-67.3632063481016,80.7323751374354));
#7373=CARTESIAN_POINT('Ctrl Pts',(-216.155880419034,-57.0347451871724,79.4225890502096));
#7374=CARTESIAN_POINT('Ctrl Pts',(-223.937661219169,-38.9674159854294,77.2396220146081));
#7375=CARTESIAN_POINT('Ctrl Pts',(-228.963978863337,-12.3241598577372,74.1834681101953));
#7376=CARTESIAN_POINT('Ctrl Pts',(-229.053825536288,3.52811966107255,72.4370943725729));
#7377=CARTESIAN_POINT('Ctrl Pts',(-228.323155055432,11.5690877255359,71.5639134269952));
#7378=CARTESIAN_POINT('Ctrl Pts',(-228.323154938524,11.5690890120985,71.5639132872854));
#7379=CARTESIAN_POINT('Ctrl Pts',(-228.323154821616,11.569090298661,71.5639131475756));
#7380=CARTESIAN_POINT('Ctrl Pts',(-115.817563675491,-10.5263801647001,57.9064880336916));
#7381=CARTESIAN_POINT('Ctrl Pts',(-147.155414551789,-29.4719903902076,65.5151152312209));
#7382=CARTESIAN_POINT('Ctrl Pts',(-178.493265428087,-48.4176006157151,73.1237424287502));
#7383=CARTESIAN_POINT('Ctrl Pts',(-209.831116304385,-67.3632108412225,80.7323696262795));
#7384=CARTESIAN_POINT('Ctrl Pts',(-147.873348222181,-119.619475059474,89.8988228264975));
#7385=CARTESIAN_POINT('Ctrl Pts',(-159.111660712017,-115.112536673432,88.5893295121806));
#7386=CARTESIAN_POINT('Ctrl Pts',(-176.138131820355,-105.275006782523,86.4068406549858));
#7387=CARTESIAN_POINT('Ctrl Pts',(-196.078736032349,-86.9049202582298,83.3513562549132));
#7388=CARTESIAN_POINT('Ctrl Pts',(-205.615577635101,-74.2472644636581,81.6053651691574));
#7389=CARTESIAN_POINT('Ctrl Pts',(-209.831116304385,-67.3632108412224,80.7323696262795));
#7390=CARTESIAN_POINT('Ctrl Pts',(-134.04860798624,-85.706966012203,82.2896717566581));
#7391=CARTESIAN_POINT('Ctrl Pts',(-142.085120680871,-82.5052701959309,80.9801784423413));
#7392=CARTESIAN_POINT('Ctrl Pts',(-154.297290973675,-75.4946404923806,78.7976895851465));
#7393=CARTESIAN_POINT('Ctrl Pts',(-168.622691190366,-62.3682115361445,75.7422051850738));
#7394=CARTESIAN_POINT('Ctrl Pts',(-175.468132509493,-53.3277358301951,73.996214099318));
#7395=CARTESIAN_POINT('Ctrl Pts',(-178.491107741568,-48.4162961648152,73.1232185564401));
#7396=CARTESIAN_POINT('Ctrl Pts',(-120.223867750298,-51.794456964932,74.6805206868188));
#7397=CARTESIAN_POINT('Ctrl Pts',(-125.058580649725,-49.8980037184295,73.3710273725019));
#7398=CARTESIAN_POINT('Ctrl Pts',(-132.456450126995,-45.7142742022378,71.1885385153072));
#7399=CARTESIAN_POINT('Ctrl Pts',(-141.166646348383,-37.8315028140593,68.1330541152345));
#7400=CARTESIAN_POINT('Ctrl Pts',(-145.320687383886,-32.4082071967321,66.3870630294787));
#7401=CARTESIAN_POINT('Ctrl Pts',(-147.151099178751,-29.469381488408,65.5140674866008));
#7402=CARTESIAN_POINT('Ctrl Pts',(-106.399127514357,-17.881947917661,67.0713696169794));
#7403=CARTESIAN_POINT('Ctrl Pts',(-108.032040618579,-17.2907372409281,65.7618763026626));
#7404=CARTESIAN_POINT('Ctrl Pts',(-110.615609280316,-15.9339079120951,63.5793874454678));
#7405=CARTESIAN_POINT('Ctrl Pts',(-113.7106015064,-13.2947940919741,60.5239030453951));
#7406=CARTESIAN_POINT('Ctrl Pts',(-115.173242258278,-11.488678563269,58.7779119596394));
#7407=CARTESIAN_POINT('Ctrl Pts',(-115.811090615934,-10.5224668120007,57.9049164167614));
#7408=CARTESIAN_POINT('',(-147.873348222181,-119.619475059474,89.8988228264975));
#7409=CARTESIAN_POINT('Ctrl Pts',(-147.873352617456,-119.619471440728,89.8988296178606));
#7410=CARTESIAN_POINT('Ctrl Pts',(-159.111663354947,-115.112535145678,88.5893291734237));
#7411=CARTESIAN_POINT('Ctrl Pts',(-176.139108848231,-105.269766384177,86.4068404856074));
#7412=CARTESIAN_POINT('Ctrl Pts',(-196.078017584376,-86.9052857030018,83.3513562549132));
#7413=CARTESIAN_POINT('Ctrl Pts',(-205.615577635101,-74.2472644636581,81.6053651691574));
#7414=CARTESIAN_POINT('Ctrl Pts',(-209.831116098696,-67.3632084997238,80.7323754102896));
#7415=CARTESIAN_POINT('Ctrl Pts',(-209.831116757482,-67.3632074239127,80.7323752738625));
#7416=CARTESIAN_POINT('Ctrl Pts',(-209.831117416269,-67.3632063481016,80.7323751374354));
#7417=CARTESIAN_POINT('Ctrl Pts',(-106.401982917754,-17.8889523091987,67.0729412339096));
#7418=CARTESIAN_POINT('Ctrl Pts',(-120.225771352563,-51.7991265592904,74.6815684314389));
#7419=CARTESIAN_POINT('Ctrl Pts',(-134.049559787372,-85.7093008093822,82.2901956289682));
#7420=CARTESIAN_POINT('Ctrl Pts',(-147.873348222181,-119.619475059474,89.8988228264975));
#7421=CARTESIAN_POINT('Ctrl Pts',(-84.2661146296644,9.19268325516924,11.8814380672913));
#7422=CARTESIAN_POINT('Ctrl Pts',(-82.3176600034665,5.82823353946324,8.82169734416951));
#7423=CARTESIAN_POINT('Ctrl Pts',(-81.4421804887776,1.82401322323867,5.76195662104774));
#7424=CARTESIAN_POINT('Ctrl Pts',(-81.8917751306386,-2.03783374134656,2.70221589792597));
#7425=CARTESIAN_POINT('Ctrl Pts',(-84.4339465595364,9.91491138401588,10.9806994346518));
#7426=CARTESIAN_POINT('Ctrl Pts',(-82.3261512126788,6.58748938792836,7.92095871153005));
#7427=CARTESIAN_POINT('Ctrl Pts',(-81.2947869925191,2.56887341235008,4.86121798840827));
#7428=CARTESIAN_POINT('Ctrl Pts',(-81.5945167537591,-1.35855582756103,1.8014772652865));
#7429=CARTESIAN_POINT('Ctrl Pts',(-84.6017784894084,10.6371395128625,10.0799608020123));
#7430=CARTESIAN_POINT('Ctrl Pts',(-82.3346424218912,7.34674523639347,7.02022007889057));
#7431=CARTESIAN_POINT('Ctrl Pts',(-81.1473934962607,3.31373360146148,3.9604793557688));
#7432=CARTESIAN_POINT('Ctrl Pts',(-81.2972583768795,-0.679277913775502,
0.900738632647031));
#7433=CARTESIAN_POINT('Ctrl Pts',(-84.7696104192804,11.3593676417092,9.17922216937287));
#7434=CARTESIAN_POINT('Ctrl Pts',(-82.3431336311035,8.10600108485859,6.1194814462511));
#7435=CARTESIAN_POINT('Ctrl Pts',(-81.0000000000022,4.05859379057289,3.05974072312933));
#7436=CARTESIAN_POINT('Ctrl Pts',(-81.,1.00311163654177E-11,7.55858204866794E-12));
#7437=CARTESIAN_POINT('Ctrl Pts',(-84.6166773460019,10.7012534947945,10.));
#7438=CARTESIAN_POINT('Ctrl Pts',(-84.3492685586102,10.1629027454594,10.));
#7439=CARTESIAN_POINT('Ctrl Pts',(-84.1049965061607,9.61336065871426,10.));
#7440=CARTESIAN_POINT('Ctrl Pts',(-83.8843173775384,9.05441628591651,9.99999999999999));
#7441=CARTESIAN_POINT('Ctrl Pts',(-83.6669902423201,8.50396196771728,9.99999999999999));
#7442=CARTESIAN_POINT('Ctrl Pts',(-83.4725447742697,7.94438875062679,10.));
#7443=CARTESIAN_POINT('Ctrl Pts',(-83.3014258663399,7.37745531158103,10.));
#7444=CARTESIAN_POINT('Ctrl Pts',(-83.2685590571265,7.26856440406396,10.));
#7445=CARTESIAN_POINT('Ctrl Pts',(-83.2365528122637,7.15940212329071,10.));
#7446=CARTESIAN_POINT('Ctrl Pts',(-83.2054103223895,7.0499811494498,10.));
#7447=CARTESIAN_POINT('',(-81.1223052822676,0.,0.593259862734998));
#7448=CARTESIAN_POINT('Ctrl Pts',(-81.1223065716333,-2.93305847409719E-6,
0.593259862734997));
#7449=CARTESIAN_POINT('Ctrl Pts',(-81.1222989770086,0.419741241769253,0.91173207817208));
#7450=CARTESIAN_POINT('Ctrl Pts',(-81.1370679568718,0.839786476162606,1.23200616065599));
#7451=CARTESIAN_POINT('Ctrl Pts',(-81.1662567683662,1.25907179579835,1.55337285140442));
#7452=CARTESIAN_POINT('Ctrl Pts',(-81.196139689531,1.68832771650099,1.8823816391202));
#7453=CARTESIAN_POINT('Ctrl Pts',(-81.2411359971981,2.11678673663038,2.21253561738641));
#7454=CARTESIAN_POINT('Ctrl Pts',(-81.3008198706433,2.54334433892708,2.54307371614915));
#7455=CARTESIAN_POINT('Ctrl Pts',(-81.3610320930421,2.97367802427333,2.87653788938636));
#7456=CARTESIAN_POINT('Ctrl Pts',(-81.4361925378283,3.40207615297354,3.21039301404286));
#7457=CARTESIAN_POINT('Ctrl Pts',(-81.5258280653005,3.82744429280914,3.54385762858973));
#7458=CARTESIAN_POINT('Ctrl Pts',(-81.6159195072158,4.25497598859261,3.87901834889217));
#7459=CARTESIAN_POINT('Ctrl Pts',(-81.7206331066732,4.67944650434032,4.21378457646817));
#7460=CARTESIAN_POINT('Ctrl Pts',(-81.8394606053787,5.09978913319117,4.54736286475912));
#7461=CARTESIAN_POINT('Ctrl Pts',(-81.9167488186227,5.37318991237198,4.76433006645806));
#7462=CARTESIAN_POINT('Ctrl Pts',(-82.0000073860114,5.64484530266788,4.98079470937263));
#7463=CARTESIAN_POINT('Ctrl Pts',(-82.0890918114741,5.91447267619878,5.19653846692041));
#7464=CARTESIAN_POINT('Ctrl Pts',(-82.218573539006,6.30636854276965,5.5101160006635));
#7465=CARTESIAN_POINT('Ctrl Pts',(-82.3604901746296,6.69442634835054,5.82241333221919));
#7466=CARTESIAN_POINT('Ctrl Pts',(-82.5146570888541,7.07763021385152,6.13386425285056));
#7467=CARTESIAN_POINT('Ctrl Pts',(-82.6687027918231,7.46053279147956,6.44507030020729));
#7468=CARTESIAN_POINT('Ctrl Pts',(-82.8349796538976,7.83858845373105,6.75543126707043));
#7469=CARTESIAN_POINT('Ctrl Pts',(-83.0132535617143,8.21077020326827,7.0653799223231));
#7470=CARTESIAN_POINT('Ctrl Pts',(-83.1903865211264,8.58056999922322,7.37334491418922));
#7471=CARTESIAN_POINT('Ctrl Pts',(-83.3793635405821,8.94457024132932,7.68090285512403));
#7472=CARTESIAN_POINT('Ctrl Pts',(-83.57990409856,9.30175907801909,7.98847825794643));
#7473=CARTESIAN_POINT('Ctrl Pts',(-83.777103851835,9.6529975066845,8.2909297628273));
#7474=CARTESIAN_POINT('Ctrl Pts',(-83.9854850688159,9.99764905266187,8.59339815264673));
#7475=CARTESIAN_POINT('Ctrl Pts',(-84.2047312523075,10.334755513505,8.89628707582188));
#7476=CARTESIAN_POINT('Ctrl Pts',(-84.3638962963882,10.5794829876415,9.11617381702288));
#7477=CARTESIAN_POINT('Ctrl Pts',(-84.5287864322979,10.820234065953,9.3362821898598));
#7478=CARTESIAN_POINT('Ctrl Pts',(-84.6992636912745,11.0566458308062,9.55676663092453));
#7479=CARTESIAN_POINT('Ctrl Pts',(-81.,1.00305874717321E-11,7.55895346316038E-12));
#7480=CARTESIAN_POINT('Ctrl Pts',(-81.041573475903,1.00288500992298E-11,
0.19759476474643));
#7481=CARTESIAN_POINT('Ctrl Pts',(-81.0823413886429,-5.59212284334524E-8,
0.395348560690498));
#7482=CARTESIAN_POINT('Ctrl Pts',(-81.1223065716333,-2.93305847776093E-6,
0.593259862734999));
#7483=CARTESIAN_POINT('Ctrl Pts',(-81.8917751306386,-2.03783374134656,2.70221589792597));
#7484=CARTESIAN_POINT('Ctrl Pts',(-81.5945167537591,-1.35855582756103,1.8014772652865));
#7485=CARTESIAN_POINT('Ctrl Pts',(-81.2972583768795,-0.679277913775502,
0.900738632647031));
#7486=CARTESIAN_POINT('Ctrl Pts',(-81.,1.00311163654177E-11,7.55858204866794E-12));
#7487=CARTESIAN_POINT('Ctrl Pts',(-84.044188853352,-128.439897524292,94.2071451393309));
#7488=CARTESIAN_POINT('Ctrl Pts',(-93.0063478695958,-129.550923794768,93.2056396806521));
#7489=CARTESIAN_POINT('Ctrl Pts',(-113.852992563059,-129.939952031552,90.8687936104015));
#7490=CARTESIAN_POINT('Ctrl Pts',(-134.503860579978,-125.376264859259,88.5319475401508));
#7491=CARTESIAN_POINT('Ctrl Pts',(-157.456265902817,-116.613137746311,85.8871136142622));
#7492=CARTESIAN_POINT('Ctrl Pts',(-174.723773665905,-107.009974921328,83.7046247570675));
#7493=CARTESIAN_POINT('Ctrl Pts',(-195.056837328119,-88.8951187047429,80.6491403569947));
#7494=CARTESIAN_POINT('Ctrl Pts',(-204.848262232088,-76.3398368325879,78.903149271239));
#7495=CARTESIAN_POINT('Ctrl Pts',(-215.724159836148,-59.2269550639812,76.7203734251442));
#7496=CARTESIAN_POINT('Ctrl Pts',(-223.841657514427,-41.2084684895983,74.5374062531162));
#7497=CARTESIAN_POINT('Ctrl Pts',(-229.333297371862,-14.5300319371911,71.4812522122769));
#7498=CARTESIAN_POINT('Ctrl Pts',(-229.688178888168,1.39147814046199,69.7348784746545));
#7499=CARTESIAN_POINT('Ctrl Pts',(-228.189994057304,21.6172938250527,67.5516175214767));
#7500=CARTESIAN_POINT('Ctrl Pts',(-223.937279031226,40.9214441774378,65.368160714199));
#7501=CARTESIAN_POINT('Ctrl Pts',(-212.403394677017,65.6032131643751,62.3113211840104));
#7502=CARTESIAN_POINT('Ctrl Pts',(-203.175088618034,78.5868498147476,60.5645557381883));
#7503=CARTESIAN_POINT('Ctrl Pts',(-189.888036115387,93.9158832849389,58.3807983417395));
#7504=CARTESIAN_POINT('Ctrl Pts',(-174.941803960237,106.859076632644,56.19684055251));
#7505=CARTESIAN_POINT('Ctrl Pts',(-150.941395024958,119.763775643826,53.1392996475886));
#7506=CARTESIAN_POINT('Ctrl Pts',(-135.780399398358,124.662695154265,51.3921334162049));
#7507=CARTESIAN_POINT('Ctrl Pts',(-115.962021325057,129.016812313916,49.2078682136208));
#7508=CARTESIAN_POINT('Ctrl Pts',(-96.2388544120036,130.4649966092,47.0233980688003));
#7509=CARTESIAN_POINT('Ctrl Pts',(-69.277274408395,126.469706603874,43.9651398660516));
#7510=CARTESIAN_POINT('Ctrl Pts',(-54.1900253033981,121.336326723184,42.2175637501952));
#7511=CARTESIAN_POINT('Ctrl Pts',(-35.6932481326935,112.9815873577,40.032779351282));
#7512=CARTESIAN_POINT('Ctrl Pts',(-19.0104321019499,102.352721397857,37.8477854496403));
#7513=CARTESIAN_POINT('Ctrl Pts',(0.222129701004896,83.0306211855484,34.7887939873418));
#7514=CARTESIAN_POINT('Ctrl Pts',(9.25160654840736,69.8940527127481,33.0407988660284));
#7515=CARTESIAN_POINT('Ctrl Pts',(17.12126366824,55.6874897225815,31.2925896701941));
#7516=CARTESIAN_POINT('Ctrl Pts',(23.4841567116502,41.0687828106643,29.5441663998388));
#7517=CARTESIAN_POINT('Ctrl Pts',(29.718581810566,14.5230622651265,26.484425676717));
#7518=CARTESIAN_POINT('Ctrl Pts',(29.9096536952556,-5.26446394835667,24.2988965887729));
#7519=CARTESIAN_POINT('Ctrl Pts',(28.2705080883053,-17.3357222978874,22.9875791360064));
#7520=CARTESIAN_POINT('Ctrl Pts',(-84.7767869611994,-128.325525153677,95.1078837719704));
#7521=CARTESIAN_POINT('Ctrl Pts',(-93.7309503868273,-129.385426887568,94.1063783132916));
#7522=CARTESIAN_POINT('Ctrl Pts',(-114.547013826991,-129.659391071295,91.7695322430409));
#7523=CARTESIAN_POINT('Ctrl Pts',(-135.140325599115,-124.989360010715,89.4326861727903));
#7524=CARTESIAN_POINT('Ctrl Pts',(-158.00798459087,-116.112937114293,86.7878522469017));
#7525=CARTESIAN_POINT('Ctrl Pts',(-175.195583912887,-106.429907136312,84.605363389707));
#7526=CARTESIAN_POINT('Ctrl Pts',(-195.397212968641,-88.2318414501902,81.5498789896342));
#7527=CARTESIAN_POINT('Ctrl Pts',(-205.104033565877,-75.6423208913302,79.8038879038784));
#7528=CARTESIAN_POINT('Ctrl Pts',(-215.868002307761,-58.4962665317039,77.6211120577837));
#7529=CARTESIAN_POINT('Ctrl Pts',(-223.873685381843,-40.4614332375829,75.4381448857556));
#7530=CARTESIAN_POINT('Ctrl Pts',(-229.210177172673,-13.7947522010435,72.3819908449164));
#7531=CARTESIAN_POINT('Ctrl Pts',(-229.476732286887,2.10368513807947,70.6356171072939));
#7532=CARTESIAN_POINT('Ctrl Pts',(-227.868936601801,22.2892467666326,68.4523561541161));
#7533=CARTESIAN_POINT('Ctrl Pts',(-223.516757183328,41.5397101625772,66.2688993468385));
#7534=CARTESIAN_POINT('Ctrl Pts',(-211.865440516626,66.1193554291994,63.2120598166499));
#7535=CARTESIAN_POINT('Ctrl Pts',(-202.580068301762,79.0317097131377,61.4652943708278));
#7536=CARTESIAN_POINT('Ctrl Pts',(-189.229143339843,94.2629585884237,59.281536974379));
#7537=CARTESIAN_POINT('Ctrl Pts',(-174.235208381898,107.103654301275,57.0975791851494));
#7538=CARTESIAN_POINT('Ctrl Pts',(-150.201634472726,119.856266431242,54.040038280228));
#7539=CARTESIAN_POINT('Ctrl Pts',(-135.037466634739,124.663908530708,52.2928720488444));
#7540=CARTESIAN_POINT('Ctrl Pts',(-115.226298189316,128.901422595542,50.1086068462603));
#7541=CARTESIAN_POINT('Ctrl Pts',(-95.5261305692627,130.238889423443,47.9241367014398));
#7542=CARTESIAN_POINT('Ctrl Pts',(-68.6288536995148,126.101802308109,44.8658784986911));
#7543=CARTESIAN_POINT('Ctrl Pts',(-53.5936202888032,120.893322542616,43.1183023828347));
#7544=CARTESIAN_POINT('Ctrl Pts',(-35.1723262557291,112.449378625569,40.9335179839215));
#7545=CARTESIAN_POINT('Ctrl Pts',(-18.5741399665569,101.745470880989,38.7485240822797));
#7546=CARTESIAN_POINT('Ctrl Pts',(0.522086736627415,82.3481026204948,35.6895326199813));
#7547=CARTESIAN_POINT('Ctrl Pts',(9.46495261186682,69.1824093969367,33.9415374986679));
#7548=CARTESIAN_POINT('Ctrl Pts',(17.2435660155209,54.95468960088,32.1933283028335));
#7549=CARTESIAN_POINT('Ctrl Pts',(23.5158574451187,40.3239313026224,30.4449050324783));
#7550=CARTESIAN_POINT('Ctrl Pts',(29.5946917509004,13.7856616635096,27.3851643093565));
#7551=CARTESIAN_POINT('Ctrl Pts',(29.6766929276739,-5.9718093290243,25.1996352214124));
#7552=CARTESIAN_POINT('Ctrl Pts',(27.9732497114257,-18.0150002116729,23.8883177686459));
#7553=CARTESIAN_POINT('Ctrl Pts',(-85.5093850690469,-128.211152783061,96.0086224046099));
#7554=CARTESIAN_POINT('Ctrl Pts',(-94.4556078463972,-129.22001120909,95.007116945931));
#7555=CARTESIAN_POINT('Ctrl Pts',(-115.240975596532,-129.378894831345,92.6702708756804));
#7556=CARTESIAN_POINT('Ctrl Pts',(-135.776871050403,-124.602223509246,90.3334248054298));
#7557=CARTESIAN_POINT('Ctrl Pts',(-158.559942023963,-115.61273730545,87.6885908795411));
#7558=CARTESIAN_POINT('Ctrl Pts',(-175.667297495951,-105.849835187213,85.5061020223464));
#7559=CARTESIAN_POINT('Ctrl Pts',(-195.737641943854,-87.5685629575545,82.4506176222737));
#7560=CARTESIAN_POINT('Ctrl Pts',(-205.359806301312,-74.9447804049159,80.7046265365179));
#7561=CARTESIAN_POINT('Ctrl Pts',(-216.012036974762,-57.7654359777183,78.5218506904232));
#7562=CARTESIAN_POINT('Ctrl Pts',(-223.905633127379,-39.7144524267981,76.3388835183951));
#7563=CARTESIAN_POINT('Ctrl Pts',(-229.087099062526,-13.0594395938848,73.2827294775558));
#7564=CARTESIAN_POINT('Ctrl Pts',(-229.265272137569,2.81591266345507,71.5363557399334));
#7565=CARTESIAN_POINT('Ctrl Pts',(-227.547948564773,22.9614286240327,69.3530947867556));
#7566=CARTESIAN_POINT('Ctrl Pts',(-223.09620354473,42.15788452132,67.169637979478));
#7567=CARTESIAN_POINT('Ctrl Pts',(-211.327500501793,66.6355492489793,64.1127984492893));
#7568=CARTESIAN_POINT('Ctrl Pts',(-201.985024844961,79.4765779766265,62.3660330034673));
#7569=CARTESIAN_POINT('Ctrl Pts',(-188.570169429877,94.6102591773522,60.1822756070185));
#7570=CARTESIAN_POINT('Ctrl Pts',(-173.52864207352,107.348139381716,57.9983178177889));
#7571=CARTESIAN_POINT('Ctrl Pts',(-149.461854451767,119.948807069941,54.9407769128675));
#7572=CARTESIAN_POINT('Ctrl Pts',(-134.294510309313,124.665114777414,53.1936106814839));
#7573=CARTESIAN_POINT('Ctrl Pts',(-114.490375197341,128.786165208508,51.0093454788997));
#7574=CARTESIAN_POINT('Ctrl Pts',(-94.8134856135543,130.012725404783,48.8248753340792));
#7575=CARTESIAN_POINT('Ctrl Pts',(-67.9803875466077,125.733926390969,45.7666171313306));
#7576=CARTESIAN_POINT('Ctrl Pts',(-52.9972006439065,120.450298550657,44.0190410154742));
#7577=CARTESIAN_POINT('Ctrl Pts',(-34.6511648015666,111.917156571238,41.8342566165609));
#7578=CARTESIAN_POINT('Ctrl Pts',(-18.1379451712904,101.138221935153,39.6492627149192));
#7579=CARTESIAN_POINT('Ctrl Pts',(0.82209722875776,81.6655796524467,36.5902712526208));
#7580=CARTESIAN_POINT('Ctrl Pts',(9.6782985534515,68.4707414421471,34.8422761313074));
#7581=CARTESIAN_POINT('Ctrl Pts',(17.3658793500096,54.2218674123557,33.094066935473));
#7582=CARTESIAN_POINT('Ctrl Pts',(23.5475120804679,39.579052252208,31.3456436651177));
#7583=CARTESIAN_POINT('Ctrl Pts',(29.4708884889303,13.0483054324362,28.285902941996));
#7584=CARTESIAN_POINT('Ctrl Pts',(29.4435227501402,-6.67927237732177,26.1003738540518));
#7585=CARTESIAN_POINT('Ctrl Pts',(27.6759913345462,-18.6942781254584,24.7890564012854));
#7586=CARTESIAN_POINT('Ctrl Pts',(-86.2419831768943,-128.096780412446,96.9093610372494));
#7587=CARTESIAN_POINT('Ctrl Pts',(-95.1802103636287,-129.05451430189,95.9078555785705));
#7588=CARTESIAN_POINT('Ctrl Pts',(-115.934996860464,-129.098333871087,93.5710095083199));
#7589=CARTESIAN_POINT('Ctrl Pts',(-136.413336069539,-124.215318660702,91.2341634380692));
#7590=CARTESIAN_POINT('Ctrl Pts',(-159.111660712017,-115.112536673432,88.5893295121806));
#7591=CARTESIAN_POINT('Ctrl Pts',(-176.139107742933,-105.269767402198,86.4068406549858));
#7592=CARTESIAN_POINT('Ctrl Pts',(-196.078017584376,-86.9052857030018,83.3513562549132));
#7593=CARTESIAN_POINT('Ctrl Pts',(-205.615577635101,-74.2472644636581,81.6053651691574));
#7594=CARTESIAN_POINT('Ctrl Pts',(-216.155879446375,-57.034747445441,79.4225893230626));
#7595=CARTESIAN_POINT('Ctrl Pts',(-223.937660994795,-38.9674171747827,77.2396221510346));
#7596=CARTESIAN_POINT('Ctrl Pts',(-228.963978863337,-12.3241598577372,74.1834681101953));
#7597=CARTESIAN_POINT('Ctrl Pts',(-229.053825536288,3.52811966107255,72.4370943725729));
#7598=CARTESIAN_POINT('Ctrl Pts',(-227.22689110927,23.6333815656126,70.2538334193951));
#7599=CARTESIAN_POINT('Ctrl Pts',(-222.675681696832,42.7761505064593,68.0703766121175));
#7600=CARTESIAN_POINT('Ctrl Pts',(-210.789546341401,67.1516915138036,65.0135370819288));
#7601=CARTESIAN_POINT('Ctrl Pts',(-201.39000452869,79.9214378750165,63.2667716361067));
#7602=CARTESIAN_POINT('Ctrl Pts',(-187.911276654333,94.957334480837,61.083014239658));
#7603=CARTESIAN_POINT('Ctrl Pts',(-172.822046495181,107.592717050347,58.8990564504284));
#7604=CARTESIAN_POINT('Ctrl Pts',(-148.722093899535,120.041297857357,55.841515545507));
#7605=CARTESIAN_POINT('Ctrl Pts',(-133.551577545694,124.666328153857,54.0943493141233));
#7606=CARTESIAN_POINT('Ctrl Pts',(-113.7546520616,128.670775490134,51.9100841115392));
#7607=CARTESIAN_POINT('Ctrl Pts',(-94.1007617708134,129.786618219026,49.7256139667187));
#7608=CARTESIAN_POINT('Ctrl Pts',(-67.3319668377275,125.366022095204,46.6673557639701));
#7609=CARTESIAN_POINT('Ctrl Pts',(-52.4007956293115,120.007294370089,44.9197796481136));
#7610=CARTESIAN_POINT('Ctrl Pts',(-34.1302429246023,111.384947839107,42.7349952492004));
#7611=CARTESIAN_POINT('Ctrl Pts',(-17.7016530358974,100.530971418285,40.5500013475586));
#7612=CARTESIAN_POINT('Ctrl Pts',(1.12205426438028,80.9830610873931,37.4910098852602));
#7613=CARTESIAN_POINT('Ctrl Pts',(9.89164461691096,67.7590981263358,35.7430147639468));
#7614=CARTESIAN_POINT('Ctrl Pts',(17.4881816972905,53.4890672906543,33.9948055681125));
#7615=CARTESIAN_POINT('Ctrl Pts',(23.5792128139363,38.834200744166,32.2463822977572));
#7616=CARTESIAN_POINT('Ctrl Pts',(29.3469984292646,12.3109048308192,29.1866415746354));
#7617=CARTESIAN_POINT('Ctrl Pts',(29.2105619825584,-7.38661775798939,27.0011124866913));
#7618=CARTESIAN_POINT('Ctrl Pts',(27.3787329576666,-19.373556039244,25.6897950339248));
#7619=CARTESIAN_POINT('',(-86.2419831768943,-128.096780412446,96.9093610372494));
#7620=CARTESIAN_POINT('',(-84.0441888533519,-128.439897524292,94.2071451393309));
#7621=CARTESIAN_POINT('Ctrl Pts',(-86.2419831768943,-128.096780412446,96.9093610372494));
#7622=CARTESIAN_POINT('Ctrl Pts',(-95.1802103636287,-129.05451430189,95.9078555785705));
#7623=CARTESIAN_POINT('Ctrl Pts',(-115.934996860464,-129.098333871087,93.5710095083199));
#7624=CARTESIAN_POINT('Ctrl Pts',(-136.413336069539,-124.215318660702,91.2341634380692));
#7625=CARTESIAN_POINT('Ctrl Pts',(-147.873349710182,-119.619472606642,89.8988299566194));
#7626=CARTESIAN_POINT('Ctrl Pts',(-147.873351163819,-119.619472023685,89.89882978724));
#7627=CARTESIAN_POINT('Ctrl Pts',(-147.873352617456,-119.619471440728,89.8988296178606));
#7628=CARTESIAN_POINT('Ctrl Pts',(28.2705080883053,-17.3357222978874,22.9875791360064));
#7629=CARTESIAN_POINT('Ctrl Pts',(27.9732497114257,-18.0150002116729,23.8883177686459));
#7630=CARTESIAN_POINT('Ctrl Pts',(27.6759913345462,-18.6942781254584,24.7890564012854));
#7631=CARTESIAN_POINT('Ctrl Pts',(27.3787329576666,-19.373556039244,25.6897950339248));
#7632=CARTESIAN_POINT('Ctrl Pts',(-86.2419831768943,-128.096780412446,96.9093610372494));
#7633=CARTESIAN_POINT('Ctrl Pts',(-95.1802103636287,-129.05451430189,95.9078555785705));
#7634=CARTESIAN_POINT('Ctrl Pts',(-115.936193668065,-129.100785519952,93.5710095083199));
#7635=CARTESIAN_POINT('Ctrl Pts',(-136.413336069539,-124.215318660702,91.2341634380692));
#7636=CARTESIAN_POINT('Ctrl Pts',(-147.873348222181,-119.619475059474,89.8988228264975));
#7637=CARTESIAN_POINT('Ctrl Pts',(-89.908795522306,-91.6592641900991,89.3003336819019));
#7638=CARTESIAN_POINT('Ctrl Pts',(-96.3055685061652,-92.361244213403,88.2988282232231));
#7639=CARTESIAN_POINT('Ctrl Pts',(-111.180150943537,-92.4355352932929,85.9619821529725));
#7640=CARTESIAN_POINT('Ctrl Pts',(-125.853723250951,-88.9723939688419,83.6251360827218));
#7641=CARTESIAN_POINT('Ctrl Pts',(-134.048832757794,-85.7075173836751,82.28979547115));
#7642=CARTESIAN_POINT('Ctrl Pts',(-93.5756078677176,-55.2217479677524,81.6913063265545));
#7643=CARTESIAN_POINT('Ctrl Pts',(-97.4309266487016,-55.6679741249164,80.6898008678757));
#7644=CARTESIAN_POINT('Ctrl Pts',(-106.42410821901,-55.7702850666341,78.352954797625));
#7645=CARTESIAN_POINT('Ctrl Pts',(-115.294110432363,-53.7294692769815,76.0161087273744));
#7646=CARTESIAN_POINT('Ctrl Pts',(-120.224317293407,-51.7955597078761,74.6807681158026));
#7647=CARTESIAN_POINT('Ctrl Pts',(-97.2424202131293,-18.7842317454057,74.0822789712071));
#7648=CARTESIAN_POINT('Ctrl Pts',(-98.5562847912381,-18.9747040364298,73.0807735125283));
#7649=CARTESIAN_POINT('Ctrl Pts',(-101.668065494483,-19.1050348399752,70.7439274422776));
#7650=CARTESIAN_POINT('Ctrl Pts',(-104.734497613775,-18.4865445851212,68.407081372027));
#7651=CARTESIAN_POINT('Ctrl Pts',(-106.399801829021,-17.8836020320772,67.0717407604552));
#7652=CARTESIAN_POINT('',(-86.2419831768943,-128.096780412446,96.9093610372494));
#7653=CARTESIAN_POINT('Origin',(-26.8106335211667,-9.68677801961695,12.8448975169662));
#7654=CARTESIAN_POINT('Ctrl Pts',(-86.1470865021805,-12.9927019013422,443.702686118642));
#7655=CARTESIAN_POINT('Ctrl Pts',(-84.9552343989617,-11.7313699661487,445.011208847885));
#7656=CARTESIAN_POINT('Ctrl Pts',(-83.2796258791893,-9.34247208977729,447.19208006329));
#7657=CARTESIAN_POINT('Ctrl Pts',(-81.7474849830437,-5.57854779781449,450.245299764858));
#7658=CARTESIAN_POINT('Ctrl Pts',(-81.2663670907785,-3.30750536340838,451.989996737182));
#7659=CARTESIAN_POINT('Ctrl Pts',(-81.1306069952417,-2.15859276084873,452.862345223344));
#7660=CARTESIAN_POINT('Ctrl Pts',(-60.5483393909555,-39.1821169275026,451.311836055502));
#7661=CARTESIAN_POINT('Ctrl Pts',(-56.8857960458603,-35.5058169516889,452.620358784745));
#7662=CARTESIAN_POINT('Ctrl Pts',(-51.8203706763905,-28.6862402851601,454.80123000015));
#7663=CARTESIAN_POINT('Ctrl Pts',(-47.067075856854,-17.9533067582426,457.854449701718));
#7664=CARTESIAN_POINT('Ctrl Pts',(-45.4574865933585,-11.3206477542655,459.599146674042));
#7665=CARTESIAN_POINT('Ctrl Pts',(-44.9608270109389,-7.8969138536471,460.471495160204));
#7666=CARTESIAN_POINT('Ctrl Pts',(-34.9495922797306,-65.3715319536629,458.920985992363));
#7667=CARTESIAN_POINT('Ctrl Pts',(-28.8163576927589,-59.2802639372292,460.229508721606));
#7668=CARTESIAN_POINT('Ctrl Pts',(-20.3611154735917,-48.0300084805429,462.410379937011));
#7669=CARTESIAN_POINT('Ctrl Pts',(-12.3866667306643,-30.3280657186707,465.463599638578));
#7670=CARTESIAN_POINT('Ctrl Pts',(-9.64860609593851,-19.3337901451227,467.208296610902));
#7671=CARTESIAN_POINT('Ctrl Pts',(-8.79104702663615,-13.6352349464455,468.080645097064));
#7672=CARTESIAN_POINT('Ctrl Pts',(-9.35084516850557,-91.5609469798233,466.530135929223));
#7673=CARTESIAN_POINT('Ctrl Pts',(-0.746919339657498,-83.0547109227695,
467.838658658466));
#7674=CARTESIAN_POINT('Ctrl Pts',(11.0981397292071,-67.3737766759257,470.019529873871));
#7675=CARTESIAN_POINT('Ctrl Pts',(22.2937423955255,-42.7028246790988,473.072749575439));
#7676=CARTESIAN_POINT('Ctrl Pts',(26.1602744014815,-27.3469325359799,474.817446547763));
#7677=CARTESIAN_POINT('Ctrl Pts',(27.3787329576666,-19.3735560392439,475.689795033925));
#7678=CARTESIAN_POINT('',(-9.35084516850557,-91.5609469798233,466.530135929223));
#7679=CARTESIAN_POINT('Ctrl Pts',(-9.35084516850557,-91.5609469798233,466.530135929223));
#7680=CARTESIAN_POINT('Ctrl Pts',(-34.9478336769888,-65.3733311345709,458.921508731694));
#7681=CARTESIAN_POINT('Ctrl Pts',(-60.5448221854721,-39.1857152893184,451.312881534164));
#7682=CARTESIAN_POINT('Ctrl Pts',(-86.1418106939554,-12.998099444066,443.704254336635));
#7683=CARTESIAN_POINT('',(27.3787329576666,-19.3735560392439,475.689795033925));
#7684=CARTESIAN_POINT('Ctrl Pts',(-9.35084516850557,-91.5609469798233,466.530135929223));
#7685=CARTESIAN_POINT('Ctrl Pts',(-0.746919339657498,-83.0547109227695,
467.838658658466));
#7686=CARTESIAN_POINT('Ctrl Pts',(11.0981397292071,-67.3737766759257,470.019529873871));
#7687=CARTESIAN_POINT('Ctrl Pts',(22.2937423955255,-42.7028246790988,473.072749575439));
#7688=CARTESIAN_POINT('Ctrl Pts',(26.1602744014815,-27.3469325359799,474.817446547763));
#7689=CARTESIAN_POINT('Ctrl Pts',(27.3787329576666,-19.3735560392439,475.689795033925));
#7690=CARTESIAN_POINT('Ctrl Pts',(-81.1231525357747,-2.15977540785441,452.863913441337));
#7691=CARTESIAN_POINT('Ctrl Pts',(-44.9558573712943,-7.89770228498423,460.472540638866));
#7692=CARTESIAN_POINT('Ctrl Pts',(-8.78856220681384,-13.635629162114,468.081167836396));
#7693=CARTESIAN_POINT('Ctrl Pts',(27.3787329576666,-19.3735560392439,475.689795033925));
#7694=CARTESIAN_POINT('Ctrl Pts',(-96.7150767803457,-18.7060781357396,434.483828265761));
#7695=CARTESIAN_POINT('Ctrl Pts',(-94.9937153189079,-18.410468069896,435.800803707768));
#7696=CARTESIAN_POINT('Ctrl Pts',(-92.2024792242246,-17.4963333253958,437.99576277778));
#7697=CARTESIAN_POINT('Ctrl Pts',(-88.7005722700993,-15.382897960335,441.068705475797));
#7698=CARTESIAN_POINT('Ctrl Pts',(-86.9469220628685,-13.8388783454864,442.824672731807));
#7699=CARTESIAN_POINT('Ctrl Pts',(-86.1471866170113,-12.9925994764524,443.702656359812));
#7700=CARTESIAN_POINT('Ctrl Pts',(-91.9531534661767,-55.0173559467811,442.092988122231));
#7701=CARTESIAN_POINT('Ctrl Pts',(-86.7827275308065,-54.2694296442036,443.409963564238));
#7702=CARTESIAN_POINT('Ctrl Pts',(-78.5878497290052,-51.8299187094929,445.604922634251));
#7703=CARTESIAN_POINT('Ctrl Pts',(-68.2936731168951,-46.0360369104475,448.677865332268));
#7704=CARTESIAN_POINT('Ctrl Pts',(-63.0065629514236,-41.6493453652473,450.433832588278));
#7705=CARTESIAN_POINT('Ctrl Pts',(-60.5484061341761,-39.1820486442427,451.311816216282));
#7706=CARTESIAN_POINT('Ctrl Pts',(-87.1912301520078,-91.3286337578226,449.702147978701));
#7707=CARTESIAN_POINT('Ctrl Pts',(-78.571739742705,-90.1283912185111,451.019123420709));
#7708=CARTESIAN_POINT('Ctrl Pts',(-64.9732202337857,-86.1635040935899,453.214082490721));
#7709=CARTESIAN_POINT('Ctrl Pts',(-47.886773963691,-76.68917586056,456.287025188738));
#7710=CARTESIAN_POINT('Ctrl Pts',(-39.0662038399787,-69.4598123850082,458.042992444748));
#7711=CARTESIAN_POINT('Ctrl Pts',(-34.9496256513408,-65.371497812033,458.920976072753));
#7712=CARTESIAN_POINT('Ctrl Pts',(-82.4293068378388,-127.639911568864,457.311307835172));
#7713=CARTESIAN_POINT('Ctrl Pts',(-70.3607519546036,-125.987352792819,458.628283277179));
#7714=CARTESIAN_POINT('Ctrl Pts',(-51.3585907385663,-120.497089477687,460.823242347191));
#7715=CARTESIAN_POINT('Ctrl Pts',(-27.4798748104868,-107.342314810672,463.896185045208));
#7716=CARTESIAN_POINT('Ctrl Pts',(-15.1258447285338,-97.2702794047691,465.652152301218));
#7717=CARTESIAN_POINT('Ctrl Pts',(-9.35084516850557,-91.5609469798233,466.530135929223));
#7718=CARTESIAN_POINT('',(-82.4293068378388,-127.639911568864,457.311307835172));
#7719=CARTESIAN_POINT('Ctrl Pts',(-82.4293068378388,-127.639911568864,457.311307835172));
#7720=CARTESIAN_POINT('Ctrl Pts',(-87.1908968062669,-91.3311756319783,449.702680637642));
#7721=CARTESIAN_POINT('Ctrl Pts',(-91.952486774695,-55.0224396950924,442.094053440113));
#7722=CARTESIAN_POINT('Ctrl Pts',(-96.7140767431231,-18.7137037582066,434.485426242584));
#7723=CARTESIAN_POINT('Ctrl Pts',(-82.4293068378388,-127.639911568864,457.311307835172));
#7724=CARTESIAN_POINT('Ctrl Pts',(-70.3607519546036,-125.987352792819,458.628283277179));
#7725=CARTESIAN_POINT('Ctrl Pts',(-51.3585907385663,-120.497089477687,460.823242347191));
#7726=CARTESIAN_POINT('Ctrl Pts',(-27.4798748104868,-107.342314810672,463.896185045208));
#7727=CARTESIAN_POINT('Ctrl Pts',(-15.1258447285338,-97.2702794047691,465.652152301218));
#7728=CARTESIAN_POINT('Ctrl Pts',(-9.35084516850557,-91.5609469798233,466.530135929223));
#7729=CARTESIAN_POINT('Ctrl Pts',(-108.547857823844,-16.9601313781379,425.30685875542));
#7730=CARTESIAN_POINT('Ctrl Pts',(-106.998191665645,-17.7484222784402,426.617857411037));
#7731=CARTESIAN_POINT('Ctrl Pts',(-104.227544186607,-18.6815699997587,428.802855170397));
#7732=CARTESIAN_POINT('Ctrl Pts',(-100.176072934974,-19.0854404833382,431.861852033502));
#7733=CARTESIAN_POINT('Ctrl Pts',(-97.8574276967341,-18.9023954951892,433.609850240991));
#7734=CARTESIAN_POINT('Ctrl Pts',(-96.7150635888161,-18.7061787256199,434.483849344735));
#7735=CARTESIAN_POINT('Ctrl Pts',(-126.434821109062,-48.9169597164706,432.916011585566));
#7736=CARTESIAN_POINT('Ctrl Pts',(-121.864318343898,-51.3960815373933,434.227010241182));
#7737=CARTESIAN_POINT('Ctrl Pts',(-113.875161887139,-54.3309212212037,436.412008000543));
#7738=CARTESIAN_POINT('Ctrl Pts',(-102.213755856516,-55.8518700164155,439.471004863648));
#7739=CARTESIAN_POINT('Ctrl Pts',(-95.3838112943593,-55.5137316967735,441.219003071136));
#7740=CARTESIAN_POINT('Ctrl Pts',(-91.9531446718236,-55.0174230067013,442.09300217488));
#7741=CARTESIAN_POINT('Ctrl Pts',(-144.321784394279,-80.8737880548033,440.525164415712));
#7742=CARTESIAN_POINT('Ctrl Pts',(-136.730445022151,-85.0437407963465,441.836163071328));
#7743=CARTESIAN_POINT('Ctrl Pts',(-123.522779587671,-89.9802724426487,444.021160830689));
#7744=CARTESIAN_POINT('Ctrl Pts',(-104.251438778057,-92.6182995494927,447.080157693793));
#7745=CARTESIAN_POINT('Ctrl Pts',(-92.9101948919845,-92.1250678983578,448.828155901282));
#7746=CARTESIAN_POINT('Ctrl Pts',(-87.1912257548312,-91.3286672877827,449.702155005026));
#7747=CARTESIAN_POINT('Ctrl Pts',(-162.208747679496,-112.830616393136,448.134317245857));
#7748=CARTESIAN_POINT('Ctrl Pts',(-151.596571700404,-118.6914000553,449.445315901474));
#7749=CARTESIAN_POINT('Ctrl Pts',(-133.170397288202,-125.629623664094,451.630313660834));
#7750=CARTESIAN_POINT('Ctrl Pts',(-106.289121699598,-129.38472908257,454.689310523939));
#7751=CARTESIAN_POINT('Ctrl Pts',(-90.4365784896097,-128.736404099942,456.437308731427));
#7752=CARTESIAN_POINT('Ctrl Pts',(-82.4293068378388,-127.639911568864,457.311307835172));
#7753=CARTESIAN_POINT('',(-162.208747679496,-112.830616393136,448.134317245857));
#7754=CARTESIAN_POINT('Ctrl Pts',(-162.208747679496,-112.830616393136,448.134317245857));
#7755=CARTESIAN_POINT('Ctrl Pts',(-144.323020007694,-80.8759956003297,440.525690048328));
#7756=CARTESIAN_POINT('Ctrl Pts',(-126.437292335891,-48.9213748075234,432.917062850799));
#7757=CARTESIAN_POINT('Ctrl Pts',(-108.551564664088,-16.9667540147171,425.308435653269));
#7758=CARTESIAN_POINT('Ctrl Pts',(-162.208747679496,-112.830616393136,448.134317245857));
#7759=CARTESIAN_POINT('Ctrl Pts',(-151.596571700404,-118.6914000553,449.445315901474));
#7760=CARTESIAN_POINT('Ctrl Pts',(-133.170397288202,-125.629623664094,451.630313660834));
#7761=CARTESIAN_POINT('Ctrl Pts',(-106.289121699598,-129.38472908257,454.689310523939));
#7762=CARTESIAN_POINT('Ctrl Pts',(-90.4365784896097,-128.736404099942,456.437308731427));
#7763=CARTESIAN_POINT('Ctrl Pts',(-82.4293068378388,-127.639911568864,457.311307835172));
#7764=CARTESIAN_POINT('Ctrl Pts',(-117.015123225553,-8.43763313894527,416.087918517877));
#7765=CARTESIAN_POINT('Ctrl Pts',(-116.245073487436,-10.0052919601416,417.404906962522));
#7766=CARTESIAN_POINT('Ctrl Pts',(-114.579338447032,-12.4244103660518,419.599887703598));
#7767=CARTESIAN_POINT('Ctrl Pts',(-111.562328153248,-15.1862841081291,422.672860741103));
#7768=CARTESIAN_POINT('Ctrl Pts',(-109.585618141926,-16.4320825180727,424.428845333964));
#7769=CARTESIAN_POINT('Ctrl Pts',(-108.54780816489,-16.9600426575062,425.306837630394));
#7770=CARTESIAN_POINT('Ctrl Pts',(-150.500317746958,-23.2675543523506,423.697078389698));
#7771=CARTESIAN_POINT('Ctrl Pts',(-148.321617763048,-28.0158725185435,425.014066834343));
#7772=CARTESIAN_POINT('Ctrl Pts',(-143.665526877622,-35.1872897387273,427.209047575419));
#7773=CARTESIAN_POINT('Ctrl Pts',(-135.198423977297,-43.4244204223382,430.282020612925));
#7774=CARTESIAN_POINT('Ctrl Pts',(-129.496256101415,-47.2562529762992,432.038005205785));
#7775=CARTESIAN_POINT('Ctrl Pts',(-126.434788003092,-48.9169005693828,432.915997502215));
#7776=CARTESIAN_POINT('Ctrl Pts',(-183.985512268363,-38.0974755657559,431.306238261519));
#7777=CARTESIAN_POINT('Ctrl Pts',(-180.398162038661,-46.0264530769454,432.623226706165));
#7778=CARTESIAN_POINT('Ctrl Pts',(-172.751715308212,-57.9501691114027,434.81820744724));
#7779=CARTESIAN_POINT('Ctrl Pts',(-158.834519801346,-71.6625567365473,437.891180484746));
#7780=CARTESIAN_POINT('Ctrl Pts',(-149.406894060903,-78.0804234345257,439.647165077606));
#7781=CARTESIAN_POINT('Ctrl Pts',(-144.321767841294,-80.8737584812594,440.525157374036));
#7782=CARTESIAN_POINT('Ctrl Pts',(-217.470706789767,-52.9273967791612,438.91539813334));
#7783=CARTESIAN_POINT('Ctrl Pts',(-212.474706314273,-64.0370336353474,440.232386577986));
#7784=CARTESIAN_POINT('Ctrl Pts',(-201.837903738803,-80.7130484840782,442.427367319061));
#7785=CARTESIAN_POINT('Ctrl Pts',(-182.470615625395,-99.9006930507564,445.500340356567));
#7786=CARTESIAN_POINT('Ctrl Pts',(-169.317532020391,-108.904593892752,447.256324949427));
#7787=CARTESIAN_POINT('Ctrl Pts',(-162.208747679496,-112.830616393136,448.134317245857));
#7788=CARTESIAN_POINT('',(-217.470706789767,-52.9273967791612,438.91539813334));
#7789=CARTESIAN_POINT('Ctrl Pts',(-217.470706789767,-52.9273967791612,438.91539813334));
#7790=CARTESIAN_POINT('Ctrl Pts',(-183.987856377644,-38.0985137247529,431.306770935811));
#7791=CARTESIAN_POINT('Ctrl Pts',(-150.505005965521,-23.2696306703446,423.698143738282));
#7792=CARTESIAN_POINT('Ctrl Pts',(-117.022155553398,-8.44074761593633,416.089516540753));
#7793=CARTESIAN_POINT('Ctrl Pts',(-217.470706789767,-52.9273967791612,438.91539813334));
#7794=CARTESIAN_POINT('Ctrl Pts',(-212.474706314273,-64.0370336353474,440.232386577986));
#7795=CARTESIAN_POINT('Ctrl Pts',(-201.837903738803,-80.7130484840782,442.427367319061));
#7796=CARTESIAN_POINT('Ctrl Pts',(-182.470615625395,-99.9006930507564,445.500340356567));
#7797=CARTESIAN_POINT('Ctrl Pts',(-169.317532020391,-108.904593892752,447.256324949427));
#7798=CARTESIAN_POINT('Ctrl Pts',(-162.208747679496,-112.830616393136,448.134317245857));
#7799=CARTESIAN_POINT('Ctrl Pts',(-118.691611614118,3.38570341761918,406.927923061368));
#7800=CARTESIAN_POINT('Ctrl Pts',(-119.007351692441,1.67878899173709,408.236596498772));
#7801=CARTESIAN_POINT('Ctrl Pts',(-119.116729878654,-1.23796544275547,410.417718894446));
#7802=CARTESIAN_POINT('Ctrl Pts',(-118.358451071646,-5.2315954740507,413.47129024839));
#7803=CARTESIAN_POINT('Ctrl Pts',(-117.528544733619,-7.40035316484693,415.21618816493));
#7804=CARTESIAN_POINT('Ctrl Pts',(-117.018285550884,-8.43903366942381,416.0886371232));
#7805=CARTESIAN_POINT('Ctrl Pts',(-154.408916472537,11.4711539155777,414.536843398081));
#7806=CARTESIAN_POINT('Ctrl Pts',(-155.487525525904,6.39428208837023,415.845516835486));
#7807=CARTESIAN_POINT('Ctrl Pts',(-156.036588633026,-2.0842485702964,418.02663923116));
#7808=CARTESIAN_POINT('Ctrl Pts',(-154.197280575137,-13.6794789622785,421.080210585104));
#7809=CARTESIAN_POINT('Ctrl Pts',(-151.945466043862,-20.1236365482873,422.825108501643));
#7810=CARTESIAN_POINT('Ctrl Pts',(-150.502425963845,-23.2684880393363,423.697557459913));
#7811=CARTESIAN_POINT('Ctrl Pts',(-190.126221330957,19.5566044135362,422.145763734795));
#7812=CARTESIAN_POINT('Ctrl Pts',(-191.967699359366,11.1097751850034,423.4544371722));
#7813=CARTESIAN_POINT('Ctrl Pts',(-192.956447387399,-2.93053169783733,425.635559567874));
#7814=CARTESIAN_POINT('Ctrl Pts',(-190.036110078629,-22.1273624505063,428.689130921818));
#7815=CARTESIAN_POINT('Ctrl Pts',(-186.362387354105,-32.8469199317276,430.434028838357));
#7816=CARTESIAN_POINT('Ctrl Pts',(-183.986566376806,-38.0979424092488,431.306477796627));
#7817=CARTESIAN_POINT('Ctrl Pts',(-225.843526189376,27.6420549114947,429.754684071509));
#7818=CARTESIAN_POINT('Ctrl Pts',(-228.447873192829,15.8252682816365,431.063357508913));
#7819=CARTESIAN_POINT('Ctrl Pts',(-229.876306141772,-3.77681482537826,433.244479904587));
#7820=CARTESIAN_POINT('Ctrl Pts',(-225.87493958212,-30.5752459387342,436.298051258531));
#7821=CARTESIAN_POINT('Ctrl Pts',(-220.779308664348,-45.570203315168,438.042949175071));
#7822=CARTESIAN_POINT('Ctrl Pts',(-217.470706789767,-52.9273967791612,438.91539813334));
#7823=CARTESIAN_POINT('',(-225.843526189376,27.6420549114944,429.754684071509));
#7824=CARTESIAN_POINT('Ctrl Pts',(-225.843526189376,27.6420549114947,429.754684071509));
#7825=CARTESIAN_POINT('Ctrl Pts',(-190.127597366077,19.5569159113912,422.146056873979));
#7826=CARTESIAN_POINT('Ctrl Pts',(-154.411668542778,11.4717769112878,414.53742967645));
#7827=CARTESIAN_POINT('Ctrl Pts',(-118.69573971948,3.38663791118432,406.928802478921));
#7828=CARTESIAN_POINT('Ctrl Pts',(-225.843526189376,27.6420549114947,429.754684071509));
#7829=CARTESIAN_POINT('Ctrl Pts',(-228.447873192829,15.8252682816365,431.063357508913));
#7830=CARTESIAN_POINT('Ctrl Pts',(-229.876306141772,-3.77681482537826,433.244479904587));
#7831=CARTESIAN_POINT('Ctrl Pts',(-225.87493958212,-30.5752459387342,436.298051258531));
#7832=CARTESIAN_POINT('Ctrl Pts',(-220.779308664348,-45.570203315168,438.042949175071));
#7833=CARTESIAN_POINT('Ctrl Pts',(-217.470706789767,-52.9273967791612,438.91539813334));
#7834=CARTESIAN_POINT('Ctrl Pts',(-112.958983768704,13.8844038121507,397.750232764688));
#7835=CARTESIAN_POINT('Ctrl Pts',(-114.234433229807,12.7028379516005,399.061231738297));
#7836=CARTESIAN_POINT('Ctrl Pts',(-116.067940067892,10.4256659026902,401.246230027647));
#7837=CARTESIAN_POINT('Ctrl Pts',(-117.847629276997,6.76366601436601,404.305227632736));
#7838=CARTESIAN_POINT('Ctrl Pts',(-118.477502213185,4.52471919837646,406.053226264215));
#7839=CARTESIAN_POINT('Ctrl Pts',(-118.688337541694,3.38496225445983,406.927225579955));
#7840=CARTESIAN_POINT('Ctrl Pts',(-136.761035767168,41.7168426885051,405.359385595206));
#7841=CARTESIAN_POINT('Ctrl Pts',(-140.667449445501,38.2852998358981,406.670384568815));
#7842=CARTESIAN_POINT('Ctrl Pts',(-146.183415465209,31.8034640532326,408.855382858165));
#7843=CARTESIAN_POINT('Ctrl Pts',(-151.642297048639,21.3870250427517,411.914380463253));
#7844=CARTESIAN_POINT('Ctrl Pts',(-153.68634478615,14.8613590835957,413.662379094733));
#7845=CARTESIAN_POINT('Ctrl Pts',(-154.406733757588,11.4706598068047,414.536378410473));
#7846=CARTESIAN_POINT('Ctrl Pts',(-160.563087765632,69.5492815648594,412.968538425724));
#7847=CARTESIAN_POINT('Ctrl Pts',(-167.100465661196,63.8677617201957,414.279537399333));
#7848=CARTESIAN_POINT('Ctrl Pts',(-176.298890862526,53.1812622037751,416.464535688683));
#7849=CARTESIAN_POINT('Ctrl Pts',(-185.436964820282,36.0103840711375,419.523533293771));
#7850=CARTESIAN_POINT('Ctrl Pts',(-188.895187359115,25.1979989688149,421.271531925251));
#7851=CARTESIAN_POINT('Ctrl Pts',(-190.125129973482,19.5563573591496,422.145531240991));
#7852=CARTESIAN_POINT('Ctrl Pts',(-184.365139764097,97.3817204412137,420.577691256242));
#7853=CARTESIAN_POINT('Ctrl Pts',(-193.533481876891,89.4502236044933,421.888690229851));
#7854=CARTESIAN_POINT('Ctrl Pts',(-206.414366259843,74.5590603543175,424.0736885192));
#7855=CARTESIAN_POINT('Ctrl Pts',(-219.231632591924,50.6337430995232,427.132686124289));
#7856=CARTESIAN_POINT('Ctrl Pts',(-224.10402993208,35.534638854034,428.880684755769));
#7857=CARTESIAN_POINT('Ctrl Pts',(-225.843526189376,27.6420549114944,429.754684071509));
#7858=CARTESIAN_POINT('',(-184.365139764097,97.3817204412138,420.577691256242));
#7859=CARTESIAN_POINT('Ctrl Pts',(-184.365139764097,97.3817204412137,420.577691256242));
#7860=CARTESIAN_POINT('Ctrl Pts',(-160.564731988584,69.5512042030759,412.969064058712));
#7861=CARTESIAN_POINT('Ctrl Pts',(-136.764324213071,41.720687964938,405.360436861183));
#7862=CARTESIAN_POINT('Ctrl Pts',(-112.963916437559,13.8901717268001,397.751809663654));
#7863=CARTESIAN_POINT('Ctrl Pts',(-184.365139764097,97.3817204412137,420.577691256242));
#7864=CARTESIAN_POINT('Ctrl Pts',(-193.533481876891,89.4502236044933,421.888690229851));
#7865=CARTESIAN_POINT('Ctrl Pts',(-206.414366259843,74.5590603543175,424.0736885192));
#7866=CARTESIAN_POINT('Ctrl Pts',(-219.231632591924,50.6337430995232,427.132686124289));
#7867=CARTESIAN_POINT('Ctrl Pts',(-224.10402993208,35.534638854034,428.880684755769));
#7868=CARTESIAN_POINT('Ctrl Pts',(-225.843526189376,27.6420549114944,429.754684071509));
#7869=CARTESIAN_POINT('Ctrl Pts',(-102.064383544999,18.8798430243965,388.553870226467));
#7870=CARTESIAN_POINT('Ctrl Pts',(-103.797062787816,18.696951452719,389.867634913078));
#7871=CARTESIAN_POINT('Ctrl Pts',(-106.634945353753,17.9686874186639,392.057242724097));
#7872=CARTESIAN_POINT('Ctrl Pts',(-110.259373460729,16.0947857442049,395.122693659522));
#7873=CARTESIAN_POINT('Ctrl Pts',(-112.106849471929,14.6737264588118,396.874379908336));
#7874=CARTESIAN_POINT('Ctrl Pts',(-112.958953326387,13.8843682150553,397.750223032744));
#7875=CARTESIAN_POINT('Ctrl Pts',(-104.46045151386,55.4235474752979,396.163026300967));
#7876=CARTESIAN_POINT('Ctrl Pts',(-109.655292232328,55.0136517085209,397.476790987578));
#7877=CARTESIAN_POINT('Ctrl Pts',(-117.97141367111,53.1187918641619,399.666398798596));
#7878=CARTESIAN_POINT('Ctrl Pts',(-128.598925317236,48.0266698086421,402.731849734021));
#7879=CARTESIAN_POINT('Ctrl Pts',(-134.151008486409,44.0095201859434,404.483535982836));
#7880=CARTESIAN_POINT('Ctrl Pts',(-136.76101547229,41.7168189571082,405.359379107243));
#7881=CARTESIAN_POINT('Ctrl Pts',(-106.856519482721,91.9672519261993,403.772182375466));
#7882=CARTESIAN_POINT('Ctrl Pts',(-115.513521676839,91.3303519643228,405.085947062077));
#7883=CARTESIAN_POINT('Ctrl Pts',(-129.307881988467,88.2688963096599,407.275554873095));
#7884=CARTESIAN_POINT('Ctrl Pts',(-146.938477173744,79.9585538730794,410.34100580852));
#7885=CARTESIAN_POINT('Ctrl Pts',(-156.195167500889,73.345313913075,412.092692057335));
#7886=CARTESIAN_POINT('Ctrl Pts',(-160.563077618193,69.549269699161,412.968535181742));
#7887=CARTESIAN_POINT('Ctrl Pts',(-109.252587451582,128.510956377101,411.381338449965));
#7888=CARTESIAN_POINT('Ctrl Pts',(-121.371751121351,127.647052220125,412.695103136576));
#7889=CARTESIAN_POINT('Ctrl Pts',(-140.644350305824,123.419000755158,414.884710947594));
#7890=CARTESIAN_POINT('Ctrl Pts',(-165.278029030251,111.890437937517,417.95016188302));
#7891=CARTESIAN_POINT('Ctrl Pts',(-178.239326515369,102.681107640207,419.701848131834));
#7892=CARTESIAN_POINT('Ctrl Pts',(-184.365139764097,97.3817204412138,420.577691256242));
#7893=CARTESIAN_POINT('',(-109.252587451582,128.510956377101,411.381338449965));
#7894=CARTESIAN_POINT('Ctrl Pts',(-109.252587451582,128.510956377101,411.381338449965));
#7895=CARTESIAN_POINT('Ctrl Pts',(-106.856686022237,91.9697919087535,403.772711252436));
#7896=CARTESIAN_POINT('Ctrl Pts',(-104.460784592892,55.4286274404063,396.164084054907));
#7897=CARTESIAN_POINT('Ctrl Pts',(-102.064883163546,18.8874629720591,388.555456857377));
#7898=CARTESIAN_POINT('Ctrl Pts',(-109.252587451582,128.510956377101,411.381338449965));
#7899=CARTESIAN_POINT('Ctrl Pts',(-121.371751121351,127.647052220125,412.695103136576));
#7900=CARTESIAN_POINT('Ctrl Pts',(-140.644350305824,123.419000755158,414.884710947594));
#7901=CARTESIAN_POINT('Ctrl Pts',(-165.278029030251,111.890437937517,417.95016188302));
#7902=CARTESIAN_POINT('Ctrl Pts',(-178.239326515369,102.681107640207,419.701848131834));
#7903=CARTESIAN_POINT('Ctrl Pts',(-184.365139764097,97.3817204412138,420.577691256242));
#7904=CARTESIAN_POINT('Ctrl Pts',(-90.3220466655827,16.3415206088417,379.334995848355));
#7905=CARTESIAN_POINT('Ctrl Pts',(-91.8214811055632,17.2371712347045,380.651976279002));
#7906=CARTESIAN_POINT('Ctrl Pts',(-94.5357845250563,18.3593410284579,382.846943663414));
#7907=CARTESIAN_POINT('Ctrl Pts',(-98.5701224916212,19.0332889746453,385.919898001591));
#7908=CARTESIAN_POINT('Ctrl Pts',(-100.906433189874,19.0019941470566,387.675871909121));
#7909=CARTESIAN_POINT('Ctrl Pts',(-102.06437996669,18.8797884497016,388.553858862886));
#7910=CARTESIAN_POINT('Ctrl Pts',(-70.3096950143502,47.0122003108672,386.944155710715));
#7911=CARTESIAN_POINT('Ctrl Pts',(-74.7224275654731,49.8087526067117,388.261136141362));
#7912=CARTESIAN_POINT('Ctrl Pts',(-82.532450837255,53.2888885893516,390.456103525774));
#7913=CARTESIAN_POINT('Ctrl Pts',(-94.1192654574484,55.5879933227738,393.529057863951));
#7914=CARTESIAN_POINT('Ctrl Pts',(-100.988397389095,55.6974461464759,395.285031771481));
#7915=CARTESIAN_POINT('Ctrl Pts',(-104.460449128321,55.423511092168,396.163018725246));
#7916=CARTESIAN_POINT('Ctrl Pts',(-50.2973433631177,77.6828800128927,394.553315573075));
#7917=CARTESIAN_POINT('Ctrl Pts',(-57.623374025383,82.3803339787189,395.870296003722));
#7918=CARTESIAN_POINT('Ctrl Pts',(-70.5291171494537,88.2184361502452,398.065263388134));
#7919=CARTESIAN_POINT('Ctrl Pts',(-89.6684084232755,92.1426976709024,401.138217726311));
#7920=CARTESIAN_POINT('Ctrl Pts',(-101.070361588316,92.3928981458952,402.894191633841));
#7921=CARTESIAN_POINT('Ctrl Pts',(-106.856518289952,91.9672337346343,403.772178587605));
#7922=CARTESIAN_POINT('Ctrl Pts',(-30.2849917118851,108.353559714918,402.162475435434));
#7923=CARTESIAN_POINT('Ctrl Pts',(-40.5243204852929,114.951915350726,403.479455866082));
#7924=CARTESIAN_POINT('Ctrl Pts',(-58.5257834616524,123.147983711139,405.674423250494));
#7925=CARTESIAN_POINT('Ctrl Pts',(-85.2175513891027,128.697402019031,408.747377588671));
#7926=CARTESIAN_POINT('Ctrl Pts',(-101.152325787537,129.088350145315,410.5033514962));
#7927=CARTESIAN_POINT('Ctrl Pts',(-109.252587451582,128.510956377101,411.381338449965));
#7928=CARTESIAN_POINT('',(-30.2849917118851,108.353559714918,402.162475435434));
#7929=CARTESIAN_POINT('Ctrl Pts',(-30.2849917118851,108.353559714918,402.162475435434));
#7930=CARTESIAN_POINT('Ctrl Pts',(-50.2959424363276,77.6850270557596,394.553848237905));
#7931=CARTESIAN_POINT('Ctrl Pts',(-70.3068931607701,47.0164943966011,386.945221040376));
#7932=CARTESIAN_POINT('Ctrl Pts',(-90.3178438852126,16.3479617374425,379.336593842847));
#7933=CARTESIAN_POINT('Ctrl Pts',(-30.2849917118851,108.353559714918,402.162475435434));
#7934=CARTESIAN_POINT('Ctrl Pts',(-40.5243204852929,114.951915350726,403.479455866082));
#7935=CARTESIAN_POINT('Ctrl Pts',(-58.5257834616524,123.147983711139,405.674423250494));
#7936=CARTESIAN_POINT('Ctrl Pts',(-85.2175513891027,128.697402019031,408.747377588671));
#7937=CARTESIAN_POINT('Ctrl Pts',(-101.152325787537,129.088350145315,410.5033514962));
#7938=CARTESIAN_POINT('Ctrl Pts',(-109.252587451582,128.510956377101,411.381338449965));
#7939=CARTESIAN_POINT('Ctrl Pts',(-82.4851063846992,7.34455996508632,370.181334769302));
#7940=CARTESIAN_POINT('Ctrl Pts',(-83.1498062894579,8.94634822329584,371.489005317298));
#7941=CARTESIAN_POINT('Ctrl Pts',(-84.645674907636,11.4494685078277,373.668456230625));
#7942=CARTESIAN_POINT('Ctrl Pts',(-87.4540973271041,14.3830174728258,376.719687509283));
#7943=CARTESIAN_POINT('Ctrl Pts',(-89.3293684664914,15.7488199339553,378.463248239945));
#7944=CARTESIAN_POINT('Ctrl Pts',(-90.3219605137579,16.3416526440502,379.335028605275));
#7945=CARTESIAN_POINT('Ctrl Pts',(-48.1289962721162,20.026778256518,377.790483712689));
#7946=CARTESIAN_POINT('Ctrl Pts',(-49.9893014205323,24.8674593060643,379.098154260685));
#7947=CARTESIAN_POINT('Ctrl Pts',(-54.1444948568309,32.2704942847423,381.277605174012));
#7948=CARTESIAN_POINT('Ctrl Pts',(-61.9961073286377,40.9863428482642,384.328836452669));
#7949=CARTESIAN_POINT('Ctrl Pts',(-67.3894136301354,45.161692579548,386.072397183331));
#7950=CARTESIAN_POINT('Ctrl Pts',(-70.3096375798003,47.0122883343395,386.944177548662));
#7951=CARTESIAN_POINT('Ctrl Pts',(-13.7728861595331,32.7089965479497,385.399632656075));
#7952=CARTESIAN_POINT('Ctrl Pts',(-16.8287965516068,40.7885703888327,386.707303204071));
#7953=CARTESIAN_POINT('Ctrl Pts',(-23.6433148060259,53.0915200616569,388.886754117398));
#7954=CARTESIAN_POINT('Ctrl Pts',(-36.5381173301714,67.5896682237027,391.937985396056));
#7955=CARTESIAN_POINT('Ctrl Pts',(-45.4494587937794,74.5745652251408,393.681546126717));
#7956=CARTESIAN_POINT('Ctrl Pts',(-50.2973146458427,77.6829240246288,394.553326492048));
#7957=CARTESIAN_POINT('Ctrl Pts',(20.5832239530499,45.3912148393813,393.008781599461));
#7958=CARTESIAN_POINT('Ctrl Pts',(16.3317083173188,56.7096814716011,394.316452147458));
#7959=CARTESIAN_POINT('Ctrl Pts',(6.85786524477919,73.9125458385714,396.495903060784));
#7960=CARTESIAN_POINT('Ctrl Pts',(-11.080127331705,94.1929935991411,399.547134339442));
#7961=CARTESIAN_POINT('Ctrl Pts',(-23.5095039574233,103.987437870734,401.290695070104));
#7962=CARTESIAN_POINT('Ctrl Pts',(-30.2849917118852,108.353559714918,402.162475435434));
#7963=CARTESIAN_POINT('',(20.58322395305,45.391214839381,393.008781599461));
#7964=CARTESIAN_POINT('Ctrl Pts',(20.5832239530499,45.3912148393813,393.008781599461));
#7965=CARTESIAN_POINT('Ctrl Pts',(-13.7705304219531,32.7098661451808,385.400154401932));
#7966=CARTESIAN_POINT('Ctrl Pts',(-48.1242847969561,20.0285174509803,377.791527204403));
#7967=CARTESIAN_POINT('Ctrl Pts',(-82.4780391719591,7.3471687567798,370.182900006874));
#7968=CARTESIAN_POINT('Ctrl Pts',(20.5832239530499,45.3912148393813,393.008781599461));
#7969=CARTESIAN_POINT('Ctrl Pts',(16.3317083173188,56.7096814716011,394.316452147458));
#7970=CARTESIAN_POINT('Ctrl Pts',(6.85786524477919,73.9125458385714,396.495903060784));
#7971=CARTESIAN_POINT('Ctrl Pts',(-11.080127331705,94.1929935991411,399.547134339442));
#7972=CARTESIAN_POINT('Ctrl Pts',(-23.5095039574233,103.987437870734,401.290695070104));
#7973=CARTESIAN_POINT('Ctrl Pts',(-30.2849917118852,108.353559714918,402.162475435434));
#7974=CARTESIAN_POINT('Ctrl Pts',(-81.5631426632398,-4.5602316143083,361.020640159515));
#7975=CARTESIAN_POINT('Ctrl Pts',(-81.2811555214422,-3.43808385147312,361.893086932218));
#7976=CARTESIAN_POINT('Ctrl Pts',(-80.9362796918312,-1.14121702780536,363.637980477623));
#7977=CARTESIAN_POINT('Ctrl Pts',(-81.0780214699564,2.92115529189856,366.691544182082));
#7978=CARTESIAN_POINT('Ctrl Pts',(-81.8199232202163,5.74153880941316,368.872661113838));
#7979=CARTESIAN_POINT('Ctrl Pts',(-82.4851221713621,7.34455413759581,370.181331272892));
#7980=CARTESIAN_POINT('Ctrl Pts',(-46.4276970328609,-14.8889214665306,368.629790268372));
#7981=CARTESIAN_POINT('Ctrl Pts',(-45.4960313022553,-11.5567405764666,369.502237041074));
#7982=CARTESIAN_POINT('Ctrl Pts',(-44.2999316356963,-4.83526578808866,371.247130586479));
#7983=CARTESIAN_POINT('Ctrl Pts',(-44.3629189862816,6.90495137094771,374.300694290938));
#7984=CARTESIAN_POINT('Ctrl Pts',(-46.267233004496,15.1822396145017,376.481811222694));
#7985=CARTESIAN_POINT('Ctrl Pts',(-48.1290067965581,20.0267743715242,377.790481381748));
#7986=CARTESIAN_POINT('Ctrl Pts',(-11.292251402482,-25.217611318753,376.238940377228));
#7987=CARTESIAN_POINT('Ctrl Pts',(-9.71090708306846,-19.67539730146,377.111387149931));
#7988=CARTESIAN_POINT('Ctrl Pts',(-7.6635835795614,-8.52931454837196,378.856280695336));
#7989=CARTESIAN_POINT('Ctrl Pts',(-7.64781650260684,10.8887474499969,381.909844399795));
#7990=CARTESIAN_POINT('Ctrl Pts',(-10.7145427887758,24.6229404195903,384.090961331551));
#7991=CARTESIAN_POINT('Ctrl Pts',(-13.772891421754,32.7089946054526,385.399631490605));
#7992=CARTESIAN_POINT('Ctrl Pts',(23.8431942278968,-35.5463011709753,383.848090486085));
#7993=CARTESIAN_POINT('Ctrl Pts',(26.0742171361184,-27.7940540264534,384.720537258787));
#7994=CARTESIAN_POINT('Ctrl Pts',(28.9727644765735,-12.2233633086553,386.465430804193));
#7995=CARTESIAN_POINT('Ctrl Pts',(29.0672859810679,14.872543529046,389.518994508651));
#7996=CARTESIAN_POINT('Ctrl Pts',(24.8381474269445,34.0636412246788,391.700111440408));
#7997=CARTESIAN_POINT('Ctrl Pts',(20.58322395305,45.391214839381,393.008781599461));
#7998=CARTESIAN_POINT('',(23.8431942278968,-35.5463011709753,383.848090486085));
#7999=CARTESIAN_POINT('Ctrl Pts',(23.8431942278968,-35.5463011709753,383.848090486085));
#8000=CARTESIAN_POINT('Ctrl Pts',(-11.2898368460272,-25.2183211206156,376.239463288556));
#8001=CARTESIAN_POINT('Ctrl Pts',(-46.4228679199512,-14.8903410702559,368.630836091026));
#8002=CARTESIAN_POINT('Ctrl Pts',(-81.5558989938753,-4.56236101989619,361.022208893497));
#8003=CARTESIAN_POINT('Ctrl Pts',(23.8431942278968,-35.5463011709753,383.848090486085));
#8004=CARTESIAN_POINT('Ctrl Pts',(26.0742171361184,-27.7940540264534,384.720537258787));
#8005=CARTESIAN_POINT('Ctrl Pts',(28.9727644765735,-12.2233633086553,386.465430804193));
#8006=CARTESIAN_POINT('Ctrl Pts',(29.0672859810679,14.872543529046,389.518994508651));
#8007=CARTESIAN_POINT('Ctrl Pts',(24.8381474269445,34.0636412246788,391.700111440408));
#8008=CARTESIAN_POINT('Ctrl Pts',(20.58322395305,45.391214839381,393.008781599461));
#8009=CARTESIAN_POINT('Ctrl Pts',(-87.9363811035518,-14.6690767057488,351.852193063954));
#8010=CARTESIAN_POINT('Ctrl Pts',(-87.0392394198041,-13.9368649334355,352.72537813216));
#8011=CARTESIAN_POINT('Ctrl Pts',(-85.3895423661696,-12.2991153751595,354.471748268572));
#8012=CARTESIAN_POINT('Ctrl Pts',(-83.0757692993209,-8.95283796511606,357.527896007293));
#8013=CARTESIAN_POINT('Ctrl Pts',(-81.9865090407418,-6.24486873131264,359.710858677807));
#8014=CARTESIAN_POINT('Ctrl Pts',(-81.5631605764636,-4.56022634839723,361.020636280116));
#8015=CARTESIAN_POINT('Ctrl Pts',(-65.9249173906481,-43.9381268231848,359.461344465944));
#8016=CARTESIAN_POINT('Ctrl Pts',(-63.185088486933,-41.8201426150116,360.33452953415));
#8017=CARTESIAN_POINT('Ctrl Pts',(-58.2074300379633,-37.1391159340015,362.080899670561));
#8018=CARTESIAN_POINT('Ctrl Pts',(-51.242480471028,-27.6757759489961,365.137047409282));
#8019=CARTESIAN_POINT('Ctrl Pts',(-47.8264502833237,-19.891586412832,367.320010079797));
#8020=CARTESIAN_POINT('Ctrl Pts',(-46.4277089750101,-14.8889179559232,368.629787682106));
#8021=CARTESIAN_POINT('Ctrl Pts',(-43.9134536777444,-73.2071769406209,367.070495867934));
#8022=CARTESIAN_POINT('Ctrl Pts',(-39.3309375540618,-69.7034202965878,367.943680936139));
#8023=CARTESIAN_POINT('Ctrl Pts',(-31.025317709757,-61.9791164928434,369.690051072551));
#8024=CARTESIAN_POINT('Ctrl Pts',(-19.4091916427351,-46.3987139328762,372.746198811272));
#8025=CARTESIAN_POINT('Ctrl Pts',(-13.6663915259056,-33.5383040943515,374.929161481787));
#8026=CARTESIAN_POINT('Ctrl Pts',(-11.2922573735566,-25.2176095634492,376.238939084095));
#8027=CARTESIAN_POINT('Ctrl Pts',(-21.9019899648408,-102.476227058057,374.679647269923));
#8028=CARTESIAN_POINT('Ctrl Pts',(-15.4767866211907,-97.5866979781639,375.552832338129));
#8029=CARTESIAN_POINT('Ctrl Pts',(-3.8432053815507,-86.8191170516853,377.299202474541));
#8030=CARTESIAN_POINT('Ctrl Pts',(12.4240971855578,-65.1216519167562,380.355350213261));
#8031=CARTESIAN_POINT('Ctrl Pts',(20.4936672315125,-47.1850217758709,382.538312883776));
#8032=CARTESIAN_POINT('Ctrl Pts',(23.8431942278968,-35.5463011709753,383.848090486085));
#8033=CARTESIAN_POINT('',(-21.9019899648406,-102.476227058057,374.679647269923));
#8034=CARTESIAN_POINT('Ctrl Pts',(-21.9019899648408,-102.476227058057,374.679647269923));
#8035=CARTESIAN_POINT('Ctrl Pts',(-43.9119372790232,-73.2091933240268,367.071020072394));
#8036=CARTESIAN_POINT('Ctrl Pts',(-65.9218845932055,-43.9421595899967,359.462392874865));
#8037=CARTESIAN_POINT('Ctrl Pts',(-87.9318319073879,-14.6751258559666,351.853765677335));
#8038=CARTESIAN_POINT('Ctrl Pts',(-21.9019899648408,-102.476227058057,374.679647269923));
#8039=CARTESIAN_POINT('Ctrl Pts',(-15.4767866211907,-97.5866979781639,375.552832338129));
#8040=CARTESIAN_POINT('Ctrl Pts',(-3.8432053815507,-86.8191170516853,377.299202474541));
#8041=CARTESIAN_POINT('Ctrl Pts',(12.4240971855578,-65.1216519167562,380.355350213261));
#8042=CARTESIAN_POINT('Ctrl Pts',(20.4936672315125,-47.1850217758709,382.538312883776));
#8043=CARTESIAN_POINT('Ctrl Pts',(23.8431942278968,-35.5463011709753,383.848090486085));
#8044=CARTESIAN_POINT('Ctrl Pts',(-99.0968850906395,-18.9709334586326,342.675231939995));
#8045=CARTESIAN_POINT('Ctrl Pts',(-97.3599222564249,-18.8947386252536,343.986225776625));
#8046=CARTESIAN_POINT('Ctrl Pts',(-94.4887221511095,-18.3439099682564,346.171215504343));
#8047=CARTESIAN_POINT('Ctrl Pts',(-90.7628787391973,-16.702114801917,349.230201123148));
#8048=CARTESIAN_POINT('Ctrl Pts',(-88.8343723655708,-15.4019455278373,350.978192905323));
#8049=CARTESIAN_POINT('Ctrl Pts',(-87.9363934485423,-14.6690602903867,351.85218879641));
#8050=CARTESIAN_POINT('Ctrl Pts',(-98.9455530084417,-55.5927770717639,350.284384764499));
#8051=CARTESIAN_POINT('Ctrl Pts',(-93.7467893592122,-55.5022770731118,351.59537860113));
#8052=CARTESIAN_POINT('Ctrl Pts',(-85.3475649476868,-54.1264365073155,353.780368328848));
#8053=CARTESIAN_POINT('Ctrl Pts',(-74.4470521737113,-49.7129463863484,356.839353947653));
#8054=CARTESIAN_POINT('Ctrl Pts',(-68.6674073534188,-46.058138951541,358.587345729827));
#8055=CARTESIAN_POINT('Ctrl Pts',(-65.9249256206417,-43.9381158796101,359.461341620914));
#8056=CARTESIAN_POINT('Ctrl Pts',(-98.7942209262438,-92.2146206848952,357.893537589004));
#8057=CARTESIAN_POINT('Ctrl Pts',(-90.1336564619995,-92.10981552097,359.204531425634));
#8058=CARTESIAN_POINT('Ctrl Pts',(-76.2064077442642,-89.9089630463746,361.389521153352));
#8059=CARTESIAN_POINT('Ctrl Pts',(-58.1312256082254,-82.7237779707798,364.448506772157));
#8060=CARTESIAN_POINT('Ctrl Pts',(-48.5004423412669,-76.7143323752448,366.196498554332));
#8061=CARTESIAN_POINT('Ctrl Pts',(-43.9134577927412,-73.2071714688334,367.070494445419));
#8062=CARTESIAN_POINT('Ctrl Pts',(-98.642888844046,-128.836464298026,365.502690413508));
#8063=CARTESIAN_POINT('Ctrl Pts',(-86.5205235647868,-128.717353968828,366.813684250139));
#8064=CARTESIAN_POINT('Ctrl Pts',(-67.0652505408415,-125.691489585434,368.998673977857));
#8065=CARTESIAN_POINT('Ctrl Pts',(-41.8153990427394,-115.734609555211,372.057659596662));
#8066=CARTESIAN_POINT('Ctrl Pts',(-28.3334773291149,-107.370525798949,373.805651378836));
#8067=CARTESIAN_POINT('Ctrl Pts',(-21.9019899648406,-102.476227058057,374.679647269923));
#8068=CARTESIAN_POINT('',(-98.6428888440459,-128.836464298026,365.502690413508));
#8069=CARTESIAN_POINT('Ctrl Pts',(-98.642888844046,-128.836464298026,365.502690413508));
#8070=CARTESIAN_POINT('Ctrl Pts',(-98.7942104724881,-92.2171504578314,357.894063215979));
#8071=CARTESIAN_POINT('Ctrl Pts',(-98.9455321009303,-55.5978366176363,350.285436018449));
#8072=CARTESIAN_POINT('Ctrl Pts',(-99.0968537293725,-18.9785227774411,342.67680882092));
#8073=CARTESIAN_POINT('Ctrl Pts',(-98.642888844046,-128.836464298026,365.502690413508));
#8074=CARTESIAN_POINT('Ctrl Pts',(-86.5205235647868,-128.717353968828,366.813684250139));
#8075=CARTESIAN_POINT('Ctrl Pts',(-67.0652505408415,-125.691489585434,368.998673977857));
#8076=CARTESIAN_POINT('Ctrl Pts',(-41.8153990427394,-115.734609555211,372.057659596662));
#8077=CARTESIAN_POINT('Ctrl Pts',(-28.3334773291149,-107.370525798949,373.805651378836));
#8078=CARTESIAN_POINT('Ctrl Pts',(-21.9019899648406,-102.476227058057,374.679647269923));
#8079=CARTESIAN_POINT('Ctrl Pts',(-110.625753279446,-15.7418057634543,333.488987834433));
#8080=CARTESIAN_POINT('Ctrl Pts',(-109.666507150586,-16.3945314951784,334.363867781496));
#8081=CARTESIAN_POINT('Ctrl Pts',(-107.622548249791,-17.5112555922435,336.113627675622));
#8082=CARTESIAN_POINT('Ctrl Pts',(-103.747634931705,-18.7765194858859,339.175707490342));
#8083=CARTESIAN_POINT('Ctrl Pts',(-100.835604122323,-19.0471703746211,341.362907358));
#8084=CARTESIAN_POINT('Ctrl Pts',(-99.0968851833462,-18.9709110239315,342.675227278594));
#8085=CARTESIAN_POINT('Ctrl Pts',(-132.413661901784,-45.1776668283392,341.098142212737));
#8086=CARTESIAN_POINT('Ctrl Pts',(-129.59741026784,-47.2049154988274,341.9730221598));
#8087=CARTESIAN_POINT('Ctrl Pts',(-123.680242236725,-50.6488757546741,343.722782053926));
#8088=CARTESIAN_POINT('Ctrl Pts',(-112.601956332164,-54.6317360250933,346.784861868647));
#8089=CARTESIAN_POINT('Ctrl Pts',(-104.14978872707,-55.6833419864477,348.972061736304));
#8090=CARTESIAN_POINT('Ctrl Pts',(-98.9455530702461,-55.5927621152965,350.284381656899));
#8091=CARTESIAN_POINT('Ctrl Pts',(-154.201570524123,-74.6135278932241,348.707296591042));
#8092=CARTESIAN_POINT('Ctrl Pts',(-149.528313385093,-78.0152995024763,349.582176538105));
#8093=CARTESIAN_POINT('Ctrl Pts',(-139.737936223659,-83.7864959171047,351.331936432231));
#8094=CARTESIAN_POINT('Ctrl Pts',(-121.456277732623,-90.4869525643008,354.394016246951));
#8095=CARTESIAN_POINT('Ctrl Pts',(-107.463973331816,-92.3195135982743,356.581216114609));
#8096=CARTESIAN_POINT('Ctrl Pts',(-98.794220957146,-92.2146132066615,357.893536035204));
#8097=CARTESIAN_POINT('Ctrl Pts',(-175.989479146461,-104.049388958109,356.316450969346));
#8098=CARTESIAN_POINT('Ctrl Pts',(-169.459216502347,-108.825683506125,357.191330916409));
#8099=CARTESIAN_POINT('Ctrl Pts',(-155.795630210594,-116.924116079535,358.941090810535));
#8100=CARTESIAN_POINT('Ctrl Pts',(-130.310599133082,-126.342169103508,362.003170625256));
#8101=CARTESIAN_POINT('Ctrl Pts',(-110.778157936562,-128.955685210101,364.190370492913));
#8102=CARTESIAN_POINT('Ctrl Pts',(-98.6428888440459,-128.836464298026,365.502690413508));
#8103=CARTESIAN_POINT('',(-175.989479146461,-104.049388958109,356.316450969346));
#8104=CARTESIAN_POINT('Ctrl Pts',(-175.989479146461,-104.049388958109,356.316450969346));
#8105=CARTESIAN_POINT('Ctrl Pts',(-154.203080043576,-74.6155672814772,348.707823771817));
#8106=CARTESIAN_POINT('Ctrl Pts',(-132.416680940691,-45.1817456048454,341.099196574287));
#8107=CARTESIAN_POINT('Ctrl Pts',(-110.630281837806,-15.7479239282136,333.490569376758));
#8108=CARTESIAN_POINT('Ctrl Pts',(-175.989479146461,-104.049388958109,356.316450969346));
#8109=CARTESIAN_POINT('Ctrl Pts',(-169.459216502347,-108.825683506125,357.191330916409));
#8110=CARTESIAN_POINT('Ctrl Pts',(-155.795630210594,-116.924116079535,358.941090810535));
#8111=CARTESIAN_POINT('Ctrl Pts',(-130.310599133082,-126.342169103508,362.003170625256));
#8112=CARTESIAN_POINT('Ctrl Pts',(-110.778157936562,-128.955685210101,364.190370492913));
#8113=CARTESIAN_POINT('Ctrl Pts',(-98.6428888440459,-128.836464298026,365.502690413508));
#8114=CARTESIAN_POINT('Ctrl Pts',(-117.936450990618,-6.24450821504656,324.292683665716));
#8115=CARTESIAN_POINT('Ctrl Pts',(-117.558662774697,-7.34288325859705,325.168521675923));
#8116=CARTESIAN_POINT('Ctrl Pts',(-116.58910285997,-9.46343789868584,326.920197696338));
#8117=CARTESIAN_POINT('Ctrl Pts',(-114.239781981606,-12.8000809932889,329.985630732065));
#8118=CARTESIAN_POINT('Ctrl Pts',(-112.066174757313,-14.7616150365256,332.175225757583));
#8119=CARTESIAN_POINT('Ctrl Pts',(-110.625738786335,-15.741786182997,333.488982772895));
#8120=CARTESIAN_POINT('Ctrl Pts',(-153.012777219486,-16.7723195647111,331.901839731199));
#8121=CARTESIAN_POINT('Ctrl Pts',(-151.970054462232,-20.086108630985,332.777677741407));
#8122=CARTESIAN_POINT('Ctrl Pts',(-149.289688025072,-26.3943407537517,334.529353761822));
#8123=CARTESIAN_POINT('Ctrl Pts',(-142.792261547501,-36.2265609305918,337.594786797548));
#8124=CARTESIAN_POINT('Ctrl Pts',(-136.642833819686,-42.1333019893191,339.784381823067));
#8125=CARTESIAN_POINT('Ctrl Pts',(-132.41365223971,-45.177653774701,341.098138838379));
#8126=CARTESIAN_POINT('Ctrl Pts',(-188.089103448354,-27.3001309143757,339.510995796683));
#8127=CARTESIAN_POINT('Ctrl Pts',(-186.381446149768,-32.8293340033729,340.386833806891));
#8128=CARTESIAN_POINT('Ctrl Pts',(-181.990273190175,-43.3252436088176,342.138509827306));
#8129=CARTESIAN_POINT('Ctrl Pts',(-171.344741113396,-59.6530408678948,345.203942863032));
#8130=CARTESIAN_POINT('Ctrl Pts',(-161.219492882059,-69.5049889421126,347.393537888551));
#8131=CARTESIAN_POINT('Ctrl Pts',(-154.201565693086,-74.613521366405,348.707294903862));
#8132=CARTESIAN_POINT('Ctrl Pts',(-223.165429677222,-37.8279422640403,347.120151862167));
#8133=CARTESIAN_POINT('Ctrl Pts',(-220.792837837303,-45.5725593757609,347.995989872374));
#8134=CARTESIAN_POINT('Ctrl Pts',(-214.690858355278,-60.2561464638835,349.747665892789));
#8135=CARTESIAN_POINT('Ctrl Pts',(-199.897220679291,-83.0795208051977,352.813098928516));
#8136=CARTESIAN_POINT('Ctrl Pts',(-185.796151944433,-96.8766758949061,355.002693954035));
#8137=CARTESIAN_POINT('Ctrl Pts',(-175.989479146461,-104.049388958109,356.316450969346));
#8138=CARTESIAN_POINT('',(-223.165429677222,-37.8279422640402,347.120151862167));
#8139=CARTESIAN_POINT('Ctrl Pts',(-223.165429677222,-37.8279422640403,347.120151862167));
#8140=CARTESIAN_POINT('Ctrl Pts',(-188.091541398731,-27.3008626409963,339.511524664638));
#8141=CARTESIAN_POINT('Ctrl Pts',(-153.017653120241,-16.7737830179524,331.902897467108));
#8142=CARTESIAN_POINT('Ctrl Pts',(-117.94376484175,-6.24670339490841,324.294270269579));
#8143=CARTESIAN_POINT('Ctrl Pts',(-223.165429677222,-37.8279422640403,347.120151862167));
#8144=CARTESIAN_POINT('Ctrl Pts',(-220.792837837303,-45.5725593757609,347.995989872374));
#8145=CARTESIAN_POINT('Ctrl Pts',(-214.690858355278,-60.2561464638835,349.747665892789));
#8146=CARTESIAN_POINT('Ctrl Pts',(-199.897220679291,-83.0795208051977,352.813098928516));
#8147=CARTESIAN_POINT('Ctrl Pts',(-185.796151944433,-96.8766758949061,355.002693954035));
#8148=CARTESIAN_POINT('Ctrl Pts',(-175.989479146461,-104.049388958109,356.316450969346));
#8149=CARTESIAN_POINT('Ctrl Pts',(-118.100297439605,5.75331459545231,315.085600488438));
#8150=CARTESIAN_POINT('Ctrl Pts',(-118.634947020414,4.09289109200231,316.400906876003));
#8151=CARTESIAN_POINT('Ctrl Pts',(-119.117603447251,1.19949049164327,318.593084188611));
#8152=CARTESIAN_POINT('Ctrl Pts',(-118.868834393086,-2.87800754380948,321.662132426263));
#8153=CARTESIAN_POINT('Ctrl Pts',(-118.314964669721,-5.14490127376863,323.41587427635));
#8154=CARTESIAN_POINT('Ctrl Pts',(-117.936734654862,-6.24459335405538,324.292745201393));
#8155=CARTESIAN_POINT('Ctrl Pts',(-152.487047054451,18.3520325320438,322.694736042029));
#8156=CARTESIAN_POINT('Ctrl Pts',(-154.216789391159,13.4297409900774,324.010042429594));
#8157=CARTESIAN_POINT('Ctrl Pts',(-155.85011895737,5.04800870311545,326.202219742203));
#8158=CARTESIAN_POINT('Ctrl Pts',(-155.489332773919,-6.74452578419872,329.271267979855));
#8159=CARTESIAN_POINT('Ctrl Pts',(-154.056961290531,-13.4545034950561,331.025009829941));
#8160=CARTESIAN_POINT('Ctrl Pts',(-153.012966328982,-16.7723763240503,331.901880754984));
#8161=CARTESIAN_POINT('Ctrl Pts',(-186.873796669296,30.9507504686354,330.303871595621));
#8162=CARTESIAN_POINT('Ctrl Pts',(-189.798631761904,22.7665908881525,331.619177983186));
#8163=CARTESIAN_POINT('Ctrl Pts',(-192.582634467488,8.89652691458764,333.811355295794));
#8164=CARTESIAN_POINT('Ctrl Pts',(-192.109831154752,-10.6110440245879,336.880403533446));
#8165=CARTESIAN_POINT('Ctrl Pts',(-189.798957911341,-21.7641057163436,338.634145383532));
#8166=CARTESIAN_POINT('Ctrl Pts',(-188.089198003102,-27.3001592940453,339.511016308576));
#8167=CARTESIAN_POINT('Ctrl Pts',(-221.260546284141,43.5494684052269,337.913007149212));
#8168=CARTESIAN_POINT('Ctrl Pts',(-225.38047413265,32.1034407862276,339.228313536777));
#8169=CARTESIAN_POINT('Ctrl Pts',(-229.315149977606,12.7450451260598,341.420490849385));
#8170=CARTESIAN_POINT('Ctrl Pts',(-228.730329535585,-14.4775622649772,344.489539087037));
#8171=CARTESIAN_POINT('Ctrl Pts',(-225.540954532151,-30.0737079376311,346.243280937123));
#8172=CARTESIAN_POINT('Ctrl Pts',(-223.165429677222,-37.8279422640402,347.120151862167));
#8173=CARTESIAN_POINT('',(-118.107189436401,5.75583970540361,315.087125556624));
#8174=CARTESIAN_POINT('Ctrl Pts',(-118.107189436401,5.75583970540354,315.087125556624));
#8175=CARTESIAN_POINT('Ctrl Pts',(-118.699164810575,3.89355534891044,316.55823109416));
#8176=CARTESIAN_POINT('Ctrl Pts',(-119.,1.95214283902832,318.025876811082));
#8177=CARTESIAN_POINT('Ctrl Pts',(-119.,-2.77555756156289E-14,319.498315526617));
#8178=CARTESIAN_POINT('',(-221.260546284141,43.549468405227,337.913007149212));
#8179=CARTESIAN_POINT('Ctrl Pts',(-221.260546284141,43.5494684052269,337.913007149212));
#8180=CARTESIAN_POINT('Ctrl Pts',(-186.876094001561,30.9515921719525,330.304379951683));
#8181=CARTESIAN_POINT('Ctrl Pts',(-152.491641718981,18.353715938678,322.695752754153));
#8182=CARTESIAN_POINT('Ctrl Pts',(-118.107189436401,5.75583970540354,315.087125556624));
#8183=CARTESIAN_POINT('Ctrl Pts',(-221.260546284141,43.5494684052269,337.913007149212));
#8184=CARTESIAN_POINT('Ctrl Pts',(-225.38047413265,32.1034407862276,339.228313536777));
#8185=CARTESIAN_POINT('Ctrl Pts',(-229.315149977606,12.7450451260598,341.420490849385));
#8186=CARTESIAN_POINT('Ctrl Pts',(-228.730329535585,-14.4775622649772,344.489539087037));
#8187=CARTESIAN_POINT('Ctrl Pts',(-225.540954532151,-30.0737079376311,346.243280937123));
#8188=CARTESIAN_POINT('Ctrl Pts',(-223.165429677222,-37.8279422640402,347.120151862167));
#8189=CARTESIAN_POINT('Ctrl Pts',(-111.026642317809,15.4635456113526,305.866741708236));
#8190=CARTESIAN_POINT('Ctrl Pts',(-112.4524908421,14.4548837889398,307.183711121509));
#8191=CARTESIAN_POINT('Ctrl Pts',(-114.577146636141,12.4269777558151,309.378660143633));
#8192=CARTESIAN_POINT('Ctrl Pts',(-116.826166779401,9.01058881278998,312.451588774605));
#8193=CARTESIAN_POINT('Ctrl Pts',(-117.743081709711,6.86151897572436,314.207547992304));
#8194=CARTESIAN_POINT('Ctrl Pts',(-118.099968051753,5.7531939133671,315.085527601153));
#8195=CARTESIAN_POINT('Ctrl Pts',(-130.97406299471,46.1764942771901,313.475901557588));
#8196=CARTESIAN_POINT('Ctrl Pts',(-135.317198704384,43.273115169397,314.792870970862));
#8197=CARTESIAN_POINT('Ctrl Pts',(-141.66034629582,37.5397740672106,316.987819992986));
#8198=CARTESIAN_POINT('Ctrl Pts',(-148.452034116913,27.8748538145498,320.060748623958));
#8199=CARTESIAN_POINT('Ctrl Pts',(-151.332140901814,21.6377809540271,321.816707841657));
#8200=CARTESIAN_POINT('Ctrl Pts',(-152.486827462549,18.3519520773204,322.694687450506));
#8201=CARTESIAN_POINT('Ctrl Pts',(-150.921483671612,76.8894429430277,321.085061406941));
#8202=CARTESIAN_POINT('Ctrl Pts',(-158.181906566668,72.0913465498542,322.402030820215));
#8203=CARTESIAN_POINT('Ctrl Pts',(-168.743545955498,62.6525703786062,324.596979842339));
#8204=CARTESIAN_POINT('Ctrl Pts',(-180.077901454426,46.7391188163096,327.669908473311));
#8205=CARTESIAN_POINT('Ctrl Pts',(-184.921200093918,36.4140429323299,329.42586769101));
#8206=CARTESIAN_POINT('Ctrl Pts',(-186.873686873345,30.9507102412737,330.303847299859));
#8207=CARTESIAN_POINT('Ctrl Pts',(-170.868904348513,107.602391608865,328.694221256294));
#8208=CARTESIAN_POINT('Ctrl Pts',(-181.046614428953,100.909577930311,330.011190669568));
#8209=CARTESIAN_POINT('Ctrl Pts',(-195.826745615177,87.7653666900017,332.206139691691));
#8210=CARTESIAN_POINT('Ctrl Pts',(-211.703768791938,65.6033838180693,335.279068322664));
#8211=CARTESIAN_POINT('Ctrl Pts',(-218.510259286022,51.1903049106327,337.035027540363));
#8212=CARTESIAN_POINT('Ctrl Pts',(-221.260546284141,43.549468405227,337.913007149212));
#8213=CARTESIAN_POINT('',(-111.030831359783,15.4699954593407,305.868339663706));
#8214=CARTESIAN_POINT('Ctrl Pts',(-111.030831359783,15.4699954593407,305.868339663706));
#8215=CARTESIAN_POINT('Ctrl Pts',(-111.323002341364,15.2616638645116,306.13848301647));
#8216=CARTESIAN_POINT('Ctrl Pts',(-111.608803549052,15.0452990390303,306.408506564658));
#8217=CARTESIAN_POINT('Ctrl Pts',(-111.888041055934,14.821214091378,306.678463045984));
#8218=CARTESIAN_POINT('Ctrl Pts',(-112.173973985526,14.5917561425691,306.954892414051));
#8219=CARTESIAN_POINT('Ctrl Pts',(-112.453024703619,14.3542029635014,307.231251460503));
#8220=CARTESIAN_POINT('Ctrl Pts',(-112.724931097806,14.1088802172416,307.507596808298));
#8221=CARTESIAN_POINT('Ctrl Pts',(-112.999390592421,13.861253981171,307.786536936654));
#8222=CARTESIAN_POINT('Ctrl Pts',(-113.266570877776,13.6057110859057,308.065463107895));
#8223=CARTESIAN_POINT('Ctrl Pts',(-113.52614880777,13.3425831660895,308.344433555009));
#8224=CARTESIAN_POINT('Ctrl Pts',(-113.787647313951,13.0775084042715,308.625468060487));
#8225=CARTESIAN_POINT('Ctrl Pts',(-114.041430458833,12.8047354490552,308.906547499442));
#8226=CARTESIAN_POINT('Ctrl Pts',(-114.287115159212,12.5246077027152,309.187731407018));
#8227=CARTESIAN_POINT('Ctrl Pts',(-114.471363666741,12.3145290160845,309.398602150017));
#8228=CARTESIAN_POINT('Ctrl Pts',(-114.651056446696,12.1003139789885,309.609531647038));
#8229=CARTESIAN_POINT('Ctrl Pts',(-114.826013162171,11.8821116261636,309.820545008329));
#8230=CARTESIAN_POINT('Ctrl Pts',(-115.008041711555,11.6550894301346,310.040087630356));
#8231=CARTESIAN_POINT('Ctrl Pts',(-115.184943662946,11.4237509058708,310.259721033339));
#8232=CARTESIAN_POINT('Ctrl Pts',(-115.35651942915,11.188256004419,310.479473497167));
#8233=CARTESIAN_POINT('Ctrl Pts',(-115.600350908941,10.853587119792,310.791770330389));
#8234=CARTESIAN_POINT('Ctrl Pts',(-115.832856783467,10.5112550079582,311.103605251565));
#8235=CARTESIAN_POINT('Ctrl Pts',(-116.053810252068,10.1619556257823,311.41515044479));
#8236=CARTESIAN_POINT('Ctrl Pts',(-116.277278514525,9.80868067379044,311.730241506488));
#8237=CARTESIAN_POINT('Ctrl Pts',(-116.48893036718,9.44827854664643,312.045036207594));
#8238=CARTESIAN_POINT('Ctrl Pts',(-116.68850039777,9.08142620818167,312.359712678542));
#8239=CARTESIAN_POINT('Ctrl Pts',(-116.70866621697,9.0443571256714,312.391509581117));
#8240=CARTESIAN_POINT('Ctrl Pts',(-116.72870864727,9.00722215141112,312.423305276519));
#8241=CARTESIAN_POINT('Ctrl Pts',(-116.748627394715,8.97002196229794,312.45509994853));
#8242=CARTESIAN_POINT('Ctrl Pts',(-116.94610442844,8.60121448481091,312.770316431597));
#8243=CARTESIAN_POINT('Ctrl Pts',(-117.131427996306,8.22599974583149,313.085432325515));
#8244=CARTESIAN_POINT('Ctrl Pts',(-117.304272530092,7.84495656648087,313.400626717038));
#8245=CARTESIAN_POINT('Ctrl Pts',(-117.475050551083,7.46846910311869,313.712052674412));
#8246=CARTESIAN_POINT('Ctrl Pts',(-117.633646462019,7.0862912680952,314.023555263592));
#8247=CARTESIAN_POINT('Ctrl Pts',(-117.779704196678,6.69895360069982,314.33530722439));
#8248=CARTESIAN_POINT('Ctrl Pts',(-117.897025357055,6.38782386352595,314.585722595245));
#8249=CARTESIAN_POINT('Ctrl Pts',(-118.006256002226,6.07336432502677,314.836298864083));
#8250=CARTESIAN_POINT('Ctrl Pts',(-118.107189436401,5.75583970540362,315.087125556624));
#8251=CARTESIAN_POINT('',(-170.868904348513,107.602391608865,328.694221256294));
#8252=CARTESIAN_POINT('Ctrl Pts',(-170.868904348513,107.602391608865,328.694221256294));
#8253=CARTESIAN_POINT('Ctrl Pts',(-150.922880018936,76.891592892357,321.085594058765));
#8254=CARTESIAN_POINT('Ctrl Pts',(-130.97685568936,46.1807941758489,313.476966861236));
#8255=CARTESIAN_POINT('Ctrl Pts',(-111.030831359783,15.4699954593407,305.868339663706));
#8256=CARTESIAN_POINT('Ctrl Pts',(-170.868904348513,107.602391608865,328.694221256294));
#8257=CARTESIAN_POINT('Ctrl Pts',(-181.046614428953,100.909577930311,330.011190669568));
#8258=CARTESIAN_POINT('Ctrl Pts',(-195.826745615177,87.7653666900017,332.206139691691));
#8259=CARTESIAN_POINT('Ctrl Pts',(-211.703768791938,65.6033838180693,335.279068322664));
#8260=CARTESIAN_POINT('Ctrl Pts',(-218.510259286022,51.1903049106327,337.035027540363));
#8261=CARTESIAN_POINT('Ctrl Pts',(-221.260546284141,43.549468405227,337.913007149212));
#8262=CARTESIAN_POINT('Ctrl Pts',(-99.6320161835694,18.988916308496,296.71632039187));
#8263=CARTESIAN_POINT('Ctrl Pts',(-101.365170586559,19.0289358906825,298.023528341961));
#8264=CARTESIAN_POINT('Ctrl Pts',(-104.258426769618,18.6737128552494,300.202208258781));
#8265=CARTESIAN_POINT('Ctrl Pts',(-108.076102948387,17.2929302569634,303.252360142328));
#8266=CARTESIAN_POINT('Ctrl Pts',(-110.083242016932,16.1311951065767,304.995304075784));
#8267=CARTESIAN_POINT('Ctrl Pts',(-111.02673232515,15.4636841952271,305.866776042511));
#8268=CARTESIAN_POINT('Ctrl Pts',(-97.3331708966893,55.538828528261,304.325468796464));
#8269=CARTESIAN_POINT('Ctrl Pts',(-102.51074409449,55.7954884641885,305.632676746555));
#8270=CARTESIAN_POINT('Ctrl Pts',(-110.958896844164,54.9907433175315,307.811356663375));
#8271=CARTESIAN_POINT('Ctrl Pts',(-122.10248355264,51.3384454522839,310.861508546922));
#8272=CARTESIAN_POINT('Ctrl Pts',(-128.101068576814,48.0973092942939,312.604452480378));
#8273=CARTESIAN_POINT('Ctrl Pts',(-130.974122999604,46.1765866664398,313.475924447106));
#8274=CARTESIAN_POINT('Ctrl Pts',(-95.0343256098092,92.0887407480259,311.934617201058));
#8275=CARTESIAN_POINT('Ctrl Pts',(-103.656317602421,92.5620410376944,313.24182515115));
#8276=CARTESIAN_POINT('Ctrl Pts',(-117.659366918709,91.3077737798135,315.420505067969));
#8277=CARTESIAN_POINT('Ctrl Pts',(-136.128864156892,85.3839606476043,318.470656951517));
#8278=CARTESIAN_POINT('Ctrl Pts',(-146.118895136696,80.0634234820111,320.213600884972));
#8279=CARTESIAN_POINT('Ctrl Pts',(-150.921513674059,76.8894891376525,321.0850728517));
#8280=CARTESIAN_POINT('Ctrl Pts',(-92.7354803229291,128.638652967791,319.543765605652));
#8281=CARTESIAN_POINT('Ctrl Pts',(-104.801891110352,129.3285936112,320.850973555744));
#8282=CARTESIAN_POINT('Ctrl Pts',(-124.359836993254,127.624804242096,323.029653472563));
#8283=CARTESIAN_POINT('Ctrl Pts',(-150.155244761145,119.429475842925,326.079805356111));
#8284=CARTESIAN_POINT('Ctrl Pts',(-164.136721696578,112.029537669728,327.822749289566));
#8285=CARTESIAN_POINT('Ctrl Pts',(-170.868904348513,107.602391608865,328.694221256294));
#8286=CARTESIAN_POINT('',(-99.6315437886281,18.9964270330055,296.717884013064));
#8287=CARTESIAN_POINT('Ctrl Pts',(-99.6315437886281,18.9964270330055,296.717884013064));
#8288=CARTESIAN_POINT('Ctrl Pts',(-99.9906085980673,19.0033914826408,296.988253093781));
#8289=CARTESIAN_POINT('Ctrl Pts',(-100.349353967212,19.0000932395034,297.258502201347));
#8290=CARTESIAN_POINT('Ctrl Pts',(-100.707435443658,18.9866672434931,297.528684524924));
#8291=CARTESIAN_POINT('Ctrl Pts',(-101.074026610842,18.9729221830201,297.805287644236));
#8292=CARTESIAN_POINT('Ctrl Pts',(-101.439922246248,18.9485619371204,298.081820767643));
#8293=CARTESIAN_POINT('Ctrl Pts',(-101.804715825822,18.9136907221044,298.358340967205));
#8294=CARTESIAN_POINT('Ctrl Pts',(-102.172904277501,18.8784949857105,298.63743454186));
#8295=CARTESIAN_POINT('Ctrl Pts',(-102.539970293561,18.8325912788971,298.916514951005));
#8296=CARTESIAN_POINT('Ctrl Pts',(-102.905454895388,18.7760521685187,299.195640874964));
#8297=CARTESIAN_POINT('Ctrl Pts',(-103.273581449139,18.7191043579904,299.476784496163));
#8298=CARTESIAN_POINT('Ctrl Pts',(-103.640103875961,18.6513663630485,299.757974292573));
#8299=CARTESIAN_POINT('Ctrl Pts',(-104.004508304391,18.5728844032454,300.039270226271));
#8300=CARTESIAN_POINT('Ctrl Pts',(-104.264164130053,18.5169622012017,300.239707219407));
#8301=CARTESIAN_POINT('Ctrl Pts',(-104.522743663882,18.4555844187972,300.440198101135));
#8302=CARTESIAN_POINT('Ctrl Pts',(-104.780046266138,18.3887611860504,300.640764564472));
#8303=CARTESIAN_POINT('Ctrl Pts',(-105.059603596607,18.3161582492896,300.8586785093));
#8304=CARTESIAN_POINT('Ctrl Pts',(-105.337653813243,18.2371271066116,301.076681675633));
#8305=CARTESIAN_POINT('Ctrl Pts',(-105.613947293975,18.1516766653123,301.294801886222));
#8306=CARTESIAN_POINT('Ctrl Pts',(-106.028886782283,18.0233465929037,301.622376349185));
#8307=CARTESIAN_POINT('Ctrl Pts',(-106.438887438253,17.8808079549087,301.949446690899));
#8308=CARTESIAN_POINT('Ctrl Pts',(-106.843259314672,17.7245440430013,302.276211438719));
#8309=CARTESIAN_POINT('Ctrl Pts',(-107.24763119109,17.568280131094,302.602976186538));
#8310=CARTESIAN_POINT('Ctrl Pts',(-107.646375036235,17.3982907614631,302.929435340462));
#8311=CARTESIAN_POINT('Ctrl Pts',(-108.038801182654,17.2149977979535,303.255787427846));
#8312=CARTESIAN_POINT('Ctrl Pts',(-108.417797878032,17.0379774131243,303.570971224279));
#8313=CARTESIAN_POINT('Ctrl Pts',(-108.790902449078,16.8485479357487,303.886055156762));
#8314=CARTESIAN_POINT('Ctrl Pts',(-109.157507531524,16.6469777903233,304.201218060416));
#8315=CARTESIAN_POINT('Ctrl Pts',(-109.519794707539,16.4477817555386,304.512668948079));
#8316=CARTESIAN_POINT('Ctrl Pts',(-109.875735125084,16.2367291664921,304.824196957611));
#8317=CARTESIAN_POINT('Ctrl Pts',(-110.224725293922,16.0140317339034,305.135974679261));
#8318=CARTESIAN_POINT('Ctrl Pts',(-110.497782306507,15.8397887291352,305.379915915622));
#8319=CARTESIAN_POINT('Ctrl Pts',(-110.766584252765,15.6584160236838,305.624010021151));
#8320=CARTESIAN_POINT('Ctrl Pts',(-111.030831359783,15.4699954593407,305.868339663706));
#8321=CARTESIAN_POINT('',(-92.7354803229291,128.638652967791,319.543765605652));
#8322=CARTESIAN_POINT('Ctrl Pts',(-92.7354803229291,128.638652967791,319.543765605652));
#8323=CARTESIAN_POINT('Ctrl Pts',(-95.0341681448288,92.0912443228624,311.935138408123));
#8324=CARTESIAN_POINT('Ctrl Pts',(-97.3328559667284,55.5438356779339,304.326511210594));
#8325=CARTESIAN_POINT('Ctrl Pts',(-99.631543788628,18.9964270330055,296.717884013064));
#8326=CARTESIAN_POINT('Ctrl Pts',(-92.7354803229291,128.638652967791,319.543765605652));
#8327=CARTESIAN_POINT('Ctrl Pts',(-104.801891110352,129.3285936112,320.850973555744));
#8328=CARTESIAN_POINT('Ctrl Pts',(-124.359836993254,127.624804242096,323.029653472563));
#8329=CARTESIAN_POINT('Ctrl Pts',(-150.155244761145,119.429475842925,326.079805356111));
#8330=CARTESIAN_POINT('Ctrl Pts',(-164.136721696578,112.029537669728,327.822749289566));
#8331=CARTESIAN_POINT('Ctrl Pts',(-170.868904348513,107.602391608865,328.694221256294));
#8332=CARTESIAN_POINT('Ctrl Pts',(-88.3790662306153,15.0222488269389,287.56264748203));
#8333=CARTESIAN_POINT('Ctrl Pts',(-89.7468165314546,16.0884551427831,288.870314811275));
#8334=CARTESIAN_POINT('Ctrl Pts',(-92.2819782077564,17.5293396074841,291.049760360016));
#8335=CARTESIAN_POINT('Ctrl Pts',(-96.1713579356248,18.6979237914529,294.100984128254));
#8336=CARTESIAN_POINT('Ctrl Pts',(-98.4761747422024,18.9622166391326,295.844540567247));
#8337=CARTESIAN_POINT('Ctrl Pts',(-99.6320166685036,18.9889085984064,296.716318786743));
#8338=CARTESIAN_POINT('Ctrl Pts',(-64.7343758853484,42.9884709531737,295.171796421667));
#8339=CARTESIAN_POINT('Ctrl Pts',(-68.7386108893717,46.28375433654,296.479463750911));
#8340=CARTESIAN_POINT('Ctrl Pts',(-76.0024575287926,50.6777025560146,298.658909299653));
#8341=CARTESIAN_POINT('Ctrl Pts',(-87.1296478379723,54.3923698494185,301.71013306789));
#8342=CARTESIAN_POINT('Ctrl Pts',(-93.8801940612532,55.3676506851535,303.453689506883));
#8343=CARTESIAN_POINT('Ctrl Pts',(-97.3331712199788,55.5388233882012,304.32546772638));
#8344=CARTESIAN_POINT('Ctrl Pts',(-41.0896855400815,70.9546930794085,302.780945361303));
#8345=CARTESIAN_POINT('Ctrl Pts',(-47.7304052472887,76.4790535302969,304.088612690548));
#8346=CARTESIAN_POINT('Ctrl Pts',(-59.7229368498288,83.826065504545,306.268058239289));
#8347=CARTESIAN_POINT('Ctrl Pts',(-78.0879377403199,90.0868159073842,309.319282007527));
#8348=CARTESIAN_POINT('Ctrl Pts',(-89.284213380304,91.7730847311743,311.06283844652));
#8349=CARTESIAN_POINT('Ctrl Pts',(-95.034325771454,92.088738177996,311.934616666016));
#8350=CARTESIAN_POINT('Ctrl Pts',(-17.4449951948146,98.9209152056433,310.390094300939));
#8351=CARTESIAN_POINT('Ctrl Pts',(-26.7221996052058,106.674352724054,311.697761630184));
#8352=CARTESIAN_POINT('Ctrl Pts',(-43.443416170865,116.974428453075,313.877207178925));
#8353=CARTESIAN_POINT('Ctrl Pts',(-69.0462276426675,125.78126196535,316.928430947163));
#8354=CARTESIAN_POINT('Ctrl Pts',(-84.6882326993548,128.178518777195,318.671987386156));
#8355=CARTESIAN_POINT('Ctrl Pts',(-92.7354803229291,128.638652967791,319.543765605652));
#8356=CARTESIAN_POINT('',(-88.3742024420402,15.02800156845,287.564212708351));
#8357=CARTESIAN_POINT('Ctrl Pts',(-88.3742024420402,15.02800156845,287.564212708351));
#8358=CARTESIAN_POINT('Ctrl Pts',(-88.6582465182087,15.2477406277009,287.834571315504));
#8359=CARTESIAN_POINT('Ctrl Pts',(-88.9481545981463,15.4590521629928,288.104809956988));
#8360=CARTESIAN_POINT('Ctrl Pts',(-89.2435697673482,15.6618391158495,288.374981800778));
#8361=CARTESIAN_POINT('Ctrl Pts',(-89.5460083274169,15.8694472565837,288.651576884327));
#8362=CARTESIAN_POINT('Ctrl Pts',(-89.8542193877903,16.0681205530314,288.928101956243));
#8363=CARTESIAN_POINT('Ctrl Pts',(-90.1678145254969,16.2577002645698,289.204614067524));
#8364=CARTESIAN_POINT('Ctrl Pts',(-90.4843291632311,16.4490449204792,289.483700444217));
#8365=CARTESIAN_POINT('Ctrl Pts',(-90.8063290481081,16.6311256555034,289.762773617829));
#8366=CARTESIAN_POINT('Ctrl Pts',(-91.1334025252517,16.8037270384636,290.041892247634));
#8367=CARTESIAN_POINT('Ctrl Pts',(-91.4628426048062,16.9775773115894,290.323030493421));
#8368=CARTESIAN_POINT('Ctrl Pts',(-91.7974304291685,17.1418103215173,290.604214855595));
#8369=CARTESIAN_POINT('Ctrl Pts',(-92.1367259873581,17.2961567450358,290.885505275984));
#8370=CARTESIAN_POINT('Ctrl Pts',(-92.3790874456747,17.4064075967991,291.086433212853));
#8371=CARTESIAN_POINT('Ctrl Pts',(-92.6238505678573,17.5116129255015,291.2874152644));
#8372=CARTESIAN_POINT('Ctrl Pts',(-92.8708470234976,17.6116603767343,291.488473277341));
#8373=CARTESIAN_POINT('Ctrl Pts',(-93.1386448711224,17.7201335612221,291.706463867422));
#8374=CARTESIAN_POINT('Ctrl Pts',(-93.4090682921503,17.8225436400413,291.924543752195));
#8375=CARTESIAN_POINT('Ctrl Pts',(-93.6819113747126,17.9187487384477,292.142740775891));
#8376=CARTESIAN_POINT('Ctrl Pts',(-94.0916693835719,18.0632303547485,292.470430879407));
#8377=CARTESIAN_POINT('Ctrl Pts',(-94.5059390344585,18.1933507614132,292.797616313083));
#8378=CARTESIAN_POINT('Ctrl Pts',(-94.923877329075,18.3090865406087,293.124495823255));
#8379=CARTESIAN_POINT('Ctrl Pts',(-95.3418156236914,18.4248223198041,293.451375333427));
#8380=CARTESIAN_POINT('Ctrl Pts',(-95.7634232735165,18.5261737708742,293.777948920095));
#8381=CARTESIAN_POINT('Ctrl Pts',(-96.1878942031018,18.613068275071,294.104415329592));
#8382=CARTESIAN_POINT('Ctrl Pts',(-96.5976979147698,18.6969602164535,294.419600980769));
#8383=CARTESIAN_POINT('Ctrl Pts',(-97.0101711815284,18.7673770121315,294.734686733632));
#8384=CARTESIAN_POINT('Ctrl Pts',(-97.4246663847716,18.8241719843271,295.049851435706));
#8385=CARTESIAN_POINT('Ctrl Pts',(-97.8342765806854,18.8802976029251,295.361301783868));
#8386=CARTESIAN_POINT('Ctrl Pts',(-98.2458618725681,18.9231207473893,295.672829231304));
#8387=CARTESIAN_POINT('Ctrl Pts',(-98.6588115975229,18.9524515307601,295.984606376382));
#8388=CARTESIAN_POINT('Ctrl Pts',(-98.9823147712571,18.9754291499112,296.228851353035));
#8389=CARTESIAN_POINT('Ctrl Pts',(-99.3066556704796,18.9901254771958,296.473249571462));
#8390=CARTESIAN_POINT('Ctrl Pts',(-99.631543788628,18.9964270330055,296.717884013064));
#8391=CARTESIAN_POINT('',(-17.4449951948146,98.9209152056433,310.390094300939));
#8392=CARTESIAN_POINT('Ctrl Pts',(-17.4449951948146,98.9209152056433,310.390094300939));
#8393=CARTESIAN_POINT('Ctrl Pts',(-41.0880642772231,70.9566106599122,302.78146710341));
#8394=CARTESIAN_POINT('Ctrl Pts',(-64.7311333596317,42.9923061141811,295.172839905881));
#8395=CARTESIAN_POINT('Ctrl Pts',(-88.3742024420402,15.02800156845,287.564212708351));
#8396=CARTESIAN_POINT('Ctrl Pts',(-17.4449951948146,98.9209152056433,310.390094300939));
#8397=CARTESIAN_POINT('Ctrl Pts',(-26.7221996052058,106.674352724054,311.697761630184));
#8398=CARTESIAN_POINT('Ctrl Pts',(-43.443416170865,116.974428453075,313.877207178925));
#8399=CARTESIAN_POINT('Ctrl Pts',(-69.0462276426675,125.78126196535,316.928430947163));
#8400=CARTESIAN_POINT('Ctrl Pts',(-84.6882326993548,128.178518777195,318.671987386156));
#8401=CARTESIAN_POINT('Ctrl Pts',(-92.7354803229291,128.638652967791,319.543765605652));
#8402=CARTESIAN_POINT('Ctrl Pts',(-81.711348843442,5.12240079751174,278.405571743695));
#8403=CARTESIAN_POINT('Ctrl Pts',(-82.0191465963465,6.23727152799122,279.277674033093));
#8404=CARTESIAN_POINT('Ctrl Pts',(-82.8511032769737,8.4047825241345,281.02187861189));
#8405=CARTESIAN_POINT('Ctrl Pts',(-84.9760505007998,11.868080710522,284.074236624784));
#8406=CARTESIAN_POINT('Ctrl Pts',(-87.0108159750303,13.9556366357672,286.254492348279));
#8407=CARTESIAN_POINT('Ctrl Pts',(-88.379071512124,15.0222425801307,287.562645782377));
#8408=CARTESIAN_POINT('Ctrl Pts',(-46.0506968179499,13.4590103225973,286.014721249882));
#8409=CARTESIAN_POINT('Ctrl Pts',(-46.8826509254119,16.8160104595913,286.88682353928));
#8410=CARTESIAN_POINT('Ctrl Pts',(-49.1547314168928,23.2509903294503,288.631028118077));
#8411=CARTESIAN_POINT('Ctrl Pts',(-54.9943887754161,33.4307704991801,291.683386130971));
#8412=CARTESIAN_POINT('Ctrl Pts',(-60.7285994498146,39.6919047245503,293.863641854467));
#8413=CARTESIAN_POINT('Ctrl Pts',(-64.7343794063542,42.9884667886349,295.171795288564));
#8414=CARTESIAN_POINT('Ctrl Pts',(-10.3900447924578,21.7956198476828,293.62387075607));
#8415=CARTESIAN_POINT('Ctrl Pts',(-11.7461552544772,27.3947493911913,294.495973045468));
#8416=CARTESIAN_POINT('Ctrl Pts',(-15.4583595568118,38.0971981347661,296.240177624265));
#8417=CARTESIAN_POINT('Ctrl Pts',(-25.0127270500324,54.9934602878383,299.292535637158));
#8418=CARTESIAN_POINT('Ctrl Pts',(-34.4463829245988,65.4281728133334,301.472791360654));
#8419=CARTESIAN_POINT('Ctrl Pts',(-41.0896873005844,70.9546909971391,302.780944794752));
#8420=CARTESIAN_POINT('Ctrl Pts',(25.2706072330343,30.1322293727683,301.233020262257));
#8421=CARTESIAN_POINT('Ctrl Pts',(23.3903404164574,37.9734883227913,302.105122551655));
#8422=CARTESIAN_POINT('Ctrl Pts',(18.2380123032691,52.9434059400819,303.849327130452));
#8423=CARTESIAN_POINT('Ctrl Pts',(4.96893467535134,76.5561500764964,306.901685143346));
#8424=CARTESIAN_POINT('Ctrl Pts',(-8.16416639938312,91.1644409021164,309.081940866842));
#8425=CARTESIAN_POINT('Ctrl Pts',(-17.4449951948146,98.9209152056433,310.390094300939));
#8426=CARTESIAN_POINT('',(-81.7040053680789,5.12411752682492,278.407138669669));
#8427=CARTESIAN_POINT('Ctrl Pts',(-81.7040053680789,5.12411752682492,278.407138669669));
#8428=CARTESIAN_POINT('Ctrl Pts',(-81.801291963277,5.47148563736967,278.6787132926));
#8429=CARTESIAN_POINT('Ctrl Pts',(-81.9083930362995,5.81557697096366,278.950166866372));
#8430=CARTESIAN_POINT('Ctrl Pts',(-82.0250814878083,6.15608431729486,279.221553263515));
#8431=CARTESIAN_POINT('Ctrl Pts',(-82.1433370230925,6.50116455435291,279.496584281992));
#8432=CARTESIAN_POINT('Ctrl Pts',(-82.2714396432957,6.84256400332899,279.771546307408));
#8433=CARTESIAN_POINT('Ctrl Pts',(-82.4091806828733,7.17991679752475,280.046495412036));
#8434=CARTESIAN_POINT('Ctrl Pts',(-82.5488189805701,7.52191632104531,280.325231691661));
#8435=CARTESIAN_POINT('Ctrl Pts',(-82.6983635299215,7.85975707419485,280.603954692104));
#8436=CARTESIAN_POINT('Ctrl Pts',(-82.8576179692522,8.19300896170632,280.882722834733));
#8437=CARTESIAN_POINT('Ctrl Pts',(-82.8844504816462,8.24915801123699,280.929692009806));
#8438=CARTESIAN_POINT('Ctrl Pts',(-82.9115586794141,8.30517667699759,280.97666246639));
#8439=CARTESIAN_POINT('Ctrl Pts',(-82.9389416659498,8.36106276347309,281.02363448392));
#8440=CARTESIAN_POINT('Ctrl Pts',(-83.1028871897135,8.69566007652984,281.30486209969));
#8441=CARTESIAN_POINT('Ctrl Pts',(-83.2766819502103,9.02550915315843,281.586145668709));
#8442=CARTESIAN_POINT('Ctrl Pts',(-83.4601313372946,9.35015335888225,281.867545161433));
#8443=CARTESIAN_POINT('Ctrl Pts',(-83.6436765581899,9.67496715847579,282.149091657023));
#8444=CARTESIAN_POINT('Ctrl Pts',(-83.8368870143435,9.99457068288988,282.430754197468));
#8445=CARTESIAN_POINT('Ctrl Pts',(-84.0395727210774,10.3084548273143,282.712592847258));
#8446=CARTESIAN_POINT('Ctrl Pts',(-84.1054281352456,10.4104401654271,282.804166157037));
#8447=CARTESIAN_POINT('Ctrl Pts',(-84.1722838487165,10.5118213044018,282.895758058517));
#8448=CARTESIAN_POINT('Ctrl Pts',(-84.240133315564,10.6125795950492,282.987370611962));
#8449=CARTESIAN_POINT('Ctrl Pts',(-84.4018188420078,10.8526869683834,283.205683660256));
#8450=CARTESIAN_POINT('Ctrl Pts',(-84.5689089532095,11.0888773675486,283.423772622185));
#8451=CARTESIAN_POINT('Ctrl Pts',(-84.74119709897,11.3209873266777,283.641696269444));
#8452=CARTESIAN_POINT('Ctrl Pts',(-84.9999618260616,11.6696002272585,283.96900232327));
#8453=CARTESIAN_POINT('Ctrl Pts',(-85.2704497061864,12.0090096129716,284.295935461324));
#8454=CARTESIAN_POINT('Ctrl Pts',(-85.5520852680226,12.3386898847847,284.622694804702));
#8455=CARTESIAN_POINT('Ctrl Pts',(-85.8240430839647,12.6570414668682,284.938225829209));
#8456=CARTESIAN_POINT('Ctrl Pts',(-86.1063962196217,12.9663215185726,285.253594797916));
#8457=CARTESIAN_POINT('Ctrl Pts',(-86.3986753424182,13.2660356213358,285.568981002212));
#8458=CARTESIAN_POINT('Ctrl Pts',(-86.6897166872939,13.5644804596527,285.883031572007));
#8459=CARTESIAN_POINT('Ctrl Pts',(-86.9906004360967,13.8534407110864,286.197099231717));
#8460=CARTESIAN_POINT('Ctrl Pts',(-87.3009061296389,14.1323997381806,286.511361004509));
#8461=CARTESIAN_POINT('Ctrl Pts',(-87.6072070354282,14.4077585358284,286.821566932614));
#8462=CARTESIAN_POINT('Ctrl Pts',(-87.9226885927914,14.6733730342652,287.131961995708));
#8463=CARTESIAN_POINT('Ctrl Pts',(-88.2469834605946,14.9287115558473,287.442716451083));
#8464=CARTESIAN_POINT('Ctrl Pts',(-88.2892403541555,14.9619831669634,287.483208975782));
#8465=CARTESIAN_POINT('Ctrl Pts',(-88.3316469380175,14.99508024671,287.523707602643));
#8466=CARTESIAN_POINT('Ctrl Pts',(-88.3742024420402,15.02800156845,287.564212708351));
#8467=CARTESIAN_POINT('',(25.2706072330343,30.1322293727685,301.233020262257));
#8468=CARTESIAN_POINT('Ctrl Pts',(25.2706072330343,30.1322293727683,301.233020262257));
#8469=CARTESIAN_POINT('Ctrl Pts',(-10.3875969673368,21.7961920907872,293.624393064728));
#8470=CARTESIAN_POINT('Ctrl Pts',(-46.0458011677078,13.460154808806,286.015765867199));
#8471=CARTESIAN_POINT('Ctrl Pts',(-81.7040053680789,5.12411752682491,278.407138669669));
#8472=CARTESIAN_POINT('Ctrl Pts',(25.2706072330343,30.1322293727683,301.233020262257));
#8473=CARTESIAN_POINT('Ctrl Pts',(23.3903404164574,37.9734883227913,302.105122551655));
#8474=CARTESIAN_POINT('Ctrl Pts',(18.2380123032691,52.9434059400819,303.849327130452));
#8475=CARTESIAN_POINT('Ctrl Pts',(4.96893467535134,76.5561500764964,306.901685143346));
#8476=CARTESIAN_POINT('Ctrl Pts',(-8.16416639938312,91.1644409021164,309.081940866842));
#8477=CARTESIAN_POINT('Ctrl Pts',(-17.4449951948146,98.9209152056433,310.390094300939));
#8478=CARTESIAN_POINT('Ctrl Pts',(-82.2685179992513,-6.8049959083521,269.244905370069));
#8479=CARTESIAN_POINT('Ctrl Pts',(-81.6406508958895,-5.18699922986919,270.553571738482));
#8480=CARTESIAN_POINT('Ctrl Pts',(-80.9903019852199,-2.34209641915175,272.734682352502));
#8481=CARTESIAN_POINT('Ctrl Pts',(-80.9918617139369,1.72216381998292,275.788237212131));
#8482=CARTESIAN_POINT('Ctrl Pts',(-81.4034420011561,4.00709044460512,277.533125703347));
#8483=CARTESIAN_POINT('Ctrl Pts',(-81.7113572545749,5.12239883118957,278.405569948955));
#8484=CARTESIAN_POINT('Ctrl Pts',(-48.6798830987393,-21.3990007620488,276.854055474503));
#8485=CARTESIAN_POINT('Ctrl Pts',(-46.6750673963741,-16.6119066197547,278.162721842916));
#8486=CARTESIAN_POINT('Ctrl Pts',(-44.5573482041233,-8.38405598214059,280.343832456936));
#8487=CARTESIAN_POINT('Ctrl Pts',(-44.2057843635017,3.3502694976133,283.397387316565));
#8488=CARTESIAN_POINT('Ctrl Pts',(-45.2184127765036,10.1006385276529,285.142275807781));
#8489=CARTESIAN_POINT('Ctrl Pts',(-46.0507024253718,13.4590090117159,286.014720053389));
#8490=CARTESIAN_POINT('Ctrl Pts',(-15.0912481982273,-35.9930056157454,284.463205578937));
#8491=CARTESIAN_POINT('Ctrl Pts',(-11.7094838968586,-28.0368140096402,285.771871947349));
#8492=CARTESIAN_POINT('Ctrl Pts',(-8.12439442302681,-14.4260155451295,287.95298256137));
#8493=CARTESIAN_POINT('Ctrl Pts',(-7.41970701306653,4.9783751752437,291.006537420999));
#8494=CARTESIAN_POINT('Ctrl Pts',(-9.03338355185119,16.1941866107006,292.751425912215));
#8495=CARTESIAN_POINT('Ctrl Pts',(-10.3900475961688,21.7956191922422,293.623870157823));
#8496=CARTESIAN_POINT('Ctrl Pts',(18.4973867022848,-50.5870104694421,292.072355683371));
#8497=CARTESIAN_POINT('Ctrl Pts',(23.2560996026569,-39.4617213995257,293.381022051783));
#8498=CARTESIAN_POINT('Ctrl Pts',(28.3085593580697,-20.4679751081183,295.562132665804));
#8499=CARTESIAN_POINT('Ctrl Pts',(29.3663703373687,6.60648085287409,298.615687525432));
#8500=CARTESIAN_POINT('Ctrl Pts',(27.1516456728012,22.2877346937483,300.360576016649));
#8501=CARTESIAN_POINT('Ctrl Pts',(25.2706072330343,30.1322293727685,301.233020262257));
#8502=CARTESIAN_POINT('',(-82.2615932853747,-6.80800464354555,269.246474090783));
#8503=CARTESIAN_POINT('Ctrl Pts',(-82.2615932853747,-6.80800464354555,269.246474090783));
#8504=CARTESIAN_POINT('Ctrl Pts',(-82.1329257897273,-6.47275863708016,269.516810045655));
#8505=CARTESIAN_POINT('Ctrl Pts',(-82.0140156465391,-6.13432350092414,269.787026051125));
#8506=CARTESIAN_POINT('Ctrl Pts',(-81.9048529604558,-5.79306884746858,270.057175229179));
#8507=CARTESIAN_POINT('Ctrl Pts',(-81.7930926114233,-5.44369361177638,270.333752945553));
#8508=CARTESIAN_POINT('Ctrl Pts',(-81.6915493728702,-5.09136268330967,270.610260616185));
#8509=CARTESIAN_POINT('Ctrl Pts',(-81.6002633457722,-4.73649362608405,270.886755246334));
#8510=CARTESIAN_POINT('Ctrl Pts',(-81.5081268057508,-4.37831824992973,271.165825980008));
#8511=CARTESIAN_POINT('Ctrl Pts',(-81.4264398511942,-4.01755686043706,271.444883429069));
#8512=CARTESIAN_POINT('Ctrl Pts',(-81.3552901864295,-3.65466559979854,271.723986207023));
#8513=CARTESIAN_POINT('Ctrl Pts',(-81.2836246616205,-3.28914325013919,272.005112578087));
#8514=CARTESIAN_POINT('Ctrl Pts',(-81.2226501381327,-2.92145965530116,272.286284937728));
#8515=CARTESIAN_POINT('Ctrl Pts',(-81.1724977716987,-2.55211364865595,272.567563183621));
#8516=CARTESIAN_POINT('Ctrl Pts',(-81.1364816362029,-2.28687360584208,272.769558745075));
#8517=CARTESIAN_POINT('Ctrl Pts',(-81.1060475503207,-2.02077689792915,272.971608913859));
#8518=CARTESIAN_POINT('Ctrl Pts',(-81.0812555967997,-1.7540201989336,273.173735873318));
#8519=CARTESIAN_POINT('Ctrl Pts',(-81.0544974392167,-1.46610751863557,273.391893148757));
#8520=CARTESIAN_POINT('Ctrl Pts',(-81.0343117948112,-1.17742576520925,273.610139878121));
#8521=CARTESIAN_POINT('Ctrl Pts',(-81.0207754060154,-0.888213553522595,
273.828503952365));
#8522=CARTESIAN_POINT('Ctrl Pts',(-81.0004463067485,-0.453871436927131,
274.156445548061));
#8523=CARTESIAN_POINT('Ctrl Pts',(-80.9951927510205,-0.019346244964278,
274.483881279484));
#8524=CARTESIAN_POINT('Ctrl Pts',(-81.0047935505975,0.414546089783232,274.811010369766));
#8525=CARTESIAN_POINT('Ctrl Pts',(-81.0143943501744,0.848438424530742,275.138139460049));
#8526=CARTESIAN_POINT('Ctrl Pts',(-81.0388494227447,1.2816986725356,275.464961909189));
#8527=CARTESIAN_POINT('Ctrl Pts',(-81.0779954941164,1.71353218724812,275.791676940319));
#8528=CARTESIAN_POINT('Ctrl Pts',(-81.1157606535016,2.13013239614616,276.106866812299));
#8529=CARTESIAN_POINT('Ctrl Pts',(-81.167198865013,2.54540544956071,276.421956711128));
#8530=CARTESIAN_POINT('Ctrl Pts',(-81.2322639270066,2.95868897869955,276.737125511611));
#8531=CARTESIAN_POINT('Ctrl Pts',(-81.2965611654364,3.36709540755668,277.048575049803));
#8532=CARTESIAN_POINT('Ctrl Pts',(-81.3741655334465,3.77355955283816,277.360101638424));
#8533=CARTESIAN_POINT('Ctrl Pts',(-81.4650828552979,4.17744204207002,277.671877894086));
#8534=CARTESIAN_POINT('Ctrl Pts',(-81.5364997923295,4.49469787092892,277.916782877704));
#8535=CARTESIAN_POINT('Ctrl Pts',(-81.616132241448,4.81036081755479,278.161841914402));
#8536=CARTESIAN_POINT('Ctrl Pts',(-81.7040053680789,5.12411752682492,278.407138669669));
#8537=CARTESIAN_POINT('',(18.4973867022848,-50.5870104694421,292.072355683371));
#8538=CARTESIAN_POINT('Ctrl Pts',(18.4973867022848,-50.5870104694421,292.072355683371));
#8539=CARTESIAN_POINT('Ctrl Pts',(-15.0889399602684,-35.9940085274766,284.463728485842));
#8540=CARTESIAN_POINT('Ctrl Pts',(-48.6752666228216,-21.4010065855111,276.855101288312));
#8541=CARTESIAN_POINT('Ctrl Pts',(-82.2615932853747,-6.80800464354555,269.246474090783));
#8542=CARTESIAN_POINT('Ctrl Pts',(18.4973867022848,-50.5870104694421,292.072355683371));
#8543=CARTESIAN_POINT('Ctrl Pts',(23.2560996026569,-39.4617213995257,293.381022051783));
#8544=CARTESIAN_POINT('Ctrl Pts',(28.3085593580697,-20.4679751081183,295.562132665804));
#8545=CARTESIAN_POINT('Ctrl Pts',(29.3663703373687,6.60648085287409,298.615687525432));
#8546=CARTESIAN_POINT('Ctrl Pts',(27.1516456728012,22.2877346937483,300.360576016649));
#8547=CARTESIAN_POINT('Ctrl Pts',(25.2706072330343,30.1322293727685,301.233020262257));
#8548=CARTESIAN_POINT('Ctrl Pts',(-89.8383430990016,-16.0453671508718,260.080459786118));
#8549=CARTESIAN_POINT('Ctrl Pts',(-88.3680504431015,-15.1218664004387,261.389666028052));
#8550=CARTESIAN_POINT('Ctrl Pts',(-86.1470146749294,-13.2269899962621,263.571676431275));
#8551=CARTESIAN_POINT('Ctrl Pts',(-83.7212505460876,-9.96392349057174,266.626490995787));
#8552=CARTESIAN_POINT('Ctrl Pts',(-82.6872801067302,-7.88410014953906,268.372099318365));
#8553=CARTESIAN_POINT('Ctrl Pts',(-82.2685263440022,-6.80499228262169,269.244903479654));
#8554=CARTESIAN_POINT('Ctrl Pts',(-71.6061245941708,-47.8064723375128,267.689610520691));
#8555=CARTESIAN_POINT('Ctrl Pts',(-67.1378511046915,-45.1620037142709,268.998816762624));
#8556=CARTESIAN_POINT('Ctrl Pts',(-60.5242694430622,-39.8232394026393,271.180827165847));
#8557=CARTESIAN_POINT('Ctrl Pts',(-53.2348778061299,-30.614838152703,274.235641730359));
#8558=CARTESIAN_POINT('Ctrl Pts',(-50.017009931112,-24.5917625514396,275.981250052937));
#8559=CARTESIAN_POINT('Ctrl Pts',(-48.6798886619065,-21.3989983448952,276.854054214227));
#8560=CARTESIAN_POINT('Ctrl Pts',(-53.37390608934,-79.5675775241539,275.298761255263));
#8561=CARTESIAN_POINT('Ctrl Pts',(-45.9076517662815,-75.2021410281032,276.607967497197));
#8562=CARTESIAN_POINT('Ctrl Pts',(-34.901524211195,-66.4194888090165,278.789977900419));
#8563=CARTESIAN_POINT('Ctrl Pts',(-22.7485050661722,-51.2657528148344,281.844792464931));
#8564=CARTESIAN_POINT('Ctrl Pts',(-17.3467397554938,-41.2994249533402,283.59040078751));
#8565=CARTESIAN_POINT('Ctrl Pts',(-15.0912509798109,-35.9930044071686,284.463204948799));
#8566=CARTESIAN_POINT('Ctrl Pts',(-35.1416875845091,-111.328682710795,282.907911989835));
#8567=CARTESIAN_POINT('Ctrl Pts',(-24.6774524278714,-105.242278341935,284.217118231769));
#8568=CARTESIAN_POINT('Ctrl Pts',(-9.27877897932774,-93.0157382153937,286.399128634992));
#8569=CARTESIAN_POINT('Ctrl Pts',(7.73786767378556,-71.9166674769657,289.453943199504));
#8570=CARTESIAN_POINT('Ctrl Pts',(15.3235304201244,-58.0070873552407,291.199551522082));
#8571=CARTESIAN_POINT('Ctrl Pts',(18.4973867022848,-50.5870104694421,292.072355683371));
#8572=CARTESIAN_POINT('',(-89.8345797716229,-16.0519229869976,260.082030397247));
#8573=CARTESIAN_POINT('Ctrl Pts',(-89.8345797716229,-16.0519229869976,260.082030397247));
#8574=CARTESIAN_POINT('Ctrl Pts',(-89.5312212468982,-15.8598109960426,260.352353685471));
#8575=CARTESIAN_POINT('Ctrl Pts',(-89.2337859780056,-15.6593160366242,260.622557033522));
#8576=CARTESIAN_POINT('Ctrl Pts',(-88.9424865559947,-15.4507404961985,260.892693538291));
#8577=CARTESIAN_POINT('Ctrl Pts',(-88.6442518500012,-15.237199169728,261.169261478323));
#8578=CARTESIAN_POINT('Ctrl Pts',(-88.3524485838623,-15.0151874659014,261.44575935436));
#8579=CARTESIAN_POINT('Ctrl Pts',(-88.0673580864378,-14.7850164018415,261.722244146706));
#8580=CARTESIAN_POINT('Ctrl Pts',(-87.7796099313599,-14.5526996475691,262.001306372994));
#8581=CARTESIAN_POINT('Ctrl Pts',(-87.4987003444574,-14.3120701933658,262.280355270516));
#8582=CARTESIAN_POINT('Ctrl Pts',(-87.2249718783357,-14.0634415894595,262.559449428015));
#8583=CARTESIAN_POINT('Ctrl Pts',(-86.9492559192603,-13.8130077381659,262.840570037783));
#8584=CARTESIAN_POINT('Ctrl Pts',(-86.6808258043277,-13.554457637287,263.121736567163));
#8585=CARTESIAN_POINT('Ctrl Pts',(-86.4200844417835,-13.2881131532725,263.40300889039));
#8586=CARTESIAN_POINT('Ctrl Pts',(-86.2322981550698,-13.0962914907954,263.605581603131));
#8587=CARTESIAN_POINT('Ctrl Pts',(-86.0485010528652,-12.9004269690137,263.808209190083));
#8588=CARTESIAN_POINT('Ctrl Pts',(-85.8688601618267,-12.70064255174,264.010914017944));
#8589=CARTESIAN_POINT('Ctrl Pts',(-85.6754451896649,-12.4855395354838,264.229161369151));
#8590=CARTESIAN_POINT('Ctrl Pts',(-85.4868480505939,-12.2658922857088,264.44749826037));
#8591=CARTESIAN_POINT('Ctrl Pts',(-85.3032730365685,-12.0418466079363,264.665952607813));
#8592=CARTESIAN_POINT('Ctrl Pts',(-85.0275777592625,-11.7053719760773,264.994030109082));
#8593=CARTESIAN_POINT('Ctrl Pts',(-84.7638783143966,-11.3597439158728,265.321601099827));
#8594=CARTESIAN_POINT('Ctrl Pts',(-84.5124846476491,-11.0057501539184,265.64886506116));
#8595=CARTESIAN_POINT('Ctrl Pts',(-84.2610909809015,-10.6517563919641,265.976129022493));
#8596=CARTESIAN_POINT('Ctrl Pts',(-84.0220025650641,-10.2893963582285,266.303085954413));
#8597=CARTESIAN_POINT('Ctrl Pts',(-83.7955631401421,-9.91940603454187,266.629935338033));
#8598=CARTESIAN_POINT('Ctrl Pts',(-83.5772002998316,-9.56261243291783,266.94512673982));
#8599=CARTESIAN_POINT('Ctrl Pts',(-83.3706000064967,-9.19872243652489,267.260218128498));
#8600=CARTESIAN_POINT('Ctrl Pts',(-83.1761205666707,-8.82829507565245,267.57538839233));
#8601=CARTESIAN_POINT('Ctrl Pts',(-82.9839382635916,-8.46224309915736,267.886835953161));
#8602=CARTESIAN_POINT('Ctrl Pts',(-82.8035918323027,-8.08980683159869,268.198360536849));
#8603=CARTESIAN_POINT('Ctrl Pts',(-82.6354675710894,-7.71149576822891,268.510134767305));
#8604=CARTESIAN_POINT('Ctrl Pts',(-82.5032089890041,-7.41388919754467,268.755398700978));
#8605=CARTESIAN_POINT('Ctrl Pts',(-82.3785148434472,-7.11264634979989,269.000817129105));
#8606=CARTESIAN_POINT('Ctrl Pts',(-82.2615932853747,-6.80800464354556,269.246474090783));
#8607=CARTESIAN_POINT('',(-35.1416875845091,-111.328682710795,282.907911989835));
#8608=CARTESIAN_POINT('Ctrl Pts',(-35.1416875845091,-111.328682710795,282.907911989835));
#8609=CARTESIAN_POINT('Ctrl Pts',(-53.3726516468804,-79.5697628028625,275.299284792306));
#8610=CARTESIAN_POINT('Ctrl Pts',(-71.6036157092516,-47.81084289493,267.690657594777));
#8611=CARTESIAN_POINT('Ctrl Pts',(-89.8345797716229,-16.0519229869976,260.082030397247));
#8612=CARTESIAN_POINT('Ctrl Pts',(-35.1416875845091,-111.328682710795,282.907911989835));
#8613=CARTESIAN_POINT('Ctrl Pts',(-24.6774524278714,-105.242278341935,284.217118231769));
#8614=CARTESIAN_POINT('Ctrl Pts',(-9.27877897932774,-93.0157382153937,286.399128634992));
#8615=CARTESIAN_POINT('Ctrl Pts',(7.73786767378556,-71.9166674769657,289.453943199504));
#8616=CARTESIAN_POINT('Ctrl Pts',(15.3235304201244,-58.0070873552407,291.199551522082));
#8617=CARTESIAN_POINT('Ctrl Pts',(18.4973867022848,-50.5870104694421,292.072355683371));
#8618=CARTESIAN_POINT('Ctrl Pts',(-101.433034886069,-18.9382978678382,250.912045606183));
#8619=CARTESIAN_POINT('Ctrl Pts',(-99.7014708918486,-19.0758100926139,252.221818776643));
#8620=CARTESIAN_POINT('Ctrl Pts',(-96.7870945740611,-18.882275977321,254.404774060743));
#8621=CARTESIAN_POINT('Ctrl Pts',(-92.8911102796962,-17.7128071174046,257.460911458483));
#8622=CARTESIAN_POINT('Ctrl Pts',(-90.8189689728739,-16.6612894096148,259.207275685763));
#8623=CARTESIAN_POINT('Ctrl Pts',(-89.8383478593516,-16.0453588581905,260.080457799404));
#8624=CARTESIAN_POINT('Ctrl Pts',(-105.779398083311,-55.3016166753043,258.521197002993));
#8625=CARTESIAN_POINT('Ctrl Pts',(-100.613866362318,-55.8495774355173,259.830970173453));
#8626=CARTESIAN_POINT('Ctrl Pts',(-92.1171773701857,-55.5169481262621,262.013925457553));
#8627=CARTESIAN_POINT('Ctrl Pts',(-80.7665839887241,-52.481887827449,265.070062855294));
#8628=CARTESIAN_POINT('Ctrl Pts',(-74.58632103706,-49.5702363996629,266.816427082574));
#8629=CARTESIAN_POINT('Ctrl Pts',(-71.6061277677375,-47.8064668090586,267.689609196214));
#8630=CARTESIAN_POINT('Ctrl Pts',(-110.125761280554,-91.6649354827703,266.130348399804));
#8631=CARTESIAN_POINT('Ctrl Pts',(-101.526261832787,-92.6233447784208,267.440121570264));
#8632=CARTESIAN_POINT('Ctrl Pts',(-87.4472601663103,-92.1516202752032,269.623076854364));
#8633=CARTESIAN_POINT('Ctrl Pts',(-68.6420576977521,-87.2509685374934,272.679214252104));
#8634=CARTESIAN_POINT('Ctrl Pts',(-58.3536731012462,-82.479183389711,274.425578479385));
#8635=CARTESIAN_POINT('Ctrl Pts',(-53.3739076761233,-79.5675747599268,275.298760593025));
#8636=CARTESIAN_POINT('Ctrl Pts',(-114.472124477796,-128.028254290236,273.739499796614));
#8637=CARTESIAN_POINT('Ctrl Pts',(-102.438657303255,-129.397112121324,275.049272967074));
#8638=CARTESIAN_POINT('Ctrl Pts',(-82.7773429624349,-128.786292424144,277.232228251175));
#8639=CARTESIAN_POINT('Ctrl Pts',(-56.51753140678,-122.020049247538,280.288365648915));
#8640=CARTESIAN_POINT('Ctrl Pts',(-42.1210251654324,-115.388130379759,282.034729876195));
#8641=CARTESIAN_POINT('Ctrl Pts',(-35.1416875845091,-111.328682710795,282.907911989835));
#8642=CARTESIAN_POINT('',(-101.433933157247,-18.9458131443479,250.913618204026));
#8643=CARTESIAN_POINT('Ctrl Pts',(-101.433933157247,-18.9458131443479,250.913618204026));
#8644=CARTESIAN_POINT('Ctrl Pts',(-101.075901491626,-18.9729111354854,251.183928139861));
#8645=CARTESIAN_POINT('Ctrl Pts',(-100.717614165535,-18.9897487361924,251.454118145309));
#8646=CARTESIAN_POINT('Ctrl Pts',(-100.359422146984,-18.9964415724884,251.724241290878));
#8647=CARTESIAN_POINT('Ctrl Pts',(-99.9926978020285,-19.0032938357422,252.000798914963));
#8648=CARTESIAN_POINT('Ctrl Pts',(-99.6260730502098,-18.999511940455,252.277286455954));
#8649=CARTESIAN_POINT('Ctrl Pts',(-99.2599591528317,-18.9851773893026,252.55376086792));
#8650=CARTESIAN_POINT('Ctrl Pts',(-98.8904302531632,-18.9707091296912,252.832814151534));
#8651=CARTESIAN_POINT('Ctrl Pts',(-98.5214215301667,-18.945489990365,253.111854060054));
#8652=CARTESIAN_POINT('Ctrl Pts',(-98.1533948689183,-18.9095669425359,253.390939156211));
#8653=CARTESIAN_POINT('Ctrl Pts',(-97.7826918675402,-18.8733826573982,253.672053797293));
#8654=CARTESIAN_POINT('Ctrl Pts',(-97.4129850049114,-18.8263377643996,253.953214285623));
#8655=CARTESIAN_POINT('Ctrl Pts',(-97.0447895568206,-18.7684498596333,254.234480470876));
#8656=CARTESIAN_POINT('Ctrl Pts',(-96.7788154763563,-18.7266332583687,254.437659286302));
#8657=CARTESIAN_POINT('Ctrl Pts',(-96.5136309753226,-18.6791578887259,254.640893256634));
#8658=CARTESIAN_POINT('Ctrl Pts',(-96.249445316328,-18.6260226287842,254.844204942152));
#8659=CARTESIAN_POINT('Ctrl Pts',(-95.9657291616811,-18.5689592299449,255.062546883306));
#8660=CARTESIAN_POINT('Ctrl Pts',(-95.6831647555395,-18.5053681321375,255.280978454903));
#8661=CARTESIAN_POINT('Ctrl Pts',(-95.4020033872027,-18.4352442661614,255.499527599683));
#8662=CARTESIAN_POINT('Ctrl Pts',(-94.9797512397726,-18.3299312454942,255.827747818015));
#8663=CARTESIAN_POINT('Ctrl Pts',(-94.5616591846138,-18.2101000358787,256.155460846589));
#8664=CARTESIAN_POINT('Ctrl Pts',(-94.1484472017822,-18.0761980978935,256.482866437671));
#8665=CARTESIAN_POINT('Ctrl Pts',(-93.7352352189505,-17.9422961599082,256.810272028753));
#8666=CARTESIAN_POINT('Ctrl Pts',(-93.3269025434656,-17.7943233510673,257.137370182343));
#8667=CARTESIAN_POINT('Ctrl Pts',(-92.92416533378,-17.6326653414209,257.464360650708));
#8668=CARTESIAN_POINT('Ctrl Pts',(-92.5359585718149,-17.4768398280061,257.779553555323));
#8669=CARTESIAN_POINT('Ctrl Pts',(-92.1529502047301,-17.3082983583428,258.094646404937));
#8670=CARTESIAN_POINT('Ctrl Pts',(-91.7757614835627,-17.1272754253228,258.409818101771));
#8671=CARTESIAN_POINT('Ctrl Pts',(-91.4030324575406,-16.9483928190153,258.721263362455));
#8672=CARTESIAN_POINT('Ctrl Pts',(-91.0359857353017,-16.7573219944167,259.032785616879));
#8673=CARTESIAN_POINT('Ctrl Pts',(-90.6752354040701,-16.5542409838758,259.344557496242));
#8674=CARTESIAN_POINT('Ctrl Pts',(-90.3910046921587,-16.394235974304,259.590198693362));
#8675=CARTESIAN_POINT('Ctrl Pts',(-90.1106827597892,-16.2267744925334,259.835994849373));
#8676=CARTESIAN_POINT('Ctrl Pts',(-89.8345797716229,-16.0519229869976,260.082030397247));
#8677=CARTESIAN_POINT('',(-114.472124477796,-128.028254290236,273.739499796614));
#8678=CARTESIAN_POINT('Ctrl Pts',(-114.472124477796,-128.028254290236,273.739499796614));
#8679=CARTESIAN_POINT('Ctrl Pts',(-110.12606070428,-91.6674405749403,266.130872599085));
#8680=CARTESIAN_POINT('Ctrl Pts',(-105.779996930764,-55.3066268596441,258.522245401556));
#8681=CARTESIAN_POINT('Ctrl Pts',(-101.433933157247,-18.9458131443479,250.913618204026));
#8682=CARTESIAN_POINT('Ctrl Pts',(-114.472124477796,-128.028254290236,273.739499796614));
#8683=CARTESIAN_POINT('Ctrl Pts',(-102.438657303255,-129.397112121324,275.049272967074));
#8684=CARTESIAN_POINT('Ctrl Pts',(-82.7773429624349,-128.786292424144,277.232228251175));
#8685=CARTESIAN_POINT('Ctrl Pts',(-56.51753140678,-122.020049247538,280.288365648915));
#8686=CARTESIAN_POINT('Ctrl Pts',(-42.1210251654324,-115.388130379759,282.034729876195));
#8687=CARTESIAN_POINT('Ctrl Pts',(-35.1416875845091,-111.328682710795,282.907911989835));
#8688=CARTESIAN_POINT('Ctrl Pts',(-112.464538702002,-14.3299549716342,241.73947259107));
#8689=CARTESIAN_POINT('Ctrl Pts',(-111.157611068878,-15.4753366894114,243.04983986699));
#8690=CARTESIAN_POINT('Ctrl Pts',(-108.70376719302,-17.0620184449992,245.233785326857));
#8691=CARTESIAN_POINT('Ctrl Pts',(-104.878945490436,-18.4520533858477,248.29130897067));
#8692=CARTESIAN_POINT('Ctrl Pts',(-102.587932600134,-18.8465678294259,250.038465338563));
#8693=CARTESIAN_POINT('Ctrl Pts',(-101.433033695871,-18.9382879101903,250.91204352251));
#8694=CARTESIAN_POINT('Ctrl Pts',(-137.676478854832,-40.8919606622815,249.348624682438));
#8695=CARTESIAN_POINT('Ctrl Pts',(-133.859962877088,-44.4193760220095,250.658991958358));
#8696=CARTESIAN_POINT('Ctrl Pts',(-126.844385238622,-49.2310356235078,252.842937418225));
#8697=CARTESIAN_POINT('Ctrl Pts',(-115.923618533592,-53.5792765070908,255.900461062038));
#8698=CARTESIAN_POINT('Ctrl Pts',(-109.224709813312,-54.9361259052061,257.647617429931));
#8699=CARTESIAN_POINT('Ctrl Pts',(-105.779397289846,-55.3016100368723,258.521195613878));
#8700=CARTESIAN_POINT('Ctrl Pts',(-162.888419007662,-67.4539663529287,256.957776773806));
#8701=CARTESIAN_POINT('Ctrl Pts',(-156.562314685297,-73.3634153546076,258.268144049726));
#8702=CARTESIAN_POINT('Ctrl Pts',(-144.985003284223,-81.4000528020165,260.452089509593));
#8703=CARTESIAN_POINT('Ctrl Pts',(-126.968291576749,-88.7064996283338,263.509613153406));
#8704=CARTESIAN_POINT('Ctrl Pts',(-115.86148702649,-91.0256839809863,265.2567695213));
#8705=CARTESIAN_POINT('Ctrl Pts',(-110.125760883821,-91.6649321635544,266.130347705246));
#8706=CARTESIAN_POINT('Ctrl Pts',(-188.100359160493,-94.015972043576,264.566928865174));
#8707=CARTESIAN_POINT('Ctrl Pts',(-179.264666493507,-102.307454687206,265.877296141094));
#8708=CARTESIAN_POINT('Ctrl Pts',(-163.125621329824,-113.569069980525,268.061241600961));
#8709=CARTESIAN_POINT('Ctrl Pts',(-138.012964619906,-123.833722749577,271.118765244774));
#8710=CARTESIAN_POINT('Ctrl Pts',(-122.498264239668,-127.115242056767,272.865921612668));
#8711=CARTESIAN_POINT('Ctrl Pts',(-114.472124477796,-128.028254290236,273.739499796614));
#8712=CARTESIAN_POINT('',(-112.469756205302,-14.33545186523,241.741047272587));
#8713=CARTESIAN_POINT('Ctrl Pts',(-112.469756205302,-14.33545186523,241.741047272587));
#8714=CARTESIAN_POINT('Ctrl Pts',(-112.19886308102,-14.5710894474455,242.011343438812));
#8715=CARTESIAN_POINT('Ctrl Pts',(-111.921635297553,-14.7986527655801,242.28151968476));
#8716=CARTESIAN_POINT('Ctrl Pts',(-111.638423305901,-15.0180249596111,242.551629053427));
#8717=CARTESIAN_POINT('Ctrl Pts',(-111.348461381651,-15.2426255605142,242.828176073345));
#8718=CARTESIAN_POINT('Ctrl Pts',(-111.052226155632,-15.458639857922,243.104652990154));
#8719=CARTESIAN_POINT('Ctrl Pts',(-110.750096051172,-15.6658876055908,243.38111673056));
#8720=CARTESIAN_POINT('Ctrl Pts',(-110.445146204975,-15.8750695700606,243.660160671801));
#8721=CARTESIAN_POINT('Ctrl Pts',(-110.134190468401,-16.0753203836285,243.939191189544));
#8722=CARTESIAN_POINT('Ctrl Pts',(-109.817627233577,-16.2664018613174,244.218266819287));
#8723=CARTESIAN_POINT('Ctrl Pts',(-109.498758574695,-16.4588749214361,244.49937486341));
#8724=CARTESIAN_POINT('Ctrl Pts',(-109.174199967507,-16.6420443961857,244.780528678995));
#8725=CARTESIAN_POINT('Ctrl Pts',(-108.844375079216,-16.8156166381348,245.061788089761));
#8726=CARTESIAN_POINT('Ctrl Pts',(-108.605368382459,-16.9413952851367,245.265601947008));
#8727=CARTESIAN_POINT('Ctrl Pts',(-108.363596611893,-17.0621332373548,245.469471253723));
#8728=CARTESIAN_POINT('Ctrl Pts',(-108.119228483041,-17.1777033934232,245.673418774156));
#8729=CARTESIAN_POINT('Ctrl Pts',(-107.85749431553,-17.3014865509478,245.891859839802));
#8730=CARTESIAN_POINT('Ctrl Pts',(-107.592781448899,-17.4193414190009,246.110390630691));
#8731=CARTESIAN_POINT('Ctrl Pts',(-107.325288654969,-17.5311135792812,246.329039117365));
#8732=CARTESIAN_POINT('Ctrl Pts',(-106.923563719145,-17.6989747887586,246.657408895059));
#8733=CARTESIAN_POINT('Ctrl Pts',(-106.516497514974,-17.8526947446482,246.985270770544));
#8734=CARTESIAN_POINT('Ctrl Pts',(-106.104935983444,-17.9922021909936,247.312824780508));
#8735=CARTESIAN_POINT('Ctrl Pts',(-105.693374451914,-18.131709637339,247.640378790473));
#8736=CARTESIAN_POINT('Ctrl Pts',(-105.277316892933,-18.2570049178342,247.967624934917));
#8737=CARTESIAN_POINT('Ctrl Pts',(-104.857569180088,-18.3679694363352,248.29476325053));
#8738=CARTESIAN_POINT('Ctrl Pts',(-104.453145982917,-18.4748827653932,248.609958115132));
#8739=CARTESIAN_POINT('Ctrl Pts',(-104.045296415467,-18.5684926265657,248.925052880596));
#8740=CARTESIAN_POINT('Ctrl Pts',(-103.634658797082,-18.6486159944344,249.240226464419));
#8741=CARTESIAN_POINT('Ctrl Pts',(-103.228880874516,-18.727791141345,249.551670122684));
#8742=CARTESIAN_POINT('Ctrl Pts',(-102.820379973978,-18.7937973120112,249.863190744794));
#8743=CARTESIAN_POINT('Ctrl Pts',(-102.409754906207,-18.8464104931473,250.17496097092));
#8744=CARTESIAN_POINT('Ctrl Pts',(-102.085707662337,-18.8879305017308,250.42099632148));
#8745=CARTESIAN_POINT('Ctrl Pts',(-101.76033714154,-18.9211089264731,250.66718711724));
#8746=CARTESIAN_POINT('Ctrl Pts',(-101.433933157247,-18.9458131443479,250.913618204026));
#8747=CARTESIAN_POINT('',(-188.100359160493,-94.0159720435759,264.566928865174));
#8748=CARTESIAN_POINT('Ctrl Pts',(-188.100359160493,-94.015972043576,264.566928865174));
#8749=CARTESIAN_POINT('Ctrl Pts',(-162.890158175429,-67.455798650794,256.958301667645));
#8750=CARTESIAN_POINT('Ctrl Pts',(-137.679957190366,-40.895625258012,249.349674470116));
#8751=CARTESIAN_POINT('Ctrl Pts',(-112.469756205302,-14.33545186523,241.741047272587));
#8752=CARTESIAN_POINT('Ctrl Pts',(-188.100359160493,-94.015972043576,264.566928865174));
#8753=CARTESIAN_POINT('Ctrl Pts',(-179.264666493507,-102.307454687206,265.877296141094));
#8754=CARTESIAN_POINT('Ctrl Pts',(-163.125621329824,-113.569069980525,268.061241600961));
#8755=CARTESIAN_POINT('Ctrl Pts',(-138.012964619906,-123.833722749577,271.118765244774));
#8756=CARTESIAN_POINT('Ctrl Pts',(-122.498264239668,-127.115242056767,272.865921612668));
#8757=CARTESIAN_POINT('Ctrl Pts',(-114.472124477796,-128.028254290236,273.739499796614));
#8758=CARTESIAN_POINT('Ctrl Pts',(-118.558236273864,-4.03779674305615,232.562549604583));
#8759=CARTESIAN_POINT('Ctrl Pts',(-118.316041416606,-5.17129487299465,233.436542062218));
#8760=CARTESIAN_POINT('Ctrl Pts',(-117.611015257788,-7.3886619661034,235.184526977487));
#8761=CARTESIAN_POINT('Ctrl Pts',(-115.687084995502,-10.9775935418826,238.243500579209));
#8762=CARTESIAN_POINT('Ctrl Pts',(-113.772074538738,-13.1840185007076,240.428481723296));
#8763=CARTESIAN_POINT('Ctrl Pts',(-112.464531474472,-14.3299473570803,241.739470409748));
#8764=CARTESIAN_POINT('Ctrl Pts',(-154.647516869129,-10.262437697739,240.171702423059));
#8765=CARTESIAN_POINT('Ctrl Pts',(-154.013053806215,-13.6702320393857,241.045694880693));
#8766=CARTESIAN_POINT('Ctrl Pts',(-152.117802851017,-20.2417616699002,242.793679795963));
#8767=CARTESIAN_POINT('Ctrl Pts',(-146.869534851757,-30.7665661727039,245.852653397684));
#8768=CARTESIAN_POINT('Ctrl Pts',(-141.494868260443,-37.3627944575404,248.037634541771));
#8769=CARTESIAN_POINT('Ctrl Pts',(-137.676474036479,-40.8919555859122,249.348623228223));
#8770=CARTESIAN_POINT('Ctrl Pts',(-190.736797464394,-16.4870786524218,247.780855241534));
#8771=CARTESIAN_POINT('Ctrl Pts',(-189.710066195825,-22.1691692057768,248.654847699169));
#8772=CARTESIAN_POINT('Ctrl Pts',(-186.624590444247,-33.0948613736969,250.402832614439));
#8773=CARTESIAN_POINT('Ctrl Pts',(-178.051984708011,-50.5555388035253,253.46180621616));
#8774=CARTESIAN_POINT('Ctrl Pts',(-169.217661982148,-61.5415704143732,255.646787360247));
#8775=CARTESIAN_POINT('Ctrl Pts',(-162.888416598486,-67.453963814744,256.957776046699));
#8776=CARTESIAN_POINT('Ctrl Pts',(-226.826078059658,-22.7117196071046,255.39000806001));
#8777=CARTESIAN_POINT('Ctrl Pts',(-225.407078585435,-30.6681063721679,256.264000517645));
#8778=CARTESIAN_POINT('Ctrl Pts',(-221.131378037476,-45.9479610774937,258.011985432914));
#8779=CARTESIAN_POINT('Ctrl Pts',(-209.234434564265,-70.3445114343466,261.070959034636));
#8780=CARTESIAN_POINT('Ctrl Pts',(-196.940455703853,-85.7203463712059,263.255940178722));
#8781=CARTESIAN_POINT('Ctrl Pts',(-188.100359160493,-94.0159720435759,264.566928865174));
#8782=CARTESIAN_POINT('',(-118.565715141329,-4.03908669020805,232.564126467422));
#8783=CARTESIAN_POINT('Ctrl Pts',(-118.565715141329,-4.03908669020805,232.564126467422));
#8784=CARTESIAN_POINT('Ctrl Pts',(-118.489045626962,-4.39149912226067,232.835640496524));
#8785=CARTESIAN_POINT('Ctrl Pts',(-118.402390384291,-4.74121749029467,233.107033520104));
#8786=CARTESIAN_POINT('Ctrl Pts',(-118.305958104377,-5.08792237388019,233.378359280805));
#8787=CARTESIAN_POINT('Ctrl Pts',(-118.208229028153,-5.43928965489322,233.653333760024));
#8788=CARTESIAN_POINT('Ctrl Pts',(-118.100457728421,-5.78756199303357,233.928239155132));
#8789=CARTESIAN_POINT('Ctrl Pts',(-117.982831064932,-6.13236248787724,234.203131406212));
#8790=CARTESIAN_POINT('Ctrl Pts',(-117.863578053307,-6.48193031714791,234.481824415446));
#8791=CARTESIAN_POINT('Ctrl Pts',(-117.734194792275,-6.82792979155954,234.760503914671));
#8792=CARTESIAN_POINT('Ctrl Pts',(-117.594852118344,-7.16992056618528,235.039228196542));
#8793=CARTESIAN_POINT('Ctrl Pts',(-117.570344937195,-7.23006890142645,235.08824940644));
#8794=CARTESIAN_POINT('Ctrl Pts',(-117.545529635599,-7.29009311572816,235.137272001587));
#8795=CARTESIAN_POINT('Ctrl Pts',(-117.520407085039,-7.3499906582363,235.186296299117));
#8796=CARTESIAN_POINT('Ctrl Pts',(-117.376306082316,-7.69355831930018,235.467495869793));
#8797=CARTESIAN_POINT('Ctrl Pts',(-117.222097345231,-8.03296248010001,235.748751450248));
#8798=CARTESIAN_POINT('Ctrl Pts',(-117.057948401016,-8.36773605110363,236.030122888713));
#8799=CARTESIAN_POINT('Ctrl Pts',(-116.893713866223,-8.70268417981474,236.311641039933));
#8800=CARTESIAN_POINT('Ctrl Pts',(-116.719528239608,-9.03299695337237,236.593275170017));
#8801=CARTESIAN_POINT('Ctrl Pts',(-116.535551402788,-9.35815516758914,236.87508522086));
#8802=CARTESIAN_POINT('Ctrl Pts',(-116.474804314041,-9.46551876420977,236.96813573996));
#8803=CARTESIAN_POINT('Ctrl Pts',(-116.4129897117,-9.57231996671926,237.061205438756));
#8804=CARTESIAN_POINT('Ctrl Pts',(-116.350113310266,-9.67853883460898,237.154296475081));
#8805=CARTESIAN_POINT('Ctrl Pts',(-116.202337891947,-9.92817999214681,237.373083913943));
#8806=CARTESIAN_POINT('Ctrl Pts',(-116.048914838629,-10.1742088493109,237.591645761601));
#8807=CARTESIAN_POINT('Ctrl Pts',(-115.890042321124,-10.4164490737035,237.810041189582));
#8808=CARTESIAN_POINT('Ctrl Pts',(-115.651425739567,-10.7802787351719,238.13805745867));
#8809=CARTESIAN_POINT('Ctrl Pts',(-115.400518793393,-11.1355629080254,238.465698315577));
#8810=CARTESIAN_POINT('Ctrl Pts',(-115.137869405787,-11.4817399185876,238.793164239032));
#8811=CARTESIAN_POINT('Ctrl Pts',(-114.884783442353,-11.8153121497473,239.10870667941));
#8812=CARTESIAN_POINT('Ctrl Pts',(-114.620793990834,-12.140428818521,239.424086693544));
#8813=CARTESIAN_POINT('Ctrl Pts',(-114.346341211741,-12.4565691782438,239.739483648747));
#8814=CARTESIAN_POINT('Ctrl Pts',(-114.073053835419,-12.7713671181418,240.053541340827));
#8815=CARTESIAN_POINT('Ctrl Pts',(-113.789391524038,-13.0772653481598,240.367615830408));
#8816=CARTESIAN_POINT('Ctrl Pts',(-113.495744296996,-13.373723870988,240.68188420956));
#8817=CARTESIAN_POINT('Ctrl Pts',(-113.205900412458,-13.6663426391835,240.992082159388));
#8818=CARTESIAN_POINT('Ctrl Pts',(-112.906328279139,-13.9497651038098,241.302469008767));
#8819=CARTESIAN_POINT('Ctrl Pts',(-112.597363905865,-14.2234394749126,241.613215057375));
#8820=CARTESIAN_POINT('Ctrl Pts',(-112.555004336468,-14.2609607217544,241.655818897654));
#8821=CARTESIAN_POINT('Ctrl Pts',(-112.512468165409,-14.298298677832,241.698429489765));
#8822=CARTESIAN_POINT('Ctrl Pts',(-112.469756205302,-14.33545186523,241.741047272587));
#8823=CARTESIAN_POINT('',(-226.826078059658,-22.7117196071048,255.39000806001));
#8824=CARTESIAN_POINT('Ctrl Pts',(-226.826078059658,-22.7117196071046,255.39000806001));
#8825=CARTESIAN_POINT('Ctrl Pts',(-190.739290420215,-16.4875086348058,247.781380862481));
#8826=CARTESIAN_POINT('Ctrl Pts',(-154.652502780772,-10.2632976625069,240.172753664951));
#8827=CARTESIAN_POINT('Ctrl Pts',(-118.565715141329,-4.03908669020805,232.564126467422));
#8828=CARTESIAN_POINT('Ctrl Pts',(-226.826078059658,-22.7117196071046,255.39000806001));
#8829=CARTESIAN_POINT('Ctrl Pts',(-225.407078585435,-30.6681063721679,256.264000517645));
#8830=CARTESIAN_POINT('Ctrl Pts',(-221.131378037476,-45.9479610774937,258.011985432914));
#8831=CARTESIAN_POINT('Ctrl Pts',(-209.234434564265,-70.3445114343466,261.070959034636));
#8832=CARTESIAN_POINT('Ctrl Pts',(-196.940455703853,-85.7203463712059,263.255940178722));
#8833=CARTESIAN_POINT('Ctrl Pts',(-188.100359160493,-94.0159720435759,264.566928865174));
#8834=CARTESIAN_POINT('Ctrl Pts',(-117.289075807639,7.86125800853149,223.381084569448));
#8835=CARTESIAN_POINT('Ctrl Pts',(-117.773015065544,6.80740399433032,224.255509593775));
#8836=CARTESIAN_POINT('Ctrl Pts',(-118.534160719685,4.60744313556219,226.00435964243));
#8837=CARTESIAN_POINT('Ctrl Pts',(-119.137991295981,0.578317740460222,229.064847227575));
#8838=CARTESIAN_POINT('Ctrl Pts',(-118.921691430003,-2.33670556859924,231.250909788393));
#8839=CARTESIAN_POINT('Ctrl Pts',(-118.558225461529,-4.03779487815596,232.562547324884));
#8840=CARTESIAN_POINT('Ctrl Pts',(-149.937104565025,24.4530877760368,230.990238147824));
#8841=CARTESIAN_POINT('Ctrl Pts',(-151.46718686614,21.3407201055567,231.864663172151));
#8842=CARTESIAN_POINT('Ctrl Pts',(-153.878707251605,14.9369227004025,233.613513220805));
#8843=CARTESIAN_POINT('Ctrl Pts',(-155.965287211709,3.35693296733499,236.67400080595));
#8844=CARTESIAN_POINT('Ctrl Pts',(-155.599686962558,-5.14811116112234,238.860063366768));
#8845=CARTESIAN_POINT('Ctrl Pts',(-154.647509660905,-10.2624364544722,240.171700903259));
#8846=CARTESIAN_POINT('Ctrl Pts',(-182.585133322411,41.0449175435421,238.599391726199));
#8847=CARTESIAN_POINT('Ctrl Pts',(-185.161358666736,35.8740362167831,239.473816750526));
#8848=CARTESIAN_POINT('Ctrl Pts',(-189.223253783525,25.2664022652428,241.222666799181));
#8849=CARTESIAN_POINT('Ctrl Pts',(-192.792583127436,6.13554819420973,244.283154384326));
#8850=CARTESIAN_POINT('Ctrl Pts',(-192.277682495114,-7.95951675364537,246.469216945144));
#8851=CARTESIAN_POINT('Ctrl Pts',(-190.736793860282,-16.4870780307885,247.780854481634));
#8852=CARTESIAN_POINT('Ctrl Pts',(-215.233162079797,57.6367473110474,246.208545304574));
#8853=CARTESIAN_POINT('Ctrl Pts',(-218.855530467333,50.4073523280096,247.082970328902));
#8854=CARTESIAN_POINT('Ctrl Pts',(-224.567800315445,35.5958818300831,248.831820377556));
#8855=CARTESIAN_POINT('Ctrl Pts',(-229.619879043163,8.91416342108449,251.892307962701));
#8856=CARTESIAN_POINT('Ctrl Pts',(-228.95567802767,-10.7709223461685,254.078370523519));
#8857=CARTESIAN_POINT('Ctrl Pts',(-226.826078059658,-22.7117196071048,255.39000806001));
#8858=CARTESIAN_POINT('',(-215.233162079797,57.6367473110474,246.208545304574));
#8859=CARTESIAN_POINT('Ctrl Pts',(-215.233162079797,57.6367473110474,246.208545304574));
#8860=CARTESIAN_POINT('Ctrl Pts',(-182.587391825518,41.0460653218464,238.599918107045));
#8861=CARTESIAN_POINT('Ctrl Pts',(-149.94162157124,24.4553833326454,230.991290909516));
#8862=CARTESIAN_POINT('Ctrl Pts',(-117.295851316961,7.86470134344442,223.382663711987));
#8863=CARTESIAN_POINT('Ctrl Pts',(-215.233162079797,57.6367473110474,246.208545304574));
#8864=CARTESIAN_POINT('Ctrl Pts',(-218.855530467333,50.4073523280096,247.082970328902));
#8865=CARTESIAN_POINT('Ctrl Pts',(-224.567800315445,35.5958818300831,248.831820377556));
#8866=CARTESIAN_POINT('Ctrl Pts',(-229.619879043163,8.91416342108449,251.892307962701));
#8867=CARTESIAN_POINT('Ctrl Pts',(-228.95567802767,-10.7709223461685,254.078370523519));
#8868=CARTESIAN_POINT('Ctrl Pts',(-226.826078059658,-22.7117196071048,255.39000806001));
#8869=CARTESIAN_POINT('Ctrl Pts',(-119.,1.31006316905768E-13,229.498390836346));
#8870=CARTESIAN_POINT('Ctrl Pts',(-119.,-1.35582424713809,230.52017718116));
#8871=CARTESIAN_POINT('Ctrl Pts',(-118.854878343487,-2.70994422499728,231.540098050217));
#8872=CARTESIAN_POINT('Ctrl Pts',(-118.565715141329,-4.03908669020804,232.564126467422));
#8873=CARTESIAN_POINT('Ctrl Pts',(-109.150861832751,16.6425002026116,214.194884422621));
#8874=CARTESIAN_POINT('Ctrl Pts',(-110.169643088402,16.0872736141248,215.069760400525));
#8875=CARTESIAN_POINT('Ctrl Pts',(-112.096618687078,14.7790078554527,216.819512356332));
#8876=CARTESIAN_POINT('Ctrl Pts',(-114.991989095614,11.9097693658085,219.881578278994));
#8877=CARTESIAN_POINT('Ctrl Pts',(-116.562776852748,9.44284576212025,222.068768223754));
#8878=CARTESIAN_POINT('Ctrl Pts',(-117.28906560093,7.86125282145029,223.381082190609));
#8879=CARTESIAN_POINT('Ctrl Pts',(-125.385905583052,49.4694134100832,221.804038793943));
#8880=CARTESIAN_POINT('Ctrl Pts',(-128.475611992625,47.8899796332738,222.678914771846));
#8881=CARTESIAN_POINT('Ctrl Pts',(-134.241891983254,44.1990214130614,224.428666727654));
#8882=CARTESIAN_POINT('Ctrl Pts',(-142.844816132168,36.1628776846926,227.490732650316));
#8883=CARTESIAN_POINT('Ctrl Pts',(-147.640735656159,29.1241376016703,229.677922595075));
#8884=CARTESIAN_POINT('Ctrl Pts',(-149.937097760552,24.4530843179827,230.990236561931));
#8885=CARTESIAN_POINT('Ctrl Pts',(-141.620949333352,82.2963266175548,229.413193165265));
#8886=CARTESIAN_POINT('Ctrl Pts',(-146.781580896849,79.6926856524228,230.288069143168));
#8887=CARTESIAN_POINT('Ctrl Pts',(-156.387165279431,73.6190349706701,232.037821098975));
#8888=CARTESIAN_POINT('Ctrl Pts',(-170.697643168723,60.4159860035768,235.099887021638));
#8889=CARTESIAN_POINT('Ctrl Pts',(-178.718694459569,48.8054294412204,237.287076966397));
#8890=CARTESIAN_POINT('Ctrl Pts',(-182.585129920175,41.0449158145151,238.599390933253));
#8891=CARTESIAN_POINT('Ctrl Pts',(-157.855993083653,115.123239825026,237.022347536586));
#8892=CARTESIAN_POINT('Ctrl Pts',(-165.087549801072,111.495391671572,237.89722351449));
#8893=CARTESIAN_POINT('Ctrl Pts',(-178.532438575607,103.039048528279,239.646975470297));
#8894=CARTESIAN_POINT('Ctrl Pts',(-198.550470205278,84.6690943224609,242.70904139296));
#8895=CARTESIAN_POINT('Ctrl Pts',(-209.79665326298,68.4867212807704,244.896231337719));
#8896=CARTESIAN_POINT('Ctrl Pts',(-215.233162079797,57.6367473110474,246.208545304574));
#8897=CARTESIAN_POINT('',(-157.855993083653,115.123239825026,237.022347536586));
#8898=CARTESIAN_POINT('Ctrl Pts',(-157.855993083653,115.123239825026,237.022347536586));
#8899=CARTESIAN_POINT('Ctrl Pts',(-141.622074121886,82.2986009160496,229.413720339057));
#8900=CARTESIAN_POINT('Ctrl Pts',(-125.388155160119,49.4739620070728,221.805093141528));
#8901=CARTESIAN_POINT('Ctrl Pts',(-109.154236198351,16.649323098096,214.196465943999));
#8902=CARTESIAN_POINT('Ctrl Pts',(-157.855993083653,115.123239825026,237.022347536586));
#8903=CARTESIAN_POINT('Ctrl Pts',(-165.087549801072,111.495391671572,237.89722351449));
#8904=CARTESIAN_POINT('Ctrl Pts',(-178.532438575607,103.039048528279,239.646975470297));
#8905=CARTESIAN_POINT('Ctrl Pts',(-198.550470205278,84.6690943224609,242.70904139296));
#8906=CARTESIAN_POINT('Ctrl Pts',(-209.79665326298,68.4867212807704,244.896231337719));
#8907=CARTESIAN_POINT('Ctrl Pts',(-215.233162079797,57.6367473110474,246.208545304574));
#8908=CARTESIAN_POINT('Ctrl Pts',(-97.3697851222077,18.8093753813526,205.003755069928));
#8909=CARTESIAN_POINT('Ctrl Pts',(-99.0934073355059,19.0569775408181,206.316773194773));
#8910=CARTESIAN_POINT('Ctrl Pts',(-102.021540113158,19.0474007686772,208.505136736181));
#8911=CARTESIAN_POINT('Ctrl Pts',(-105.992835431986,18.1212482921943,211.568845694153));
#8912=CARTESIAN_POINT('Ctrl Pts',(-108.131526948906,17.1980098898581,213.319536527279));
#8913=CARTESIAN_POINT('Ctrl Pts',(-109.15085654398,16.6424895088292,214.194881943843));
#8914=CARTESIAN_POINT('Ctrl Pts',(-90.7279060748833,54.8242141328632,212.612910267509));
#8915=CARTESIAN_POINT('Ctrl Pts',(-95.8615275063529,55.7006904770733,213.925928392354));
#8916=CARTESIAN_POINT('Ctrl Pts',(-104.383516545877,55.9043918703618,216.114291933763));
#8917=CARTESIAN_POINT('Ctrl Pts',(-115.92948568506,53.5786739070298,219.178000891734));
#8918=CARTESIAN_POINT('Ctrl Pts',(-122.294468029472,51.0497170802853,220.928691724861));
#8919=CARTESIAN_POINT('Ctrl Pts',(-125.385902057204,49.4694062808949,221.804037141424));
#8920=CARTESIAN_POINT('Ctrl Pts',(-84.086027027559,90.8390528843738,220.222065465091));
#8921=CARTESIAN_POINT('Ctrl Pts',(-92.6296476772,92.3444034133285,221.535083589936));
#8922=CARTESIAN_POINT('Ctrl Pts',(-106.745492978596,92.7613829720465,223.723447131344));
#8923=CARTESIAN_POINT('Ctrl Pts',(-125.866135938135,89.0360995218652,226.787156089315));
#8924=CARTESIAN_POINT('Ctrl Pts',(-136.457409110038,84.9014242707125,228.537846922442));
#8925=CARTESIAN_POINT('Ctrl Pts',(-141.620947570429,82.2963230529606,229.413192339005));
#8926=CARTESIAN_POINT('Ctrl Pts',(-77.4441479802346,126.853891635884,227.831220662672));
#8927=CARTESIAN_POINT('Ctrl Pts',(-89.3977678480471,128.988116349584,229.144238787517));
#8928=CARTESIAN_POINT('Ctrl Pts',(-109.107469411315,129.618374073731,231.332602328925));
#8929=CARTESIAN_POINT('Ctrl Pts',(-135.802786191209,124.493525136701,234.396311286897));
#8930=CARTESIAN_POINT('Ctrl Pts',(-150.620350190604,118.75313146114,236.147002120023));
#8931=CARTESIAN_POINT('Ctrl Pts',(-157.855993083653,115.123239825026,237.022347536586));
#8932=CARTESIAN_POINT('',(-77.4441479802347,126.853891635884,227.831220662672));
#8933=CARTESIAN_POINT('Ctrl Pts',(-77.4441479802346,126.853891635884,227.831220662672));
#8934=CARTESIAN_POINT('Ctrl Pts',(-84.0855661468973,90.8415519576927,220.222593465143));
#8935=CARTESIAN_POINT('Ctrl Pts',(-90.72698431356,54.8292122795009,212.613966267613));
#8936=CARTESIAN_POINT('Ctrl Pts',(-97.3684024802226,18.8168726013092,205.005339070084));
#8937=CARTESIAN_POINT('Ctrl Pts',(-77.4441479802346,126.853891635884,227.831220662672));
#8938=CARTESIAN_POINT('Ctrl Pts',(-89.3977678480471,128.988116349584,229.144238787517));
#8939=CARTESIAN_POINT('Ctrl Pts',(-109.107469411315,129.618374073731,231.332602328925));
#8940=CARTESIAN_POINT('Ctrl Pts',(-135.802786191209,124.493525136701,234.396311286897));
#8941=CARTESIAN_POINT('Ctrl Pts',(-150.620350190604,118.75313146114,236.147002120023));
#8942=CARTESIAN_POINT('Ctrl Pts',(-157.855993083653,115.123239825026,237.022347536586));
#8943=CARTESIAN_POINT('Ctrl Pts',(-86.6301837445747,13.4891873252019,195.807501340017));
#8944=CARTESIAN_POINT('Ctrl Pts',(-87.8630261768607,14.7203084262582,197.121251504354));
#8945=CARTESIAN_POINT('Ctrl Pts',(-90.2153469416205,16.4668408003433,199.310835111582));
#8946=CARTESIAN_POINT('Ctrl Pts',(-93.9529345895876,18.1033112764647,202.376252161701));
#8947=CARTESIAN_POINT('Ctrl Pts',(-96.2200664257845,18.6441985446193,204.127919047484));
#8948=CARTESIAN_POINT('Ctrl Pts',(-97.3697873738481,18.8093631720867,205.003752490375));
#8949=CARTESIAN_POINT('Ctrl Pts',(-59.7445886267037,38.3557963792681,203.41665739745));
#8950=CARTESIAN_POINT('Ctrl Pts',(-63.3332733952583,42.1340369157386,204.730407561786));
#8951=CARTESIAN_POINT('Ctrl Pts',(-70.0407335270812,47.4026323581862,206.919991169014));
#8952=CARTESIAN_POINT('Ctrl Pts',(-80.6872369029622,52.4544739741709,209.985408219134));
#8953=CARTESIAN_POINT('Ctrl Pts',(-87.3035086647078,54.2395438357848,211.737075104916));
#8954=CARTESIAN_POINT('Ctrl Pts',(-90.727907575977,54.8242059933526,212.612908547807));
#8955=CARTESIAN_POINT('Ctrl Pts',(-32.8589935088327,63.2224054333342,211.025813454882));
#8956=CARTESIAN_POINT('Ctrl Pts',(-38.803520613656,69.547765405219,212.339563619219));
#8957=CARTESIAN_POINT('Ctrl Pts',(-49.8661201125418,78.338423916029,214.529147226447));
#8958=CARTESIAN_POINT('Ctrl Pts',(-67.4215392163367,86.805636671877,217.594564276566));
#8959=CARTESIAN_POINT('Ctrl Pts',(-78.386950903631,89.8348891269502,219.346231162348));
#8960=CARTESIAN_POINT('Ctrl Pts',(-84.0860277781058,90.8390488146185,220.22206460524));
#8961=CARTESIAN_POINT('Ctrl Pts',(-5.97339839096163,88.0890144874004,218.634969512314));
#8962=CARTESIAN_POINT('Ctrl Pts',(-14.2737678320536,96.9614938946994,219.948719676651));
#8963=CARTESIAN_POINT('Ctrl Pts',(-29.6915066980024,109.274215473872,222.138303283879));
#8964=CARTESIAN_POINT('Ctrl Pts',(-54.1558415297112,121.156799369583,225.203720333998));
#8965=CARTESIAN_POINT('Ctrl Pts',(-69.4703931425542,125.430234418116,226.955387219781));
#8966=CARTESIAN_POINT('Ctrl Pts',(-77.4441479802347,126.853891635884,227.831220662672));
#8967=CARTESIAN_POINT('',(-5.97339839096167,88.0890144874005,218.634969512314));
#8968=CARTESIAN_POINT('Ctrl Pts',(-5.97339839096163,88.0890144874004,218.634969512314));
#8969=CARTESIAN_POINT('Ctrl Pts',(-32.8571248767371,63.2241337396479,211.026342314785));
#8970=CARTESIAN_POINT('Ctrl Pts',(-59.7408513625125,38.3592529918953,203.417715117256));
#8971=CARTESIAN_POINT('Ctrl Pts',(-86.6245778482879,13.4943722441427,195.809087919727));
#8972=CARTESIAN_POINT('Ctrl Pts',(-5.97339839096163,88.0890144874004,218.634969512314));
#8973=CARTESIAN_POINT('Ctrl Pts',(-14.2737678320536,96.9614938946994,219.948719676651));
#8974=CARTESIAN_POINT('Ctrl Pts',(-29.6915066980024,109.274215473872,222.138303283879));
#8975=CARTESIAN_POINT('Ctrl Pts',(-54.1558415297112,121.156799369583,225.203720333998));
#8976=CARTESIAN_POINT('Ctrl Pts',(-69.4703931425542,125.430234418116,226.955387219781));
#8977=CARTESIAN_POINT('Ctrl Pts',(-77.4441479802347,126.853891635884,227.831220662672));
#8978=CARTESIAN_POINT('Ctrl Pts',(-81.2137337165551,2.79031733296816,186.605926937574));
#8979=CARTESIAN_POINT('Ctrl Pts',(-81.4633866591586,4.51564157331075,187.920437183466));
#8980=CARTESIAN_POINT('Ctrl Pts',(-82.3011760231333,7.32491629547859,190.111287593285));
#8981=CARTESIAN_POINT('Ctrl Pts',(-84.3152368191286,10.8760466012233,193.178478167032));
#8982=CARTESIAN_POINT('Ctrl Pts',(-85.8078265173531,12.6679533003355,194.931158494887));
#8983=CARTESIAN_POINT('Ctrl Pts',(-86.6301932181241,13.489178563073,195.807498658815));
#8984=CARTESIAN_POINT('Ctrl Pts',(-44.7894869209183,6.59268910832795,194.215083888741));
#8985=CARTESIAN_POINT('Ctrl Pts',(-45.3995946418369,11.770935519273,195.529594134632));
#8986=CARTESIAN_POINT('Ctrl Pts',(-47.6156792672549,20.0124855274875,197.720444544451));
#8987=CARTESIAN_POINT('Ctrl Pts',(-53.1186157075464,30.4404673189969,200.787635118198));
#8988=CARTESIAN_POINT('Ctrl Pts',(-57.3507022509514,35.8354429134419,202.540315446054));
#8989=CARTESIAN_POINT('Ctrl Pts',(-59.7445949424033,38.3557905378488,203.416655609982));
#8990=CARTESIAN_POINT('Ctrl Pts',(-8.36524012528156,10.3950608836877,201.824240839907));
#8991=CARTESIAN_POINT('Ctrl Pts',(-9.33580262451517,19.0262294652353,203.138751085799));
#8992=CARTESIAN_POINT('Ctrl Pts',(-12.9301825113765,32.7000547594964,205.329601495618));
#8993=CARTESIAN_POINT('Ctrl Pts',(-21.9219945959643,50.0048880367705,208.396792069365));
#8994=CARTESIAN_POINT('Ctrl Pts',(-28.8935779845498,59.0029325265483,210.14947239722));
#8995=CARTESIAN_POINT('Ctrl Pts',(-32.8589966666825,63.2224025126247,211.025812561148));
#8996=CARTESIAN_POINT('Ctrl Pts',(28.0590066703552,14.1974326590475,209.433397791074));
#8997=CARTESIAN_POINT('Ctrl Pts',(26.7279893928066,26.2815234111975,210.747908036965));
#8998=CARTESIAN_POINT('Ctrl Pts',(21.7553142445019,45.3876239915052,212.938758446784));
#8999=CARTESIAN_POINT('Ctrl Pts',(9.27462651561791,69.5693087545441,216.005949020531));
#9000=CARTESIAN_POINT('Ctrl Pts',(-0.436453718148178,82.1704221396547,217.758629348387));
#9001=CARTESIAN_POINT('Ctrl Pts',(-5.97339839096167,88.0890144874005,218.634969512314));
#9002=CARTESIAN_POINT('',(28.0590066703552,14.1974326590475,209.433397791074));
#9003=CARTESIAN_POINT('Ctrl Pts',(28.0590066703552,14.1974326590475,209.433397791074));
#9004=CARTESIAN_POINT('Ctrl Pts',(-8.36270424944863,10.3953256068747,201.824770593544));
#9005=CARTESIAN_POINT('Ctrl Pts',(-44.7844151692525,6.59321855470179,194.216143396015));
#9006=CARTESIAN_POINT('Ctrl Pts',(-81.2061260890563,2.79111150252893,186.607516198486));
#9007=CARTESIAN_POINT('Ctrl Pts',(28.0590066703552,14.1974326590475,209.433397791074));
#9008=CARTESIAN_POINT('Ctrl Pts',(26.7279893928066,26.2815234111975,210.747908036965));
#9009=CARTESIAN_POINT('Ctrl Pts',(21.7553142445019,45.3876239915052,212.938758446784));
#9010=CARTESIAN_POINT('Ctrl Pts',(9.27462651561791,69.5693087545441,216.005949020531));
#9011=CARTESIAN_POINT('Ctrl Pts',(-0.436453718148178,82.1704221396547,217.758629348387));
#9012=CARTESIAN_POINT('Ctrl Pts',(-5.97339839096167,88.0890144874005,218.634969512314));
#9013=CARTESIAN_POINT('Ctrl Pts',(-83.2902589523797,-9.02738707344085,177.398834395777));
#9014=CARTESIAN_POINT('Ctrl Pts',(-82.4553897394545,-7.49581701252155,178.714132932639));
#9015=CARTESIAN_POINT('Ctrl Pts',(-81.4416794214758,-4.74321919636238,180.906297160742));
#9016=CARTESIAN_POINT('Ctrl Pts',(-80.9257721140171,-0.690945713086549,
183.975327080087));
#9017=CARTESIAN_POINT('Ctrl Pts',(-81.0472169444736,1.63940985653158,185.72905846257));
#9018=CARTESIAN_POINT('Ctrl Pts',(-81.213747042141,2.79031594189392,186.605924153811));
#9019=CARTESIAN_POINT('Ctrl Pts',(-51.8558039755674,-27.8172554382671,185.007992274864));
#9020=CARTESIAN_POINT('Ctrl Pts',(-49.2385713952758,-23.3038858279331,186.323290811726));
#9021=CARTESIAN_POINT('Ctrl Pts',(-46.0710954391724,-15.3735814437914,188.51545503983));
#9022=CARTESIAN_POINT('Ctrl Pts',(-44.2265592294024,-3.72087128703048,191.584484959174));
#9023=CARTESIAN_POINT('Ctrl Pts',(-44.3825095612695,3.13836872305134,193.338216341657));
#9024=CARTESIAN_POINT('Ctrl Pts',(-44.7894958046423,6.59268818094512,194.215082032899));
#9025=CARTESIAN_POINT('Ctrl Pts',(-20.4213489987552,-46.6071238030933,192.617150153952));
#9026=CARTESIAN_POINT('Ctrl Pts',(-16.0217530510971,-39.1119546433447,193.932448690814));
#9027=CARTESIAN_POINT('Ctrl Pts',(-10.700511456869,-26.0039436912205,196.124612918917));
#9028=CARTESIAN_POINT('Ctrl Pts',(-7.52734634478765,-6.75079686097438,199.193642838262));
#9029=CARTESIAN_POINT('Ctrl Pts',(-7.71780217806538,4.63732758957111,200.947374220745));
#9030=CARTESIAN_POINT('Ctrl Pts',(-8.36524456714353,10.3950604199963,201.824239911986));
#9031=CARTESIAN_POINT('Ctrl Pts',(11.0131059780571,-65.3969921679196,200.226308033039));
#9032=CARTESIAN_POINT('Ctrl Pts',(17.1950652930816,-54.9200234587562,201.541606569901));
#9033=CARTESIAN_POINT('Ctrl Pts',(24.6700725254344,-36.6343059386495,203.733770798005));
#9034=CARTESIAN_POINT('Ctrl Pts',(29.1718665398271,-9.78072243491832,206.802800717349));
#9035=CARTESIAN_POINT('Ctrl Pts',(28.9469052051387,6.13628645609087,208.556532099832));
#9036=CARTESIAN_POINT('Ctrl Pts',(28.0590066703552,14.1974326590475,209.433397791074));
#9037=CARTESIAN_POINT('',(11.013105978057,-65.3969921679196,200.226308033039));
#9038=CARTESIAN_POINT('Ctrl Pts',(11.0131059780571,-65.3969921679196,200.226308033039));
#9039=CARTESIAN_POINT('Ctrl Pts',(-20.4191566818374,-46.608434255154,192.61768083551));
#9040=CARTESIAN_POINT('Ctrl Pts',(-51.8514193417318,-27.8198763423884,185.009053637981));
#9041=CARTESIAN_POINT('Ctrl Pts',(-83.2836820016262,-9.03131842962281,177.400426440451));
#9042=CARTESIAN_POINT('Ctrl Pts',(11.0131059780571,-65.3969921679196,200.226308033039));
#9043=CARTESIAN_POINT('Ctrl Pts',(17.1950652930816,-54.9200234587562,201.541606569901));
#9044=CARTESIAN_POINT('Ctrl Pts',(24.6700725254344,-36.6343059386495,203.733770798005));
#9045=CARTESIAN_POINT('Ctrl Pts',(29.1718665398271,-9.78072243491832,206.802800717349));
#9046=CARTESIAN_POINT('Ctrl Pts',(28.9469052051387,6.13628645609087,208.556532099832));
#9047=CARTESIAN_POINT('Ctrl Pts',(28.0590066703552,14.1974326590475,209.433397791074));
#9048=CARTESIAN_POINT('Ctrl Pts',(-92.0430243459515,-17.2451492991113,168.186025027942));
#9049=CARTESIAN_POINT('Ctrl Pts',(-90.4554355192917,-16.5198550349208,169.502140239451));
#9050=CARTESIAN_POINT('Ctrl Pts',(-87.9920292661044,-14.9239640557145,171.695665591965));
#9051=CARTESIAN_POINT('Ctrl Pts',(-85.1477883993367,-11.9882790291384,174.766601085484));
#9052=CARTESIAN_POINT('Ctrl Pts',(-83.8472001923279,-10.0490576423345,176.521421367495));
#9053=CARTESIAN_POINT('Ctrl Pts',(-83.2902708801033,-9.0273799436733,177.398831508501));
#9054=CARTESIAN_POINT('Ctrl Pts',(-78.1583353506495,-51.1331982785536,175.795183869455));
#9055=CARTESIAN_POINT('Ctrl Pts',(-73.3540864502886,-49.0899666862497,177.111299080963));
#9056=CARTESIAN_POINT('Ctrl Pts',(-66.0592562133595,-44.6404398724783,179.304824433477));
#9057=CARTESIAN_POINT('Ctrl Pts',(-57.5913758732762,-36.4152595509533,182.375759926997));
#9058=CARTESIAN_POINT('Ctrl Pts',(-53.6017666497277,-30.8281049439575,184.130580209008));
#9059=CARTESIAN_POINT('Ctrl Pts',(-51.8558119273832,-27.8172506850887,185.007990350014));
#9060=CARTESIAN_POINT('Ctrl Pts',(-64.2736463553476,-85.021247257996,183.404342710968));
#9061=CARTESIAN_POINT('Ctrl Pts',(-56.2527373812855,-81.6600783375786,184.720457922476));
#9062=CARTESIAN_POINT('Ctrl Pts',(-44.1264831606145,-74.356915689242,186.91398327499));
#9063=CARTESIAN_POINT('Ctrl Pts',(-30.0349633472158,-60.8422400727682,189.98491876851));
#9064=CARTESIAN_POINT('Ctrl Pts',(-23.3563331071274,-51.6071522455806,191.739739050521));
#9065=CARTESIAN_POINT('Ctrl Pts',(-20.4213529746631,-46.6071214265042,192.617149191526));
#9066=CARTESIAN_POINT('Ctrl Pts',(-50.3889573600456,-118.909296237438,191.01350155248));
#9067=CARTESIAN_POINT('Ctrl Pts',(-39.1513883122824,-114.230189988907,192.329616763989));
#9068=CARTESIAN_POINT('Ctrl Pts',(-22.1937101078696,-104.073391506006,194.523142116503));
#9069=CARTESIAN_POINT('Ctrl Pts',(-2.47855082115534,-85.2692205945831,197.594077610022));
#9070=CARTESIAN_POINT('Ctrl Pts',(6.88910043547279,-72.3861995472036,199.348897892034));
#9071=CARTESIAN_POINT('Ctrl Pts',(11.013105978057,-65.3969921679196,200.226308033039));
#9072=CARTESIAN_POINT('',(-50.3889573600456,-118.909296237438,191.01350155248));
#9073=CARTESIAN_POINT('Ctrl Pts',(-50.3889573600456,-118.909296237438,191.01350155248));
#9074=CARTESIAN_POINT('Ctrl Pts',(-64.2726762466247,-85.0236149805951,183.404874354951));
#9075=CARTESIAN_POINT('Ctrl Pts',(-78.1563951332039,-51.1379337237517,175.796247157422));
#9076=CARTESIAN_POINT('Ctrl Pts',(-92.040114019783,-17.2522524669083,168.187619959892));
#9077=CARTESIAN_POINT('Ctrl Pts',(-50.3889573600456,-118.909296237438,191.01350155248));
#9078=CARTESIAN_POINT('Ctrl Pts',(-39.1513883122824,-114.230189988907,192.329616763989));
#9079=CARTESIAN_POINT('Ctrl Pts',(-22.1937101078696,-104.073391506006,194.523142116503));
#9080=CARTESIAN_POINT('Ctrl Pts',(-2.47855082115534,-85.2692205945831,197.594077610022));
#9081=CARTESIAN_POINT('Ctrl Pts',(6.88910043547279,-72.3861995472036,199.348897892034));
#9082=CARTESIAN_POINT('Ctrl Pts',(11.013105978057,-65.3969921679196,200.226308033039));
#9083=CARTESIAN_POINT('Ctrl Pts',(-103.983124352287,-18.5699437228778,158.967298878337));
#9084=CARTESIAN_POINT('Ctrl Pts',(-102.845585893614,-18.8184193209296,159.845272512415));
#9085=CARTESIAN_POINT('Ctrl Pts',(-100.524214685612,-19.0918116379591,161.601219780573));
#9086=CARTESIAN_POINT('Ctrl Pts',(-96.4428622378516,-18.8144806156396,164.674127499848));
#9087=CARTESIAN_POINT('Ctrl Pts',(-93.6316407295185,-17.9708883662845,166.869061585045));
#9088=CARTESIAN_POINT('Ctrl Pts',(-92.0430298051523,-17.2451359749623,168.186022036163));
#9089=CARTESIAN_POINT('Ctrl Pts',(-113.211293449016,-54.0103965812151,166.576458717109));
#9090=CARTESIAN_POINT('Ctrl Pts',(-109.829549930599,-54.8432299430298,167.454432351188));
#9091=CARTESIAN_POINT('Ctrl Pts',(-103.029906123725,-55.8311031360013,169.210379619345));
#9092=CARTESIAN_POINT('Ctrl Pts',(-91.2253500798871,-55.3784732003015,172.28328733862));
#9093=CARTESIAN_POINT('Ctrl Pts',(-82.965803011078,-53.1777776455832,174.478221423817));
#9094=CARTESIAN_POINT('Ctrl Pts',(-78.1583389901167,-51.1331893957877,175.795181874935));
#9095=CARTESIAN_POINT('Ctrl Pts',(-122.439462545745,-89.4508494395524,174.185618555881));
#9096=CARTESIAN_POINT('Ctrl Pts',(-116.813513967585,-90.8680405651301,175.06359218996));
#9097=CARTESIAN_POINT('Ctrl Pts',(-105.535597561837,-92.5703946340435,176.819539458118));
#9098=CARTESIAN_POINT('Ctrl Pts',(-86.0078379219227,-91.9424657849633,179.892447177393));
#9099=CARTESIAN_POINT('Ctrl Pts',(-72.2999652926376,-88.3846669248819,182.08738126259));
#9100=CARTESIAN_POINT('Ctrl Pts',(-64.2736481750812,-85.0212428166131,183.404341713708));
#9101=CARTESIAN_POINT('Ctrl Pts',(-131.667631642474,-124.89130229789,181.794778394654));
#9102=CARTESIAN_POINT('Ctrl Pts',(-123.797478004571,-126.89285118723,182.672752028733));
#9103=CARTESIAN_POINT('Ctrl Pts',(-108.04128899995,-129.309686132086,184.42869929689));
#9104=CARTESIAN_POINT('Ctrl Pts',(-80.7903257639582,-128.506458369625,187.501607016165));
#9105=CARTESIAN_POINT('Ctrl Pts',(-61.6341275741971,-123.591556204181,189.696541101362));
#9106=CARTESIAN_POINT('Ctrl Pts',(-50.3889573600456,-118.909296237438,191.01350155248));
#9107=CARTESIAN_POINT('',(-131.667631642474,-124.89130229789,181.794778394654));
#9108=CARTESIAN_POINT('Ctrl Pts',(-131.667631642474,-124.89130229789,181.794778394654));
#9109=CARTESIAN_POINT('Ctrl Pts',(-122.440108517648,-89.4533302715061,174.186151197125));
#9110=CARTESIAN_POINT('Ctrl Pts',(-113.212585392822,-54.0153582451226,166.577523999595));
#9111=CARTESIAN_POINT('Ctrl Pts',(-103.985062267996,-18.5773862187391,158.968896802066));
#9112=CARTESIAN_POINT('Ctrl Pts',(-131.667631642474,-124.89130229789,181.794778394654));
#9113=CARTESIAN_POINT('Ctrl Pts',(-123.797478004571,-126.89285118723,182.672752028733));
#9114=CARTESIAN_POINT('Ctrl Pts',(-108.04128899995,-129.309686132086,184.42869929689));
#9115=CARTESIAN_POINT('Ctrl Pts',(-80.7903257639582,-128.506458369625,187.501607016165));
#9116=CARTESIAN_POINT('Ctrl Pts',(-61.6341275741971,-123.591556204181,189.696541101362));
#9117=CARTESIAN_POINT('Ctrl Pts',(-50.3889573600456,-118.909296237438,191.01350155248));
#9118=CARTESIAN_POINT('Ctrl Pts',(-114.55441495485,-12.2005025450559,149.486678507442));
#9119=CARTESIAN_POINT('Ctrl Pts',(-113.406056933402,-13.581520489957,150.84103342283));
#9120=CARTESIAN_POINT('Ctrl Pts',(-111.146601479119,-15.5881823030132,153.098291615144));
#9121=CARTESIAN_POINT('Ctrl Pts',(-107.441520897654,-17.5811074544934,156.258453084384));
#9122=CARTESIAN_POINT('Ctrl Pts',(-105.152717422976,-18.3135450268371,158.064259638235));
#9123=CARTESIAN_POINT('Ctrl Pts',(-103.982959460078,-18.5693104602528,158.96716291516));
#9124=CARTESIAN_POINT('Ctrl Pts',(-143.615470031094,-34.4862795810169,157.095883667273));
#9125=CARTESIAN_POINT('Ctrl Pts',(-140.286355210988,-38.7110437112734,158.450238582661));
#9126=CARTESIAN_POINT('Ctrl Pts',(-133.870464167586,-44.7266899640155,160.707496774975));
#9127=CARTESIAN_POINT('Ctrl Pts',(-123.358614574395,-50.800897429052,163.867658244215));
#9128=CARTESIAN_POINT('Ctrl Pts',(-116.692953272705,-53.1521953408033,165.673464798066));
#9129=CARTESIAN_POINT('Ctrl Pts',(-113.211183520876,-54.0099744061318,166.576368074992));
#9130=CARTESIAN_POINT('Ctrl Pts',(-172.676525107337,-56.772056616978,164.705088827104));
#9131=CARTESIAN_POINT('Ctrl Pts',(-167.166653488573,-63.8405669325898,166.059443742493));
#9132=CARTESIAN_POINT('Ctrl Pts',(-156.594326856054,-73.8651976250179,168.316701934807));
#9133=CARTESIAN_POINT('Ctrl Pts',(-139.275708251136,-84.0206874036107,171.476863404046));
#9134=CARTESIAN_POINT('Ctrl Pts',(-128.233189122434,-87.9908456547695,173.282669957897));
#9135=CARTESIAN_POINT('Ctrl Pts',(-122.439407581675,-89.4506383520107,174.185573234823));
#9136=CARTESIAN_POINT('Ctrl Pts',(-201.737580183581,-79.057833652939,172.314293986935));
#9137=CARTESIAN_POINT('Ctrl Pts',(-194.046951766159,-88.9700901539062,173.668648902324));
#9138=CARTESIAN_POINT('Ctrl Pts',(-179.318189544522,-103.00370528602,175.925907094638));
#9139=CARTESIAN_POINT('Ctrl Pts',(-155.192801927877,-117.240477378169,179.086068563877));
#9140=CARTESIAN_POINT('Ctrl Pts',(-139.773424972164,-122.829495968736,180.891875117728));
#9141=CARTESIAN_POINT('Ctrl Pts',(-131.667631642474,-124.89130229789,181.794778394654));
#9142=CARTESIAN_POINT('',(-201.737580183581,-79.057833652939,172.314293986935));
#9143=CARTESIAN_POINT('Ctrl Pts',(-201.737580183581,-79.057833652939,172.314293986935));
#9144=CARTESIAN_POINT('Ctrl Pts',(-172.678732459345,-56.7737493481798,164.705666789406));
#9145=CARTESIAN_POINT('Ctrl Pts',(-143.619884735109,-34.4896650434205,157.097039591877));
#9146=CARTESIAN_POINT('Ctrl Pts',(-114.561037010873,-12.2055807386613,149.488412394348));
#9147=CARTESIAN_POINT('Ctrl Pts',(-201.737580183581,-79.057833652939,172.314293986935));
#9148=CARTESIAN_POINT('Ctrl Pts',(-194.046951766159,-88.9700901539062,173.668648902324));
#9149=CARTESIAN_POINT('Ctrl Pts',(-179.318189544522,-103.00370528602,175.925907094638));
#9150=CARTESIAN_POINT('Ctrl Pts',(-155.192801927877,-117.240477378169,179.086068563877));
#9151=CARTESIAN_POINT('Ctrl Pts',(-139.773424972164,-122.829495968736,180.891875117728));
#9152=CARTESIAN_POINT('Ctrl Pts',(-131.667631642474,-124.89130229789,181.794778394654));
#9153=CARTESIAN_POINT('Ctrl Pts',(-118.959639688351,-1.11642908855119,140.336353181861));
#9154=CARTESIAN_POINT('Ctrl Pts',(-118.895982609711,-2.27042397614224,141.207828950563));
#9155=CARTESIAN_POINT('Ctrl Pts',(-118.544358934001,-4.5636374422174,142.950780487967));
#9156=CARTESIAN_POINT('Ctrl Pts',(-117.206173707305,-8.39707271514457,146.000945678424));
#9157=CARTESIAN_POINT('Ctrl Pts',(-115.663829474858,-10.868299526661,148.179635100179));
#9158=CARTESIAN_POINT('Ctrl Pts',(-114.555065157097,-12.2010011595163,149.486848753232));
#9159=CARTESIAN_POINT('Ctrl Pts',(-155.577443592209,-1.67964532136921,147.945501593096));
#9160=CARTESIAN_POINT('Ctrl Pts',(-155.478401812917,-5.13419540275294,148.816977361798));
#9161=CARTESIAN_POINT('Ctrl Pts',(-154.627715212984,-11.9002673917099,150.559928899202));
#9162=CARTESIAN_POINT('Ctrl Pts',(-151.090937701312,-23.0818200990686,153.610094089659));
#9163=CARTESIAN_POINT('Ctrl Pts',(-146.824846102384,-30.4152400066431,155.788783511414));
#9164=CARTESIAN_POINT('Ctrl Pts',(-143.615903499258,-34.4866119906573,157.095997164467));
#9165=CARTESIAN_POINT('Ctrl Pts',(-192.195247496066,-2.24286155418722,155.55465000433));
#9166=CARTESIAN_POINT('Ctrl Pts',(-192.060821016124,-7.99796682936364,156.426125773032));
#9167=CARTESIAN_POINT('Ctrl Pts',(-190.711071491968,-19.2368973412023,158.169077310436));
#9168=CARTESIAN_POINT('Ctrl Pts',(-184.975701695318,-37.7665674829926,161.219242500893));
#9169=CARTESIAN_POINT('Ctrl Pts',(-177.985862729911,-49.9621804866251,163.397931922648));
#9170=CARTESIAN_POINT('Ctrl Pts',(-172.676741841419,-56.7722228217982,164.705145575701));
#9171=CARTESIAN_POINT('Ctrl Pts',(-228.813051399924,-2.80607778700525,163.163798415565));
#9172=CARTESIAN_POINT('Ctrl Pts',(-228.643240219331,-10.8617382559743,164.035274184267));
#9173=CARTESIAN_POINT('Ctrl Pts',(-226.794427770951,-26.5735272906948,165.778225721671));
#9174=CARTESIAN_POINT('Ctrl Pts',(-218.860465689325,-52.4513148669166,168.828390912127));
#9175=CARTESIAN_POINT('Ctrl Pts',(-209.146879357437,-69.5091209666072,171.007080333883));
#9176=CARTESIAN_POINT('Ctrl Pts',(-201.73758018358,-79.0578336529392,172.314293986935));
#9177=CARTESIAN_POINT('',(-228.813051399924,-2.80607778700528,163.163798415565));
#9178=CARTESIAN_POINT('Ctrl Pts',(-228.813051399924,-2.80607778700525,163.163798415565));
#9179=CARTESIAN_POINT('Ctrl Pts',(-192.197755753261,-2.24290013353981,155.555171218035));
#9180=CARTESIAN_POINT('Ctrl Pts',(-155.582460106597,-1.67972248007439,147.946544020506));
#9181=CARTESIAN_POINT('Ctrl Pts',(-118.967164459934,-1.11654482660896,140.337916822977));
#9182=CARTESIAN_POINT('Ctrl Pts',(-228.813051399924,-2.80607778700525,163.163798415565));
#9183=CARTESIAN_POINT('Ctrl Pts',(-228.643240219331,-10.8617382559743,164.035274184267));
#9184=CARTESIAN_POINT('Ctrl Pts',(-226.794427770951,-26.5735272906948,165.778225721671));
#9185=CARTESIAN_POINT('Ctrl Pts',(-218.860465689325,-52.4513148669166,168.828390912127));
#9186=CARTESIAN_POINT('Ctrl Pts',(-209.146879357437,-69.5091209666072,171.007080333883));
#9187=CARTESIAN_POINT('Ctrl Pts',(-201.73758018358,-79.0578336529392,172.314293986935));
#9188=CARTESIAN_POINT('Ctrl Pts',(-115.885257445795,10.4102258560044,131.184271282594));
#9189=CARTESIAN_POINT('Ctrl Pts',(-116.841037997001,8.96351362055666,132.491711440874));
#9190=CARTESIAN_POINT('Ctrl Pts',(-118.079049483979,6.32390477221528,134.670778371339));
#9191=CARTESIAN_POINT('Ctrl Pts',(-118.939910576914,2.35578077003604,137.721472073991));
#9192=CARTESIAN_POINT('Ctrl Pts',(-119.023302567626,0.0377657347012646,
139.464725618364));
#9193=CARTESIAN_POINT('Ctrl Pts',(-118.959635880291,-1.11642902997964,140.33635239055));
#9194=CARTESIAN_POINT('Ctrl Pts',(-145.615368252859,31.7948319933604,138.793419957599));
#9195=CARTESIAN_POINT('Ctrl Pts',(-148.586787475992,27.5458628129651,140.100860115879));
#9196=CARTESIAN_POINT('Ctrl Pts',(-152.398578573291,19.9619392422058,142.279927046344));
#9197=CARTESIAN_POINT('Ctrl Pts',(-155.231692657834,8.58041802584569,145.330620748996));
#9198=CARTESIAN_POINT('Ctrl Pts',(-155.676498945507,1.7755275383844,147.073874293368));
#9199=CARTESIAN_POINT('Ctrl Pts',(-155.577441053502,-1.67964528232152,147.945501065555));
#9200=CARTESIAN_POINT('Ctrl Pts',(-175.345479059923,53.1794381307164,146.402568632604));
#9201=CARTESIAN_POINT('Ctrl Pts',(-180.332536954982,46.1282120053736,147.710008790883));
#9202=CARTESIAN_POINT('Ctrl Pts',(-186.718107662602,33.5999737121963,149.889075721349));
#9203=CARTESIAN_POINT('Ctrl Pts',(-191.523474738754,14.8050552816553,152.939769424001));
#9204=CARTESIAN_POINT('Ctrl Pts',(-192.329695323387,3.51328934206755,154.683022968373));
#9205=CARTESIAN_POINT('Ctrl Pts',(-192.195246226713,-2.2428615346634,155.55464974056));
#9206=CARTESIAN_POINT('Ctrl Pts',(-205.075589866987,74.5640442680725,154.011717307609));
#9207=CARTESIAN_POINT('Ctrl Pts',(-212.078286433972,64.7105611977821,155.319157465888));
#9208=CARTESIAN_POINT('Ctrl Pts',(-221.037636751914,47.2380081821868,157.498224396354));
#9209=CARTESIAN_POINT('Ctrl Pts',(-227.815256819674,21.029692537465,160.548918099006));
#9210=CARTESIAN_POINT('Ctrl Pts',(-228.982891701268,5.25105114575069,162.292171643378));
#9211=CARTESIAN_POINT('Ctrl Pts',(-228.813051399924,-2.80607778700528,163.163798415565));
#9212=CARTESIAN_POINT('',(-205.075589866987,74.5640442680726,154.011717307609));
#9213=CARTESIAN_POINT('Ctrl Pts',(-205.075589866987,74.5640442680725,154.011717307609));
#9214=CARTESIAN_POINT('Ctrl Pts',(-175.347516552393,53.1809036810562,146.40309011008));
#9215=CARTESIAN_POINT('Ctrl Pts',(-145.6194432378,31.7977630940399,138.79446291255));
#9216=CARTESIAN_POINT('Ctrl Pts',(-115.891369923207,10.4146225070236,131.185835715021));
#9217=CARTESIAN_POINT('Ctrl Pts',(-205.075589866987,74.5640442680725,154.011717307609));
#9218=CARTESIAN_POINT('Ctrl Pts',(-212.078286433972,64.7105611977821,155.319157465888));
#9219=CARTESIAN_POINT('Ctrl Pts',(-221.037636751914,47.2380081821868,157.498224396354));
#9220=CARTESIAN_POINT('Ctrl Pts',(-227.815256819674,21.029692537465,160.548918099006));
#9221=CARTESIAN_POINT('Ctrl Pts',(-228.982891701268,5.25105114575069,162.292171643378));
#9222=CARTESIAN_POINT('Ctrl Pts',(-228.813051399924,-2.80607778700528,163.163798415565));
#9223=CARTESIAN_POINT('Ctrl Pts',(-106.541503373382,17.8303895435697,122.03055715098));
#9224=CARTESIAN_POINT('Ctrl Pts',(-107.628388492902,17.4362118978358,122.902339371622));
#9225=CARTESIAN_POINT('Ctrl Pts',(-109.723206579541,16.4372056584371,124.645903812906));
#9226=CARTESIAN_POINT('Ctrl Pts',(-113.008142948887,14.0483080014297,127.697141585154));
#9227=CARTESIAN_POINT('Ctrl Pts',(-114.929301564844,11.8571924044024,129.876597136759));
#9228=CARTESIAN_POINT('Ctrl Pts',(-115.885254261966,10.4102235659043,131.184270467722));
#9229=CARTESIAN_POINT('Ctrl Pts',(-117.650275966476,52.7270388881327,129.639706097609));
#9230=CARTESIAN_POINT('Ctrl Pts',(-120.930400478891,51.6346796657862,130.511488318251));
#9231=CARTESIAN_POINT('Ctrl Pts',(-127.165061728666,48.8659965705598,132.255052759535));
#9232=CARTESIAN_POINT('Ctrl Pts',(-136.852494696635,42.2490316026001,135.306290531783));
#9233=CARTESIAN_POINT('Ctrl Pts',(-142.643393422503,36.0445864091673,137.485746083388));
#9234=CARTESIAN_POINT('Ctrl Pts',(-145.615366130306,31.7948304666271,138.793419414351));
#9235=CARTESIAN_POINT('Ctrl Pts',(-128.75904855957,87.6236882326957,137.248855044238));
#9236=CARTESIAN_POINT('Ctrl Pts',(-134.23241246488,85.8331474337367,138.12063726488));
#9237=CARTESIAN_POINT('Ctrl Pts',(-144.606916877791,81.2947874826824,139.864201706164));
#9238=CARTESIAN_POINT('Ctrl Pts',(-160.696846444384,70.4497552037705,142.915439478412));
#9239=CARTESIAN_POINT('Ctrl Pts',(-170.357485280163,60.2319804139322,145.094895030017));
#9240=CARTESIAN_POINT('Ctrl Pts',(-175.345477998646,53.1794373673499,146.40256836098));
#9241=CARTESIAN_POINT('Ctrl Pts',(-139.867821152664,122.520337577259,144.858003990867));
#9242=CARTESIAN_POINT('Ctrl Pts',(-147.534424450869,120.031615201687,145.729786211509));
#9243=CARTESIAN_POINT('Ctrl Pts',(-162.048772026916,113.723578394805,147.473350652793));
#9244=CARTESIAN_POINT('Ctrl Pts',(-184.541198192133,98.6504788049409,150.52458842504));
#9245=CARTESIAN_POINT('Ctrl Pts',(-198.071577137822,84.4193744186971,152.704043976646));
#9246=CARTESIAN_POINT('Ctrl Pts',(-205.075589866987,74.5640442680726,154.011717307609));
#9247=CARTESIAN_POINT('',(-139.867821152664,122.520337577259,144.858003990867));
#9248=CARTESIAN_POINT('Ctrl Pts',(-139.867821152664,122.520337577259,144.858003990867));
#9249=CARTESIAN_POINT('Ctrl Pts',(-128.759810273152,87.6260810489621,137.249376793337));
#9250=CARTESIAN_POINT('Ctrl Pts',(-117.65179939364,52.7318245206654,129.640749595808));
#9251=CARTESIAN_POINT('Ctrl Pts',(-106.543788514127,17.8375679923687,122.032122398279));
#9252=CARTESIAN_POINT('Ctrl Pts',(-139.867821152664,122.520337577259,144.858003990867));
#9253=CARTESIAN_POINT('Ctrl Pts',(-147.534424450869,120.031615201687,145.729786211509));
#9254=CARTESIAN_POINT('Ctrl Pts',(-162.048772026916,113.723578394805,147.473350652793));
#9255=CARTESIAN_POINT('Ctrl Pts',(-184.541198192133,98.6504788049409,150.52458842504));
#9256=CARTESIAN_POINT('Ctrl Pts',(-198.071577137822,84.4193744186971,152.704043976646));
#9257=CARTESIAN_POINT('Ctrl Pts',(-205.075589866987,74.5640442680726,154.011717307609));
#9258=CARTESIAN_POINT('Ctrl Pts',(-94.6138561492482,18.212725192303,112.875164028169));
#9259=CARTESIAN_POINT('Ctrl Pts',(-96.2753559351541,18.710806874912,114.183077211643));
#9260=CARTESIAN_POINT('Ctrl Pts',(-99.16094363142,19.1348818431023,116.362932517431));
#9261=CARTESIAN_POINT('Ctrl Pts',(-103.210157714041,18.8140059119812,119.414729945535));
#9262=CARTESIAN_POINT('Ctrl Pts',(-105.454417319959,18.2246341772723,121.158614190166));
#9263=CARTESIAN_POINT('Ctrl Pts',(-106.541502149239,17.8303856980954,122.030556312482));
#9264=CARTESIAN_POINT('Ctrl Pts',(-82.7128830040443,52.8472152380393,120.484313254298));
#9265=CARTESIAN_POINT('Ctrl Pts',(-87.6401621884224,54.4674717489207,121.792226437771));
#9266=CARTESIAN_POINT('Ctrl Pts',(-96.0043248286229,55.9299645275185,123.97208174356));
#9267=CARTESIAN_POINT('Ctrl Pts',(-107.723382611297,55.3582411529352,127.023879171664));
#9268=CARTESIAN_POINT('Ctrl Pts',(-114.369524170377,53.8196022315867,128.767763416294));
#9269=CARTESIAN_POINT('Ctrl Pts',(-117.650275150381,52.7270363244832,129.63970553861));
#9270=CARTESIAN_POINT('Ctrl Pts',(-70.8119098588404,87.4817052837755,128.093462480426));
#9271=CARTESIAN_POINT('Ctrl Pts',(-79.0049684416908,90.2241366229294,129.401375663899));
#9272=CARTESIAN_POINT('Ctrl Pts',(-92.847706025826,92.7250472119347,131.581230969688));
#9273=CARTESIAN_POINT('Ctrl Pts',(-112.236607508554,91.9024763938893,134.633028397792));
#9274=CARTESIAN_POINT('Ctrl Pts',(-123.284631020795,89.4145702859012,136.376912642423));
#9275=CARTESIAN_POINT('Ctrl Pts',(-128.759048151522,87.623686950871,137.248854764738));
#9276=CARTESIAN_POINT('Ctrl Pts',(-58.9109367136365,122.116195329512,135.702611706554));
#9277=CARTESIAN_POINT('Ctrl Pts',(-70.3697746949591,125.980801496938,137.010524890028));
#9278=CARTESIAN_POINT('Ctrl Pts',(-89.6910872230289,129.520129896351,139.190380195816));
#9279=CARTESIAN_POINT('Ctrl Pts',(-116.749832405811,128.446711634843,142.24217762392));
#9280=CARTESIAN_POINT('Ctrl Pts',(-132.199737871214,125.009538340216,143.986061868551));
#9281=CARTESIAN_POINT('Ctrl Pts',(-139.867821152664,122.520337577259,144.858003990867));
#9282=CARTESIAN_POINT('',(-58.9109367136365,122.116195329512,135.702611706554));
#9283=CARTESIAN_POINT('Ctrl Pts',(-58.9109367136365,122.116195329512,135.702611706554));
#9284=CARTESIAN_POINT('Ctrl Pts',(-70.8110933880165,87.4840813962395,128.093984509025));
#9285=CARTESIAN_POINT('Ctrl Pts',(-82.7112500623964,52.8519674629673,120.485357311496));
#9286=CARTESIAN_POINT('Ctrl Pts',(-94.6114067367764,18.219853529695,112.876730113967));
#9287=CARTESIAN_POINT('Ctrl Pts',(-58.9109367136365,122.116195329512,135.702611706554));
#9288=CARTESIAN_POINT('Ctrl Pts',(-70.3697746949591,125.980801496938,137.010524890028));
#9289=CARTESIAN_POINT('Ctrl Pts',(-89.6910872230289,129.520129896351,139.190380195816));
#9290=CARTESIAN_POINT('Ctrl Pts',(-116.749832405811,128.446711634843,142.24217762392));
#9291=CARTESIAN_POINT('Ctrl Pts',(-132.199737871214,125.009538340216,143.986061868551));
#9292=CARTESIAN_POINT('Ctrl Pts',(-139.867821152664,122.520337577259,144.858003990867));
#9293=CARTESIAN_POINT('Ctrl Pts',(-84.8113649681017,11.4025923764408,103.718045066146));
#9294=CARTESIAN_POINT('Ctrl Pts',(-85.8477795472265,12.7938670499027,105.026204794693));
#9295=CARTESIAN_POINT('Ctrl Pts',(-87.910965775482,14.8561492560099,107.206471008938));
#9296=CARTESIAN_POINT('Ctrl Pts',(-91.3527896677415,17.0146640462635,110.258843708881));
#9297=CARTESIAN_POINT('Ctrl Pts',(-93.5059827830383,17.8806027923675,112.003056680278));
#9298=CARTESIAN_POINT('Ctrl Pts',(-94.613857497749,18.2127212678644,112.875163165976));
#9299=CARTESIAN_POINT('Ctrl Pts',(-54.596822519047,32.0970986145292,111.327194579672));
#9300=CARTESIAN_POINT('Ctrl Pts',(-57.5849680043864,36.337953540668,112.635354308219));
#9301=CARTESIAN_POINT('Ctrl Pts',(-63.4262226974742,42.5028889894387,114.815620522464));
#9302=CARTESIAN_POINT('Ctrl Pts',(-73.1742985805024,49.0364660283013,117.867993222408));
#9303=CARTESIAN_POINT('Ctrl Pts',(-79.4273875394225,51.7668279893097,119.612206193804));
#9304=CARTESIAN_POINT('Ctrl Pts',(-82.7128839030448,52.8472126217468,120.484312679502));
#9305=CARTESIAN_POINT('Ctrl Pts',(-24.3822800699924,52.7916048526176,118.936344093198));
#9306=CARTESIAN_POINT('Ctrl Pts',(-29.3221564615464,59.8820400314332,120.244503821745));
#9307=CARTESIAN_POINT('Ctrl Pts',(-38.9414796194664,70.1496287228674,122.42477003599));
#9308=CARTESIAN_POINT('Ctrl Pts',(-54.9958074932632,81.0582680103392,125.477142735934));
#9309=CARTESIAN_POINT('Ctrl Pts',(-65.3487922958066,85.6530531862518,127.22135570733));
#9310=CARTESIAN_POINT('Ctrl Pts',(-70.8119103083407,87.4817039756293,128.093462193028));
#9311=CARTESIAN_POINT('Ctrl Pts',(5.83226237906232,73.4861110907059,126.545493606724));
#9312=CARTESIAN_POINT('Ctrl Pts',(-1.05934491870635,83.4261265221984,127.853653335271));
#9313=CARTESIAN_POINT('Ctrl Pts',(-14.4567365414586,97.7963684562961,130.033919549517));
#9314=CARTESIAN_POINT('Ctrl Pts',(-36.817316406024,113.080069992377,133.08629224946));
#9315=CARTESIAN_POINT('Ctrl Pts',(-51.2701970521908,119.539278383194,134.830505220856));
#9316=CARTESIAN_POINT('Ctrl Pts',(-58.9109367136365,122.116195329512,135.702611706554));
#9317=CARTESIAN_POINT('',(5.83226237906243,73.4861110907058,126.545493606724));
#9318=CARTESIAN_POINT('Ctrl Pts',(5.83226237906232,73.4861110907059,126.545493606724));
#9319=CARTESIAN_POINT('Ctrl Pts',(-24.380206048601,52.7930253887284,118.936866409195));
#9320=CARTESIAN_POINT('Ctrl Pts',(-54.5926744762643,32.0999396867508,111.328239211666));
#9321=CARTESIAN_POINT('Ctrl Pts',(-84.8051429039276,11.4068539847733,103.719612014136));
#9322=CARTESIAN_POINT('Ctrl Pts',(5.83226237906232,73.4861110907059,126.545493606724));
#9323=CARTESIAN_POINT('Ctrl Pts',(-1.05934491870635,83.4261265221984,127.853653335271));
#9324=CARTESIAN_POINT('Ctrl Pts',(-14.4567365414586,97.7963684562961,130.033919549517));
#9325=CARTESIAN_POINT('Ctrl Pts',(-36.817316406024,113.080069992377,133.08629224946));
#9326=CARTESIAN_POINT('Ctrl Pts',(-51.2701970521908,119.539278383194,134.830505220856));
#9327=CARTESIAN_POINT('Ctrl Pts',(-58.9109367136365,122.116195329512,135.702611706554));
#9328=CARTESIAN_POINT('Ctrl Pts',(-81.0077360265859,0.0865701050111833,
94.5591533251249));
#9329=CARTESIAN_POINT('Ctrl Pts',(-81.0091962651458,1.82178271769026,95.8675663044193));
#9330=CARTESIAN_POINT('Ctrl Pts',(-81.4343457918748,4.70837063198559,98.0482546032434));
#9331=CARTESIAN_POINT('Ctrl Pts',(-82.9087526190758,8.49490789587568,101.101218221597));
#9332=CARTESIAN_POINT('Ctrl Pts',(-84.120293047342,10.474893152469,102.845768860656));
#9333=CARTESIAN_POINT('Ctrl Pts',(-84.8113684860851,11.4025899669081,103.718044180186));
#9334=CARTESIAN_POINT('Ctrl Pts',(-44.4132690226105,-1.33689490844156,102.168303133971));
#9335=CARTESIAN_POINT('Ctrl Pts',(-44.2804525062405,3.85030720256838,103.476716113265));
#9336=CARTESIAN_POINT('Ctrl Pts',(-45.2895816189726,12.2846663972328,105.657404412089));
#9337=CARTESIAN_POINT('Ctrl Pts',(-49.2146059801554,23.3461589888103,108.710368030443));
#9338=CARTESIAN_POINT('Ctrl Pts',(-52.6043282577426,29.2692898616148,110.454918669502));
#9339=CARTESIAN_POINT('Ctrl Pts',(-54.5968248643692,32.097097008174,111.327193989032));
#9340=CARTESIAN_POINT('Ctrl Pts',(-7.81880201863505,-2.76035992189432,109.777452942817));
#9341=CARTESIAN_POINT('Ctrl Pts',(-7.55170874733523,5.87883168744648,111.085865922111));
#9342=CARTESIAN_POINT('Ctrl Pts',(-9.14481744607044,19.86096216248,113.266554220936));
#9343=CARTESIAN_POINT('Ctrl Pts',(-15.520459341235,38.197410081745,116.319517839289));
#9344=CARTESIAN_POINT('Ctrl Pts',(-21.0883634681432,48.0636865707606,118.064068478348));
#9345=CARTESIAN_POINT('Ctrl Pts',(-24.3822812426534,52.7916040494399,118.936343797878));
#9346=CARTESIAN_POINT('Ctrl Pts',(28.7756649853404,-4.18382493534707,117.386602751663));
#9347=CARTESIAN_POINT('Ctrl Pts',(29.17703501157,7.9073561723246,118.695015730957));
#9348=CARTESIAN_POINT('Ctrl Pts',(26.9999467268317,27.4372579277272,120.875704029782));
#9349=CARTESIAN_POINT('Ctrl Pts',(18.1736872976854,53.0486611746797,123.928667648135));
#9350=CARTESIAN_POINT('Ctrl Pts',(10.4276013214561,66.8580832799064,125.673218287195));
#9351=CARTESIAN_POINT('Ctrl Pts',(5.83226237906243,73.4861110907058,126.545493606724));
#9352=CARTESIAN_POINT('',(28.7756649853404,-4.18382493534699,117.386602751663));
#9353=CARTESIAN_POINT('Ctrl Pts',(28.7756649853404,-4.18382493534707,117.386602751663));
#9354=CARTESIAN_POINT('Ctrl Pts',(-7.81628863894508,-2.7604576882603,109.777975554134));
#9355=CARTESIAN_POINT('Ctrl Pts',(-44.4082422632306,-1.33709044117354,102.169348356604));
#9356=CARTESIAN_POINT('Ctrl Pts',(-81.0001958875161,0.0862768059132242,
94.5607211590752));
#9357=CARTESIAN_POINT('Ctrl Pts',(28.7756649853404,-4.18382493534707,117.386602751663));
#9358=CARTESIAN_POINT('Ctrl Pts',(29.17703501157,7.9073561723246,118.695015730957));
#9359=CARTESIAN_POINT('Ctrl Pts',(26.9999467268317,27.4372579277272,120.875704029782));
#9360=CARTESIAN_POINT('Ctrl Pts',(18.1736872976854,53.0486611746797,123.928667648135));
#9361=CARTESIAN_POINT('Ctrl Pts',(10.4276013214561,66.8580832799064,125.673218287195));
#9362=CARTESIAN_POINT('Ctrl Pts',(5.83226237906243,73.4861110907058,126.545493606724));
#9363=CARTESIAN_POINT('Ctrl Pts',(-84.7094862552362,-11.2655940131719,85.3984417709436));
#9364=CARTESIAN_POINT('Ctrl Pts',(-83.6748322916745,-9.87216235118731,86.7071147201412));
#9365=CARTESIAN_POINT('Ctrl Pts',(-82.2929675037699,-7.30174579901704,88.8882363021372));
#9366=CARTESIAN_POINT('Ctrl Pts',(-81.2161616842232,-3.38271220707657,91.9418065169317));
#9367=CARTESIAN_POINT('Ctrl Pts',(-81.0067683430594,-1.07046780059007,93.6867037825285));
#9368=CARTESIAN_POINT('Ctrl Pts',(-81.0077404020513,0.0865702752096298,
94.5591524153269));
#9369=CARTESIAN_POINT('Ctrl Pts',(-56.1966899223934,-34.2482357268246,93.0075918830557));
#9370=CARTESIAN_POINT('Ctrl Pts',(-52.9936054682162,-30.1645990957516,94.3162648322533));
#9371=CARTESIAN_POINT('Ctrl Pts',(-48.7688590583032,-22.7931915061492,96.4973864142493));
#9372=CARTESIAN_POINT('Ctrl Pts',(-45.3165460772569,-11.5728094937562,99.5509566290438));
#9373=CARTESIAN_POINT('Ctrl Pts',(-44.501836586862,-4.79574430424932,101.295853894641));
#9374=CARTESIAN_POINT('Ctrl Pts',(-44.4132719395874,-1.33689479497591,102.168302527439));
#9375=CARTESIAN_POINT('Ctrl Pts',(-27.6838935895506,-57.2308774404772,100.616741995168));
#9376=CARTESIAN_POINT('Ctrl Pts',(-22.3123786447578,-50.4570358403159,101.925414944365));
#9377=CARTESIAN_POINT('Ctrl Pts',(-15.2447506128366,-38.2846372132813,104.106536526361));
#9378=CARTESIAN_POINT('Ctrl Pts',(-9.41693047029063,-19.7629067804358,107.160106741156));
#9379=CARTESIAN_POINT('Ctrl Pts',(-7.99690483066465,-8.52102080790856,108.905004006753));
#9380=CARTESIAN_POINT('Ctrl Pts',(-7.81880347712349,-2.76035986516144,109.777452639551));
#9381=CARTESIAN_POINT('Ctrl Pts',(0.82890274329228,-80.2135191541299,108.22589210728));
#9382=CARTESIAN_POINT('Ctrl Pts',(8.36884817870052,-70.7494725848802,109.534565056477));
#9383=CARTESIAN_POINT('Ctrl Pts',(18.2793578326301,-53.7760829204134,111.715686638473));
#9384=CARTESIAN_POINT('Ctrl Pts',(26.4826851366757,-27.9530040671155,114.769256853268));
#9385=CARTESIAN_POINT('Ctrl Pts',(28.5080269255327,-12.2462973115678,116.514154118865));
#9386=CARTESIAN_POINT('Ctrl Pts',(28.7756649853404,-4.18382493534699,117.386602751663));
#9387=CARTESIAN_POINT('',(0.828902743292347,-80.2135191541299,108.22589210728));
#9388=CARTESIAN_POINT('Ctrl Pts',(0.82890274329228,-80.2135191541299,108.22589210728));
#9389=CARTESIAN_POINT('Ctrl Pts',(-27.6819341385241,-57.2324568492582,100.61726490975));
#9390=CARTESIAN_POINT('Ctrl Pts',(-56.1927710203405,-34.2513945443864,93.0086377122212));
#9391=CARTESIAN_POINT('Ctrl Pts',(-84.7036079021569,-11.2703322395146,85.4000105146919));
#9392=CARTESIAN_POINT('Ctrl Pts',(0.82890274329228,-80.2135191541299,108.22589210728));
#9393=CARTESIAN_POINT('Ctrl Pts',(8.36884817870052,-70.7494725848802,109.534565056477));
#9394=CARTESIAN_POINT('Ctrl Pts',(18.2793578326301,-53.7760829204134,111.715686638473));
#9395=CARTESIAN_POINT('Ctrl Pts',(26.4826851366757,-27.9530040671155,114.769256853268));
#9396=CARTESIAN_POINT('Ctrl Pts',(28.5080269255327,-12.2462973115678,116.514154118865));
#9397=CARTESIAN_POINT('Ctrl Pts',(28.7756649853404,-4.18382493534699,117.386602751663));
#9398=CARTESIAN_POINT('Ctrl Pts',(-94.4572856370793,-18.1656699849307,76.2358632724281));
#9399=CARTESIAN_POINT('Ctrl Pts',(-92.7950696304601,-17.6652447072051,77.544802924543));
#9400=CARTESIAN_POINT('Ctrl Pts',(-90.1515513912247,-16.4275533151341,79.7263690114012));
#9401=CARTESIAN_POINT('Ctrl Pts',(-86.947773806852,-13.9253645456802,82.7805615330027));
#9402=CARTESIAN_POINT('Ctrl Pts',(-85.3994008648553,-12.194733807166,84.5258144024892));
#9403=CARTESIAN_POINT('Ctrl Pts',(-84.7094897540126,-11.2655911929952,85.3984408372325));
#9404=CARTESIAN_POINT('Ctrl Pts',(-85.3006690389024,-53.6246301649327,83.8450136957771));
#9405=CARTESIAN_POINT('Ctrl Pts',(-80.2921487691221,-52.2600840838032,85.1539533478921));
#9406=CARTESIAN_POINT('Ctrl Pts',(-72.5010136158612,-48.8671546058582,87.3355194347503));
#9407=CARTESIAN_POINT('Ctrl Pts',(-63.0320321971795,-41.9237097026577,90.3897119563518));
#9408=CARTESIAN_POINT('Ctrl Pts',(-58.3325362545621,-36.9712342115757,92.1349648258383));
#9409=CARTESIAN_POINT('Ctrl Pts',(-56.1966922549109,-34.2482338467068,93.0075912605816));
#9410=CARTESIAN_POINT('Ctrl Pts',(-76.1440524407254,-89.0835903449347,91.4541641191262));
#9411=CARTESIAN_POINT('Ctrl Pts',(-67.7892279077841,-86.8549234604012,92.7631037712411));
#9412=CARTESIAN_POINT('Ctrl Pts',(-54.8504758404978,-81.3067558965822,94.9446698580993));
#9413=CARTESIAN_POINT('Ctrl Pts',(-39.1162905875071,-69.9220548596352,97.9988623797009));
#9414=CARTESIAN_POINT('Ctrl Pts',(-31.2656716442689,-61.7477346159854,99.7441152491874));
#9415=CARTESIAN_POINT('Ctrl Pts',(-27.6838947558093,-57.2308765004183,100.616741683931));
#9416=CARTESIAN_POINT('Ctrl Pts',(-66.9874358425484,-124.542550524937,99.0633145424753));
#9417=CARTESIAN_POINT('Ctrl Pts',(-55.2863070464461,-121.449762836999,100.37225419459));
#9418=CARTESIAN_POINT('Ctrl Pts',(-37.1999380651344,-113.746357187306,102.553820281448));
#9419=CARTESIAN_POINT('Ctrl Pts',(-15.2005489778346,-97.9204000166127,105.60801280305));
#9420=CARTESIAN_POINT('Ctrl Pts',(-4.19880703397575,-86.5242350203951,107.353265672536));
#9421=CARTESIAN_POINT('Ctrl Pts',(0.828902743292347,-80.2135191541299,108.22589210728));
#9422=CARTESIAN_POINT('',(-66.9874358425484,-124.542550524937,99.0633145424753));
#9423=CARTESIAN_POINT('Ctrl Pts',(-66.9874358425484,-124.542550524937,99.0633145424753));
#9424=CARTESIAN_POINT('Ctrl Pts',(-76.1434228069346,-89.0860285992044,91.454687344946));
#9425=CARTESIAN_POINT('Ctrl Pts',(-85.2994097713207,-53.6295066734722,83.8460601474167));
#9426=CARTESIAN_POINT('Ctrl Pts',(-94.4553967357068,-18.17298474774,76.2374329498874));
#9427=CARTESIAN_POINT('Ctrl Pts',(-66.9874358425484,-124.542550524937,99.0633145424753));
#9428=CARTESIAN_POINT('Ctrl Pts',(-55.2863070464461,-121.449762836999,100.37225419459));
#9429=CARTESIAN_POINT('Ctrl Pts',(-37.1999380651344,-113.746357187306,102.553820281448));
#9430=CARTESIAN_POINT('Ctrl Pts',(-15.2005489778346,-97.9204000166127,105.60801280305));
#9431=CARTESIAN_POINT('Ctrl Pts',(-4.19880703397575,-86.5242350203951,107.353265672536));
#9432=CARTESIAN_POINT('Ctrl Pts',(0.828902743292347,-80.2135191541299,108.22589210728));
#9433=CARTESIAN_POINT('Ctrl Pts',(-9.35084516850557,-91.5609469798233,466.530135929223));
#9434=CARTESIAN_POINT('Ctrl Pts',(-0.746919339657498,-83.0547109227695,
467.838658658466));
#9435=CARTESIAN_POINT('Ctrl Pts',(11.0981389392158,-67.3737737328708,470.019529873871));
#9436=CARTESIAN_POINT('Ctrl Pts',(22.2937417465771,-42.7028235487253,473.072749575439));
#9437=CARTESIAN_POINT('Ctrl Pts',(26.1602744014815,-27.3469325359799,474.817446547763));
#9438=CARTESIAN_POINT('Ctrl Pts',(27.3787329576666,-19.3735560392439,475.689795033925));
#9439=CARTESIAN_POINT('Ctrl Pts',(-8.70695048191881,-91.1932777543404,465.629397296584));
#9440=CARTESIAN_POINT('Ctrl Pts',(-0.1377103126932,-82.6262971193243,466.937920025827));
#9441=CARTESIAN_POINT('Ctrl Pts',(11.6378694951733,-66.8563078415475,469.118791241232));
#9442=CARTESIAN_POINT('Ctrl Pts',(22.7134034864325,-42.0866381868061,472.172010942799));
#9443=CARTESIAN_POINT('Ctrl Pts',(26.5002545164045,-26.6863500548745,473.916707915123));
#9444=CARTESIAN_POINT('Ctrl Pts',(27.6759913345462,-18.6942781254583,474.789056401285));
#9445=CARTESIAN_POINT('Ctrl Pts',(-8.06305579533204,-90.8256085288574,464.728658663944));
#9446=CARTESIAN_POINT('Ctrl Pts',(0.471498714271182,-82.1978833158792,466.037181393187));
#9447=CARTESIAN_POINT('Ctrl Pts',(12.1776000511308,-66.3388419502243,468.218052608592));
#9448=CARTESIAN_POINT('Ctrl Pts',(23.1330652262879,-41.4704528248869,471.27127231016));
#9449=CARTESIAN_POINT('Ctrl Pts',(26.8402346313276,-26.0257675737691,473.015969282484));
#9450=CARTESIAN_POINT('Ctrl Pts',(27.9732497114257,-18.0150002116728,473.888317768646));
#9451=CARTESIAN_POINT('Ctrl Pts',(-7.41916110874528,-90.4579393033745,463.827920031305));
#9452=CARTESIAN_POINT('Ctrl Pts',(1.08070774123548,-81.7694695124341,465.136442760548));
#9453=CARTESIAN_POINT('Ctrl Pts',(12.7173306070883,-65.8213760589009,467.317313975953));
#9454=CARTESIAN_POINT('Ctrl Pts',(23.5527269661432,-40.8542674629677,470.37053367752));
#9455=CARTESIAN_POINT('Ctrl Pts',(27.1802147462506,-25.3651850926637,472.115230649844));
#9456=CARTESIAN_POINT('Ctrl Pts',(28.2705080883052,-17.3357222978873,472.987579136006));
#9457=CARTESIAN_POINT('Ctrl Pts',(-7.41916110874528,-90.4579393033745,463.827920031305));
#9458=CARTESIAN_POINT('Ctrl Pts',(-8.06305579533204,-90.8256085288574,464.728658663944));
#9459=CARTESIAN_POINT('Ctrl Pts',(-8.70695048191881,-91.1932777543404,465.629397296584));
#9460=CARTESIAN_POINT('Ctrl Pts',(-9.35084516850557,-91.5609469798233,466.530135929223));
#9461=CARTESIAN_POINT('Ctrl Pts',(27.3787329576666,-19.3735560392439,475.689795033925));
#9462=CARTESIAN_POINT('Ctrl Pts',(27.6759913345462,-18.6942781254583,474.789056401285));
#9463=CARTESIAN_POINT('Ctrl Pts',(27.9732497114257,-18.0150002116728,473.888317768646));
#9464=CARTESIAN_POINT('Ctrl Pts',(28.2705080883052,-17.3357222978873,472.987579136006));
#9465=CARTESIAN_POINT('Ctrl Pts',(-82.4293068378388,-127.639911568864,457.311307835172));
#9466=CARTESIAN_POINT('Ctrl Pts',(-70.3607519546036,-125.987352792819,458.628283277179));
#9467=CARTESIAN_POINT('Ctrl Pts',(-51.3585896931406,-120.497086885748,460.823242347191));
#9468=CARTESIAN_POINT('Ctrl Pts',(-27.4798746492188,-107.342313613287,463.896185045208));
#9469=CARTESIAN_POINT('Ctrl Pts',(-15.1258447285338,-97.2702794047691,465.652152301218));
#9470=CARTESIAN_POINT('Ctrl Pts',(-9.35084516850557,-91.5609469798233,466.530135929223));
#9471=CARTESIAN_POINT('Ctrl Pts',(-81.6935982700496,-127.732182528886,456.410569202532));
#9472=CARTESIAN_POINT('Ctrl Pts',(-69.6162789337471,-126.00974170965,457.72754464454));
#9473=CARTESIAN_POINT('Ctrl Pts',(-50.6163860485904,-120.405817991702,459.922503714552));
#9474=CARTESIAN_POINT('Ctrl Pts',(-26.775063992667,-107.099169270931,462.995446412569));
#9475=CARTESIAN_POINT('Ctrl Pts',(-14.4586677461936,-96.9433841834402,464.751413668579));
#9476=CARTESIAN_POINT('Ctrl Pts',(-8.70695048191881,-91.1932777543404,465.629397296584));
#9477=CARTESIAN_POINT('Ctrl Pts',(-80.9578897022604,-127.824453488909,455.509830569893));
#9478=CARTESIAN_POINT('Ctrl Pts',(-68.8718059128906,-126.03213062648,456.8268060119));
#9479=CARTESIAN_POINT('Ctrl Pts',(-49.8741824040402,-120.314549097656,459.021765081912));
#9480=CARTESIAN_POINT('Ctrl Pts',(-26.0702533361152,-106.856024928575,462.094707779929));
#9481=CARTESIAN_POINT('Ctrl Pts',(-13.7914907638534,-96.6164889621114,463.850675035939));
#9482=CARTESIAN_POINT('Ctrl Pts',(-8.06305579533204,-90.8256085288574,464.728658663944));
#9483=CARTESIAN_POINT('Ctrl Pts',(-80.2221811344712,-127.916724448931,454.609091937253));
#9484=CARTESIAN_POINT('Ctrl Pts',(-68.1273328920341,-126.054519543311,455.926067379261));
#9485=CARTESIAN_POINT('Ctrl Pts',(-49.13197875949,-120.223280203609,458.121026449273));
#9486=CARTESIAN_POINT('Ctrl Pts',(-25.3654426795635,-106.61288058622,461.19396914729));
#9487=CARTESIAN_POINT('Ctrl Pts',(-13.1243137815133,-96.2895937407825,462.9499364033));
#9488=CARTESIAN_POINT('Ctrl Pts',(-7.41916110874528,-90.4579393033745,463.827920031305));
#9489=CARTESIAN_POINT('Ctrl Pts',(-80.2221811344712,-127.916724448931,454.609091937253));
#9490=CARTESIAN_POINT('Ctrl Pts',(-80.9578897022604,-127.824453488909,455.509830569893));
#9491=CARTESIAN_POINT('Ctrl Pts',(-81.6935982700496,-127.732182528886,456.410569202532));
#9492=CARTESIAN_POINT('Ctrl Pts',(-82.4293068378388,-127.639911568864,457.311307835172));
#9493=CARTESIAN_POINT('Ctrl Pts',(-162.208747679496,-112.830616393136,448.134317245857));
#9494=CARTESIAN_POINT('Ctrl Pts',(-151.596571700404,-118.6914000553,449.445315901474));
#9495=CARTESIAN_POINT('Ctrl Pts',(-133.170397288202,-125.629623664094,451.630313660834));
#9496=CARTESIAN_POINT('Ctrl Pts',(-106.289121699598,-129.38472908257,454.689310523939));
#9497=CARTESIAN_POINT('Ctrl Pts',(-90.4365784896097,-128.736404099942,456.437308731427));
#9498=CARTESIAN_POINT('Ctrl Pts',(-82.4293068378388,-127.639911568864,457.311307835172));
#9499=CARTESIAN_POINT('Ctrl Pts',(-161.674089302585,-113.344349248597,447.233578613218));
#9500=CARTESIAN_POINT('Ctrl Pts',(-151.013350837893,-119.154592363366,448.544577268834));
#9501=CARTESIAN_POINT('Ctrl Pts',(-132.521293072791,-126.000809415828,450.729575028195));
#9502=CARTESIAN_POINT('Ctrl Pts',(-105.579243671752,-129.612537198396,453.788571891299));
#9503=CARTESIAN_POINT('Ctrl Pts',(-89.7066847561514,-128.875038763523,455.536570098788));
#9504=CARTESIAN_POINT('Ctrl Pts',(-81.6935982700495,-127.732182528886,456.410569202532));
#9505=CARTESIAN_POINT('Ctrl Pts',(-161.139430925673,-113.858082104058,446.332839980578));
#9506=CARTESIAN_POINT('Ctrl Pts',(-150.430129975382,-119.617784671433,447.643838636195));
#9507=CARTESIAN_POINT('Ctrl Pts',(-131.872188857379,-126.371995167562,449.828836395555));
#9508=CARTESIAN_POINT('Ctrl Pts',(-104.869365643905,-129.840345314223,452.88783325866));
#9509=CARTESIAN_POINT('Ctrl Pts',(-88.9767910226932,-129.013673427104,454.635831466148));
#9510=CARTESIAN_POINT('Ctrl Pts',(-80.9578897022603,-127.824453488909,455.509830569893));
#9511=CARTESIAN_POINT('Ctrl Pts',(-160.604772548761,-114.371814959519,445.432101347939));
#9512=CARTESIAN_POINT('Ctrl Pts',(-149.846909112871,-120.0809769795,446.743100003555));
#9513=CARTESIAN_POINT('Ctrl Pts',(-131.223084641968,-126.743180919296,448.928097762916));
#9514=CARTESIAN_POINT('Ctrl Pts',(-104.159487616058,-130.068153430049,451.98709462602));
#9515=CARTESIAN_POINT('Ctrl Pts',(-88.246897289235,-129.152308090685,453.735092833509));
#9516=CARTESIAN_POINT('Ctrl Pts',(-80.2221811344711,-127.916724448931,454.609091937253));
#9517=CARTESIAN_POINT('Ctrl Pts',(-160.604772548761,-114.371814959519,445.432101347939));
#9518=CARTESIAN_POINT('Ctrl Pts',(-161.139430925673,-113.858082104058,446.332839980578));
#9519=CARTESIAN_POINT('Ctrl Pts',(-161.674089302585,-113.344349248597,447.233578613218));
#9520=CARTESIAN_POINT('Ctrl Pts',(-162.208747679496,-112.830616393136,448.134317245857));
#9521=CARTESIAN_POINT('Ctrl Pts',(-217.470706789767,-52.9273967791612,438.91539813334));
#9522=CARTESIAN_POINT('Ctrl Pts',(-212.474706314273,-64.0370336353474,440.232386577986));
#9523=CARTESIAN_POINT('Ctrl Pts',(-201.837902740302,-80.7130485796475,442.427367319061));
#9524=CARTESIAN_POINT('Ctrl Pts',(-182.470615192032,-99.9006929863881,445.500340356567));
#9525=CARTESIAN_POINT('Ctrl Pts',(-169.317532020391,-108.904593892752,447.256324949427));
#9526=CARTESIAN_POINT('Ctrl Pts',(-162.208747679496,-112.830616393136,448.134317245857));
#9527=CARTESIAN_POINT('Ctrl Pts',(-217.351293608971,-53.6591901373123,438.014659500701));
#9528=CARTESIAN_POINT('Ctrl Pts',(-212.285782252131,-64.757484289511,439.331647945346));
#9529=CARTESIAN_POINT('Ctrl Pts',(-201.540594831076,-81.3992009114258,441.526628686422));
#9530=CARTESIAN_POINT('Ctrl Pts',(-182.038189971823,-100.508052877659,444.599601723927));
#9531=CARTESIAN_POINT('Ctrl Pts',(-168.815405617305,-109.452183824198,446.355586316788));
#9532=CARTESIAN_POINT('Ctrl Pts',(-161.674089302585,-113.344349248597,447.233578613218));
#9533=CARTESIAN_POINT('Ctrl Pts',(-217.231880428174,-54.3909834954633,437.113920868061));
#9534=CARTESIAN_POINT('Ctrl Pts',(-212.096858189989,-65.4779349436746,438.430909312707));
#9535=CARTESIAN_POINT('Ctrl Pts',(-201.24328692185,-82.085353243204,440.625890053782));
#9536=CARTESIAN_POINT('Ctrl Pts',(-181.605764751615,-101.115412768931,443.698863091288));
#9537=CARTESIAN_POINT('Ctrl Pts',(-168.313279214218,-109.999773755643,445.454847684148));
#9538=CARTESIAN_POINT('Ctrl Pts',(-161.139430925673,-113.858082104058,446.332839980578));
#9539=CARTESIAN_POINT('Ctrl Pts',(-217.112467247378,-55.1227768536143,436.213182235422));
#9540=CARTESIAN_POINT('Ctrl Pts',(-211.907934127846,-66.1983855978382,437.530170680067));
#9541=CARTESIAN_POINT('Ctrl Pts',(-200.945979012625,-82.7715055749823,439.725151421143));
#9542=CARTESIAN_POINT('Ctrl Pts',(-181.173339531407,-101.722772660202,442.798124458648));
#9543=CARTESIAN_POINT('Ctrl Pts',(-167.811152811132,-110.547363687089,444.554109051509));
#9544=CARTESIAN_POINT('Ctrl Pts',(-160.604772548761,-114.371814959519,445.432101347939));
#9545=CARTESIAN_POINT('Ctrl Pts',(-217.112467247378,-55.1227768536143,436.213182235422));
#9546=CARTESIAN_POINT('Ctrl Pts',(-217.231880428174,-54.3909834954633,437.113920868061));
#9547=CARTESIAN_POINT('Ctrl Pts',(-217.351293608971,-53.6591901373123,438.014659500701));
#9548=CARTESIAN_POINT('Ctrl Pts',(-217.470706789767,-52.9273967791612,438.91539813334));
#9549=CARTESIAN_POINT('Ctrl Pts',(-30.2849917118851,108.353559714918,402.162475435434));
#9550=CARTESIAN_POINT('Ctrl Pts',(-40.5243204852929,114.951915350726,403.479455866082));
#9551=CARTESIAN_POINT('Ctrl Pts',(-58.5287344107065,123.146772972487,405.674423250494));
#9552=CARTESIAN_POINT('Ctrl Pts',(-85.2156539730608,128.697838289157,408.747377588671));
#9553=CARTESIAN_POINT('Ctrl Pts',(-101.152325787537,129.088350145315,410.5033514962));
#9554=CARTESIAN_POINT('Ctrl Pts',(-121.371751121351,127.647052220125,412.695103136576));
#9555=CARTESIAN_POINT('Ctrl Pts',(-140.645976422076,123.416257737942,414.884710947594));
#9556=CARTESIAN_POINT('Ctrl Pts',(-165.276790710984,111.891895083468,417.95016188302));
#9557=CARTESIAN_POINT('Ctrl Pts',(-178.239326515369,102.681107640207,419.701848131834));
#9558=CARTESIAN_POINT('Ctrl Pts',(-193.533481876891,89.4502236044933,421.888690229851));
#9559=CARTESIAN_POINT('Ctrl Pts',(-206.414024817864,74.555922073711,424.073688519201));
#9560=CARTESIAN_POINT('Ctrl Pts',(-219.231515771149,50.635634083505,427.132686124289));
#9561=CARTESIAN_POINT('Ctrl Pts',(-224.10402993208,35.534638854034,428.880684755769));
#9562=CARTESIAN_POINT('Ctrl Pts',(-228.447873192829,15.8252682816365,431.063357508913));
#9563=CARTESIAN_POINT('Ctrl Pts',(-229.87414332515,-3.77913010294808,433.244479904587));
#9564=CARTESIAN_POINT('Ctrl Pts',(-225.875954212613,-30.5736809169404,436.298051258531));
#9565=CARTESIAN_POINT('Ctrl Pts',(-220.779308664348,-45.570203315168,438.042949175071));
#9566=CARTESIAN_POINT('Ctrl Pts',(-217.470706789767,-52.9273967791612,438.91539813334));
#9567=CARTESIAN_POINT('Ctrl Pts',(-30.7835912925092,108.902357933741,401.261736802795));
#9568=CARTESIAN_POINT('Ctrl Pts',(-41.075040350339,115.453270924439,402.578717233442));
#9569=CARTESIAN_POINT('Ctrl Pts',(-59.151695540935,123.560427196977,404.773684617854));
#9570=CARTESIAN_POINT('Ctrl Pts',(-85.9090437024218,128.971823935018,407.846638956031));
#9571=CARTESIAN_POINT('Ctrl Pts',(-101.871637084179,129.274270738315,409.602612863561));
#9572=CARTESIAN_POINT('Ctrl Pts',(-122.113113318137,127.717812819672,411.794364503937));
#9573=CARTESIAN_POINT('Ctrl Pts',(-141.39253050846,123.373791345227,413.983972314955));
#9574=CARTESIAN_POINT('Ctrl Pts',(-165.996072681483,111.695778063562,417.04942325038));
#9575=CARTESIAN_POINT('Ctrl Pts',(-178.926691067916,102.399161192432,418.801109499195));
#9576=CARTESIAN_POINT('Ctrl Pts',(-194.169669039548,89.0630936771576,420.987951597212));
#9577=CARTESIAN_POINT('Ctrl Pts',(-206.986732385625,74.0751781928631,423.172949886561));
#9578=CARTESIAN_POINT('Ctrl Pts',(-219.690685253449,50.0482952337183,426.23194749165));
#9579=CARTESIAN_POINT('Ctrl Pts',(-224.48646228598,34.8976933602887,427.979946123129));
#9580=CARTESIAN_POINT('Ctrl Pts',(-228.726615611292,15.1346971442101,430.162618876274));
#9581=CARTESIAN_POINT('Ctrl Pts',(-230.046238049495,-4.50677035942643,432.343741271948));
#9582=CARTESIAN_POINT('Ctrl Pts',(-225.893586950079,-31.3189806712988,435.397312625892));
#9583=CARTESIAN_POINT('Ctrl Pts',(-220.705929469435,-46.3095012079209,437.142210542431));
#9584=CARTESIAN_POINT('Ctrl Pts',(-217.351293608971,-53.6591901373123,438.014659500701));
#9585=CARTESIAN_POINT('Ctrl Pts',(-31.2821908731333,109.451156152564,400.360998170155));
#9586=CARTESIAN_POINT('Ctrl Pts',(-41.6257844989823,115.954873863645,401.677978600803));
#9587=CARTESIAN_POINT('Ctrl Pts',(-59.7746539858425,123.974028426119,403.872945985215));
#9588=CARTESIAN_POINT('Ctrl Pts',(-86.6024560949629,129.245899122773,406.945900323392));
#9589=CARTESIAN_POINT('Ctrl Pts',(-102.5909711806,129.46018719532,408.701874230921));
#9590=CARTESIAN_POINT('Ctrl Pts',(-122.854641804616,127.788754587744,410.893625871297));
#9591=CARTESIAN_POINT('Ctrl Pts',(-142.139051146301,123.331284781453,413.083233682315));
#9592=CARTESIAN_POINT('Ctrl Pts',(-166.715425890182,111.499718435386,416.148684617741));
#9593=CARTESIAN_POINT('Ctrl Pts',(-179.61407140495,102.117197941119,417.900370866555));
#9594=CARTESIAN_POINT('Ctrl Pts',(-194.806095699537,88.6760086133192,420.087212964572));
#9595=CARTESIAN_POINT('Ctrl Pts',(-207.559389762275,73.5944223298993,422.272211253921));
#9596=CARTESIAN_POINT('Ctrl Pts',(-220.149945404578,49.4609595730461,425.33120885901));
#9597=CARTESIAN_POINT('Ctrl Pts',(-224.868897332074,34.2607250715322,427.07920749049));
#9598=CARTESIAN_POINT('Ctrl Pts',(-229.005575071604,14.4440194636693,429.261880243634));
#9599=CARTESIAN_POINT('Ctrl Pts',(-230.218285889508,-5.23439043872315,431.443002639308));
#9600=CARTESIAN_POINT('Ctrl Pts',(-225.91129372069,-32.064331766692,434.496573993252));
#9601=CARTESIAN_POINT('Ctrl Pts',(-220.632538940076,-47.048818962595,436.241471909792));
#9602=CARTESIAN_POINT('Ctrl Pts',(-217.231880428174,-54.3909834954632,437.113920868061));
#9603=CARTESIAN_POINT('Ctrl Pts',(-31.7807904537574,109.999954371387,399.460259537516));
#9604=CARTESIAN_POINT('Ctrl Pts',(-42.1765043640284,116.456229437358,400.777239968163));
#9605=CARTESIAN_POINT('Ctrl Pts',(-60.397615116071,124.387682650609,402.972207352575));
#9606=CARTESIAN_POINT('Ctrl Pts',(-87.2958458243239,129.519884768634,406.045161690752));
#9607=CARTESIAN_POINT('Ctrl Pts',(-103.310282477242,129.64610778832,407.801135598282));
#9608=CARTESIAN_POINT('Ctrl Pts',(-123.596004001403,127.859515187291,409.992887238658));
#9609=CARTESIAN_POINT('Ctrl Pts',(-142.885605232684,123.288818388738,412.182495049676));
#9610=CARTESIAN_POINT('Ctrl Pts',(-167.434707860681,111.30360141548,415.247945985101));
#9611=CARTESIAN_POINT('Ctrl Pts',(-180.301435957498,101.835251493344,416.999632233916));
#9612=CARTESIAN_POINT('Ctrl Pts',(-195.442282862193,88.2888786859834,419.186474331933));
#9613=CARTESIAN_POINT('Ctrl Pts',(-208.132097330037,73.1136784490514,421.371472621282));
#9614=CARTESIAN_POINT('Ctrl Pts',(-220.609114886878,48.8736207232594,424.430470226371));
#9615=CARTESIAN_POINT('Ctrl Pts',(-225.251329685974,33.6237795777868,426.17846885785));
#9616=CARTESIAN_POINT('Ctrl Pts',(-229.284317490067,13.7534483262429,428.361141610995));
#9617=CARTESIAN_POINT('Ctrl Pts',(-230.390380613853,-5.9620306952015,430.542264006669));
#9618=CARTESIAN_POINT('Ctrl Pts',(-225.928926458156,-32.8096315210504,433.595835360613));
#9619=CARTESIAN_POINT('Ctrl Pts',(-220.559159745163,-47.7881168553479,435.340733277152));
#9620=CARTESIAN_POINT('Ctrl Pts',(-217.112467247378,-55.1227768536143,436.213182235422));
#9621=CARTESIAN_POINT('Ctrl Pts',(-31.7807904537575,109.999954371387,399.460259537516));
#9622=CARTESIAN_POINT('Ctrl Pts',(-31.2821908731334,109.451156152564,400.360998170155));
#9623=CARTESIAN_POINT('Ctrl Pts',(-30.7835912925092,108.902357933741,401.261736802795));
#9624=CARTESIAN_POINT('Ctrl Pts',(-30.2849917118851,108.353559714918,402.162475435434));
#9625=CARTESIAN_POINT('Ctrl Pts',(-170.868904348513,107.602391608865,328.694221256294));
#9626=CARTESIAN_POINT('Ctrl Pts',(-181.046614428953,100.909577930311,330.011190669568));
#9627=CARTESIAN_POINT('Ctrl Pts',(-195.826907567651,87.7604892838058,332.206139691691));
#9628=CARTESIAN_POINT('Ctrl Pts',(-211.703175654176,65.6048142124226,335.279068322664));
#9629=CARTESIAN_POINT('Ctrl Pts',(-218.510259286022,51.1903049106327,337.035027540363));
#9630=CARTESIAN_POINT('Ctrl Pts',(-225.38047413265,32.1034407862276,339.228313536777));
#9631=CARTESIAN_POINT('Ctrl Pts',(-229.312339058956,12.7410407479995,341.420490849385));
#9632=CARTESIAN_POINT('Ctrl Pts',(-228.730696513907,-14.4760816680163,344.489539087037));
#9633=CARTESIAN_POINT('Ctrl Pts',(-225.540954532151,-30.0737079376311,346.243280937123));
#9634=CARTESIAN_POINT('Ctrl Pts',(-220.792837837303,-45.5725593757609,347.995989872374));
#9635=CARTESIAN_POINT('Ctrl Pts',(-214.690413924337,-60.2576047479123,349.747665892789));
#9636=CARTESIAN_POINT('Ctrl Pts',(-199.896886679298,-83.0746908395785,352.813098928516));
#9637=CARTESIAN_POINT('Ctrl Pts',(-185.796151944433,-96.8766758949061,355.002693954035));
#9638=CARTESIAN_POINT('Ctrl Pts',(-169.459216502347,-108.825683506125,357.191330916409));
#9639=CARTESIAN_POINT('Ctrl Pts',(-155.794408154822,-116.925014498488,358.941090810536));
#9640=CARTESIAN_POINT('Ctrl Pts',(-130.313204108262,-126.338119068031,362.003170625256));
#9641=CARTESIAN_POINT('Ctrl Pts',(-110.778157936562,-128.955685210101,364.190370492913));
#9642=CARTESIAN_POINT('Ctrl Pts',(-86.5205235647868,-128.717353968828,366.813684250139));
#9643=CARTESIAN_POINT('Ctrl Pts',(-67.0625619531079,-125.687582752645,368.998673977857));
#9644=CARTESIAN_POINT('Ctrl Pts',(-41.8166474678236,-115.735486688701,372.057659596662));
#9645=CARTESIAN_POINT('Ctrl Pts',(-28.3334773291149,-107.370525798949,373.805651378836));
#9646=CARTESIAN_POINT('Ctrl Pts',(-15.4767866211907,-97.5866979781639,375.552832338129));
#9647=CARTESIAN_POINT('Ctrl Pts',(-3.84193027124017,-86.8182172045493,377.299202474541));
#9648=CARTESIAN_POINT('Ctrl Pts',(12.4196867770158,-65.122938562905,380.355350213261));
#9649=CARTESIAN_POINT('Ctrl Pts',(20.4936672315125,-47.1850217758709,382.538312883776));
#9650=CARTESIAN_POINT('Ctrl Pts',(26.0742171361184,-27.7940540264534,384.720537258787));
#9651=CARTESIAN_POINT('Ctrl Pts',(28.9732497383872,-12.2218857434928,386.465430804193));
#9652=CARTESIAN_POINT('Ctrl Pts',(29.0645260329156,14.8688971631915,389.518994508651));
#9653=CARTESIAN_POINT('Ctrl Pts',(24.8381474269445,34.0636412246788,391.700111440408));
#9654=CARTESIAN_POINT('Ctrl Pts',(16.3317083173188,56.7096814716011,394.316452147458));
#9655=CARTESIAN_POINT('Ctrl Pts',(6.85338344785308,73.913703373765,396.495903060785));
#9656=CARTESIAN_POINT('Ctrl Pts',(-11.0788663389379,94.1921344449217,399.547134339442));
#9657=CARTESIAN_POINT('Ctrl Pts',(-23.5095039574233,103.987437870734,401.290695070104));
#9658=CARTESIAN_POINT('Ctrl Pts',(-30.2849917118852,108.353559714918,402.162475435434));
#9659=CARTESIAN_POINT('Ctrl Pts',(-171.5725386691,107.368554550908,327.793482623655));
#9660=CARTESIAN_POINT('Ctrl Pts',(-181.727958927541,100.608879792365,329.110452036929));
#9661=CARTESIAN_POINT('Ctrl Pts',(-196.457291429021,87.3582375918551,331.305401059052));
#9662=CARTESIAN_POINT('Ctrl Pts',(-212.234344726368,65.0816347325502,334.378329690024));
#9663=CARTESIAN_POINT('Ctrl Pts',(-218.97138934941,50.6077808905554,336.134288907723));
#9664=CARTESIAN_POINT('Ctrl Pts',(-225.745149399205,31.4540958811832,338.327574904137));
#9665=CARTESIAN_POINT('Ctrl Pts',(-229.575447584525,12.0410826204871,340.519752216746));
#9666=CARTESIAN_POINT('Ctrl Pts',(-228.842075395394,-15.2132635210752,343.588800454397));
#9667=CARTESIAN_POINT('Ctrl Pts',(-225.560816853443,-30.8163887355427,345.342542304484));
#9668=CARTESIAN_POINT('Ctrl Pts',(-220.719035721311,-46.3118272893615,347.095251239735));
#9669=CARTESIAN_POINT('Ctrl Pts',(-214.525845925681,-60.9847537995287,348.84692726015));
#9670=CARTESIAN_POINT('Ctrl Pts',(-199.583853640452,-83.7537759669123,351.912360295876));
#9671=CARTESIAN_POINT('Ctrl Pts',(-185.385587023422,-97.4980142534535,354.101955321395));
#9672=CARTESIAN_POINT('Ctrl Pts',(-168.957465773056,-109.37359310758,356.29059228377));
#9673=CARTESIAN_POINT('Ctrl Pts',(-155.227286952007,-117.408945243782,358.040352177896));
#9674=CARTESIAN_POINT('Ctrl Pts',(-129.656017069782,-126.694814821727,361.102431992616));
#9675=CARTESIAN_POINT('Ctrl Pts',(-110.077430801467,-129.207866349582,363.289631860274));
#9676=CARTESIAN_POINT('Ctrl Pts',(-85.7849321621808,-128.833581915117,365.912945617499));
#9677=CARTESIAN_POINT('Ctrl Pts',(-66.3148358510785,-125.691356797282,368.097935345217));
#9678=CARTESIAN_POINT('Ctrl Pts',(-41.0865684361328,-115.584529412545,371.156920964022));
#9679=CARTESIAN_POINT('Ctrl Pts',(-27.6298379102961,-107.132102609029,372.904912746197));
#9680=CARTESIAN_POINT('Ctrl Pts',(-14.8086306465914,-97.2618636220389,374.65209370549));
#9681=CARTESIAN_POINT('Ctrl Pts',(-3.21638465565436,-86.412649405615,376.398463841901));
#9682=CARTESIAN_POINT('Ctrl Pts',(12.9491643871969,-64.5949750767533,379.454611580622));
#9683=CARTESIAN_POINT('Ctrl Pts',(20.935596451547,-46.5856113413181,381.637574251137));
#9684=CARTESIAN_POINT('Ctrl Pts',(26.4161370126018,-27.1344809319352,383.819798626148));
#9685=CARTESIAN_POINT('Ctrl Pts',(29.2328499271284,-11.5230364393918,385.564692171553));
#9686=CARTESIAN_POINT('Ctrl Pts',(29.1741053604668,15.6085384703895,388.618255876012));
#9687=CARTESIAN_POINT('Ctrl Pts',(24.8349339635782,34.8083394724316,390.799372807768));
#9688=CARTESIAN_POINT('Ctrl Pts',(16.1892170342854,57.4406222198592,393.415713514818));
#9689=CARTESIAN_POINT('Ctrl Pts',(6.60134917646809,74.6176508198016,395.595164428145));
#9690=CARTESIAN_POINT('Ctrl Pts',(-11.4699577457009,94.8268163698379,398.646395706803));
#9691=CARTESIAN_POINT('Ctrl Pts',(-23.9736051262357,104.567569287422,400.389956437464));
#9692=CARTESIAN_POINT('Ctrl Pts',(-30.7835912925093,108.902357933741,401.261736802795));
#9693=CARTESIAN_POINT('Ctrl Pts',(-172.276172989687,107.134717492951,326.892743991015));
#9694=CARTESIAN_POINT('Ctrl Pts',(-182.409539447704,100.308259556168,328.209713404289));
#9695=CARTESIAN_POINT('Ctrl Pts',(-197.08759214846,86.9559573373777,330.404662426412));
#9696=CARTESIAN_POINT('Ctrl Pts',(-212.765594003796,64.5584729272815,333.477591057385));
#9697=CARTESIAN_POINT('Ctrl Pts',(-219.432524858381,50.0252343479705,335.233550275084));
#9698=CARTESIAN_POINT('Ctrl Pts',(-226.11005887372,30.8046719603565,337.426836271498));
#9699=CARTESIAN_POINT('Ctrl Pts',(-229.838473049079,11.3411513810063,339.619013584106));
#9700=CARTESIAN_POINT('Ctrl Pts',(-228.95352863432,-15.9504792339574,342.688061821758));
#9701=CARTESIAN_POINT('Ctrl Pts',(-225.580670110141,-31.5590907923589,344.441803671845));
#9702=CARTESIAN_POINT('Ctrl Pts',(-220.645241029833,-47.0511170289233,346.194512607095));
#9703=CARTESIAN_POINT('Ctrl Pts',(-214.361201710589,-61.7119311739445,347.94618862751));
#9704=CARTESIAN_POINT('Ctrl Pts',(-199.27090483004,-84.4328403624574,351.011621663237));
#9705=CARTESIAN_POINT('Ctrl Pts',(-184.974784074256,-98.1194143680561,353.201216688756));
#9706=CARTESIAN_POINT('Ctrl Pts',(-168.455707889744,-109.921524569922,355.38985365113));
#9707=CARTESIAN_POINT('Ctrl Pts',(-154.660088070258,-117.892853231733,357.139613545256));
#9708=CARTESIAN_POINT('Ctrl Pts',(-128.998909460056,-127.051544124502,360.201693359977));
#9709=CARTESIAN_POINT('Ctrl Pts',(-109.376477024902,-129.459955132725,362.388893227634));
#9710=CARTESIAN_POINT('Ctrl Pts',(-85.0491871220863,-128.949998978293,365.01220698486));
#9711=CARTESIAN_POINT('Ctrl Pts',(-65.5671629554569,-125.695063599384,367.197196712578));
#9712=CARTESIAN_POINT('Ctrl Pts',(-40.3564324721165,-115.433629201426,370.256182331383));
#9713=CARTESIAN_POINT('Ctrl Pts',(-26.926181694624,-106.893663775658,372.004174113557));
#9714=CARTESIAN_POINT('Ctrl Pts',(-14.1404517743449,-96.9370285510334,373.75135507285));
#9715=CARTESIAN_POINT('Ctrl Pts',(-2.59083855830198,-86.0070013064692,375.497725209262));
#9716=CARTESIAN_POINT('Ctrl Pts',(13.4786512793576,-64.0670963953085,378.553872947982));
#9717=CARTESIAN_POINT('Ctrl Pts',(21.3775024110355,-45.985959350341,380.736835618497));
#9718=CARTESIAN_POINT('Ctrl Pts',(26.7580747723876,-26.4748935844323,382.919059993508));
#9719=CARTESIAN_POINT('Ctrl Pts',(29.4924027687847,-10.8241226219411,384.663953538914));
#9720=CARTESIAN_POINT('Ctrl Pts',(29.2837424643961,16.3481175470109,387.717517243372));
#9721=CARTESIAN_POINT('Ctrl Pts',(24.8315583411939,35.5532170572251,389.898634175129));
#9722=CARTESIAN_POINT('Ctrl Pts',(16.0468492025045,58.1717699186305,392.514974882179));
#9723=CARTESIAN_POINT('Ctrl Pts',(6.3492706233358,75.3215262265088,394.694425795506));
#9724=CARTESIAN_POINT('Ctrl Pts',(-11.8610154752104,95.4615706101373,397.745657074163));
#9725=CARTESIAN_POINT('Ctrl Pts',(-24.4377265684448,105.147711205496,399.489217804825));
#9726=CARTESIAN_POINT('Ctrl Pts',(-31.2821908731334,109.451156152564,400.360998170155));
#9727=CARTESIAN_POINT('Ctrl Pts',(-172.979807310274,106.900880434993,325.992005358376));
#9728=CARTESIAN_POINT('Ctrl Pts',(-183.090883946292,100.007561418221,327.30897477165));
#9729=CARTESIAN_POINT('Ctrl Pts',(-197.71797600983,86.5537056454271,329.503923793773));
#9730=CARTESIAN_POINT('Ctrl Pts',(-213.296763075988,64.035293447409,332.576852424745));
#9731=CARTESIAN_POINT('Ctrl Pts',(-219.893654921769,49.4427103278932,334.332811642444));
#9732=CARTESIAN_POINT('Ctrl Pts',(-226.474734140275,30.1553270553121,336.526097638858));
#9733=CARTESIAN_POINT('Ctrl Pts',(-230.101581574648,10.6411932534938,338.718274951467));
#9734=CARTESIAN_POINT('Ctrl Pts',(-229.064907515808,-16.6876610870163,341.787323189118));
#9735=CARTESIAN_POINT('Ctrl Pts',(-225.600532431433,-32.3017715902705,343.541065039205));
#9736=CARTESIAN_POINT('Ctrl Pts',(-220.571438913841,-47.7903849425239,345.293773974456));
#9737=CARTESIAN_POINT('Ctrl Pts',(-214.196633711933,-62.439080225561,347.045449994871));
#9738=CARTESIAN_POINT('Ctrl Pts',(-198.957871791193,-85.1119254897912,350.110883030598));
#9739=CARTESIAN_POINT('Ctrl Pts',(-184.564219153245,-98.7407527266035,352.300478056116));
#9740=CARTESIAN_POINT('Ctrl Pts',(-167.953957160453,-110.469434171377,354.489115018491));
#9741=CARTESIAN_POINT('Ctrl Pts',(-154.092966867443,-118.376783977027,356.238874912617));
#9742=CARTESIAN_POINT('Ctrl Pts',(-128.341722421577,-127.408239878199,359.300954727337));
#9743=CARTESIAN_POINT('Ctrl Pts',(-108.675749889806,-129.712136272206,361.488154594995));
#9744=CARTESIAN_POINT('Ctrl Pts',(-84.3135957194803,-129.066226924581,364.11146835222));
#9745=CARTESIAN_POINT('Ctrl Pts',(-64.8194368534275,-125.698837644021,366.296458079938));
#9746=CARTESIAN_POINT('Ctrl Pts',(-39.6263534404257,-115.282671925271,369.355443698743));
#9747=CARTESIAN_POINT('Ctrl Pts',(-26.2225422758052,-106.655240585738,371.103435480918));
#9748=CARTESIAN_POINT('Ctrl Pts',(-13.4722957997455,-96.6121941949084,372.850616440211));
#9749=CARTESIAN_POINT('Ctrl Pts',(-1.96529294271618,-85.6014335075349,374.596986576622));
#9750=CARTESIAN_POINT('Ctrl Pts',(14.0081288895388,-63.5391329091568,377.653134315343));
#9751=CARTESIAN_POINT('Ctrl Pts',(21.81943163107,-45.3865489157882,379.836096985858));
#9752=CARTESIAN_POINT('Ctrl Pts',(27.099994648871,-25.8153204899141,382.018321360869));
#9753=CARTESIAN_POINT('Ctrl Pts',(29.7520029575259,-10.12527331784,383.763214906274));
#9754=CARTESIAN_POINT('Ctrl Pts',(29.3933217919473,17.0877588542089,386.816778610733));
#9755=CARTESIAN_POINT('Ctrl Pts',(24.8283448778276,36.2979153049779,388.997895542489));
#9756=CARTESIAN_POINT('Ctrl Pts',(15.9043579194712,58.9027106668886,391.614236249539));
#9757=CARTESIAN_POINT('Ctrl Pts',(6.09723635195081,76.0254736725453,393.793687162866));
#9758=CARTESIAN_POINT('Ctrl Pts',(-12.2521068819734,96.0962525350535,396.844918441524));
#9759=CARTESIAN_POINT('Ctrl Pts',(-24.9018277372572,105.727842622185,398.588479172185));
#9760=CARTESIAN_POINT('Ctrl Pts',(-31.7807904537575,109.999954371387,399.460259537516));
#9761=CARTESIAN_POINT('Ctrl Pts',(-172.979807310274,106.900880434994,325.992005358376));
#9762=CARTESIAN_POINT('Ctrl Pts',(-172.276172989687,107.134717492951,326.892743991015));
#9763=CARTESIAN_POINT('Ctrl Pts',(-171.5725386691,107.368554550908,327.793482623655));
#9764=CARTESIAN_POINT('Ctrl Pts',(-170.868904348513,107.602391608865,328.694221256294));
#9765=CARTESIAN_POINT('Ctrl Pts',(-131.667631642474,-124.89130229789,181.794778394654));
#9766=CARTESIAN_POINT('Ctrl Pts',(-123.797478004571,-126.89285118723,182.672752028733));
#9767=CARTESIAN_POINT('Ctrl Pts',(-108.040453199837,-129.309347084588,184.42869929689));
#9768=CARTESIAN_POINT('Ctrl Pts',(-80.795314215694,-128.502989386588,187.501607016165));
#9769=CARTESIAN_POINT('Ctrl Pts',(-61.6341275741971,-123.591556204181,189.696541101362));
#9770=CARTESIAN_POINT('Ctrl Pts',(-39.1513883122824,-114.230189988907,192.329616763989));
#9771=CARTESIAN_POINT('Ctrl Pts',(-22.1923924767232,-104.067702742726,194.523142116503));
#9772=CARTESIAN_POINT('Ctrl Pts',(-2.47938069422178,-85.2696189296163,197.594077610022));
#9773=CARTESIAN_POINT('Ctrl Pts',(6.88910043547279,-72.3861995472036,199.348897892034));
#9774=CARTESIAN_POINT('Ctrl Pts',(17.1950652930816,-54.9200234587562,201.541606569901));
#9775=CARTESIAN_POINT('Ctrl Pts',(24.6678572442787,-36.6292278481738,203.733770798005));
#9776=CARTESIAN_POINT('Ctrl Pts',(29.1715232551679,-9.78161112127257,206.802800717349));
#9777=CARTESIAN_POINT('Ctrl Pts',(28.9469052051387,6.13628645609087,208.556532099832));
#9778=CARTESIAN_POINT('Ctrl Pts',(26.7279893928066,26.2815234111975,210.747908036965));
#9779=CARTESIAN_POINT('Ctrl Pts',(21.7504139272026,45.3903945203386,212.938758446785));
#9780=CARTESIAN_POINT('Ctrl Pts',(9.27484210223526,69.5683987022291,216.005949020531));
#9781=CARTESIAN_POINT('Ctrl Pts',(-0.436453718148178,82.1704221396547,217.758629348387));
#9782=CARTESIAN_POINT('Ctrl Pts',(-14.2737678320536,96.9614938946994,219.948719676651));
#9783=CARTESIAN_POINT('Ctrl Pts',(-29.6973869958238,109.273426730939,222.138303283879));
#9784=CARTESIAN_POINT('Ctrl Pts',(-54.1552383020578,121.156136881175,225.203720333998));
#9785=CARTESIAN_POINT('Ctrl Pts',(-69.4703931425542,125.430234418116,226.955387219781));
#9786=CARTESIAN_POINT('Ctrl Pts',(-89.3977678480471,128.988116349584,229.144238787517));
#9787=CARTESIAN_POINT('Ctrl Pts',(-109.111807534467,129.614095595005,231.332602328925));
#9788=CARTESIAN_POINT('Ctrl Pts',(-135.801939972798,124.493288047056,234.396311286897));
#9789=CARTESIAN_POINT('Ctrl Pts',(-150.620350190604,118.75313146114,236.147002120023));
#9790=CARTESIAN_POINT('Ctrl Pts',(-165.087549801072,111.495391671572,237.89722351449));
#9791=CARTESIAN_POINT('Ctrl Pts',(-178.532787751915,103.038245968236,239.646975470298));
#9792=CARTESIAN_POINT('Ctrl Pts',(-198.544408964649,84.6697031197457,242.70904139296));
#9793=CARTESIAN_POINT('Ctrl Pts',(-209.79665326298,68.4867212807704,244.896231337719));
#9794=CARTESIAN_POINT('Ctrl Pts',(-218.855530467333,50.4073523280096,247.082970328902));
#9795=CARTESIAN_POINT('Ctrl Pts',(-224.567599941598,35.5950323988236,248.831820377556));
#9796=CARTESIAN_POINT('Ctrl Pts',(-229.615394966015,8.91826422031698,251.892307962701));
#9797=CARTESIAN_POINT('Ctrl Pts',(-228.95567802767,-10.7709223461685,254.078370523519));
#9798=CARTESIAN_POINT('Ctrl Pts',(-225.407078585435,-30.6681063721679,256.264000517645));
#9799=CARTESIAN_POINT('Ctrl Pts',(-221.13071018846,-45.9485188838546,258.011985432914));
#9800=CARTESIAN_POINT('Ctrl Pts',(-209.233290923548,-70.3385550586874,261.070959034636));
#9801=CARTESIAN_POINT('Ctrl Pts',(-196.940455703853,-85.7203463712059,263.255940178722));
#9802=CARTESIAN_POINT('Ctrl Pts',(-179.264666493507,-102.307454687206,265.877296141094));
#9803=CARTESIAN_POINT('Ctrl Pts',(-163.11969389101,-113.56784974497,268.061241600961));
#9804=CARTESIAN_POINT('Ctrl Pts',(-138.013528778338,-123.833063285949,271.118765244774));
#9805=CARTESIAN_POINT('Ctrl Pts',(-122.498264239668,-127.115242056767,272.865921612668));
#9806=CARTESIAN_POINT('Ctrl Pts',(-102.438657303255,-129.397112121324,275.049272967074));
#9807=CARTESIAN_POINT('Ctrl Pts',(-82.7733404395828,-128.781796768884,277.232228251175));
#9808=CARTESIAN_POINT('Ctrl Pts',(-56.5183784848668,-122.01986485189,280.288365648915));
#9809=CARTESIAN_POINT('Ctrl Pts',(-42.1210251654324,-115.388130379759,282.034729876195));
#9810=CARTESIAN_POINT('Ctrl Pts',(-24.6774524278714,-105.242278341935,284.217118231769));
#9811=CARTESIAN_POINT('Ctrl Pts',(-9.27825550540878,-93.0099026588086,286.399128634992));
#9812=CARTESIAN_POINT('Ctrl Pts',(7.73709676602433,-71.9170838386588,289.453943199504));
#9813=CARTESIAN_POINT('Ctrl Pts',(15.3235304201244,-58.0070873552407,291.199551522082));
#9814=CARTESIAN_POINT('Ctrl Pts',(23.2560996026569,-39.4617213995257,293.381022051783));
#9815=CARTESIAN_POINT('Ctrl Pts',(28.3055663507723,-20.4630801375403,295.562132665804));
#9816=CARTESIAN_POINT('Ctrl Pts',(29.3660370670146,6.60566153791616,298.615687525433));
#9817=CARTESIAN_POINT('Ctrl Pts',(27.1516456728012,22.2877346937483,300.360576016649));
#9818=CARTESIAN_POINT('Ctrl Pts',(23.3903404164574,37.9734883227913,302.105122551655));
#9819=CARTESIAN_POINT('Ctrl Pts',(18.2373585277536,52.9439869538734,303.849327130452));
#9820=CARTESIAN_POINT('Ctrl Pts',(4.96817935941774,76.5503912094922,306.901685143346));
#9821=CARTESIAN_POINT('Ctrl Pts',(-8.16416639938312,91.1644409021164,309.081940866842));
#9822=CARTESIAN_POINT('Ctrl Pts',(-26.7221996052058,106.674352724054,311.697761630184));
#9823=CARTESIAN_POINT('Ctrl Pts',(-43.4492005208943,116.972879255051,313.877207178925));
#9824=CARTESIAN_POINT('Ctrl Pts',(-69.0456348440868,125.780641341353,316.928430947163));
#9825=CARTESIAN_POINT('Ctrl Pts',(-84.6882326993548,128.178518777195,318.671987386156));
#9826=CARTESIAN_POINT('Ctrl Pts',(-104.801891110352,129.3285936112,320.850973555744));
#9827=CARTESIAN_POINT('Ctrl Pts',(-124.363598848444,127.620040179469,323.029653472564));
#9828=CARTESIAN_POINT('Ctrl Pts',(-150.154412888584,119.429293140787,326.079805356111));
#9829=CARTESIAN_POINT('Ctrl Pts',(-164.136721696578,112.029537669728,327.822749289566));
#9830=CARTESIAN_POINT('Ctrl Pts',(-170.868904348513,107.602391608865,328.694221256294));
#9831=CARTESIAN_POINT('Ctrl Pts',(-131.020477039008,-125.253202762099,180.894039762014));
#9832=CARTESIAN_POINT('Ctrl Pts',(-123.127412744439,-127.213766063887,181.772013396093));
#9833=CARTESIAN_POINT('Ctrl Pts',(-107.333513304042,-129.546192166936,183.527960664251));
#9834=CARTESIAN_POINT('Ctrl Pts',(-80.0523324808904,-128.587627384037,186.600868383526));
#9835=CARTESIAN_POINT('Ctrl Pts',(-60.8899421380024,-123.562577403887,188.795802468723));
#9836=CARTESIAN_POINT('Ctrl Pts',(-38.4259853693723,-114.061560895963,191.428878131349));
#9837=CARTESIAN_POINT('Ctrl Pts',(-21.4981388311055,-103.789879480074,193.622403483863));
#9838=CARTESIAN_POINT('Ctrl Pts',(-1.86002521163582,-84.8545878968162,196.693338977383));
#9839=CARTESIAN_POINT('Ctrl Pts',(7.45074155639111,-71.899855974861,198.448159259394));
#9840=CARTESIAN_POINT('Ctrl Pts',(17.6744286811338,-54.3500676407297,200.640867937262));
#9841=CARTESIAN_POINT('Ctrl Pts',(25.0568698977083,-35.9906106838747,202.833032165365));
#9842=CARTESIAN_POINT('Ctrl Pts',(29.4184136467348,-9.07812712601545,205.90206208471));
#9843=CARTESIAN_POINT('Ctrl Pts',(29.1049077445193,6.86223626715742,207.655793467193));
#9844=CARTESIAN_POINT('Ctrl Pts',(26.7700900793273,27.0250691998585,209.847169404326));
#9845=CARTESIAN_POINT('Ctrl Pts',(21.6791059099234,46.1347513732556,212.038019814145));
#9846=CARTESIAN_POINT('Ctrl Pts',(9.05097310021704,70.2795387392588,215.105210387892));
#9847=CARTESIAN_POINT('Ctrl Pts',(-0.744897670355603,82.8463122735391,216.857890715747));
#9848=CARTESIAN_POINT('Ctrl Pts',(-14.685487978019,97.5820690039097,219.047981044012));
#9849=CARTESIAN_POINT('Ctrl Pts',(-30.2003487659438,109.826753973001,221.23756465124));
#9850=CARTESIAN_POINT('Ctrl Pts',(-54.7604174845411,121.591554821775,224.302981701359));
#9851=CARTESIAN_POINT('Ctrl Pts',(-70.1221669144579,125.786820187283,226.054648587141));
#9852=CARTESIAN_POINT('Ctrl Pts',(-90.0991011672029,129.238621593816,228.243500154877));
#9853=CARTESIAN_POINT('Ctrl Pts',(-109.84593737075,129.756169418426,230.431863696286));
#9854=CARTESIAN_POINT('Ctrl Pts',(-136.547354135249,124.479806494173,233.495572654257));
#9855=CARTESIAN_POINT('Ctrl Pts',(-151.355908418675,118.64866151195,235.246263487384));
#9856=CARTESIAN_POINT('Ctrl Pts',(-165.804137511896,111.299280869696,236.996484881851));
#9857=CARTESIAN_POINT('Ctrl Pts',(-179.222318224218,102.754758035343,238.746236837658));
#9858=CARTESIAN_POINT('Ctrl Pts',(-199.161884126589,84.2479847232808,241.80830276032));
#9859=CARTESIAN_POINT('Ctrl Pts',(-210.341041097114,67.9785306043799,243.99549270508));
#9860=CARTESIAN_POINT('Ctrl Pts',(-219.312433599891,49.821524249574,246.182231696262));
#9861=CARTESIAN_POINT('Ctrl Pts',(-224.950590211285,34.9553996597315,247.931081744917));
#9862=CARTESIAN_POINT('Ctrl Pts',(-229.858029732481,8.21098695669895,250.991569330062));
#9863=CARTESIAN_POINT('Ctrl Pts',(-229.08807841887,-11.5037803176187,253.17763189088));
#9864=CARTESIAN_POINT('Ctrl Pts',(-225.422996130267,-31.41087104321,255.363261885005));
#9865=CARTESIAN_POINT('Ctrl Pts',(-221.055257773248,-46.6902146968414,257.111246800275));
#9866=CARTESIAN_POINT('Ctrl Pts',(-209.004961158426,-71.0505729177944,260.170220401996));
#9867=CARTESIAN_POINT('Ctrl Pts',(-196.608515935742,-86.3869959552642,262.355201546083));
#9868=CARTESIAN_POINT('Ctrl Pts',(-178.813632609123,-102.900050109244,264.976557508455));
#9869=CARTESIAN_POINT('Ctrl Pts',(-162.582177764666,-114.087630333745,267.160502968322));
#9870=CARTESIAN_POINT('Ctrl Pts',(-137.381796500625,-124.228935087336,270.218026612135));
#9871=CARTESIAN_POINT('Ctrl Pts',(-121.82515765948,-127.429690890787,271.965182980028));
#9872=CARTESIAN_POINT('Ctrl Pts',(-101.722926511757,-129.602844391854,274.148534334435));
#9873=CARTESIAN_POINT('Ctrl Pts',(-82.03177155818,-128.877520063076,276.331489618535));
#9874=CARTESIAN_POINT('Ctrl Pts',(-55.7752691626503,-121.960003805086,279.387627016275));
#9875=CARTESIAN_POINT('Ctrl Pts',(-41.3933590943886,-115.238295348422,281.133991243556));
#9876=CARTESIAN_POINT('Ctrl Pts',(-23.9805167628509,-104.979842336511,283.316379599129));
#9877=CARTESIAN_POINT('Ctrl Pts',(-8.62627347808252,-92.6438438215791,285.498390002352));
#9878=CARTESIAN_POINT('Ctrl Pts',(8.29744854782022,-71.4253566859614,288.553204566864));
#9879=CARTESIAN_POINT('Ctrl Pts',(15.8178021908987,-57.452432623948,290.298812889442));
#9880=CARTESIAN_POINT('Ctrl Pts',(23.658533432212,-38.8351155857071,292.480283419144));
#9881=CARTESIAN_POINT('Ctrl Pts',(28.6101153214211,-19.7802022472628,294.661394033164));
#9882=CARTESIAN_POINT('Ctrl Pts',(29.5221165455553,7.33464991638942,297.714948892793));
#9883=CARTESIAN_POINT('Ctrl Pts',(27.2171853747013,23.027767871854,299.459837384009));
#9884=CARTESIAN_POINT('Ctrl Pts',(23.3626486304238,38.7159005537478,301.204383919016));
#9885=CARTESIAN_POINT('Ctrl Pts',(18.1187176336397,53.679992788868,302.948588497812));
#9886=CARTESIAN_POINT('Ctrl Pts',(4.69896328386069,77.2479498195553,306.000946510707));
#9887=CARTESIAN_POINT('Ctrl Pts',(-8.53398016952883,91.8108321707305,308.181202234202));
#9888=CARTESIAN_POINT('Ctrl Pts',(-27.2064000636922,107.240153116366,310.797022997545));
#9889=CARTESIAN_POINT('Ctrl Pts',(-44.0154137063571,117.461204276736,312.976468546286));
#9890=CARTESIAN_POINT('Ctrl Pts',(-69.6987147658865,126.14017228655,316.027692314523));
#9891=CARTESIAN_POINT('Ctrl Pts',(-85.3779569797655,128.454601131236,317.771248753516));
#9892=CARTESIAN_POINT('Ctrl Pts',(-105.527994289583,129.493974440666,319.950234923105));
#9893=CARTESIAN_POINT('Ctrl Pts',(-125.109321225404,127.67435949885,322.128914839924));
#9894=CARTESIAN_POINT('Ctrl Pts',(-150.893065459138,119.328475780486,325.179066723471));
#9895=CARTESIAN_POINT('Ctrl Pts',(-164.85504006461,111.8399113018,326.922010656927));
#9896=CARTESIAN_POINT('Ctrl Pts',(-171.5725386691,107.368554550908,327.793482623655));
#9897=CARTESIAN_POINT('Ctrl Pts',(-130.373322435542,-125.615103226308,179.993301129375));
#9898=CARTESIAN_POINT('Ctrl Pts',(-122.457329301239,-127.534697882877,180.871274763454));
#9899=CARTESIAN_POINT('Ctrl Pts',(-106.626533674699,-129.782997893037,182.627222031611));
#9900=CARTESIAN_POINT('Ctrl Pts',(-79.3094245329544,-128.672343958726,185.700129750887));
#9901=CARTESIAN_POINT('Ctrl Pts',(-60.1455830574607,-123.533426107119,187.895063836083));
#9902=CARTESIAN_POINT('Ctrl Pts',(-37.7003699377816,-113.893051887513,190.52813949871));
#9903=CARTESIAN_POINT('Ctrl Pts',(-20.8039768122515,-103.512000138268,192.721664851224));
#9904=CARTESIAN_POINT('Ctrl Pts',(-1.24062115188944,-84.4395842244892,195.792600344743));
#9905=CARTESIAN_POINT('Ctrl Pts',(8.01239575159539,-71.4134913020073,197.547420626755));
#9906=CARTESIAN_POINT('Ctrl Pts',(18.1540334553591,-53.7800804902596,199.740129304622));
#9907=CARTESIAN_POINT('Ctrl Pts',(25.4457759511773,-35.3520035863403,201.932293532726));
#9908=CARTESIAN_POINT('Ctrl Pts',(29.6653591512595,-8.37463589718893,205.001323452071));
#9909=CARTESIAN_POINT('Ctrl Pts',(29.2629081271046,7.58821077780244,206.755054834553));
#9910=CARTESIAN_POINT('Ctrl Pts',(26.8123646935805,27.7687843642495,208.946430771686));
#9911=CARTESIAN_POINT('Ctrl Pts',(21.6077188655343,46.87903648216,211.137281181505));
#9912=CARTESIAN_POINT('Ctrl Pts',(8.8271437512284,70.9907175005783,214.204471755252));
#9913=CARTESIAN_POINT('Ctrl Pts',(-1.05335811147478,83.5222208855019,215.957152083108));
#9914=CARTESIAN_POINT('Ctrl Pts',(-15.0971705017535,98.2028833327328,218.147242411372));
#9915=CARTESIAN_POINT('Ctrl Pts',(-30.7033307458046,110.379976741968,220.3368260186));
#9916=CARTESIAN_POINT('Ctrl Pts',(-55.3655881563977,122.027027373753,223.40224306872));
#9917=CARTESIAN_POINT('Ctrl Pts',(-70.7739649260404,126.143410897519,225.153909954502));
#9918=CARTESIAN_POINT('Ctrl Pts',(-90.8005473839041,129.489340403762,227.342761522238));
#9919=CARTESIAN_POINT('Ctrl Pts',(-110.580020951632,129.898147758908,229.531125063646));
#9920=CARTESIAN_POINT('Ctrl Pts',(-137.292794126405,124.466373637556,232.594834021618));
#9921=CARTESIAN_POINT('Ctrl Pts',(-152.091489007758,118.544181043086,234.345524854744));
#9922=CARTESIAN_POINT('Ctrl Pts',(-166.520749897755,111.103170824644,236.095746249211));
#9923=CARTESIAN_POINT('Ctrl Pts',(-179.91185309062,102.471215298644,237.845498205019));
#9924=CARTESIAN_POINT('Ctrl Pts',(-199.779354699662,83.8263720237946,240.907564127681));
#9925=CARTESIAN_POINT('Ctrl Pts',(-210.885447862887,67.4700996687144,243.09475407244));
#9926=CARTESIAN_POINT('Ctrl Pts',(-219.769356926609,49.235682013922,245.281493063623));
#9927=CARTESIAN_POINT('Ctrl Pts',(-225.333551314363,34.3157204762657,247.030343112277));
#9928=CARTESIAN_POINT('Ctrl Pts',(-230.100723849503,7.50379692601242,250.090830697422));
#9929=CARTESIAN_POINT('Ctrl Pts',(-229.22035065097,-12.2368417510301,252.27689325824));
#9930=CARTESIAN_POINT('Ctrl Pts',(-225.438921370288,-32.1536591207597,254.462523252366));
#9931=CARTESIAN_POINT('Ctrl Pts',(-220.97975434027,-47.4319302744703,256.210508167635));
#9932=CARTESIAN_POINT('Ctrl Pts',(-208.776730850259,-71.7625563921804,259.269481769356));
#9933=CARTESIAN_POINT('Ctrl Pts',(-196.276352312422,-87.0537319141991,261.454462913443));
#9934=CARTESIAN_POINT('Ctrl Pts',(-178.362620177312,-103.492884012478,264.075818875816));
#9935=CARTESIAN_POINT('Ctrl Pts',(-162.044648533559,-114.607306774107,266.259764335682));
#9936=CARTESIAN_POINT('Ctrl Pts',(-136.750069040499,-124.624861263279,269.317287979495));
#9937=CARTESIAN_POINT('Ctrl Pts',(-121.152026708928,-127.744143198164,271.064444347389));
#9938=CARTESIAN_POINT('Ctrl Pts',(-101.007070637349,-129.808780281584,273.247795701795));
#9939=CARTESIAN_POINT('Ctrl Pts',(-81.2902542857122,-128.973152239539,275.430750985896));
#9940=CARTESIAN_POINT('Ctrl Pts',(-55.0321312683034,-121.900189131087,278.486888383636));
#9941=CARTESIAN_POINT('Ctrl Pts',(-40.6656714134354,-115.088448572413,280.233252610916));
#9942=CARTESIAN_POINT('Ctrl Pts',(-23.2833595639464,-104.717494724552,282.41564096649));
#9943=CARTESIAN_POINT('Ctrl Pts',(-7.97438705133504,-92.2777428373607,284.597651369713));
#9944=CARTESIAN_POINT('Ctrl Pts',(8.85785084081732,-70.9336496098304,287.652465934225));
#9945=CARTESIAN_POINT('Ctrl Pts',(16.3120842913199,-56.897755594253,289.398074256803));
#9946=CARTESIAN_POINT('Ctrl Pts',(24.0611973263837,-38.2084484850666,291.579544786504));
#9947=CARTESIAN_POINT('Ctrl Pts',(28.9145626616059,-19.0973475859521,293.760655400525));
#9948=CARTESIAN_POINT('Ctrl Pts',(29.6782484245056,8.06365232795606,296.814210260154));
#9949=CARTESIAN_POINT('Ctrl Pts',(27.2827200753573,23.7678250905655,298.55909875137));
#9950=CARTESIAN_POINT('Ctrl Pts',(23.3349630467661,39.4583365246347,300.303645286376));
#9951=CARTESIAN_POINT('Ctrl Pts',(18.0000252275694,54.4160153018352,302.047849865173));
#9952=CARTESIAN_POINT('Ctrl Pts',(4.42984730329598,77.9454800682571,305.100207878067));
#9953=CARTESIAN_POINT('Ctrl Pts',(-8.90402015917438,92.4572963537633,307.280463601563));
#9954=CARTESIAN_POINT('Ctrl Pts',(-27.6905931024521,107.806190686657,309.896284364905));
#9955=CARTESIAN_POINT('Ctrl Pts',(-44.5816338455835,117.949425700338,312.075729913646));
#9956=CARTESIAN_POINT('Ctrl Pts',(-70.3517930684132,126.499757255229,315.126953681884));
#9957=CARTESIAN_POINT('Ctrl Pts',(-86.067705683461,128.730685652088,316.870510120877));
#9958=CARTESIAN_POINT('Ctrl Pts',(-106.254232797657,129.659549748388,319.049496290465));
#9959=CARTESIAN_POINT('Ctrl Pts',(-125.854987489078,127.728591684823,321.228176207284));
#9960=CARTESIAN_POINT('Ctrl Pts',(-151.631748906023,119.227702668816,324.278328090832));
#9961=CARTESIAN_POINT('Ctrl Pts',(-165.573379324054,111.650272130498,326.021272024287));
#9962=CARTESIAN_POINT('Ctrl Pts',(-172.276172989687,107.134717492951,326.892743991015));
#9963=CARTESIAN_POINT('Ctrl Pts',(-129.726167832076,-125.977003690518,179.092562496735));
#9964=CARTESIAN_POINT('Ctrl Pts',(-121.787264041108,-127.855612759534,179.970536130814));
#9965=CARTESIAN_POINT('Ctrl Pts',(-105.919593778904,-130.019842975385,181.726483398972));
#9966=CARTESIAN_POINT('Ctrl Pts',(-78.5664427981508,-128.756981956176,184.799391118247));
#9967=CARTESIAN_POINT('Ctrl Pts',(-59.401397621266,-123.504447306825,186.994325203444));
#9968=CARTESIAN_POINT('Ctrl Pts',(-36.9749669948716,-113.724422794568,189.62740086607));
#9969=CARTESIAN_POINT('Ctrl Pts',(-20.1097231666338,-103.234176875616,191.820926218584));
#9970=CARTESIAN_POINT('Ctrl Pts',(-0.621265669303466,-84.0245531916892,
194.891861712104));
#9971=CARTESIAN_POINT('Ctrl Pts',(8.5740368725137,-70.9271477296647,196.646681994115));
#9972=CARTESIAN_POINT('Ctrl Pts',(18.6333968434113,-53.2101246722331,198.839390671983));
#9973=CARTESIAN_POINT('Ctrl Pts',(25.8347886046069,-34.7133864220411,201.031554900086));
#9974=CARTESIAN_POINT('Ctrl Pts',(29.9122495428264,-7.67115190193181,204.100584819431));
#9975=CARTESIAN_POINT('Ctrl Pts',(29.4209106664853,8.314160588869,205.854316201914));
#9976=CARTESIAN_POINT('Ctrl Pts',(26.8544653801013,28.5123301529105,208.045692139047));
#9977=CARTESIAN_POINT('Ctrl Pts',(21.5364108482551,47.623393335077,210.236542548866));
#9978=CARTESIAN_POINT('Ctrl Pts',(8.60327474921017,71.701857537608,213.303733122613));
#9979=CARTESIAN_POINT('Ctrl Pts',(-1.3618020636822,84.1981110193862,215.056413450468));
#9980=CARTESIAN_POINT('Ctrl Pts',(-15.5088906477189,98.823458441943,217.246503778733));
#9981=CARTESIAN_POINT('Ctrl Pts',(-31.2062925159245,110.93330398403,219.436087385961));
#9982=CARTESIAN_POINT('Ctrl Pts',(-55.9707673388811,122.462445314353,222.50150443608));
#9983=CARTESIAN_POINT('Ctrl Pts',(-71.4257386979441,126.499996666687,224.253171321862));
#9984=CARTESIAN_POINT('Ctrl Pts',(-91.50188070306,129.739845647995,226.442022889599));
#9985=CARTESIAN_POINT('Ctrl Pts',(-111.314150787914,130.040221582329,228.630386431007));
#9986=CARTESIAN_POINT('Ctrl Pts',(-138.038208288856,124.452892084672,231.694095388978));
#9987=CARTESIAN_POINT('Ctrl Pts',(-152.827047235829,118.439711093896,233.444786222105));
#9988=CARTESIAN_POINT('Ctrl Pts',(-167.23733760858,110.907060022768,235.195007616572));
#9989=CARTESIAN_POINT('Ctrl Pts',(-180.601383562923,102.187727365751,236.944759572379));
#9990=CARTESIAN_POINT('Ctrl Pts',(-200.396829861602,83.4046536273297,240.006825495042));
#9991=CARTESIAN_POINT('Ctrl Pts',(-211.429835697021,66.9619089923239,242.194015439801));
#9992=CARTESIAN_POINT('Ctrl Pts',(-220.226260059168,48.6498539354865,244.380754430983));
#9993=CARTESIAN_POINT('Ctrl Pts',(-225.71654158405,33.6760877371735,246.129604479638));
#9994=CARTESIAN_POINT('Ctrl Pts',(-230.343358615968,6.79651966239439,249.190092064783));
#9995=CARTESIAN_POINT('Ctrl Pts',(-229.352751042169,-12.9696997224804,251.376154625601));
#9996=CARTESIAN_POINT('Ctrl Pts',(-225.454838915119,-32.8964237918018,253.561784619726));
#9997=CARTESIAN_POINT('Ctrl Pts',(-220.904301925057,-48.173626087457,255.309769534996));
#9998=CARTESIAN_POINT('Ctrl Pts',(-208.548401085137,-72.4745742512874,258.368743136717));
#9999=CARTESIAN_POINT('Ctrl Pts',(-195.944412544312,-87.7203814982574,260.553724280804));
#10000=CARTESIAN_POINT('Ctrl Pts',(-177.911586292928,-104.085479434516,
263.175080243176));
#10001=CARTESIAN_POINT('Ctrl Pts',(-161.507132407215,-115.127087362882,
265.359025703043));
#10002=CARTESIAN_POINT('Ctrl Pts',(-136.118336762786,-125.020733064666,
268.416549346856));
#10003=CARTESIAN_POINT('Ctrl Pts',(-120.478920128739,-128.058592032184,
270.163705714749));
#10004=CARTESIAN_POINT('Ctrl Pts',(-100.291339845851,-130.014512552114,
272.347057069156));
#10005=CARTESIAN_POINT('Ctrl Pts',(-80.5486854043094,-129.068875533731,
274.530012353256));
#10006=CARTESIAN_POINT('Ctrl Pts',(-54.2890219460869,-121.840328084283,
277.586149750996));
#10007=CARTESIAN_POINT('Ctrl Pts',(-39.9380053423917,-114.938613541076,
279.332513978277));
#10008=CARTESIAN_POINT('Ctrl Pts',(-22.5864238989259,-104.455058719128,
281.514902333851));
#10009=CARTESIAN_POINT('Ctrl Pts',(-7.32240502400878,-91.9116840001311,
283.696912737073));
#10010=CARTESIAN_POINT('Ctrl Pts',(9.41820262261321,-70.4419224571329,286.751727301585));
#10011=CARTESIAN_POINT('Ctrl Pts',(16.8063560620942,-56.3431008629603,288.497335624163));
#10012=CARTESIAN_POINT('Ctrl Pts',(24.4636311559388,-37.581842671248,290.678806153865));
#10013=CARTESIAN_POINT('Ctrl Pts',(29.2191116322547,-18.4144696956746,292.859916767886));
#10014=CARTESIAN_POINT('Ctrl Pts',(29.8343279030463,8.79264070642932,295.913471627514));
#10015=CARTESIAN_POINT('Ctrl Pts',(27.3482597772573,24.5078582686712,297.658360118731));
#10016=CARTESIAN_POINT('Ctrl Pts',(23.3072712607325,40.2007487555913,299.402906653737));
#10017=CARTESIAN_POINT('Ctrl Pts',(17.8813843334555,55.1520211368298,301.147111232534));
#10018=CARTESIAN_POINT('Ctrl Pts',(4.16063122773893,78.6430386783202,304.199469245427));
#10019=CARTESIAN_POINT('Ctrl Pts',(-9.27383392932008,93.1036876223774,306.379724968923));
#10020=CARTESIAN_POINT('Ctrl Pts',(-28.1747935609385,108.371991078969,308.995545732266));
#10021=CARTESIAN_POINT('Ctrl Pts',(-45.1478470310462,118.437750722023,311.174991281007));
#10022=CARTESIAN_POINT('Ctrl Pts',(-71.0048729902129,126.859288200425,314.226215049244));
#10023=CARTESIAN_POINT('Ctrl Pts',(-86.7574299638717,129.006768006129,315.969771488237));
#10024=CARTESIAN_POINT('Ctrl Pts',(-106.980335976888,129.824930577854,318.148757657826));
#10025=CARTESIAN_POINT('Ctrl Pts',(-126.600709866038,127.782911004205,320.327437574645));
#10026=CARTESIAN_POINT('Ctrl Pts',(-152.370401476577,119.126885308515,323.377589458192));
#10027=CARTESIAN_POINT('Ctrl Pts',(-166.291697692086,111.46064576257,325.120533391648));
#10028=CARTESIAN_POINT('Ctrl Pts',(-172.979807310274,106.900880434993,325.992005358376));
#10029=CARTESIAN_POINT('Ctrl Pts',(-129.726167832076,-125.977003690518,
179.092562496735));
#10030=CARTESIAN_POINT('Ctrl Pts',(-130.373322435542,-125.615103226308,
179.993301129375));
#10031=CARTESIAN_POINT('Ctrl Pts',(-131.020477039008,-125.253202762099,
180.894039762014));
#10032=CARTESIAN_POINT('Ctrl Pts',(-131.667631642474,-124.89130229789,181.794778394654));
#10033=CARTESIAN_POINT('Ctrl Pts',(-201.737580183581,-79.057833652939,172.314293986935));
#10034=CARTESIAN_POINT('Ctrl Pts',(-194.046951766159,-88.9700901539062,
173.668648902324));
#10035=CARTESIAN_POINT('Ctrl Pts',(-179.318183432717,-103.003704575381,
175.925907094638));
#10036=CARTESIAN_POINT('Ctrl Pts',(-155.192799637454,-117.24047641706,179.086068563877));
#10037=CARTESIAN_POINT('Ctrl Pts',(-139.773424972164,-122.829495968736,
180.891875117728));
#10038=CARTESIAN_POINT('Ctrl Pts',(-131.667631642474,-124.89130229789,181.794778394654));
#10039=CARTESIAN_POINT('Ctrl Pts',(-201.449492456575,-79.7410513988522,
171.413555354296));
#10040=CARTESIAN_POINT('Ctrl Pts',(-193.692008315794,-89.6251173068567,
172.767910269684));
#10041=CARTESIAN_POINT('Ctrl Pts',(-178.86345996298,-103.597790520035,175.025168461998));
#10042=CARTESIAN_POINT('Ctrl Pts',(-154.623335849753,-117.722068349088,
178.185329931238));
#10043=CARTESIAN_POINT('Ctrl Pts',(-139.149879354719,-123.233614295307,
179.991136485089));
#10044=CARTESIAN_POINT('Ctrl Pts',(-131.020477039008,-125.253202762099,
180.894039762014));
#10045=CARTESIAN_POINT('Ctrl Pts',(-201.16140472957,-80.4242691447654,170.512816721657));
#10046=CARTESIAN_POINT('Ctrl Pts',(-193.337064865429,-90.2801444598073,
171.867171637045));
#10047=CARTESIAN_POINT('Ctrl Pts',(-178.408736493242,-104.191876464689,
174.124429829359));
#10048=CARTESIAN_POINT('Ctrl Pts',(-154.053872062052,-118.203660281115,
177.284591298598));
#10049=CARTESIAN_POINT('Ctrl Pts',(-138.526333737274,-123.637732621878,
179.090397852449));
#10050=CARTESIAN_POINT('Ctrl Pts',(-130.373322435542,-125.615103226308,
179.993301129375));
#10051=CARTESIAN_POINT('Ctrl Pts',(-200.873317002564,-81.1074868906786,
169.612078089017));
#10052=CARTESIAN_POINT('Ctrl Pts',(-192.982121415065,-90.9351716127579,
170.966433004405));
#10053=CARTESIAN_POINT('Ctrl Pts',(-177.954013023505,-104.785962409344,
173.223691196719));
#10054=CARTESIAN_POINT('Ctrl Pts',(-153.484408274351,-118.685252213142,
176.383852665959));
#10055=CARTESIAN_POINT('Ctrl Pts',(-137.902788119829,-124.041850948449,
178.18965921981));
#10056=CARTESIAN_POINT('Ctrl Pts',(-129.726167832076,-125.977003690518,
179.092562496735));
#10057=CARTESIAN_POINT('Ctrl Pts',(-200.873317002564,-81.1074868906786,
169.612078089017));
#10058=CARTESIAN_POINT('Ctrl Pts',(-201.16140472957,-80.4242691447654,170.512816721657));
#10059=CARTESIAN_POINT('Ctrl Pts',(-201.449492456575,-79.7410513988522,
171.413555354296));
#10060=CARTESIAN_POINT('Ctrl Pts',(-201.737580183581,-79.057833652939,172.314293986935));
#10061=CARTESIAN_POINT('Ctrl Pts',(-86.2419831768943,-128.096780412446,
96.9093610372494));
#10062=CARTESIAN_POINT('Ctrl Pts',(-79.8341213549629,-127.410175977637,
97.6273455389913));
#10063=CARTESIAN_POINT('Ctrl Pts',(-73.4058533793719,-126.239034769077,
98.3453300407333));
#10064=CARTESIAN_POINT('Ctrl Pts',(-55.2863070464461,-121.449762836999,
100.37225419459));
#10065=CARTESIAN_POINT('Ctrl Pts',(-37.1982762575765,-113.741942037388,
102.553820281448));
#10066=CARTESIAN_POINT('Ctrl Pts',(-15.2012483158143,-97.920734017129,105.60801280305));
#10067=CARTESIAN_POINT('Ctrl Pts',(-4.19880703397575,-86.5242350203951,
107.353265672536));
#10068=CARTESIAN_POINT('Ctrl Pts',(8.36884817870052,-70.7494725848802,109.534565056477));
#10069=CARTESIAN_POINT('Ctrl Pts',(18.278244225156,-53.7720524820942,111.715686638473));
#10070=CARTESIAN_POINT('Ctrl Pts',(26.482453744486,-27.9538344918109,114.769256853268));
#10071=CARTESIAN_POINT('Ctrl Pts',(28.5080269255327,-12.2462973115678,116.514154118865));
#10072=CARTESIAN_POINT('Ctrl Pts',(29.17703501157,7.9073561723246,118.695015730957));
#10073=CARTESIAN_POINT('Ctrl Pts',(26.9965454175653,27.4398927290167,120.875704029782));
#10074=CARTESIAN_POINT('Ctrl Pts',(18.1739534582372,53.0478653054067,123.928667648135));
#10075=CARTESIAN_POINT('Ctrl Pts',(10.4276013214561,66.8580832799064,125.673218287195));
#10076=CARTESIAN_POINT('Ctrl Pts',(-1.05934491870635,83.4261265221984,127.853653335271));
#10077=CARTESIAN_POINT('Ctrl Pts',(-14.4615430719582,97.7964160405561,130.033919549517));
#10078=CARTESIAN_POINT('Ctrl Pts',(-36.8168036427169,113.079512270411,133.08629224946));
#10079=CARTESIAN_POINT('Ctrl Pts',(-51.2701970521908,119.539278383194,134.830505220856));
#10080=CARTESIAN_POINT('Ctrl Pts',(-70.3697746949591,125.980801496938,137.010524890028));
#10081=CARTESIAN_POINT('Ctrl Pts',(-89.6952091487539,129.517091508868,139.190380195816));
#10082=CARTESIAN_POINT('Ctrl Pts',(-116.749157378633,128.44645971826,142.24217762392));
#10083=CARTESIAN_POINT('Ctrl Pts',(-132.199737871214,125.009538340216,143.986061868551));
#10084=CARTESIAN_POINT('Ctrl Pts',(-147.534424450869,120.031615201687,145.729786211509));
#10085=CARTESIAN_POINT('Ctrl Pts',(-162.049207294519,113.723002895623,147.473350652793));
#10086=CARTESIAN_POINT('Ctrl Pts',(-184.536110715847,98.6501843734997,150.52458842504));
#10087=CARTESIAN_POINT('Ctrl Pts',(-198.071577137822,84.4193744186971,152.704043976646));
#10088=CARTESIAN_POINT('Ctrl Pts',(-212.078286433972,64.7105611977821,155.319157465888));
#10089=CARTESIAN_POINT('Ctrl Pts',(-221.03592733809,47.2332135513322,157.498224396354));
#10090=CARTESIAN_POINT('Ctrl Pts',(-227.814827282711,21.0302715657152,160.548918099006));
#10091=CARTESIAN_POINT('Ctrl Pts',(-228.982891701268,5.25105114575069,162.292171643378));
#10092=CARTESIAN_POINT('Ctrl Pts',(-228.643240219331,-10.8617382559743,
164.035274184267));
#10093=CARTESIAN_POINT('Ctrl Pts',(-226.793994514255,-26.5740990710341,
165.778225721671));
#10094=CARTESIAN_POINT('Ctrl Pts',(-218.858702958879,-52.4465097942578,
168.828390912128));
#10095=CARTESIAN_POINT('Ctrl Pts',(-209.146879357437,-69.5091209666072,
171.007080333883));
#10096=CARTESIAN_POINT('Ctrl Pts',(-201.73758018358,-79.0578336529392,172.314293986935));
#10097=CARTESIAN_POINT('Ctrl Pts',(-85.5093850690468,-128.211152783061,
96.0086224046099));
#10098=CARTESIAN_POINT('Ctrl Pts',(-79.0958074713593,-127.487919246432,
96.7266069063518));
#10099=CARTESIAN_POINT('Ctrl Pts',(-72.6644805546851,-126.279239709032,
97.4445914080938));
#10100=CARTESIAN_POINT('Ctrl Pts',(-54.5447287501347,-121.381560480089,
99.4715155619507));
#10101=CARTESIAN_POINT('Ctrl Pts',(-36.4725552847237,-113.561927934576,
101.653081648809));
#10102=CARTESIAN_POINT('Ctrl Pts',(-14.53052900562,-97.595275997403,104.70727417041));
#10103=CARTESIAN_POINT('Ctrl Pts',(-3.57509556478152,-86.1205897298118,
106.452527039897));
#10104=CARTESIAN_POINT('Ctrl Pts',(8.92310878792176,-70.2520964086702,108.633826423838));
#10105=CARTESIAN_POINT('Ctrl Pts',(18.7530576139958,-53.1944500029778,110.814948005834));
#10106=CARTESIAN_POINT('Ctrl Pts',(26.826351807065,-27.2923822703592,113.868518220628));
#10107=CARTESIAN_POINT('Ctrl Pts',(28.7675599309675,-11.5501743343352,115.613415486225));
#10108=CARTESIAN_POINT('Ctrl Pts',(29.3249255143313,8.63722896089431,117.794277098318));
#10109=CARTESIAN_POINT('Ctrl Pts',(27.0328313932098,28.186720800763,119.974965397142));
#10110=CARTESIAN_POINT('Ctrl Pts',(18.0551820660077,53.7838516769345,123.027929015496));
#10111=CARTESIAN_POINT('Ctrl Pts',(10.2204609772793,67.5715512504344,124.772479654555));
#10112=CARTESIAN_POINT('Ctrl Pts',(-1.37618898367581,84.1000655279826,126.952914702632));
#10113=CARTESIAN_POINT('Ctrl Pts',(-14.8780437777458,98.4173770357204,129.133180916877));
#10114=CARTESIAN_POINT('Ctrl Pts',(-37.3512452367338,113.599274225571,132.185553616821));
#10115=CARTESIAN_POINT('Ctrl Pts',(-51.8621087827542,119.988258651147,133.929766588217));
#10116=CARTESIAN_POINT('Ctrl Pts',(-71.0261290397236,126.332626777059,136.109786257388));
#10117=CARTESIAN_POINT('Ctrl Pts',(-90.3999259747084,129.766963950471,138.289641563177));
#10118=CARTESIAN_POINT('Ctrl Pts',(-117.48815057458,128.544781380072,141.341438991281));
#10119=CARTESIAN_POINT('Ctrl Pts',(-132.94263044926,125.016786075337,143.085323235912));
#10120=CARTESIAN_POINT('Ctrl Pts',(-148.272376464463,119.945778753152,144.829047578869));
#10121=CARTESIAN_POINT('Ctrl Pts',(-162.773645519992,113.54703359096,146.572612020154));
#10122=CARTESIAN_POINT('Ctrl Pts',(-185.210439205889,98.3271675514423,149.623849792401));
#10123=CARTESIAN_POINT('Ctrl Pts',(-198.687042046928,84.0001093955604,151.803305344006));
#10124=CARTESIAN_POINT('Ctrl Pts',(-212.604485255291,64.1835951397056,154.418418833249));
#10125=CARTESIAN_POINT('Ctrl Pts',(-221.478489407525,46.6305574107411,156.597485763714));
#10126=CARTESIAN_POINT('Ctrl Pts',(-228.122222334112,20.3510940283276,159.648179466366));
#10127=CARTESIAN_POINT('Ctrl Pts',(-229.20424543978,4.54186656157765,161.391433010739));
#10128=CARTESIAN_POINT('Ctrl Pts',(-228.774079965952,-11.5930524278437,
163.134535551627));
#10129=CARTESIAN_POINT('Ctrl Pts',(-226.834669958647,-27.3184896402555,
164.877487089031));
#10130=CARTESIAN_POINT('Ctrl Pts',(-218.744178031033,-53.185385000495,167.927652279488));
#10131=CARTESIAN_POINT('Ctrl Pts',(-208.92324579614,-70.2194481585579,170.106341701243));
#10132=CARTESIAN_POINT('Ctrl Pts',(-201.449492456575,-79.7410513988524,
171.413555354296));
#10133=CARTESIAN_POINT('Ctrl Pts',(-84.7767869611994,-128.325525153677,
95.1078837719704));
#10134=CARTESIAN_POINT('Ctrl Pts',(-78.3574840612724,-127.565653710925,
95.8258682737124));
#10135=CARTESIAN_POINT('Ctrl Pts',(-71.9230987735362,-126.319434484261,
96.5438527754544));
#10136=CARTESIAN_POINT('Ctrl Pts',(-53.8029604486037,-121.313501954461,
98.5707769293113));
#10137=CARTESIAN_POINT('Ctrl Pts',(-35.7469033194882,-113.381856586202,
100.75234301617));
#10138=CARTESIAN_POINT('Ctrl Pts',(-13.8597661768632,-97.2698476643396,
103.806535537771));
#10139=CARTESIAN_POINT('Ctrl Pts',(-2.95136822051326,-85.7169256927696,
105.551788407258));
#10140=CARTESIAN_POINT('Ctrl Pts',(9.47760748219273,-69.7547221830114,107.733087791198));
#10141=CARTESIAN_POINT('Ctrl Pts',(19.2277815664341,-52.6168427991078,109.914209373194));
#10142=CARTESIAN_POINT('Ctrl Pts',(27.1703024557882,-26.6309278852004,112.967779587989));
#10143=CARTESIAN_POINT('Ctrl Pts',(29.0270944925592,-10.8540268509153,114.712676853586));
#10144=CARTESIAN_POINT('Ctrl Pts',(29.4730080338079,9.36724217545569,116.893538465679));
#10145=CARTESIAN_POINT('Ctrl Pts',(27.069042871563,28.9334993354438,119.074226764503));
#10146=CARTESIAN_POINT('Ctrl Pts',(17.9364515353657,54.5198711434068,122.127190382856));
#10147=CARTESIAN_POINT('Ctrl Pts',(10.0133072696057,68.2850398105441,123.871741021916));
#10148=CARTESIAN_POINT('Ctrl Pts',(-1.69296284098732,84.7742316131289,126.052176069992));
#10149=CARTESIAN_POINT('Ctrl Pts',(-15.2945746672744,99.0382539133124,128.232442284238));
#10150=CARTESIAN_POINT('Ctrl Pts',(-37.8856738067387,114.119087076889,131.284814984181));
#10151=CARTESIAN_POINT('Ctrl Pts',(-52.4540435110137,120.437247473099,133.029027955577));
#10152=CARTESIAN_POINT('Ctrl Pts',(-71.6825624770008,126.684675989033,135.209047624749));
#10153=CARTESIAN_POINT('Ctrl Pts',(-91.104616859543,130.016750967144,137.388902930537));
#10154=CARTESIAN_POINT('Ctrl Pts',(-118.227163671961,128.643151613619,140.440700358641));
#10155=CARTESIAN_POINT('Ctrl Pts',(-133.685546581141,125.024026966143,142.184584603272));
#10156=CARTESIAN_POINT('Ctrl Pts',(-149.010352616691,119.859946609138,143.92830894623));
#10157=CARTESIAN_POINT('Ctrl Pts',(-163.498098392006,113.371013926264,145.671873387514));
#10158=CARTESIAN_POINT('Ctrl Pts',(-185.884750945279,98.0042383295476,148.723111159762));
#10159=CARTESIAN_POINT('Ctrl Pts',(-199.302561902964,83.5806135228164,150.902566711367));
#10160=CARTESIAN_POINT('Ctrl Pts',(-213.130920927309,63.6566179146691,153.517680200609));
#10161=CARTESIAN_POINT('Ctrl Pts',(-221.920962376935,46.0279014788113,155.696747131075));
#10162=CARTESIAN_POINT('Ctrl Pts',(-228.429669545658,19.6719114429047,158.747440833727));
#10163=CARTESIAN_POINT('Ctrl Pts',(-229.425599436895,3.83265746776821,160.490694378099));
#10164=CARTESIAN_POINT('Ctrl Pts',(-228.904930782516,-12.3243884593543,
162.233796918988));
#10165=CARTESIAN_POINT('Ctrl Pts',(-226.875301496631,-28.062908740781,163.976748456391));
#10166=CARTESIAN_POINT('Ctrl Pts',(-218.629731974543,-53.9242189378373,
167.026913646849));
#10167=CARTESIAN_POINT('Ctrl Pts',(-208.699407432836,-70.929894488948,169.205603068604));
#10168=CARTESIAN_POINT('Ctrl Pts',(-201.16140472957,-80.4242691447656,170.512816721657));
#10169=CARTESIAN_POINT('Ctrl Pts',(-84.0441888533519,-128.439897524292,
94.2071451393309));
#10170=CARTESIAN_POINT('Ctrl Pts',(-77.6191701776688,-127.64339697972,94.9251296410729));
#10171=CARTESIAN_POINT('Ctrl Pts',(-71.1817259488495,-126.359639424216,
95.6431141428149));
#10172=CARTESIAN_POINT('Ctrl Pts',(-53.0613821522924,-121.245299597551,
97.6700382966718));
#10173=CARTESIAN_POINT('Ctrl Pts',(-35.0211823466354,-113.20184248339,99.85160438353));
#10174=CARTESIAN_POINT('Ctrl Pts',(-13.189046866669,-96.9443896446136,102.905796905131));
#10175=CARTESIAN_POINT('Ctrl Pts',(-2.32765675131903,-85.3132804021863,
104.651049774618));
#10176=CARTESIAN_POINT('Ctrl Pts',(10.031868091414,-69.2573460068015,106.832349158559));
#10177=CARTESIAN_POINT('Ctrl Pts',(19.7025949552739,-52.0392403199914,109.013470740555));
#10178=CARTESIAN_POINT('Ctrl Pts',(27.5142005183672,-25.9694756637487,112.067040955349));
#10179=CARTESIAN_POINT('Ctrl Pts',(29.286627497994,-10.1579038736827,113.811938220946));
#10180=CARTESIAN_POINT('Ctrl Pts',(29.6208985365692,10.0971149640254,115.992799833039));
#10181=CARTESIAN_POINT('Ctrl Pts',(27.1053288472076,29.6803274071901,118.173488131863));
#10182=CARTESIAN_POINT('Ctrl Pts',(17.8176801431362,55.2558575149346,121.226451750217));
#10183=CARTESIAN_POINT('Ctrl Pts',(9.80616692542883,68.9985077810721,122.971002389276));
#10184=CARTESIAN_POINT('Ctrl Pts',(-2.00980690595678,85.4481706189131,125.151437437353));
#10185=CARTESIAN_POINT('Ctrl Pts',(-15.711075373062,99.6592149084767,127.331703651598));
#10186=CARTESIAN_POINT('Ctrl Pts',(-38.4201154007555,114.638849032049,130.384076351542));
#10187=CARTESIAN_POINT('Ctrl Pts',(-53.0459552415771,120.886227741052,132.128289322938));
#10188=CARTESIAN_POINT('Ctrl Pts',(-72.3389168217653,127.036501269154,134.308308992109));
#10189=CARTESIAN_POINT('Ctrl Pts',(-91.8093336854976,130.266623408748,136.488164297898));
#10190=CARTESIAN_POINT('Ctrl Pts',(-118.966156867908,128.741473275431,139.539961726002));
#10191=CARTESIAN_POINT('Ctrl Pts',(-134.428439159188,125.031274701264,141.283845970633));
#10192=CARTESIAN_POINT('Ctrl Pts',(-149.748304630286,119.774110160603,143.02757031359));
#10193=CARTESIAN_POINT('Ctrl Pts',(-164.222536617478,113.195044621601,144.771134754875));
#10194=CARTESIAN_POINT('Ctrl Pts',(-186.559079435321,97.6812215074902,147.822372527122));
#10195=CARTESIAN_POINT('Ctrl Pts',(-199.91802681207,83.1613484996798,150.001828078727));
#10196=CARTESIAN_POINT('Ctrl Pts',(-213.657119748628,63.1296518565926,152.61694156797));
#10197=CARTESIAN_POINT('Ctrl Pts',(-222.36352444637,45.4252453382202,154.796008498436));
#10198=CARTESIAN_POINT('Ctrl Pts',(-228.737064597058,18.9927339055171,157.846702201087));
#10199=CARTESIAN_POINT('Ctrl Pts',(-229.646953175407,3.12347288359517,159.58995574546));
#10200=CARTESIAN_POINT('Ctrl Pts',(-229.035770529137,-13.0557026312236,
161.333058286348));
#10201=CARTESIAN_POINT('Ctrl Pts',(-226.915976941023,-28.8072993100023,
163.076009823752));
#10202=CARTESIAN_POINT('Ctrl Pts',(-218.515207046697,-54.6630941440745,
166.126175014209));
#10203=CARTESIAN_POINT('Ctrl Pts',(-208.475773871538,-71.6402216808986,
168.304864435964));
#10204=CARTESIAN_POINT('Ctrl Pts',(-200.873317002564,-81.1074868906788,
169.612078089017));
#10205=CARTESIAN_POINT('Ctrl Pts',(-86.2419831768943,-128.096780412446,
96.9093610372494));
#10206=CARTESIAN_POINT('Ctrl Pts',(-79.8341213549629,-127.410175977637,
97.6273455389913));
#10207=CARTESIAN_POINT('Ctrl Pts',(-73.4058533793719,-126.239034769077,
98.3453300407333));
#10208=CARTESIAN_POINT('Ctrl Pts',(-66.9874358425484,-124.542550524937,
99.0633145424753));
#10209=CARTESIAN_POINT('Ctrl Pts',(-97.2418417014907,-18.7899804789726,
74.0834794446615));
#10210=CARTESIAN_POINT('Ctrl Pts',(-96.2996378598203,-18.6534009699995,
74.8014639464035));
#10211=CARTESIAN_POINT('Ctrl Pts',(-95.3675408511688,-18.4475763489998,
75.5194484481455));
#10212=CARTESIAN_POINT('Ctrl Pts',(-94.4553967357068,-18.17298474774,76.2374329498874));
#10213=CARTESIAN_POINT('Ctrl Pts',(-93.5752221932919,-55.225580456797,81.6921066421908));
#10214=CARTESIAN_POINT('Ctrl Pts',(-90.8111323582011,-54.9056593058788,
82.4100911439328));
#10215=CARTESIAN_POINT('Ctrl Pts',(-88.0469783605698,-54.3780624890255,
83.1280756456748));
#10216=CARTESIAN_POINT('Ctrl Pts',(-85.2994097713207,-53.6295066734722,
83.8460601474167));
#10217=CARTESIAN_POINT('Ctrl Pts',(-89.9086026850931,-91.6611804346214,
89.3007338397201));
#10218=CARTESIAN_POINT('Ctrl Pts',(-85.322626856582,-91.157917641758,90.018718341462));
#10219=CARTESIAN_POINT('Ctrl Pts',(-80.7264158699709,-90.3085486290513,
90.736702843204));
#10220=CARTESIAN_POINT('Ctrl Pts',(-76.1434228069346,-89.0860285992044,
91.454687344946));
#10221=CARTESIAN_POINT('Ctrl Pts',(-86.2419831768943,-128.096780412446,
96.9093610372494));
#10222=CARTESIAN_POINT('Ctrl Pts',(-79.8341213549629,-127.410175977637,
97.6273455389913));
#10223=CARTESIAN_POINT('Ctrl Pts',(-73.4058533793719,-126.239034769077,
98.3453300407333));
#10224=CARTESIAN_POINT('Ctrl Pts',(-66.9874358425484,-124.542550524937,
99.0633145424753));
#10225=CARTESIAN_POINT('Origin',(-26.8106335211667,-9.68677801961691,462.844897516966));
#10226=CARTESIAN_POINT('Origin',(-100.,0.,10.));
#10227=CARTESIAN_POINT('',(-87.7434638821842,10.2844562268757,9.99999911967472));
#10228=CARTESIAN_POINT('Ctrl Pts',(-85.4451555807095,12.2129645840086,10.));
#10229=CARTESIAN_POINT('Ctrl Pts',(-85.5702178606084,12.3620080053822,10.));
#10230=CARTESIAN_POINT('Ctrl Pts',(-85.7141860008151,12.4954771666729,10.));
#10231=CARTESIAN_POINT('Ctrl Pts',(-86.0827314261421,12.756416746842,10.));
#10232=CARTESIAN_POINT('Ctrl Pts',(-86.3203242642169,12.8688008328553,10.));
#10233=CARTESIAN_POINT('Ctrl Pts',(-86.7655163095542,12.9693094622062,10.));
#10234=CARTESIAN_POINT('Ctrl Pts',(-86.9667277129795,12.9790565695153,10.));
#10235=CARTESIAN_POINT('Ctrl Pts',(-87.3273114645804,12.9163743951882,10.));
#10236=CARTESIAN_POINT('Ctrl Pts',(-87.4834893210418,12.8577027352804,10.));
#10237=CARTESIAN_POINT('Ctrl Pts',(-87.7557726196824,12.6839444046399,10.));
#10238=CARTESIAN_POINT('Ctrl Pts',(-87.8686015159415,12.5759022688939,10.));
#10239=CARTESIAN_POINT('Ctrl Pts',(-88.0583023794282,12.3116700074338,10.));
#10240=CARTESIAN_POINT('Ctrl Pts',(-88.1284820902061,12.1566571679924,10.));
#10241=CARTESIAN_POINT('Ctrl Pts',(-88.2239635097065,11.7969317035714,10.));
#10242=CARTESIAN_POINT('Ctrl Pts',(-88.2369162812557,11.5911625305485,10.));
#10243=CARTESIAN_POINT('Ctrl Pts',(-88.1922940539216,11.144225480681,10.));
#10244=CARTESIAN_POINT('Ctrl Pts',(-88.1197999151641,10.9049916751881,10.));
#10245=CARTESIAN_POINT('Ctrl Pts',(-87.9355305860156,10.5420415930683,10.));
#10246=CARTESIAN_POINT('Ctrl Pts',(-87.8464131899156,10.4075004859478,10.));
#10247=CARTESIAN_POINT('Ctrl Pts',(-87.7432889101229,10.2846017550163,10.));
#10248=CARTESIAN_POINT('',(-116.,-1.95943487863576E-15,10.));
#10249=CARTESIAN_POINT('Origin',(-100.,0.,10.));
#10250=CARTESIAN_POINT('Origin',(-100.,0.,10.));
#10251=CARTESIAN_POINT('Ctrl Pts',(-87.7432889101229,10.2846017550163,10.));
#10252=CARTESIAN_POINT('Ctrl Pts',(-87.6719044520841,10.1995290706898,10.));
#10253=CARTESIAN_POINT('Ctrl Pts',(-87.5938075374101,10.1200357172375,10.));
#10254=CARTESIAN_POINT('Ctrl Pts',(-87.3077889130428,9.871713950978,10.));
#10255=CARTESIAN_POINT('Ctrl Pts',(-87.0727367577882,9.73521557846677,10.));
#10256=CARTESIAN_POINT('Ctrl Pts',(-86.6044382802145,9.58043629396728,10.));
#10257=CARTESIAN_POINT('Ctrl Pts',(-86.3766155933422,9.54777735250546,10.));
#10258=CARTESIAN_POINT('Ctrl Pts',(-86.0232144196035,9.5740738787969,10.));
#10259=CARTESIAN_POINT('Ctrl Pts',(-85.8966728549978,9.59963755774693,10.));
#10260=CARTESIAN_POINT('Ctrl Pts',(-85.6567595766925,9.68541393122683,10.));
#10261=CARTESIAN_POINT('Ctrl Pts',(-85.5449691943916,9.7444136680533,10.));
#10262=CARTESIAN_POINT('Ctrl Pts',(-85.443823658166,9.81997413306217,10.));
#10263=CARTESIAN_POINT('Ctrl Pts',(-85.3148362606248,9.91633377583229,10.));
#10264=CARTESIAN_POINT('Ctrl Pts',(-85.2076971559087,10.0362411293069,10.));
#10265=CARTESIAN_POINT('Ctrl Pts',(-85.0396109862705,10.3202633597528,10.));
#10266=CARTESIAN_POINT('Ctrl Pts',(-84.9843458404161,10.4807915901502,10.));
#10267=CARTESIAN_POINT('Ctrl Pts',(-84.9245176858583,10.8487190040216,10.));
#10268=CARTESIAN_POINT('Ctrl Pts',(-84.932999891091,11.0550970776454,10.));
#10269=CARTESIAN_POINT('Ctrl Pts',(-84.9921639895772,11.3465152038362,10.));
#10270=CARTESIAN_POINT('Ctrl Pts',(-85.0174316857751,11.4366376747833,10.));
#10271=CARTESIAN_POINT('Ctrl Pts',(-85.0486798379574,11.5247768816172,10.));
#10272=CARTESIAN_POINT('Origin',(-100.,0.,10.));
#10273=CARTESIAN_POINT('Ctrl Pts',(-81.000003533555,0.,0.00325586434159845));
#10274=CARTESIAN_POINT('Ctrl Pts',(-81.000003533555,2.18065304246806,1.64723269529044));
#10275=CARTESIAN_POINT('Ctrl Pts',(-81.8830866789164,7.2697476501327,5.48317863417108));
#10276=CARTESIAN_POINT('Ctrl Pts',(-84.716361765035,11.6560731681659,9.31912457305172));
#10277=CARTESIAN_POINT('Ctrl Pts',(-86.8089739873197,13.674673614303,11.5110936809835));
#10278=CARTESIAN_POINT('Ctrl Pts',(-80.9990920734198,0.,-0.416659352842225));
#10279=CARTESIAN_POINT('Ctrl Pts',(-80.9990920734198,2.18112715429974,1.22731747810662));
#10280=CARTESIAN_POINT('Ctrl Pts',(-81.8821085258682,7.27041811203865,5.06326341698726));
#10281=CARTESIAN_POINT('Ctrl Pts',(-84.7152740002488,11.6562902852864,8.89920935586789));
#10282=CARTESIAN_POINT('Ctrl Pts',(-86.8083411927624,13.6753296102071,11.0911784637997));
#10283=CARTESIAN_POINT('Ctrl Pts',(-81.3711182531745,0.,-1.2527973959242));
#10284=CARTESIAN_POINT('Ctrl Pts',(-81.3711182531745,2.13803612000304,0.391179435024642));
#10285=CARTESIAN_POINT('Ctrl Pts',(-82.236959676671,7.12773176892262,4.22712537390528));
#10286=CARTESIAN_POINT('Ctrl Pts',(-85.0149099219823,11.4284244545739,8.06307131278592));
#10287=CARTESIAN_POINT('Ctrl Pts',(-87.06662582051,13.407575003352,10.2550404207177));
#10288=CARTESIAN_POINT('Ctrl Pts',(-82.6789140599547,0.,-1.67953368003566));
#10289=CARTESIAN_POINT('Ctrl Pts',(-82.6789140599547,1.98787255782925,-0.0355568490868088));
#10290=CARTESIAN_POINT('Ctrl Pts',(-83.4839912051543,6.627287411122,3.80038908979383));
#10291=CARTESIAN_POINT('Ctrl Pts',(-86.0669672461576,10.6261822594729,7.63633502867446));
#10292=CARTESIAN_POINT('Ctrl Pts',(-87.9745822265535,12.4663284697825,9.82830413660626));
#10293=CARTESIAN_POINT('Ctrl Pts',(-83.8716841753281,0.,-0.987422446186192));
#10294=CARTESIAN_POINT('Ctrl Pts',(-83.8716841753281,1.85126776431948,0.656554384762651));
#10295=CARTESIAN_POINT('Ctrl Pts',(-84.6212378106102,6.1711649420784,4.49250032364329));
#10296=CARTESIAN_POINT('Ctrl Pts',(-87.0261549459247,9.89417516657709,8.32844626252393));
#10297=CARTESIAN_POINT('Ctrl Pts',(-88.8026803605097,11.6078682035698,10.5204153704557));
#10298=CARTESIAN_POINT('Ctrl Pts',(-84.1473405606348,0.,0.360426170623982));
#10299=CARTESIAN_POINT('Ctrl Pts',(-84.1473405606348,1.81920671165159,2.00440300157283));
#10300=CARTESIAN_POINT('Ctrl Pts',(-84.8842072503458,6.06532489778289,5.84034894045347));
#10301=CARTESIAN_POINT('Ctrl Pts',(-87.2483000639277,9.72545828296535,9.6762948793341));
#10302=CARTESIAN_POINT('Ctrl Pts',(-88.9940588460565,11.4094728456852,11.8682639872659));
#10303=CARTESIAN_POINT('Ctrl Pts',(-83.3335210228028,0.,1.4709328872564));
#10304=CARTESIAN_POINT('Ctrl Pts',(-83.3335210228028,1.91305787982315,3.11490971820524));
#10305=CARTESIAN_POINT('Ctrl Pts',(-84.1080802211286,6.37709735199536,6.95085565708589));
#10306=CARTESIAN_POINT('Ctrl Pts',(-86.593231863999,10.2243035841547,10.7868015959665));
#10307=CARTESIAN_POINT('Ctrl Pts',(-88.429052704496,11.9951948788681,12.9787707038983));
#10308=CARTESIAN_POINT('Ctrl Pts',(-81.96145097991,0.,1.59855884795434));
#10309=CARTESIAN_POINT('Ctrl Pts',(-81.96145097991,2.07010659295976,3.24253567890319));
#10310=CARTESIAN_POINT('Ctrl Pts',(-82.799906915226,6.90170611224053,7.07848161778383));
#10311=CARTESIAN_POINT('Ctrl Pts',(-85.4899440367815,11.0664317301847,10.9144275566645));
#10312=CARTESIAN_POINT('Ctrl Pts',(-87.4764729680217,12.9827008526538,13.1063966645963));
#10313=CARTESIAN_POINT('Ctrl Pts',(-81.2882964742042,0.,0.978827965454693));
#10314=CARTESIAN_POINT('Ctrl Pts',(-81.2882964742042,2.14795642099789,2.62280479640353));
#10315=CARTESIAN_POINT('Ctrl Pts',(-82.1578648857602,7.15978201389584,6.45875073528417));
#10316=CARTESIAN_POINT('Ctrl Pts',(-84.9478899053869,11.4788498427732,10.2946966741648));
#10317=CARTESIAN_POINT('Ctrl Pts',(-87.0091255866156,13.4671834773628,12.4866657820966));
#10318=CARTESIAN_POINT('Ctrl Pts',(-81.1222516949509,0.,0.59313540438455));
#10319=CARTESIAN_POINT('Ctrl Pts',(-81.1222516949509,2.16662247011743,2.2371122353334));
#10320=CARTESIAN_POINT('Ctrl Pts',(-81.9996529818409,7.22297325806318,6.07305817421404));
#10321=CARTESIAN_POINT('Ctrl Pts',(-84.8146984503583,11.5810766534865,9.90900411309467));
#10322=CARTESIAN_POINT('Ctrl Pts',(-86.8938465650501,13.5866891923064,12.1009732210265));
#10323=CARTESIAN_POINT('Origin',(-82.5,0.,0.));
#10324=CARTESIAN_POINT('Origin',(-82.5,0.,0.));
#10325=CARTESIAN_POINT('Origin',(-100.,0.,10.));
#10326=CARTESIAN_POINT('',(-116.,-1.95943487863576E-15,760.));
#10327=CARTESIAN_POINT('Origin',(-100.,0.,760.));
#10328=CARTESIAN_POINT('',(-116.,-1.95943487863576E-15,10.));
#10329=CARTESIAN_POINT('Origin',(-100.,0.,760.));
#10330=UNCERTAINTY_MEASURE_WITH_UNIT(LENGTH_MEASURE(0.01),#10334,
'DISTANCE_ACCURACY_VALUE',
'Maximum model space distance between geometric entities at asserted c
onnectivities');
#10331=UNCERTAINTY_MEASURE_WITH_UNIT(LENGTH_MEASURE(0.01),#10334,
'DISTANCE_ACCURACY_VALUE',
'Maximum model space distance between geometric entities at asserted c
onnectivities');
#10332=(
GEOMETRIC_REPRESENTATION_CONTEXT(3)
GLOBAL_UNCERTAINTY_ASSIGNED_CONTEXT((#10330))
GLOBAL_UNIT_ASSIGNED_CONTEXT((#10334,#10336,#10337))
REPRESENTATION_CONTEXT('','3D')
);
#10333=(
GEOMETRIC_REPRESENTATION_CONTEXT(3)
GLOBAL_UNCERTAINTY_ASSIGNED_CONTEXT((#10331))
GLOBAL_UNIT_ASSIGNED_CONTEXT((#10334,#10336,#10337))
REPRESENTATION_CONTEXT('','3D')
);
#10334=(
LENGTH_UNIT()
NAMED_UNIT(*)
SI_UNIT(.MILLI.,.METRE.)
);
#10335=(
LENGTH_UNIT()
NAMED_UNIT(*)
SI_UNIT($,.METRE.)
);
#10336=(
NAMED_UNIT(*)
PLANE_ANGLE_UNIT()
SI_UNIT($,.RADIAN.)
);
#10337=(
NAMED_UNIT(*)
SI_UNIT($,.STERADIAN.)
SOLID_ANGLE_UNIT()
);
#10338=SHAPE_DEFINITION_REPRESENTATION(#10339,#10340);
#10339=PRODUCT_DEFINITION_SHAPE('',$,#10342);
#10340=SHAPE_REPRESENTATION('',(#2171),#10332);
#10341=PRODUCT_DEFINITION_CONTEXT('part definition',#10346,'design');
#10342=PRODUCT_DEFINITION('2026-09-27-16-45-20-114','Auger',#10343,#10341);
#10343=PRODUCT_DEFINITION_FORMATION('',$,#10348);
#10344=PRODUCT_RELATED_PRODUCT_CATEGORY('Auger','Auger',(#10348));
#10345=APPLICATION_PROTOCOL_DEFINITION('international standard',
'automotive_design',2009,#10346);
#10346=APPLICATION_CONTEXT(
'Core Data for Automotive Mechanical Design Process');
#10347=PRODUCT_CONTEXT('part definition',#10346,'mechanical');
#10348=PRODUCT('2026-09-27-16-45-20-114','Auger',$,(#10347));
#10349=PRESENTATION_STYLE_ASSIGNMENT((#10350));
#10350=SURFACE_STYLE_USAGE(.BOTH.,#10351);
#10351=SURFACE_SIDE_STYLE('',(#10352));
#10352=SURFACE_STYLE_FILL_AREA(#10353);
#10353=FILL_AREA_STYLE('Steel - Satin',(#10354));
#10354=FILL_AREA_STYLE_COLOUR('Steel - Satin',#10355);
#10355=COLOUR_RGB('Steel - Satin',0.627450980392157,0.627450980392157,0.627450980392157);
ENDSEC;
END-ISO-10303-21;
