ISO-10303-21;
HEADER;
/* Generated by software containing ST-Developer
 * from STEP Tools, Inc. (www.steptools.com) 
 */

FILE_DESCRIPTION(
/* description */ (''),
/* implementation_level */ '2;1');

FILE_NAME(
/* name */ 'Bearing.step',
/* time_stamp */ '2026-09-27T23:35:30+05:30',
/* author */ (''),
/* organization */ (''),
/* preprocessor_version */ 'ST-DEVELOPER v20.2',
/* originating_system */ 'Autodesk Translation Framework v15.15.0.0',
/* authorisation */ '');

FILE_SCHEMA (('AUTOMOTIVE_DESIGN { 1 0 10303 214 3 1 1 }'));
ENDSEC;

DATA;
#10=MECHANICAL_DESIGN_GEOMETRIC_PRESENTATION_REPRESENTATION('',(#233,#234,
#235,#236,#237,#238,#239,#240,#241,#242,#243),#5671);
#11=ITEM_DEFINED_TRANSFORMATION($,$,#2003,#2286);
#12=ITEM_DEFINED_TRANSFORMATION($,$,#2017,#2287);
#13=ITEM_DEFINED_TRANSFORMATION($,$,#2031,#2288);
#14=ITEM_DEFINED_TRANSFORMATION($,$,#2034,#2289);
#15=ITEM_DEFINED_TRANSFORMATION($,$,#2037,#2290);
#16=ITEM_DEFINED_TRANSFORMATION($,$,#2040,#2291);
#17=ITEM_DEFINED_TRANSFORMATION($,$,#2043,#2292);
#18=ITEM_DEFINED_TRANSFORMATION($,$,#2046,#2293);
#19=ITEM_DEFINED_TRANSFORMATION($,$,#2049,#2294);
#20=ITEM_DEFINED_TRANSFORMATION($,$,#2052,#2295);
#21=ITEM_DEFINED_TRANSFORMATION($,$,#2055,#2296);
#22=(
REPRESENTATION_RELATIONSHIP($,$,#5712,#5711)
REPRESENTATION_RELATIONSHIP_WITH_TRANSFORMATION(#11)
SHAPE_REPRESENTATION_RELATIONSHIP()
);
#23=(
REPRESENTATION_RELATIONSHIP($,$,#5713,#5711)
REPRESENTATION_RELATIONSHIP_WITH_TRANSFORMATION(#12)
SHAPE_REPRESENTATION_RELATIONSHIP()
);
#24=(
REPRESENTATION_RELATIONSHIP($,$,#5714,#5711)
REPRESENTATION_RELATIONSHIP_WITH_TRANSFORMATION(#13)
SHAPE_REPRESENTATION_RELATIONSHIP()
);
#25=(
REPRESENTATION_RELATIONSHIP($,$,#5715,#5711)
REPRESENTATION_RELATIONSHIP_WITH_TRANSFORMATION(#14)
SHAPE_REPRESENTATION_RELATIONSHIP()
);
#26=(
REPRESENTATION_RELATIONSHIP($,$,#5716,#5711)
REPRESENTATION_RELATIONSHIP_WITH_TRANSFORMATION(#15)
SHAPE_REPRESENTATION_RELATIONSHIP()
);
#27=(
REPRESENTATION_RELATIONSHIP($,$,#5717,#5711)
REPRESENTATION_RELATIONSHIP_WITH_TRANSFORMATION(#16)
SHAPE_REPRESENTATION_RELATIONSHIP()
);
#28=(
REPRESENTATION_RELATIONSHIP($,$,#5718,#5711)
REPRESENTATION_RELATIONSHIP_WITH_TRANSFORMATION(#17)
SHAPE_REPRESENTATION_RELATIONSHIP()
);
#29=(
REPRESENTATION_RELATIONSHIP($,$,#5719,#5711)
REPRESENTATION_RELATIONSHIP_WITH_TRANSFORMATION(#18)
SHAPE_REPRESENTATION_RELATIONSHIP()
);
#30=(
REPRESENTATION_RELATIONSHIP($,$,#5720,#5711)
REPRESENTATION_RELATIONSHIP_WITH_TRANSFORMATION(#19)
SHAPE_REPRESENTATION_RELATIONSHIP()
);
#31=(
REPRESENTATION_RELATIONSHIP($,$,#5721,#5711)
REPRESENTATION_RELATIONSHIP_WITH_TRANSFORMATION(#20)
SHAPE_REPRESENTATION_RELATIONSHIP()
);
#32=(
REPRESENTATION_RELATIONSHIP($,$,#5722,#5711)
REPRESENTATION_RELATIONSHIP_WITH_TRANSFORMATION(#21)
SHAPE_REPRESENTATION_RELATIONSHIP()
);
#33=CONTEXT_DEPENDENT_SHAPE_REPRESENTATION(#22,#5700);
#34=CONTEXT_DEPENDENT_SHAPE_REPRESENTATION(#23,#5701);
#35=CONTEXT_DEPENDENT_SHAPE_REPRESENTATION(#24,#5702);
#36=CONTEXT_DEPENDENT_SHAPE_REPRESENTATION(#25,#5703);
#37=CONTEXT_DEPENDENT_SHAPE_REPRESENTATION(#26,#5704);
#38=CONTEXT_DEPENDENT_SHAPE_REPRESENTATION(#27,#5705);
#39=CONTEXT_DEPENDENT_SHAPE_REPRESENTATION(#28,#5706);
#40=CONTEXT_DEPENDENT_SHAPE_REPRESENTATION(#29,#5707);
#41=CONTEXT_DEPENDENT_SHAPE_REPRESENTATION(#30,#5708);
#42=CONTEXT_DEPENDENT_SHAPE_REPRESENTATION(#31,#5709);
#43=CONTEXT_DEPENDENT_SHAPE_REPRESENTATION(#32,#5710);
#44=NEXT_ASSEMBLY_USAGE_OCCURRENCE('Component1:1','Component1:1',
'Component1:1',#5724,#5725,'Component1:1');
#45=NEXT_ASSEMBLY_USAGE_OCCURRENCE('Component2:1','Component2:1',
'Component2:1',#5724,#5726,'Component2:1');
#46=NEXT_ASSEMBLY_USAGE_OCCURRENCE('Component3:1','Component3:1',
'Component3:1',#5724,#5727,'Component3:1');
#47=NEXT_ASSEMBLY_USAGE_OCCURRENCE('Component4:1','Component4:1',
'Component4:1',#5724,#5728,'Component4:1');
#48=NEXT_ASSEMBLY_USAGE_OCCURRENCE('Component5:1','Component5:1',
'Component5:1',#5724,#5729,'Component5:1');
#49=NEXT_ASSEMBLY_USAGE_OCCURRENCE('Component6:1','Component6:1',
'Component6:1',#5724,#5730,'Component6:1');
#50=NEXT_ASSEMBLY_USAGE_OCCURRENCE('Component7:1','Component7:1',
'Component7:1',#5724,#5731,'Component7:1');
#51=NEXT_ASSEMBLY_USAGE_OCCURRENCE('Component8:1','Component8:1',
'Component8:1',#5724,#5732,'Component8:1');
#52=NEXT_ASSEMBLY_USAGE_OCCURRENCE('Component9:1','Component9:1',
'Component9:1',#5724,#5733,'Component9:1');
#53=NEXT_ASSEMBLY_USAGE_OCCURRENCE('Component10:1','Component10:1',
'Component10:1',#5724,#5734,'Component10:1');
#54=NEXT_ASSEMBLY_USAGE_OCCURRENCE('Component11:1','Component11:1',
'Component11:1',#5724,#5735,'Component11:1');
#55=B_SPLINE_CURVE_WITH_KNOTS('',3,(#2990,#2991,#2992,#2993,#2994,#2995,
#2996,#2997,#2998,#2999,#3000,#3001,#3002,#3003),.UNSPECIFIED.,.F.,.F.,
(4,2,2,2,2,2,4),(5.46356375940745,5.68516193945279,6.24414874906881,6.80313555868483,
7.36212236830085,7.92110917791687,8.2134595761283),.UNSPECIFIED.);
#56=B_SPLINE_CURVE_WITH_KNOTS('',3,(#3006,#3007,#3008,#3009,#3010,#3011,
#3012,#3013,#3014,#3015,#3016,#3017,#3018,#3019,#3020,#3021,#3022,#3023),
 .UNSPECIFIED.,.F.,.F.,(4,2,2,2,2,2,2,2,4),(1.03816358137285,1.33078615608977,
1.70795983464788,2.08513351320598,2.46230719176409,2.8394808703222,3.1791856284206,
3.51889038651899,3.75769369234277),.UNSPECIFIED.);
#57=B_SPLINE_CURVE_WITH_KNOTS('',3,(#3029,#3030,#3031,#3032,#3033,#3034,
#3035,#3036,#3037,#3038,#3039,#3040,#3041,#3042,#3043,#3044,#3045,#3046),
 .UNSPECIFIED.,.F.,.F.,(4,2,2,2,2,2,2,2,4),(5.49653643954512,5.7353397453689,
6.07504450346729,6.41474926156569,6.7919229401238,7.1690966186819,7.54627029724001,
7.92344397579812,8.21606655051504),.UNSPECIFIED.);
#58=B_SPLINE_CURVE_WITH_KNOTS('',3,(#3049,#3050,#3051,#3052,#3053,#3054,
#3055,#3056,#3057,#3058,#3059,#3060,#3061,#3062),.UNSPECIFIED.,.F.,.F.,
(4,2,2,2,2,2,4),(1.03151915887648,1.32386955708791,1.88285636670393,2.44184317631995,
3.00082998593597,3.55981679555199,3.78141497559732),.UNSPECIFIED.);
#59=B_SPLINE_CURVE_WITH_KNOTS('',3,(#3089,#3090,#3091,#3092,#3093,#3094,
#3095,#3096,#3097,#3098,#3099,#3100,#3101,#3102,#3103,#3104,#3105,#3106),
 .UNSPECIFIED.,.F.,.F.,(4,2,2,2,2,2,2,2,4),(5.49653643954512,5.7353397453689,
6.07504450346729,6.41474926156569,6.7919229401238,7.1690966186819,7.54627029724001,
7.92344397579812,8.21606655051504),.UNSPECIFIED.);
#60=B_SPLINE_CURVE_WITH_KNOTS('',3,(#3107,#3108,#3109,#3110,#3111,#3112,
#3113,#3114,#3115,#3116,#3117,#3118,#3119,#3120),.UNSPECIFIED.,.F.,.F.,
(4,2,2,2,2,2,4),(1.03151915887648,1.32386955708791,1.88285636670393,2.44184317631995,
3.00082998593597,3.55981679555199,3.78141497559732),.UNSPECIFIED.);
#61=B_SPLINE_CURVE_WITH_KNOTS('',3,(#3125,#3126,#3127,#3128,#3129,#3130,
#3131,#3132,#3133,#3134,#3135,#3136,#3137,#3138),.UNSPECIFIED.,.F.,.F.,
(4,2,2,2,2,2,4),(5.46356375940745,5.68516193945279,6.24414874906881,6.80313555868483,
7.36212236830085,7.92110917791687,8.21345957612829),.UNSPECIFIED.);
#62=B_SPLINE_CURVE_WITH_KNOTS('',3,(#3139,#3140,#3141,#3142,#3143,#3144,
#3145,#3146,#3147,#3148,#3149,#3150,#3151,#3152,#3153,#3154,#3155,#3156),
 .UNSPECIFIED.,.F.,.F.,(4,2,2,2,2,2,2,2,4),(1.03816358137284,1.33078615608977,
1.70795983464788,2.08513351320598,2.46230719176409,2.8394808703222,3.17918562842059,
3.51889038651899,3.75769369234276),.UNSPECIFIED.);
#63=B_SPLINE_CURVE_WITH_KNOTS('',3,(#3176,#3177,#3178,#3179,#3180,#3181,
#3182,#3183,#3184,#3185,#3186,#3187,#3188,#3189,#3190,#3191,#3192,#3193),
 .UNSPECIFIED.,.F.,.F.,(4,2,2,2,2,2,2,2,4),(5.49653643954513,5.7353397453689,
6.0750445034673,6.41474926156569,6.7919229401238,7.16909661868191,7.54627029724002,
7.92344397579812,8.21606655051505),.UNSPECIFIED.);
#64=B_SPLINE_CURVE_WITH_KNOTS('',3,(#3194,#3195,#3196,#3197,#3198,#3199,
#3200,#3201,#3202,#3203,#3204,#3205,#3206,#3207),.UNSPECIFIED.,.F.,.F.,
(4,2,2,2,2,2,4),(1.03151915887649,1.32386955708791,1.88285636670393,2.44184317631995,
3.00082998593597,3.55981679555199,3.78141497559732),.UNSPECIFIED.);
#65=B_SPLINE_CURVE_WITH_KNOTS('',3,(#3212,#3213,#3214,#3215,#3216,#3217,
#3218,#3219,#3220,#3221,#3222,#3223,#3224,#3225),.UNSPECIFIED.,.F.,.F.,
(4,2,2,2,2,2,4),(5.46356375940745,5.68516193945278,6.2441487490688,6.80313555868482,
7.36212236830084,7.92110917791686,8.21345957612829),.UNSPECIFIED.);
#66=B_SPLINE_CURVE_WITH_KNOTS('',3,(#3226,#3227,#3228,#3229,#3230,#3231,
#3232,#3233,#3234,#3235,#3236,#3237,#3238,#3239,#3240,#3241,#3242,#3243),
 .UNSPECIFIED.,.F.,.F.,(4,2,2,2,2,2,2,2,4),(1.03816358137284,1.33078615608976,
1.70795983464787,2.08513351320598,2.46230719176409,2.8394808703222,3.17918562842059,
3.51889038651898,3.75769369234275),.UNSPECIFIED.);
#67=B_SPLINE_CURVE_WITH_KNOTS('',3,(#3257,#3258,#3259,#3260,#3261,#3262,
#3263,#3264,#3265,#3266,#3267,#3268,#3269,#3270),.UNSPECIFIED.,.F.,.F.,
(4,2,2,2,2,2,4),(5.46356375940745,5.68516193945278,6.2441487490688,6.80313555868482,
7.36212236830084,7.92110917791686,8.21345957612829),.UNSPECIFIED.);
#68=B_SPLINE_CURVE_WITH_KNOTS('',3,(#3271,#3272,#3273,#3274,#3275,#3276,
#3277,#3278,#3279,#3280,#3281,#3282,#3283,#3284,#3285,#3286,#3287,#3288),
 .UNSPECIFIED.,.F.,.F.,(4,2,2,2,2,2,2,2,4),(1.03816358137284,1.33078615608976,
1.70795983464787,2.08513351320598,2.46230719176408,2.83948087032219,3.17918562842059,
3.51889038651898,3.75769369234275),.UNSPECIFIED.);
#69=B_SPLINE_CURVE_WITH_KNOTS('',3,(#3293,#3294,#3295,#3296,#3297,#3298,
#3299,#3300,#3301,#3302,#3303,#3304,#3305,#3306,#3307,#3308,#3309,#3310),
 .UNSPECIFIED.,.F.,.F.,(4,2,2,2,2,2,2,2,4),(5.49653643954513,5.7353397453689,
6.07504450346729,6.41474926156569,6.7919229401238,7.1690966186819,7.54627029724001,
7.92344397579812,8.21606655051504),.UNSPECIFIED.);
#70=B_SPLINE_CURVE_WITH_KNOTS('',3,(#3311,#3312,#3313,#3314,#3315,#3316,
#3317,#3318,#3319,#3320,#3321,#3322,#3323,#3324),.UNSPECIFIED.,.F.,.F.,
(4,2,2,2,2,2,4),(1.03151915887648,1.32386955708791,1.88285636670393,2.44184317631995,
3.00082998593597,3.55981679555199,3.78141497559732),.UNSPECIFIED.);
#71=B_SPLINE_CURVE_WITH_KNOTS('',3,(#3344,#3345,#3346,#3347,#3348,#3349,
#3350,#3351,#3352,#3353,#3354,#3355,#3356,#3357,#3358,#3359,#3360,#3361),
 .UNSPECIFIED.,.F.,.F.,(4,2,2,2,2,2,2,2,4),(5.49653643954513,5.7353397453689,
6.07504450346729,6.41474926156569,6.7919229401238,7.1690966186819,7.54627029724001,
7.92344397579812,8.21606655051504),.UNSPECIFIED.);
#72=B_SPLINE_CURVE_WITH_KNOTS('',3,(#3362,#3363,#3364,#3365,#3366,#3367,
#3368,#3369,#3370,#3371,#3372,#3373,#3374,#3375),.UNSPECIFIED.,.F.,.F.,
(4,2,2,2,2,2,4),(1.03151915887648,1.32386955708791,1.88285636670393,2.44184317631995,
3.00082998593597,3.55981679555199,3.78141497559732),.UNSPECIFIED.);
#73=B_SPLINE_CURVE_WITH_KNOTS('',3,(#3380,#3381,#3382,#3383,#3384,#3385,
#3386,#3387,#3388,#3389,#3390,#3391,#3392,#3393),.UNSPECIFIED.,.F.,.F.,
(4,2,2,2,2,2,4),(5.46356375940745,5.68516193945278,6.2441487490688,6.80313555868482,
7.36212236830084,7.92110917791686,8.21345957612829),.UNSPECIFIED.);
#74=B_SPLINE_CURVE_WITH_KNOTS('',3,(#3394,#3395,#3396,#3397,#3398,#3399,
#3400,#3401,#3402,#3403,#3404,#3405,#3406,#3407,#3408,#3409,#3410,#3411),
 .UNSPECIFIED.,.F.,.F.,(4,2,2,2,2,2,2,2,4),(1.03816358137284,1.33078615608976,
1.70795983464787,2.08513351320598,2.46230719176408,2.83948087032219,3.17918562842059,
3.51889038651898,3.75769369234276),.UNSPECIFIED.);
#75=B_SPLINE_CURVE_WITH_KNOTS('',3,(#3428,#3429,#3430,#3431,#3432,#3433,
#3434,#3435,#3436,#3437,#3438,#3439,#3440,#3441),.UNSPECIFIED.,.F.,.F.,
(4,2,2,2,2,2,4),(5.46356375940745,5.68516193945278,6.2441487490688,6.80313555868482,
7.36212236830084,7.92110917791686,8.21345957612829),.UNSPECIFIED.);
#76=B_SPLINE_CURVE_WITH_KNOTS('',3,(#3442,#3443,#3444,#3445,#3446,#3447,
#3448,#3449,#3450,#3451,#3452,#3453,#3454,#3455,#3456,#3457,#3458,#3459),
 .UNSPECIFIED.,.F.,.F.,(4,2,2,2,2,2,2,2,4),(1.03816358137284,1.33078615608976,
1.70795983464787,2.08513351320598,2.46230719176409,2.8394808703222,3.17918562842059,
3.51889038651898,3.75769369234276),.UNSPECIFIED.);
#77=B_SPLINE_CURVE_WITH_KNOTS('',3,(#3464,#3465,#3466,#3467,#3468,#3469,
#3470,#3471,#3472,#3473,#3474,#3475,#3476,#3477,#3478,#3479,#3480,#3481),
 .UNSPECIFIED.,.F.,.F.,(4,2,2,2,2,2,2,2,4),(5.49653643954513,5.7353397453689,
6.0750445034673,6.41474926156569,6.7919229401238,7.16909661868191,7.54627029724001,
7.92344397579812,8.21606655051505),.UNSPECIFIED.);
#78=B_SPLINE_CURVE_WITH_KNOTS('',3,(#3482,#3483,#3484,#3485,#3486,#3487,
#3488,#3489,#3490,#3491,#3492,#3493,#3494,#3495),.UNSPECIFIED.,.F.,.F.,
(4,2,2,2,2,2,4),(1.03151915887649,1.32386955708791,1.88285636670393,2.44184317631995,
3.00082998593597,3.55981679555199,3.78141497559732),.UNSPECIFIED.);
#79=B_SPLINE_CURVE_WITH_KNOTS('',3,(#3509,#3510,#3511,#3512,#3513,#3514,
#3515,#3516,#3517,#3518,#3519,#3520,#3521,#3522),.UNSPECIFIED.,.F.,.F.,
(4,2,2,2,2,2,4),(5.46356375940746,5.68516193945279,6.24414874906881,6.80313555868483,
7.36212236830085,7.92110917791687,8.21345957612829),.UNSPECIFIED.);
#80=B_SPLINE_CURVE_WITH_KNOTS('',3,(#3523,#3524,#3525,#3526,#3527,#3528,
#3529,#3530,#3531,#3532,#3533,#3534,#3535,#3536,#3537,#3538,#3539,#3540),
 .UNSPECIFIED.,.F.,.F.,(4,2,2,2,2,2,2,2,4),(1.03816358137284,1.33078615608977,
1.70795983464788,2.08513351320598,2.46230719176409,2.8394808703222,3.17918562842059,
3.51889038651899,3.75769369234275),.UNSPECIFIED.);
#81=B_SPLINE_CURVE_WITH_KNOTS('',3,(#3545,#3546,#3547,#3548,#3549,#3550,
#3551,#3552,#3553,#3554,#3555,#3556,#3557,#3558,#3559,#3560,#3561,#3562),
 .UNSPECIFIED.,.F.,.F.,(4,2,2,2,2,2,2,2,4),(5.49653643954513,5.7353397453689,
6.07504450346729,6.41474926156569,6.7919229401238,7.1690966186819,7.54627029724001,
7.92344397579812,8.21606655051504),.UNSPECIFIED.);
#82=B_SPLINE_CURVE_WITH_KNOTS('',3,(#3563,#3564,#3565,#3566,#3567,#3568,
#3569,#3570,#3571,#3572,#3573,#3574,#3575,#3576),.UNSPECIFIED.,.F.,.F.,
(4,2,2,2,2,2,4),(1.03151915887648,1.32386955708791,1.88285636670393,2.44184317631995,
3.00082998593597,3.55981679555199,3.78141497559732),.UNSPECIFIED.);
#83=B_SPLINE_CURVE_WITH_KNOTS('',3,(#3596,#3597,#3598,#3599,#3600,#3601,
#3602,#3603,#3604,#3605,#3606,#3607,#3608,#3609),.UNSPECIFIED.,.F.,.F.,
(4,2,2,2,2,2,4),(5.46356375940746,5.68516193945279,6.24414874906881,6.80313555868483,
7.36212236830085,7.92110917791687,8.21345957612829),.UNSPECIFIED.);
#84=B_SPLINE_CURVE_WITH_KNOTS('',3,(#3610,#3611,#3612,#3613,#3614,#3615,
#3616,#3617,#3618,#3619,#3620,#3621,#3622,#3623,#3624,#3625,#3626,#3627),
 .UNSPECIFIED.,.F.,.F.,(4,2,2,2,2,2,2,2,4),(1.03816358137285,1.33078615608977,
1.70795983464787,2.08513351320598,2.46230719176409,2.8394808703222,3.1791856284206,
3.51889038651899,3.75769369234276),.UNSPECIFIED.);
#85=B_SPLINE_CURVE_WITH_KNOTS('',3,(#3629,#3630,#3631,#3632,#3633,#3634,
#3635,#3636,#3637,#3638,#3639,#3640,#3641,#3642,#3643,#3644,#3645,#3646),
 .UNSPECIFIED.,.F.,.F.,(4,2,2,2,2,2,2,2,4),(5.49653643954512,5.7353397453689,
6.07504450346729,6.41474926156569,6.7919229401238,7.1690966186819,7.54627029724001,
7.92344397579812,8.21606655051504),.UNSPECIFIED.);
#86=B_SPLINE_CURVE_WITH_KNOTS('',3,(#3647,#3648,#3649,#3650,#3651,#3652,
#3653,#3654,#3655,#3656,#3657,#3658,#3659,#3660),.UNSPECIFIED.,.F.,.F.,
(4,2,2,2,2,2,4),(1.03151915887648,1.32386955708791,1.88285636670393,2.44184317631995,
3.00082998593597,3.55981679555199,3.78141497559732),.UNSPECIFIED.);
#87=B_SPLINE_CURVE_WITH_KNOTS('',3,(#3664,#3665,#3666,#3667,#3668,#3669,
#3670,#3671,#3672,#3673,#3674,#3675,#3676,#3677,#3678,#3679,#3680,#3681,
#3682,#3683,#3684,#3685,#3686,#3687,#3688,#3689,#3690,#3691,#3692,#3693,
#3694,#3695,#3696,#3697,#3698,#3699,#3700,#3701,#3702,#3703,#3704,#3705),
 .UNSPECIFIED.,.F.,.F.,(4,2,2,2,2,2,2,2,2,2,2,2,2,2,2,2,2,2,2,2,4),(1.14266821996361,
1.2877911071689,1.63019524955362,1.97259939193835,2.31500353432307,2.65740767670779,
2.99981181909251,3.30787385326487,3.61593588743724,4.11883828009563,4.62174067275402,
5.12464306541241,5.6275454580708,5.93560749224317,6.24366952641553,6.58607366880025,
6.92847781118497,7.27088195356969,7.61328609595442,7.95569023833914,8.10081312554443),
 .UNSPECIFIED.);
#88=B_SPLINE_CURVE_WITH_KNOTS('',3,(#3709,#3710,#3711,#3712,#3713,#3714,
#3715,#3716,#3717,#3718,#3719,#3720,#3721,#3722,#3723,#3724,#3725,#3726,
#3727,#3728,#3729,#3730,#3731,#3732,#3733,#3734,#3735,#3736,#3737,#3738,
#3739,#3740,#3741,#3742),.UNSPECIFIED.,.F.,.F.,(4,2,2,2,2,2,2,2,2,2,2,2,
2,2,2,2,4),(1.14361842841587,1.22631236169328,1.63508314892438,2.14229126061354,
2.6494993723027,3.15670748399187,3.66391559568103,4.14613531606507,4.6283550364491,
5.11057475683314,5.59279447721718,6.10000258890634,6.60721070059551,7.11441881228467,
7.62162692397383,8.03039771120492,8.11309164448234),.UNSPECIFIED.);
#89=B_SPLINE_CURVE_WITH_KNOTS('',3,(#3747,#3748,#3749,#3750,#3751,#3752,
#3753,#3754,#3755,#3756,#3757,#3758,#3759,#3760,#3761,#3762,#3763,#3764,
#3765,#3766,#3767,#3768,#3769,#3770,#3771,#3772,#3773,#3774,#3775,#3776,
#3777,#3778,#3779,#3780,#3781,#3782,#3783,#3784,#3785,#3786,#3787,#3788),
 .UNSPECIFIED.,.F.,.F.,(4,2,2,2,2,2,2,2,2,2,2,2,2,2,2,2,2,2,2,2,4),(1.14266821996361,
1.2877911071689,1.63019524955363,1.97259939193835,2.31500353432307,2.65740767670779,
2.99981181909251,3.30787385326487,3.61593588743724,4.11883828009563,4.62174067275402,
5.12464306541241,5.6275454580708,5.93560749224317,6.24366952641553,6.58607366880025,
6.92847781118497,7.2708819535697,7.61328609595442,7.95569023833914,8.10081312554443),
 .UNSPECIFIED.);
#90=B_SPLINE_CURVE_WITH_KNOTS('',3,(#3792,#3793,#3794,#3795,#3796,#3797,
#3798,#3799,#3800,#3801,#3802,#3803,#3804,#3805,#3806,#3807,#3808,#3809,
#3810,#3811,#3812,#3813,#3814,#3815,#3816,#3817,#3818,#3819,#3820,#3821,
#3822,#3823,#3824,#3825),.UNSPECIFIED.,.F.,.F.,(4,2,2,2,2,2,2,2,2,2,2,2,
2,2,2,2,4),(1.14361842841587,1.22631236169328,1.63508314892438,2.14229126061354,
2.6494993723027,3.15670748399187,3.66391559568103,4.14613531606507,4.6283550364491,
5.11057475683314,5.59279447721718,6.10000258890634,6.6072107005955,7.11441881228467,
7.62162692397383,8.03039771120492,8.11309164448234),.UNSPECIFIED.);
#91=B_SPLINE_CURVE_WITH_KNOTS('',3,(#3830,#3831,#3832,#3833,#3834,#3835,
#3836,#3837,#3838,#3839,#3840,#3841,#3842,#3843,#3844,#3845,#3846,#3847,
#3848,#3849,#3850,#3851,#3852,#3853,#3854,#3855,#3856,#3857,#3858,#3859,
#3860,#3861,#3862,#3863,#3864,#3865,#3866,#3867,#3868,#3869,#3870,#3871),
 .UNSPECIFIED.,.F.,.F.,(4,2,2,2,2,2,2,2,2,2,2,2,2,2,2,2,2,2,2,2,4),(1.14266821996362,
1.2877911071689,1.63019524955362,1.97259939193835,2.31500353432307,2.65740767670779,
2.99981181909251,3.30787385326487,3.61593588743723,4.11883828009563,4.62174067275402,
5.12464306541241,5.6275454580708,5.93560749224316,6.24366952641553,6.58607366880025,
6.92847781118497,7.27088195356969,7.61328609595441,7.95569023833913,8.10081312554443),
 .UNSPECIFIED.);
#92=B_SPLINE_CURVE_WITH_KNOTS('',3,(#3875,#3876,#3877,#3878,#3879,#3880,
#3881,#3882,#3883,#3884,#3885,#3886,#3887,#3888,#3889,#3890,#3891,#3892,
#3893,#3894,#3895,#3896,#3897,#3898,#3899,#3900,#3901,#3902,#3903,#3904,
#3905,#3906,#3907,#3908),.UNSPECIFIED.,.F.,.F.,(4,2,2,2,2,2,2,2,2,2,2,2,
2,2,2,2,4),(1.14361842841587,1.22631236169328,1.63508314892438,2.14229126061354,
2.6494993723027,3.15670748399187,3.66391559568103,4.14613531606507,4.6283550364491,
5.11057475683314,5.59279447721718,6.10000258890634,6.6072107005955,7.11441881228467,
7.62162692397383,8.03039771120492,8.11309164448234),.UNSPECIFIED.);
#93=B_SPLINE_CURVE_WITH_KNOTS('',3,(#3913,#3914,#3915,#3916,#3917,#3918,
#3919,#3920,#3921,#3922,#3923,#3924,#3925,#3926,#3927,#3928,#3929,#3930,
#3931,#3932,#3933,#3934,#3935,#3936,#3937,#3938,#3939,#3940,#3941,#3942,
#3943,#3944,#3945,#3946),.UNSPECIFIED.,.F.,.F.,(4,2,2,2,2,2,2,2,2,2,2,2,
2,2,2,2,4),(1.14361842841587,1.22631236169329,1.63508314892438,2.14229126061354,
2.64949937230271,3.15670748399187,3.66391559568103,4.14613531606507,4.6283550364491,
5.11057475683314,5.59279447721718,6.10000258890634,6.6072107005955,7.11441881228467,
7.62162692397383,8.03039771120492,8.11309164448235),.UNSPECIFIED.);
#94=B_SPLINE_CURVE_WITH_KNOTS('',3,(#3950,#3951,#3952,#3953,#3954,#3955,
#3956,#3957,#3958,#3959,#3960,#3961,#3962,#3963,#3964,#3965,#3966,#3967,
#3968,#3969,#3970,#3971,#3972,#3973,#3974,#3975,#3976,#3977,#3978,#3979,
#3980,#3981,#3982,#3983,#3984,#3985,#3986,#3987,#3988,#3989,#3990,#3991),
 .UNSPECIFIED.,.F.,.F.,(4,2,2,2,2,2,2,2,2,2,2,2,2,2,2,2,2,2,2,2,4),(1.14266821996361,
1.2877911071689,1.63019524955362,1.97259939193835,2.31500353432307,2.65740767670779,
2.99981181909251,3.30787385326487,3.61593588743723,4.11883828009563,4.62174067275402,
5.12464306541241,5.6275454580708,5.93560749224316,6.24366952641553,6.58607366880025,
6.92847781118497,7.27088195356969,7.61328609595441,7.95569023833913,8.10081312554443),
 .UNSPECIFIED.);
#95=B_SPLINE_CURVE_WITH_KNOTS('',3,(#3996,#3997,#3998,#3999,#4000,#4001,
#4002,#4003,#4004,#4005,#4006,#4007,#4008,#4009,#4010,#4011,#4012,#4013),
 .UNSPECIFIED.,.F.,.F.,(4,2,2,2,2,2,2,2,4),(1.14361842841587,1.22631236169328,
1.63508314892438,2.14229126061354,2.6494993723027,3.15670748399187,3.66391559568103,
4.14613531606507,4.6283550364491),.UNSPECIFIED.);
#96=B_SPLINE_CURVE_WITH_KNOTS('',3,(#4015,#4016,#4017,#4018,#4019,#4020,
#4021,#4022,#4023,#4024,#4025,#4026,#4027,#4028,#4029,#4030,#4031,#4032),
 .UNSPECIFIED.,.F.,.F.,(4,2,2,2,2,2,2,2,4),(4.6283550364491,5.11057475683314,
5.59279447721718,6.10000258890634,6.6072107005955,7.11441881228466,7.62162692397383,
8.03039771120492,8.11309164448234),.UNSPECIFIED.);
#97=B_SPLINE_CURVE_WITH_KNOTS('',3,(#4036,#4037,#4038,#4039,#4040,#4041,
#4042,#4043,#4044,#4045,#4046,#4047,#4048,#4049,#4050,#4051,#4052,#4053,
#4054,#4055,#4056,#4057),.UNSPECIFIED.,.F.,.F.,(4,2,2,2,2,2,2,2,2,2,4),
(1.14266821996362,1.2877911071689,1.63019524955363,1.97259939193835,2.31500353432307,
2.65740767670779,2.99981181909251,3.30787385326487,3.61593588743724,4.11883828009563,
4.62174067275402),.UNSPECIFIED.);
#98=B_SPLINE_CURVE_WITH_KNOTS('',3,(#4059,#4060,#4061,#4062,#4063,#4064,
#4065,#4066,#4067,#4068,#4069,#4070,#4071,#4072,#4073,#4074,#4075,#4076,
#4077,#4078,#4079,#4080),.UNSPECIFIED.,.F.,.F.,(4,2,2,2,2,2,2,2,2,2,4),
(4.62174067275402,5.12464306541241,5.6275454580708,5.93560749224316,6.24366952641553,
6.58607366880025,6.92847781118497,7.27088195356969,7.61328609595441,7.95569023833914,
8.10081312554443),.UNSPECIFIED.);
#99=B_SPLINE_CURVE_WITH_KNOTS('',3,(#4085,#4086,#4087,#4088,#4089,#4090,
#4091,#4092,#4093,#4094,#4095,#4096,#4097,#4098,#4099,#4100,#4101,#4102,
#4103,#4104,#4105,#4106,#4107,#4108,#4109,#4110,#4111,#4112,#4113,#4114,
#4115,#4116,#4117,#4118,#4119,#4120,#4121,#4122,#4123,#4124,#4125,#4126),
 .UNSPECIFIED.,.F.,.F.,(4,2,2,2,2,2,2,2,2,2,2,2,2,2,2,2,2,2,2,2,4),(1.14266821996362,
1.2877911071689,1.63019524955363,1.97259939193835,2.31500353432307,2.65740767670779,
2.99981181909251,3.30787385326487,3.61593588743724,4.11883828009563,4.62174067275402,
5.12464306541241,5.6275454580708,5.93560749224317,6.24366952641553,6.58607366880025,
6.92847781118497,7.27088195356969,7.61328609595441,7.95569023833914,8.10081312554443),
 .UNSPECIFIED.);
#100=B_SPLINE_CURVE_WITH_KNOTS('',3,(#4130,#4131,#4132,#4133,#4134,#4135,
#4136,#4137,#4138,#4139,#4140,#4141,#4142,#4143,#4144,#4145,#4146,#4147,
#4148,#4149,#4150,#4151,#4152,#4153,#4154,#4155,#4156,#4157,#4158,#4159,
#4160,#4161,#4162,#4163),.UNSPECIFIED.,.F.,.F.,(4,2,2,2,2,2,2,2,2,2,2,2,
2,2,2,2,4),(1.14361842841587,1.22631236169328,1.63508314892438,2.14229126061354,
2.6494993723027,3.15670748399187,3.66391559568103,4.14613531606507,4.6283550364491,
5.11057475683314,5.59279447721718,6.10000258890634,6.6072107005955,7.11441881228466,
7.62162692397383,8.03039771120492,8.11309164448234),.UNSPECIFIED.);
#101=B_SPLINE_CURVE_WITH_KNOTS('',3,(#4168,#4169,#4170,#4171,#4172,#4173,
#4174,#4175,#4176,#4177,#4178,#4179,#4180,#4181,#4182,#4183,#4184,#4185,
#4186,#4187,#4188,#4189,#4190,#4191,#4192,#4193,#4194,#4195,#4196,#4197,
#4198,#4199,#4200,#4201,#4202,#4203,#4204,#4205,#4206,#4207,#4208,#4209),
 .UNSPECIFIED.,.F.,.F.,(4,2,2,2,2,2,2,2,2,2,2,2,2,2,2,2,2,2,2,2,4),(1.14266821996361,
1.2877911071689,1.63019524955362,1.97259939193835,2.31500353432307,2.65740767670779,
2.99981181909251,3.30787385326487,3.61593588743724,4.11883828009563,4.62174067275402,
5.12464306541241,5.6275454580708,5.93560749224317,6.24366952641553,6.58607366880025,
6.92847781118497,7.27088195356969,7.61328609595441,7.95569023833913,8.10081312554442),
 .UNSPECIFIED.);
#102=B_SPLINE_CURVE_WITH_KNOTS('',3,(#4213,#4214,#4215,#4216,#4217,#4218,
#4219,#4220,#4221,#4222,#4223,#4224,#4225,#4226,#4227,#4228,#4229,#4230,
#4231,#4232,#4233,#4234,#4235,#4236,#4237,#4238,#4239,#4240,#4241,#4242,
#4243,#4244,#4245,#4246),.UNSPECIFIED.,.F.,.F.,(4,2,2,2,2,2,2,2,2,2,2,2,
2,2,2,2,4),(1.14361842841586,1.22631236169328,1.63508314892438,2.14229126061354,
2.6494993723027,3.15670748399187,3.66391559568103,4.14613531606507,4.6283550364491,
5.11057475683314,5.59279447721718,6.10000258890634,6.6072107005955,7.11441881228467,
7.62162692397383,8.03039771120492,8.11309164448234),.UNSPECIFIED.);
#103=B_SPLINE_CURVE_WITH_KNOTS('',3,(#4251,#4252,#4253,#4254,#4255,#4256,
#4257,#4258,#4259,#4260,#4261,#4262,#4263,#4264,#4265,#4266,#4267,#4268,
#4269,#4270,#4271,#4272,#4273,#4274,#4275,#4276,#4277,#4278,#4279,#4280,
#4281,#4282,#4283,#4284,#4285,#4286,#4287,#4288,#4289,#4290,#4291,#4292),
 .UNSPECIFIED.,.F.,.F.,(4,2,2,2,2,2,2,2,2,2,2,2,2,2,2,2,2,2,2,2,4),(1.14212442007539,
1.28724730728068,1.6296514496654,1.97205559205012,2.31445973443484,2.65686387681956,
2.99926801920428,3.30733005337664,3.615392087549,4.1182944802074,4.62119687286579,
5.12409926552418,5.62700165818258,5.93506369235494,6.2431257265273,6.58552986891202,
6.92793401129674,7.27033815368146,7.61274229606619,7.95514643845091,8.1002693256562),
 .UNSPECIFIED.);
#104=B_SPLINE_CURVE_WITH_KNOTS('',3,(#4296,#4297,#4298,#4299,#4300,#4301,
#4302,#4303,#4304,#4305,#4306,#4307,#4308,#4309,#4310,#4311,#4312,#4313,
#4314,#4315,#4316,#4317,#4318,#4319,#4320,#4321,#4322,#4323,#4324,#4325,
#4326,#4327,#4328,#4329),.UNSPECIFIED.,.F.,.F.,(4,2,2,2,2,2,2,2,2,2,2,2,
2,2,2,2,4),(1.14304988337009,1.22587863710494,1.63450484947325,2.14171296116241,
2.64892107285157,3.15612918454073,3.6633372962299,4.14555701661393,4.62777673699797,
5.10999645738201,5.59221617776604,6.09942428945521,6.60663240114437,7.11384051283353,
7.62104862452269,8.029674836891,8.11250359062585),.UNSPECIFIED.);
#105=B_SPLINE_CURVE_WITH_KNOTS('',3,(#4336,#4337,#4338,#4339,#4340,#4341,
#4342,#4343,#4344,#4345,#4346,#4347,#4348,#4349,#4350,#4351,#4352,#4353),
 .UNSPECIFIED.,.F.,.F.,(4,2,2,2,2,2,2,2,4),(1.03816358137285,1.33078615608977,
1.70795983464788,2.08513351320598,2.46230719176409,2.8394808703222,3.1791856284206,
3.51889038651899,3.75769369234277),.UNSPECIFIED.);
#106=B_SPLINE_CURVE_WITH_KNOTS('',3,(#4356,#4357,#4358,#4359,#4360,#4361,
#4362,#4363,#4364,#4365,#4366,#4367,#4368,#4369),.UNSPECIFIED.,.F.,.F.,
(4,2,2,2,2,2,4),(5.46356375940745,5.68516193945279,6.24414874906881,6.80313555868483,
7.36212236830085,7.92110917791687,8.2134595761283),.UNSPECIFIED.);
#107=B_SPLINE_CURVE_WITH_KNOTS('',3,(#4375,#4376,#4377,#4378,#4379,#4380,
#4381,#4382,#4383,#4384,#4385,#4386,#4387,#4388),.UNSPECIFIED.,.F.,.F.,
(4,2,2,2,2,2,4),(1.03151915887648,1.32386955708791,1.88285636670393,2.44184317631995,
3.00082998593597,3.55981679555199,3.78141497559732),.UNSPECIFIED.);
#108=B_SPLINE_CURVE_WITH_KNOTS('',3,(#4391,#4392,#4393,#4394,#4395,#4396,
#4397,#4398,#4399,#4400,#4401,#4402,#4403,#4404,#4405,#4406,#4407,#4408),
 .UNSPECIFIED.,.F.,.F.,(4,2,2,2,2,2,2,2,4),(5.49653643954512,5.7353397453689,
6.07504450346729,6.41474926156569,6.7919229401238,7.1690966186819,7.54627029724001,
7.92344397579812,8.21606655051504),.UNSPECIFIED.);
#109=B_SPLINE_CURVE_WITH_KNOTS('',3,(#4417,#4418,#4419,#4420,#4421,#4422,
#4423,#4424,#4425,#4426,#4427,#4428,#4429,#4430,#4431,#4432,#4433,#4434),
 .UNSPECIFIED.,.F.,.F.,(4,2,2,2,2,2,2,2,4),(4.6283550364491,5.11057475683314,
5.59279447721718,6.10000258890634,6.6072107005955,7.11441881228466,7.62162692397383,
8.03039771120492,8.11309164448234),.UNSPECIFIED.);
#110=B_SPLINE_CURVE_WITH_KNOTS('',3,(#4436,#4437,#4438,#4439,#4440,#4441,
#4442,#4443,#4444,#4445,#4446,#4447,#4448,#4449,#4450,#4451,#4452,#4453),
 .UNSPECIFIED.,.F.,.F.,(4,2,2,2,2,2,2,2,4),(1.14361842841587,1.22631236169328,
1.63508314892438,2.14229126061354,2.6494993723027,3.15670748399187,3.66391559568103,
4.14613531606507,4.6283550364491),.UNSPECIFIED.);
#111=B_SPLINE_CURVE_WITH_KNOTS('',3,(#4457,#4458,#4459,#4460,#4461,#4462,
#4463,#4464,#4465,#4466,#4467,#4468,#4469,#4470),.UNSPECIFIED.,.F.,.F.,
(4,2,2,2,2,2,4),(5.46356375940745,5.68516193945278,6.2441487490688,6.80313555868482,
7.36212236830084,7.92110917791686,8.21345957612829),.UNSPECIFIED.);
#112=B_SPLINE_CURVE_WITH_KNOTS('',3,(#4474,#4475,#4476,#4477,#4478,#4479,
#4480,#4481,#4482,#4483,#4484,#4485,#4486,#4487),.UNSPECIFIED.,.F.,.F.,
(4,2,2,2,2,2,4),(1.03151915887649,1.32386955708791,1.88285636670393,2.44184317631995,
3.00082998593597,3.55981679555199,3.78141497559732),.UNSPECIFIED.);
#113=B_SPLINE_CURVE_WITH_KNOTS('',3,(#4491,#4492,#4493,#4494,#4495,#4496,
#4497,#4498,#4499,#4500,#4501,#4502,#4503,#4504),.UNSPECIFIED.,.F.,.F.,
(4,2,2,2,2,2,4),(5.46356375940745,5.68516193945278,6.2441487490688,6.80313555868482,
7.36212236830084,7.92110917791686,8.21345957612829),.UNSPECIFIED.);
#114=B_SPLINE_CURVE_WITH_KNOTS('',3,(#4508,#4509,#4510,#4511,#4512,#4513,
#4514,#4515,#4516,#4517,#4518,#4519,#4520,#4521),.UNSPECIFIED.,.F.,.F.,
(4,2,2,2,2,2,4),(1.03151915887648,1.32386955708791,1.88285636670393,2.44184317631995,
3.00082998593597,3.55981679555199,3.78141497559732),.UNSPECIFIED.);
#115=B_SPLINE_CURVE_WITH_KNOTS('',3,(#4525,#4526,#4527,#4528,#4529,#4530,
#4531,#4532,#4533,#4534,#4535,#4536,#4537,#4538),.UNSPECIFIED.,.F.,.F.,
(4,2,2,2,2,2,4),(5.46356375940746,5.68516193945279,6.24414874906881,6.80313555868483,
7.36212236830085,7.92110917791687,8.21345957612829),.UNSPECIFIED.);
#116=B_SPLINE_CURVE_WITH_KNOTS('',3,(#4542,#4543,#4544,#4545,#4546,#4547,
#4548,#4549,#4550,#4551,#4552,#4553,#4554,#4555),.UNSPECIFIED.,.F.,.F.,
(4,2,2,2,2,2,4),(1.03151915887648,1.32386955708791,1.88285636670393,2.44184317631995,
3.00082998593597,3.55981679555199,3.78141497559732),.UNSPECIFIED.);
#117=B_SPLINE_CURVE_WITH_KNOTS('',3,(#4559,#4560,#4561,#4562,#4563,#4564,
#4565,#4566,#4567,#4568,#4569,#4570,#4571,#4572),.UNSPECIFIED.,.F.,.F.,
(4,2,2,2,2,2,4),(5.46356375940745,5.68516193945278,6.2441487490688,6.80313555868482,
7.36212236830084,7.92110917791686,8.21345957612829),.UNSPECIFIED.);
#118=B_SPLINE_CURVE_WITH_KNOTS('',3,(#4576,#4577,#4578,#4579,#4580,#4581,
#4582,#4583,#4584,#4585,#4586,#4587,#4588,#4589),.UNSPECIFIED.,.F.,.F.,
(4,2,2,2,2,2,4),(1.03151915887649,1.32386955708791,1.88285636670393,2.44184317631995,
3.00082998593597,3.55981679555199,3.78141497559732),.UNSPECIFIED.);
#119=B_SPLINE_CURVE_WITH_KNOTS('',3,(#4593,#4594,#4595,#4596,#4597,#4598,
#4599,#4600,#4601,#4602,#4603,#4604,#4605,#4606),.UNSPECIFIED.,.F.,.F.,
(4,2,2,2,2,2,4),(5.46356375940745,5.68516193945279,6.24414874906881,6.80313555868483,
7.36212236830085,7.92110917791687,8.21345957612829),.UNSPECIFIED.);
#120=B_SPLINE_CURVE_WITH_KNOTS('',3,(#4610,#4611,#4612,#4613,#4614,#4615,
#4616,#4617,#4618,#4619,#4620,#4621,#4622,#4623),.UNSPECIFIED.,.F.,.F.,
(4,2,2,2,2,2,4),(1.03151915887648,1.32386955708791,1.88285636670393,2.44184317631995,
3.00082998593597,3.55981679555199,3.78141497559732),.UNSPECIFIED.);
#121=B_SPLINE_CURVE_WITH_KNOTS('',3,(#4627,#4628,#4629,#4630,#4631,#4632,
#4633,#4634,#4635,#4636,#4637,#4638,#4639,#4640),.UNSPECIFIED.,.F.,.F.,
(4,2,2,2,2,2,4),(5.46356375940745,5.68516193945278,6.2441487490688,6.80313555868482,
7.36212236830084,7.92110917791686,8.21345957612829),.UNSPECIFIED.);
#122=B_SPLINE_CURVE_WITH_KNOTS('',3,(#4644,#4645,#4646,#4647,#4648,#4649,
#4650,#4651,#4652,#4653,#4654,#4655,#4656,#4657),.UNSPECIFIED.,.F.,.F.,
(4,2,2,2,2,2,4),(1.03151915887648,1.32386955708791,1.88285636670393,2.44184317631995,
3.00082998593597,3.55981679555199,3.78141497559732),.UNSPECIFIED.);
#123=B_SPLINE_CURVE_WITH_KNOTS('',3,(#4661,#4662,#4663,#4664,#4665,#4666,
#4667,#4668,#4669,#4670,#4671,#4672,#4673,#4674),.UNSPECIFIED.,.F.,.F.,
(4,2,2,2,2,2,4),(5.46356375940746,5.68516193945279,6.24414874906881,6.80313555868483,
7.36212236830085,7.92110917791687,8.21345957612829),.UNSPECIFIED.);
#124=B_SPLINE_CURVE_WITH_KNOTS('',3,(#4678,#4679,#4680,#4681,#4682,#4683,
#4684,#4685,#4686,#4687,#4688,#4689,#4690,#4691),.UNSPECIFIED.,.F.,.F.,
(4,2,2,2,2,2,4),(1.03151915887648,1.32386955708791,1.88285636670393,2.44184317631995,
3.00082998593597,3.55981679555199,3.78141497559732),.UNSPECIFIED.);
#125=B_SPLINE_CURVE_WITH_KNOTS('',3,(#4693,#4694,#4695,#4696,#4697,#4698,
#4699,#4700,#4701,#4702,#4703,#4704,#4705,#4706,#4707,#4708,#4709,#4710,
#4711,#4712,#4713,#4714,#4715,#4716,#4717,#4718,#4719,#4720,#4721,#4722,
#4723,#4724,#4725,#4726),.UNSPECIFIED.,.F.,.F.,(4,2,2,2,2,2,2,2,2,2,2,2,
2,2,2,2,4),(1.14361842841586,1.22631236169328,1.63508314892438,2.14229126061354,
2.6494993723027,3.15670748399187,3.66391559568103,4.14613531606507,4.6283550364491,
5.11057475683314,5.59279447721718,6.10000258890634,6.6072107005955,7.11441881228467,
7.62162692397383,8.03039771120492,8.11309164448234),.UNSPECIFIED.);
#126=B_SPLINE_CURVE_WITH_KNOTS('',3,(#4727,#4728,#4729,#4730,#4731,#4732,
#4733,#4734,#4735,#4736,#4737,#4738,#4739,#4740,#4741,#4742,#4743,#4744,
#4745,#4746,#4747,#4748,#4749,#4750,#4751,#4752,#4753,#4754,#4755,#4756,
#4757,#4758,#4759,#4760),.UNSPECIFIED.,.F.,.F.,(4,2,2,2,2,2,2,2,2,2,2,2,
2,2,2,2,4),(1.14361842841587,1.22631236169328,1.63508314892438,2.14229126061354,
2.6494993723027,3.15670748399187,3.66391559568103,4.14613531606507,4.6283550364491,
5.11057475683314,5.59279447721718,6.10000258890634,6.6072107005955,7.11441881228467,
7.62162692397383,8.03039771120492,8.11309164448234),.UNSPECIFIED.);
#127=B_SPLINE_CURVE_WITH_KNOTS('',3,(#4761,#4762,#4763,#4764,#4765,#4766,
#4767,#4768,#4769,#4770,#4771,#4772,#4773,#4774,#4775,#4776,#4777,#4778,
#4779,#4780,#4781,#4782,#4783,#4784,#4785,#4786,#4787,#4788,#4789,#4790,
#4791,#4792,#4793,#4794),.UNSPECIFIED.,.F.,.F.,(4,2,2,2,2,2,2,2,2,2,2,2,
2,2,2,2,4),(1.14361842841587,1.22631236169329,1.63508314892438,2.14229126061354,
2.64949937230271,3.15670748399187,3.66391559568103,4.14613531606507,4.6283550364491,
5.11057475683314,5.59279447721718,6.10000258890634,6.6072107005955,7.11441881228467,
7.62162692397383,8.03039771120492,8.11309164448235),.UNSPECIFIED.);
#128=B_SPLINE_CURVE_WITH_KNOTS('',3,(#4795,#4796,#4797,#4798,#4799,#4800,
#4801,#4802,#4803,#4804,#4805,#4806,#4807,#4808,#4809,#4810,#4811,#4812,
#4813,#4814,#4815,#4816,#4817,#4818,#4819,#4820,#4821,#4822,#4823,#4824,
#4825,#4826,#4827,#4828),.UNSPECIFIED.,.F.,.F.,(4,2,2,2,2,2,2,2,2,2,2,2,
2,2,2,2,4),(1.14361842841587,1.22631236169328,1.63508314892438,2.14229126061354,
2.6494993723027,3.15670748399187,3.66391559568103,4.14613531606507,4.6283550364491,
5.11057475683314,5.59279447721718,6.10000258890634,6.6072107005955,7.11441881228467,
7.62162692397383,8.03039771120492,8.11309164448234),.UNSPECIFIED.);
#129=B_SPLINE_CURVE_WITH_KNOTS('',3,(#4829,#4830,#4831,#4832,#4833,#4834,
#4835,#4836,#4837,#4838,#4839,#4840,#4841,#4842,#4843,#4844,#4845,#4846,
#4847,#4848,#4849,#4850,#4851,#4852,#4853,#4854,#4855,#4856,#4857,#4858,
#4859,#4860,#4861,#4862),.UNSPECIFIED.,.F.,.F.,(4,2,2,2,2,2,2,2,2,2,2,2,
2,2,2,2,4),(1.14361842841587,1.22631236169328,1.63508314892438,2.14229126061354,
2.6494993723027,3.15670748399187,3.66391559568103,4.14613531606507,4.6283550364491,
5.11057475683314,5.59279447721718,6.10000258890634,6.60721070059551,7.11441881228467,
7.62162692397383,8.03039771120492,8.11309164448234),.UNSPECIFIED.);
#130=B_SPLINE_CURVE_WITH_KNOTS('',3,(#4863,#4864,#4865,#4866,#4867,#4868,
#4869,#4870,#4871,#4872,#4873,#4874,#4875,#4876,#4877,#4878,#4879,#4880,
#4881,#4882,#4883,#4884,#4885,#4886,#4887,#4888,#4889,#4890,#4891,#4892,
#4893,#4894,#4895,#4896),.UNSPECIFIED.,.F.,.F.,(4,2,2,2,2,2,2,2,2,2,2,2,
2,2,2,2,4),(1.14304988337009,1.22587863710494,1.63450484947325,2.14171296116241,
2.64892107285157,3.15612918454073,3.6633372962299,4.14555701661393,4.62777673699797,
5.10999645738201,5.59221617776604,6.09942428945521,6.60663240114437,7.11384051283353,
7.62104862452269,8.029674836891,8.11250359062585),.UNSPECIFIED.);
#131=B_SPLINE_CURVE_WITH_KNOTS('',3,(#4897,#4898,#4899,#4900,#4901,#4902,
#4903,#4904,#4905,#4906,#4907,#4908,#4909,#4910,#4911,#4912,#4913,#4914,
#4915,#4916,#4917,#4918,#4919,#4920,#4921,#4922,#4923,#4924,#4925,#4926,
#4927,#4928,#4929,#4930),.UNSPECIFIED.,.F.,.F.,(4,2,2,2,2,2,2,2,2,2,2,2,
2,2,2,2,4),(1.14361842841587,1.22631236169328,1.63508314892438,2.14229126061354,
2.6494993723027,3.15670748399187,3.66391559568103,4.14613531606507,4.6283550364491,
5.11057475683314,5.59279447721718,6.10000258890634,6.6072107005955,7.11441881228466,
7.62162692397383,8.03039771120492,8.11309164448234),.UNSPECIFIED.);
#132=B_SPLINE_CURVE_WITH_KNOTS('',3,(#4941,#4942,#4943,#4944,#4945,#4946,
#4947,#4948,#4949,#4950,#4951,#4952,#4953,#4954,#4955,#4956,#4957,#4958),
 .UNSPECIFIED.,.F.,.F.,(4,2,2,2,2,2,2,2,4),(5.49653643954513,5.7353397453689,
6.07504450346729,6.41474926156569,6.7919229401238,7.1690966186819,7.54627029724001,
7.92344397579812,8.21606655051504),.UNSPECIFIED.);
#133=B_SPLINE_CURVE_WITH_KNOTS('',3,(#4962,#4963,#4964,#4965,#4966,#4967,
#4968,#4969,#4970,#4971,#4972,#4973,#4974,#4975,#4976,#4977,#4978,#4979),
 .UNSPECIFIED.,.F.,.F.,(4,2,2,2,2,2,2,2,4),(1.03816358137284,1.33078615608977,
1.70795983464788,2.08513351320598,2.46230719176409,2.8394808703222,3.17918562842059,
3.51889038651899,3.75769369234275),.UNSPECIFIED.);
#134=B_SPLINE_CURVE_WITH_KNOTS('',3,(#4983,#4984,#4985,#4986,#4987,#4988,
#4989,#4990,#4991,#4992,#4993,#4994,#4995,#4996,#4997,#4998,#4999,#5000),
 .UNSPECIFIED.,.F.,.F.,(4,2,2,2,2,2,2,2,4),(5.49653643954513,5.7353397453689,
6.07504450346729,6.41474926156569,6.7919229401238,7.1690966186819,7.54627029724001,
7.92344397579812,8.21606655051504),.UNSPECIFIED.);
#135=B_SPLINE_CURVE_WITH_KNOTS('',3,(#5004,#5005,#5006,#5007,#5008,#5009,
#5010,#5011,#5012,#5013,#5014,#5015,#5016,#5017,#5018,#5019,#5020,#5021),
 .UNSPECIFIED.,.F.,.F.,(4,2,2,2,2,2,2,2,4),(1.03816358137284,1.33078615608976,
1.70795983464787,2.08513351320598,2.46230719176408,2.83948087032219,3.17918562842059,
3.51889038651898,3.75769369234275),.UNSPECIFIED.);
#136=B_SPLINE_CURVE_WITH_KNOTS('',3,(#5025,#5026,#5027,#5028,#5029,#5030,
#5031,#5032,#5033,#5034,#5035,#5036,#5037,#5038,#5039,#5040,#5041,#5042),
 .UNSPECIFIED.,.F.,.F.,(4,2,2,2,2,2,2,2,4),(5.49653643954512,5.7353397453689,
6.07504450346729,6.41474926156569,6.7919229401238,7.1690966186819,7.54627029724001,
7.92344397579812,8.21606655051504),.UNSPECIFIED.);
#137=B_SPLINE_CURVE_WITH_KNOTS('',3,(#5046,#5047,#5048,#5049,#5050,#5051,
#5052,#5053,#5054,#5055,#5056,#5057,#5058,#5059,#5060,#5061,#5062,#5063),
 .UNSPECIFIED.,.F.,.F.,(4,2,2,2,2,2,2,2,4),(1.03816358137284,1.33078615608977,
1.70795983464788,2.08513351320598,2.46230719176409,2.8394808703222,3.17918562842059,
3.51889038651899,3.75769369234276),.UNSPECIFIED.);
#138=B_SPLINE_CURVE_WITH_KNOTS('',3,(#5067,#5068,#5069,#5070,#5071,#5072,
#5073,#5074,#5075,#5076,#5077,#5078,#5079,#5080,#5081,#5082,#5083,#5084),
 .UNSPECIFIED.,.F.,.F.,(4,2,2,2,2,2,2,2,4),(5.49653643954513,5.7353397453689,
6.0750445034673,6.41474926156569,6.7919229401238,7.16909661868191,7.54627029724002,
7.92344397579812,8.21606655051505),.UNSPECIFIED.);
#139=B_SPLINE_CURVE_WITH_KNOTS('',3,(#5088,#5089,#5090,#5091,#5092,#5093,
#5094,#5095,#5096,#5097,#5098,#5099,#5100,#5101,#5102,#5103,#5104,#5105),
 .UNSPECIFIED.,.F.,.F.,(4,2,2,2,2,2,2,2,4),(1.03816358137284,1.33078615608976,
1.70795983464787,2.08513351320598,2.46230719176409,2.8394808703222,3.17918562842059,
3.51889038651898,3.75769369234275),.UNSPECIFIED.);
#140=B_SPLINE_CURVE_WITH_KNOTS('',3,(#5109,#5110,#5111,#5112,#5113,#5114,
#5115,#5116,#5117,#5118,#5119,#5120,#5121,#5122,#5123,#5124,#5125,#5126),
 .UNSPECIFIED.,.F.,.F.,(4,2,2,2,2,2,2,2,4),(5.49653643954512,5.7353397453689,
6.07504450346729,6.41474926156569,6.7919229401238,7.1690966186819,7.54627029724001,
7.92344397579812,8.21606655051504),.UNSPECIFIED.);
#141=B_SPLINE_CURVE_WITH_KNOTS('',3,(#5130,#5131,#5132,#5133,#5134,#5135,
#5136,#5137,#5138,#5139,#5140,#5141,#5142,#5143,#5144,#5145,#5146,#5147),
 .UNSPECIFIED.,.F.,.F.,(4,2,2,2,2,2,2,2,4),(1.03816358137285,1.33078615608977,
1.70795983464787,2.08513351320598,2.46230719176409,2.8394808703222,3.1791856284206,
3.51889038651899,3.75769369234276),.UNSPECIFIED.);
#142=B_SPLINE_CURVE_WITH_KNOTS('',3,(#5151,#5152,#5153,#5154,#5155,#5156,
#5157,#5158,#5159,#5160,#5161,#5162,#5163,#5164,#5165,#5166,#5167,#5168),
 .UNSPECIFIED.,.F.,.F.,(4,2,2,2,2,2,2,2,4),(5.49653643954513,5.7353397453689,
6.07504450346729,6.41474926156569,6.7919229401238,7.1690966186819,7.54627029724001,
7.92344397579812,8.21606655051504),.UNSPECIFIED.);
#143=B_SPLINE_CURVE_WITH_KNOTS('',3,(#5172,#5173,#5174,#5175,#5176,#5177,
#5178,#5179,#5180,#5181,#5182,#5183,#5184,#5185,#5186,#5187,#5188,#5189),
 .UNSPECIFIED.,.F.,.F.,(4,2,2,2,2,2,2,2,4),(1.03816358137284,1.33078615608976,
1.70795983464787,2.08513351320598,2.46230719176408,2.83948087032219,3.17918562842059,
3.51889038651898,3.75769369234276),.UNSPECIFIED.);
#144=B_SPLINE_CURVE_WITH_KNOTS('',3,(#5193,#5194,#5195,#5196,#5197,#5198,
#5199,#5200,#5201,#5202,#5203,#5204,#5205,#5206,#5207,#5208,#5209,#5210),
 .UNSPECIFIED.,.F.,.F.,(4,2,2,2,2,2,2,2,4),(5.49653643954513,5.7353397453689,
6.0750445034673,6.41474926156569,6.7919229401238,7.16909661868191,7.54627029724001,
7.92344397579812,8.21606655051505),.UNSPECIFIED.);
#145=B_SPLINE_CURVE_WITH_KNOTS('',3,(#5213,#5214,#5215,#5216,#5217,#5218,
#5219,#5220,#5221,#5222,#5223,#5224,#5225,#5226,#5227,#5228,#5229,#5230),
 .UNSPECIFIED.,.F.,.F.,(4,2,2,2,2,2,2,2,4),(1.03816358137284,1.33078615608976,
1.70795983464787,2.08513351320598,2.46230719176409,2.8394808703222,3.17918562842059,
3.51889038651898,3.75769369234276),.UNSPECIFIED.);
#146=B_SPLINE_CURVE_WITH_KNOTS('',3,(#5233,#5234,#5235,#5236,#5237,#5238,
#5239,#5240,#5241,#5242,#5243,#5244,#5245,#5246,#5247,#5248,#5249,#5250,
#5251,#5252,#5253,#5254),.UNSPECIFIED.,.F.,.F.,(4,2,2,2,2,2,2,2,2,2,4),
(4.62174067275402,5.12464306541241,5.6275454580708,5.93560749224316,6.24366952641553,
6.58607366880025,6.92847781118497,7.27088195356969,7.61328609595441,7.95569023833914,
8.10081312554443),.UNSPECIFIED.);
#147=B_SPLINE_CURVE_WITH_KNOTS('',3,(#5256,#5257,#5258,#5259,#5260,#5261,
#5262,#5263,#5264,#5265,#5266,#5267,#5268,#5269,#5270,#5271,#5272,#5273,
#5274,#5275,#5276,#5277),.UNSPECIFIED.,.F.,.F.,(4,2,2,2,2,2,2,2,2,2,4),
(1.14266821996362,1.2877911071689,1.63019524955363,1.97259939193835,2.31500353432307,
2.65740767670779,2.99981181909251,3.30787385326487,3.61593588743724,4.11883828009563,
4.62174067275402),.UNSPECIFIED.);
#148=B_SPLINE_CURVE_WITH_KNOTS('',3,(#5278,#5279,#5280,#5281,#5282,#5283,
#5284,#5285,#5286,#5287,#5288,#5289,#5290,#5291,#5292,#5293,#5294,#5295,
#5296,#5297,#5298,#5299,#5300,#5301,#5302,#5303,#5304,#5305,#5306,#5307,
#5308,#5309,#5310,#5311,#5312,#5313,#5314,#5315,#5316,#5317,#5318,#5319),
 .UNSPECIFIED.,.F.,.F.,(4,2,2,2,2,2,2,2,2,2,2,2,2,2,2,2,2,2,2,2,4),(1.14266821996361,
1.2877911071689,1.63019524955362,1.97259939193835,2.31500353432307,2.65740767670779,
2.99981181909251,3.30787385326487,3.61593588743724,4.11883828009563,4.62174067275402,
5.12464306541241,5.6275454580708,5.93560749224317,6.24366952641553,6.58607366880025,
6.92847781118497,7.27088195356969,7.61328609595442,7.95569023833914,8.10081312554443),
 .UNSPECIFIED.);
#149=B_SPLINE_CURVE_WITH_KNOTS('',3,(#5320,#5321,#5322,#5323,#5324,#5325,
#5326,#5327,#5328,#5329,#5330,#5331,#5332,#5333,#5334,#5335,#5336,#5337,
#5338,#5339,#5340,#5341,#5342,#5343,#5344,#5345,#5346,#5347,#5348,#5349,
#5350,#5351,#5352,#5353,#5354,#5355,#5356,#5357,#5358,#5359,#5360,#5361),
 .UNSPECIFIED.,.F.,.F.,(4,2,2,2,2,2,2,2,2,2,2,2,2,2,2,2,2,2,2,2,4),(1.14266821996361,
1.2877911071689,1.63019524955363,1.97259939193835,2.31500353432307,2.65740767670779,
2.99981181909251,3.30787385326487,3.61593588743724,4.11883828009563,4.62174067275402,
5.12464306541241,5.6275454580708,5.93560749224317,6.24366952641553,6.58607366880025,
6.92847781118497,7.2708819535697,7.61328609595442,7.95569023833914,8.10081312554443),
 .UNSPECIFIED.);
#150=B_SPLINE_CURVE_WITH_KNOTS('',3,(#5362,#5363,#5364,#5365,#5366,#5367,
#5368,#5369,#5370,#5371,#5372,#5373,#5374,#5375,#5376,#5377,#5378,#5379,
#5380,#5381,#5382,#5383,#5384,#5385,#5386,#5387,#5388,#5389,#5390,#5391,
#5392,#5393,#5394,#5395,#5396,#5397,#5398,#5399,#5400,#5401,#5402,#5403),
 .UNSPECIFIED.,.F.,.F.,(4,2,2,2,2,2,2,2,2,2,2,2,2,2,2,2,2,2,2,2,4),(1.14266821996362,
1.2877911071689,1.63019524955362,1.97259939193835,2.31500353432307,2.65740767670779,
2.99981181909251,3.30787385326487,3.61593588743723,4.11883828009563,4.62174067275402,
5.12464306541241,5.6275454580708,5.93560749224316,6.24366952641553,6.58607366880025,
6.92847781118497,7.27088195356969,7.61328609595441,7.95569023833913,8.10081312554443),
 .UNSPECIFIED.);
#151=B_SPLINE_CURVE_WITH_KNOTS('',3,(#5404,#5405,#5406,#5407,#5408,#5409,
#5410,#5411,#5412,#5413,#5414,#5415,#5416,#5417,#5418,#5419,#5420,#5421,
#5422,#5423,#5424,#5425,#5426,#5427,#5428,#5429,#5430,#5431,#5432,#5433,
#5434,#5435,#5436,#5437,#5438,#5439,#5440,#5441,#5442,#5443,#5444,#5445),
 .UNSPECIFIED.,.F.,.F.,(4,2,2,2,2,2,2,2,2,2,2,2,2,2,2,2,2,2,2,2,4),(1.14266821996362,
1.2877911071689,1.63019524955363,1.97259939193835,2.31500353432307,2.65740767670779,
2.99981181909251,3.30787385326487,3.61593588743724,4.11883828009563,4.62174067275402,
5.12464306541241,5.6275454580708,5.93560749224317,6.24366952641553,6.58607366880025,
6.92847781118497,7.27088195356969,7.61328609595441,7.95569023833914,8.10081312554443),
 .UNSPECIFIED.);
#152=B_SPLINE_CURVE_WITH_KNOTS('',3,(#5446,#5447,#5448,#5449,#5450,#5451,
#5452,#5453,#5454,#5455,#5456,#5457,#5458,#5459,#5460,#5461,#5462,#5463,
#5464,#5465,#5466,#5467,#5468,#5469,#5470,#5471,#5472,#5473,#5474,#5475,
#5476,#5477,#5478,#5479,#5480,#5481,#5482,#5483,#5484,#5485,#5486,#5487),
 .UNSPECIFIED.,.F.,.F.,(4,2,2,2,2,2,2,2,2,2,2,2,2,2,2,2,2,2,2,2,4),(1.14266821996361,
1.2877911071689,1.63019524955362,1.97259939193835,2.31500353432307,2.65740767670779,
2.99981181909251,3.30787385326487,3.61593588743724,4.11883828009563,4.62174067275402,
5.12464306541241,5.6275454580708,5.93560749224317,6.24366952641553,6.58607366880025,
6.92847781118497,7.27088195356969,7.61328609595441,7.95569023833913,8.10081312554442),
 .UNSPECIFIED.);
#153=B_SPLINE_CURVE_WITH_KNOTS('',3,(#5488,#5489,#5490,#5491,#5492,#5493,
#5494,#5495,#5496,#5497,#5498,#5499,#5500,#5501,#5502,#5503,#5504,#5505,
#5506,#5507,#5508,#5509,#5510,#5511,#5512,#5513,#5514,#5515,#5516,#5517,
#5518,#5519,#5520,#5521,#5522,#5523,#5524,#5525,#5526,#5527,#5528,#5529),
 .UNSPECIFIED.,.F.,.F.,(4,2,2,2,2,2,2,2,2,2,2,2,2,2,2,2,2,2,2,2,4),(1.14266821996361,
1.2877911071689,1.63019524955362,1.97259939193835,2.31500353432307,2.65740767670779,
2.99981181909251,3.30787385326487,3.61593588743723,4.11883828009563,4.62174067275402,
5.12464306541241,5.6275454580708,5.93560749224316,6.24366952641553,6.58607366880025,
6.92847781118497,7.27088195356969,7.61328609595441,7.95569023833913,8.10081312554443),
 .UNSPECIFIED.);
#154=B_SPLINE_CURVE_WITH_KNOTS('',3,(#5530,#5531,#5532,#5533,#5534,#5535,
#5536,#5537,#5538,#5539,#5540,#5541,#5542,#5543,#5544,#5545,#5546,#5547,
#5548,#5549,#5550,#5551,#5552,#5553,#5554,#5555,#5556,#5557,#5558,#5559,
#5560,#5561,#5562,#5563,#5564,#5565,#5566,#5567,#5568,#5569,#5570,#5571),
 .UNSPECIFIED.,.F.,.F.,(4,2,2,2,2,2,2,2,2,2,2,2,2,2,2,2,2,2,2,2,4),(1.14212442007539,
1.28724730728068,1.6296514496654,1.97205559205012,2.31445973443484,2.65686387681956,
2.99926801920428,3.30733005337664,3.615392087549,4.1182944802074,4.62119687286579,
5.12409926552418,5.62700165818258,5.93506369235494,6.2431257265273,6.58552986891202,
6.92793401129674,7.27033815368146,7.61274229606619,7.95514643845091,8.1002693256562),
 .UNSPECIFIED.);
#155=SPHERICAL_SURFACE('',#2032,20.);
#156=SPHERICAL_SURFACE('',#2035,20.);
#157=SPHERICAL_SURFACE('',#2038,20.);
#158=SPHERICAL_SURFACE('',#2041,20.);
#159=SPHERICAL_SURFACE('',#2044,20.);
#160=SPHERICAL_SURFACE('',#2047,20.);
#161=SPHERICAL_SURFACE('',#2050,20.);
#162=SPHERICAL_SURFACE('',#2053,20.);
#163=SPHERICAL_SURFACE('',#2056,22.);
#164=SPHERICAL_SURFACE('',#2059,22.);
#165=SPHERICAL_SURFACE('',#2076,22.);
#166=SPHERICAL_SURFACE('',#2078,22.);
#167=SPHERICAL_SURFACE('',#2089,22.);
#168=SPHERICAL_SURFACE('',#2091,22.);
#169=SPHERICAL_SURFACE('',#2101,22.);
#170=SPHERICAL_SURFACE('',#2102,22.);
#171=SPHERICAL_SURFACE('',#2113,22.);
#172=SPHERICAL_SURFACE('',#2115,22.);
#173=SPHERICAL_SURFACE('',#2126,22.);
#174=SPHERICAL_SURFACE('',#2127,22.);
#175=SPHERICAL_SURFACE('',#2137,22.);
#176=SPHERICAL_SURFACE('',#2138,22.);
#177=SPHERICAL_SURFACE('',#2152,22.);
#178=SPHERICAL_SURFACE('',#2153,22.);
#179=SPHERICAL_SURFACE('',#2154,20.);
#180=SPHERICAL_SURFACE('',#2157,20.);
#181=SPHERICAL_SURFACE('',#2160,20.);
#182=SPHERICAL_SURFACE('',#2163,20.);
#183=SPHERICAL_SURFACE('',#2166,20.);
#184=SPHERICAL_SURFACE('',#2169,20.);
#185=SPHERICAL_SURFACE('',#2172,20.);
#186=SPHERICAL_SURFACE('',#2175,20.);
#187=SPHERICAL_SURFACE('',#2178,22.);
#188=SPHERICAL_SURFACE('',#2181,22.);
#189=SPHERICAL_SURFACE('',#2226,22.);
#190=SPHERICAL_SURFACE('',#2228,22.);
#191=SPHERICAL_SURFACE('',#2235,22.);
#192=SPHERICAL_SURFACE('',#2237,22.);
#193=SPHERICAL_SURFACE('',#2243,22.);
#194=SPHERICAL_SURFACE('',#2244,22.);
#195=SPHERICAL_SURFACE('',#2251,22.);
#196=SPHERICAL_SURFACE('',#2253,22.);
#197=SPHERICAL_SURFACE('',#2260,22.);
#198=SPHERICAL_SURFACE('',#2261,22.);
#199=SPHERICAL_SURFACE('',#2267,22.);
#200=SPHERICAL_SURFACE('',#2268,22.);
#201=SPHERICAL_SURFACE('',#2276,22.);
#202=SPHERICAL_SURFACE('',#2277,22.);
#203=SPHERICAL_SURFACE('',#2278,20.);
#204=SPHERICAL_SURFACE('',#2279,20.);
#205=SPHERICAL_SURFACE('',#2280,20.);
#206=SPHERICAL_SURFACE('',#2281,20.);
#207=SPHERICAL_SURFACE('',#2282,20.);
#208=SPHERICAL_SURFACE('',#2283,20.);
#209=SPHERICAL_SURFACE('',#2284,20.);
#210=SPHERICAL_SURFACE('',#2285,20.);
#211=SHAPE_REPRESENTATION_RELATIONSHIP('SRR','None',#5712,#222);
#212=SHAPE_REPRESENTATION_RELATIONSHIP('SRR','None',#5713,#223);
#213=SHAPE_REPRESENTATION_RELATIONSHIP('SRR','None',#5714,#224);
#214=SHAPE_REPRESENTATION_RELATIONSHIP('SRR','None',#5715,#225);
#215=SHAPE_REPRESENTATION_RELATIONSHIP('SRR','None',#5716,#226);
#216=SHAPE_REPRESENTATION_RELATIONSHIP('SRR','None',#5717,#227);
#217=SHAPE_REPRESENTATION_RELATIONSHIP('SRR','None',#5718,#228);
#218=SHAPE_REPRESENTATION_RELATIONSHIP('SRR','None',#5719,#229);
#219=SHAPE_REPRESENTATION_RELATIONSHIP('SRR','None',#5720,#230);
#220=SHAPE_REPRESENTATION_RELATIONSHIP('SRR','None',#5721,#231);
#221=SHAPE_REPRESENTATION_RELATIONSHIP('SRR','None',#5722,#232);
#222=ADVANCED_BREP_SHAPE_REPRESENTATION('',(#244),#5660);
#223=ADVANCED_BREP_SHAPE_REPRESENTATION('',(#245),#5661);
#224=ADVANCED_BREP_SHAPE_REPRESENTATION('',(#246),#5662);
#225=ADVANCED_BREP_SHAPE_REPRESENTATION('',(#247),#5663);
#226=ADVANCED_BREP_SHAPE_REPRESENTATION('',(#248),#5664);
#227=ADVANCED_BREP_SHAPE_REPRESENTATION('',(#249),#5665);
#228=ADVANCED_BREP_SHAPE_REPRESENTATION('',(#250),#5666);
#229=ADVANCED_BREP_SHAPE_REPRESENTATION('',(#251),#5667);
#230=ADVANCED_BREP_SHAPE_REPRESENTATION('',(#252),#5668);
#231=ADVANCED_BREP_SHAPE_REPRESENTATION('',(#253),#5669);
#232=ADVANCED_BREP_SHAPE_REPRESENTATION('',(#254),#5670);
#233=STYLED_ITEM('',(#5776),#244);
#234=STYLED_ITEM('',(#5776),#245);
#235=STYLED_ITEM('',(#5775),#246);
#236=STYLED_ITEM('',(#5775),#247);
#237=STYLED_ITEM('',(#5775),#248);
#238=STYLED_ITEM('',(#5775),#249);
#239=STYLED_ITEM('',(#5775),#250);
#240=STYLED_ITEM('',(#5775),#251);
#241=STYLED_ITEM('',(#5775),#252);
#242=STYLED_ITEM('',(#5775),#253);
#243=STYLED_ITEM('',(#5777),#254);
#244=MANIFOLD_SOLID_BREP('Body1',#1869);
#245=MANIFOLD_SOLID_BREP('Body1',#1870);
#246=MANIFOLD_SOLID_BREP('Body1',#1871);
#247=MANIFOLD_SOLID_BREP('Body1',#1872);
#248=MANIFOLD_SOLID_BREP('Body1',#1873);
#249=MANIFOLD_SOLID_BREP('Body1',#1874);
#250=MANIFOLD_SOLID_BREP('Body1',#1875);
#251=MANIFOLD_SOLID_BREP('Body1',#1876);
#252=MANIFOLD_SOLID_BREP('Body1',#1877);
#253=MANIFOLD_SOLID_BREP('Body1',#1878);
#254=MANIFOLD_SOLID_BREP('Body1',#1879);
#255=FACE_BOUND('',#442,.T.);
#256=FACE_BOUND('',#445,.T.);
#257=FACE_BOUND('',#450,.T.);
#258=FACE_BOUND('',#453,.T.);
#259=FACE_BOUND('',#507,.T.);
#260=FACE_BOUND('',#508,.T.);
#261=FACE_BOUND('',#509,.T.);
#262=FACE_BOUND('',#510,.T.);
#263=FACE_BOUND('',#511,.T.);
#264=FACE_BOUND('',#512,.T.);
#265=FACE_BOUND('',#513,.T.);
#266=FACE_BOUND('',#516,.T.);
#267=FACE_BOUND('',#517,.T.);
#268=FACE_BOUND('',#518,.T.);
#269=FACE_BOUND('',#519,.T.);
#270=FACE_BOUND('',#520,.T.);
#271=FACE_BOUND('',#521,.T.);
#272=FACE_BOUND('',#522,.T.);
#273=PLANE('',#2010);
#274=PLANE('',#2014);
#275=PLANE('',#2024);
#276=PLANE('',#2028);
#277=PLANE('',#2062);
#278=PLANE('',#2065);
#279=PLANE('',#2071);
#280=PLANE('',#2080);
#281=PLANE('',#2084);
#282=PLANE('',#2093);
#283=PLANE('',#2096);
#284=PLANE('',#2104);
#285=PLANE('',#2108);
#286=PLANE('',#2117);
#287=PLANE('',#2121);
#288=PLANE('',#2129);
#289=PLANE('',#2132);
#290=PLANE('',#2140);
#291=PLANE('',#2143);
#292=PLANE('',#2147);
#293=PLANE('',#2184);
#294=PLANE('',#2204);
#295=PLANE('',#2223);
#296=PLANE('',#2230);
#297=PLANE('',#2232);
#298=PLANE('',#2239);
#299=PLANE('',#2240);
#300=PLANE('',#2246);
#301=PLANE('',#2248);
#302=PLANE('',#2255);
#303=PLANE('',#2257);
#304=PLANE('',#2263);
#305=PLANE('',#2264);
#306=PLANE('',#2270);
#307=PLANE('',#2271);
#308=PLANE('',#2273);
#309=LINE('',#2907,#319);
#310=LINE('',#2915,#320);
#311=LINE('',#2920,#321);
#312=LINE('',#2931,#322);
#313=LINE('',#2937,#323);
#314=LINE('',#2943,#324);
#315=LINE('',#4416,#325);
#316=LINE('',#4435,#326);
#317=LINE('',#5232,#327);
#318=LINE('',#5255,#328);
#319=VECTOR('',#2311,80.);
#320=VECTOR('',#2322,100.);
#321=VECTOR('',#2329,80.);
#322=VECTOR('',#2344,60.);
#323=VECTOR('',#2351,40.);
#324=VECTOR('',#2360,60.);
#325=VECTOR('',#2677,67.5);
#326=VECTOR('',#2678,67.5);
#327=VECTOR('',#2747,72.5);
#328=VECTOR('',#2748,72.5);
#329=CYLINDRICAL_SURFACE('',#2008,80.);
#330=CYLINDRICAL_SURFACE('',#2012,100.);
#331=CYLINDRICAL_SURFACE('',#2016,80.);
#332=CYLINDRICAL_SURFACE('',#2022,60.);
#333=CYLINDRICAL_SURFACE('',#2026,40.);
#334=CYLINDRICAL_SURFACE('',#2030,60.);
#335=CYLINDRICAL_SURFACE('',#2187,67.5);
#336=CYLINDRICAL_SURFACE('',#2208,72.5);
#337=FACE_OUTER_BOUND('',#439,.T.);
#338=FACE_OUTER_BOUND('',#440,.T.);
#339=FACE_OUTER_BOUND('',#441,.T.);
#340=FACE_OUTER_BOUND('',#443,.T.);
#341=FACE_OUTER_BOUND('',#444,.T.);
#342=FACE_OUTER_BOUND('',#446,.T.);
#343=FACE_OUTER_BOUND('',#447,.T.);
#344=FACE_OUTER_BOUND('',#448,.T.);
#345=FACE_OUTER_BOUND('',#449,.T.);
#346=FACE_OUTER_BOUND('',#451,.T.);
#347=FACE_OUTER_BOUND('',#452,.T.);
#348=FACE_OUTER_BOUND('',#454,.T.);
#349=FACE_OUTER_BOUND('',#455,.T.);
#350=FACE_OUTER_BOUND('',#456,.T.);
#351=FACE_OUTER_BOUND('',#457,.T.);
#352=FACE_OUTER_BOUND('',#458,.T.);
#353=FACE_OUTER_BOUND('',#459,.T.);
#354=FACE_OUTER_BOUND('',#460,.T.);
#355=FACE_OUTER_BOUND('',#461,.T.);
#356=FACE_OUTER_BOUND('',#462,.T.);
#357=FACE_OUTER_BOUND('',#463,.T.);
#358=FACE_OUTER_BOUND('',#464,.T.);
#359=FACE_OUTER_BOUND('',#465,.T.);
#360=FACE_OUTER_BOUND('',#466,.T.);
#361=FACE_OUTER_BOUND('',#467,.T.);
#362=FACE_OUTER_BOUND('',#468,.T.);
#363=FACE_OUTER_BOUND('',#469,.T.);
#364=FACE_OUTER_BOUND('',#470,.T.);
#365=FACE_OUTER_BOUND('',#471,.T.);
#366=FACE_OUTER_BOUND('',#472,.T.);
#367=FACE_OUTER_BOUND('',#473,.T.);
#368=FACE_OUTER_BOUND('',#474,.T.);
#369=FACE_OUTER_BOUND('',#475,.T.);
#370=FACE_OUTER_BOUND('',#476,.T.);
#371=FACE_OUTER_BOUND('',#477,.T.);
#372=FACE_OUTER_BOUND('',#478,.T.);
#373=FACE_OUTER_BOUND('',#479,.T.);
#374=FACE_OUTER_BOUND('',#480,.T.);
#375=FACE_OUTER_BOUND('',#481,.T.);
#376=FACE_OUTER_BOUND('',#482,.T.);
#377=FACE_OUTER_BOUND('',#483,.T.);
#378=FACE_OUTER_BOUND('',#484,.T.);
#379=FACE_OUTER_BOUND('',#485,.T.);
#380=FACE_OUTER_BOUND('',#486,.T.);
#381=FACE_OUTER_BOUND('',#487,.T.);
#382=FACE_OUTER_BOUND('',#488,.T.);
#383=FACE_OUTER_BOUND('',#489,.T.);
#384=FACE_OUTER_BOUND('',#490,.T.);
#385=FACE_OUTER_BOUND('',#491,.T.);
#386=FACE_OUTER_BOUND('',#492,.T.);
#387=FACE_OUTER_BOUND('',#493,.T.);
#388=FACE_OUTER_BOUND('',#494,.T.);
#389=FACE_OUTER_BOUND('',#495,.T.);
#390=FACE_OUTER_BOUND('',#496,.T.);
#391=FACE_OUTER_BOUND('',#497,.T.);
#392=FACE_OUTER_BOUND('',#498,.T.);
#393=FACE_OUTER_BOUND('',#499,.T.);
#394=FACE_OUTER_BOUND('',#500,.T.);
#395=FACE_OUTER_BOUND('',#501,.T.);
#396=FACE_OUTER_BOUND('',#502,.T.);
#397=FACE_OUTER_BOUND('',#503,.T.);
#398=FACE_OUTER_BOUND('',#504,.T.);
#399=FACE_OUTER_BOUND('',#505,.T.);
#400=FACE_OUTER_BOUND('',#506,.T.);
#401=FACE_OUTER_BOUND('',#514,.T.);
#402=FACE_OUTER_BOUND('',#515,.T.);
#403=FACE_OUTER_BOUND('',#523,.T.);
#404=FACE_OUTER_BOUND('',#524,.T.);
#405=FACE_OUTER_BOUND('',#525,.T.);
#406=FACE_OUTER_BOUND('',#526,.T.);
#407=FACE_OUTER_BOUND('',#527,.T.);
#408=FACE_OUTER_BOUND('',#528,.T.);
#409=FACE_OUTER_BOUND('',#529,.T.);
#410=FACE_OUTER_BOUND('',#530,.T.);
#411=FACE_OUTER_BOUND('',#531,.T.);
#412=FACE_OUTER_BOUND('',#532,.T.);
#413=FACE_OUTER_BOUND('',#533,.T.);
#414=FACE_OUTER_BOUND('',#534,.T.);
#415=FACE_OUTER_BOUND('',#535,.T.);
#416=FACE_OUTER_BOUND('',#536,.T.);
#417=FACE_OUTER_BOUND('',#537,.T.);
#418=FACE_OUTER_BOUND('',#538,.T.);
#419=FACE_OUTER_BOUND('',#539,.T.);
#420=FACE_OUTER_BOUND('',#540,.T.);
#421=FACE_OUTER_BOUND('',#541,.T.);
#422=FACE_OUTER_BOUND('',#542,.T.);
#423=FACE_OUTER_BOUND('',#543,.T.);
#424=FACE_OUTER_BOUND('',#544,.T.);
#425=FACE_OUTER_BOUND('',#545,.T.);
#426=FACE_OUTER_BOUND('',#546,.T.);
#427=FACE_OUTER_BOUND('',#547,.T.);
#428=FACE_OUTER_BOUND('',#548,.T.);
#429=FACE_OUTER_BOUND('',#549,.T.);
#430=FACE_OUTER_BOUND('',#550,.T.);
#431=FACE_OUTER_BOUND('',#551,.T.);
#432=FACE_OUTER_BOUND('',#552,.T.);
#433=FACE_OUTER_BOUND('',#553,.T.);
#434=FACE_OUTER_BOUND('',#554,.T.);
#435=FACE_OUTER_BOUND('',#555,.T.);
#436=FACE_OUTER_BOUND('',#556,.T.);
#437=FACE_OUTER_BOUND('',#557,.T.);
#438=FACE_OUTER_BOUND('',#558,.T.);
#439=EDGE_LOOP('',(#1205,#1206,#1207,#1208));
#440=EDGE_LOOP('',(#1209,#1210,#1211,#1212));
#441=EDGE_LOOP('',(#1213));
#442=EDGE_LOOP('',(#1214));
#443=EDGE_LOOP('',(#1215,#1216,#1217,#1218));
#444=EDGE_LOOP('',(#1219));
#445=EDGE_LOOP('',(#1220));
#446=EDGE_LOOP('',(#1221,#1222,#1223,#1224));
#447=EDGE_LOOP('',(#1225,#1226,#1227,#1228));
#448=EDGE_LOOP('',(#1229,#1230,#1231,#1232));
#449=EDGE_LOOP('',(#1233));
#450=EDGE_LOOP('',(#1234));
#451=EDGE_LOOP('',(#1235,#1236,#1237,#1238));
#452=EDGE_LOOP('',(#1239));
#453=EDGE_LOOP('',(#1240));
#454=EDGE_LOOP('',(#1241,#1242,#1243,#1244));
#455=EDGE_LOOP('',(#1245,#1246));
#456=EDGE_LOOP('',(#1247,#1248));
#457=EDGE_LOOP('',(#1249,#1250));
#458=EDGE_LOOP('',(#1251,#1252));
#459=EDGE_LOOP('',(#1253,#1254));
#460=EDGE_LOOP('',(#1255,#1256));
#461=EDGE_LOOP('',(#1257,#1258));
#462=EDGE_LOOP('',(#1259,#1260));
#463=EDGE_LOOP('',(#1261,#1262,#1263,#1264));
#464=EDGE_LOOP('',(#1265,#1266,#1267,#1268));
#465=EDGE_LOOP('',(#1269,#1270,#1271,#1272));
#466=EDGE_LOOP('',(#1273,#1274,#1275,#1276,#1277,#1278));
#467=EDGE_LOOP('',(#1279,#1280,#1281,#1282));
#468=EDGE_LOOP('',(#1283,#1284,#1285,#1286));
#469=EDGE_LOOP('',(#1287,#1288,#1289,#1290));
#470=EDGE_LOOP('',(#1291,#1292,#1293,#1294));
#471=EDGE_LOOP('',(#1295,#1296,#1297,#1298));
#472=EDGE_LOOP('',(#1299,#1300,#1301,#1302));
#473=EDGE_LOOP('',(#1303,#1304,#1305,#1306));
#474=EDGE_LOOP('',(#1307,#1308,#1309,#1310));
#475=EDGE_LOOP('',(#1311,#1312,#1313,#1314));
#476=EDGE_LOOP('',(#1315,#1316,#1317,#1318));
#477=EDGE_LOOP('',(#1319,#1320,#1321,#1322));
#478=EDGE_LOOP('',(#1323,#1324,#1325,#1326));
#479=EDGE_LOOP('',(#1327,#1328,#1329,#1330));
#480=EDGE_LOOP('',(#1331,#1332,#1333,#1334));
#481=EDGE_LOOP('',(#1335,#1336,#1337,#1338));
#482=EDGE_LOOP('',(#1339,#1340,#1341,#1342));
#483=EDGE_LOOP('',(#1343,#1344,#1345,#1346));
#484=EDGE_LOOP('',(#1347,#1348,#1349,#1350));
#485=EDGE_LOOP('',(#1351,#1352,#1353,#1354));
#486=EDGE_LOOP('',(#1355,#1356,#1357,#1358));
#487=EDGE_LOOP('',(#1359,#1360,#1361,#1362));
#488=EDGE_LOOP('',(#1363,#1364,#1365,#1366));
#489=EDGE_LOOP('',(#1367,#1368,#1369,#1370));
#490=EDGE_LOOP('',(#1371,#1372,#1373,#1374));
#491=EDGE_LOOP('',(#1375,#1376,#1377,#1378));
#492=EDGE_LOOP('',(#1379,#1380,#1381,#1382));
#493=EDGE_LOOP('',(#1383,#1384,#1385,#1386));
#494=EDGE_LOOP('',(#1387,#1388,#1389,#1390));
#495=EDGE_LOOP('',(#1391,#1392,#1393,#1394));
#496=EDGE_LOOP('',(#1395,#1396,#1397,#1398));
#497=EDGE_LOOP('',(#1399,#1400,#1401,#1402));
#498=EDGE_LOOP('',(#1403,#1404,#1405,#1406));
#499=EDGE_LOOP('',(#1407,#1408,#1409,#1410,#1411,#1412));
#500=EDGE_LOOP('',(#1413,#1414,#1415,#1416));
#501=EDGE_LOOP('',(#1417,#1418,#1419,#1420));
#502=EDGE_LOOP('',(#1421,#1422,#1423,#1424));
#503=EDGE_LOOP('',(#1425,#1426,#1427,#1428));
#504=EDGE_LOOP('',(#1429,#1430,#1431,#1432));
#505=EDGE_LOOP('',(#1433,#1434,#1435,#1436));
#506=EDGE_LOOP('',(#1437,#1438,#1439,#1440,#1441,#1442,#1443,#1444,#1445,
#1446,#1447,#1448,#1449,#1450,#1451,#1452,#1453,#1454,#1455,#1456,#1457,
#1458,#1459,#1460,#1461,#1462,#1463,#1464,#1465,#1466,#1467,#1468,#1469,
#1470,#1471,#1472,#1473,#1474,#1475,#1476,#1477,#1478,#1479,#1480,#1481,
#1482,#1483,#1484,#1485,#1486,#1487,#1488,#1489,#1490,#1491,#1492,#1493,
#1494,#1495,#1496,#1497,#1498,#1499,#1500,#1501,#1502,#1503,#1504,#1505,
#1506,#1507,#1508,#1509,#1510));
#507=EDGE_LOOP('',(#1511,#1512));
#508=EDGE_LOOP('',(#1513,#1514));
#509=EDGE_LOOP('',(#1515,#1516));
#510=EDGE_LOOP('',(#1517,#1518));
#511=EDGE_LOOP('',(#1519,#1520));
#512=EDGE_LOOP('',(#1521,#1522));
#513=EDGE_LOOP('',(#1523,#1524));
#514=EDGE_LOOP('',(#1525,#1526,#1527,#1528,#1529,#1530));
#515=EDGE_LOOP('',(#1531,#1532,#1533,#1534,#1535,#1536,#1537,#1538,#1539,
#1540,#1541,#1542,#1543,#1544,#1545,#1546,#1547,#1548,#1549,#1550,#1551,
#1552,#1553,#1554,#1555,#1556,#1557,#1558,#1559,#1560,#1561,#1562,#1563,
#1564,#1565,#1566,#1567,#1568,#1569,#1570,#1571,#1572,#1573,#1574,#1575,
#1576,#1577,#1578,#1579,#1580,#1581,#1582,#1583,#1584,#1585,#1586,#1587,
#1588,#1589,#1590,#1591,#1592,#1593,#1594,#1595,#1596,#1597,#1598,#1599,
#1600,#1601,#1602,#1603,#1604));
#516=EDGE_LOOP('',(#1605,#1606));
#517=EDGE_LOOP('',(#1607,#1608));
#518=EDGE_LOOP('',(#1609,#1610));
#519=EDGE_LOOP('',(#1611,#1612));
#520=EDGE_LOOP('',(#1613,#1614));
#521=EDGE_LOOP('',(#1615,#1616));
#522=EDGE_LOOP('',(#1617,#1618));
#523=EDGE_LOOP('',(#1619,#1620,#1621,#1622));
#524=EDGE_LOOP('',(#1623,#1624,#1625,#1626));
#525=EDGE_LOOP('',(#1627,#1628,#1629,#1630));
#526=EDGE_LOOP('',(#1631,#1632,#1633,#1634));
#527=EDGE_LOOP('',(#1635,#1636,#1637,#1638));
#528=EDGE_LOOP('',(#1639,#1640,#1641,#1642));
#529=EDGE_LOOP('',(#1643,#1644,#1645,#1646));
#530=EDGE_LOOP('',(#1647,#1648,#1649,#1650));
#531=EDGE_LOOP('',(#1651,#1652,#1653,#1654));
#532=EDGE_LOOP('',(#1655,#1656,#1657,#1658));
#533=EDGE_LOOP('',(#1659,#1660,#1661,#1662));
#534=EDGE_LOOP('',(#1663,#1664,#1665,#1666));
#535=EDGE_LOOP('',(#1667,#1668,#1669,#1670));
#536=EDGE_LOOP('',(#1671,#1672,#1673,#1674));
#537=EDGE_LOOP('',(#1675,#1676,#1677,#1678));
#538=EDGE_LOOP('',(#1679,#1680,#1681,#1682));
#539=EDGE_LOOP('',(#1683,#1684,#1685,#1686));
#540=EDGE_LOOP('',(#1687,#1688,#1689,#1690));
#541=EDGE_LOOP('',(#1691,#1692,#1693,#1694));
#542=EDGE_LOOP('',(#1695,#1696,#1697,#1698));
#543=EDGE_LOOP('',(#1699,#1700,#1701,#1702));
#544=EDGE_LOOP('',(#1703,#1704,#1705,#1706));
#545=EDGE_LOOP('',(#1707,#1708,#1709,#1710));
#546=EDGE_LOOP('',(#1711,#1712,#1713,#1714));
#547=EDGE_LOOP('',(#1715,#1716,#1717,#1718));
#548=EDGE_LOOP('',(#1719,#1720,#1721,#1722));
#549=EDGE_LOOP('',(#1723,#1724,#1725,#1726));
#550=EDGE_LOOP('',(#1727,#1728,#1729,#1730));
#551=EDGE_LOOP('',(#1731,#1732,#1733,#1734));
#552=EDGE_LOOP('',(#1735,#1736,#1737,#1738));
#553=EDGE_LOOP('',(#1739,#1740,#1741,#1742));
#554=EDGE_LOOP('',(#1743,#1744,#1745,#1746));
#555=EDGE_LOOP('',(#1747,#1748,#1749,#1750,#1751,#1752));
#556=EDGE_LOOP('',(#1753,#1754,#1755,#1756));
#557=EDGE_LOOP('',(#1757,#1758,#1759,#1760));
#558=EDGE_LOOP('',(#1761,#1762,#1763,#1764));
#559=CIRCLE('',#2005,80.);
#560=CIRCLE('',#2006,20.);
#561=CIRCLE('',#2007,80.);
#562=CIRCLE('',#2009,80.);
#563=CIRCLE('',#2011,100.);
#564=CIRCLE('',#2013,100.);
#565=CIRCLE('',#2015,80.);
#566=CIRCLE('',#2019,60.);
#567=CIRCLE('',#2020,20.);
#568=CIRCLE('',#2021,60.);
#569=CIRCLE('',#2023,60.);
#570=CIRCLE('',#2025,40.);
#571=CIRCLE('',#2027,40.);
#572=CIRCLE('',#2029,60.);
#573=CIRCLE('',#2033,20.);
#574=CIRCLE('',#2036,20.);
#575=CIRCLE('',#2039,20.);
#576=CIRCLE('',#2042,20.);
#577=CIRCLE('',#2045,20.);
#578=CIRCLE('',#2048,20.);
#579=CIRCLE('',#2051,20.);
#580=CIRCLE('',#2054,20.);
#581=CIRCLE('',#2057,9.16515138991168);
#582=CIRCLE('',#2058,21.7944947177034);
#583=CIRCLE('',#2060,9.16515138991168);
#584=CIRCLE('',#2061,21.7944947177034);
#585=CIRCLE('',#2063,72.5);
#586=CIRCLE('',#2064,67.5);
#587=CIRCLE('',#2066,67.5);
#588=CIRCLE('',#2067,67.5);
#589=CIRCLE('',#2068,9.16515138991168);
#590=CIRCLE('',#2069,72.5);
#591=CIRCLE('',#2070,72.5);
#592=CIRCLE('',#2072,21.7944947177034);
#593=CIRCLE('',#2073,72.5);
#594=CIRCLE('',#2074,21.7944947177034);
#595=CIRCLE('',#2075,67.5);
#596=CIRCLE('',#2077,9.16515138991168);
#597=CIRCLE('',#2079,9.16515138991168);
#598=CIRCLE('',#2081,67.5);
#599=CIRCLE('',#2082,9.16515138991168);
#600=CIRCLE('',#2083,72.5);
#601=CIRCLE('',#2085,21.7944947177034);
#602=CIRCLE('',#2086,72.5);
#603=CIRCLE('',#2087,21.7944947177034);
#604=CIRCLE('',#2088,67.5);
#605=CIRCLE('',#2090,9.16515138991168);
#606=CIRCLE('',#2092,9.16515138991168);
#607=CIRCLE('',#2094,72.5);
#608=CIRCLE('',#2095,67.5);
#609=CIRCLE('',#2097,21.7944947177034);
#610=CIRCLE('',#2098,67.5);
#611=CIRCLE('',#2099,21.7944947177034);
#612=CIRCLE('',#2100,72.5);
#613=CIRCLE('',#2103,9.16515138991168);
#614=CIRCLE('',#2105,67.5);
#615=CIRCLE('',#2106,9.16515138991168);
#616=CIRCLE('',#2107,72.5);
#617=CIRCLE('',#2109,21.7944947177034);
#618=CIRCLE('',#2110,72.5);
#619=CIRCLE('',#2111,21.7944947177034);
#620=CIRCLE('',#2112,67.5);
#621=CIRCLE('',#2114,9.16515138991168);
#622=CIRCLE('',#2116,9.16515138991168);
#623=CIRCLE('',#2118,67.5);
#624=CIRCLE('',#2119,9.16515138991168);
#625=CIRCLE('',#2120,72.5);
#626=CIRCLE('',#2122,21.7944947177034);
#627=CIRCLE('',#2123,67.5);
#628=CIRCLE('',#2124,21.7944947177034);
#629=CIRCLE('',#2125,72.5);
#630=CIRCLE('',#2128,9.16515138991168);
#631=CIRCLE('',#2130,72.5);
#632=CIRCLE('',#2131,67.5);
#633=CIRCLE('',#2133,21.7944947177034);
#634=CIRCLE('',#2134,67.5);
#635=CIRCLE('',#2135,21.7944947177034);
#636=CIRCLE('',#2136,72.5);
#637=CIRCLE('',#2139,9.16515138991168);
#638=CIRCLE('',#2141,72.5);
#639=CIRCLE('',#2142,67.5);
#640=CIRCLE('',#2144,72.5);
#641=CIRCLE('',#2145,9.16515138991168);
#642=CIRCLE('',#2146,67.5);
#643=CIRCLE('',#2148,21.7944947177034);
#644=CIRCLE('',#2149,67.5);
#645=CIRCLE('',#2150,21.7944947177034);
#646=CIRCLE('',#2151,72.5);
#647=CIRCLE('',#2155,19.3649167310371);
#648=CIRCLE('',#2156,19.3649167310371);
#649=CIRCLE('',#2158,19.3649167310371);
#650=CIRCLE('',#2159,19.3649167310371);
#651=CIRCLE('',#2161,19.3649167310371);
#652=CIRCLE('',#2162,19.3649167310371);
#653=CIRCLE('',#2164,19.3649167310371);
#654=CIRCLE('',#2165,19.3649167310371);
#655=CIRCLE('',#2167,19.3649167310371);
#656=CIRCLE('',#2168,19.3649167310371);
#657=CIRCLE('',#2170,19.3649167310371);
#658=CIRCLE('',#2171,19.3649167310371);
#659=CIRCLE('',#2173,19.3649167310371);
#660=CIRCLE('',#2174,19.3649167310371);
#661=CIRCLE('',#2176,19.3649167310371);
#662=CIRCLE('',#2177,19.3649167310371);
#663=CIRCLE('',#2179,9.16515138991168);
#664=CIRCLE('',#2180,21.7944947177034);
#665=CIRCLE('',#2182,9.16515138991168);
#666=CIRCLE('',#2183,21.7944947177034);
#667=CIRCLE('',#2185,67.5);
#668=CIRCLE('',#2186,72.5);
#669=CIRCLE('',#2188,67.5);
#670=CIRCLE('',#2189,67.5);
#671=CIRCLE('',#2190,67.5);
#672=CIRCLE('',#2191,67.5);
#673=CIRCLE('',#2192,67.5);
#674=CIRCLE('',#2193,67.5);
#675=CIRCLE('',#2194,67.5);
#676=CIRCLE('',#2195,67.5);
#677=CIRCLE('',#2196,67.5);
#678=CIRCLE('',#2197,67.5);
#679=CIRCLE('',#2198,67.5);
#680=CIRCLE('',#2199,67.5);
#681=CIRCLE('',#2200,67.5);
#682=CIRCLE('',#2201,67.5);
#683=CIRCLE('',#2202,67.5);
#684=CIRCLE('',#2203,67.5);
#685=CIRCLE('',#2205,72.5);
#686=CIRCLE('',#2206,72.5);
#687=CIRCLE('',#2207,9.16515138991168);
#688=CIRCLE('',#2209,72.5);
#689=CIRCLE('',#2210,72.5);
#690=CIRCLE('',#2211,72.5);
#691=CIRCLE('',#2212,72.5);
#692=CIRCLE('',#2213,72.5);
#693=CIRCLE('',#2214,72.5);
#694=CIRCLE('',#2215,72.5);
#695=CIRCLE('',#2216,72.5);
#696=CIRCLE('',#2217,72.5);
#697=CIRCLE('',#2218,72.5);
#698=CIRCLE('',#2219,72.5);
#699=CIRCLE('',#2220,72.5);
#700=CIRCLE('',#2221,72.5);
#701=CIRCLE('',#2222,72.5);
#702=CIRCLE('',#2224,21.7944947177034);
#703=CIRCLE('',#2225,21.7944947177034);
#704=CIRCLE('',#2227,9.16515138991168);
#705=CIRCLE('',#2229,9.16515138991168);
#706=CIRCLE('',#2231,9.16515138991168);
#707=CIRCLE('',#2233,21.7944947177034);
#708=CIRCLE('',#2234,21.7944947177034);
#709=CIRCLE('',#2236,9.16515138991168);
#710=CIRCLE('',#2238,9.16515138991168);
#711=CIRCLE('',#2241,21.7944947177034);
#712=CIRCLE('',#2242,21.7944947177034);
#713=CIRCLE('',#2245,9.16515138991168);
#714=CIRCLE('',#2247,9.16515138991168);
#715=CIRCLE('',#2249,21.7944947177034);
#716=CIRCLE('',#2250,21.7944947177034);
#717=CIRCLE('',#2252,9.16515138991168);
#718=CIRCLE('',#2254,9.16515138991168);
#719=CIRCLE('',#2256,9.16515138991168);
#720=CIRCLE('',#2258,21.7944947177034);
#721=CIRCLE('',#2259,21.7944947177034);
#722=CIRCLE('',#2262,9.16515138991168);
#723=CIRCLE('',#2265,21.7944947177034);
#724=CIRCLE('',#2266,21.7944947177034);
#725=CIRCLE('',#2269,9.16515138991168);
#726=CIRCLE('',#2272,9.16515138991168);
#727=CIRCLE('',#2274,21.7944947177034);
#728=CIRCLE('',#2275,21.7944947177034);
#729=VERTEX_POINT('',#2900);
#730=VERTEX_POINT('',#2902);
#731=VERTEX_POINT('',#2906);
#732=VERTEX_POINT('',#2910);
#733=VERTEX_POINT('',#2913);
#734=VERTEX_POINT('',#2917);
#735=VERTEX_POINT('',#2923);
#736=VERTEX_POINT('',#2925);
#737=VERTEX_POINT('',#2929);
#738=VERTEX_POINT('',#2933);
#739=VERTEX_POINT('',#2936);
#740=VERTEX_POINT('',#2940);
#741=VERTEX_POINT('',#2946);
#742=VERTEX_POINT('',#2947);
#743=VERTEX_POINT('',#2951);
#744=VERTEX_POINT('',#2952);
#745=VERTEX_POINT('',#2956);
#746=VERTEX_POINT('',#2957);
#747=VERTEX_POINT('',#2961);
#748=VERTEX_POINT('',#2962);
#749=VERTEX_POINT('',#2966);
#750=VERTEX_POINT('',#2967);
#751=VERTEX_POINT('',#2971);
#752=VERTEX_POINT('',#2972);
#753=VERTEX_POINT('',#2976);
#754=VERTEX_POINT('',#2977);
#755=VERTEX_POINT('',#2981);
#756=VERTEX_POINT('',#2982);
#757=VERTEX_POINT('',#2986);
#758=VERTEX_POINT('',#2987);
#759=VERTEX_POINT('',#2989);
#760=VERTEX_POINT('',#3004);
#761=VERTEX_POINT('',#3025);
#762=VERTEX_POINT('',#3026);
#763=VERTEX_POINT('',#3028);
#764=VERTEX_POINT('',#3047);
#765=VERTEX_POINT('',#3067);
#766=VERTEX_POINT('',#3069);
#767=VERTEX_POINT('',#3071);
#768=VERTEX_POINT('',#3073);
#769=VERTEX_POINT('',#3077);
#770=VERTEX_POINT('',#3078);
#771=VERTEX_POINT('',#3080);
#772=VERTEX_POINT('',#3082);
#773=VERTEX_POINT('',#3086);
#774=VERTEX_POINT('',#3087);
#775=VERTEX_POINT('',#3122);
#776=VERTEX_POINT('',#3123);
#777=VERTEX_POINT('',#3158);
#778=VERTEX_POINT('',#3160);
#779=VERTEX_POINT('',#3164);
#780=VERTEX_POINT('',#3165);
#781=VERTEX_POINT('',#3167);
#782=VERTEX_POINT('',#3169);
#783=VERTEX_POINT('',#3173);
#784=VERTEX_POINT('',#3174);
#785=VERTEX_POINT('',#3209);
#786=VERTEX_POINT('',#3210);
#787=VERTEX_POINT('',#3248);
#788=VERTEX_POINT('',#3249);
#789=VERTEX_POINT('',#3251);
#790=VERTEX_POINT('',#3253);
#791=VERTEX_POINT('',#3290);
#792=VERTEX_POINT('',#3291);
#793=VERTEX_POINT('',#3326);
#794=VERTEX_POINT('',#3328);
#795=VERTEX_POINT('',#3332);
#796=VERTEX_POINT('',#3333);
#797=VERTEX_POINT('',#3335);
#798=VERTEX_POINT('',#3337);
#799=VERTEX_POINT('',#3341);
#800=VERTEX_POINT('',#3342);
#801=VERTEX_POINT('',#3377);
#802=VERTEX_POINT('',#3378);
#803=VERTEX_POINT('',#3413);
#804=VERTEX_POINT('',#3415);
#805=VERTEX_POINT('',#3419);
#806=VERTEX_POINT('',#3420);
#807=VERTEX_POINT('',#3422);
#808=VERTEX_POINT('',#3424);
#809=VERTEX_POINT('',#3461);
#810=VERTEX_POINT('',#3462);
#811=VERTEX_POINT('',#3500);
#812=VERTEX_POINT('',#3501);
#813=VERTEX_POINT('',#3503);
#814=VERTEX_POINT('',#3505);
#815=VERTEX_POINT('',#3542);
#816=VERTEX_POINT('',#3543);
#817=VERTEX_POINT('',#3581);
#818=VERTEX_POINT('',#3583);
#819=VERTEX_POINT('',#3587);
#820=VERTEX_POINT('',#3588);
#821=VERTEX_POINT('',#3590);
#822=VERTEX_POINT('',#3592);
#823=VERTEX_POINT('',#3662);
#824=VERTEX_POINT('',#3663);
#825=VERTEX_POINT('',#3706);
#826=VERTEX_POINT('',#3708);
#827=VERTEX_POINT('',#3745);
#828=VERTEX_POINT('',#3746);
#829=VERTEX_POINT('',#3789);
#830=VERTEX_POINT('',#3791);
#831=VERTEX_POINT('',#3828);
#832=VERTEX_POINT('',#3829);
#833=VERTEX_POINT('',#3872);
#834=VERTEX_POINT('',#3874);
#835=VERTEX_POINT('',#3911);
#836=VERTEX_POINT('',#3912);
#837=VERTEX_POINT('',#3947);
#838=VERTEX_POINT('',#3949);
#839=VERTEX_POINT('',#3994);
#840=VERTEX_POINT('',#3995);
#841=VERTEX_POINT('',#4014);
#842=VERTEX_POINT('',#4033);
#843=VERTEX_POINT('',#4035);
#844=VERTEX_POINT('',#4058);
#845=VERTEX_POINT('',#4083);
#846=VERTEX_POINT('',#4084);
#847=VERTEX_POINT('',#4127);
#848=VERTEX_POINT('',#4129);
#849=VERTEX_POINT('',#4166);
#850=VERTEX_POINT('',#4167);
#851=VERTEX_POINT('',#4210);
#852=VERTEX_POINT('',#4212);
#853=VERTEX_POINT('',#4249);
#854=VERTEX_POINT('',#4250);
#855=VERTEX_POINT('',#4293);
#856=VERTEX_POINT('',#4295);
#857=VERTEX_POINT('',#4332);
#858=VERTEX_POINT('',#4333);
#859=VERTEX_POINT('',#4335);
#860=VERTEX_POINT('',#4354);
#861=VERTEX_POINT('',#4371);
#862=VERTEX_POINT('',#4372);
#863=VERTEX_POINT('',#4374);
#864=VERTEX_POINT('',#4389);
#865=VERTEX_POINT('',#4413);
#866=VERTEX_POINT('',#4415);
#867=VERTEX_POINT('',#4454);
#868=VERTEX_POINT('',#4456);
#869=VERTEX_POINT('',#4471);
#870=VERTEX_POINT('',#4473);
#871=VERTEX_POINT('',#4488);
#872=VERTEX_POINT('',#4490);
#873=VERTEX_POINT('',#4505);
#874=VERTEX_POINT('',#4507);
#875=VERTEX_POINT('',#4522);
#876=VERTEX_POINT('',#4524);
#877=VERTEX_POINT('',#4539);
#878=VERTEX_POINT('',#4541);
#879=VERTEX_POINT('',#4556);
#880=VERTEX_POINT('',#4558);
#881=VERTEX_POINT('',#4573);
#882=VERTEX_POINT('',#4575);
#883=VERTEX_POINT('',#4590);
#884=VERTEX_POINT('',#4592);
#885=VERTEX_POINT('',#4607);
#886=VERTEX_POINT('',#4609);
#887=VERTEX_POINT('',#4624);
#888=VERTEX_POINT('',#4626);
#889=VERTEX_POINT('',#4641);
#890=VERTEX_POINT('',#4643);
#891=VERTEX_POINT('',#4658);
#892=VERTEX_POINT('',#4660);
#893=VERTEX_POINT('',#4675);
#894=VERTEX_POINT('',#4677);
#895=VERTEX_POINT('',#4932);
#896=VERTEX_POINT('',#4934);
#897=VERTEX_POINT('',#4938);
#898=VERTEX_POINT('',#4940);
#899=VERTEX_POINT('',#4959);
#900=VERTEX_POINT('',#4961);
#901=VERTEX_POINT('',#4980);
#902=VERTEX_POINT('',#4982);
#903=VERTEX_POINT('',#5001);
#904=VERTEX_POINT('',#5003);
#905=VERTEX_POINT('',#5022);
#906=VERTEX_POINT('',#5024);
#907=VERTEX_POINT('',#5043);
#908=VERTEX_POINT('',#5045);
#909=VERTEX_POINT('',#5064);
#910=VERTEX_POINT('',#5066);
#911=VERTEX_POINT('',#5085);
#912=VERTEX_POINT('',#5087);
#913=VERTEX_POINT('',#5106);
#914=VERTEX_POINT('',#5108);
#915=VERTEX_POINT('',#5127);
#916=VERTEX_POINT('',#5129);
#917=VERTEX_POINT('',#5148);
#918=VERTEX_POINT('',#5150);
#919=VERTEX_POINT('',#5169);
#920=VERTEX_POINT('',#5171);
#921=VERTEX_POINT('',#5190);
#922=VERTEX_POINT('',#5192);
#923=VERTEX_POINT('',#5211);
#924=VERTEX_POINT('',#5231);
#925=EDGE_CURVE('',#729,#729,#559,.T.);
#926=EDGE_CURVE('',#729,#730,#560,.T.);
#927=EDGE_CURVE('',#730,#730,#561,.T.);
#928=EDGE_CURVE('',#730,#731,#309,.T.);
#929=EDGE_CURVE('',#731,#731,#562,.T.);
#930=EDGE_CURVE('',#732,#732,#563,.T.);
#931=EDGE_CURVE('',#733,#733,#564,.T.);
#932=EDGE_CURVE('',#733,#732,#310,.T.);
#933=EDGE_CURVE('',#734,#734,#565,.T.);
#934=EDGE_CURVE('',#734,#729,#311,.T.);
#935=EDGE_CURVE('',#735,#735,#566,.T.);
#936=EDGE_CURVE('',#735,#736,#567,.T.);
#937=EDGE_CURVE('',#736,#736,#568,.T.);
#938=EDGE_CURVE('',#737,#737,#569,.T.);
#939=EDGE_CURVE('',#737,#736,#312,.T.);
#940=EDGE_CURVE('',#738,#738,#570,.T.);
#941=EDGE_CURVE('',#738,#739,#313,.T.);
#942=EDGE_CURVE('',#739,#739,#571,.T.);
#943=EDGE_CURVE('',#740,#740,#572,.T.);
#944=EDGE_CURVE('',#735,#740,#314,.T.);
#945=EDGE_CURVE('',#741,#742,#573,.T.);
#946=EDGE_CURVE('',#743,#744,#574,.T.);
#947=EDGE_CURVE('',#745,#746,#575,.T.);
#948=EDGE_CURVE('',#747,#748,#576,.T.);
#949=EDGE_CURVE('',#749,#750,#577,.T.);
#950=EDGE_CURVE('',#751,#752,#578,.T.);
#951=EDGE_CURVE('',#753,#754,#579,.T.);
#952=EDGE_CURVE('',#755,#756,#580,.T.);
#953=EDGE_CURVE('',#757,#758,#581,.T.);
#954=EDGE_CURVE('',#758,#759,#55,.T.);
#955=EDGE_CURVE('',#760,#759,#582,.F.);
#956=EDGE_CURVE('',#760,#757,#56,.T.);
#957=EDGE_CURVE('',#761,#762,#583,.T.);
#958=EDGE_CURVE('',#762,#763,#57,.T.);
#959=EDGE_CURVE('',#764,#763,#584,.T.);
#960=EDGE_CURVE('',#764,#761,#58,.T.);
#961=EDGE_CURVE('',#763,#760,#585,.T.);
#962=EDGE_CURVE('',#759,#764,#586,.T.);
#963=EDGE_CURVE('',#765,#761,#587,.T.);
#964=EDGE_CURVE('',#766,#765,#588,.T.);
#965=EDGE_CURVE('',#767,#766,#589,.T.);
#966=EDGE_CURVE('',#768,#767,#590,.T.);
#967=EDGE_CURVE('',#762,#768,#591,.T.);
#968=EDGE_CURVE('',#769,#770,#592,.T.);
#969=EDGE_CURVE('',#770,#771,#593,.T.);
#970=EDGE_CURVE('',#771,#772,#594,.F.);
#971=EDGE_CURVE('',#772,#769,#595,.T.);
#972=EDGE_CURVE('',#773,#774,#596,.T.);
#973=EDGE_CURVE('',#774,#770,#59,.T.);
#974=EDGE_CURVE('',#769,#773,#60,.T.);
#975=EDGE_CURVE('',#775,#776,#597,.T.);
#976=EDGE_CURVE('',#776,#772,#61,.T.);
#977=EDGE_CURVE('',#771,#775,#62,.T.);
#978=EDGE_CURVE('',#777,#773,#598,.T.);
#979=EDGE_CURVE('',#778,#777,#599,.T.);
#980=EDGE_CURVE('',#774,#778,#600,.T.);
#981=EDGE_CURVE('',#779,#780,#601,.T.);
#982=EDGE_CURVE('',#780,#781,#602,.T.);
#983=EDGE_CURVE('',#781,#782,#603,.F.);
#984=EDGE_CURVE('',#782,#779,#604,.T.);
#985=EDGE_CURVE('',#783,#784,#605,.T.);
#986=EDGE_CURVE('',#784,#780,#63,.T.);
#987=EDGE_CURVE('',#779,#783,#64,.T.);
#988=EDGE_CURVE('',#785,#786,#606,.T.);
#989=EDGE_CURVE('',#786,#782,#65,.T.);
#990=EDGE_CURVE('',#781,#785,#66,.T.);
#991=EDGE_CURVE('',#784,#775,#607,.T.);
#992=EDGE_CURVE('',#776,#783,#608,.T.);
#993=EDGE_CURVE('',#787,#788,#609,.T.);
#994=EDGE_CURVE('',#788,#789,#610,.T.);
#995=EDGE_CURVE('',#789,#790,#611,.F.);
#996=EDGE_CURVE('',#790,#787,#612,.T.);
#997=EDGE_CURVE('',#777,#788,#67,.T.);
#998=EDGE_CURVE('',#787,#778,#68,.T.);
#999=EDGE_CURVE('',#791,#792,#613,.T.);
#1000=EDGE_CURVE('',#792,#790,#69,.T.);
#1001=EDGE_CURVE('',#789,#791,#70,.T.);
#1002=EDGE_CURVE('',#793,#791,#614,.T.);
#1003=EDGE_CURVE('',#794,#793,#615,.T.);
#1004=EDGE_CURVE('',#792,#794,#616,.T.);
#1005=EDGE_CURVE('',#795,#796,#617,.T.);
#1006=EDGE_CURVE('',#796,#797,#618,.T.);
#1007=EDGE_CURVE('',#797,#798,#619,.F.);
#1008=EDGE_CURVE('',#798,#795,#620,.T.);
#1009=EDGE_CURVE('',#799,#800,#621,.T.);
#1010=EDGE_CURVE('',#800,#796,#71,.T.);
#1011=EDGE_CURVE('',#795,#799,#72,.T.);
#1012=EDGE_CURVE('',#801,#802,#622,.T.);
#1013=EDGE_CURVE('',#802,#798,#73,.T.);
#1014=EDGE_CURVE('',#797,#801,#74,.T.);
#1015=EDGE_CURVE('',#803,#799,#623,.T.);
#1016=EDGE_CURVE('',#804,#803,#624,.T.);
#1017=EDGE_CURVE('',#800,#804,#625,.T.);
#1018=EDGE_CURVE('',#805,#806,#626,.T.);
#1019=EDGE_CURVE('',#806,#807,#627,.T.);
#1020=EDGE_CURVE('',#807,#808,#628,.F.);
#1021=EDGE_CURVE('',#808,#805,#629,.T.);
#1022=EDGE_CURVE('',#766,#806,#75,.T.);
#1023=EDGE_CURVE('',#805,#767,#76,.T.);
#1024=EDGE_CURVE('',#809,#810,#630,.T.);
#1025=EDGE_CURVE('',#810,#808,#77,.T.);
#1026=EDGE_CURVE('',#807,#809,#78,.T.);
#1027=EDGE_CURVE('',#810,#801,#631,.T.);
#1028=EDGE_CURVE('',#802,#809,#632,.T.);
#1029=EDGE_CURVE('',#811,#812,#633,.T.);
#1030=EDGE_CURVE('',#812,#813,#634,.T.);
#1031=EDGE_CURVE('',#813,#814,#635,.T.);
#1032=EDGE_CURVE('',#814,#811,#636,.T.);
#1033=EDGE_CURVE('',#793,#812,#79,.T.);
#1034=EDGE_CURVE('',#811,#794,#80,.T.);
#1035=EDGE_CURVE('',#815,#816,#637,.T.);
#1036=EDGE_CURVE('',#816,#814,#81,.T.);
#1037=EDGE_CURVE('',#813,#815,#82,.T.);
#1038=EDGE_CURVE('',#816,#757,#638,.T.);
#1039=EDGE_CURVE('',#758,#815,#639,.T.);
#1040=EDGE_CURVE('',#817,#785,#640,.T.);
#1041=EDGE_CURVE('',#818,#817,#641,.T.);
#1042=EDGE_CURVE('',#786,#818,#642,.T.);
#1043=EDGE_CURVE('',#819,#820,#643,.T.);
#1044=EDGE_CURVE('',#820,#821,#644,.T.);
#1045=EDGE_CURVE('',#821,#822,#645,.T.);
#1046=EDGE_CURVE('',#822,#819,#646,.T.);
#1047=EDGE_CURVE('',#803,#820,#83,.T.);
#1048=EDGE_CURVE('',#819,#804,#84,.T.);
#1049=EDGE_CURVE('',#817,#822,#85,.T.);
#1050=EDGE_CURVE('',#821,#818,#86,.T.);
#1051=EDGE_CURVE('',#823,#824,#87,.T.);
#1052=EDGE_CURVE('',#824,#825,#647,.T.);
#1053=EDGE_CURVE('',#825,#826,#88,.T.);
#1054=EDGE_CURVE('',#826,#823,#648,.T.);
#1055=EDGE_CURVE('',#827,#828,#89,.T.);
#1056=EDGE_CURVE('',#828,#829,#649,.T.);
#1057=EDGE_CURVE('',#829,#830,#90,.T.);
#1058=EDGE_CURVE('',#830,#827,#650,.T.);
#1059=EDGE_CURVE('',#831,#832,#91,.T.);
#1060=EDGE_CURVE('',#832,#833,#651,.T.);
#1061=EDGE_CURVE('',#833,#834,#92,.T.);
#1062=EDGE_CURVE('',#834,#831,#652,.T.);
#1063=EDGE_CURVE('',#835,#836,#93,.T.);
#1064=EDGE_CURVE('',#836,#837,#653,.T.);
#1065=EDGE_CURVE('',#837,#838,#94,.T.);
#1066=EDGE_CURVE('',#838,#835,#654,.T.);
#1067=EDGE_CURVE('',#839,#840,#95,.T.);
#1068=EDGE_CURVE('',#840,#841,#96,.T.);
#1069=EDGE_CURVE('',#841,#842,#655,.T.);
#1070=EDGE_CURVE('',#842,#843,#97,.T.);
#1071=EDGE_CURVE('',#843,#844,#98,.T.);
#1072=EDGE_CURVE('',#844,#839,#656,.T.);
#1073=EDGE_CURVE('',#845,#846,#99,.T.);
#1074=EDGE_CURVE('',#846,#847,#657,.T.);
#1075=EDGE_CURVE('',#847,#848,#100,.T.);
#1076=EDGE_CURVE('',#848,#845,#658,.T.);
#1077=EDGE_CURVE('',#849,#850,#101,.T.);
#1078=EDGE_CURVE('',#850,#851,#659,.T.);
#1079=EDGE_CURVE('',#851,#852,#102,.T.);
#1080=EDGE_CURVE('',#852,#849,#660,.T.);
#1081=EDGE_CURVE('',#853,#854,#103,.T.);
#1082=EDGE_CURVE('',#854,#855,#661,.T.);
#1083=EDGE_CURVE('',#855,#856,#104,.T.);
#1084=EDGE_CURVE('',#856,#853,#662,.T.);
#1085=EDGE_CURVE('',#857,#858,#663,.T.);
#1086=EDGE_CURVE('',#859,#857,#105,.T.);
#1087=EDGE_CURVE('',#859,#860,#664,.F.);
#1088=EDGE_CURVE('',#858,#860,#106,.T.);
#1089=EDGE_CURVE('',#861,#862,#665,.T.);
#1090=EDGE_CURVE('',#863,#861,#107,.T.);
#1091=EDGE_CURVE('',#863,#864,#666,.T.);
#1092=EDGE_CURVE('',#862,#864,#108,.T.);
#1093=EDGE_CURVE('',#860,#863,#667,.T.);
#1094=EDGE_CURVE('',#864,#859,#668,.T.);
#1095=EDGE_CURVE('',#865,#861,#669,.T.);
#1096=EDGE_CURVE('',#865,#866,#315,.T.);
#1097=EDGE_CURVE('',#866,#841,#109,.T.);
#1098=EDGE_CURVE('',#840,#765,#316,.T.);
#1099=EDGE_CURVE('',#839,#866,#110,.T.);
#1100=EDGE_CURVE('',#867,#865,#670,.T.);
#1101=EDGE_CURVE('',#867,#868,#111,.T.);
#1102=EDGE_CURVE('',#868,#869,#671,.T.);
#1103=EDGE_CURVE('',#869,#870,#112,.T.);
#1104=EDGE_CURVE('',#871,#870,#672,.T.);
#1105=EDGE_CURVE('',#871,#872,#113,.T.);
#1106=EDGE_CURVE('',#872,#873,#673,.T.);
#1107=EDGE_CURVE('',#873,#874,#114,.T.);
#1108=EDGE_CURVE('',#875,#874,#674,.T.);
#1109=EDGE_CURVE('',#875,#876,#115,.T.);
#1110=EDGE_CURVE('',#876,#877,#675,.T.);
#1111=EDGE_CURVE('',#877,#878,#116,.T.);
#1112=EDGE_CURVE('',#879,#878,#676,.T.);
#1113=EDGE_CURVE('',#879,#880,#117,.T.);
#1114=EDGE_CURVE('',#880,#881,#677,.T.);
#1115=EDGE_CURVE('',#881,#882,#118,.T.);
#1116=EDGE_CURVE('',#883,#882,#678,.T.);
#1117=EDGE_CURVE('',#883,#884,#119,.T.);
#1118=EDGE_CURVE('',#884,#885,#679,.T.);
#1119=EDGE_CURVE('',#885,#886,#120,.T.);
#1120=EDGE_CURVE('',#887,#886,#680,.T.);
#1121=EDGE_CURVE('',#887,#888,#121,.T.);
#1122=EDGE_CURVE('',#888,#889,#681,.T.);
#1123=EDGE_CURVE('',#889,#890,#122,.T.);
#1124=EDGE_CURVE('',#891,#890,#682,.T.);
#1125=EDGE_CURVE('',#891,#892,#123,.T.);
#1126=EDGE_CURVE('',#892,#893,#683,.T.);
#1127=EDGE_CURVE('',#893,#894,#124,.T.);
#1128=EDGE_CURVE('',#858,#894,#684,.T.);
#1129=EDGE_CURVE('',#851,#852,#125,.T.);
#1130=EDGE_CURVE('',#833,#834,#126,.T.);
#1131=EDGE_CURVE('',#835,#836,#127,.T.);
#1132=EDGE_CURVE('',#829,#830,#128,.T.);
#1133=EDGE_CURVE('',#825,#826,#129,.T.);
#1134=EDGE_CURVE('',#855,#856,#130,.T.);
#1135=EDGE_CURVE('',#847,#848,#131,.T.);
#1136=EDGE_CURVE('',#862,#895,#685,.T.);
#1137=EDGE_CURVE('',#895,#896,#686,.T.);
#1138=EDGE_CURVE('',#896,#867,#687,.T.);
#1139=EDGE_CURVE('',#897,#857,#688,.T.);
#1140=EDGE_CURVE('',#897,#898,#132,.T.);
#1141=EDGE_CURVE('',#898,#899,#689,.T.);
#1142=EDGE_CURVE('',#899,#900,#133,.T.);
#1143=EDGE_CURVE('',#901,#900,#690,.T.);
#1144=EDGE_CURVE('',#901,#902,#134,.T.);
#1145=EDGE_CURVE('',#902,#903,#691,.T.);
#1146=EDGE_CURVE('',#903,#904,#135,.T.);
#1147=EDGE_CURVE('',#905,#904,#692,.T.);
#1148=EDGE_CURVE('',#905,#906,#136,.T.);
#1149=EDGE_CURVE('',#906,#907,#693,.T.);
#1150=EDGE_CURVE('',#907,#908,#137,.T.);
#1151=EDGE_CURVE('',#909,#908,#694,.T.);
#1152=EDGE_CURVE('',#909,#910,#138,.T.);
#1153=EDGE_CURVE('',#910,#911,#695,.T.);
#1154=EDGE_CURVE('',#911,#912,#139,.T.);
#1155=EDGE_CURVE('',#913,#912,#696,.T.);
#1156=EDGE_CURVE('',#913,#914,#140,.T.);
#1157=EDGE_CURVE('',#914,#915,#697,.T.);
#1158=EDGE_CURVE('',#915,#916,#141,.T.);
#1159=EDGE_CURVE('',#917,#916,#698,.T.);
#1160=EDGE_CURVE('',#917,#918,#142,.T.);
#1161=EDGE_CURVE('',#918,#919,#699,.T.);
#1162=EDGE_CURVE('',#919,#920,#143,.T.);
#1163=EDGE_CURVE('',#921,#920,#700,.T.);
#1164=EDGE_CURVE('',#921,#922,#144,.T.);
#1165=EDGE_CURVE('',#922,#923,#701,.T.);
#1166=EDGE_CURVE('',#923,#896,#145,.T.);
#1167=EDGE_CURVE('',#895,#924,#317,.T.);
#1168=EDGE_CURVE('',#924,#844,#146,.T.);
#1169=EDGE_CURVE('',#843,#768,#318,.T.);
#1170=EDGE_CURVE('',#842,#924,#147,.T.);
#1171=EDGE_CURVE('',#823,#824,#148,.T.);
#1172=EDGE_CURVE('',#827,#828,#149,.T.);
#1173=EDGE_CURVE('',#831,#832,#150,.T.);
#1174=EDGE_CURVE('',#845,#846,#151,.T.);
#1175=EDGE_CURVE('',#849,#850,#152,.T.);
#1176=EDGE_CURVE('',#837,#838,#153,.T.);
#1177=EDGE_CURVE('',#853,#854,#154,.T.);
#1178=EDGE_CURVE('',#885,#906,#702,.T.);
#1179=EDGE_CURVE('',#907,#884,#703,.F.);
#1180=EDGE_CURVE('',#886,#905,#704,.T.);
#1181=EDGE_CURVE('',#908,#883,#705,.T.);
#1182=EDGE_CURVE('',#904,#887,#706,.T.);
#1183=EDGE_CURVE('',#881,#910,#707,.T.);
#1184=EDGE_CURVE('',#911,#880,#708,.F.);
#1185=EDGE_CURVE('',#882,#909,#709,.T.);
#1186=EDGE_CURVE('',#912,#879,#710,.T.);
#1187=EDGE_CURVE('',#903,#888,#711,.T.);
#1188=EDGE_CURVE('',#889,#902,#712,.F.);
#1189=EDGE_CURVE('',#890,#901,#713,.T.);
#1190=EDGE_CURVE('',#900,#891,#714,.T.);
#1191=EDGE_CURVE('',#873,#918,#715,.T.);
#1192=EDGE_CURVE('',#919,#872,#716,.F.);
#1193=EDGE_CURVE('',#874,#917,#717,.T.);
#1194=EDGE_CURVE('',#920,#871,#718,.T.);
#1195=EDGE_CURVE('',#916,#875,#719,.T.);
#1196=EDGE_CURVE('',#923,#868,#720,.T.);
#1197=EDGE_CURVE('',#869,#922,#721,.F.);
#1198=EDGE_CURVE('',#870,#921,#722,.T.);
#1199=EDGE_CURVE('',#899,#892,#723,.T.);
#1200=EDGE_CURVE('',#893,#898,#724,.T.);
#1201=EDGE_CURVE('',#894,#897,#725,.T.);
#1202=EDGE_CURVE('',#878,#913,#726,.T.);
#1203=EDGE_CURVE('',#915,#876,#727,.T.);
#1204=EDGE_CURVE('',#877,#914,#728,.T.);
#1205=ORIENTED_EDGE('',*,*,#925,.T.);
#1206=ORIENTED_EDGE('',*,*,#926,.T.);
#1207=ORIENTED_EDGE('',*,*,#927,.F.);
#1208=ORIENTED_EDGE('',*,*,#926,.F.);
#1209=ORIENTED_EDGE('',*,*,#927,.T.);
#1210=ORIENTED_EDGE('',*,*,#928,.T.);
#1211=ORIENTED_EDGE('',*,*,#929,.F.);
#1212=ORIENTED_EDGE('',*,*,#928,.F.);
#1213=ORIENTED_EDGE('',*,*,#930,.F.);
#1214=ORIENTED_EDGE('',*,*,#929,.T.);
#1215=ORIENTED_EDGE('',*,*,#931,.F.);
#1216=ORIENTED_EDGE('',*,*,#932,.T.);
#1217=ORIENTED_EDGE('',*,*,#930,.T.);
#1218=ORIENTED_EDGE('',*,*,#932,.F.);
#1219=ORIENTED_EDGE('',*,*,#931,.T.);
#1220=ORIENTED_EDGE('',*,*,#933,.F.);
#1221=ORIENTED_EDGE('',*,*,#933,.T.);
#1222=ORIENTED_EDGE('',*,*,#934,.T.);
#1223=ORIENTED_EDGE('',*,*,#925,.F.);
#1224=ORIENTED_EDGE('',*,*,#934,.F.);
#1225=ORIENTED_EDGE('',*,*,#935,.T.);
#1226=ORIENTED_EDGE('',*,*,#936,.T.);
#1227=ORIENTED_EDGE('',*,*,#937,.F.);
#1228=ORIENTED_EDGE('',*,*,#936,.F.);
#1229=ORIENTED_EDGE('',*,*,#938,.F.);
#1230=ORIENTED_EDGE('',*,*,#939,.T.);
#1231=ORIENTED_EDGE('',*,*,#937,.T.);
#1232=ORIENTED_EDGE('',*,*,#939,.F.);
#1233=ORIENTED_EDGE('',*,*,#938,.T.);
#1234=ORIENTED_EDGE('',*,*,#940,.F.);
#1235=ORIENTED_EDGE('',*,*,#940,.T.);
#1236=ORIENTED_EDGE('',*,*,#941,.T.);
#1237=ORIENTED_EDGE('',*,*,#942,.F.);
#1238=ORIENTED_EDGE('',*,*,#941,.F.);
#1239=ORIENTED_EDGE('',*,*,#943,.F.);
#1240=ORIENTED_EDGE('',*,*,#942,.T.);
#1241=ORIENTED_EDGE('',*,*,#935,.F.);
#1242=ORIENTED_EDGE('',*,*,#944,.T.);
#1243=ORIENTED_EDGE('',*,*,#943,.T.);
#1244=ORIENTED_EDGE('',*,*,#944,.F.);
#1245=ORIENTED_EDGE('',*,*,#945,.T.);
#1246=ORIENTED_EDGE('',*,*,#945,.F.);
#1247=ORIENTED_EDGE('',*,*,#946,.T.);
#1248=ORIENTED_EDGE('',*,*,#946,.F.);
#1249=ORIENTED_EDGE('',*,*,#947,.T.);
#1250=ORIENTED_EDGE('',*,*,#947,.F.);
#1251=ORIENTED_EDGE('',*,*,#948,.T.);
#1252=ORIENTED_EDGE('',*,*,#948,.F.);
#1253=ORIENTED_EDGE('',*,*,#949,.T.);
#1254=ORIENTED_EDGE('',*,*,#949,.F.);
#1255=ORIENTED_EDGE('',*,*,#950,.T.);
#1256=ORIENTED_EDGE('',*,*,#950,.F.);
#1257=ORIENTED_EDGE('',*,*,#951,.T.);
#1258=ORIENTED_EDGE('',*,*,#951,.F.);
#1259=ORIENTED_EDGE('',*,*,#952,.T.);
#1260=ORIENTED_EDGE('',*,*,#952,.F.);
#1261=ORIENTED_EDGE('',*,*,#953,.T.);
#1262=ORIENTED_EDGE('',*,*,#954,.T.);
#1263=ORIENTED_EDGE('',*,*,#955,.F.);
#1264=ORIENTED_EDGE('',*,*,#956,.T.);
#1265=ORIENTED_EDGE('',*,*,#957,.T.);
#1266=ORIENTED_EDGE('',*,*,#958,.T.);
#1267=ORIENTED_EDGE('',*,*,#959,.F.);
#1268=ORIENTED_EDGE('',*,*,#960,.T.);
#1269=ORIENTED_EDGE('',*,*,#959,.T.);
#1270=ORIENTED_EDGE('',*,*,#961,.T.);
#1271=ORIENTED_EDGE('',*,*,#955,.T.);
#1272=ORIENTED_EDGE('',*,*,#962,.T.);
#1273=ORIENTED_EDGE('',*,*,#957,.F.);
#1274=ORIENTED_EDGE('',*,*,#963,.F.);
#1275=ORIENTED_EDGE('',*,*,#964,.F.);
#1276=ORIENTED_EDGE('',*,*,#965,.F.);
#1277=ORIENTED_EDGE('',*,*,#966,.F.);
#1278=ORIENTED_EDGE('',*,*,#967,.F.);
#1279=ORIENTED_EDGE('',*,*,#968,.T.);
#1280=ORIENTED_EDGE('',*,*,#969,.T.);
#1281=ORIENTED_EDGE('',*,*,#970,.T.);
#1282=ORIENTED_EDGE('',*,*,#971,.T.);
#1283=ORIENTED_EDGE('',*,*,#972,.T.);
#1284=ORIENTED_EDGE('',*,*,#973,.T.);
#1285=ORIENTED_EDGE('',*,*,#968,.F.);
#1286=ORIENTED_EDGE('',*,*,#974,.T.);
#1287=ORIENTED_EDGE('',*,*,#975,.T.);
#1288=ORIENTED_EDGE('',*,*,#976,.T.);
#1289=ORIENTED_EDGE('',*,*,#970,.F.);
#1290=ORIENTED_EDGE('',*,*,#977,.T.);
#1291=ORIENTED_EDGE('',*,*,#972,.F.);
#1292=ORIENTED_EDGE('',*,*,#978,.F.);
#1293=ORIENTED_EDGE('',*,*,#979,.F.);
#1294=ORIENTED_EDGE('',*,*,#980,.F.);
#1295=ORIENTED_EDGE('',*,*,#981,.T.);
#1296=ORIENTED_EDGE('',*,*,#982,.T.);
#1297=ORIENTED_EDGE('',*,*,#983,.T.);
#1298=ORIENTED_EDGE('',*,*,#984,.T.);
#1299=ORIENTED_EDGE('',*,*,#985,.T.);
#1300=ORIENTED_EDGE('',*,*,#986,.T.);
#1301=ORIENTED_EDGE('',*,*,#981,.F.);
#1302=ORIENTED_EDGE('',*,*,#987,.T.);
#1303=ORIENTED_EDGE('',*,*,#988,.T.);
#1304=ORIENTED_EDGE('',*,*,#989,.T.);
#1305=ORIENTED_EDGE('',*,*,#983,.F.);
#1306=ORIENTED_EDGE('',*,*,#990,.T.);
#1307=ORIENTED_EDGE('',*,*,#975,.F.);
#1308=ORIENTED_EDGE('',*,*,#991,.F.);
#1309=ORIENTED_EDGE('',*,*,#985,.F.);
#1310=ORIENTED_EDGE('',*,*,#992,.F.);
#1311=ORIENTED_EDGE('',*,*,#993,.T.);
#1312=ORIENTED_EDGE('',*,*,#994,.T.);
#1313=ORIENTED_EDGE('',*,*,#995,.T.);
#1314=ORIENTED_EDGE('',*,*,#996,.T.);
#1315=ORIENTED_EDGE('',*,*,#979,.T.);
#1316=ORIENTED_EDGE('',*,*,#997,.T.);
#1317=ORIENTED_EDGE('',*,*,#993,.F.);
#1318=ORIENTED_EDGE('',*,*,#998,.T.);
#1319=ORIENTED_EDGE('',*,*,#999,.T.);
#1320=ORIENTED_EDGE('',*,*,#1000,.T.);
#1321=ORIENTED_EDGE('',*,*,#995,.F.);
#1322=ORIENTED_EDGE('',*,*,#1001,.T.);
#1323=ORIENTED_EDGE('',*,*,#999,.F.);
#1324=ORIENTED_EDGE('',*,*,#1002,.F.);
#1325=ORIENTED_EDGE('',*,*,#1003,.F.);
#1326=ORIENTED_EDGE('',*,*,#1004,.F.);
#1327=ORIENTED_EDGE('',*,*,#1005,.T.);
#1328=ORIENTED_EDGE('',*,*,#1006,.T.);
#1329=ORIENTED_EDGE('',*,*,#1007,.T.);
#1330=ORIENTED_EDGE('',*,*,#1008,.T.);
#1331=ORIENTED_EDGE('',*,*,#1009,.T.);
#1332=ORIENTED_EDGE('',*,*,#1010,.T.);
#1333=ORIENTED_EDGE('',*,*,#1005,.F.);
#1334=ORIENTED_EDGE('',*,*,#1011,.T.);
#1335=ORIENTED_EDGE('',*,*,#1012,.T.);
#1336=ORIENTED_EDGE('',*,*,#1013,.T.);
#1337=ORIENTED_EDGE('',*,*,#1007,.F.);
#1338=ORIENTED_EDGE('',*,*,#1014,.T.);
#1339=ORIENTED_EDGE('',*,*,#1009,.F.);
#1340=ORIENTED_EDGE('',*,*,#1015,.F.);
#1341=ORIENTED_EDGE('',*,*,#1016,.F.);
#1342=ORIENTED_EDGE('',*,*,#1017,.F.);
#1343=ORIENTED_EDGE('',*,*,#1018,.T.);
#1344=ORIENTED_EDGE('',*,*,#1019,.T.);
#1345=ORIENTED_EDGE('',*,*,#1020,.T.);
#1346=ORIENTED_EDGE('',*,*,#1021,.T.);
#1347=ORIENTED_EDGE('',*,*,#965,.T.);
#1348=ORIENTED_EDGE('',*,*,#1022,.T.);
#1349=ORIENTED_EDGE('',*,*,#1018,.F.);
#1350=ORIENTED_EDGE('',*,*,#1023,.T.);
#1351=ORIENTED_EDGE('',*,*,#1024,.T.);
#1352=ORIENTED_EDGE('',*,*,#1025,.T.);
#1353=ORIENTED_EDGE('',*,*,#1020,.F.);
#1354=ORIENTED_EDGE('',*,*,#1026,.T.);
#1355=ORIENTED_EDGE('',*,*,#1012,.F.);
#1356=ORIENTED_EDGE('',*,*,#1027,.F.);
#1357=ORIENTED_EDGE('',*,*,#1024,.F.);
#1358=ORIENTED_EDGE('',*,*,#1028,.F.);
#1359=ORIENTED_EDGE('',*,*,#1029,.T.);
#1360=ORIENTED_EDGE('',*,*,#1030,.T.);
#1361=ORIENTED_EDGE('',*,*,#1031,.T.);
#1362=ORIENTED_EDGE('',*,*,#1032,.T.);
#1363=ORIENTED_EDGE('',*,*,#1003,.T.);
#1364=ORIENTED_EDGE('',*,*,#1033,.T.);
#1365=ORIENTED_EDGE('',*,*,#1029,.F.);
#1366=ORIENTED_EDGE('',*,*,#1034,.T.);
#1367=ORIENTED_EDGE('',*,*,#1035,.T.);
#1368=ORIENTED_EDGE('',*,*,#1036,.T.);
#1369=ORIENTED_EDGE('',*,*,#1031,.F.);
#1370=ORIENTED_EDGE('',*,*,#1037,.T.);
#1371=ORIENTED_EDGE('',*,*,#953,.F.);
#1372=ORIENTED_EDGE('',*,*,#1038,.F.);
#1373=ORIENTED_EDGE('',*,*,#1035,.F.);
#1374=ORIENTED_EDGE('',*,*,#1039,.F.);
#1375=ORIENTED_EDGE('',*,*,#988,.F.);
#1376=ORIENTED_EDGE('',*,*,#1040,.F.);
#1377=ORIENTED_EDGE('',*,*,#1041,.F.);
#1378=ORIENTED_EDGE('',*,*,#1042,.F.);
#1379=ORIENTED_EDGE('',*,*,#1043,.T.);
#1380=ORIENTED_EDGE('',*,*,#1044,.T.);
#1381=ORIENTED_EDGE('',*,*,#1045,.T.);
#1382=ORIENTED_EDGE('',*,*,#1046,.T.);
#1383=ORIENTED_EDGE('',*,*,#1016,.T.);
#1384=ORIENTED_EDGE('',*,*,#1047,.T.);
#1385=ORIENTED_EDGE('',*,*,#1043,.F.);
#1386=ORIENTED_EDGE('',*,*,#1048,.T.);
#1387=ORIENTED_EDGE('',*,*,#1041,.T.);
#1388=ORIENTED_EDGE('',*,*,#1049,.T.);
#1389=ORIENTED_EDGE('',*,*,#1045,.F.);
#1390=ORIENTED_EDGE('',*,*,#1050,.T.);
#1391=ORIENTED_EDGE('',*,*,#1051,.T.);
#1392=ORIENTED_EDGE('',*,*,#1052,.T.);
#1393=ORIENTED_EDGE('',*,*,#1053,.T.);
#1394=ORIENTED_EDGE('',*,*,#1054,.T.);
#1395=ORIENTED_EDGE('',*,*,#1055,.T.);
#1396=ORIENTED_EDGE('',*,*,#1056,.T.);
#1397=ORIENTED_EDGE('',*,*,#1057,.T.);
#1398=ORIENTED_EDGE('',*,*,#1058,.T.);
#1399=ORIENTED_EDGE('',*,*,#1059,.T.);
#1400=ORIENTED_EDGE('',*,*,#1060,.T.);
#1401=ORIENTED_EDGE('',*,*,#1061,.T.);
#1402=ORIENTED_EDGE('',*,*,#1062,.T.);
#1403=ORIENTED_EDGE('',*,*,#1063,.T.);
#1404=ORIENTED_EDGE('',*,*,#1064,.T.);
#1405=ORIENTED_EDGE('',*,*,#1065,.T.);
#1406=ORIENTED_EDGE('',*,*,#1066,.T.);
#1407=ORIENTED_EDGE('',*,*,#1067,.T.);
#1408=ORIENTED_EDGE('',*,*,#1068,.T.);
#1409=ORIENTED_EDGE('',*,*,#1069,.T.);
#1410=ORIENTED_EDGE('',*,*,#1070,.T.);
#1411=ORIENTED_EDGE('',*,*,#1071,.T.);
#1412=ORIENTED_EDGE('',*,*,#1072,.T.);
#1413=ORIENTED_EDGE('',*,*,#1073,.T.);
#1414=ORIENTED_EDGE('',*,*,#1074,.T.);
#1415=ORIENTED_EDGE('',*,*,#1075,.T.);
#1416=ORIENTED_EDGE('',*,*,#1076,.T.);
#1417=ORIENTED_EDGE('',*,*,#1077,.T.);
#1418=ORIENTED_EDGE('',*,*,#1078,.T.);
#1419=ORIENTED_EDGE('',*,*,#1079,.T.);
#1420=ORIENTED_EDGE('',*,*,#1080,.T.);
#1421=ORIENTED_EDGE('',*,*,#1081,.T.);
#1422=ORIENTED_EDGE('',*,*,#1082,.T.);
#1423=ORIENTED_EDGE('',*,*,#1083,.T.);
#1424=ORIENTED_EDGE('',*,*,#1084,.T.);
#1425=ORIENTED_EDGE('',*,*,#1085,.F.);
#1426=ORIENTED_EDGE('',*,*,#1086,.F.);
#1427=ORIENTED_EDGE('',*,*,#1087,.T.);
#1428=ORIENTED_EDGE('',*,*,#1088,.F.);
#1429=ORIENTED_EDGE('',*,*,#1089,.F.);
#1430=ORIENTED_EDGE('',*,*,#1090,.F.);
#1431=ORIENTED_EDGE('',*,*,#1091,.T.);
#1432=ORIENTED_EDGE('',*,*,#1092,.F.);
#1433=ORIENTED_EDGE('',*,*,#1091,.F.);
#1434=ORIENTED_EDGE('',*,*,#1093,.F.);
#1435=ORIENTED_EDGE('',*,*,#1087,.F.);
#1436=ORIENTED_EDGE('',*,*,#1094,.F.);
#1437=ORIENTED_EDGE('',*,*,#1088,.T.);
#1438=ORIENTED_EDGE('',*,*,#1093,.T.);
#1439=ORIENTED_EDGE('',*,*,#1090,.T.);
#1440=ORIENTED_EDGE('',*,*,#1095,.F.);
#1441=ORIENTED_EDGE('',*,*,#1096,.T.);
#1442=ORIENTED_EDGE('',*,*,#1097,.T.);
#1443=ORIENTED_EDGE('',*,*,#1068,.F.);
#1444=ORIENTED_EDGE('',*,*,#1098,.T.);
#1445=ORIENTED_EDGE('',*,*,#963,.T.);
#1446=ORIENTED_EDGE('',*,*,#960,.F.);
#1447=ORIENTED_EDGE('',*,*,#962,.F.);
#1448=ORIENTED_EDGE('',*,*,#954,.F.);
#1449=ORIENTED_EDGE('',*,*,#1039,.T.);
#1450=ORIENTED_EDGE('',*,*,#1037,.F.);
#1451=ORIENTED_EDGE('',*,*,#1030,.F.);
#1452=ORIENTED_EDGE('',*,*,#1033,.F.);
#1453=ORIENTED_EDGE('',*,*,#1002,.T.);
#1454=ORIENTED_EDGE('',*,*,#1001,.F.);
#1455=ORIENTED_EDGE('',*,*,#994,.F.);
#1456=ORIENTED_EDGE('',*,*,#997,.F.);
#1457=ORIENTED_EDGE('',*,*,#978,.T.);
#1458=ORIENTED_EDGE('',*,*,#974,.F.);
#1459=ORIENTED_EDGE('',*,*,#971,.F.);
#1460=ORIENTED_EDGE('',*,*,#976,.F.);
#1461=ORIENTED_EDGE('',*,*,#992,.T.);
#1462=ORIENTED_EDGE('',*,*,#987,.F.);
#1463=ORIENTED_EDGE('',*,*,#984,.F.);
#1464=ORIENTED_EDGE('',*,*,#989,.F.);
#1465=ORIENTED_EDGE('',*,*,#1042,.T.);
#1466=ORIENTED_EDGE('',*,*,#1050,.F.);
#1467=ORIENTED_EDGE('',*,*,#1044,.F.);
#1468=ORIENTED_EDGE('',*,*,#1047,.F.);
#1469=ORIENTED_EDGE('',*,*,#1015,.T.);
#1470=ORIENTED_EDGE('',*,*,#1011,.F.);
#1471=ORIENTED_EDGE('',*,*,#1008,.F.);
#1472=ORIENTED_EDGE('',*,*,#1013,.F.);
#1473=ORIENTED_EDGE('',*,*,#1028,.T.);
#1474=ORIENTED_EDGE('',*,*,#1026,.F.);
#1475=ORIENTED_EDGE('',*,*,#1019,.F.);
#1476=ORIENTED_EDGE('',*,*,#1022,.F.);
#1477=ORIENTED_EDGE('',*,*,#964,.T.);
#1478=ORIENTED_EDGE('',*,*,#1098,.F.);
#1479=ORIENTED_EDGE('',*,*,#1067,.F.);
#1480=ORIENTED_EDGE('',*,*,#1099,.T.);
#1481=ORIENTED_EDGE('',*,*,#1096,.F.);
#1482=ORIENTED_EDGE('',*,*,#1100,.F.);
#1483=ORIENTED_EDGE('',*,*,#1101,.T.);
#1484=ORIENTED_EDGE('',*,*,#1102,.T.);
#1485=ORIENTED_EDGE('',*,*,#1103,.T.);
#1486=ORIENTED_EDGE('',*,*,#1104,.F.);
#1487=ORIENTED_EDGE('',*,*,#1105,.T.);
#1488=ORIENTED_EDGE('',*,*,#1106,.T.);
#1489=ORIENTED_EDGE('',*,*,#1107,.T.);
#1490=ORIENTED_EDGE('',*,*,#1108,.F.);
#1491=ORIENTED_EDGE('',*,*,#1109,.T.);
#1492=ORIENTED_EDGE('',*,*,#1110,.T.);
#1493=ORIENTED_EDGE('',*,*,#1111,.T.);
#1494=ORIENTED_EDGE('',*,*,#1112,.F.);
#1495=ORIENTED_EDGE('',*,*,#1113,.T.);
#1496=ORIENTED_EDGE('',*,*,#1114,.T.);
#1497=ORIENTED_EDGE('',*,*,#1115,.T.);
#1498=ORIENTED_EDGE('',*,*,#1116,.F.);
#1499=ORIENTED_EDGE('',*,*,#1117,.T.);
#1500=ORIENTED_EDGE('',*,*,#1118,.T.);
#1501=ORIENTED_EDGE('',*,*,#1119,.T.);
#1502=ORIENTED_EDGE('',*,*,#1120,.F.);
#1503=ORIENTED_EDGE('',*,*,#1121,.T.);
#1504=ORIENTED_EDGE('',*,*,#1122,.T.);
#1505=ORIENTED_EDGE('',*,*,#1123,.T.);
#1506=ORIENTED_EDGE('',*,*,#1124,.F.);
#1507=ORIENTED_EDGE('',*,*,#1125,.T.);
#1508=ORIENTED_EDGE('',*,*,#1126,.T.);
#1509=ORIENTED_EDGE('',*,*,#1127,.T.);
#1510=ORIENTED_EDGE('',*,*,#1128,.F.);
#1511=ORIENTED_EDGE('',*,*,#1129,.T.);
#1512=ORIENTED_EDGE('',*,*,#1079,.F.);
#1513=ORIENTED_EDGE('',*,*,#1130,.T.);
#1514=ORIENTED_EDGE('',*,*,#1061,.F.);
#1515=ORIENTED_EDGE('',*,*,#1131,.T.);
#1516=ORIENTED_EDGE('',*,*,#1063,.F.);
#1517=ORIENTED_EDGE('',*,*,#1057,.F.);
#1518=ORIENTED_EDGE('',*,*,#1132,.T.);
#1519=ORIENTED_EDGE('',*,*,#1053,.F.);
#1520=ORIENTED_EDGE('',*,*,#1133,.T.);
#1521=ORIENTED_EDGE('',*,*,#1134,.T.);
#1522=ORIENTED_EDGE('',*,*,#1083,.F.);
#1523=ORIENTED_EDGE('',*,*,#1075,.F.);
#1524=ORIENTED_EDGE('',*,*,#1135,.T.);
#1525=ORIENTED_EDGE('',*,*,#1089,.T.);
#1526=ORIENTED_EDGE('',*,*,#1136,.T.);
#1527=ORIENTED_EDGE('',*,*,#1137,.T.);
#1528=ORIENTED_EDGE('',*,*,#1138,.T.);
#1529=ORIENTED_EDGE('',*,*,#1100,.T.);
#1530=ORIENTED_EDGE('',*,*,#1095,.T.);
#1531=ORIENTED_EDGE('',*,*,#1092,.T.);
#1532=ORIENTED_EDGE('',*,*,#1094,.T.);
#1533=ORIENTED_EDGE('',*,*,#1086,.T.);
#1534=ORIENTED_EDGE('',*,*,#1139,.F.);
#1535=ORIENTED_EDGE('',*,*,#1140,.T.);
#1536=ORIENTED_EDGE('',*,*,#1141,.T.);
#1537=ORIENTED_EDGE('',*,*,#1142,.T.);
#1538=ORIENTED_EDGE('',*,*,#1143,.F.);
#1539=ORIENTED_EDGE('',*,*,#1144,.T.);
#1540=ORIENTED_EDGE('',*,*,#1145,.T.);
#1541=ORIENTED_EDGE('',*,*,#1146,.T.);
#1542=ORIENTED_EDGE('',*,*,#1147,.F.);
#1543=ORIENTED_EDGE('',*,*,#1148,.T.);
#1544=ORIENTED_EDGE('',*,*,#1149,.T.);
#1545=ORIENTED_EDGE('',*,*,#1150,.T.);
#1546=ORIENTED_EDGE('',*,*,#1151,.F.);
#1547=ORIENTED_EDGE('',*,*,#1152,.T.);
#1548=ORIENTED_EDGE('',*,*,#1153,.T.);
#1549=ORIENTED_EDGE('',*,*,#1154,.T.);
#1550=ORIENTED_EDGE('',*,*,#1155,.F.);
#1551=ORIENTED_EDGE('',*,*,#1156,.T.);
#1552=ORIENTED_EDGE('',*,*,#1157,.T.);
#1553=ORIENTED_EDGE('',*,*,#1158,.T.);
#1554=ORIENTED_EDGE('',*,*,#1159,.F.);
#1555=ORIENTED_EDGE('',*,*,#1160,.T.);
#1556=ORIENTED_EDGE('',*,*,#1161,.T.);
#1557=ORIENTED_EDGE('',*,*,#1162,.T.);
#1558=ORIENTED_EDGE('',*,*,#1163,.F.);
#1559=ORIENTED_EDGE('',*,*,#1164,.T.);
#1560=ORIENTED_EDGE('',*,*,#1165,.T.);
#1561=ORIENTED_EDGE('',*,*,#1166,.T.);
#1562=ORIENTED_EDGE('',*,*,#1137,.F.);
#1563=ORIENTED_EDGE('',*,*,#1167,.T.);
#1564=ORIENTED_EDGE('',*,*,#1168,.T.);
#1565=ORIENTED_EDGE('',*,*,#1071,.F.);
#1566=ORIENTED_EDGE('',*,*,#1169,.T.);
#1567=ORIENTED_EDGE('',*,*,#966,.T.);
#1568=ORIENTED_EDGE('',*,*,#1023,.F.);
#1569=ORIENTED_EDGE('',*,*,#1021,.F.);
#1570=ORIENTED_EDGE('',*,*,#1025,.F.);
#1571=ORIENTED_EDGE('',*,*,#1027,.T.);
#1572=ORIENTED_EDGE('',*,*,#1014,.F.);
#1573=ORIENTED_EDGE('',*,*,#1006,.F.);
#1574=ORIENTED_EDGE('',*,*,#1010,.F.);
#1575=ORIENTED_EDGE('',*,*,#1017,.T.);
#1576=ORIENTED_EDGE('',*,*,#1048,.F.);
#1577=ORIENTED_EDGE('',*,*,#1046,.F.);
#1578=ORIENTED_EDGE('',*,*,#1049,.F.);
#1579=ORIENTED_EDGE('',*,*,#1040,.T.);
#1580=ORIENTED_EDGE('',*,*,#990,.F.);
#1581=ORIENTED_EDGE('',*,*,#982,.F.);
#1582=ORIENTED_EDGE('',*,*,#986,.F.);
#1583=ORIENTED_EDGE('',*,*,#991,.T.);
#1584=ORIENTED_EDGE('',*,*,#977,.F.);
#1585=ORIENTED_EDGE('',*,*,#969,.F.);
#1586=ORIENTED_EDGE('',*,*,#973,.F.);
#1587=ORIENTED_EDGE('',*,*,#980,.T.);
#1588=ORIENTED_EDGE('',*,*,#998,.F.);
#1589=ORIENTED_EDGE('',*,*,#996,.F.);
#1590=ORIENTED_EDGE('',*,*,#1000,.F.);
#1591=ORIENTED_EDGE('',*,*,#1004,.T.);
#1592=ORIENTED_EDGE('',*,*,#1034,.F.);
#1593=ORIENTED_EDGE('',*,*,#1032,.F.);
#1594=ORIENTED_EDGE('',*,*,#1036,.F.);
#1595=ORIENTED_EDGE('',*,*,#1038,.T.);
#1596=ORIENTED_EDGE('',*,*,#956,.F.);
#1597=ORIENTED_EDGE('',*,*,#961,.F.);
#1598=ORIENTED_EDGE('',*,*,#958,.F.);
#1599=ORIENTED_EDGE('',*,*,#967,.T.);
#1600=ORIENTED_EDGE('',*,*,#1169,.F.);
#1601=ORIENTED_EDGE('',*,*,#1070,.F.);
#1602=ORIENTED_EDGE('',*,*,#1170,.T.);
#1603=ORIENTED_EDGE('',*,*,#1167,.F.);
#1604=ORIENTED_EDGE('',*,*,#1136,.F.);
#1605=ORIENTED_EDGE('',*,*,#1171,.T.);
#1606=ORIENTED_EDGE('',*,*,#1051,.F.);
#1607=ORIENTED_EDGE('',*,*,#1172,.T.);
#1608=ORIENTED_EDGE('',*,*,#1055,.F.);
#1609=ORIENTED_EDGE('',*,*,#1059,.F.);
#1610=ORIENTED_EDGE('',*,*,#1173,.T.);
#1611=ORIENTED_EDGE('',*,*,#1174,.T.);
#1612=ORIENTED_EDGE('',*,*,#1073,.F.);
#1613=ORIENTED_EDGE('',*,*,#1077,.F.);
#1614=ORIENTED_EDGE('',*,*,#1175,.T.);
#1615=ORIENTED_EDGE('',*,*,#1065,.F.);
#1616=ORIENTED_EDGE('',*,*,#1176,.T.);
#1617=ORIENTED_EDGE('',*,*,#1081,.F.);
#1618=ORIENTED_EDGE('',*,*,#1177,.T.);
#1619=ORIENTED_EDGE('',*,*,#1178,.F.);
#1620=ORIENTED_EDGE('',*,*,#1118,.F.);
#1621=ORIENTED_EDGE('',*,*,#1179,.F.);
#1622=ORIENTED_EDGE('',*,*,#1149,.F.);
#1623=ORIENTED_EDGE('',*,*,#1180,.F.);
#1624=ORIENTED_EDGE('',*,*,#1119,.F.);
#1625=ORIENTED_EDGE('',*,*,#1178,.T.);
#1626=ORIENTED_EDGE('',*,*,#1148,.F.);
#1627=ORIENTED_EDGE('',*,*,#1181,.F.);
#1628=ORIENTED_EDGE('',*,*,#1150,.F.);
#1629=ORIENTED_EDGE('',*,*,#1179,.T.);
#1630=ORIENTED_EDGE('',*,*,#1117,.F.);
#1631=ORIENTED_EDGE('',*,*,#1180,.T.);
#1632=ORIENTED_EDGE('',*,*,#1147,.T.);
#1633=ORIENTED_EDGE('',*,*,#1182,.T.);
#1634=ORIENTED_EDGE('',*,*,#1120,.T.);
#1635=ORIENTED_EDGE('',*,*,#1183,.F.);
#1636=ORIENTED_EDGE('',*,*,#1114,.F.);
#1637=ORIENTED_EDGE('',*,*,#1184,.F.);
#1638=ORIENTED_EDGE('',*,*,#1153,.F.);
#1639=ORIENTED_EDGE('',*,*,#1185,.F.);
#1640=ORIENTED_EDGE('',*,*,#1115,.F.);
#1641=ORIENTED_EDGE('',*,*,#1183,.T.);
#1642=ORIENTED_EDGE('',*,*,#1152,.F.);
#1643=ORIENTED_EDGE('',*,*,#1186,.F.);
#1644=ORIENTED_EDGE('',*,*,#1154,.F.);
#1645=ORIENTED_EDGE('',*,*,#1184,.T.);
#1646=ORIENTED_EDGE('',*,*,#1113,.F.);
#1647=ORIENTED_EDGE('',*,*,#1181,.T.);
#1648=ORIENTED_EDGE('',*,*,#1116,.T.);
#1649=ORIENTED_EDGE('',*,*,#1185,.T.);
#1650=ORIENTED_EDGE('',*,*,#1151,.T.);
#1651=ORIENTED_EDGE('',*,*,#1187,.F.);
#1652=ORIENTED_EDGE('',*,*,#1145,.F.);
#1653=ORIENTED_EDGE('',*,*,#1188,.F.);
#1654=ORIENTED_EDGE('',*,*,#1122,.F.);
#1655=ORIENTED_EDGE('',*,*,#1182,.F.);
#1656=ORIENTED_EDGE('',*,*,#1146,.F.);
#1657=ORIENTED_EDGE('',*,*,#1187,.T.);
#1658=ORIENTED_EDGE('',*,*,#1121,.F.);
#1659=ORIENTED_EDGE('',*,*,#1189,.F.);
#1660=ORIENTED_EDGE('',*,*,#1123,.F.);
#1661=ORIENTED_EDGE('',*,*,#1188,.T.);
#1662=ORIENTED_EDGE('',*,*,#1144,.F.);
#1663=ORIENTED_EDGE('',*,*,#1189,.T.);
#1664=ORIENTED_EDGE('',*,*,#1143,.T.);
#1665=ORIENTED_EDGE('',*,*,#1190,.T.);
#1666=ORIENTED_EDGE('',*,*,#1124,.T.);
#1667=ORIENTED_EDGE('',*,*,#1191,.F.);
#1668=ORIENTED_EDGE('',*,*,#1106,.F.);
#1669=ORIENTED_EDGE('',*,*,#1192,.F.);
#1670=ORIENTED_EDGE('',*,*,#1161,.F.);
#1671=ORIENTED_EDGE('',*,*,#1193,.F.);
#1672=ORIENTED_EDGE('',*,*,#1107,.F.);
#1673=ORIENTED_EDGE('',*,*,#1191,.T.);
#1674=ORIENTED_EDGE('',*,*,#1160,.F.);
#1675=ORIENTED_EDGE('',*,*,#1194,.F.);
#1676=ORIENTED_EDGE('',*,*,#1162,.F.);
#1677=ORIENTED_EDGE('',*,*,#1192,.T.);
#1678=ORIENTED_EDGE('',*,*,#1105,.F.);
#1679=ORIENTED_EDGE('',*,*,#1193,.T.);
#1680=ORIENTED_EDGE('',*,*,#1159,.T.);
#1681=ORIENTED_EDGE('',*,*,#1195,.T.);
#1682=ORIENTED_EDGE('',*,*,#1108,.T.);
#1683=ORIENTED_EDGE('',*,*,#1196,.F.);
#1684=ORIENTED_EDGE('',*,*,#1165,.F.);
#1685=ORIENTED_EDGE('',*,*,#1197,.F.);
#1686=ORIENTED_EDGE('',*,*,#1102,.F.);
#1687=ORIENTED_EDGE('',*,*,#1138,.F.);
#1688=ORIENTED_EDGE('',*,*,#1166,.F.);
#1689=ORIENTED_EDGE('',*,*,#1196,.T.);
#1690=ORIENTED_EDGE('',*,*,#1101,.F.);
#1691=ORIENTED_EDGE('',*,*,#1198,.F.);
#1692=ORIENTED_EDGE('',*,*,#1103,.F.);
#1693=ORIENTED_EDGE('',*,*,#1197,.T.);
#1694=ORIENTED_EDGE('',*,*,#1164,.F.);
#1695=ORIENTED_EDGE('',*,*,#1194,.T.);
#1696=ORIENTED_EDGE('',*,*,#1104,.T.);
#1697=ORIENTED_EDGE('',*,*,#1198,.T.);
#1698=ORIENTED_EDGE('',*,*,#1163,.T.);
#1699=ORIENTED_EDGE('',*,*,#1199,.F.);
#1700=ORIENTED_EDGE('',*,*,#1141,.F.);
#1701=ORIENTED_EDGE('',*,*,#1200,.F.);
#1702=ORIENTED_EDGE('',*,*,#1126,.F.);
#1703=ORIENTED_EDGE('',*,*,#1190,.F.);
#1704=ORIENTED_EDGE('',*,*,#1142,.F.);
#1705=ORIENTED_EDGE('',*,*,#1199,.T.);
#1706=ORIENTED_EDGE('',*,*,#1125,.F.);
#1707=ORIENTED_EDGE('',*,*,#1201,.F.);
#1708=ORIENTED_EDGE('',*,*,#1127,.F.);
#1709=ORIENTED_EDGE('',*,*,#1200,.T.);
#1710=ORIENTED_EDGE('',*,*,#1140,.F.);
#1711=ORIENTED_EDGE('',*,*,#1085,.T.);
#1712=ORIENTED_EDGE('',*,*,#1128,.T.);
#1713=ORIENTED_EDGE('',*,*,#1201,.T.);
#1714=ORIENTED_EDGE('',*,*,#1139,.T.);
#1715=ORIENTED_EDGE('',*,*,#1186,.T.);
#1716=ORIENTED_EDGE('',*,*,#1112,.T.);
#1717=ORIENTED_EDGE('',*,*,#1202,.T.);
#1718=ORIENTED_EDGE('',*,*,#1155,.T.);
#1719=ORIENTED_EDGE('',*,*,#1203,.F.);
#1720=ORIENTED_EDGE('',*,*,#1157,.F.);
#1721=ORIENTED_EDGE('',*,*,#1204,.F.);
#1722=ORIENTED_EDGE('',*,*,#1110,.F.);
#1723=ORIENTED_EDGE('',*,*,#1195,.F.);
#1724=ORIENTED_EDGE('',*,*,#1158,.F.);
#1725=ORIENTED_EDGE('',*,*,#1203,.T.);
#1726=ORIENTED_EDGE('',*,*,#1109,.F.);
#1727=ORIENTED_EDGE('',*,*,#1202,.F.);
#1728=ORIENTED_EDGE('',*,*,#1111,.F.);
#1729=ORIENTED_EDGE('',*,*,#1204,.T.);
#1730=ORIENTED_EDGE('',*,*,#1156,.F.);
#1731=ORIENTED_EDGE('',*,*,#1171,.F.);
#1732=ORIENTED_EDGE('',*,*,#1054,.F.);
#1733=ORIENTED_EDGE('',*,*,#1133,.F.);
#1734=ORIENTED_EDGE('',*,*,#1052,.F.);
#1735=ORIENTED_EDGE('',*,*,#1172,.F.);
#1736=ORIENTED_EDGE('',*,*,#1058,.F.);
#1737=ORIENTED_EDGE('',*,*,#1132,.F.);
#1738=ORIENTED_EDGE('',*,*,#1056,.F.);
#1739=ORIENTED_EDGE('',*,*,#1173,.F.);
#1740=ORIENTED_EDGE('',*,*,#1062,.F.);
#1741=ORIENTED_EDGE('',*,*,#1130,.F.);
#1742=ORIENTED_EDGE('',*,*,#1060,.F.);
#1743=ORIENTED_EDGE('',*,*,#1131,.F.);
#1744=ORIENTED_EDGE('',*,*,#1066,.F.);
#1745=ORIENTED_EDGE('',*,*,#1176,.F.);
#1746=ORIENTED_EDGE('',*,*,#1064,.F.);
#1747=ORIENTED_EDGE('',*,*,#1099,.F.);
#1748=ORIENTED_EDGE('',*,*,#1072,.F.);
#1749=ORIENTED_EDGE('',*,*,#1168,.F.);
#1750=ORIENTED_EDGE('',*,*,#1170,.F.);
#1751=ORIENTED_EDGE('',*,*,#1069,.F.);
#1752=ORIENTED_EDGE('',*,*,#1097,.F.);
#1753=ORIENTED_EDGE('',*,*,#1174,.F.);
#1754=ORIENTED_EDGE('',*,*,#1076,.F.);
#1755=ORIENTED_EDGE('',*,*,#1135,.F.);
#1756=ORIENTED_EDGE('',*,*,#1074,.F.);
#1757=ORIENTED_EDGE('',*,*,#1175,.F.);
#1758=ORIENTED_EDGE('',*,*,#1080,.F.);
#1759=ORIENTED_EDGE('',*,*,#1129,.F.);
#1760=ORIENTED_EDGE('',*,*,#1078,.F.);
#1761=ORIENTED_EDGE('',*,*,#1177,.F.);
#1762=ORIENTED_EDGE('',*,*,#1084,.F.);
#1763=ORIENTED_EDGE('',*,*,#1134,.F.);
#1764=ORIENTED_EDGE('',*,*,#1082,.F.);
#1765=TOROIDAL_SURFACE('',#2004,70.,20.);
#1766=TOROIDAL_SURFACE('',#2018,70.,20.);
#1767=ADVANCED_FACE('',(#337),#1765,.F.);
#1768=ADVANCED_FACE('',(#338),#329,.F.);
#1769=ADVANCED_FACE('',(#339,#255),#273,.T.);
#1770=ADVANCED_FACE('',(#340),#330,.T.);
#1771=ADVANCED_FACE('',(#341,#256),#274,.T.);
#1772=ADVANCED_FACE('',(#342),#331,.F.);
#1773=ADVANCED_FACE('',(#343),#1766,.F.);
#1774=ADVANCED_FACE('',(#344),#332,.T.);
#1775=ADVANCED_FACE('',(#345,#257),#275,.T.);
#1776=ADVANCED_FACE('',(#346),#333,.F.);
#1777=ADVANCED_FACE('',(#347,#258),#276,.T.);
#1778=ADVANCED_FACE('',(#348),#334,.T.);
#1779=ADVANCED_FACE('',(#349),#155,.T.);
#1780=ADVANCED_FACE('',(#350),#156,.T.);
#1781=ADVANCED_FACE('',(#351),#157,.T.);
#1782=ADVANCED_FACE('',(#352),#158,.T.);
#1783=ADVANCED_FACE('',(#353),#159,.T.);
#1784=ADVANCED_FACE('',(#354),#160,.T.);
#1785=ADVANCED_FACE('',(#355),#161,.T.);
#1786=ADVANCED_FACE('',(#356),#162,.T.);
#1787=ADVANCED_FACE('',(#357),#163,.T.);
#1788=ADVANCED_FACE('',(#358),#164,.T.);
#1789=ADVANCED_FACE('',(#359),#277,.T.);
#1790=ADVANCED_FACE('',(#360),#278,.T.);
#1791=ADVANCED_FACE('',(#361),#279,.T.);
#1792=ADVANCED_FACE('',(#362),#165,.T.);
#1793=ADVANCED_FACE('',(#363),#166,.T.);
#1794=ADVANCED_FACE('',(#364),#280,.T.);
#1795=ADVANCED_FACE('',(#365),#281,.T.);
#1796=ADVANCED_FACE('',(#366),#167,.T.);
#1797=ADVANCED_FACE('',(#367),#168,.T.);
#1798=ADVANCED_FACE('',(#368),#282,.T.);
#1799=ADVANCED_FACE('',(#369),#283,.T.);
#1800=ADVANCED_FACE('',(#370),#169,.T.);
#1801=ADVANCED_FACE('',(#371),#170,.T.);
#1802=ADVANCED_FACE('',(#372),#284,.T.);
#1803=ADVANCED_FACE('',(#373),#285,.T.);
#1804=ADVANCED_FACE('',(#374),#171,.T.);
#1805=ADVANCED_FACE('',(#375),#172,.T.);
#1806=ADVANCED_FACE('',(#376),#286,.T.);
#1807=ADVANCED_FACE('',(#377),#287,.T.);
#1808=ADVANCED_FACE('',(#378),#173,.T.);
#1809=ADVANCED_FACE('',(#379),#174,.T.);
#1810=ADVANCED_FACE('',(#380),#288,.T.);
#1811=ADVANCED_FACE('',(#381),#289,.T.);
#1812=ADVANCED_FACE('',(#382),#175,.T.);
#1813=ADVANCED_FACE('',(#383),#176,.T.);
#1814=ADVANCED_FACE('',(#384),#290,.T.);
#1815=ADVANCED_FACE('',(#385),#291,.T.);
#1816=ADVANCED_FACE('',(#386),#292,.T.);
#1817=ADVANCED_FACE('',(#387),#177,.T.);
#1818=ADVANCED_FACE('',(#388),#178,.T.);
#1819=ADVANCED_FACE('',(#389),#179,.F.);
#1820=ADVANCED_FACE('',(#390),#180,.F.);
#1821=ADVANCED_FACE('',(#391),#181,.F.);
#1822=ADVANCED_FACE('',(#392),#182,.F.);
#1823=ADVANCED_FACE('',(#393),#183,.F.);
#1824=ADVANCED_FACE('',(#394),#184,.F.);
#1825=ADVANCED_FACE('',(#395),#185,.F.);
#1826=ADVANCED_FACE('',(#396),#186,.F.);
#1827=ADVANCED_FACE('',(#397),#187,.T.);
#1828=ADVANCED_FACE('',(#398),#188,.T.);
#1829=ADVANCED_FACE('',(#399),#293,.F.);
#1830=ADVANCED_FACE('',(#400,#259,#260,#261,#262,#263,#264,#265),#335,.F.);
#1831=ADVANCED_FACE('',(#401),#294,.F.);
#1832=ADVANCED_FACE('',(#402,#266,#267,#268,#269,#270,#271,#272),#336,.T.);
#1833=ADVANCED_FACE('',(#403),#295,.F.);
#1834=ADVANCED_FACE('',(#404),#189,.T.);
#1835=ADVANCED_FACE('',(#405),#190,.T.);
#1836=ADVANCED_FACE('',(#406),#296,.F.);
#1837=ADVANCED_FACE('',(#407),#297,.F.);
#1838=ADVANCED_FACE('',(#408),#191,.T.);
#1839=ADVANCED_FACE('',(#409),#192,.T.);
#1840=ADVANCED_FACE('',(#410),#298,.F.);
#1841=ADVANCED_FACE('',(#411),#299,.F.);
#1842=ADVANCED_FACE('',(#412),#193,.T.);
#1843=ADVANCED_FACE('',(#413),#194,.T.);
#1844=ADVANCED_FACE('',(#414),#300,.F.);
#1845=ADVANCED_FACE('',(#415),#301,.F.);
#1846=ADVANCED_FACE('',(#416),#195,.T.);
#1847=ADVANCED_FACE('',(#417),#196,.T.);
#1848=ADVANCED_FACE('',(#418),#302,.F.);
#1849=ADVANCED_FACE('',(#419),#303,.F.);
#1850=ADVANCED_FACE('',(#420),#197,.T.);
#1851=ADVANCED_FACE('',(#421),#198,.T.);
#1852=ADVANCED_FACE('',(#422),#304,.F.);
#1853=ADVANCED_FACE('',(#423),#305,.F.);
#1854=ADVANCED_FACE('',(#424),#199,.T.);
#1855=ADVANCED_FACE('',(#425),#200,.T.);
#1856=ADVANCED_FACE('',(#426),#306,.F.);
#1857=ADVANCED_FACE('',(#427),#307,.F.);
#1858=ADVANCED_FACE('',(#428),#308,.F.);
#1859=ADVANCED_FACE('',(#429),#201,.T.);
#1860=ADVANCED_FACE('',(#430),#202,.T.);
#1861=ADVANCED_FACE('',(#431),#203,.F.);
#1862=ADVANCED_FACE('',(#432),#204,.F.);
#1863=ADVANCED_FACE('',(#433),#205,.F.);
#1864=ADVANCED_FACE('',(#434),#206,.F.);
#1865=ADVANCED_FACE('',(#435),#207,.F.);
#1866=ADVANCED_FACE('',(#436),#208,.F.);
#1867=ADVANCED_FACE('',(#437),#209,.F.);
#1868=ADVANCED_FACE('',(#438),#210,.F.);
#1869=CLOSED_SHELL('',(#1767,#1768,#1769,#1770,#1771,#1772));
#1870=CLOSED_SHELL('',(#1773,#1774,#1775,#1776,#1777,#1778));
#1871=CLOSED_SHELL('',(#1779));
#1872=CLOSED_SHELL('',(#1780));
#1873=CLOSED_SHELL('',(#1781));
#1874=CLOSED_SHELL('',(#1782));
#1875=CLOSED_SHELL('',(#1783));
#1876=CLOSED_SHELL('',(#1784));
#1877=CLOSED_SHELL('',(#1785));
#1878=CLOSED_SHELL('',(#1786));
#1879=CLOSED_SHELL('',(#1787,#1788,#1789,#1790,#1791,#1792,#1793,#1794,
#1795,#1796,#1797,#1798,#1799,#1800,#1801,#1802,#1803,#1804,#1805,#1806,
#1807,#1808,#1809,#1810,#1811,#1812,#1813,#1814,#1815,#1816,#1817,#1818,
#1819,#1820,#1821,#1822,#1823,#1824,#1825,#1826,#1827,#1828,#1829,#1830,
#1831,#1832,#1833,#1834,#1835,#1836,#1837,#1838,#1839,#1840,#1841,#1842,
#1843,#1844,#1845,#1846,#1847,#1848,#1849,#1850,#1851,#1852,#1853,#1854,
#1855,#1856,#1857,#1858,#1859,#1860,#1861,#1862,#1863,#1864,#1865,#1866,
#1867,#1868));
#1880=DERIVED_UNIT_ELEMENT(#1902,1.);
#1881=DERIVED_UNIT_ELEMENT(#5673,-3.);
#1882=DERIVED_UNIT_ELEMENT(#1902,1.);
#1883=DERIVED_UNIT_ELEMENT(#5673,-3.);
#1884=DERIVED_UNIT_ELEMENT(#1902,1.);
#1885=DERIVED_UNIT_ELEMENT(#5673,-3.);
#1886=DERIVED_UNIT_ELEMENT(#1902,1.);
#1887=DERIVED_UNIT_ELEMENT(#5673,-3.);
#1888=DERIVED_UNIT_ELEMENT(#1902,1.);
#1889=DERIVED_UNIT_ELEMENT(#5673,-3.);
#1890=DERIVED_UNIT_ELEMENT(#1902,1.);
#1891=DERIVED_UNIT_ELEMENT(#5673,-3.);
#1892=DERIVED_UNIT_ELEMENT(#1902,1.);
#1893=DERIVED_UNIT_ELEMENT(#5673,-3.);
#1894=DERIVED_UNIT_ELEMENT(#1902,1.);
#1895=DERIVED_UNIT_ELEMENT(#5673,-3.);
#1896=DERIVED_UNIT_ELEMENT(#1902,1.);
#1897=DERIVED_UNIT_ELEMENT(#5673,-3.);
#1898=DERIVED_UNIT_ELEMENT(#1902,1.);
#1899=DERIVED_UNIT_ELEMENT(#5673,-3.);
#1900=DERIVED_UNIT_ELEMENT(#1902,1.);
#1901=DERIVED_UNIT_ELEMENT(#5673,-3.);
#1902=(
MASS_UNIT()
NAMED_UNIT(*)
SI_UNIT(.KILO.,.GRAM.)
);
#1903=DERIVED_UNIT((#1880,#1881));
#1904=DERIVED_UNIT((#1882,#1883));
#1905=DERIVED_UNIT((#1884,#1885));
#1906=DERIVED_UNIT((#1886,#1887));
#1907=DERIVED_UNIT((#1888,#1889));
#1908=DERIVED_UNIT((#1890,#1891));
#1909=DERIVED_UNIT((#1892,#1893));
#1910=DERIVED_UNIT((#1894,#1895));
#1911=DERIVED_UNIT((#1896,#1897));
#1912=DERIVED_UNIT((#1898,#1899));
#1913=DERIVED_UNIT((#1900,#1901));
#1914=MEASURE_REPRESENTATION_ITEM('density measure',
POSITIVE_RATIO_MEASURE(7850.),#1903);
#1915=MEASURE_REPRESENTATION_ITEM('density measure',
POSITIVE_RATIO_MEASURE(7850.),#1904);
#1916=MEASURE_REPRESENTATION_ITEM('density measure',
POSITIVE_RATIO_MEASURE(7850.),#1905);
#1917=MEASURE_REPRESENTATION_ITEM('density measure',
POSITIVE_RATIO_MEASURE(7850.),#1906);
#1918=MEASURE_REPRESENTATION_ITEM('density measure',
POSITIVE_RATIO_MEASURE(7850.),#1907);
#1919=MEASURE_REPRESENTATION_ITEM('density measure',
POSITIVE_RATIO_MEASURE(7850.),#1908);
#1920=MEASURE_REPRESENTATION_ITEM('density measure',
POSITIVE_RATIO_MEASURE(7850.),#1909);
#1921=MEASURE_REPRESENTATION_ITEM('density measure',
POSITIVE_RATIO_MEASURE(7850.),#1910);
#1922=MEASURE_REPRESENTATION_ITEM('density measure',
POSITIVE_RATIO_MEASURE(7850.),#1911);
#1923=MEASURE_REPRESENTATION_ITEM('density measure',
POSITIVE_RATIO_MEASURE(7850.),#1912);
#1924=MEASURE_REPRESENTATION_ITEM('density measure',
POSITIVE_RATIO_MEASURE(7850.),#1913);
#1925=PROPERTY_DEFINITION_REPRESENTATION(#1980,#1947);
#1926=PROPERTY_DEFINITION_REPRESENTATION(#1981,#1948);
#1927=PROPERTY_DEFINITION_REPRESENTATION(#1982,#1949);
#1928=PROPERTY_DEFINITION_REPRESENTATION(#1983,#1950);
#1929=PROPERTY_DEFINITION_REPRESENTATION(#1984,#1951);
#1930=PROPERTY_DEFINITION_REPRESENTATION(#1985,#1952);
#1931=PROPERTY_DEFINITION_REPRESENTATION(#1986,#1953);
#1932=PROPERTY_DEFINITION_REPRESENTATION(#1987,#1954);
#1933=PROPERTY_DEFINITION_REPRESENTATION(#1988,#1955);
#1934=PROPERTY_DEFINITION_REPRESENTATION(#1989,#1956);
#1935=PROPERTY_DEFINITION_REPRESENTATION(#1990,#1957);
#1936=PROPERTY_DEFINITION_REPRESENTATION(#1991,#1958);
#1937=PROPERTY_DEFINITION_REPRESENTATION(#1992,#1959);
#1938=PROPERTY_DEFINITION_REPRESENTATION(#1993,#1960);
#1939=PROPERTY_DEFINITION_REPRESENTATION(#1994,#1961);
#1940=PROPERTY_DEFINITION_REPRESENTATION(#1995,#1962);
#1941=PROPERTY_DEFINITION_REPRESENTATION(#1996,#1963);
#1942=PROPERTY_DEFINITION_REPRESENTATION(#1997,#1964);
#1943=PROPERTY_DEFINITION_REPRESENTATION(#1998,#1965);
#1944=PROPERTY_DEFINITION_REPRESENTATION(#1999,#1966);
#1945=PROPERTY_DEFINITION_REPRESENTATION(#2000,#1967);
#1946=PROPERTY_DEFINITION_REPRESENTATION(#2001,#1968);
#1947=REPRESENTATION('material name',(#1969),#5660);
#1948=REPRESENTATION('density',(#1914),#5660);
#1949=REPRESENTATION('material name',(#1970),#5661);
#1950=REPRESENTATION('density',(#1915),#5661);
#1951=REPRESENTATION('material name',(#1971),#5662);
#1952=REPRESENTATION('density',(#1916),#5662);
#1953=REPRESENTATION('material name',(#1972),#5663);
#1954=REPRESENTATION('density',(#1917),#5663);
#1955=REPRESENTATION('material name',(#1973),#5664);
#1956=REPRESENTATION('density',(#1918),#5664);
#1957=REPRESENTATION('material name',(#1974),#5665);
#1958=REPRESENTATION('density',(#1919),#5665);
#1959=REPRESENTATION('material name',(#1975),#5666);
#1960=REPRESENTATION('density',(#1920),#5666);
#1961=REPRESENTATION('material name',(#1976),#5667);
#1962=REPRESENTATION('density',(#1921),#5667);
#1963=REPRESENTATION('material name',(#1977),#5668);
#1964=REPRESENTATION('density',(#1922),#5668);
#1965=REPRESENTATION('material name',(#1978),#5669);
#1966=REPRESENTATION('density',(#1923),#5669);
#1967=REPRESENTATION('material name',(#1979),#5670);
#1968=REPRESENTATION('density',(#1924),#5670);
#1969=DESCRIPTIVE_REPRESENTATION_ITEM('Steel','Steel');
#1970=DESCRIPTIVE_REPRESENTATION_ITEM('Steel','Steel');
#1971=DESCRIPTIVE_REPRESENTATION_ITEM('Steel','Steel');
#1972=DESCRIPTIVE_REPRESENTATION_ITEM('Steel','Steel');
#1973=DESCRIPTIVE_REPRESENTATION_ITEM('Steel','Steel');
#1974=DESCRIPTIVE_REPRESENTATION_ITEM('Steel','Steel');
#1975=DESCRIPTIVE_REPRESENTATION_ITEM('Steel','Steel');
#1976=DESCRIPTIVE_REPRESENTATION_ITEM('Steel','Steel');
#1977=DESCRIPTIVE_REPRESENTATION_ITEM('Steel','Steel');
#1978=DESCRIPTIVE_REPRESENTATION_ITEM('Steel','Steel');
#1979=DESCRIPTIVE_REPRESENTATION_ITEM('Steel','Steel');
#1980=PROPERTY_DEFINITION('material property','material name',#5725);
#1981=PROPERTY_DEFINITION('material property','density of part',#5725);
#1982=PROPERTY_DEFINITION('material property','material name',#5726);
#1983=PROPERTY_DEFINITION('material property','density of part',#5726);
#1984=PROPERTY_DEFINITION('material property','material name',#5727);
#1985=PROPERTY_DEFINITION('material property','density of part',#5727);
#1986=PROPERTY_DEFINITION('material property','material name',#5728);
#1987=PROPERTY_DEFINITION('material property','density of part',#5728);
#1988=PROPERTY_DEFINITION('material property','material name',#5729);
#1989=PROPERTY_DEFINITION('material property','density of part',#5729);
#1990=PROPERTY_DEFINITION('material property','material name',#5730);
#1991=PROPERTY_DEFINITION('material property','density of part',#5730);
#1992=PROPERTY_DEFINITION('material property','material name',#5731);
#1993=PROPERTY_DEFINITION('material property','density of part',#5731);
#1994=PROPERTY_DEFINITION('material property','material name',#5732);
#1995=PROPERTY_DEFINITION('material property','density of part',#5732);
#1996=PROPERTY_DEFINITION('material property','material name',#5733);
#1997=PROPERTY_DEFINITION('material property','density of part',#5733);
#1998=PROPERTY_DEFINITION('material property','material name',#5734);
#1999=PROPERTY_DEFINITION('material property','density of part',#5734);
#2000=PROPERTY_DEFINITION('material property','material name',#5735);
#2001=PROPERTY_DEFINITION('material property','density of part',#5735);
#2002=AXIS2_PLACEMENT_3D('',#2897,#2297,#2298);
#2003=AXIS2_PLACEMENT_3D('',#2898,#2299,#2300);
#2004=AXIS2_PLACEMENT_3D('',#2899,#2301,#2302);
#2005=AXIS2_PLACEMENT_3D('',#2901,#2303,#2304);
#2006=AXIS2_PLACEMENT_3D('',#2903,#2305,#2306);
#2007=AXIS2_PLACEMENT_3D('',#2904,#2307,#2308);
#2008=AXIS2_PLACEMENT_3D('',#2905,#2309,#2310);
#2009=AXIS2_PLACEMENT_3D('',#2908,#2312,#2313);
#2010=AXIS2_PLACEMENT_3D('',#2909,#2314,#2315);
#2011=AXIS2_PLACEMENT_3D('',#2911,#2316,#2317);
#2012=AXIS2_PLACEMENT_3D('',#2912,#2318,#2319);
#2013=AXIS2_PLACEMENT_3D('',#2914,#2320,#2321);
#2014=AXIS2_PLACEMENT_3D('',#2916,#2323,#2324);
#2015=AXIS2_PLACEMENT_3D('',#2918,#2325,#2326);
#2016=AXIS2_PLACEMENT_3D('',#2919,#2327,#2328);
#2017=AXIS2_PLACEMENT_3D('',#2921,#2330,#2331);
#2018=AXIS2_PLACEMENT_3D('',#2922,#2332,#2333);
#2019=AXIS2_PLACEMENT_3D('',#2924,#2334,#2335);
#2020=AXIS2_PLACEMENT_3D('',#2926,#2336,#2337);
#2021=AXIS2_PLACEMENT_3D('',#2927,#2338,#2339);
#2022=AXIS2_PLACEMENT_3D('',#2928,#2340,#2341);
#2023=AXIS2_PLACEMENT_3D('',#2930,#2342,#2343);
#2024=AXIS2_PLACEMENT_3D('',#2932,#2345,#2346);
#2025=AXIS2_PLACEMENT_3D('',#2934,#2347,#2348);
#2026=AXIS2_PLACEMENT_3D('',#2935,#2349,#2350);
#2027=AXIS2_PLACEMENT_3D('',#2938,#2352,#2353);
#2028=AXIS2_PLACEMENT_3D('',#2939,#2354,#2355);
#2029=AXIS2_PLACEMENT_3D('',#2941,#2356,#2357);
#2030=AXIS2_PLACEMENT_3D('',#2942,#2358,#2359);
#2031=AXIS2_PLACEMENT_3D('',#2944,#2361,#2362);
#2032=AXIS2_PLACEMENT_3D('',#2945,#2363,#2364);
#2033=AXIS2_PLACEMENT_3D('',#2948,#2365,#2366);
#2034=AXIS2_PLACEMENT_3D('',#2949,#2367,#2368);
#2035=AXIS2_PLACEMENT_3D('',#2950,#2369,#2370);
#2036=AXIS2_PLACEMENT_3D('',#2953,#2371,#2372);
#2037=AXIS2_PLACEMENT_3D('',#2954,#2373,#2374);
#2038=AXIS2_PLACEMENT_3D('',#2955,#2375,#2376);
#2039=AXIS2_PLACEMENT_3D('',#2958,#2377,#2378);
#2040=AXIS2_PLACEMENT_3D('',#2959,#2379,#2380);
#2041=AXIS2_PLACEMENT_3D('',#2960,#2381,#2382);
#2042=AXIS2_PLACEMENT_3D('',#2963,#2383,#2384);
#2043=AXIS2_PLACEMENT_3D('',#2964,#2385,#2386);
#2044=AXIS2_PLACEMENT_3D('',#2965,#2387,#2388);
#2045=AXIS2_PLACEMENT_3D('',#2968,#2389,#2390);
#2046=AXIS2_PLACEMENT_3D('',#2969,#2391,#2392);
#2047=AXIS2_PLACEMENT_3D('',#2970,#2393,#2394);
#2048=AXIS2_PLACEMENT_3D('',#2973,#2395,#2396);
#2049=AXIS2_PLACEMENT_3D('',#2974,#2397,#2398);
#2050=AXIS2_PLACEMENT_3D('',#2975,#2399,#2400);
#2051=AXIS2_PLACEMENT_3D('',#2978,#2401,#2402);
#2052=AXIS2_PLACEMENT_3D('',#2979,#2403,#2404);
#2053=AXIS2_PLACEMENT_3D('',#2980,#2405,#2406);
#2054=AXIS2_PLACEMENT_3D('',#2983,#2407,#2408);
#2055=AXIS2_PLACEMENT_3D('',#2984,#2409,#2410);
#2056=AXIS2_PLACEMENT_3D('',#2985,#2411,#2412);
#2057=AXIS2_PLACEMENT_3D('',#2988,#2413,#2414);
#2058=AXIS2_PLACEMENT_3D('',#3005,#2415,#2416);
#2059=AXIS2_PLACEMENT_3D('',#3024,#2417,#2418);
#2060=AXIS2_PLACEMENT_3D('',#3027,#2419,#2420);
#2061=AXIS2_PLACEMENT_3D('',#3048,#2421,#2422);
#2062=AXIS2_PLACEMENT_3D('',#3063,#2423,#2424);
#2063=AXIS2_PLACEMENT_3D('',#3064,#2425,#2426);
#2064=AXIS2_PLACEMENT_3D('',#3065,#2427,#2428);
#2065=AXIS2_PLACEMENT_3D('',#3066,#2429,#2430);
#2066=AXIS2_PLACEMENT_3D('',#3068,#2431,#2432);
#2067=AXIS2_PLACEMENT_3D('',#3070,#2433,#2434);
#2068=AXIS2_PLACEMENT_3D('',#3072,#2435,#2436);
#2069=AXIS2_PLACEMENT_3D('',#3074,#2437,#2438);
#2070=AXIS2_PLACEMENT_3D('',#3075,#2439,#2440);
#2071=AXIS2_PLACEMENT_3D('',#3076,#2441,#2442);
#2072=AXIS2_PLACEMENT_3D('',#3079,#2443,#2444);
#2073=AXIS2_PLACEMENT_3D('',#3081,#2445,#2446);
#2074=AXIS2_PLACEMENT_3D('',#3083,#2447,#2448);
#2075=AXIS2_PLACEMENT_3D('',#3084,#2449,#2450);
#2076=AXIS2_PLACEMENT_3D('',#3085,#2451,#2452);
#2077=AXIS2_PLACEMENT_3D('',#3088,#2453,#2454);
#2078=AXIS2_PLACEMENT_3D('',#3121,#2455,#2456);
#2079=AXIS2_PLACEMENT_3D('',#3124,#2457,#2458);
#2080=AXIS2_PLACEMENT_3D('',#3157,#2459,#2460);
#2081=AXIS2_PLACEMENT_3D('',#3159,#2461,#2462);
#2082=AXIS2_PLACEMENT_3D('',#3161,#2463,#2464);
#2083=AXIS2_PLACEMENT_3D('',#3162,#2465,#2466);
#2084=AXIS2_PLACEMENT_3D('',#3163,#2467,#2468);
#2085=AXIS2_PLACEMENT_3D('',#3166,#2469,#2470);
#2086=AXIS2_PLACEMENT_3D('',#3168,#2471,#2472);
#2087=AXIS2_PLACEMENT_3D('',#3170,#2473,#2474);
#2088=AXIS2_PLACEMENT_3D('',#3171,#2475,#2476);
#2089=AXIS2_PLACEMENT_3D('',#3172,#2477,#2478);
#2090=AXIS2_PLACEMENT_3D('',#3175,#2479,#2480);
#2091=AXIS2_PLACEMENT_3D('',#3208,#2481,#2482);
#2092=AXIS2_PLACEMENT_3D('',#3211,#2483,#2484);
#2093=AXIS2_PLACEMENT_3D('',#3244,#2485,#2486);
#2094=AXIS2_PLACEMENT_3D('',#3245,#2487,#2488);
#2095=AXIS2_PLACEMENT_3D('',#3246,#2489,#2490);
#2096=AXIS2_PLACEMENT_3D('',#3247,#2491,#2492);
#2097=AXIS2_PLACEMENT_3D('',#3250,#2493,#2494);
#2098=AXIS2_PLACEMENT_3D('',#3252,#2495,#2496);
#2099=AXIS2_PLACEMENT_3D('',#3254,#2497,#2498);
#2100=AXIS2_PLACEMENT_3D('',#3255,#2499,#2500);
#2101=AXIS2_PLACEMENT_3D('',#3256,#2501,#2502);
#2102=AXIS2_PLACEMENT_3D('',#3289,#2503,#2504);
#2103=AXIS2_PLACEMENT_3D('',#3292,#2505,#2506);
#2104=AXIS2_PLACEMENT_3D('',#3325,#2507,#2508);
#2105=AXIS2_PLACEMENT_3D('',#3327,#2509,#2510);
#2106=AXIS2_PLACEMENT_3D('',#3329,#2511,#2512);
#2107=AXIS2_PLACEMENT_3D('',#3330,#2513,#2514);
#2108=AXIS2_PLACEMENT_3D('',#3331,#2515,#2516);
#2109=AXIS2_PLACEMENT_3D('',#3334,#2517,#2518);
#2110=AXIS2_PLACEMENT_3D('',#3336,#2519,#2520);
#2111=AXIS2_PLACEMENT_3D('',#3338,#2521,#2522);
#2112=AXIS2_PLACEMENT_3D('',#3339,#2523,#2524);
#2113=AXIS2_PLACEMENT_3D('',#3340,#2525,#2526);
#2114=AXIS2_PLACEMENT_3D('',#3343,#2527,#2528);
#2115=AXIS2_PLACEMENT_3D('',#3376,#2529,#2530);
#2116=AXIS2_PLACEMENT_3D('',#3379,#2531,#2532);
#2117=AXIS2_PLACEMENT_3D('',#3412,#2533,#2534);
#2118=AXIS2_PLACEMENT_3D('',#3414,#2535,#2536);
#2119=AXIS2_PLACEMENT_3D('',#3416,#2537,#2538);
#2120=AXIS2_PLACEMENT_3D('',#3417,#2539,#2540);
#2121=AXIS2_PLACEMENT_3D('',#3418,#2541,#2542);
#2122=AXIS2_PLACEMENT_3D('',#3421,#2543,#2544);
#2123=AXIS2_PLACEMENT_3D('',#3423,#2545,#2546);
#2124=AXIS2_PLACEMENT_3D('',#3425,#2547,#2548);
#2125=AXIS2_PLACEMENT_3D('',#3426,#2549,#2550);
#2126=AXIS2_PLACEMENT_3D('',#3427,#2551,#2552);
#2127=AXIS2_PLACEMENT_3D('',#3460,#2553,#2554);
#2128=AXIS2_PLACEMENT_3D('',#3463,#2555,#2556);
#2129=AXIS2_PLACEMENT_3D('',#3496,#2557,#2558);
#2130=AXIS2_PLACEMENT_3D('',#3497,#2559,#2560);
#2131=AXIS2_PLACEMENT_3D('',#3498,#2561,#2562);
#2132=AXIS2_PLACEMENT_3D('',#3499,#2563,#2564);
#2133=AXIS2_PLACEMENT_3D('',#3502,#2565,#2566);
#2134=AXIS2_PLACEMENT_3D('',#3504,#2567,#2568);
#2135=AXIS2_PLACEMENT_3D('',#3506,#2569,#2570);
#2136=AXIS2_PLACEMENT_3D('',#3507,#2571,#2572);
#2137=AXIS2_PLACEMENT_3D('',#3508,#2573,#2574);
#2138=AXIS2_PLACEMENT_3D('',#3541,#2575,#2576);
#2139=AXIS2_PLACEMENT_3D('',#3544,#2577,#2578);
#2140=AXIS2_PLACEMENT_3D('',#3577,#2579,#2580);
#2141=AXIS2_PLACEMENT_3D('',#3578,#2581,#2582);
#2142=AXIS2_PLACEMENT_3D('',#3579,#2583,#2584);
#2143=AXIS2_PLACEMENT_3D('',#3580,#2585,#2586);
#2144=AXIS2_PLACEMENT_3D('',#3582,#2587,#2588);
#2145=AXIS2_PLACEMENT_3D('',#3584,#2589,#2590);
#2146=AXIS2_PLACEMENT_3D('',#3585,#2591,#2592);
#2147=AXIS2_PLACEMENT_3D('',#3586,#2593,#2594);
#2148=AXIS2_PLACEMENT_3D('',#3589,#2595,#2596);
#2149=AXIS2_PLACEMENT_3D('',#3591,#2597,#2598);
#2150=AXIS2_PLACEMENT_3D('',#3593,#2599,#2600);
#2151=AXIS2_PLACEMENT_3D('',#3594,#2601,#2602);
#2152=AXIS2_PLACEMENT_3D('',#3595,#2603,#2604);
#2153=AXIS2_PLACEMENT_3D('',#3628,#2605,#2606);
#2154=AXIS2_PLACEMENT_3D('',#3661,#2607,#2608);
#2155=AXIS2_PLACEMENT_3D('',#3707,#2609,#2610);
#2156=AXIS2_PLACEMENT_3D('',#3743,#2611,#2612);
#2157=AXIS2_PLACEMENT_3D('',#3744,#2613,#2614);
#2158=AXIS2_PLACEMENT_3D('',#3790,#2615,#2616);
#2159=AXIS2_PLACEMENT_3D('',#3826,#2617,#2618);
#2160=AXIS2_PLACEMENT_3D('',#3827,#2619,#2620);
#2161=AXIS2_PLACEMENT_3D('',#3873,#2621,#2622);
#2162=AXIS2_PLACEMENT_3D('',#3909,#2623,#2624);
#2163=AXIS2_PLACEMENT_3D('',#3910,#2625,#2626);
#2164=AXIS2_PLACEMENT_3D('',#3948,#2627,#2628);
#2165=AXIS2_PLACEMENT_3D('',#3992,#2629,#2630);
#2166=AXIS2_PLACEMENT_3D('',#3993,#2631,#2632);
#2167=AXIS2_PLACEMENT_3D('',#4034,#2633,#2634);
#2168=AXIS2_PLACEMENT_3D('',#4081,#2635,#2636);
#2169=AXIS2_PLACEMENT_3D('',#4082,#2637,#2638);
#2170=AXIS2_PLACEMENT_3D('',#4128,#2639,#2640);
#2171=AXIS2_PLACEMENT_3D('',#4164,#2641,#2642);
#2172=AXIS2_PLACEMENT_3D('',#4165,#2643,#2644);
#2173=AXIS2_PLACEMENT_3D('',#4211,#2645,#2646);
#2174=AXIS2_PLACEMENT_3D('',#4247,#2647,#2648);
#2175=AXIS2_PLACEMENT_3D('',#4248,#2649,#2650);
#2176=AXIS2_PLACEMENT_3D('',#4294,#2651,#2652);
#2177=AXIS2_PLACEMENT_3D('',#4330,#2653,#2654);
#2178=AXIS2_PLACEMENT_3D('',#4331,#2655,#2656);
#2179=AXIS2_PLACEMENT_3D('',#4334,#2657,#2658);
#2180=AXIS2_PLACEMENT_3D('',#4355,#2659,#2660);
#2181=AXIS2_PLACEMENT_3D('',#4370,#2661,#2662);
#2182=AXIS2_PLACEMENT_3D('',#4373,#2663,#2664);
#2183=AXIS2_PLACEMENT_3D('',#4390,#2665,#2666);
#2184=AXIS2_PLACEMENT_3D('',#4409,#2667,#2668);
#2185=AXIS2_PLACEMENT_3D('',#4410,#2669,#2670);
#2186=AXIS2_PLACEMENT_3D('',#4411,#2671,#2672);
#2187=AXIS2_PLACEMENT_3D('',#4412,#2673,#2674);
#2188=AXIS2_PLACEMENT_3D('',#4414,#2675,#2676);
#2189=AXIS2_PLACEMENT_3D('',#4455,#2679,#2680);
#2190=AXIS2_PLACEMENT_3D('',#4472,#2681,#2682);
#2191=AXIS2_PLACEMENT_3D('',#4489,#2683,#2684);
#2192=AXIS2_PLACEMENT_3D('',#4506,#2685,#2686);
#2193=AXIS2_PLACEMENT_3D('',#4523,#2687,#2688);
#2194=AXIS2_PLACEMENT_3D('',#4540,#2689,#2690);
#2195=AXIS2_PLACEMENT_3D('',#4557,#2691,#2692);
#2196=AXIS2_PLACEMENT_3D('',#4574,#2693,#2694);
#2197=AXIS2_PLACEMENT_3D('',#4591,#2695,#2696);
#2198=AXIS2_PLACEMENT_3D('',#4608,#2697,#2698);
#2199=AXIS2_PLACEMENT_3D('',#4625,#2699,#2700);
#2200=AXIS2_PLACEMENT_3D('',#4642,#2701,#2702);
#2201=AXIS2_PLACEMENT_3D('',#4659,#2703,#2704);
#2202=AXIS2_PLACEMENT_3D('',#4676,#2705,#2706);
#2203=AXIS2_PLACEMENT_3D('',#4692,#2707,#2708);
#2204=AXIS2_PLACEMENT_3D('',#4931,#2709,#2710);
#2205=AXIS2_PLACEMENT_3D('',#4933,#2711,#2712);
#2206=AXIS2_PLACEMENT_3D('',#4935,#2713,#2714);
#2207=AXIS2_PLACEMENT_3D('',#4936,#2715,#2716);
#2208=AXIS2_PLACEMENT_3D('',#4937,#2717,#2718);
#2209=AXIS2_PLACEMENT_3D('',#4939,#2719,#2720);
#2210=AXIS2_PLACEMENT_3D('',#4960,#2721,#2722);
#2211=AXIS2_PLACEMENT_3D('',#4981,#2723,#2724);
#2212=AXIS2_PLACEMENT_3D('',#5002,#2725,#2726);
#2213=AXIS2_PLACEMENT_3D('',#5023,#2727,#2728);
#2214=AXIS2_PLACEMENT_3D('',#5044,#2729,#2730);
#2215=AXIS2_PLACEMENT_3D('',#5065,#2731,#2732);
#2216=AXIS2_PLACEMENT_3D('',#5086,#2733,#2734);
#2217=AXIS2_PLACEMENT_3D('',#5107,#2735,#2736);
#2218=AXIS2_PLACEMENT_3D('',#5128,#2737,#2738);
#2219=AXIS2_PLACEMENT_3D('',#5149,#2739,#2740);
#2220=AXIS2_PLACEMENT_3D('',#5170,#2741,#2742);
#2221=AXIS2_PLACEMENT_3D('',#5191,#2743,#2744);
#2222=AXIS2_PLACEMENT_3D('',#5212,#2745,#2746);
#2223=AXIS2_PLACEMENT_3D('',#5572,#2749,#2750);
#2224=AXIS2_PLACEMENT_3D('',#5573,#2751,#2752);
#2225=AXIS2_PLACEMENT_3D('',#5574,#2753,#2754);
#2226=AXIS2_PLACEMENT_3D('',#5575,#2755,#2756);
#2227=AXIS2_PLACEMENT_3D('',#5576,#2757,#2758);
#2228=AXIS2_PLACEMENT_3D('',#5577,#2759,#2760);
#2229=AXIS2_PLACEMENT_3D('',#5578,#2761,#2762);
#2230=AXIS2_PLACEMENT_3D('',#5579,#2763,#2764);
#2231=AXIS2_PLACEMENT_3D('',#5580,#2765,#2766);
#2232=AXIS2_PLACEMENT_3D('',#5581,#2767,#2768);
#2233=AXIS2_PLACEMENT_3D('',#5582,#2769,#2770);
#2234=AXIS2_PLACEMENT_3D('',#5583,#2771,#2772);
#2235=AXIS2_PLACEMENT_3D('',#5584,#2773,#2774);
#2236=AXIS2_PLACEMENT_3D('',#5585,#2775,#2776);
#2237=AXIS2_PLACEMENT_3D('',#5586,#2777,#2778);
#2238=AXIS2_PLACEMENT_3D('',#5587,#2779,#2780);
#2239=AXIS2_PLACEMENT_3D('',#5588,#2781,#2782);
#2240=AXIS2_PLACEMENT_3D('',#5589,#2783,#2784);
#2241=AXIS2_PLACEMENT_3D('',#5590,#2785,#2786);
#2242=AXIS2_PLACEMENT_3D('',#5591,#2787,#2788);
#2243=AXIS2_PLACEMENT_3D('',#5592,#2789,#2790);
#2244=AXIS2_PLACEMENT_3D('',#5593,#2791,#2792);
#2245=AXIS2_PLACEMENT_3D('',#5594,#2793,#2794);
#2246=AXIS2_PLACEMENT_3D('',#5595,#2795,#2796);
#2247=AXIS2_PLACEMENT_3D('',#5596,#2797,#2798);
#2248=AXIS2_PLACEMENT_3D('',#5597,#2799,#2800);
#2249=AXIS2_PLACEMENT_3D('',#5598,#2801,#2802);
#2250=AXIS2_PLACEMENT_3D('',#5599,#2803,#2804);
#2251=AXIS2_PLACEMENT_3D('',#5600,#2805,#2806);
#2252=AXIS2_PLACEMENT_3D('',#5601,#2807,#2808);
#2253=AXIS2_PLACEMENT_3D('',#5602,#2809,#2810);
#2254=AXIS2_PLACEMENT_3D('',#5603,#2811,#2812);
#2255=AXIS2_PLACEMENT_3D('',#5604,#2813,#2814);
#2256=AXIS2_PLACEMENT_3D('',#5605,#2815,#2816);
#2257=AXIS2_PLACEMENT_3D('',#5606,#2817,#2818);
#2258=AXIS2_PLACEMENT_3D('',#5607,#2819,#2820);
#2259=AXIS2_PLACEMENT_3D('',#5608,#2821,#2822);
#2260=AXIS2_PLACEMENT_3D('',#5609,#2823,#2824);
#2261=AXIS2_PLACEMENT_3D('',#5610,#2825,#2826);
#2262=AXIS2_PLACEMENT_3D('',#5611,#2827,#2828);
#2263=AXIS2_PLACEMENT_3D('',#5612,#2829,#2830);
#2264=AXIS2_PLACEMENT_3D('',#5613,#2831,#2832);
#2265=AXIS2_PLACEMENT_3D('',#5614,#2833,#2834);
#2266=AXIS2_PLACEMENT_3D('',#5615,#2835,#2836);
#2267=AXIS2_PLACEMENT_3D('',#5616,#2837,#2838);
#2268=AXIS2_PLACEMENT_3D('',#5617,#2839,#2840);
#2269=AXIS2_PLACEMENT_3D('',#5618,#2841,#2842);
#2270=AXIS2_PLACEMENT_3D('',#5619,#2843,#2844);
#2271=AXIS2_PLACEMENT_3D('',#5620,#2845,#2846);
#2272=AXIS2_PLACEMENT_3D('',#5621,#2847,#2848);
#2273=AXIS2_PLACEMENT_3D('',#5622,#2849,#2850);
#2274=AXIS2_PLACEMENT_3D('',#5623,#2851,#2852);
#2275=AXIS2_PLACEMENT_3D('',#5624,#2853,#2854);
#2276=AXIS2_PLACEMENT_3D('',#5625,#2855,#2856);
#2277=AXIS2_PLACEMENT_3D('',#5626,#2857,#2858);
#2278=AXIS2_PLACEMENT_3D('',#5627,#2859,#2860);
#2279=AXIS2_PLACEMENT_3D('',#5628,#2861,#2862);
#2280=AXIS2_PLACEMENT_3D('',#5629,#2863,#2864);
#2281=AXIS2_PLACEMENT_3D('',#5630,#2865,#2866);
#2282=AXIS2_PLACEMENT_3D('',#5631,#2867,#2868);
#2283=AXIS2_PLACEMENT_3D('',#5632,#2869,#2870);
#2284=AXIS2_PLACEMENT_3D('',#5633,#2871,#2872);
#2285=AXIS2_PLACEMENT_3D('',#5634,#2873,#2874);
#2286=AXIS2_PLACEMENT_3D('',#5635,#2875,#2876);
#2287=AXIS2_PLACEMENT_3D('',#5636,#2877,#2878);
#2288=AXIS2_PLACEMENT_3D('',#5637,#2879,#2880);
#2289=AXIS2_PLACEMENT_3D('',#5638,#2881,#2882);
#2290=AXIS2_PLACEMENT_3D('',#5639,#2883,#2884);
#2291=AXIS2_PLACEMENT_3D('',#5640,#2885,#2886);
#2292=AXIS2_PLACEMENT_3D('',#5641,#2887,#2888);
#2293=AXIS2_PLACEMENT_3D('',#5642,#2889,#2890);
#2294=AXIS2_PLACEMENT_3D('',#5643,#2891,#2892);
#2295=AXIS2_PLACEMENT_3D('',#5644,#2893,#2894);
#2296=AXIS2_PLACEMENT_3D('',#5645,#2895,#2896);
#2297=DIRECTION('axis',(0.,0.,1.));
#2298=DIRECTION('refdir',(1.,0.,0.));
#2299=DIRECTION('axis',(0.,0.,1.));
#2300=DIRECTION('refdir',(1.,0.,0.));
#2301=DIRECTION('center_axis',(-1.,0.,0.));
#2302=DIRECTION('ref_axis',(0.,0.,1.));
#2303=DIRECTION('center_axis',(-1.,0.,0.));
#2304=DIRECTION('ref_axis',(0.,0.,1.));
#2305=DIRECTION('center_axis',(0.,-1.,1.22464679914735E-16));
#2306=DIRECTION('ref_axis',(0.,-1.22464679914735E-16,-1.));
#2307=DIRECTION('center_axis',(-1.,0.,0.));
#2308=DIRECTION('ref_axis',(0.,0.,1.));
#2309=DIRECTION('center_axis',(-1.,0.,0.));
#2310=DIRECTION('ref_axis',(0.,0.,1.));
#2311=DIRECTION('',(1.,0.,0.));
#2312=DIRECTION('center_axis',(-1.,0.,0.));
#2313=DIRECTION('ref_axis',(0.,0.,1.));
#2314=DIRECTION('center_axis',(1.,0.,0.));
#2315=DIRECTION('ref_axis',(0.,0.,-1.));
#2316=DIRECTION('center_axis',(-1.,0.,0.));
#2317=DIRECTION('ref_axis',(0.,0.,1.));
#2318=DIRECTION('center_axis',(-1.,0.,0.));
#2319=DIRECTION('ref_axis',(0.,0.,1.));
#2320=DIRECTION('center_axis',(-1.,0.,0.));
#2321=DIRECTION('ref_axis',(0.,0.,1.));
#2322=DIRECTION('',(1.,0.,0.));
#2323=DIRECTION('center_axis',(-1.,0.,0.));
#2324=DIRECTION('ref_axis',(0.,0.,1.));
#2325=DIRECTION('center_axis',(-1.,0.,0.));
#2326=DIRECTION('ref_axis',(0.,0.,1.));
#2327=DIRECTION('center_axis',(-1.,0.,0.));
#2328=DIRECTION('ref_axis',(0.,0.,1.));
#2329=DIRECTION('',(1.,0.,0.));
#2330=DIRECTION('axis',(0.,0.,1.));
#2331=DIRECTION('refdir',(1.,0.,0.));
#2332=DIRECTION('center_axis',(-1.,0.,0.));
#2333=DIRECTION('ref_axis',(0.,0.,1.));
#2334=DIRECTION('center_axis',(-1.,0.,0.));
#2335=DIRECTION('ref_axis',(0.,0.,1.));
#2336=DIRECTION('center_axis',(0.,-1.,1.22464679914735E-16));
#2337=DIRECTION('ref_axis',(0.,-1.22464679914735E-16,-1.));
#2338=DIRECTION('center_axis',(-1.,0.,0.));
#2339=DIRECTION('ref_axis',(0.,0.,1.));
#2340=DIRECTION('center_axis',(-1.,0.,0.));
#2341=DIRECTION('ref_axis',(0.,0.,1.));
#2342=DIRECTION('center_axis',(-1.,0.,0.));
#2343=DIRECTION('ref_axis',(0.,0.,1.));
#2344=DIRECTION('',(1.,0.,0.));
#2345=DIRECTION('center_axis',(-1.,0.,0.));
#2346=DIRECTION('ref_axis',(0.,0.,1.));
#2347=DIRECTION('center_axis',(-1.,0.,0.));
#2348=DIRECTION('ref_axis',(0.,0.,1.));
#2349=DIRECTION('center_axis',(-1.,0.,0.));
#2350=DIRECTION('ref_axis',(0.,0.,1.));
#2351=DIRECTION('',(1.,0.,0.));
#2352=DIRECTION('center_axis',(-1.,0.,0.));
#2353=DIRECTION('ref_axis',(0.,0.,1.));
#2354=DIRECTION('center_axis',(1.,0.,0.));
#2355=DIRECTION('ref_axis',(0.,0.,-1.));
#2356=DIRECTION('center_axis',(-1.,0.,0.));
#2357=DIRECTION('ref_axis',(0.,0.,1.));
#2358=DIRECTION('center_axis',(-1.,0.,0.));
#2359=DIRECTION('ref_axis',(0.,0.,1.));
#2360=DIRECTION('',(1.,0.,0.));
#2361=DIRECTION('axis',(0.,0.,1.));
#2362=DIRECTION('refdir',(1.,0.,0.));
#2363=DIRECTION('center_axis',(0.,0.,1.));
#2364=DIRECTION('ref_axis',(1.,0.,0.));
#2365=DIRECTION('center_axis',(1.22464679914735E-16,-1.,0.));
#2366=DIRECTION('ref_axis',(-1.,-1.22464679914735E-16,0.));
#2367=DIRECTION('axis',(0.,0.,1.));
#2368=DIRECTION('refdir',(1.,0.,0.));
#2369=DIRECTION('center_axis',(0.,-0.707106781186548,0.707106781186548));
#2370=DIRECTION('ref_axis',(1.,0.,0.));
#2371=DIRECTION('center_axis',(0.,-0.707106781186548,-0.707106781186548));
#2372=DIRECTION('ref_axis',(-1.,0.,0.));
#2373=DIRECTION('axis',(0.,0.,1.));
#2374=DIRECTION('refdir',(1.,0.,0.));
#2375=DIRECTION('center_axis',(0.,-1.,4.44089209850063E-17));
#2376=DIRECTION('ref_axis',(1.,0.,0.));
#2377=DIRECTION('center_axis',(1.11022302462516E-16,-6.12323399573677E-17,
-1.));
#2378=DIRECTION('ref_axis',(-1.,0.,-1.11022302462516E-16));
#2379=DIRECTION('axis',(0.,0.,1.));
#2380=DIRECTION('refdir',(1.,0.,0.));
#2381=DIRECTION('center_axis',(0.,-0.707106781186548,-0.707106781186548));
#2382=DIRECTION('ref_axis',(1.,0.,0.));
#2383=DIRECTION('center_axis',(0.,0.707106781186547,-0.707106781186548));
#2384=DIRECTION('ref_axis',(-1.,0.,0.));
#2385=DIRECTION('axis',(0.,0.,1.));
#2386=DIRECTION('refdir',(1.,0.,0.));
#2387=DIRECTION('center_axis',(0.,-1.22464679914735E-16,-1.));
#2388=DIRECTION('ref_axis',(1.,0.,0.));
#2389=DIRECTION('center_axis',(1.22464679914735E-16,1.,-1.22464679914735E-16));
#2390=DIRECTION('ref_axis',(-1.,1.22464679914735E-16,0.));
#2391=DIRECTION('axis',(0.,0.,1.));
#2392=DIRECTION('refdir',(1.,0.,0.));
#2393=DIRECTION('center_axis',(0.,0.707106781186547,-0.707106781186548));
#2394=DIRECTION('ref_axis',(1.,0.,0.));
#2395=DIRECTION('center_axis',(0.,0.707106781186548,0.707106781186547));
#2396=DIRECTION('ref_axis',(-1.,0.,0.));
#2397=DIRECTION('axis',(0.,0.,1.));
#2398=DIRECTION('refdir',(1.,0.,0.));
#2399=DIRECTION('center_axis',(0.,1.,-1.77635683940025E-16));
#2400=DIRECTION('ref_axis',(1.,0.,0.));
#2401=DIRECTION('center_axis',(1.11022302462516E-16,1.83697019872103E-16,
1.));
#2402=DIRECTION('ref_axis',(-1.,0.,1.11022302462516E-16));
#2403=DIRECTION('axis',(0.,0.,1.));
#2404=DIRECTION('refdir',(1.,0.,0.));
#2405=DIRECTION('center_axis',(0.,0.707106781186548,0.707106781186547));
#2406=DIRECTION('ref_axis',(1.,0.,0.));
#2407=DIRECTION('center_axis',(0.,-0.707106781186547,0.707106781186548));
#2408=DIRECTION('ref_axis',(-1.,0.,0.));
#2409=DIRECTION('axis',(0.,0.,1.));
#2410=DIRECTION('refdir',(1.,0.,0.));
#2411=DIRECTION('center_axis',(0.,-0.707106781186548,-0.707106781186548));
#2412=DIRECTION('ref_axis',(-1.,0.,0.));
#2413=DIRECTION('center_axis',(-1.,0.,0.));
#2414=DIRECTION('ref_axis',(0.,0.,-1.));
#2415=DIRECTION('center_axis',(1.,0.,0.));
#2416=DIRECTION('ref_axis',(0.,0.,1.));
#2417=DIRECTION('center_axis',(0.,-1.,8.07434927000114E-17));
#2418=DIRECTION('ref_axis',(-1.,0.,0.));
#2419=DIRECTION('center_axis',(-1.,0.,0.));
#2420=DIRECTION('ref_axis',(0.,0.,-1.));
#2421=DIRECTION('center_axis',(-1.,0.,0.));
#2422=DIRECTION('ref_axis',(0.,0.,1.));
#2423=DIRECTION('center_axis',(1.,0.,0.));
#2424=DIRECTION('ref_axis',(0.,1.,0.));
#2425=DIRECTION('center_axis',(1.,0.,0.));
#2426=DIRECTION('ref_axis',(0.,1.,0.));
#2427=DIRECTION('center_axis',(-1.,0.,0.));
#2428=DIRECTION('ref_axis',(0.,1.,0.));
#2429=DIRECTION('center_axis',(1.,0.,0.));
#2430=DIRECTION('ref_axis',(0.,1.,0.));
#2431=DIRECTION('center_axis',(1.,0.,0.));
#2432=DIRECTION('ref_axis',(0.,1.,0.));
#2433=DIRECTION('center_axis',(1.,0.,0.));
#2434=DIRECTION('ref_axis',(0.,1.,0.));
#2435=DIRECTION('center_axis',(-1.,0.,0.));
#2436=DIRECTION('ref_axis',(0.,0.,-1.));
#2437=DIRECTION('center_axis',(-1.,0.,0.));
#2438=DIRECTION('ref_axis',(0.,1.,0.));
#2439=DIRECTION('center_axis',(-1.,0.,0.));
#2440=DIRECTION('ref_axis',(0.,1.,0.));
#2441=DIRECTION('center_axis',(1.,0.,0.));
#2442=DIRECTION('ref_axis',(0.,1.,0.));
#2443=DIRECTION('center_axis',(-1.,0.,0.));
#2444=DIRECTION('ref_axis',(0.,0.,1.));
#2445=DIRECTION('center_axis',(1.,0.,0.));
#2446=DIRECTION('ref_axis',(0.,1.,0.));
#2447=DIRECTION('center_axis',(1.,0.,0.));
#2448=DIRECTION('ref_axis',(0.,0.,1.));
#2449=DIRECTION('center_axis',(-1.,0.,0.));
#2450=DIRECTION('ref_axis',(0.,1.,0.));
#2451=DIRECTION('center_axis',(0.,0.707106781186547,-0.707106781186548));
#2452=DIRECTION('ref_axis',(-1.,0.,0.));
#2453=DIRECTION('center_axis',(-1.,0.,0.));
#2454=DIRECTION('ref_axis',(0.,0.,-1.));
#2455=DIRECTION('center_axis',(0.,1.,-2.01858731750028E-16));
#2456=DIRECTION('ref_axis',(-1.,0.,0.));
#2457=DIRECTION('center_axis',(-1.,0.,0.));
#2458=DIRECTION('ref_axis',(0.,0.,-1.));
#2459=DIRECTION('center_axis',(1.,0.,0.));
#2460=DIRECTION('ref_axis',(0.,1.,0.));
#2461=DIRECTION('center_axis',(1.,0.,0.));
#2462=DIRECTION('ref_axis',(0.,1.,0.));
#2463=DIRECTION('center_axis',(-1.,0.,0.));
#2464=DIRECTION('ref_axis',(0.,0.,-1.));
#2465=DIRECTION('center_axis',(-1.,0.,0.));
#2466=DIRECTION('ref_axis',(0.,1.,0.));
#2467=DIRECTION('center_axis',(1.,0.,0.));
#2468=DIRECTION('ref_axis',(0.,1.,0.));
#2469=DIRECTION('center_axis',(-1.,0.,0.));
#2470=DIRECTION('ref_axis',(0.,0.,1.));
#2471=DIRECTION('center_axis',(1.,0.,0.));
#2472=DIRECTION('ref_axis',(0.,1.,0.));
#2473=DIRECTION('center_axis',(1.,0.,0.));
#2474=DIRECTION('ref_axis',(0.,0.,1.));
#2475=DIRECTION('center_axis',(-1.,0.,0.));
#2476=DIRECTION('ref_axis',(0.,1.,0.));
#2477=DIRECTION('center_axis',(0.,1.,-2.01858731750028E-16));
#2478=DIRECTION('ref_axis',(-1.,0.,0.));
#2479=DIRECTION('center_axis',(-1.,0.,0.));
#2480=DIRECTION('ref_axis',(0.,0.,-1.));
#2481=DIRECTION('center_axis',(0.,0.707106781186548,0.707106781186547));
#2482=DIRECTION('ref_axis',(-1.,0.,0.));
#2483=DIRECTION('center_axis',(-1.,0.,0.));
#2484=DIRECTION('ref_axis',(0.,0.,-1.));
#2485=DIRECTION('center_axis',(1.,0.,0.));
#2486=DIRECTION('ref_axis',(0.,1.,0.));
#2487=DIRECTION('center_axis',(-1.,0.,0.));
#2488=DIRECTION('ref_axis',(0.,1.,0.));
#2489=DIRECTION('center_axis',(1.,0.,0.));
#2490=DIRECTION('ref_axis',(0.,1.,0.));
#2491=DIRECTION('center_axis',(1.,0.,0.));
#2492=DIRECTION('ref_axis',(0.,1.,0.));
#2493=DIRECTION('center_axis',(-1.,0.,0.));
#2494=DIRECTION('ref_axis',(0.,0.,1.));
#2495=DIRECTION('center_axis',(-1.,0.,0.));
#2496=DIRECTION('ref_axis',(0.,1.,0.));
#2497=DIRECTION('center_axis',(1.,0.,0.));
#2498=DIRECTION('ref_axis',(0.,0.,1.));
#2499=DIRECTION('center_axis',(1.,0.,0.));
#2500=DIRECTION('ref_axis',(0.,1.,0.));
#2501=DIRECTION('center_axis',(0.,0.707106781186547,-0.707106781186548));
#2502=DIRECTION('ref_axis',(-1.,0.,0.));
#2503=DIRECTION('center_axis',(0.,-1.22464679914735E-16,-1.));
#2504=DIRECTION('ref_axis',(-1.,0.,0.));
#2505=DIRECTION('center_axis',(-1.,0.,0.));
#2506=DIRECTION('ref_axis',(0.,0.,-1.));
#2507=DIRECTION('center_axis',(1.,0.,0.));
#2508=DIRECTION('ref_axis',(0.,1.,0.));
#2509=DIRECTION('center_axis',(1.,0.,0.));
#2510=DIRECTION('ref_axis',(0.,1.,0.));
#2511=DIRECTION('center_axis',(-1.,0.,0.));
#2512=DIRECTION('ref_axis',(0.,0.,-1.));
#2513=DIRECTION('center_axis',(-1.,0.,0.));
#2514=DIRECTION('ref_axis',(0.,1.,0.));
#2515=DIRECTION('center_axis',(1.,0.,0.));
#2516=DIRECTION('ref_axis',(0.,1.,0.));
#2517=DIRECTION('center_axis',(-1.,0.,0.));
#2518=DIRECTION('ref_axis',(0.,0.,1.));
#2519=DIRECTION('center_axis',(1.,0.,0.));
#2520=DIRECTION('ref_axis',(0.,1.,0.));
#2521=DIRECTION('center_axis',(1.,0.,0.));
#2522=DIRECTION('ref_axis',(0.,0.,1.));
#2523=DIRECTION('center_axis',(-1.,0.,0.));
#2524=DIRECTION('ref_axis',(0.,1.,0.));
#2525=DIRECTION('center_axis',(0.,0.,1.));
#2526=DIRECTION('ref_axis',(-1.,0.,0.));
#2527=DIRECTION('center_axis',(-1.,0.,0.));
#2528=DIRECTION('ref_axis',(0.,0.,-1.));
#2529=DIRECTION('center_axis',(0.,-0.707106781186548,0.707106781186548));
#2530=DIRECTION('ref_axis',(-1.,0.,0.));
#2531=DIRECTION('center_axis',(-1.,0.,0.));
#2532=DIRECTION('ref_axis',(0.,0.,-1.));
#2533=DIRECTION('center_axis',(1.,0.,0.));
#2534=DIRECTION('ref_axis',(0.,1.,0.));
#2535=DIRECTION('center_axis',(1.,0.,0.));
#2536=DIRECTION('ref_axis',(0.,1.,0.));
#2537=DIRECTION('center_axis',(-1.,0.,0.));
#2538=DIRECTION('ref_axis',(0.,0.,-1.));
#2539=DIRECTION('center_axis',(-1.,0.,0.));
#2540=DIRECTION('ref_axis',(0.,1.,0.));
#2541=DIRECTION('center_axis',(1.,0.,0.));
#2542=DIRECTION('ref_axis',(0.,1.,0.));
#2543=DIRECTION('center_axis',(-1.,0.,0.));
#2544=DIRECTION('ref_axis',(0.,0.,1.));
#2545=DIRECTION('center_axis',(-1.,0.,0.));
#2546=DIRECTION('ref_axis',(0.,1.,0.));
#2547=DIRECTION('center_axis',(1.,0.,0.));
#2548=DIRECTION('ref_axis',(0.,0.,1.));
#2549=DIRECTION('center_axis',(1.,0.,0.));
#2550=DIRECTION('ref_axis',(0.,1.,0.));
#2551=DIRECTION('center_axis',(0.,-1.,8.07434927000114E-17));
#2552=DIRECTION('ref_axis',(-1.,0.,0.));
#2553=DIRECTION('center_axis',(0.,-0.707106781186548,0.707106781186548));
#2554=DIRECTION('ref_axis',(-1.,0.,0.));
#2555=DIRECTION('center_axis',(-1.,0.,0.));
#2556=DIRECTION('ref_axis',(0.,0.,-1.));
#2557=DIRECTION('center_axis',(1.,0.,0.));
#2558=DIRECTION('ref_axis',(0.,1.,0.));
#2559=DIRECTION('center_axis',(-1.,0.,0.));
#2560=DIRECTION('ref_axis',(0.,1.,0.));
#2561=DIRECTION('center_axis',(1.,0.,0.));
#2562=DIRECTION('ref_axis',(0.,1.,0.));
#2563=DIRECTION('center_axis',(1.,0.,0.));
#2564=DIRECTION('ref_axis',(0.,1.,0.));
#2565=DIRECTION('center_axis',(-1.,0.,0.));
#2566=DIRECTION('ref_axis',(0.,0.,1.));
#2567=DIRECTION('center_axis',(-1.,0.,0.));
#2568=DIRECTION('ref_axis',(0.,1.,0.));
#2569=DIRECTION('center_axis',(-1.,0.,0.));
#2570=DIRECTION('ref_axis',(0.,0.,1.));
#2571=DIRECTION('center_axis',(1.,0.,0.));
#2572=DIRECTION('ref_axis',(0.,1.,0.));
#2573=DIRECTION('center_axis',(0.,-1.22464679914735E-16,-1.));
#2574=DIRECTION('ref_axis',(-1.,0.,0.));
#2575=DIRECTION('center_axis',(0.,-0.707106781186548,-0.707106781186548));
#2576=DIRECTION('ref_axis',(-1.,0.,0.));
#2577=DIRECTION('center_axis',(-1.,0.,0.));
#2578=DIRECTION('ref_axis',(0.,0.,-1.));
#2579=DIRECTION('center_axis',(1.,0.,0.));
#2580=DIRECTION('ref_axis',(0.,1.,0.));
#2581=DIRECTION('center_axis',(-1.,0.,0.));
#2582=DIRECTION('ref_axis',(0.,1.,0.));
#2583=DIRECTION('center_axis',(1.,0.,0.));
#2584=DIRECTION('ref_axis',(0.,1.,0.));
#2585=DIRECTION('center_axis',(1.,0.,0.));
#2586=DIRECTION('ref_axis',(0.,1.,0.));
#2587=DIRECTION('center_axis',(-1.,0.,0.));
#2588=DIRECTION('ref_axis',(0.,1.,0.));
#2589=DIRECTION('center_axis',(-1.,0.,0.));
#2590=DIRECTION('ref_axis',(0.,0.,-1.));
#2591=DIRECTION('center_axis',(1.,0.,0.));
#2592=DIRECTION('ref_axis',(0.,1.,0.));
#2593=DIRECTION('center_axis',(1.,0.,0.));
#2594=DIRECTION('ref_axis',(0.,1.,0.));
#2595=DIRECTION('center_axis',(-1.,0.,0.));
#2596=DIRECTION('ref_axis',(0.,0.,1.));
#2597=DIRECTION('center_axis',(-1.,0.,0.));
#2598=DIRECTION('ref_axis',(0.,1.,0.));
#2599=DIRECTION('center_axis',(-1.,0.,0.));
#2600=DIRECTION('ref_axis',(0.,0.,1.));
#2601=DIRECTION('center_axis',(1.,0.,0.));
#2602=DIRECTION('ref_axis',(0.,1.,0.));
#2603=DIRECTION('center_axis',(0.,0.,1.));
#2604=DIRECTION('ref_axis',(-1.,0.,0.));
#2605=DIRECTION('center_axis',(0.,0.707106781186548,0.707106781186547));
#2606=DIRECTION('ref_axis',(-1.,0.,0.));
#2607=DIRECTION('center_axis',(0.,7.49879891330929E-33,1.));
#2608=DIRECTION('ref_axis',(1.,1.22464679914735E-16,0.));
#2609=DIRECTION('center_axis',(-1.,0.,0.));
#2610=DIRECTION('ref_axis',(0.,0.,1.));
#2611=DIRECTION('center_axis',(-1.,0.,0.));
#2612=DIRECTION('ref_axis',(0.,0.,1.));
#2613=DIRECTION('center_axis',(0.,0.707106781186547,-0.707106781186548));
#2614=DIRECTION('ref_axis',(1.,0.,0.));
#2615=DIRECTION('center_axis',(-1.,0.,0.));
#2616=DIRECTION('ref_axis',(0.,0.,1.));
#2617=DIRECTION('center_axis',(-1.,0.,0.));
#2618=DIRECTION('ref_axis',(0.,0.,1.));
#2619=DIRECTION('center_axis',(0.,1.,-1.77635683940025E-16));
#2620=DIRECTION('ref_axis',(1.,0.,-1.33226762955019E-16));
#2621=DIRECTION('center_axis',(-1.,0.,0.));
#2622=DIRECTION('ref_axis',(0.,0.,1.));
#2623=DIRECTION('center_axis',(-1.,0.,0.));
#2624=DIRECTION('ref_axis',(0.,0.,1.));
#2625=DIRECTION('center_axis',(0.,0.707106781186548,0.707106781186547));
#2626=DIRECTION('ref_axis',(1.,0.,0.));
#2627=DIRECTION('center_axis',(-1.,0.,0.));
#2628=DIRECTION('ref_axis',(0.,0.,1.));
#2629=DIRECTION('center_axis',(-1.,0.,0.));
#2630=DIRECTION('ref_axis',(0.,0.,1.));
#2631=DIRECTION('center_axis',(0.,-1.,4.44089209850063E-17));
#2632=DIRECTION('ref_axis',(1.,0.,-5.77315972805081E-16));
#2633=DIRECTION('center_axis',(-1.,0.,0.));
#2634=DIRECTION('ref_axis',(0.,0.,1.));
#2635=DIRECTION('center_axis',(-1.,0.,0.));
#2636=DIRECTION('ref_axis',(0.,0.,1.));
#2637=DIRECTION('center_axis',(0.,-1.22464679914735E-16,-1.));
#2638=DIRECTION('ref_axis',(1.,-1.22464679914735E-16,0.));
#2639=DIRECTION('center_axis',(-1.,0.,0.));
#2640=DIRECTION('ref_axis',(0.,0.,1.));
#2641=DIRECTION('center_axis',(-1.,0.,0.));
#2642=DIRECTION('ref_axis',(0.,0.,1.));
#2643=DIRECTION('center_axis',(0.,-0.707106781186548,0.707106781186548));
#2644=DIRECTION('ref_axis',(1.,0.,0.));
#2645=DIRECTION('center_axis',(-1.,0.,0.));
#2646=DIRECTION('ref_axis',(0.,0.,1.));
#2647=DIRECTION('center_axis',(-1.,0.,0.));
#2648=DIRECTION('ref_axis',(0.,0.,1.));
#2649=DIRECTION('center_axis',(0.,-0.707106781186548,-0.707106781186548));
#2650=DIRECTION('ref_axis',(1.,0.,0.));
#2651=DIRECTION('center_axis',(-1.,0.,0.));
#2652=DIRECTION('ref_axis',(0.,0.,1.));
#2653=DIRECTION('center_axis',(-1.,0.,0.));
#2654=DIRECTION('ref_axis',(0.,0.,1.));
#2655=DIRECTION('center_axis',(0.,-0.707106781186548,-0.707106781186548));
#2656=DIRECTION('ref_axis',(1.,0.,0.));
#2657=DIRECTION('center_axis',(-1.,0.,0.));
#2658=DIRECTION('ref_axis',(0.,0.,-1.));
#2659=DIRECTION('center_axis',(1.,0.,0.));
#2660=DIRECTION('ref_axis',(0.,0.,1.));
#2661=DIRECTION('center_axis',(0.,-1.,8.07434927000114E-17));
#2662=DIRECTION('ref_axis',(1.,0.,0.));
#2663=DIRECTION('center_axis',(-1.,0.,0.));
#2664=DIRECTION('ref_axis',(0.,0.,-1.));
#2665=DIRECTION('center_axis',(-1.,0.,0.));
#2666=DIRECTION('ref_axis',(0.,0.,1.));
#2667=DIRECTION('center_axis',(1.,0.,0.));
#2668=DIRECTION('ref_axis',(0.,1.,0.));
#2669=DIRECTION('center_axis',(-1.,0.,0.));
#2670=DIRECTION('ref_axis',(0.,1.,0.));
#2671=DIRECTION('center_axis',(1.,0.,0.));
#2672=DIRECTION('ref_axis',(0.,1.,0.));
#2673=DIRECTION('center_axis',(-1.,0.,0.));
#2674=DIRECTION('ref_axis',(0.,1.,0.));
#2675=DIRECTION('center_axis',(1.,0.,0.));
#2676=DIRECTION('ref_axis',(0.,1.,0.));
#2677=DIRECTION('',(1.,0.,0.));
#2678=DIRECTION('',(1.,0.,0.));
#2679=DIRECTION('center_axis',(1.,0.,0.));
#2680=DIRECTION('ref_axis',(0.,1.,0.));
#2681=DIRECTION('center_axis',(-1.,0.,0.));
#2682=DIRECTION('ref_axis',(0.,1.,0.));
#2683=DIRECTION('center_axis',(1.,0.,0.));
#2684=DIRECTION('ref_axis',(0.,1.,0.));
#2685=DIRECTION('center_axis',(-1.,0.,0.));
#2686=DIRECTION('ref_axis',(0.,1.,0.));
#2687=DIRECTION('center_axis',(1.,0.,0.));
#2688=DIRECTION('ref_axis',(0.,1.,0.));
#2689=DIRECTION('center_axis',(-1.,0.,0.));
#2690=DIRECTION('ref_axis',(0.,1.,0.));
#2691=DIRECTION('center_axis',(1.,0.,0.));
#2692=DIRECTION('ref_axis',(0.,1.,0.));
#2693=DIRECTION('center_axis',(-1.,0.,0.));
#2694=DIRECTION('ref_axis',(0.,1.,0.));
#2695=DIRECTION('center_axis',(1.,0.,0.));
#2696=DIRECTION('ref_axis',(0.,1.,0.));
#2697=DIRECTION('center_axis',(-1.,0.,0.));
#2698=DIRECTION('ref_axis',(0.,1.,0.));
#2699=DIRECTION('center_axis',(1.,0.,0.));
#2700=DIRECTION('ref_axis',(0.,1.,0.));
#2701=DIRECTION('center_axis',(-1.,0.,0.));
#2702=DIRECTION('ref_axis',(0.,1.,0.));
#2703=DIRECTION('center_axis',(1.,0.,0.));
#2704=DIRECTION('ref_axis',(0.,1.,0.));
#2705=DIRECTION('center_axis',(-1.,0.,0.));
#2706=DIRECTION('ref_axis',(0.,1.,0.));
#2707=DIRECTION('center_axis',(1.,0.,0.));
#2708=DIRECTION('ref_axis',(0.,1.,0.));
#2709=DIRECTION('center_axis',(1.,0.,0.));
#2710=DIRECTION('ref_axis',(0.,1.,0.));
#2711=DIRECTION('center_axis',(-1.,0.,0.));
#2712=DIRECTION('ref_axis',(0.,1.,0.));
#2713=DIRECTION('center_axis',(-1.,0.,0.));
#2714=DIRECTION('ref_axis',(0.,1.,0.));
#2715=DIRECTION('center_axis',(-1.,0.,0.));
#2716=DIRECTION('ref_axis',(0.,0.,-1.));
#2717=DIRECTION('center_axis',(-1.,0.,0.));
#2718=DIRECTION('ref_axis',(0.,1.,0.));
#2719=DIRECTION('center_axis',(-1.,0.,0.));
#2720=DIRECTION('ref_axis',(0.,1.,0.));
#2721=DIRECTION('center_axis',(1.,0.,0.));
#2722=DIRECTION('ref_axis',(0.,1.,0.));
#2723=DIRECTION('center_axis',(-1.,0.,0.));
#2724=DIRECTION('ref_axis',(0.,1.,0.));
#2725=DIRECTION('center_axis',(1.,0.,0.));
#2726=DIRECTION('ref_axis',(0.,1.,0.));
#2727=DIRECTION('center_axis',(-1.,0.,0.));
#2728=DIRECTION('ref_axis',(0.,1.,0.));
#2729=DIRECTION('center_axis',(1.,0.,0.));
#2730=DIRECTION('ref_axis',(0.,1.,0.));
#2731=DIRECTION('center_axis',(-1.,0.,0.));
#2732=DIRECTION('ref_axis',(0.,1.,0.));
#2733=DIRECTION('center_axis',(1.,0.,0.));
#2734=DIRECTION('ref_axis',(0.,1.,0.));
#2735=DIRECTION('center_axis',(-1.,0.,0.));
#2736=DIRECTION('ref_axis',(0.,1.,0.));
#2737=DIRECTION('center_axis',(1.,0.,0.));
#2738=DIRECTION('ref_axis',(0.,1.,0.));
#2739=DIRECTION('center_axis',(-1.,0.,0.));
#2740=DIRECTION('ref_axis',(0.,1.,0.));
#2741=DIRECTION('center_axis',(1.,0.,0.));
#2742=DIRECTION('ref_axis',(0.,1.,0.));
#2743=DIRECTION('center_axis',(-1.,0.,0.));
#2744=DIRECTION('ref_axis',(0.,1.,0.));
#2745=DIRECTION('center_axis',(1.,0.,0.));
#2746=DIRECTION('ref_axis',(0.,1.,0.));
#2747=DIRECTION('',(1.,0.,0.));
#2748=DIRECTION('',(1.,0.,0.));
#2749=DIRECTION('center_axis',(1.,0.,0.));
#2750=DIRECTION('ref_axis',(0.,1.,0.));
#2751=DIRECTION('center_axis',(-1.,0.,0.));
#2752=DIRECTION('ref_axis',(0.,0.,1.));
#2753=DIRECTION('center_axis',(1.,0.,0.));
#2754=DIRECTION('ref_axis',(0.,0.,1.));
#2755=DIRECTION('center_axis',(0.,0.707106781186547,-0.707106781186548));
#2756=DIRECTION('ref_axis',(1.,0.,0.));
#2757=DIRECTION('center_axis',(-1.,0.,0.));
#2758=DIRECTION('ref_axis',(0.,0.,-1.));
#2759=DIRECTION('center_axis',(0.,1.,-2.01858731750028E-16));
#2760=DIRECTION('ref_axis',(1.,0.,0.));
#2761=DIRECTION('center_axis',(-1.,0.,0.));
#2762=DIRECTION('ref_axis',(0.,0.,-1.));
#2763=DIRECTION('center_axis',(1.,0.,0.));
#2764=DIRECTION('ref_axis',(0.,1.,0.));
#2765=DIRECTION('center_axis',(-1.,0.,0.));
#2766=DIRECTION('ref_axis',(0.,0.,-1.));
#2767=DIRECTION('center_axis',(1.,0.,0.));
#2768=DIRECTION('ref_axis',(0.,1.,0.));
#2769=DIRECTION('center_axis',(-1.,0.,0.));
#2770=DIRECTION('ref_axis',(0.,0.,1.));
#2771=DIRECTION('center_axis',(1.,0.,0.));
#2772=DIRECTION('ref_axis',(0.,0.,1.));
#2773=DIRECTION('center_axis',(0.,1.,-2.01858731750028E-16));
#2774=DIRECTION('ref_axis',(1.,0.,0.));
#2775=DIRECTION('center_axis',(-1.,0.,0.));
#2776=DIRECTION('ref_axis',(0.,0.,-1.));
#2777=DIRECTION('center_axis',(0.,0.707106781186548,0.707106781186547));
#2778=DIRECTION('ref_axis',(1.,0.,0.));
#2779=DIRECTION('center_axis',(-1.,0.,0.));
#2780=DIRECTION('ref_axis',(0.,0.,-1.));
#2781=DIRECTION('center_axis',(1.,0.,0.));
#2782=DIRECTION('ref_axis',(0.,1.,0.));
#2783=DIRECTION('center_axis',(1.,0.,0.));
#2784=DIRECTION('ref_axis',(0.,1.,0.));
#2785=DIRECTION('center_axis',(-1.,0.,0.));
#2786=DIRECTION('ref_axis',(0.,0.,1.));
#2787=DIRECTION('center_axis',(1.,0.,0.));
#2788=DIRECTION('ref_axis',(0.,0.,1.));
#2789=DIRECTION('center_axis',(0.,0.707106781186547,-0.707106781186548));
#2790=DIRECTION('ref_axis',(1.,0.,0.));
#2791=DIRECTION('center_axis',(0.,-1.22464679914735E-16,-1.));
#2792=DIRECTION('ref_axis',(1.,0.,0.));
#2793=DIRECTION('center_axis',(-1.,0.,0.));
#2794=DIRECTION('ref_axis',(0.,0.,-1.));
#2795=DIRECTION('center_axis',(1.,0.,0.));
#2796=DIRECTION('ref_axis',(0.,1.,0.));
#2797=DIRECTION('center_axis',(-1.,0.,0.));
#2798=DIRECTION('ref_axis',(0.,0.,-1.));
#2799=DIRECTION('center_axis',(1.,0.,0.));
#2800=DIRECTION('ref_axis',(0.,1.,0.));
#2801=DIRECTION('center_axis',(-1.,0.,0.));
#2802=DIRECTION('ref_axis',(0.,0.,1.));
#2803=DIRECTION('center_axis',(1.,0.,0.));
#2804=DIRECTION('ref_axis',(0.,0.,1.));
#2805=DIRECTION('center_axis',(0.,0.,1.));
#2806=DIRECTION('ref_axis',(1.,0.,0.));
#2807=DIRECTION('center_axis',(-1.,0.,0.));
#2808=DIRECTION('ref_axis',(0.,0.,-1.));
#2809=DIRECTION('center_axis',(0.,-0.707106781186548,0.707106781186548));
#2810=DIRECTION('ref_axis',(1.,0.,0.));
#2811=DIRECTION('center_axis',(-1.,0.,0.));
#2812=DIRECTION('ref_axis',(0.,0.,-1.));
#2813=DIRECTION('center_axis',(1.,0.,0.));
#2814=DIRECTION('ref_axis',(0.,1.,0.));
#2815=DIRECTION('center_axis',(-1.,0.,0.));
#2816=DIRECTION('ref_axis',(0.,0.,-1.));
#2817=DIRECTION('center_axis',(1.,0.,0.));
#2818=DIRECTION('ref_axis',(0.,1.,0.));
#2819=DIRECTION('center_axis',(-1.,0.,0.));
#2820=DIRECTION('ref_axis',(0.,0.,1.));
#2821=DIRECTION('center_axis',(1.,0.,0.));
#2822=DIRECTION('ref_axis',(0.,0.,1.));
#2823=DIRECTION('center_axis',(0.,-1.,8.07434927000114E-17));
#2824=DIRECTION('ref_axis',(1.,0.,0.));
#2825=DIRECTION('center_axis',(0.,-0.707106781186548,0.707106781186548));
#2826=DIRECTION('ref_axis',(1.,0.,0.));
#2827=DIRECTION('center_axis',(-1.,0.,0.));
#2828=DIRECTION('ref_axis',(0.,0.,-1.));
#2829=DIRECTION('center_axis',(1.,0.,0.));
#2830=DIRECTION('ref_axis',(0.,1.,0.));
#2831=DIRECTION('center_axis',(1.,0.,0.));
#2832=DIRECTION('ref_axis',(0.,1.,0.));
#2833=DIRECTION('center_axis',(-1.,0.,0.));
#2834=DIRECTION('ref_axis',(0.,0.,1.));
#2835=DIRECTION('center_axis',(-1.,0.,0.));
#2836=DIRECTION('ref_axis',(0.,0.,1.));
#2837=DIRECTION('center_axis',(0.,-1.22464679914735E-16,-1.));
#2838=DIRECTION('ref_axis',(1.,0.,0.));
#2839=DIRECTION('center_axis',(0.,-0.707106781186548,-0.707106781186548));
#2840=DIRECTION('ref_axis',(1.,0.,0.));
#2841=DIRECTION('center_axis',(-1.,0.,0.));
#2842=DIRECTION('ref_axis',(0.,0.,-1.));
#2843=DIRECTION('center_axis',(1.,0.,0.));
#2844=DIRECTION('ref_axis',(0.,1.,0.));
#2845=DIRECTION('center_axis',(1.,0.,0.));
#2846=DIRECTION('ref_axis',(0.,1.,0.));
#2847=DIRECTION('center_axis',(-1.,0.,0.));
#2848=DIRECTION('ref_axis',(0.,0.,-1.));
#2849=DIRECTION('center_axis',(1.,0.,0.));
#2850=DIRECTION('ref_axis',(0.,1.,0.));
#2851=DIRECTION('center_axis',(-1.,0.,0.));
#2852=DIRECTION('ref_axis',(0.,0.,1.));
#2853=DIRECTION('center_axis',(-1.,0.,0.));
#2854=DIRECTION('ref_axis',(0.,0.,1.));
#2855=DIRECTION('center_axis',(0.,0.,1.));
#2856=DIRECTION('ref_axis',(1.,0.,0.));
#2857=DIRECTION('center_axis',(0.,0.707106781186548,0.707106781186547));
#2858=DIRECTION('ref_axis',(1.,0.,0.));
#2859=DIRECTION('center_axis',(0.,7.49879891330929E-33,1.));
#2860=DIRECTION('ref_axis',(-1.,1.22464679914735E-16,0.));
#2861=DIRECTION('center_axis',(0.,0.707106781186547,-0.707106781186548));
#2862=DIRECTION('ref_axis',(-1.,0.,0.));
#2863=DIRECTION('center_axis',(0.,1.,-1.77635683940025E-16));
#2864=DIRECTION('ref_axis',(-1.,0.,-1.33226762955019E-16));
#2865=DIRECTION('center_axis',(0.,0.707106781186548,0.707106781186547));
#2866=DIRECTION('ref_axis',(-1.,0.,0.));
#2867=DIRECTION('center_axis',(0.,-1.,4.44089209850063E-17));
#2868=DIRECTION('ref_axis',(-1.,0.,1.33226762955019E-16));
#2869=DIRECTION('center_axis',(0.,-1.22464679914735E-16,-1.));
#2870=DIRECTION('ref_axis',(-1.,-1.22464679914735E-16,0.));
#2871=DIRECTION('center_axis',(0.,-0.707106781186548,0.707106781186548));
#2872=DIRECTION('ref_axis',(-1.,0.,0.));
#2873=DIRECTION('center_axis',(0.,-0.707106781186548,-0.707106781186548));
#2874=DIRECTION('ref_axis',(-1.,-7.105427357601E-16,7.105427357601E-16));
#2875=DIRECTION('',(0.,0.,1.));
#2876=DIRECTION('',(1.,0.,0.));
#2877=DIRECTION('',(0.,0.,1.));
#2878=DIRECTION('',(1.,0.,0.));
#2879=DIRECTION('',(0.,0.,1.));
#2880=DIRECTION('',(1.,0.,0.));
#2881=DIRECTION('',(0.,0.,1.));
#2882=DIRECTION('',(1.,0.,0.));
#2883=DIRECTION('',(0.,0.,1.));
#2884=DIRECTION('',(1.,0.,0.));
#2885=DIRECTION('',(0.,0.,1.));
#2886=DIRECTION('',(1.,0.,0.));
#2887=DIRECTION('',(0.,0.,1.));
#2888=DIRECTION('',(1.,0.,0.));
#2889=DIRECTION('',(0.,0.,1.));
#2890=DIRECTION('',(1.,0.,0.));
#2891=DIRECTION('',(0.,0.,1.));
#2892=DIRECTION('',(1.,0.,0.));
#2893=DIRECTION('',(0.,0.,1.));
#2894=DIRECTION('',(1.,0.,0.));
#2895=DIRECTION('',(0.,0.,1.));
#2896=DIRECTION('',(1.,0.,0.));
#2897=CARTESIAN_POINT('',(0.,0.,0.));
#2898=CARTESIAN_POINT('',(0.,0.,0.));
#2899=CARTESIAN_POINT('Origin',(-125.,0.,5.));
#2900=CARTESIAN_POINT('',(-142.320508075689,-9.79717439317883E-15,-75.));
#2901=CARTESIAN_POINT('Origin',(-142.320508075689,0.,5.));
#2902=CARTESIAN_POINT('',(-107.679491924311,-9.79717439317883E-15,-75.));
#2903=CARTESIAN_POINT('Origin',(-125.,-8.57252759403147E-15,-65.));
#2904=CARTESIAN_POINT('Origin',(-107.679491924311,0.,5.));
#2905=CARTESIAN_POINT('Origin',(-103.839745962156,0.,5.));
#2906=CARTESIAN_POINT('',(-100.,-9.79717439317883E-15,-75.));
#2907=CARTESIAN_POINT('',(-103.839745962156,-9.79717439317883E-15,-75.));
#2908=CARTESIAN_POINT('Origin',(-100.,0.,5.));
#2909=CARTESIAN_POINT('Origin',(-100.,0.,105.));
#2910=CARTESIAN_POINT('',(-100.,-1.22464679914735E-14,-95.));
#2911=CARTESIAN_POINT('Origin',(-100.,0.,5.));
#2912=CARTESIAN_POINT('Origin',(-125.,0.,5.));
#2913=CARTESIAN_POINT('',(-150.,-1.22464679914735E-14,-95.));
#2914=CARTESIAN_POINT('Origin',(-150.,0.,5.));
#2915=CARTESIAN_POINT('',(-125.,-1.22464679914735E-14,-95.));
#2916=CARTESIAN_POINT('Origin',(-150.,0.,85.));
#2917=CARTESIAN_POINT('',(-150.,-9.79717439317883E-15,-75.));
#2918=CARTESIAN_POINT('Origin',(-150.,0.,5.));
#2919=CARTESIAN_POINT('Origin',(-146.160254037844,0.,5.));
#2920=CARTESIAN_POINT('',(-146.160254037844,-9.79717439317883E-15,-75.));
#2921=CARTESIAN_POINT('',(0.,0.,0.));
#2922=CARTESIAN_POINT('Origin',(-125.,0.,5.));
#2923=CARTESIAN_POINT('',(-107.679491924311,-7.34788079488412E-15,-55.));
#2924=CARTESIAN_POINT('Origin',(-107.679491924311,0.,5.));
#2925=CARTESIAN_POINT('',(-142.320508075689,-7.34788079488412E-15,-55.));
#2926=CARTESIAN_POINT('Origin',(-125.,-8.57252759403147E-15,-65.));
#2927=CARTESIAN_POINT('Origin',(-142.320508075689,0.,5.));
#2928=CARTESIAN_POINT('Origin',(-146.160254037844,0.,5.));
#2929=CARTESIAN_POINT('',(-150.,-7.34788079488412E-15,-55.));
#2930=CARTESIAN_POINT('Origin',(-150.,0.,5.));
#2931=CARTESIAN_POINT('',(-146.160254037844,-7.34788079488412E-15,-55.));
#2932=CARTESIAN_POINT('Origin',(-150.,0.,45.));
#2933=CARTESIAN_POINT('',(-150.,-4.89858719658941E-15,-35.));
#2934=CARTESIAN_POINT('Origin',(-150.,0.,5.));
#2935=CARTESIAN_POINT('Origin',(-125.,0.,5.));
#2936=CARTESIAN_POINT('',(-100.,-4.89858719658941E-15,-35.));
#2937=CARTESIAN_POINT('',(-125.,-4.89858719658941E-15,-35.));
#2938=CARTESIAN_POINT('Origin',(-100.,0.,5.));
#2939=CARTESIAN_POINT('Origin',(-100.,0.,65.));
#2940=CARTESIAN_POINT('',(-100.,-7.34788079488412E-15,-55.));
#2941=CARTESIAN_POINT('Origin',(-100.,0.,5.));
#2942=CARTESIAN_POINT('Origin',(-103.839745962156,0.,5.));
#2943=CARTESIAN_POINT('',(-103.839745962156,-7.34788079488412E-15,-55.));
#2944=CARTESIAN_POINT('',(0.,0.,0.));
#2945=CARTESIAN_POINT('Origin',(-125.,0.,75.));
#2946=CARTESIAN_POINT('',(-125.,-1.49975978266186E-31,95.));
#2947=CARTESIAN_POINT('',(-125.,-1.49975978266186E-31,55.));
#2948=CARTESIAN_POINT('Origin',(-125.,0.,75.));
#2949=CARTESIAN_POINT('',(0.,0.,0.));
#2950=CARTESIAN_POINT('Origin',(-125.,-49.4974746830583,54.4974746830583));
#2951=CARTESIAN_POINT('',(-125.,-63.6396103067893,68.6396103067893));
#2952=CARTESIAN_POINT('',(-125.,-35.3553390593274,40.3553390593274));
#2953=CARTESIAN_POINT('Origin',(-125.,-49.4974746830583,54.4974746830583));
#2954=CARTESIAN_POINT('',(0.,0.,0.));
#2955=CARTESIAN_POINT('Origin',(-125.,-70.,5.));
#2956=CARTESIAN_POINT('',(-125.,-90.,5.00000000000001));
#2957=CARTESIAN_POINT('',(-125.,-50.,5.));
#2958=CARTESIAN_POINT('Origin',(-125.,-70.,5.));
#2959=CARTESIAN_POINT('',(0.,0.,0.));
#2960=CARTESIAN_POINT('Origin',(-125.,-49.4974746830583,-44.4974746830583));
#2961=CARTESIAN_POINT('',(-125.,-63.6396103067893,-58.6396103067893));
#2962=CARTESIAN_POINT('',(-125.,-35.3553390593274,-30.3553390593274));
#2963=CARTESIAN_POINT('Origin',(-125.,-49.4974746830583,-44.4974746830583));
#2964=CARTESIAN_POINT('',(0.,0.,0.));
#2965=CARTESIAN_POINT('Origin',(-125.,-8.57252759403147E-15,-65.));
#2966=CARTESIAN_POINT('',(-125.,-1.10218211923262E-14,-85.));
#2967=CARTESIAN_POINT('',(-125.,-6.12323399573677E-15,-45.));
#2968=CARTESIAN_POINT('Origin',(-125.,-8.57252759403147E-15,-65.));
#2969=CARTESIAN_POINT('',(0.,0.,0.));
#2970=CARTESIAN_POINT('Origin',(-125.,49.4974746830583,-44.4974746830583));
#2971=CARTESIAN_POINT('',(-125.,63.6396103067893,-58.6396103067893));
#2972=CARTESIAN_POINT('',(-125.,35.3553390593274,-30.3553390593274));
#2973=CARTESIAN_POINT('Origin',(-125.,49.4974746830583,-44.4974746830583));
#2974=CARTESIAN_POINT('',(0.,0.,0.));
#2975=CARTESIAN_POINT('Origin',(-125.,70.,4.99999999999999));
#2976=CARTESIAN_POINT('',(-125.,90.,4.99999999999998));
#2977=CARTESIAN_POINT('',(-125.,50.,4.99999999999999));
#2978=CARTESIAN_POINT('Origin',(-125.,70.,4.99999999999999));
#2979=CARTESIAN_POINT('',(0.,0.,0.));
#2980=CARTESIAN_POINT('Origin',(-125.,49.4974746830583,54.4974746830583));
#2981=CARTESIAN_POINT('',(-125.,63.6396103067893,68.6396103067893));
#2982=CARTESIAN_POINT('',(-125.,35.3553390593274,40.3553390593274));
#2983=CARTESIAN_POINT('Origin',(-125.,49.4974746830583,54.4974746830583));
#2984=CARTESIAN_POINT('',(0.,0.,0.));
#2985=CARTESIAN_POINT('Origin',(-115.,-49.4974746830583,-44.4974746830583));
#2986=CARTESIAN_POINT('',(-95.,-57.2057258738299,-39.5393637948301));
#2987=CARTESIAN_POINT('',(-95.,-53.4470351807874,-36.2269866760071));
#2988=CARTESIAN_POINT('Origin',(-95.,-49.4974746830583,-44.4974746830583));
#2989=CARTESIAN_POINT('',(-118.,-60.2080104341964,-25.516314973399));
#2990=CARTESIAN_POINT('Ctrl Pts',(-95.,-53.4470351807874,-36.2269866760071));
#2991=CARTESIAN_POINT('Ctrl Pts',(-95.3186650772366,-53.8814354523257,-35.6638262690166));
#2992=CARTESIAN_POINT('Ctrl Pts',(-95.6706486932576,-54.2880564875085,-35.1181291026021));
#2993=CARTESIAN_POINT('Ctrl Pts',(-96.9804386371311,-55.6070675589194,-33.2974688598369));
#2994=CARTESIAN_POINT('Ctrl Pts',(-98.146154820283,-56.4480798336795,-32.0361542119428));
#2995=CARTESIAN_POINT('Ctrl Pts',(-100.855458575039,-57.8799511198601,-29.7559159510388));
#2996=CARTESIAN_POINT('Ctrl Pts',(-102.398984877902,-58.4717401961997,-28.7375036969548));
#2997=CARTESIAN_POINT('Ctrl Pts',(-105.73734679611,-59.403546684712,-27.0683983388274));
#2998=CARTESIAN_POINT('Ctrl Pts',(-107.53626570229,-59.7453966752761,-26.416178214157));
#2999=CARTESIAN_POINT('Ctrl Pts',(-111.235908744949,-60.1938765829464,-25.5480915732731));
#3000=CARTESIAN_POINT('Ctrl Pts',(-113.136710634613,-60.3007364010276,-25.3326752775581));
#3001=CARTESIAN_POINT('Ctrl Pts',(-115.974501327371,-60.3007364010276,-25.3326752775581));
#3002=CARTESIAN_POINT('Ctrl Pts',(-116.983396249347,-60.271337156697,-25.391372758967));
#3003=CARTESIAN_POINT('Ctrl Pts',(-118.,-60.2080104341964,-25.516314973399));
#3004=CARTESIAN_POINT('',(-118.,-64.2970558906471,-28.4983373288137));
#3005=CARTESIAN_POINT('Origin',(-118.,-49.4974746830583,-44.4974746830583));
#3006=CARTESIAN_POINT('Ctrl Pts',(-118.,-64.2970558906471,-28.4983373288137));
#3007=CARTESIAN_POINT('Ctrl Pts',(-116.984385288204,-64.3640070034959,-28.3698306688407));
#3008=CARTESIAN_POINT('Ctrl Pts',(-115.97540858239,-64.3952018784549,-28.3092776119963));
#3009=CARTESIAN_POINT('Ctrl Pts',(-113.742754404806,-64.3952018784549,-28.3092776119963));
#3010=CARTESIAN_POINT('Ctrl Pts',(-112.440436368762,-64.343292778931,-28.4103020669334));
#3011=CARTESIAN_POINT('Ctrl Pts',(-109.841056576451,-64.1206665830129,-28.8355985148331));
#3012=CARTESIAN_POINT('Ctrl Pts',(-108.543979990296,-63.949938619497,-29.15977417447));
#3013=CARTESIAN_POINT('Ctrl Pts',(-106.04266902036,-63.487598951265,-30.0115639497901));
#3014=CARTESIAN_POINT('Ctrl Pts',(-104.836621503078,-63.1954704258402,-30.5396600074288));
#3015=CARTESIAN_POINT('Ctrl Pts',(-102.587155258258,-62.5011609011845,-31.746969966848));
#3016=CARTESIAN_POINT('Ctrl Pts',(-101.543749893657,-62.0986798976896,-32.4260362144694));
#3017=CARTESIAN_POINT('Ctrl Pts',(-99.7643894662977,-61.2596037066819,-33.7824988457847));
#3018=CARTESIAN_POINT('Ctrl Pts',(-98.9033184681986,-60.7775896649785,-34.5381370807807));
#3019=CARTESIAN_POINT('Ctrl Pts',(-97.3504286550666,-59.7046154599038,-36.1404737664927));
#3020=CARTESIAN_POINT('Ctrl Pts',(-96.6584875897314,-59.112977541384,-36.9865997685173));
#3021=CARTESIAN_POINT('Ctrl Pts',(-95.7049127248735,-58.1239429226458,-38.339773301888));
#3022=CARTESIAN_POINT('Ctrl Pts',(-95.3338049147804,-57.680002575456,-38.9302095395843));
#3023=CARTESIAN_POINT('Ctrl Pts',(-95.,-57.2057258738299,-39.5393637948301));
#3024=CARTESIAN_POINT('Origin',(-115.,-70.,5.));
#3025=CARTESIAN_POINT('',(-95.,-66.9446428571428,-3.64087916415872));
#3026=CARTESIAN_POINT('',(-95.,-71.9446428571429,-3.95647051902493));
#3027=CARTESIAN_POINT('Origin',(-95.,-70.,5.));
#3028=CARTESIAN_POINT('',(-118.,-69.1517857142857,-16.7779827469284));
#3029=CARTESIAN_POINT('Ctrl Pts',(-95.,-71.9446428571429,-3.95647051902493));
#3030=CARTESIAN_POINT('Ctrl Pts',(-95.3338049147804,-71.8492700243484,-4.72257189557649));
#3031=CARTESIAN_POINT('Ctrl Pts',(-95.7049127248735,-71.7456817867553,-5.45398659304997));
#3032=CARTESIAN_POINT('Ctrl Pts',(-96.6584875897314,-71.4881966909248,-7.11017786035659));
#3033=CARTESIAN_POINT('Ctrl Pts',(-97.3504286550666,-71.3082464413474,-8.12683047831893));
#3034=CARTESIAN_POINT('Ctrl Pts',(-98.9033184681986,-70.933930641583,-10.0185609509765));
#3035=CARTESIAN_POINT('Ctrl Pts',(-99.7643894662977,-70.7404491190092,-10.8937132685815));
#3036=CARTESIAN_POINT('Ctrl Pts',(-101.543749893657,-70.3746016585737,-12.4461936582044));
#3037=CARTESIAN_POINT('Ctrl Pts',(-102.587155258258,-70.1790263568757,-13.2109630536425));
#3038=CARTESIAN_POINT('Ctrl Pts',(-104.836621503078,-69.8162802707028,-14.5556110860682));
#3039=CARTESIAN_POINT('Ctrl Pts',(-106.04266902036,-69.6494260285345,-15.1355974508484));
#3040=CARTESIAN_POINT('Ctrl Pts',(-108.543979990296,-69.3740432168787,-16.0648272917409));
#3041=CARTESIAN_POINT('Ctrl Pts',(-109.841056576451,-69.265539310394,-16.4147769997061));
#3042=CARTESIAN_POINT('Ctrl Pts',(-112.440436368762,-69.1222298008731,-16.872927494834));
#3043=CARTESIAN_POINT('Ctrl Pts',(-113.742754404806,-69.0875,-16.9810678482643));
#3044=CARTESIAN_POINT('Ctrl Pts',(-115.97540858239,-69.0875,-16.9810678482643));
#3045=CARTESIAN_POINT('Ctrl Pts',(-116.984385288204,-69.1082593694944,-16.9161922635263));
#3046=CARTESIAN_POINT('Ctrl Pts',(-118.,-69.1517857142857,-16.7779827469284));
#3047=CARTESIAN_POINT('',(-118.,-64.1517857142857,-15.9951992052556));
#3048=CARTESIAN_POINT('Origin',(-118.,-70.,5.));
#3049=CARTESIAN_POINT('Ctrl Pts',(-118.,-64.1517857142857,-15.9951992052556));
#3050=CARTESIAN_POINT('Ctrl Pts',(-116.983396249347,-64.1082169821149,-16.1283254472475));
#3051=CARTESIAN_POINT('Ctrl Pts',(-115.974501327371,-64.0875,-16.1906192394182));
#3052=CARTESIAN_POINT('Ctrl Pts',(-113.136710634613,-64.0875,-16.1906192394182));
#3053=CARTESIAN_POINT('Ctrl Pts',(-111.235908744949,-64.1642610214766,-15.9627356139385));
#3054=CARTESIAN_POINT('Ctrl Pts',(-107.53626570229,-64.4609677879634,-15.0317824795725));
#3055=CARTESIAN_POINT('Ctrl Pts',(-105.73734679611,-64.6804326144677,-14.3288687601152));
#3056=CARTESIAN_POINT('Ctrl Pts',(-102.398984877902,-65.2017816449338,-12.4897463560879));
#3057=CARTESIAN_POINT('Ctrl Pts',(-100.855458575039,-65.5034497869282,-11.3511620762698));
#3058=CARTESIAN_POINT('Ctrl Pts',(-98.146154820283,-66.1033358276899,-8.72630424301894));
#3059=CARTESIAN_POINT('Ctrl Pts',(-96.9804386371311,-66.4005344858817,-7.23973461973909));
#3060=CARTESIAN_POINT('Ctrl Pts',(-95.6706486932576,-66.7552540167229,-5.0196517427883));
#3061=CARTESIAN_POINT('Ctrl Pts',(-95.3186650772366,-66.8535956922181,-4.3462610845915));
#3062=CARTESIAN_POINT('Ctrl Pts',(-95.,-66.9446428571428,-3.64087916415873));
#3063=CARTESIAN_POINT('Origin',(-118.,0.,5.));
#3064=CARTESIAN_POINT('Origin',(-118.,0.,5.));
#3065=CARTESIAN_POINT('Origin',(-118.,0.,5.));
#3066=CARTESIAN_POINT('Origin',(-95.,0.,5.));
#3067=CARTESIAN_POINT('',(-95.,-67.5,5.00000000000001));
#3068=CARTESIAN_POINT('Origin',(-95.,0.,5.));
#3069=CARTESIAN_POINT('',(-95.,-66.9446428571428,13.6408791641587));
#3070=CARTESIAN_POINT('Origin',(-95.,0.,5.));
#3071=CARTESIAN_POINT('',(-95.,-71.9446428571429,13.9564705190249));
#3072=CARTESIAN_POINT('Origin',(-95.,-70.,5.));
#3073=CARTESIAN_POINT('',(-95.,-72.5,5.00000000000001));
#3074=CARTESIAN_POINT('Origin',(-95.,0.,5.));
#3075=CARTESIAN_POINT('Origin',(-95.,0.,5.));
#3076=CARTESIAN_POINT('Origin',(-118.,0.,5.));
#3077=CARTESIAN_POINT('',(-118.,60.2080104341964,-25.516314973399));
#3078=CARTESIAN_POINT('',(-118.,64.2970558906471,-28.4983373288138));
#3079=CARTESIAN_POINT('Origin',(-118.,49.4974746830583,-44.4974746830583));
#3080=CARTESIAN_POINT('',(-118.,69.1517857142857,-16.7779827469284));
#3081=CARTESIAN_POINT('Origin',(-118.,0.,5.));
#3082=CARTESIAN_POINT('',(-118.,64.1517857142857,-15.9951992052557));
#3083=CARTESIAN_POINT('Origin',(-118.,70.,4.99999999999999));
#3084=CARTESIAN_POINT('Origin',(-118.,0.,5.));
#3085=CARTESIAN_POINT('Origin',(-115.,49.4974746830583,-44.4974746830583));
#3086=CARTESIAN_POINT('',(-95.,53.4470351807874,-36.2269866760072));
#3087=CARTESIAN_POINT('',(-95.,57.2057258738299,-39.5393637948301));
#3088=CARTESIAN_POINT('Origin',(-95.,49.4974746830583,-44.4974746830583));
#3089=CARTESIAN_POINT('Ctrl Pts',(-95.,57.2057258738299,-39.5393637948301));
#3090=CARTESIAN_POINT('Ctrl Pts',(-95.3338049147804,57.680002575456,-38.9302095395843));
#3091=CARTESIAN_POINT('Ctrl Pts',(-95.7049127248735,58.1239429226458,-38.339773301888));
#3092=CARTESIAN_POINT('Ctrl Pts',(-96.6584875897315,59.112977541384,-36.9865997685173));
#3093=CARTESIAN_POINT('Ctrl Pts',(-97.3504286550666,59.7046154599038,-36.1404737664927));
#3094=CARTESIAN_POINT('Ctrl Pts',(-98.9033184681987,60.7775896649785,-34.5381370807806));
#3095=CARTESIAN_POINT('Ctrl Pts',(-99.7643894662977,61.2596037066819,-33.7824988457847));
#3096=CARTESIAN_POINT('Ctrl Pts',(-101.543749893657,62.0986798976896,-32.4260362144694));
#3097=CARTESIAN_POINT('Ctrl Pts',(-102.587155258258,62.5011609011845,-31.746969966848));
#3098=CARTESIAN_POINT('Ctrl Pts',(-104.836621503078,63.1954704258402,-30.5396600074288));
#3099=CARTESIAN_POINT('Ctrl Pts',(-106.04266902036,63.487598951265,-30.0115639497901));
#3100=CARTESIAN_POINT('Ctrl Pts',(-108.543979990296,63.949938619497,-29.15977417447));
#3101=CARTESIAN_POINT('Ctrl Pts',(-109.841056576451,64.1206665830129,-28.8355985148331));
#3102=CARTESIAN_POINT('Ctrl Pts',(-112.440436368762,64.343292778931,-28.4103020669334));
#3103=CARTESIAN_POINT('Ctrl Pts',(-113.742754404806,64.3952018784549,-28.3092776119963));
#3104=CARTESIAN_POINT('Ctrl Pts',(-115.97540858239,64.3952018784549,-28.3092776119963));
#3105=CARTESIAN_POINT('Ctrl Pts',(-116.984385288204,64.3640070034959,-28.3698306688407));
#3106=CARTESIAN_POINT('Ctrl Pts',(-118.,64.2970558906471,-28.4983373288138));
#3107=CARTESIAN_POINT('Ctrl Pts',(-118.,60.2080104341964,-25.516314973399));
#3108=CARTESIAN_POINT('Ctrl Pts',(-116.983396249347,60.271337156697,-25.391372758967));
#3109=CARTESIAN_POINT('Ctrl Pts',(-115.974501327371,60.3007364010276,-25.3326752775582));
#3110=CARTESIAN_POINT('Ctrl Pts',(-113.136710634613,60.3007364010276,-25.3326752775582));
#3111=CARTESIAN_POINT('Ctrl Pts',(-111.235908744949,60.1938765829464,-25.5480915732731));
#3112=CARTESIAN_POINT('Ctrl Pts',(-107.53626570229,59.7453966752761,-26.416178214157));
#3113=CARTESIAN_POINT('Ctrl Pts',(-105.73734679611,59.403546684712,-27.0683983388274));
#3114=CARTESIAN_POINT('Ctrl Pts',(-102.398984877902,58.4717401961997,-28.7375036969548));
#3115=CARTESIAN_POINT('Ctrl Pts',(-100.855458575039,57.8799511198601,-29.7559159510388));
#3116=CARTESIAN_POINT('Ctrl Pts',(-98.146154820283,56.4480798336795,-32.0361542119428));
#3117=CARTESIAN_POINT('Ctrl Pts',(-96.9804386371311,55.6070675589194,-33.297468859837));
#3118=CARTESIAN_POINT('Ctrl Pts',(-95.6706486932576,54.2880564875085,-35.1181291026021));
#3119=CARTESIAN_POINT('Ctrl Pts',(-95.3186650772365,53.8814354523257,-35.6638262690167));
#3120=CARTESIAN_POINT('Ctrl Pts',(-95.,53.4470351807874,-36.2269866760072));
#3121=CARTESIAN_POINT('Origin',(-115.,70.,4.99999999999999));
#3122=CARTESIAN_POINT('',(-95.,71.9446428571428,-3.95647051902499));
#3123=CARTESIAN_POINT('',(-95.,66.9446428571428,-3.64087916415869));
#3124=CARTESIAN_POINT('Origin',(-95.,70.,4.99999999999999));
#3125=CARTESIAN_POINT('Ctrl Pts',(-95.,66.9446428571428,-3.6408791641587));
#3126=CARTESIAN_POINT('Ctrl Pts',(-95.3186650772366,66.8535956922181,-4.34626108459148));
#3127=CARTESIAN_POINT('Ctrl Pts',(-95.6706486932576,66.7552540167229,-5.01965174278831));
#3128=CARTESIAN_POINT('Ctrl Pts',(-96.9804386371311,66.4005344858818,-7.2397346197391));
#3129=CARTESIAN_POINT('Ctrl Pts',(-98.146154820283,66.1033358276899,-8.72630424301893));
#3130=CARTESIAN_POINT('Ctrl Pts',(-100.855458575039,65.5034497869282,-11.3511620762697));
#3131=CARTESIAN_POINT('Ctrl Pts',(-102.398984877902,65.2017816449338,-12.4897463560879));
#3132=CARTESIAN_POINT('Ctrl Pts',(-105.73734679611,64.6804326144677,-14.3288687601153));
#3133=CARTESIAN_POINT('Ctrl Pts',(-107.53626570229,64.4609677879634,-15.0317824795725));
#3134=CARTESIAN_POINT('Ctrl Pts',(-111.235908744949,64.1642610214766,-15.9627356139385));
#3135=CARTESIAN_POINT('Ctrl Pts',(-113.136710634613,64.0875,-16.1906192394182));
#3136=CARTESIAN_POINT('Ctrl Pts',(-115.974501327371,64.0875,-16.1906192394182));
#3137=CARTESIAN_POINT('Ctrl Pts',(-116.983396249347,64.1082169821149,-16.1283254472475));
#3138=CARTESIAN_POINT('Ctrl Pts',(-118.,64.1517857142857,-15.9951992052557));
#3139=CARTESIAN_POINT('Ctrl Pts',(-118.,69.1517857142857,-16.7779827469284));
#3140=CARTESIAN_POINT('Ctrl Pts',(-116.984385288204,69.1082593694944,-16.9161922635263));
#3141=CARTESIAN_POINT('Ctrl Pts',(-115.97540858239,69.0875,-16.9810678482643));
#3142=CARTESIAN_POINT('Ctrl Pts',(-113.742754404806,69.0875,-16.9810678482643));
#3143=CARTESIAN_POINT('Ctrl Pts',(-112.440436368762,69.122229800873,-16.872927494834));
#3144=CARTESIAN_POINT('Ctrl Pts',(-109.841056576451,69.265539310394,-16.4147769997061));
#3145=CARTESIAN_POINT('Ctrl Pts',(-108.543979990296,69.3740432168786,-16.064827291741));
#3146=CARTESIAN_POINT('Ctrl Pts',(-106.04266902036,69.6494260285344,-15.1355974508485));
#3147=CARTESIAN_POINT('Ctrl Pts',(-104.836621503078,69.8162802707028,-14.5556110860683));
#3148=CARTESIAN_POINT('Ctrl Pts',(-102.587155258258,70.1790263568757,-13.2109630536425));
#3149=CARTESIAN_POINT('Ctrl Pts',(-101.543749893657,70.3746016585737,-12.4461936582044));
#3150=CARTESIAN_POINT('Ctrl Pts',(-99.7643894662977,70.7404491190092,-10.8937132685815));
#3151=CARTESIAN_POINT('Ctrl Pts',(-98.9033184681987,70.933930641583,-10.0185609509765));
#3152=CARTESIAN_POINT('Ctrl Pts',(-97.3504286550666,71.3082464413474,-8.12683047831895));
#3153=CARTESIAN_POINT('Ctrl Pts',(-96.6584875897314,71.4881966909248,-7.11017786035661));
#3154=CARTESIAN_POINT('Ctrl Pts',(-95.7049127248735,71.7456817867553,-5.45398659305));
#3155=CARTESIAN_POINT('Ctrl Pts',(-95.3338049147804,71.8492700243484,-4.72257189557651));
#3156=CARTESIAN_POINT('Ctrl Pts',(-95.,71.9446428571428,-3.95647051902498));
#3157=CARTESIAN_POINT('Origin',(-95.,0.,5.));
#3158=CARTESIAN_POINT('',(-95.,41.2269866760071,-48.4470351807874));
#3159=CARTESIAN_POINT('Origin',(-95.,0.,5.));
#3160=CARTESIAN_POINT('',(-95.,44.53936379483,-52.20572587383));
#3161=CARTESIAN_POINT('Origin',(-95.,49.4974746830583,-44.4974746830583));
#3162=CARTESIAN_POINT('Origin',(-95.,0.,5.));
#3163=CARTESIAN_POINT('Origin',(-118.,0.,5.));
#3164=CARTESIAN_POINT('',(-118.,64.1517857142857,25.9951992052556));
#3165=CARTESIAN_POINT('',(-118.,69.1517857142857,26.7779827469284));
#3166=CARTESIAN_POINT('Origin',(-118.,70.,4.99999999999999));
#3167=CARTESIAN_POINT('',(-118.,64.2970558906471,38.4983373288137));
#3168=CARTESIAN_POINT('Origin',(-118.,0.,5.));
#3169=CARTESIAN_POINT('',(-118.,60.2080104341964,35.516314973399));
#3170=CARTESIAN_POINT('Origin',(-118.,49.4974746830583,54.4974746830583));
#3171=CARTESIAN_POINT('Origin',(-118.,0.,5.));
#3172=CARTESIAN_POINT('Origin',(-115.,70.,4.99999999999999));
#3173=CARTESIAN_POINT('',(-95.,66.9446428571429,13.6408791641587));
#3174=CARTESIAN_POINT('',(-95.,71.9446428571428,13.956470519025));
#3175=CARTESIAN_POINT('Origin',(-95.,70.,4.99999999999999));
#3176=CARTESIAN_POINT('Ctrl Pts',(-95.,71.9446428571429,13.956470519025));
#3177=CARTESIAN_POINT('Ctrl Pts',(-95.3338049147804,71.8492700243484,14.7225718955765));
#3178=CARTESIAN_POINT('Ctrl Pts',(-95.7049127248735,71.7456817867553,15.45398659305));
#3179=CARTESIAN_POINT('Ctrl Pts',(-96.6584875897314,71.4881966909248,17.1101778603566));
#3180=CARTESIAN_POINT('Ctrl Pts',(-97.3504286550666,71.3082464413474,18.1268304783189));
#3181=CARTESIAN_POINT('Ctrl Pts',(-98.9033184681987,70.933930641583,20.0185609509765));
#3182=CARTESIAN_POINT('Ctrl Pts',(-99.7643894662977,70.7404491190092,20.8937132685815));
#3183=CARTESIAN_POINT('Ctrl Pts',(-101.543749893657,70.3746016585737,22.4461936582044));
#3184=CARTESIAN_POINT('Ctrl Pts',(-102.587155258258,70.1790263568757,23.2109630536425));
#3185=CARTESIAN_POINT('Ctrl Pts',(-104.836621503078,69.8162802707028,24.5556110860682));
#3186=CARTESIAN_POINT('Ctrl Pts',(-106.04266902036,69.6494260285344,25.1355974508484));
#3187=CARTESIAN_POINT('Ctrl Pts',(-108.543979990296,69.3740432168787,26.064827291741));
#3188=CARTESIAN_POINT('Ctrl Pts',(-109.841056576451,69.265539310394,26.4147769997061));
#3189=CARTESIAN_POINT('Ctrl Pts',(-112.440436368762,69.1222298008731,26.872927494834));
#3190=CARTESIAN_POINT('Ctrl Pts',(-113.742754404806,69.0875,26.9810678482643));
#3191=CARTESIAN_POINT('Ctrl Pts',(-115.97540858239,69.0875,26.9810678482643));
#3192=CARTESIAN_POINT('Ctrl Pts',(-116.984385288204,69.1082593694945,26.9161922635263));
#3193=CARTESIAN_POINT('Ctrl Pts',(-118.,69.1517857142857,26.7779827469284));
#3194=CARTESIAN_POINT('Ctrl Pts',(-118.,64.1517857142857,25.9951992052556));
#3195=CARTESIAN_POINT('Ctrl Pts',(-116.983396249347,64.1082169821149,26.1283254472475));
#3196=CARTESIAN_POINT('Ctrl Pts',(-115.974501327371,64.0875,26.1906192394182));
#3197=CARTESIAN_POINT('Ctrl Pts',(-113.136710634613,64.0875,26.1906192394182));
#3198=CARTESIAN_POINT('Ctrl Pts',(-111.235908744949,64.1642610214766,25.9627356139385));
#3199=CARTESIAN_POINT('Ctrl Pts',(-107.53626570229,64.4609677879634,25.0317824795724));
#3200=CARTESIAN_POINT('Ctrl Pts',(-105.73734679611,64.6804326144677,24.3288687601152));
#3201=CARTESIAN_POINT('Ctrl Pts',(-102.398984877902,65.2017816449338,22.4897463560879));
#3202=CARTESIAN_POINT('Ctrl Pts',(-100.855458575039,65.5034497869282,21.3511620762697));
#3203=CARTESIAN_POINT('Ctrl Pts',(-98.146154820283,66.1033358276899,18.7263042430189));
#3204=CARTESIAN_POINT('Ctrl Pts',(-96.9804386371311,66.4005344858818,17.2397346197391));
#3205=CARTESIAN_POINT('Ctrl Pts',(-95.6706486932576,66.7552540167229,15.0196517427883));
#3206=CARTESIAN_POINT('Ctrl Pts',(-95.3186650772366,66.8535956922181,14.3462610845915));
#3207=CARTESIAN_POINT('Ctrl Pts',(-95.,66.9446428571428,13.6408791641587));
#3208=CARTESIAN_POINT('Origin',(-115.,49.4974746830583,54.4974746830583));
#3209=CARTESIAN_POINT('',(-95.,57.20572587383,49.53936379483));
#3210=CARTESIAN_POINT('',(-95.,53.4470351807875,46.2269866760071));
#3211=CARTESIAN_POINT('Origin',(-95.,49.4974746830583,54.4974746830583));
#3212=CARTESIAN_POINT('Ctrl Pts',(-95.,53.4470351807875,46.2269866760071));
#3213=CARTESIAN_POINT('Ctrl Pts',(-95.3186650772366,53.8814354523258,45.6638262690166));
#3214=CARTESIAN_POINT('Ctrl Pts',(-95.6706486932576,54.2880564875085,45.1181291026021));
#3215=CARTESIAN_POINT('Ctrl Pts',(-96.9804386371311,55.6070675589195,43.2974688598369));
#3216=CARTESIAN_POINT('Ctrl Pts',(-98.146154820283,56.4480798336796,42.0361542119428));
#3217=CARTESIAN_POINT('Ctrl Pts',(-100.855458575039,57.8799511198601,39.7559159510388));
#3218=CARTESIAN_POINT('Ctrl Pts',(-102.398984877902,58.4717401961997,38.7375036969548));
#3219=CARTESIAN_POINT('Ctrl Pts',(-105.73734679611,59.403546684712,37.0683983388274));
#3220=CARTESIAN_POINT('Ctrl Pts',(-107.53626570229,59.7453966752761,36.416178214157));
#3221=CARTESIAN_POINT('Ctrl Pts',(-111.235908744949,60.1938765829464,35.5480915732731));
#3222=CARTESIAN_POINT('Ctrl Pts',(-113.136710634613,60.3007364010276,35.3326752775581));
#3223=CARTESIAN_POINT('Ctrl Pts',(-115.974501327371,60.3007364010276,35.3326752775581));
#3224=CARTESIAN_POINT('Ctrl Pts',(-116.983396249347,60.271337156697,35.391372758967));
#3225=CARTESIAN_POINT('Ctrl Pts',(-118.,60.2080104341964,35.516314973399));
#3226=CARTESIAN_POINT('Ctrl Pts',(-118.,64.2970558906471,38.4983373288137));
#3227=CARTESIAN_POINT('Ctrl Pts',(-116.984385288204,64.3640070034959,38.3698306688407));
#3228=CARTESIAN_POINT('Ctrl Pts',(-115.97540858239,64.3952018784549,38.3092776119963));
#3229=CARTESIAN_POINT('Ctrl Pts',(-113.742754404806,64.3952018784549,38.3092776119963));
#3230=CARTESIAN_POINT('Ctrl Pts',(-112.440436368762,64.343292778931,38.4103020669334));
#3231=CARTESIAN_POINT('Ctrl Pts',(-109.841056576451,64.1206665830129,38.8355985148331));
#3232=CARTESIAN_POINT('Ctrl Pts',(-108.543979990296,63.949938619497,39.15977417447));
#3233=CARTESIAN_POINT('Ctrl Pts',(-106.04266902036,63.487598951265,40.01156394979));
#3234=CARTESIAN_POINT('Ctrl Pts',(-104.836621503078,63.1954704258402,40.5396600074288));
#3235=CARTESIAN_POINT('Ctrl Pts',(-102.587155258258,62.5011609011845,41.7469699668479));
#3236=CARTESIAN_POINT('Ctrl Pts',(-101.543749893657,62.0986798976896,42.4260362144694));
#3237=CARTESIAN_POINT('Ctrl Pts',(-99.7643894662977,61.2596037066819,43.7824988457847));
#3238=CARTESIAN_POINT('Ctrl Pts',(-98.9033184681986,60.7775896649786,44.5381370807806));
#3239=CARTESIAN_POINT('Ctrl Pts',(-97.3504286550665,59.7046154599038,46.1404737664926));
#3240=CARTESIAN_POINT('Ctrl Pts',(-96.6584875897314,59.112977541384,46.9865997685173));
#3241=CARTESIAN_POINT('Ctrl Pts',(-95.7049127248735,58.1239429226458,48.339773301888));
#3242=CARTESIAN_POINT('Ctrl Pts',(-95.3338049147805,57.680002575456,48.9302095395842));
#3243=CARTESIAN_POINT('Ctrl Pts',(-95.,57.20572587383,49.53936379483));
#3244=CARTESIAN_POINT('Origin',(-95.,0.,5.));
#3245=CARTESIAN_POINT('Origin',(-95.,0.,5.));
#3246=CARTESIAN_POINT('Origin',(-95.,0.,5.));
#3247=CARTESIAN_POINT('Origin',(-118.,0.,5.));
#3248=CARTESIAN_POINT('',(-118.,33.4983373288137,-59.2970558906471));
#3249=CARTESIAN_POINT('',(-118.,30.516314973399,-55.2080104341964));
#3250=CARTESIAN_POINT('Origin',(-118.,49.4974746830583,-44.4974746830583));
#3251=CARTESIAN_POINT('',(-118.,20.9951992052556,-59.1517857142857));
#3252=CARTESIAN_POINT('Origin',(-118.,0.,5.));
#3253=CARTESIAN_POINT('',(-118.,21.7779827469284,-64.1517857142857));
#3254=CARTESIAN_POINT('Origin',(-118.,-8.57252759403147E-15,-65.));
#3255=CARTESIAN_POINT('Origin',(-118.,0.,5.));
#3256=CARTESIAN_POINT('Origin',(-115.,49.4974746830583,-44.4974746830583));
#3257=CARTESIAN_POINT('Ctrl Pts',(-95.,41.2269866760071,-48.4470351807874));
#3258=CARTESIAN_POINT('Ctrl Pts',(-95.3186650772366,40.6638262690166,-48.8814354523257));
#3259=CARTESIAN_POINT('Ctrl Pts',(-95.6706486932576,40.1181291026021,-49.2880564875085));
#3260=CARTESIAN_POINT('Ctrl Pts',(-96.9804386371311,38.2974688598369,-50.6070675589195));
#3261=CARTESIAN_POINT('Ctrl Pts',(-98.146154820283,37.0361542119428,-51.4480798336795));
#3262=CARTESIAN_POINT('Ctrl Pts',(-100.855458575039,34.7559159510388,-52.8799511198601));
#3263=CARTESIAN_POINT('Ctrl Pts',(-102.398984877902,33.7375036969548,-53.4717401961997));
#3264=CARTESIAN_POINT('Ctrl Pts',(-105.73734679611,32.0683983388274,-54.403546684712));
#3265=CARTESIAN_POINT('Ctrl Pts',(-107.53626570229,31.416178214157,-54.7453966752761));
#3266=CARTESIAN_POINT('Ctrl Pts',(-111.235908744949,30.5480915732731,-55.1938765829464));
#3267=CARTESIAN_POINT('Ctrl Pts',(-113.136710634613,30.3326752775581,-55.3007364010276));
#3268=CARTESIAN_POINT('Ctrl Pts',(-115.974501327371,30.3326752775581,-55.3007364010276));
#3269=CARTESIAN_POINT('Ctrl Pts',(-116.983396249347,30.391372758967,-55.271337156697));
#3270=CARTESIAN_POINT('Ctrl Pts',(-118.,30.516314973399,-55.2080104341964));
#3271=CARTESIAN_POINT('Ctrl Pts',(-118.,33.4983373288137,-59.2970558906471));
#3272=CARTESIAN_POINT('Ctrl Pts',(-116.984385288204,33.3698306688407,-59.3640070034959));
#3273=CARTESIAN_POINT('Ctrl Pts',(-115.97540858239,33.3092776119963,-59.3952018784549));
#3274=CARTESIAN_POINT('Ctrl Pts',(-113.742754404806,33.3092776119963,-59.3952018784549));
#3275=CARTESIAN_POINT('Ctrl Pts',(-112.440436368762,33.4103020669334,-59.343292778931));
#3276=CARTESIAN_POINT('Ctrl Pts',(-109.841056576451,33.8355985148331,-59.1206665830129));
#3277=CARTESIAN_POINT('Ctrl Pts',(-108.543979990296,34.15977417447,-58.949938619497));
#3278=CARTESIAN_POINT('Ctrl Pts',(-106.04266902036,35.01156394979,-58.487598951265));
#3279=CARTESIAN_POINT('Ctrl Pts',(-104.836621503078,35.5396600074288,-58.1954704258402));
#3280=CARTESIAN_POINT('Ctrl Pts',(-102.587155258258,36.7469699668479,-57.5011609011845));
#3281=CARTESIAN_POINT('Ctrl Pts',(-101.543749893657,37.4260362144694,-57.0986798976896));
#3282=CARTESIAN_POINT('Ctrl Pts',(-99.7643894662977,38.7824988457847,-56.2596037066819));
#3283=CARTESIAN_POINT('Ctrl Pts',(-98.9033184681987,39.5381370807806,-55.7775896649785));
#3284=CARTESIAN_POINT('Ctrl Pts',(-97.3504286550666,41.1404737664927,-54.7046154599038));
#3285=CARTESIAN_POINT('Ctrl Pts',(-96.6584875897314,41.9865997685173,-54.112977541384));
#3286=CARTESIAN_POINT('Ctrl Pts',(-95.7049127248735,43.339773301888,-53.1239429226458));
#3287=CARTESIAN_POINT('Ctrl Pts',(-95.3338049147805,43.9302095395842,-52.680002575456));
#3288=CARTESIAN_POINT('Ctrl Pts',(-95.,44.53936379483,-52.20572587383));
#3289=CARTESIAN_POINT('Origin',(-115.,-8.57252759403147E-15,-65.));
#3290=CARTESIAN_POINT('',(-95.,8.64087916415868,-61.9446428571429));
#3291=CARTESIAN_POINT('',(-95.,8.95647051902494,-66.9446428571429));
#3292=CARTESIAN_POINT('Origin',(-95.,-8.57252759403147E-15,-65.));
#3293=CARTESIAN_POINT('Ctrl Pts',(-95.,8.95647051902494,-66.9446428571429));
#3294=CARTESIAN_POINT('Ctrl Pts',(-95.3338049147804,9.72257189557648,-66.8492700243484));
#3295=CARTESIAN_POINT('Ctrl Pts',(-95.7049127248735,10.45398659305,-66.7456817867553));
#3296=CARTESIAN_POINT('Ctrl Pts',(-96.6584875897314,12.1101778603566,-66.4881966909248));
#3297=CARTESIAN_POINT('Ctrl Pts',(-97.3504286550666,13.1268304783189,-66.3082464413474));
#3298=CARTESIAN_POINT('Ctrl Pts',(-98.9033184681986,15.0185609509765,-65.933930641583));
#3299=CARTESIAN_POINT('Ctrl Pts',(-99.7643894662977,15.8937132685815,-65.7404491190092));
#3300=CARTESIAN_POINT('Ctrl Pts',(-101.543749893657,17.4461936582044,-65.3746016585737));
#3301=CARTESIAN_POINT('Ctrl Pts',(-102.587155258258,18.2109630536425,-65.1790263568757));
#3302=CARTESIAN_POINT('Ctrl Pts',(-104.836621503078,19.5556110860682,-64.8162802707028));
#3303=CARTESIAN_POINT('Ctrl Pts',(-106.04266902036,20.1355974508484,-64.6494260285345));
#3304=CARTESIAN_POINT('Ctrl Pts',(-108.543979990296,21.0648272917409,-64.3740432168787));
#3305=CARTESIAN_POINT('Ctrl Pts',(-109.841056576451,21.4147769997061,-64.265539310394));
#3306=CARTESIAN_POINT('Ctrl Pts',(-112.440436368762,21.872927494834,-64.1222298008731));
#3307=CARTESIAN_POINT('Ctrl Pts',(-113.742754404806,21.9810678482643,-64.0875));
#3308=CARTESIAN_POINT('Ctrl Pts',(-115.97540858239,21.9810678482643,-64.0875));
#3309=CARTESIAN_POINT('Ctrl Pts',(-116.984385288204,21.9161922635263,-64.1082593694944));
#3310=CARTESIAN_POINT('Ctrl Pts',(-118.,21.7779827469284,-64.1517857142857));
#3311=CARTESIAN_POINT('Ctrl Pts',(-118.,20.9951992052556,-59.1517857142857));
#3312=CARTESIAN_POINT('Ctrl Pts',(-116.983396249347,21.1283254472475,-59.1082169821149));
#3313=CARTESIAN_POINT('Ctrl Pts',(-115.974501327371,21.1906192394182,-59.0875));
#3314=CARTESIAN_POINT('Ctrl Pts',(-113.136710634613,21.1906192394182,-59.0875));
#3315=CARTESIAN_POINT('Ctrl Pts',(-111.235908744949,20.9627356139385,-59.1642610214766));
#3316=CARTESIAN_POINT('Ctrl Pts',(-107.53626570229,20.0317824795724,-59.4609677879634));
#3317=CARTESIAN_POINT('Ctrl Pts',(-105.73734679611,19.3288687601152,-59.6804326144677));
#3318=CARTESIAN_POINT('Ctrl Pts',(-102.398984877902,17.4897463560879,-60.2017816449338));
#3319=CARTESIAN_POINT('Ctrl Pts',(-100.855458575039,16.3511620762697,-60.5034497869282));
#3320=CARTESIAN_POINT('Ctrl Pts',(-98.146154820283,13.7263042430189,-61.1033358276899));
#3321=CARTESIAN_POINT('Ctrl Pts',(-96.9804386371311,12.2397346197391,-61.4005344858818));
#3322=CARTESIAN_POINT('Ctrl Pts',(-95.6706486932576,10.0196517427883,-61.7552540167229));
#3323=CARTESIAN_POINT('Ctrl Pts',(-95.3186650772366,9.34626108459145,-61.8535956922181));
#3324=CARTESIAN_POINT('Ctrl Pts',(-95.,8.64087916415868,-61.9446428571428));
#3325=CARTESIAN_POINT('Origin',(-95.,0.,5.));
#3326=CARTESIAN_POINT('',(-95.,-8.6408791641587,-61.9446428571428));
#3327=CARTESIAN_POINT('Origin',(-95.,0.,5.));
#3328=CARTESIAN_POINT('',(-95.,-8.95647051902504,-66.9446428571428));
#3329=CARTESIAN_POINT('Origin',(-95.,-8.57252759403147E-15,-65.));
#3330=CARTESIAN_POINT('Origin',(-95.,0.,5.));
#3331=CARTESIAN_POINT('Origin',(-118.,0.,5.));
#3332=CARTESIAN_POINT('',(-118.,-20.9951992052556,69.1517857142857));
#3333=CARTESIAN_POINT('',(-118.,-21.7779827469284,74.1517857142857));
#3334=CARTESIAN_POINT('Origin',(-118.,0.,75.));
#3335=CARTESIAN_POINT('',(-118.,-33.4983373288138,69.2970558906471));
#3336=CARTESIAN_POINT('Origin',(-118.,0.,5.));
#3337=CARTESIAN_POINT('',(-118.,-30.516314973399,65.2080104341964));
#3338=CARTESIAN_POINT('Origin',(-118.,-49.4974746830583,54.4974746830583));
#3339=CARTESIAN_POINT('Origin',(-118.,0.,5.));
#3340=CARTESIAN_POINT('Origin',(-115.,0.,75.));
#3341=CARTESIAN_POINT('',(-95.,-8.64087916415872,71.9446428571428));
#3342=CARTESIAN_POINT('',(-95.,-8.95647051902497,76.9446428571428));
#3343=CARTESIAN_POINT('Origin',(-95.,0.,75.));
#3344=CARTESIAN_POINT('Ctrl Pts',(-95.,-8.95647051902498,76.9446428571428));
#3345=CARTESIAN_POINT('Ctrl Pts',(-95.3338049147805,-9.72257189557653,76.8492700243484));
#3346=CARTESIAN_POINT('Ctrl Pts',(-95.7049127248735,-10.45398659305,76.7456817867553));
#3347=CARTESIAN_POINT('Ctrl Pts',(-96.6584875897315,-12.1101778603566,76.4881966909248));
#3348=CARTESIAN_POINT('Ctrl Pts',(-97.3504286550666,-13.126830478319,76.3082464413474));
#3349=CARTESIAN_POINT('Ctrl Pts',(-98.9033184681987,-15.0185609509765,75.933930641583));
#3350=CARTESIAN_POINT('Ctrl Pts',(-99.7643894662977,-15.8937132685815,75.7404491190092));
#3351=CARTESIAN_POINT('Ctrl Pts',(-101.543749893657,-17.4461936582044,75.3746016585737));
#3352=CARTESIAN_POINT('Ctrl Pts',(-102.587155258258,-18.2109630536425,75.1790263568757));
#3353=CARTESIAN_POINT('Ctrl Pts',(-104.836621503078,-19.5556110860683,74.8162802707028));
#3354=CARTESIAN_POINT('Ctrl Pts',(-106.04266902036,-20.1355974508484,74.6494260285345));
#3355=CARTESIAN_POINT('Ctrl Pts',(-108.543979990296,-21.064827291741,74.3740432168787));
#3356=CARTESIAN_POINT('Ctrl Pts',(-109.841056576451,-21.4147769997061,74.265539310394));
#3357=CARTESIAN_POINT('Ctrl Pts',(-112.440436368762,-21.872927494834,74.122229800873));
#3358=CARTESIAN_POINT('Ctrl Pts',(-113.742754404806,-21.9810678482643,74.0875));
#3359=CARTESIAN_POINT('Ctrl Pts',(-115.97540858239,-21.9810678482643,74.0875));
#3360=CARTESIAN_POINT('Ctrl Pts',(-116.984385288204,-21.9161922635263,74.1082593694944));
#3361=CARTESIAN_POINT('Ctrl Pts',(-118.,-21.7779827469284,74.1517857142857));
#3362=CARTESIAN_POINT('Ctrl Pts',(-118.,-20.9951992052556,69.1517857142857));
#3363=CARTESIAN_POINT('Ctrl Pts',(-116.983396249347,-21.1283254472475,69.1082169821149));
#3364=CARTESIAN_POINT('Ctrl Pts',(-115.974501327371,-21.1906192394182,69.0875));
#3365=CARTESIAN_POINT('Ctrl Pts',(-113.136710634613,-21.1906192394182,69.0875));
#3366=CARTESIAN_POINT('Ctrl Pts',(-111.235908744949,-20.9627356139385,69.1642610214766));
#3367=CARTESIAN_POINT('Ctrl Pts',(-107.53626570229,-20.0317824795725,69.4609677879634));
#3368=CARTESIAN_POINT('Ctrl Pts',(-105.73734679611,-19.3288687601153,69.6804326144677));
#3369=CARTESIAN_POINT('Ctrl Pts',(-102.398984877902,-17.4897463560879,70.2017816449338));
#3370=CARTESIAN_POINT('Ctrl Pts',(-100.855458575039,-16.3511620762698,70.5034497869282));
#3371=CARTESIAN_POINT('Ctrl Pts',(-98.146154820283,-13.7263042430189,71.1033358276899));
#3372=CARTESIAN_POINT('Ctrl Pts',(-96.9804386371311,-12.2397346197391,71.4005344858817));
#3373=CARTESIAN_POINT('Ctrl Pts',(-95.6706486932576,-10.0196517427883,71.7552540167229));
#3374=CARTESIAN_POINT('Ctrl Pts',(-95.3186650772366,-9.3462610845915,71.8535956922181));
#3375=CARTESIAN_POINT('Ctrl Pts',(-95.,-8.64087916415873,71.9446428571428));
#3376=CARTESIAN_POINT('Origin',(-115.,-49.4974746830583,54.4974746830583));
#3377=CARTESIAN_POINT('',(-95.,-44.5393637948301,62.20572587383));
#3378=CARTESIAN_POINT('',(-95.,-41.2269866760071,58.4470351807874));
#3379=CARTESIAN_POINT('Origin',(-95.,-49.4974746830583,54.4974746830583));
#3380=CARTESIAN_POINT('Ctrl Pts',(-95.,-41.2269866760071,58.4470351807874));
#3381=CARTESIAN_POINT('Ctrl Pts',(-95.3186650772366,-40.6638262690166,58.8814354523257));
#3382=CARTESIAN_POINT('Ctrl Pts',(-95.6706486932576,-40.1181291026021,59.2880564875085));
#3383=CARTESIAN_POINT('Ctrl Pts',(-96.9804386371311,-38.2974688598369,60.6070675589195));
#3384=CARTESIAN_POINT('Ctrl Pts',(-98.146154820283,-37.0361542119428,61.4480798336795));
#3385=CARTESIAN_POINT('Ctrl Pts',(-100.855458575039,-34.7559159510388,62.8799511198601));
#3386=CARTESIAN_POINT('Ctrl Pts',(-102.398984877902,-33.7375036969548,63.4717401961997));
#3387=CARTESIAN_POINT('Ctrl Pts',(-105.73734679611,-32.0683983388274,64.403546684712));
#3388=CARTESIAN_POINT('Ctrl Pts',(-107.53626570229,-31.416178214157,64.7453966752761));
#3389=CARTESIAN_POINT('Ctrl Pts',(-111.235908744949,-30.5480915732731,65.1938765829464));
#3390=CARTESIAN_POINT('Ctrl Pts',(-113.136710634613,-30.3326752775581,65.3007364010276));
#3391=CARTESIAN_POINT('Ctrl Pts',(-115.974501327371,-30.3326752775581,65.3007364010276));
#3392=CARTESIAN_POINT('Ctrl Pts',(-116.983396249347,-30.391372758967,65.271337156697));
#3393=CARTESIAN_POINT('Ctrl Pts',(-118.,-30.516314973399,65.2080104341964));
#3394=CARTESIAN_POINT('Ctrl Pts',(-118.,-33.4983373288137,69.2970558906471));
#3395=CARTESIAN_POINT('Ctrl Pts',(-116.984385288204,-33.3698306688407,69.3640070034959));
#3396=CARTESIAN_POINT('Ctrl Pts',(-115.97540858239,-33.3092776119963,69.3952018784549));
#3397=CARTESIAN_POINT('Ctrl Pts',(-113.742754404806,-33.3092776119963,69.3952018784549));
#3398=CARTESIAN_POINT('Ctrl Pts',(-112.440436368762,-33.4103020669334,69.343292778931));
#3399=CARTESIAN_POINT('Ctrl Pts',(-109.841056576451,-33.8355985148331,69.1206665830129));
#3400=CARTESIAN_POINT('Ctrl Pts',(-108.543979990296,-34.15977417447,68.949938619497));
#3401=CARTESIAN_POINT('Ctrl Pts',(-106.04266902036,-35.0115639497901,68.487598951265));
#3402=CARTESIAN_POINT('Ctrl Pts',(-104.836621503078,-35.5396600074288,68.1954704258402));
#3403=CARTESIAN_POINT('Ctrl Pts',(-102.587155258258,-36.746969966848,67.5011609011845));
#3404=CARTESIAN_POINT('Ctrl Pts',(-101.543749893657,-37.4260362144694,67.0986798976896));
#3405=CARTESIAN_POINT('Ctrl Pts',(-99.7643894662977,-38.7824988457847,66.2596037066819));
#3406=CARTESIAN_POINT('Ctrl Pts',(-98.9033184681987,-39.5381370807806,65.7775896649785));
#3407=CARTESIAN_POINT('Ctrl Pts',(-97.3504286550666,-41.1404737664927,64.7046154599038));
#3408=CARTESIAN_POINT('Ctrl Pts',(-96.6584875897314,-41.9865997685173,64.112977541384));
#3409=CARTESIAN_POINT('Ctrl Pts',(-95.7049127248735,-43.339773301888,63.1239429226458));
#3410=CARTESIAN_POINT('Ctrl Pts',(-95.3338049147804,-43.9302095395842,62.680002575456));
#3411=CARTESIAN_POINT('Ctrl Pts',(-95.,-44.5393637948301,62.20572587383));
#3412=CARTESIAN_POINT('Origin',(-95.,0.,5.));
#3413=CARTESIAN_POINT('',(-95.,8.64087916415873,71.9446428571428));
#3414=CARTESIAN_POINT('Origin',(-95.,0.,5.));
#3415=CARTESIAN_POINT('',(-95.,8.95647051902494,76.9446428571429));
#3416=CARTESIAN_POINT('Origin',(-95.,0.,75.));
#3417=CARTESIAN_POINT('Origin',(-95.,0.,5.));
#3418=CARTESIAN_POINT('Origin',(-118.,0.,5.));
#3419=CARTESIAN_POINT('',(-118.,-69.1517857142857,26.7779827469284));
#3420=CARTESIAN_POINT('',(-118.,-64.1517857142857,25.9951992052556));
#3421=CARTESIAN_POINT('Origin',(-118.,-70.,5.));
#3422=CARTESIAN_POINT('',(-118.,-60.2080104341964,35.516314973399));
#3423=CARTESIAN_POINT('Origin',(-118.,0.,5.));
#3424=CARTESIAN_POINT('',(-118.,-64.2970558906471,38.4983373288138));
#3425=CARTESIAN_POINT('Origin',(-118.,-49.4974746830583,54.4974746830583));
#3426=CARTESIAN_POINT('Origin',(-118.,0.,5.));
#3427=CARTESIAN_POINT('Origin',(-115.,-70.,5.));
#3428=CARTESIAN_POINT('Ctrl Pts',(-95.,-66.9446428571428,13.6408791641587));
#3429=CARTESIAN_POINT('Ctrl Pts',(-95.3186650772366,-66.8535956922181,14.3462610845915));
#3430=CARTESIAN_POINT('Ctrl Pts',(-95.6706486932576,-66.7552540167229,15.0196517427883));
#3431=CARTESIAN_POINT('Ctrl Pts',(-96.9804386371311,-66.4005344858817,17.2397346197391));
#3432=CARTESIAN_POINT('Ctrl Pts',(-98.146154820283,-66.1033358276899,18.7263042430189));
#3433=CARTESIAN_POINT('Ctrl Pts',(-100.855458575039,-65.5034497869282,21.3511620762698));
#3434=CARTESIAN_POINT('Ctrl Pts',(-102.398984877902,-65.2017816449338,22.4897463560879));
#3435=CARTESIAN_POINT('Ctrl Pts',(-105.73734679611,-64.6804326144677,24.3288687601153));
#3436=CARTESIAN_POINT('Ctrl Pts',(-107.53626570229,-64.4609677879634,25.0317824795725));
#3437=CARTESIAN_POINT('Ctrl Pts',(-111.235908744949,-64.1642610214766,25.9627356139385));
#3438=CARTESIAN_POINT('Ctrl Pts',(-113.136710634613,-64.0875,26.1906192394182));
#3439=CARTESIAN_POINT('Ctrl Pts',(-115.974501327371,-64.0875,26.1906192394182));
#3440=CARTESIAN_POINT('Ctrl Pts',(-116.983396249347,-64.1082169821149,26.1283254472475));
#3441=CARTESIAN_POINT('Ctrl Pts',(-118.,-64.1517857142857,25.9951992052556));
#3442=CARTESIAN_POINT('Ctrl Pts',(-118.,-69.1517857142857,26.7779827469284));
#3443=CARTESIAN_POINT('Ctrl Pts',(-116.984385288204,-69.1082593694944,26.9161922635263));
#3444=CARTESIAN_POINT('Ctrl Pts',(-115.97540858239,-69.0875,26.9810678482643));
#3445=CARTESIAN_POINT('Ctrl Pts',(-113.742754404806,-69.0875,26.9810678482643));
#3446=CARTESIAN_POINT('Ctrl Pts',(-112.440436368762,-69.122229800873,26.872927494834));
#3447=CARTESIAN_POINT('Ctrl Pts',(-109.841056576451,-69.265539310394,26.4147769997061));
#3448=CARTESIAN_POINT('Ctrl Pts',(-108.543979990296,-69.3740432168787,26.064827291741));
#3449=CARTESIAN_POINT('Ctrl Pts',(-106.04266902036,-69.6494260285344,25.1355974508484));
#3450=CARTESIAN_POINT('Ctrl Pts',(-104.836621503078,-69.8162802707028,24.5556110860682));
#3451=CARTESIAN_POINT('Ctrl Pts',(-102.587155258258,-70.1790263568757,23.2109630536425));
#3452=CARTESIAN_POINT('Ctrl Pts',(-101.543749893657,-70.3746016585737,22.4461936582044));
#3453=CARTESIAN_POINT('Ctrl Pts',(-99.7643894662977,-70.7404491190092,20.8937132685815));
#3454=CARTESIAN_POINT('Ctrl Pts',(-98.9033184681987,-70.933930641583,20.0185609509765));
#3455=CARTESIAN_POINT('Ctrl Pts',(-97.3504286550666,-71.3082464413474,18.1268304783189));
#3456=CARTESIAN_POINT('Ctrl Pts',(-96.6584875897315,-71.4881966909248,17.1101778603566));
#3457=CARTESIAN_POINT('Ctrl Pts',(-95.7049127248735,-71.7456817867553,15.45398659305));
#3458=CARTESIAN_POINT('Ctrl Pts',(-95.3338049147804,-71.8492700243484,14.7225718955765));
#3459=CARTESIAN_POINT('Ctrl Pts',(-95.,-71.9446428571429,13.9564705190249));
#3460=CARTESIAN_POINT('Origin',(-115.,-49.4974746830583,54.4974746830583));
#3461=CARTESIAN_POINT('',(-95.,-53.4470351807875,46.2269866760071));
#3462=CARTESIAN_POINT('',(-95.,-57.20572587383,49.53936379483));
#3463=CARTESIAN_POINT('Origin',(-95.,-49.4974746830583,54.4974746830583));
#3464=CARTESIAN_POINT('Ctrl Pts',(-95.,-57.20572587383,49.53936379483));
#3465=CARTESIAN_POINT('Ctrl Pts',(-95.3338049147804,-57.680002575456,48.9302095395842));
#3466=CARTESIAN_POINT('Ctrl Pts',(-95.7049127248735,-58.1239429226458,48.339773301888));
#3467=CARTESIAN_POINT('Ctrl Pts',(-96.6584875897315,-59.112977541384,46.9865997685173));
#3468=CARTESIAN_POINT('Ctrl Pts',(-97.3504286550666,-59.7046154599038,46.1404737664927));
#3469=CARTESIAN_POINT('Ctrl Pts',(-98.9033184681987,-60.7775896649785,44.5381370807806));
#3470=CARTESIAN_POINT('Ctrl Pts',(-99.7643894662977,-61.2596037066819,43.7824988457847));
#3471=CARTESIAN_POINT('Ctrl Pts',(-101.543749893657,-62.0986798976896,42.4260362144694));
#3472=CARTESIAN_POINT('Ctrl Pts',(-102.587155258258,-62.5011609011845,41.746969966848));
#3473=CARTESIAN_POINT('Ctrl Pts',(-104.836621503078,-63.1954704258402,40.5396600074288));
#3474=CARTESIAN_POINT('Ctrl Pts',(-106.04266902036,-63.487598951265,40.01156394979));
#3475=CARTESIAN_POINT('Ctrl Pts',(-108.543979990296,-63.949938619497,39.15977417447));
#3476=CARTESIAN_POINT('Ctrl Pts',(-109.841056576451,-64.1206665830129,38.8355985148331));
#3477=CARTESIAN_POINT('Ctrl Pts',(-112.440436368762,-64.343292778931,38.4103020669334));
#3478=CARTESIAN_POINT('Ctrl Pts',(-113.742754404806,-64.3952018784549,38.3092776119963));
#3479=CARTESIAN_POINT('Ctrl Pts',(-115.97540858239,-64.3952018784549,38.3092776119963));
#3480=CARTESIAN_POINT('Ctrl Pts',(-116.984385288204,-64.3640070034959,38.3698306688407));
#3481=CARTESIAN_POINT('Ctrl Pts',(-118.,-64.2970558906471,38.4983373288137));
#3482=CARTESIAN_POINT('Ctrl Pts',(-118.,-60.2080104341964,35.516314973399));
#3483=CARTESIAN_POINT('Ctrl Pts',(-116.983396249347,-60.271337156697,35.391372758967));
#3484=CARTESIAN_POINT('Ctrl Pts',(-115.974501327371,-60.3007364010276,35.3326752775581));
#3485=CARTESIAN_POINT('Ctrl Pts',(-113.136710634613,-60.3007364010276,35.3326752775581));
#3486=CARTESIAN_POINT('Ctrl Pts',(-111.235908744949,-60.1938765829464,35.5480915732731));
#3487=CARTESIAN_POINT('Ctrl Pts',(-107.53626570229,-59.7453966752761,36.416178214157));
#3488=CARTESIAN_POINT('Ctrl Pts',(-105.73734679611,-59.403546684712,37.0683983388274));
#3489=CARTESIAN_POINT('Ctrl Pts',(-102.398984877902,-58.4717401961997,38.7375036969548));
#3490=CARTESIAN_POINT('Ctrl Pts',(-100.855458575039,-57.8799511198601,39.7559159510388));
#3491=CARTESIAN_POINT('Ctrl Pts',(-98.146154820283,-56.4480798336795,42.0361542119428));
#3492=CARTESIAN_POINT('Ctrl Pts',(-96.9804386371311,-55.6070675589194,43.2974688598369));
#3493=CARTESIAN_POINT('Ctrl Pts',(-95.6706486932576,-54.2880564875085,45.1181291026021));
#3494=CARTESIAN_POINT('Ctrl Pts',(-95.3186650772366,-53.8814354523258,45.6638262690166));
#3495=CARTESIAN_POINT('Ctrl Pts',(-95.,-53.4470351807875,46.2269866760071));
#3496=CARTESIAN_POINT('Origin',(-95.,0.,5.));
#3497=CARTESIAN_POINT('Origin',(-95.,0.,5.));
#3498=CARTESIAN_POINT('Origin',(-95.,0.,5.));
#3499=CARTESIAN_POINT('Origin',(-118.,0.,5.));
#3500=CARTESIAN_POINT('',(-118.,-21.7779827469284,-64.1517857142857));
#3501=CARTESIAN_POINT('',(-118.,-20.9951992052557,-59.1517857142857));
#3502=CARTESIAN_POINT('Origin',(-118.,-8.57252759403147E-15,-65.));
#3503=CARTESIAN_POINT('',(-118.,-30.516314973399,-55.2080104341964));
#3504=CARTESIAN_POINT('Origin',(-118.,0.,5.));
#3505=CARTESIAN_POINT('',(-118.,-33.4983373288138,-59.2970558906471));
#3506=CARTESIAN_POINT('Origin',(-118.,-49.4974746830583,-44.4974746830583));
#3507=CARTESIAN_POINT('Origin',(-118.,0.,5.));
#3508=CARTESIAN_POINT('Origin',(-115.,-8.57252759403147E-15,-65.));
#3509=CARTESIAN_POINT('Ctrl Pts',(-95.,-8.6408791641587,-61.9446428571428));
#3510=CARTESIAN_POINT('Ctrl Pts',(-95.3186650772366,-9.34626108459147,-61.8535956922181));
#3511=CARTESIAN_POINT('Ctrl Pts',(-95.6706486932576,-10.0196517427883,-61.7552540167229));
#3512=CARTESIAN_POINT('Ctrl Pts',(-96.9804386371311,-12.2397346197391,-61.4005344858818));
#3513=CARTESIAN_POINT('Ctrl Pts',(-98.146154820283,-13.7263042430189,-61.1033358276899));
#3514=CARTESIAN_POINT('Ctrl Pts',(-100.855458575039,-16.3511620762697,-60.5034497869282));
#3515=CARTESIAN_POINT('Ctrl Pts',(-102.398984877902,-17.4897463560879,-60.2017816449338));
#3516=CARTESIAN_POINT('Ctrl Pts',(-105.73734679611,-19.3288687601153,-59.6804326144677));
#3517=CARTESIAN_POINT('Ctrl Pts',(-107.53626570229,-20.0317824795725,-59.4609677879634));
#3518=CARTESIAN_POINT('Ctrl Pts',(-111.235908744949,-20.9627356139385,-59.1642610214766));
#3519=CARTESIAN_POINT('Ctrl Pts',(-113.136710634613,-21.1906192394182,-59.0875));
#3520=CARTESIAN_POINT('Ctrl Pts',(-115.974501327371,-21.1906192394182,-59.0875));
#3521=CARTESIAN_POINT('Ctrl Pts',(-116.983396249347,-21.1283254472475,-59.1082169821149));
#3522=CARTESIAN_POINT('Ctrl Pts',(-118.,-20.9951992052557,-59.1517857142857));
#3523=CARTESIAN_POINT('Ctrl Pts',(-118.,-21.7779827469284,-64.1517857142857));
#3524=CARTESIAN_POINT('Ctrl Pts',(-116.984385288204,-21.9161922635263,-64.1082593694944));
#3525=CARTESIAN_POINT('Ctrl Pts',(-115.97540858239,-21.9810678482643,-64.0875));
#3526=CARTESIAN_POINT('Ctrl Pts',(-113.742754404806,-21.9810678482643,-64.0875));
#3527=CARTESIAN_POINT('Ctrl Pts',(-112.440436368762,-21.872927494834,-64.122229800873));
#3528=CARTESIAN_POINT('Ctrl Pts',(-109.841056576451,-21.4147769997061,-64.265539310394));
#3529=CARTESIAN_POINT('Ctrl Pts',(-108.543979990296,-21.064827291741,-64.3740432168786));
#3530=CARTESIAN_POINT('Ctrl Pts',(-106.04266902036,-20.1355974508484,-64.6494260285344));
#3531=CARTESIAN_POINT('Ctrl Pts',(-104.836621503078,-19.5556110860683,-64.8162802707028));
#3532=CARTESIAN_POINT('Ctrl Pts',(-102.587155258258,-18.2109630536425,-65.1790263568757));
#3533=CARTESIAN_POINT('Ctrl Pts',(-101.543749893657,-17.4461936582044,-65.3746016585737));
#3534=CARTESIAN_POINT('Ctrl Pts',(-99.7643894662977,-15.8937132685815,-65.7404491190092));
#3535=CARTESIAN_POINT('Ctrl Pts',(-98.9033184681987,-15.0185609509765,-65.933930641583));
#3536=CARTESIAN_POINT('Ctrl Pts',(-97.3504286550666,-13.126830478319,-66.3082464413474));
#3537=CARTESIAN_POINT('Ctrl Pts',(-96.6584875897315,-12.1101778603566,-66.4881966909248));
#3538=CARTESIAN_POINT('Ctrl Pts',(-95.7049127248735,-10.45398659305,-66.7456817867553));
#3539=CARTESIAN_POINT('Ctrl Pts',(-95.3338049147805,-9.72257189557655,-66.8492700243484));
#3540=CARTESIAN_POINT('Ctrl Pts',(-95.,-8.95647051902503,-66.9446428571428));
#3541=CARTESIAN_POINT('Origin',(-115.,-49.4974746830583,-44.4974746830583));
#3542=CARTESIAN_POINT('',(-95.,-41.2269866760072,-48.4470351807874));
#3543=CARTESIAN_POINT('',(-95.,-44.53936379483,-52.20572587383));
#3544=CARTESIAN_POINT('Origin',(-95.,-49.4974746830583,-44.4974746830583));
#3545=CARTESIAN_POINT('Ctrl Pts',(-95.,-44.53936379483,-52.20572587383));
#3546=CARTESIAN_POINT('Ctrl Pts',(-95.3338049147805,-43.9302095395842,-52.680002575456));
#3547=CARTESIAN_POINT('Ctrl Pts',(-95.7049127248735,-43.339773301888,-53.1239429226458));
#3548=CARTESIAN_POINT('Ctrl Pts',(-96.6584875897315,-41.9865997685173,-54.112977541384));
#3549=CARTESIAN_POINT('Ctrl Pts',(-97.3504286550666,-41.1404737664927,-54.7046154599038));
#3550=CARTESIAN_POINT('Ctrl Pts',(-98.9033184681987,-39.5381370807806,-55.7775896649785));
#3551=CARTESIAN_POINT('Ctrl Pts',(-99.7643894662977,-38.7824988457847,-56.2596037066819));
#3552=CARTESIAN_POINT('Ctrl Pts',(-101.543749893657,-37.4260362144694,-57.0986798976896));
#3553=CARTESIAN_POINT('Ctrl Pts',(-102.587155258258,-36.746969966848,-57.5011609011845));
#3554=CARTESIAN_POINT('Ctrl Pts',(-104.836621503078,-35.5396600074288,-58.1954704258402));
#3555=CARTESIAN_POINT('Ctrl Pts',(-106.04266902036,-35.0115639497901,-58.487598951265));
#3556=CARTESIAN_POINT('Ctrl Pts',(-108.543979990296,-34.15977417447,-58.949938619497));
#3557=CARTESIAN_POINT('Ctrl Pts',(-109.841056576451,-33.8355985148331,-59.1206665830129));
#3558=CARTESIAN_POINT('Ctrl Pts',(-112.440436368762,-33.4103020669334,-59.343292778931));
#3559=CARTESIAN_POINT('Ctrl Pts',(-113.742754404806,-33.3092776119963,-59.3952018784549));
#3560=CARTESIAN_POINT('Ctrl Pts',(-115.97540858239,-33.3092776119963,-59.3952018784549));
#3561=CARTESIAN_POINT('Ctrl Pts',(-116.984385288204,-33.3698306688407,-59.3640070034959));
#3562=CARTESIAN_POINT('Ctrl Pts',(-118.,-33.4983373288138,-59.2970558906471));
#3563=CARTESIAN_POINT('Ctrl Pts',(-118.,-30.516314973399,-55.2080104341964));
#3564=CARTESIAN_POINT('Ctrl Pts',(-116.983396249347,-30.391372758967,-55.271337156697));
#3565=CARTESIAN_POINT('Ctrl Pts',(-115.974501327371,-30.3326752775581,-55.3007364010276));
#3566=CARTESIAN_POINT('Ctrl Pts',(-113.136710634613,-30.3326752775581,-55.3007364010276));
#3567=CARTESIAN_POINT('Ctrl Pts',(-111.235908744949,-30.5480915732731,-55.1938765829464));
#3568=CARTESIAN_POINT('Ctrl Pts',(-107.53626570229,-31.416178214157,-54.7453966752761));
#3569=CARTESIAN_POINT('Ctrl Pts',(-105.73734679611,-32.0683983388274,-54.403546684712));
#3570=CARTESIAN_POINT('Ctrl Pts',(-102.398984877902,-33.7375036969548,-53.4717401961997));
#3571=CARTESIAN_POINT('Ctrl Pts',(-100.855458575039,-34.7559159510388,-52.8799511198601));
#3572=CARTESIAN_POINT('Ctrl Pts',(-98.146154820283,-37.0361542119428,-51.4480798336795));
#3573=CARTESIAN_POINT('Ctrl Pts',(-96.9804386371311,-38.2974688598369,-50.6070675589195));
#3574=CARTESIAN_POINT('Ctrl Pts',(-95.6706486932576,-40.1181291026021,-49.2880564875085));
#3575=CARTESIAN_POINT('Ctrl Pts',(-95.3186650772365,-40.6638262690166,-48.8814354523257));
#3576=CARTESIAN_POINT('Ctrl Pts',(-95.,-41.2269866760072,-48.4470351807874));
#3577=CARTESIAN_POINT('Origin',(-95.,0.,5.));
#3578=CARTESIAN_POINT('Origin',(-95.,0.,5.));
#3579=CARTESIAN_POINT('Origin',(-95.,0.,5.));
#3580=CARTESIAN_POINT('Origin',(-95.,0.,5.));
#3581=CARTESIAN_POINT('',(-95.,44.5393637948301,62.2057258738299));
#3582=CARTESIAN_POINT('Origin',(-95.,0.,5.));
#3583=CARTESIAN_POINT('',(-95.,41.2269866760071,58.4470351807874));
#3584=CARTESIAN_POINT('Origin',(-95.,49.4974746830583,54.4974746830583));
#3585=CARTESIAN_POINT('Origin',(-95.,0.,5.));
#3586=CARTESIAN_POINT('Origin',(-118.,0.,5.));
#3587=CARTESIAN_POINT('',(-118.,21.7779827469284,74.1517857142857));
#3588=CARTESIAN_POINT('',(-118.,20.9951992052556,69.1517857142857));
#3589=CARTESIAN_POINT('Origin',(-118.,0.,75.));
#3590=CARTESIAN_POINT('',(-118.,30.516314973399,65.2080104341964));
#3591=CARTESIAN_POINT('Origin',(-118.,0.,5.));
#3592=CARTESIAN_POINT('',(-118.,33.4983373288138,69.2970558906471));
#3593=CARTESIAN_POINT('Origin',(-118.,49.4974746830583,54.4974746830583));
#3594=CARTESIAN_POINT('Origin',(-118.,0.,5.));
#3595=CARTESIAN_POINT('Origin',(-115.,0.,75.));
#3596=CARTESIAN_POINT('Ctrl Pts',(-95.,8.64087916415872,71.9446428571428));
#3597=CARTESIAN_POINT('Ctrl Pts',(-95.3186650772366,9.34626108459149,71.8535956922181));
#3598=CARTESIAN_POINT('Ctrl Pts',(-95.6706486932576,10.0196517427883,71.7552540167229));
#3599=CARTESIAN_POINT('Ctrl Pts',(-96.9804386371311,12.2397346197391,71.4005344858818));
#3600=CARTESIAN_POINT('Ctrl Pts',(-98.146154820283,13.7263042430189,71.1033358276899));
#3601=CARTESIAN_POINT('Ctrl Pts',(-100.855458575039,16.3511620762697,70.5034497869282));
#3602=CARTESIAN_POINT('Ctrl Pts',(-102.398984877902,17.4897463560879,70.2017816449338));
#3603=CARTESIAN_POINT('Ctrl Pts',(-105.73734679611,19.3288687601153,69.6804326144677));
#3604=CARTESIAN_POINT('Ctrl Pts',(-107.53626570229,20.0317824795725,69.4609677879634));
#3605=CARTESIAN_POINT('Ctrl Pts',(-111.235908744949,20.9627356139385,69.1642610214766));
#3606=CARTESIAN_POINT('Ctrl Pts',(-113.136710634613,21.1906192394182,69.0875));
#3607=CARTESIAN_POINT('Ctrl Pts',(-115.974501327371,21.1906192394182,69.0875));
#3608=CARTESIAN_POINT('Ctrl Pts',(-116.983396249347,21.1283254472475,69.1082169821149));
#3609=CARTESIAN_POINT('Ctrl Pts',(-118.,20.9951992052556,69.1517857142857));
#3610=CARTESIAN_POINT('Ctrl Pts',(-118.,21.7779827469284,74.1517857142857));
#3611=CARTESIAN_POINT('Ctrl Pts',(-116.984385288204,21.9161922635263,74.1082593694944));
#3612=CARTESIAN_POINT('Ctrl Pts',(-115.97540858239,21.9810678482643,74.0875));
#3613=CARTESIAN_POINT('Ctrl Pts',(-113.742754404806,21.9810678482643,74.0875));
#3614=CARTESIAN_POINT('Ctrl Pts',(-112.440436368762,21.872927494834,74.1222298008731));
#3615=CARTESIAN_POINT('Ctrl Pts',(-109.841056576451,21.4147769997061,74.265539310394));
#3616=CARTESIAN_POINT('Ctrl Pts',(-108.543979990296,21.0648272917409,74.3740432168786));
#3617=CARTESIAN_POINT('Ctrl Pts',(-106.04266902036,20.1355974508484,74.6494260285344));
#3618=CARTESIAN_POINT('Ctrl Pts',(-104.836621503078,19.5556110860683,74.8162802707028));
#3619=CARTESIAN_POINT('Ctrl Pts',(-102.587155258258,18.2109630536425,75.1790263568757));
#3620=CARTESIAN_POINT('Ctrl Pts',(-101.543749893657,17.4461936582044,75.3746016585737));
#3621=CARTESIAN_POINT('Ctrl Pts',(-99.7643894662977,15.8937132685815,75.7404491190092));
#3622=CARTESIAN_POINT('Ctrl Pts',(-98.9033184681986,15.0185609509765,75.933930641583));
#3623=CARTESIAN_POINT('Ctrl Pts',(-97.3504286550665,13.1268304783189,76.3082464413474));
#3624=CARTESIAN_POINT('Ctrl Pts',(-96.6584875897314,12.1101778603566,76.4881966909248));
#3625=CARTESIAN_POINT('Ctrl Pts',(-95.7049127248735,10.45398659305,76.7456817867553));
#3626=CARTESIAN_POINT('Ctrl Pts',(-95.3338049147804,9.72257189557648,76.8492700243484));
#3627=CARTESIAN_POINT('Ctrl Pts',(-95.,8.95647051902494,76.9446428571429));
#3628=CARTESIAN_POINT('Origin',(-115.,49.4974746830583,54.4974746830583));
#3629=CARTESIAN_POINT('Ctrl Pts',(-95.,44.5393637948301,62.2057258738299));
#3630=CARTESIAN_POINT('Ctrl Pts',(-95.3338049147804,43.9302095395843,62.680002575456));
#3631=CARTESIAN_POINT('Ctrl Pts',(-95.7049127248735,43.339773301888,63.1239429226457));
#3632=CARTESIAN_POINT('Ctrl Pts',(-96.6584875897315,41.9865997685173,64.112977541384));
#3633=CARTESIAN_POINT('Ctrl Pts',(-97.3504286550666,41.1404737664927,64.7046154599038));
#3634=CARTESIAN_POINT('Ctrl Pts',(-98.9033184681987,39.5381370807807,65.7775896649785));
#3635=CARTESIAN_POINT('Ctrl Pts',(-99.7643894662977,38.7824988457847,66.2596037066819));
#3636=CARTESIAN_POINT('Ctrl Pts',(-101.543749893657,37.4260362144694,67.0986798976896));
#3637=CARTESIAN_POINT('Ctrl Pts',(-102.587155258258,36.746969966848,67.5011609011845));
#3638=CARTESIAN_POINT('Ctrl Pts',(-104.836621503078,35.5396600074289,68.1954704258402));
#3639=CARTESIAN_POINT('Ctrl Pts',(-106.04266902036,35.0115639497901,68.487598951265));
#3640=CARTESIAN_POINT('Ctrl Pts',(-108.543979990296,34.15977417447,68.949938619497));
#3641=CARTESIAN_POINT('Ctrl Pts',(-109.841056576451,33.8355985148331,69.1206665830129));
#3642=CARTESIAN_POINT('Ctrl Pts',(-112.440436368762,33.4103020669334,69.343292778931));
#3643=CARTESIAN_POINT('Ctrl Pts',(-113.742754404806,33.3092776119963,69.3952018784549));
#3644=CARTESIAN_POINT('Ctrl Pts',(-115.97540858239,33.3092776119963,69.3952018784549));
#3645=CARTESIAN_POINT('Ctrl Pts',(-116.984385288204,33.3698306688407,69.3640070034959));
#3646=CARTESIAN_POINT('Ctrl Pts',(-118.,33.4983373288138,69.2970558906471));
#3647=CARTESIAN_POINT('Ctrl Pts',(-118.,30.516314973399,65.2080104341964));
#3648=CARTESIAN_POINT('Ctrl Pts',(-116.983396249347,30.391372758967,65.271337156697));
#3649=CARTESIAN_POINT('Ctrl Pts',(-115.974501327371,30.3326752775582,65.3007364010276));
#3650=CARTESIAN_POINT('Ctrl Pts',(-113.136710634613,30.3326752775582,65.3007364010276));
#3651=CARTESIAN_POINT('Ctrl Pts',(-111.235908744949,30.5480915732731,65.1938765829464));
#3652=CARTESIAN_POINT('Ctrl Pts',(-107.53626570229,31.416178214157,64.7453966752761));
#3653=CARTESIAN_POINT('Ctrl Pts',(-105.73734679611,32.0683983388274,64.403546684712));
#3654=CARTESIAN_POINT('Ctrl Pts',(-102.398984877902,33.7375036969548,63.4717401961997));
#3655=CARTESIAN_POINT('Ctrl Pts',(-100.855458575039,34.7559159510388,62.8799511198601));
#3656=CARTESIAN_POINT('Ctrl Pts',(-98.146154820283,37.0361542119428,61.4480798336795));
#3657=CARTESIAN_POINT('Ctrl Pts',(-96.9804386371311,38.297468859837,60.6070675589194));
#3658=CARTESIAN_POINT('Ctrl Pts',(-95.6706486932576,40.1181291026021,59.2880564875085));
#3659=CARTESIAN_POINT('Ctrl Pts',(-95.3186650772366,40.6638262690166,58.8814354523257));
#3660=CARTESIAN_POINT('Ctrl Pts',(-95.,41.2269866760071,58.4470351807874));
#3661=CARTESIAN_POINT('Origin',(-115.,0.,75.));
#3662=CARTESIAN_POINT('',(-120.,-19.3644535977072,74.8660714285714));
#3663=CARTESIAN_POINT('',(-120.,19.3644535977072,74.8660714285714));
#3664=CARTESIAN_POINT('Ctrl Pts',(-120.,-19.3644535977072,74.8660714285714));
#3665=CARTESIAN_POINT('Ctrl Pts',(-119.50369090462,-19.492357935908,74.8306207789014));
#3666=CARTESIAN_POINT('Ctrl Pts',(-119.003894122766,-19.6007031639953,74.8002215803628));
#3667=CARTESIAN_POINT('Ctrl Pts',(-117.323696534041,-19.8987353715827,74.7161217563777));
#3668=CARTESIAN_POINT('Ctrl Pts',(-116.141347141282,-19.9975584447202,74.6875));
#3669=CARTESIAN_POINT('Ctrl Pts',(-113.858652858718,-19.9975584447202,74.6875));
#3670=CARTESIAN_POINT('Ctrl Pts',(-112.676303465959,-19.8987353715827,74.7161217563777));
#3671=CARTESIAN_POINT('Ctrl Pts',(-110.316202058297,-19.4801023266506,74.8342531680065));
#3672=CARTESIAN_POINT('Ctrl Pts',(-109.138436698608,-19.1603501304168,74.9237009419611));
#3673=CARTESIAN_POINT('Ctrl Pts',(-106.867059762266,-18.3116170961052,75.1507495198364));
#3674=CARTESIAN_POINT('Ctrl Pts',(-105.771808206952,-17.7820009794528,75.2883299980716));
#3675=CARTESIAN_POINT('Ctrl Pts',(-103.728943498527,-16.5547697462257,75.5874527899299));
#3676=CARTESIAN_POINT('Ctrl Pts',(-102.781345224702,-15.8570661452443,75.7487336270934));
#3677=CARTESIAN_POINT('Ctrl Pts',(-101.166243782094,-14.442250246034,76.0502693993085));
#3678=CARTESIAN_POINT('Ctrl Pts',(-100.385059795669,-13.645537986298,76.2096448009409));
#3679=CARTESIAN_POINT('Ctrl Pts',(-98.9762231349992,-11.9245452449945,76.5179658549681));
#3680=CARTESIAN_POINT('Ctrl Pts',(-98.3484681331902,-11.0002178893047,76.6661818487449));
#3681=CARTESIAN_POINT('Ctrl Pts',(-97.0111969034642,-8.67393027401443,76.9939952205048));
#3682=CARTESIAN_POINT('Ctrl Pts',(-96.3021423256197,-6.99393674075583,77.1831787952097));
#3683=CARTESIAN_POINT('Ctrl Pts',(-95.3751060684298,-3.49516287470128,77.4369400999738));
#3684=CARTESIAN_POINT('Ctrl Pts',(-95.1568651670156,-1.6763413088613,77.5));
#3685=CARTESIAN_POINT('Ctrl Pts',(-95.1568651670156,1.67634130886131,77.5));
#3686=CARTESIAN_POINT('Ctrl Pts',(-95.3751060684298,3.49516287470129,77.4369400999738));
#3687=CARTESIAN_POINT('Ctrl Pts',(-96.3021423256197,6.99393674075583,77.1831787952097));
#3688=CARTESIAN_POINT('Ctrl Pts',(-97.0111969034642,8.67393027401443,76.9939952205048));
#3689=CARTESIAN_POINT('Ctrl Pts',(-98.3484681331902,11.0002178893047,76.6661818487449));
#3690=CARTESIAN_POINT('Ctrl Pts',(-98.9762231349992,11.9245452449945,76.5179658549681));
#3691=CARTESIAN_POINT('Ctrl Pts',(-100.385059795669,13.6455379862981,76.2096448009409));
#3692=CARTESIAN_POINT('Ctrl Pts',(-101.166243782094,14.442250246034,76.0502693993085));
#3693=CARTESIAN_POINT('Ctrl Pts',(-102.781345224702,15.8570661452443,75.7487336270934));
#3694=CARTESIAN_POINT('Ctrl Pts',(-103.728943498527,16.5547697462257,75.5874527899299));
#3695=CARTESIAN_POINT('Ctrl Pts',(-105.771808206952,17.7820009794528,75.2883299980716));
#3696=CARTESIAN_POINT('Ctrl Pts',(-106.867059762266,18.3116170961052,75.1507495198364));
#3697=CARTESIAN_POINT('Ctrl Pts',(-109.138436698608,19.1603501304168,74.9237009419611));
#3698=CARTESIAN_POINT('Ctrl Pts',(-110.316202058297,19.4801023266506,74.8342531680065));
#3699=CARTESIAN_POINT('Ctrl Pts',(-112.676303465959,19.8987353715827,74.7161217563777));
#3700=CARTESIAN_POINT('Ctrl Pts',(-113.858652858718,19.9975584447202,74.6875));
#3701=CARTESIAN_POINT('Ctrl Pts',(-116.141347141282,19.9975584447202,74.6875));
#3702=CARTESIAN_POINT('Ctrl Pts',(-117.323696534041,19.8987353715827,74.7161217563777));
#3703=CARTESIAN_POINT('Ctrl Pts',(-119.003894122766,19.6007031639953,74.8002215803628));
#3704=CARTESIAN_POINT('Ctrl Pts',(-119.50369090462,19.492357935908,74.8306207789014));
#3705=CARTESIAN_POINT('Ctrl Pts',(-120.,19.3644535977072,74.8660714285714));
#3706=CARTESIAN_POINT('',(-120.,18.67197840143,69.8660714285714));
#3707=CARTESIAN_POINT('Origin',(-120.,0.,75.));
#3708=CARTESIAN_POINT('',(-120.,-18.67197840143,69.8660714285714));
#3709=CARTESIAN_POINT('Ctrl Pts',(-120.,18.67197840143,69.8660714285714));
#3710=CARTESIAN_POINT('Ctrl Pts',(-119.720267801664,18.7413915400764,69.8460905572617));
#3711=CARTESIAN_POINT('Ctrl Pts',(-119.439518525504,18.8048096413443,69.8277156056247));
#3712=CARTESIAN_POINT('Ctrl Pts',(-117.767594245981,19.1460651720616,69.7283985196193));
#3713=CARTESIAN_POINT('Ctrl Pts',(-116.36256929077,19.2815285636279,69.6875));
#3714=CARTESIAN_POINT('Ctrl Pts',(-113.309306294369,19.2815285636279,69.6875));
#3715=CARTESIAN_POINT('Ctrl Pts',(-111.58419112665,19.0733410854611,69.7507016276978));
#3716=CARTESIAN_POINT('Ctrl Pts',(-108.225904546539,18.2230122967734,69.9951346229792));
#3717=CARTESIAN_POINT('Ctrl Pts',(-106.592662096708,17.5810385824077,70.1759728391785));
#3718=CARTESIAN_POINT('Ctrl Pts',(-103.561408696854,15.9027044162956,70.6056732538298));
#3719=CARTESIAN_POINT('Ctrl Pts',(-102.159701263846,14.8642072889232,70.8543574640903));
#3720=CARTESIAN_POINT('Ctrl Pts',(-99.6994358651163,12.4726254466641,71.3488859756473));
#3721=CARTESIAN_POINT('Ctrl Pts',(-98.6409563044444,11.1192846265601,71.5938813927423));
#3722=CARTESIAN_POINT('Ctrl Pts',(-96.9800632469495,8.29933822988653,72.0022348114571));
#3723=CARTESIAN_POINT('Ctrl Pts',(-96.2841813966058,6.69575029418194,72.1880293474414));
#3724=CARTESIAN_POINT('Ctrl Pts',(-95.3725878651826,3.34983769083187,72.4376968791434));
#3725=CARTESIAN_POINT('Ctrl Pts',(-95.1568651670156,1.60739906794679,72.5));
#3726=CARTESIAN_POINT('Ctrl Pts',(-95.1568651670156,-1.60739906794679,72.5));
#3727=CARTESIAN_POINT('Ctrl Pts',(-95.3725878651826,-3.34983769083185,72.4376968791434));
#3728=CARTESIAN_POINT('Ctrl Pts',(-96.2841813966058,-6.69575029418193,72.1880293474414));
#3729=CARTESIAN_POINT('Ctrl Pts',(-96.9800632469495,-8.29933822988653,72.0022348114571));
#3730=CARTESIAN_POINT('Ctrl Pts',(-98.6409563044444,-11.1192846265601,71.5938813927423));
#3731=CARTESIAN_POINT('Ctrl Pts',(-99.6994358651163,-12.4726254466641,71.3488859756473));
#3732=CARTESIAN_POINT('Ctrl Pts',(-102.159701263846,-14.8642072889232,70.8543574640903));
#3733=CARTESIAN_POINT('Ctrl Pts',(-103.561408696854,-15.9027044162956,70.6056732538298));
#3734=CARTESIAN_POINT('Ctrl Pts',(-106.592662096708,-17.5810385824077,70.1759728391785));
#3735=CARTESIAN_POINT('Ctrl Pts',(-108.225904546539,-18.2230122967734,69.9951346229792));
#3736=CARTESIAN_POINT('Ctrl Pts',(-111.58419112665,-19.0733410854611,69.7507016276978));
#3737=CARTESIAN_POINT('Ctrl Pts',(-113.309306294369,-19.2815285636279,69.6875));
#3738=CARTESIAN_POINT('Ctrl Pts',(-116.36256929077,-19.2815285636279,69.6875));
#3739=CARTESIAN_POINT('Ctrl Pts',(-117.767594245981,-19.1460651720616,69.7283985196193));
#3740=CARTESIAN_POINT('Ctrl Pts',(-119.439518525504,-18.8048096413443,69.8277156056247));
#3741=CARTESIAN_POINT('Ctrl Pts',(-119.720267801664,-18.7413915400764,69.8460905572617));
#3742=CARTESIAN_POINT('Ctrl Pts',(-120.,-18.67197840143,69.8660714285714));
#3743=CARTESIAN_POINT('Origin',(-120.,0.,75.));
#3744=CARTESIAN_POINT('Origin',(-115.,49.4974746830583,-44.4974746830583));
#3745=CARTESIAN_POINT('',(-120.,63.0955093349175,-30.7100364290956));
#3746=CARTESIAN_POINT('',(-120.,35.7100364290956,-58.0955093349176));
#3747=CARTESIAN_POINT('Ctrl Pts',(-120.,63.0955093349175,-30.7100364290956));
#3748=CARTESIAN_POINT('Ctrl Pts',(-119.50369090462,63.1608839650233,-30.5945270094315));
#3749=CARTESIAN_POINT('Ctrl Pts',(-119.003894122766,63.2160001310838,-30.4964198845125));
#3750=CARTESIAN_POINT('Ctrl Pts',(-117.323696534041,63.3672731702444,-30.2262117336789));
#3751=CARTESIAN_POINT('Ctrl Pts',(-116.141347141282,63.4169129973735,-30.1360946305016));
#3752=CARTESIAN_POINT('Ctrl Pts',(-113.858652858718,63.4169129973735,-30.1360946305016));
#3753=CARTESIAN_POINT('Ctrl Pts',(-112.676303465959,63.3672731702444,-30.2262117336789));
#3754=CARTESIAN_POINT('Ctrl Pts',(-110.316202058297,63.154786427578,-30.6057615208131));
#3755=CARTESIAN_POINT('Ctrl Pts',(-109.138436698608,62.9919366088471,-30.8951095945946));
#3756=CARTESIAN_POINT('Ctrl Pts',(-106.867059762266,62.5523393139428,-31.6558020676477));
#3757=CARTESIAN_POINT('Ctrl Pts',(-105.771808206952,62.2751282555512,-32.1275813042773));
#3758=CARTESIAN_POINT('Ctrl Pts',(-103.728943498527,61.6188564829828,-33.2068765859066));
#3759=CARTESIAN_POINT('Ctrl Pts',(-102.781345224702,61.2395483091044,-33.8142703070526));
#3760=CARTESIAN_POINT('Ctrl Pts',(-101.166243782094,60.4523403819458,-35.0279142128183));
#3761=CARTESIAN_POINT('Ctrl Pts',(-100.385059795669,60.0016751676807,-35.7039702815807));
#3762=CARTESIAN_POINT('Ctrl Pts',(-98.9762231349992,59.0027654380174,-37.1389118274145));
#3763=CARTESIAN_POINT('Ctrl Pts',(-98.3484681331902,58.4539718310527,-37.8973145029388));
#3764=CARTESIAN_POINT('Ctrl Pts',(-97.0111969034642,57.0408371414257,-39.7740473088359));
#3765=CARTESIAN_POINT('Ctrl Pts',(-96.3021423256197,55.986675310272,-41.0957551171156));
#3766=CARTESIAN_POINT('Ctrl Pts',(-95.3751060684298,53.6921049231479,-43.7491981830425));
#3767=CARTESIAN_POINT('Ctrl Pts',(-95.1568651670156,52.4505939431037,-45.0798893289457));
#3768=CARTESIAN_POINT('Ctrl Pts',(-95.1568651670156,50.0798893289457,-47.4505939431037));
#3769=CARTESIAN_POINT('Ctrl Pts',(-95.3751060684298,48.7491981830425,-48.6921049231479));
#3770=CARTESIAN_POINT('Ctrl Pts',(-96.3021423256197,46.0957551171156,-50.986675310272));
#3771=CARTESIAN_POINT('Ctrl Pts',(-97.0111969034642,44.7740473088359,-52.0408371414257));
#3772=CARTESIAN_POINT('Ctrl Pts',(-98.3484681331902,42.8973145029388,-53.4539718310527));
#3773=CARTESIAN_POINT('Ctrl Pts',(-98.9762231349992,42.1389118274145,-54.0027654380173));
#3774=CARTESIAN_POINT('Ctrl Pts',(-100.385059795669,40.7039702815807,-55.0016751676807));
#3775=CARTESIAN_POINT('Ctrl Pts',(-101.166243782094,40.0279142128183,-55.4523403819458));
#3776=CARTESIAN_POINT('Ctrl Pts',(-102.781345224702,38.8142703070526,-56.2395483091044));
#3777=CARTESIAN_POINT('Ctrl Pts',(-103.728943498527,38.2068765859066,-56.6188564829828));
#3778=CARTESIAN_POINT('Ctrl Pts',(-105.771808206952,37.1275813042773,-57.2751282555512));
#3779=CARTESIAN_POINT('Ctrl Pts',(-106.867059762266,36.6558020676477,-57.5523393139428));
#3780=CARTESIAN_POINT('Ctrl Pts',(-109.138436698608,35.8951095945946,-57.9919366088471));
#3781=CARTESIAN_POINT('Ctrl Pts',(-110.316202058297,35.6057615208131,-58.154786427578));
#3782=CARTESIAN_POINT('Ctrl Pts',(-112.676303465959,35.2262117336789,-58.3672731702444));
#3783=CARTESIAN_POINT('Ctrl Pts',(-113.858652858718,35.1360946305016,-58.4169129973735));
#3784=CARTESIAN_POINT('Ctrl Pts',(-116.141347141282,35.1360946305016,-58.4169129973735));
#3785=CARTESIAN_POINT('Ctrl Pts',(-117.323696534041,35.2262117336789,-58.3672731702444));
#3786=CARTESIAN_POINT('Ctrl Pts',(-119.003894122766,35.4964198845124,-58.2160001310838));
#3787=CARTESIAN_POINT('Ctrl Pts',(-119.50369090462,35.5945270094315,-58.1608839650234));
#3788=CARTESIAN_POINT('Ctrl Pts',(-120.,35.7100364290955,-58.0955093349176));
#3789=CARTESIAN_POINT('',(-120.,32.6641564302539,-54.0703215218937));
#3790=CARTESIAN_POINT('Origin',(-120.,49.4974746830583,-44.4974746830583));
#3791=CARTESIAN_POINT('',(-120.,59.0703215218937,-27.6641564302539));
#3792=CARTESIAN_POINT('Ctrl Pts',(-120.,32.6641564302539,-54.0703215218937));
#3793=CARTESIAN_POINT('Ctrl Pts',(-119.720267801664,32.6009453196164,-54.1052754133369));
#3794=CARTESIAN_POINT('Ctrl Pts',(-119.439518525504,32.5431088972534,-54.1371257298869));
#3795=CARTESIAN_POINT('Ctrl Pts',(-117.767594245981,32.2315770123638,-54.3082020447724));
#3796=CARTESIAN_POINT('Ctrl Pts',(-116.36256929077,32.1068703090214,-54.3750695069882));
#3797=CARTESIAN_POINT('Ctrl Pts',(-113.309306294369,32.1068703090214,-54.3750695069882));
#3798=CARTESIAN_POINT('Ctrl Pts',(-111.58419112665,32.2987713861184,-54.2725490289455));
#3799=CARTESIAN_POINT('Ctrl Pts',(-108.225904546539,33.0728848673469,-53.8441160047355));
#3800=CARTESIAN_POINT('Ctrl Pts',(-106.592662096708,33.6547007630905,-53.5180439669362));
#3801=CARTESIAN_POINT('Ctrl Pts',(-103.561408696854,35.1453063101241,-52.6351265740599));
#3802=CARTESIAN_POINT('Ctrl Pts',(-102.159701263846,36.0554809625811,-52.0766445045013));
#3803=CARTESIAN_POINT('Ctrl Pts',(-99.6994358651163,38.0962691650171,-50.7352252300893));
#3804=CARTESIAN_POINT('Ctrl Pts',(-98.6409563044444,39.2264635569568,-49.9515066797247));
#3805=CARTESIAN_POINT('Ctrl Pts',(-96.9800632469495,41.5092162481212,-48.2462529315482));
#3806=CARTESIAN_POINT('Ctrl Pts',(-96.2841813966058,42.7745007279887,-47.2437216042844));
#3807=CARTESIAN_POINT('Ctrl Pts',(-95.3725878651826,45.3169598237837,-45.0543457179067));
#3808=CARTESIAN_POINT('Ctrl Pts',(-95.1568651670156,46.5931049490738,-43.8663105111101));
#3809=CARTESIAN_POINT('Ctrl Pts',(-95.1568651670156,48.8663105111101,-41.5931049490738));
#3810=CARTESIAN_POINT('Ctrl Pts',(-95.3725878651826,50.0543457179067,-40.3169598237837));
#3811=CARTESIAN_POINT('Ctrl Pts',(-96.2841813966058,52.2437216042844,-37.7745007279887));
#3812=CARTESIAN_POINT('Ctrl Pts',(-96.9800632469495,53.2462529315482,-36.5092162481212));
#3813=CARTESIAN_POINT('Ctrl Pts',(-98.6409563044444,54.9515066797247,-34.2264635569568));
#3814=CARTESIAN_POINT('Ctrl Pts',(-99.6994358651163,55.7352252300893,-33.0962691650171));
#3815=CARTESIAN_POINT('Ctrl Pts',(-102.159701263846,57.0766445045013,-31.0554809625811));
#3816=CARTESIAN_POINT('Ctrl Pts',(-103.561408696854,57.6351265740599,-30.1453063101241));
#3817=CARTESIAN_POINT('Ctrl Pts',(-106.592662096708,58.5180439669361,-28.6547007630906));
#3818=CARTESIAN_POINT('Ctrl Pts',(-108.225904546539,58.8441160047354,-28.0728848673469));
#3819=CARTESIAN_POINT('Ctrl Pts',(-111.58419112665,59.2725490289455,-27.2987713861184));
#3820=CARTESIAN_POINT('Ctrl Pts',(-113.309306294369,59.3750695069882,-27.1068703090214));
#3821=CARTESIAN_POINT('Ctrl Pts',(-116.36256929077,59.3750695069882,-27.1068703090214));
#3822=CARTESIAN_POINT('Ctrl Pts',(-117.767594245981,59.3082020447724,-27.2315770123638));
#3823=CARTESIAN_POINT('Ctrl Pts',(-119.439518525504,59.1371257298869,-27.5431088972535));
#3824=CARTESIAN_POINT('Ctrl Pts',(-119.720267801664,59.1052754133369,-27.6009453196165));
#3825=CARTESIAN_POINT('Ctrl Pts',(-120.,59.0703215218937,-27.6641564302539));
#3826=CARTESIAN_POINT('Origin',(-120.,49.4974746830583,-44.4974746830583));
#3827=CARTESIAN_POINT('Origin',(-115.,70.,4.99999999999999));
#3828=CARTESIAN_POINT('',(-120.,69.8660714285714,24.3644535977072));
#3829=CARTESIAN_POINT('',(-120.,69.8660714285714,-14.3644535977072));
#3830=CARTESIAN_POINT('Ctrl Pts',(-120.,69.8660714285714,24.3644535977072));
#3831=CARTESIAN_POINT('Ctrl Pts',(-119.50369090462,69.8306207789014,24.492357935908));
#3832=CARTESIAN_POINT('Ctrl Pts',(-119.003894122766,69.8002215803628,24.6007031639953));
#3833=CARTESIAN_POINT('Ctrl Pts',(-117.323696534041,69.7161217563777,24.8987353715827));
#3834=CARTESIAN_POINT('Ctrl Pts',(-116.141347141282,69.6875,24.9975584447202));
#3835=CARTESIAN_POINT('Ctrl Pts',(-113.858652858718,69.6875,24.9975584447202));
#3836=CARTESIAN_POINT('Ctrl Pts',(-112.676303465959,69.7161217563777,24.8987353715827));
#3837=CARTESIAN_POINT('Ctrl Pts',(-110.316202058297,69.8342531680065,24.4801023266505));
#3838=CARTESIAN_POINT('Ctrl Pts',(-109.138436698608,69.9237009419611,24.1603501304167));
#3839=CARTESIAN_POINT('Ctrl Pts',(-106.867059762266,70.1507495198364,23.3116170961052));
#3840=CARTESIAN_POINT('Ctrl Pts',(-105.771808206952,70.2883299980716,22.7820009794528));
#3841=CARTESIAN_POINT('Ctrl Pts',(-103.728943498527,70.5874527899299,21.5547697462257));
#3842=CARTESIAN_POINT('Ctrl Pts',(-102.781345224702,70.7487336270934,20.8570661452443));
#3843=CARTESIAN_POINT('Ctrl Pts',(-101.166243782094,71.0502693993085,19.442250246034));
#3844=CARTESIAN_POINT('Ctrl Pts',(-100.385059795669,71.2096448009409,18.6455379862981));
#3845=CARTESIAN_POINT('Ctrl Pts',(-98.9762231349992,71.5179658549681,16.9245452449945));
#3846=CARTESIAN_POINT('Ctrl Pts',(-98.3484681331902,71.6661818487449,16.0002178893047));
#3847=CARTESIAN_POINT('Ctrl Pts',(-97.0111969034642,71.9939952205048,13.6739302740144));
#3848=CARTESIAN_POINT('Ctrl Pts',(-96.3021423256197,72.1831787952097,11.9939367407558));
#3849=CARTESIAN_POINT('Ctrl Pts',(-95.3751060684298,72.4369400999738,8.49516287470128));
#3850=CARTESIAN_POINT('Ctrl Pts',(-95.1568651670156,72.5,6.67634130886129));
#3851=CARTESIAN_POINT('Ctrl Pts',(-95.1568651670156,72.5,3.32365869113868));
#3852=CARTESIAN_POINT('Ctrl Pts',(-95.3751060684298,72.4369400999738,1.5048371252987));
#3853=CARTESIAN_POINT('Ctrl Pts',(-96.3021423256197,72.1831787952097,-1.99393674075584));
#3854=CARTESIAN_POINT('Ctrl Pts',(-97.0111969034642,71.9939952205047,-3.67393027401445));
#3855=CARTESIAN_POINT('Ctrl Pts',(-98.3484681331902,71.6661818487448,-6.00021788930474));
#3856=CARTESIAN_POINT('Ctrl Pts',(-98.9762231349992,71.5179658549681,-6.92454524499454));
#3857=CARTESIAN_POINT('Ctrl Pts',(-100.385059795669,71.2096448009409,-8.64553798629806));
#3858=CARTESIAN_POINT('Ctrl Pts',(-101.166243782094,71.0502693993085,-9.44225024603403));
#3859=CARTESIAN_POINT('Ctrl Pts',(-102.781345224702,70.7487336270934,-10.8570661452444));
#3860=CARTESIAN_POINT('Ctrl Pts',(-103.728943498527,70.5874527899299,-11.5547697462257));
#3861=CARTESIAN_POINT('Ctrl Pts',(-105.771808206952,70.2883299980716,-12.7820009794529));
#3862=CARTESIAN_POINT('Ctrl Pts',(-106.867059762266,70.1507495198364,-13.3116170961053));
#3863=CARTESIAN_POINT('Ctrl Pts',(-109.138436698608,69.9237009419611,-14.1603501304168));
#3864=CARTESIAN_POINT('Ctrl Pts',(-110.316202058297,69.8342531680065,-14.4801023266506));
#3865=CARTESIAN_POINT('Ctrl Pts',(-112.676303465959,69.7161217563777,-14.8987353715827));
#3866=CARTESIAN_POINT('Ctrl Pts',(-113.858652858718,69.6875,-14.9975584447202));
#3867=CARTESIAN_POINT('Ctrl Pts',(-116.141347141282,69.6875,-14.9975584447202));
#3868=CARTESIAN_POINT('Ctrl Pts',(-117.323696534041,69.7161217563777,-14.8987353715827));
#3869=CARTESIAN_POINT('Ctrl Pts',(-119.003894122766,69.8002215803628,-14.6007031639953));
#3870=CARTESIAN_POINT('Ctrl Pts',(-119.50369090462,69.8306207789014,-14.492357935908));
#3871=CARTESIAN_POINT('Ctrl Pts',(-120.,69.8660714285714,-14.3644535977072));
#3872=CARTESIAN_POINT('',(-120.,64.8660714285714,-13.67197840143));
#3873=CARTESIAN_POINT('Origin',(-120.,70.,4.99999999999999));
#3874=CARTESIAN_POINT('',(-120.,64.8660714285714,23.67197840143));
#3875=CARTESIAN_POINT('Ctrl Pts',(-120.,64.8660714285714,-13.67197840143));
#3876=CARTESIAN_POINT('Ctrl Pts',(-119.720267801664,64.8460905572617,-13.7413915400765));
#3877=CARTESIAN_POINT('Ctrl Pts',(-119.439518525504,64.8277156056247,-13.8048096413443));
#3878=CARTESIAN_POINT('Ctrl Pts',(-117.767594245981,64.7283985196193,-14.1460651720616));
#3879=CARTESIAN_POINT('Ctrl Pts',(-116.36256929077,64.6875,-14.2815285636279));
#3880=CARTESIAN_POINT('Ctrl Pts',(-113.309306294369,64.6875,-14.2815285636279));
#3881=CARTESIAN_POINT('Ctrl Pts',(-111.58419112665,64.7507016276978,-14.0733410854612));
#3882=CARTESIAN_POINT('Ctrl Pts',(-108.225904546539,64.9951346229792,-13.2230122967734));
#3883=CARTESIAN_POINT('Ctrl Pts',(-106.592662096708,65.1759728391785,-12.5810385824077));
#3884=CARTESIAN_POINT('Ctrl Pts',(-103.561408696854,65.6056732538298,-10.9027044162957));
#3885=CARTESIAN_POINT('Ctrl Pts',(-102.159701263846,65.8543574640903,-9.86420728892319));
#3886=CARTESIAN_POINT('Ctrl Pts',(-99.6994358651163,66.3488859756473,-7.47262544666412));
#3887=CARTESIAN_POINT('Ctrl Pts',(-98.6409563044444,66.5938813927423,-6.11928462656007));
#3888=CARTESIAN_POINT('Ctrl Pts',(-96.9800632469495,67.0022348114571,-3.29933822988653));
#3889=CARTESIAN_POINT('Ctrl Pts',(-96.2841813966058,67.1880293474414,-1.69575029418195));
#3890=CARTESIAN_POINT('Ctrl Pts',(-95.3725878651826,67.4376968791434,1.65016230916813));
#3891=CARTESIAN_POINT('Ctrl Pts',(-95.1568651670156,67.5,3.3926009320532));
#3892=CARTESIAN_POINT('Ctrl Pts',(-95.1568651670156,67.5,6.60739906794678));
#3893=CARTESIAN_POINT('Ctrl Pts',(-95.3725878651826,67.4376968791434,8.34983769083185));
#3894=CARTESIAN_POINT('Ctrl Pts',(-96.2841813966058,67.1880293474414,11.6957502941819));
#3895=CARTESIAN_POINT('Ctrl Pts',(-96.9800632469495,67.0022348114571,13.2993382298865));
#3896=CARTESIAN_POINT('Ctrl Pts',(-98.6409563044444,66.5938813927423,16.11928462656));
#3897=CARTESIAN_POINT('Ctrl Pts',(-99.6994358651163,66.3488859756473,17.4726254466641));
#3898=CARTESIAN_POINT('Ctrl Pts',(-102.159701263846,65.8543574640903,19.8642072889232));
#3899=CARTESIAN_POINT('Ctrl Pts',(-103.561408696854,65.6056732538298,20.9027044162956));
#3900=CARTESIAN_POINT('Ctrl Pts',(-106.592662096708,65.1759728391785,22.5810385824077));
#3901=CARTESIAN_POINT('Ctrl Pts',(-108.225904546539,64.9951346229792,23.2230122967734));
#3902=CARTESIAN_POINT('Ctrl Pts',(-111.58419112665,64.7507016276978,24.0733410854611));
#3903=CARTESIAN_POINT('Ctrl Pts',(-113.309306294369,64.6875,24.2815285636279));
#3904=CARTESIAN_POINT('Ctrl Pts',(-116.36256929077,64.6875,24.2815285636279));
#3905=CARTESIAN_POINT('Ctrl Pts',(-117.767594245981,64.7283985196193,24.1460651720615));
#3906=CARTESIAN_POINT('Ctrl Pts',(-119.439518525504,64.8277156056247,23.8048096413443));
#3907=CARTESIAN_POINT('Ctrl Pts',(-119.720267801664,64.8460905572617,23.7413915400764));
#3908=CARTESIAN_POINT('Ctrl Pts',(-120.,64.8660714285714,23.67197840143));
#3909=CARTESIAN_POINT('Origin',(-120.,70.,4.99999999999999));
#3910=CARTESIAN_POINT('Origin',(-115.,49.4974746830583,54.4974746830583));
#3911=CARTESIAN_POINT('',(-120.,59.0703215218937,37.6641564302539));
#3912=CARTESIAN_POINT('',(-120.,32.6641564302539,64.0703215218937));
#3913=CARTESIAN_POINT('Ctrl Pts',(-120.,59.0703215218937,37.6641564302539));
#3914=CARTESIAN_POINT('Ctrl Pts',(-119.720267801664,59.105275413337,37.6009453196164));
#3915=CARTESIAN_POINT('Ctrl Pts',(-119.439518525504,59.1371257298869,37.5431088972534));
#3916=CARTESIAN_POINT('Ctrl Pts',(-117.767594245981,59.3082020447724,37.2315770123638));
#3917=CARTESIAN_POINT('Ctrl Pts',(-116.36256929077,59.3750695069882,37.1068703090213));
#3918=CARTESIAN_POINT('Ctrl Pts',(-113.309306294369,59.3750695069882,37.1068703090213));
#3919=CARTESIAN_POINT('Ctrl Pts',(-111.58419112665,59.2725490289455,37.2987713861183));
#3920=CARTESIAN_POINT('Ctrl Pts',(-108.225904546539,58.8441160047354,38.0728848673468));
#3921=CARTESIAN_POINT('Ctrl Pts',(-106.592662096708,58.5180439669362,38.6547007630905));
#3922=CARTESIAN_POINT('Ctrl Pts',(-103.561408696854,57.6351265740599,40.1453063101241));
#3923=CARTESIAN_POINT('Ctrl Pts',(-102.159701263846,57.0766445045013,41.0554809625811));
#3924=CARTESIAN_POINT('Ctrl Pts',(-99.6994358651163,55.7352252300893,43.0962691650171));
#3925=CARTESIAN_POINT('Ctrl Pts',(-98.6409563044444,54.9515066797247,44.2264635569568));
#3926=CARTESIAN_POINT('Ctrl Pts',(-96.9800632469495,53.2462529315482,46.5092162481211));
#3927=CARTESIAN_POINT('Ctrl Pts',(-96.2841813966058,52.2437216042844,47.7745007279887));
#3928=CARTESIAN_POINT('Ctrl Pts',(-95.3725878651826,50.0543457179067,50.3169598237837));
#3929=CARTESIAN_POINT('Ctrl Pts',(-95.1568651670156,48.8663105111101,51.5931049490738));
#3930=CARTESIAN_POINT('Ctrl Pts',(-95.1568651670156,46.5931049490738,53.8663105111101));
#3931=CARTESIAN_POINT('Ctrl Pts',(-95.3725878651826,45.3169598237837,55.0543457179067));
#3932=CARTESIAN_POINT('Ctrl Pts',(-96.2841813966058,42.7745007279887,57.2437216042844));
#3933=CARTESIAN_POINT('Ctrl Pts',(-96.9800632469495,41.5092162481212,58.2462529315482));
#3934=CARTESIAN_POINT('Ctrl Pts',(-98.6409563044444,39.2264635569568,59.9515066797247));
#3935=CARTESIAN_POINT('Ctrl Pts',(-99.6994358651163,38.0962691650172,60.7352252300893));
#3936=CARTESIAN_POINT('Ctrl Pts',(-102.159701263846,36.0554809625811,62.0766445045012));
#3937=CARTESIAN_POINT('Ctrl Pts',(-103.561408696854,35.1453063101241,62.6351265740599));
#3938=CARTESIAN_POINT('Ctrl Pts',(-106.592662096708,33.6547007630906,63.5180439669361));
#3939=CARTESIAN_POINT('Ctrl Pts',(-108.225904546539,33.0728848673469,63.8441160047354));
#3940=CARTESIAN_POINT('Ctrl Pts',(-111.58419112665,32.2987713861184,64.2725490289455));
#3941=CARTESIAN_POINT('Ctrl Pts',(-113.309306294369,32.1068703090214,64.3750695069882));
#3942=CARTESIAN_POINT('Ctrl Pts',(-116.36256929077,32.1068703090214,64.3750695069882));
#3943=CARTESIAN_POINT('Ctrl Pts',(-117.767594245981,32.2315770123638,64.3082020447724));
#3944=CARTESIAN_POINT('Ctrl Pts',(-119.439518525504,32.5431088972535,64.1371257298869));
#3945=CARTESIAN_POINT('Ctrl Pts',(-119.720267801664,32.6009453196165,64.1052754133369));
#3946=CARTESIAN_POINT('Ctrl Pts',(-120.,32.6641564302539,64.0703215218937));
#3947=CARTESIAN_POINT('',(-120.,35.7100364290956,68.0955093349175));
#3948=CARTESIAN_POINT('Origin',(-120.,49.4974746830583,54.4974746830583));
#3949=CARTESIAN_POINT('',(-120.,63.0955093349176,40.7100364290955));
#3950=CARTESIAN_POINT('Ctrl Pts',(-120.,35.7100364290956,68.0955093349175));
#3951=CARTESIAN_POINT('Ctrl Pts',(-119.50369090462,35.5945270094315,68.1608839650233));
#3952=CARTESIAN_POINT('Ctrl Pts',(-119.003894122766,35.4964198845125,68.2160001310838));
#3953=CARTESIAN_POINT('Ctrl Pts',(-117.323696534041,35.2262117336789,68.3672731702444));
#3954=CARTESIAN_POINT('Ctrl Pts',(-116.141347141282,35.1360946305016,68.4169129973735));
#3955=CARTESIAN_POINT('Ctrl Pts',(-113.858652858718,35.1360946305016,68.4169129973735));
#3956=CARTESIAN_POINT('Ctrl Pts',(-112.676303465959,35.2262117336789,68.3672731702444));
#3957=CARTESIAN_POINT('Ctrl Pts',(-110.316202058297,35.6057615208131,68.154786427578));
#3958=CARTESIAN_POINT('Ctrl Pts',(-109.138436698608,35.8951095945946,67.9919366088471));
#3959=CARTESIAN_POINT('Ctrl Pts',(-106.867059762266,36.6558020676477,67.5523393139428));
#3960=CARTESIAN_POINT('Ctrl Pts',(-105.771808206952,37.1275813042773,67.2751282555512));
#3961=CARTESIAN_POINT('Ctrl Pts',(-103.728943498527,38.2068765859066,66.6188564829828));
#3962=CARTESIAN_POINT('Ctrl Pts',(-102.781345224702,38.8142703070526,66.2395483091044));
#3963=CARTESIAN_POINT('Ctrl Pts',(-101.166243782094,40.0279142128183,65.4523403819458));
#3964=CARTESIAN_POINT('Ctrl Pts',(-100.385059795669,40.7039702815807,65.0016751676807));
#3965=CARTESIAN_POINT('Ctrl Pts',(-98.9762231349992,42.1389118274145,64.0027654380173));
#3966=CARTESIAN_POINT('Ctrl Pts',(-98.3484681331902,42.8973145029388,63.4539718310527));
#3967=CARTESIAN_POINT('Ctrl Pts',(-97.0111969034642,44.7740473088359,62.0408371414257));
#3968=CARTESIAN_POINT('Ctrl Pts',(-96.3021423256197,46.0957551171156,60.986675310272));
#3969=CARTESIAN_POINT('Ctrl Pts',(-95.3751060684298,48.7491981830425,58.6921049231479));
#3970=CARTESIAN_POINT('Ctrl Pts',(-95.1568651670156,50.0798893289457,57.4505939431036));
#3971=CARTESIAN_POINT('Ctrl Pts',(-95.1568651670156,52.4505939431037,55.0798893289457));
#3972=CARTESIAN_POINT('Ctrl Pts',(-95.3751060684298,53.692104923148,53.7491981830424));
#3973=CARTESIAN_POINT('Ctrl Pts',(-96.3021423256197,55.986675310272,51.0957551171156));
#3974=CARTESIAN_POINT('Ctrl Pts',(-97.0111969034642,57.0408371414257,49.7740473088359));
#3975=CARTESIAN_POINT('Ctrl Pts',(-98.3484681331902,58.4539718310527,47.8973145029388));
#3976=CARTESIAN_POINT('Ctrl Pts',(-98.9762231349992,59.0027654380174,47.1389118274145));
#3977=CARTESIAN_POINT('Ctrl Pts',(-100.385059795669,60.0016751676807,45.7039702815807));
#3978=CARTESIAN_POINT('Ctrl Pts',(-101.166243782094,60.4523403819458,45.0279142128183));
#3979=CARTESIAN_POINT('Ctrl Pts',(-102.781345224702,61.2395483091044,43.8142703070526));
#3980=CARTESIAN_POINT('Ctrl Pts',(-103.728943498527,61.6188564829828,43.2068765859066));
#3981=CARTESIAN_POINT('Ctrl Pts',(-105.771808206952,62.2751282555512,42.1275813042773));
#3982=CARTESIAN_POINT('Ctrl Pts',(-106.867059762266,62.5523393139428,41.6558020676477));
#3983=CARTESIAN_POINT('Ctrl Pts',(-109.138436698608,62.9919366088471,40.8951095945946));
#3984=CARTESIAN_POINT('Ctrl Pts',(-110.316202058297,63.154786427578,40.6057615208131));
#3985=CARTESIAN_POINT('Ctrl Pts',(-112.676303465959,63.3672731702444,40.2262117336789));
#3986=CARTESIAN_POINT('Ctrl Pts',(-113.858652858718,63.4169129973735,40.1360946305016));
#3987=CARTESIAN_POINT('Ctrl Pts',(-116.141347141282,63.4169129973735,40.1360946305016));
#3988=CARTESIAN_POINT('Ctrl Pts',(-117.323696534041,63.3672731702444,40.2262117336789));
#3989=CARTESIAN_POINT('Ctrl Pts',(-119.003894122766,63.2160001310838,40.4964198845124));
#3990=CARTESIAN_POINT('Ctrl Pts',(-119.50369090462,63.1608839650234,40.5945270094314));
#3991=CARTESIAN_POINT('Ctrl Pts',(-120.,63.0955093349176,40.7100364290955));
#3992=CARTESIAN_POINT('Origin',(-120.,49.4974746830583,54.4974746830583));
#3993=CARTESIAN_POINT('Origin',(-115.,-70.,5.));
#3994=CARTESIAN_POINT('',(-120.,-64.8660714285714,23.67197840143));
#3995=CARTESIAN_POINT('',(-95.1568651670156,-67.5,5.));
#3996=CARTESIAN_POINT('Ctrl Pts',(-120.,-64.8660714285714,23.67197840143));
#3997=CARTESIAN_POINT('Ctrl Pts',(-119.720267801664,-64.8460905572617,23.7413915400765));
#3998=CARTESIAN_POINT('Ctrl Pts',(-119.439518525504,-64.8277156056247,23.8048096413443));
#3999=CARTESIAN_POINT('Ctrl Pts',(-117.767594245981,-64.7283985196193,24.1460651720616));
#4000=CARTESIAN_POINT('Ctrl Pts',(-116.36256929077,-64.6875,24.2815285636279));
#4001=CARTESIAN_POINT('Ctrl Pts',(-113.309306294369,-64.6875,24.2815285636279));
#4002=CARTESIAN_POINT('Ctrl Pts',(-111.58419112665,-64.7507016276978,24.0733410854611));
#4003=CARTESIAN_POINT('Ctrl Pts',(-108.225904546539,-64.9951346229792,23.2230122967734));
#4004=CARTESIAN_POINT('Ctrl Pts',(-106.592662096708,-65.1759728391785,22.5810385824077));
#4005=CARTESIAN_POINT('Ctrl Pts',(-103.561408696854,-65.6056732538298,20.9027044162956));
#4006=CARTESIAN_POINT('Ctrl Pts',(-102.159701263846,-65.8543574640903,19.8642072889232));
#4007=CARTESIAN_POINT('Ctrl Pts',(-99.6994358651163,-66.3488859756473,17.4726254466641));
#4008=CARTESIAN_POINT('Ctrl Pts',(-98.6409563044444,-66.5938813927423,16.11928462656));
#4009=CARTESIAN_POINT('Ctrl Pts',(-96.9800632469495,-67.0022348114571,13.2993382298865));
#4010=CARTESIAN_POINT('Ctrl Pts',(-96.2841813966058,-67.1880293474414,11.6957502941819));
#4011=CARTESIAN_POINT('Ctrl Pts',(-95.3725878651826,-67.4376968791434,8.34983769083185));
#4012=CARTESIAN_POINT('Ctrl Pts',(-95.1568651670156,-67.5,6.60739906794678));
#4013=CARTESIAN_POINT('Ctrl Pts',(-95.1568651670156,-67.5,4.99999999999999));
#4014=CARTESIAN_POINT('',(-120.,-64.8660714285714,-13.67197840143));
#4015=CARTESIAN_POINT('Ctrl Pts',(-95.1568651670156,-67.5,4.99999999999999));
#4016=CARTESIAN_POINT('Ctrl Pts',(-95.1568651670156,-67.5,3.3926009320532));
#4017=CARTESIAN_POINT('Ctrl Pts',(-95.3725878651826,-67.4376968791434,1.65016230916814));
#4018=CARTESIAN_POINT('Ctrl Pts',(-96.2841813966058,-67.1880293474414,-1.69575029418194));
#4019=CARTESIAN_POINT('Ctrl Pts',(-96.9800632469495,-67.0022348114571,-3.29933822988653));
#4020=CARTESIAN_POINT('Ctrl Pts',(-98.6409563044444,-66.5938813927423,-6.11928462656006));
#4021=CARTESIAN_POINT('Ctrl Pts',(-99.6994358651163,-66.3488859756473,-7.4726254466641));
#4022=CARTESIAN_POINT('Ctrl Pts',(-102.159701263846,-65.8543574640903,-9.86420728892317));
#4023=CARTESIAN_POINT('Ctrl Pts',(-103.561408696854,-65.6056732538298,-10.9027044162956));
#4024=CARTESIAN_POINT('Ctrl Pts',(-106.592662096708,-65.1759728391785,-12.5810385824077));
#4025=CARTESIAN_POINT('Ctrl Pts',(-108.225904546539,-64.9951346229792,-13.2230122967734));
#4026=CARTESIAN_POINT('Ctrl Pts',(-111.58419112665,-64.7507016276978,-14.0733410854611));
#4027=CARTESIAN_POINT('Ctrl Pts',(-113.309306294369,-64.6875,-14.2815285636279));
#4028=CARTESIAN_POINT('Ctrl Pts',(-116.36256929077,-64.6875,-14.2815285636279));
#4029=CARTESIAN_POINT('Ctrl Pts',(-117.767594245981,-64.7283985196193,-14.1460651720616));
#4030=CARTESIAN_POINT('Ctrl Pts',(-119.439518525504,-64.8277156056247,-13.8048096413443));
#4031=CARTESIAN_POINT('Ctrl Pts',(-119.720267801664,-64.8460905572617,-13.7413915400764));
#4032=CARTESIAN_POINT('Ctrl Pts',(-120.,-64.8660714285714,-13.67197840143));
#4033=CARTESIAN_POINT('',(-120.,-69.8660714285714,-14.3644535977072));
#4034=CARTESIAN_POINT('Origin',(-120.,-70.,5.));
#4035=CARTESIAN_POINT('',(-95.1568651670156,-72.5,5.00000000000001));
#4036=CARTESIAN_POINT('Ctrl Pts',(-120.,-69.8660714285714,-14.3644535977072));
#4037=CARTESIAN_POINT('Ctrl Pts',(-119.50369090462,-69.8306207789014,-14.492357935908));
#4038=CARTESIAN_POINT('Ctrl Pts',(-119.003894122766,-69.8002215803628,-14.6007031639953));
#4039=CARTESIAN_POINT('Ctrl Pts',(-117.323696534041,-69.7161217563777,-14.8987353715827));
#4040=CARTESIAN_POINT('Ctrl Pts',(-116.141347141282,-69.6875,-14.9975584447202));
#4041=CARTESIAN_POINT('Ctrl Pts',(-113.858652858718,-69.6875,-14.9975584447202));
#4042=CARTESIAN_POINT('Ctrl Pts',(-112.676303465959,-69.7161217563777,-14.8987353715827));
#4043=CARTESIAN_POINT('Ctrl Pts',(-110.316202058297,-69.8342531680065,-14.4801023266505));
#4044=CARTESIAN_POINT('Ctrl Pts',(-109.138436698608,-69.9237009419611,-14.1603501304168));
#4045=CARTESIAN_POINT('Ctrl Pts',(-106.867059762266,-70.1507495198364,-13.3116170961053));
#4046=CARTESIAN_POINT('Ctrl Pts',(-105.771808206952,-70.2883299980716,-12.7820009794529));
#4047=CARTESIAN_POINT('Ctrl Pts',(-103.728943498527,-70.5874527899299,-11.5547697462257));
#4048=CARTESIAN_POINT('Ctrl Pts',(-102.781345224702,-70.7487336270934,-10.8570661452444));
#4049=CARTESIAN_POINT('Ctrl Pts',(-101.166243782094,-71.0502693993085,-9.44225024603402));
#4050=CARTESIAN_POINT('Ctrl Pts',(-100.385059795669,-71.2096448009409,-8.64553798629806));
#4051=CARTESIAN_POINT('Ctrl Pts',(-98.9762231349992,-71.5179658549681,-6.92454524499453));
#4052=CARTESIAN_POINT('Ctrl Pts',(-98.3484681331902,-71.6661818487449,-6.00021788930474));
#4053=CARTESIAN_POINT('Ctrl Pts',(-97.0111969034642,-71.9939952205048,-3.67393027401444));
#4054=CARTESIAN_POINT('Ctrl Pts',(-96.3021423256197,-72.1831787952097,-1.99393674075583));
#4055=CARTESIAN_POINT('Ctrl Pts',(-95.3751060684298,-72.4369400999738,1.50483712529872));
#4056=CARTESIAN_POINT('Ctrl Pts',(-95.1568651670156,-72.5,3.3236586911387));
#4057=CARTESIAN_POINT('Ctrl Pts',(-95.1568651670156,-72.5,5.00000000000001));
#4058=CARTESIAN_POINT('',(-120.,-69.8660714285714,24.3644535977072));
#4059=CARTESIAN_POINT('Ctrl Pts',(-95.1568651670156,-72.5,5.00000000000001));
#4060=CARTESIAN_POINT('Ctrl Pts',(-95.1568651670156,-72.5,6.67634130886131));
#4061=CARTESIAN_POINT('Ctrl Pts',(-95.3751060684298,-72.4369400999738,8.49516287470129));
#4062=CARTESIAN_POINT('Ctrl Pts',(-96.3021423256197,-72.1831787952097,11.9939367407558));
#4063=CARTESIAN_POINT('Ctrl Pts',(-97.0111969034642,-71.9939952205048,13.6739302740144));
#4064=CARTESIAN_POINT('Ctrl Pts',(-98.3484681331902,-71.6661818487449,16.0002178893047));
#4065=CARTESIAN_POINT('Ctrl Pts',(-98.9762231349992,-71.5179658549681,16.9245452449945));
#4066=CARTESIAN_POINT('Ctrl Pts',(-100.385059795669,-71.2096448009409,18.645537986298));
#4067=CARTESIAN_POINT('Ctrl Pts',(-101.166243782094,-71.0502693993085,19.442250246034));
#4068=CARTESIAN_POINT('Ctrl Pts',(-102.781345224702,-70.7487336270934,20.8570661452443));
#4069=CARTESIAN_POINT('Ctrl Pts',(-103.728943498527,-70.5874527899299,21.5547697462257));
#4070=CARTESIAN_POINT('Ctrl Pts',(-105.771808206952,-70.2883299980716,22.7820009794529));
#4071=CARTESIAN_POINT('Ctrl Pts',(-106.867059762266,-70.1507495198364,23.3116170961052));
#4072=CARTESIAN_POINT('Ctrl Pts',(-109.138436698608,-69.9237009419611,24.1603501304168));
#4073=CARTESIAN_POINT('Ctrl Pts',(-110.316202058297,-69.8342531680065,24.4801023266506));
#4074=CARTESIAN_POINT('Ctrl Pts',(-112.676303465959,-69.7161217563777,24.8987353715827));
#4075=CARTESIAN_POINT('Ctrl Pts',(-113.858652858718,-69.6875,24.9975584447202));
#4076=CARTESIAN_POINT('Ctrl Pts',(-116.141347141282,-69.6875,24.9975584447202));
#4077=CARTESIAN_POINT('Ctrl Pts',(-117.323696534041,-69.7161217563777,24.8987353715827));
#4078=CARTESIAN_POINT('Ctrl Pts',(-119.003894122766,-69.8002215803628,24.6007031639953));
#4079=CARTESIAN_POINT('Ctrl Pts',(-119.50369090462,-69.8306207789014,24.492357935908));
#4080=CARTESIAN_POINT('Ctrl Pts',(-120.,-69.8660714285714,24.3644535977072));
#4081=CARTESIAN_POINT('Origin',(-120.,-70.,5.));
#4082=CARTESIAN_POINT('Origin',(-115.,-8.57252759403147E-15,-65.));
#4083=CARTESIAN_POINT('',(-120.,19.3644535977072,-64.8660714285714));
#4084=CARTESIAN_POINT('',(-120.,-19.3644535977072,-64.8660714285714));
#4085=CARTESIAN_POINT('Ctrl Pts',(-120.,19.3644535977072,-64.8660714285714));
#4086=CARTESIAN_POINT('Ctrl Pts',(-119.50369090462,19.492357935908,-64.8306207789014));
#4087=CARTESIAN_POINT('Ctrl Pts',(-119.003894122766,19.6007031639953,-64.8002215803628));
#4088=CARTESIAN_POINT('Ctrl Pts',(-117.323696534041,19.8987353715827,-64.7161217563777));
#4089=CARTESIAN_POINT('Ctrl Pts',(-116.141347141282,19.9975584447202,-64.6875));
#4090=CARTESIAN_POINT('Ctrl Pts',(-113.858652858718,19.9975584447202,-64.6875));
#4091=CARTESIAN_POINT('Ctrl Pts',(-112.676303465959,19.8987353715827,-64.7161217563777));
#4092=CARTESIAN_POINT('Ctrl Pts',(-110.316202058297,19.4801023266505,-64.8342531680065));
#4093=CARTESIAN_POINT('Ctrl Pts',(-109.138436698608,19.1603501304168,-64.9237009419611));
#4094=CARTESIAN_POINT('Ctrl Pts',(-106.867059762266,18.3116170961052,-65.1507495198364));
#4095=CARTESIAN_POINT('Ctrl Pts',(-105.771808206952,17.7820009794528,-65.2883299980716));
#4096=CARTESIAN_POINT('Ctrl Pts',(-103.728943498527,16.5547697462257,-65.5874527899299));
#4097=CARTESIAN_POINT('Ctrl Pts',(-102.781345224702,15.8570661452444,-65.7487336270934));
#4098=CARTESIAN_POINT('Ctrl Pts',(-101.166243782094,14.442250246034,-66.0502693993085));
#4099=CARTESIAN_POINT('Ctrl Pts',(-100.385059795669,13.6455379862981,-66.2096448009409));
#4100=CARTESIAN_POINT('Ctrl Pts',(-98.9762231349992,11.9245452449945,-66.5179658549681));
#4101=CARTESIAN_POINT('Ctrl Pts',(-98.3484681331902,11.0002178893047,-66.6661818487449));
#4102=CARTESIAN_POINT('Ctrl Pts',(-97.0111969034642,8.67393027401443,-66.9939952205048));
#4103=CARTESIAN_POINT('Ctrl Pts',(-96.3021423256197,6.99393674075583,-67.1831787952097));
#4104=CARTESIAN_POINT('Ctrl Pts',(-95.3751060684298,3.49516287470129,-67.4369400999738));
#4105=CARTESIAN_POINT('Ctrl Pts',(-95.1568651670156,1.67634130886131,-67.5));
#4106=CARTESIAN_POINT('Ctrl Pts',(-95.1568651670156,-1.6763413088613,-67.5));
#4107=CARTESIAN_POINT('Ctrl Pts',(-95.3751060684298,-3.49516287470129,-67.4369400999738));
#4108=CARTESIAN_POINT('Ctrl Pts',(-96.3021423256197,-6.99393674075584,-67.1831787952097));
#4109=CARTESIAN_POINT('Ctrl Pts',(-97.0111969034642,-8.67393027401444,-66.9939952205048));
#4110=CARTESIAN_POINT('Ctrl Pts',(-98.3484681331902,-11.0002178893047,-66.6661818487449));
#4111=CARTESIAN_POINT('Ctrl Pts',(-98.9762231349992,-11.9245452449946,-66.5179658549681));
#4112=CARTESIAN_POINT('Ctrl Pts',(-100.385059795669,-13.6455379862981,-66.2096448009409));
#4113=CARTESIAN_POINT('Ctrl Pts',(-101.166243782094,-14.442250246034,-66.0502693993085));
#4114=CARTESIAN_POINT('Ctrl Pts',(-102.781345224702,-15.8570661452444,-65.7487336270934));
#4115=CARTESIAN_POINT('Ctrl Pts',(-103.728943498527,-16.5547697462257,-65.5874527899299));
#4116=CARTESIAN_POINT('Ctrl Pts',(-105.771808206952,-17.7820009794529,-65.2883299980716));
#4117=CARTESIAN_POINT('Ctrl Pts',(-106.867059762266,-18.3116170961053,-65.1507495198364));
#4118=CARTESIAN_POINT('Ctrl Pts',(-109.138436698608,-19.1603501304168,-64.9237009419611));
#4119=CARTESIAN_POINT('Ctrl Pts',(-110.316202058297,-19.4801023266506,-64.8342531680065));
#4120=CARTESIAN_POINT('Ctrl Pts',(-112.676303465959,-19.8987353715827,-64.7161217563777));
#4121=CARTESIAN_POINT('Ctrl Pts',(-113.858652858718,-19.9975584447202,-64.6875));
#4122=CARTESIAN_POINT('Ctrl Pts',(-116.141347141282,-19.9975584447202,-64.6875));
#4123=CARTESIAN_POINT('Ctrl Pts',(-117.323696534041,-19.8987353715827,-64.7161217563777));
#4124=CARTESIAN_POINT('Ctrl Pts',(-119.003894122766,-19.6007031639953,-64.8002215803628));
#4125=CARTESIAN_POINT('Ctrl Pts',(-119.50369090462,-19.492357935908,-64.8306207789014));
#4126=CARTESIAN_POINT('Ctrl Pts',(-120.,-19.3644535977072,-64.8660714285714));
#4127=CARTESIAN_POINT('',(-120.,-18.67197840143,-59.8660714285714));
#4128=CARTESIAN_POINT('Origin',(-120.,-8.57252759403147E-15,-65.));
#4129=CARTESIAN_POINT('',(-120.,18.67197840143,-59.8660714285714));
#4130=CARTESIAN_POINT('Ctrl Pts',(-120.,-18.67197840143,-59.8660714285714));
#4131=CARTESIAN_POINT('Ctrl Pts',(-119.720267801664,-18.7413915400765,-59.8460905572617));
#4132=CARTESIAN_POINT('Ctrl Pts',(-119.439518525504,-18.8048096413443,-59.8277156056247));
#4133=CARTESIAN_POINT('Ctrl Pts',(-117.767594245981,-19.1460651720616,-59.7283985196193));
#4134=CARTESIAN_POINT('Ctrl Pts',(-116.36256929077,-19.2815285636279,-59.6875));
#4135=CARTESIAN_POINT('Ctrl Pts',(-113.309306294369,-19.2815285636279,-59.6875));
#4136=CARTESIAN_POINT('Ctrl Pts',(-111.58419112665,-19.0733410854612,-59.7507016276978));
#4137=CARTESIAN_POINT('Ctrl Pts',(-108.225904546539,-18.2230122967734,-59.9951346229792));
#4138=CARTESIAN_POINT('Ctrl Pts',(-106.592662096708,-17.5810385824077,-60.1759728391785));
#4139=CARTESIAN_POINT('Ctrl Pts',(-103.561408696854,-15.9027044162957,-60.6056732538298));
#4140=CARTESIAN_POINT('Ctrl Pts',(-102.159701263846,-14.8642072889232,-60.8543574640903));
#4141=CARTESIAN_POINT('Ctrl Pts',(-99.6994358651163,-12.4726254466641,-61.3488859756473));
#4142=CARTESIAN_POINT('Ctrl Pts',(-98.6409563044444,-11.1192846265601,-61.5938813927423));
#4143=CARTESIAN_POINT('Ctrl Pts',(-96.9800632469495,-8.29933822988653,-62.0022348114571));
#4144=CARTESIAN_POINT('Ctrl Pts',(-96.2841813966058,-6.69575029418194,-62.1880293474414));
#4145=CARTESIAN_POINT('Ctrl Pts',(-95.3725878651826,-3.34983769083187,-62.4376968791434));
#4146=CARTESIAN_POINT('Ctrl Pts',(-95.1568651670156,-1.6073990679468,-62.5));
#4147=CARTESIAN_POINT('Ctrl Pts',(-95.1568651670156,1.60739906794678,-62.5));
#4148=CARTESIAN_POINT('Ctrl Pts',(-95.3725878651826,3.34983769083185,-62.4376968791434));
#4149=CARTESIAN_POINT('Ctrl Pts',(-96.2841813966058,6.69575029418193,-62.1880293474414));
#4150=CARTESIAN_POINT('Ctrl Pts',(-96.9800632469495,8.29933822988651,-62.0022348114571));
#4151=CARTESIAN_POINT('Ctrl Pts',(-98.6409563044444,11.11928462656,-61.5938813927423));
#4152=CARTESIAN_POINT('Ctrl Pts',(-99.6994358651163,12.4726254466641,-61.3488859756473));
#4153=CARTESIAN_POINT('Ctrl Pts',(-102.159701263846,14.8642072889232,-60.8543574640903));
#4154=CARTESIAN_POINT('Ctrl Pts',(-103.561408696854,15.9027044162956,-60.6056732538298));
#4155=CARTESIAN_POINT('Ctrl Pts',(-106.592662096708,17.5810385824077,-60.1759728391785));
#4156=CARTESIAN_POINT('Ctrl Pts',(-108.225904546539,18.2230122967734,-59.9951346229792));
#4157=CARTESIAN_POINT('Ctrl Pts',(-111.58419112665,19.0733410854611,-59.7507016276978));
#4158=CARTESIAN_POINT('Ctrl Pts',(-113.309306294369,19.2815285636279,-59.6875));
#4159=CARTESIAN_POINT('Ctrl Pts',(-116.36256929077,19.2815285636279,-59.6875));
#4160=CARTESIAN_POINT('Ctrl Pts',(-117.767594245981,19.1460651720615,-59.7283985196193));
#4161=CARTESIAN_POINT('Ctrl Pts',(-119.439518525504,18.8048096413443,-59.8277156056247));
#4162=CARTESIAN_POINT('Ctrl Pts',(-119.720267801664,18.7413915400764,-59.8460905572617));
#4163=CARTESIAN_POINT('Ctrl Pts',(-120.,18.67197840143,-59.8660714285714));
#4164=CARTESIAN_POINT('Origin',(-120.,-8.57252759403147E-15,-65.));
#4165=CARTESIAN_POINT('Origin',(-115.,-49.4974746830583,54.4974746830583));
#4166=CARTESIAN_POINT('',(-120.,-63.0955093349175,40.7100364290956));
#4167=CARTESIAN_POINT('',(-120.,-35.7100364290956,68.0955093349175));
#4168=CARTESIAN_POINT('Ctrl Pts',(-120.,-63.0955093349176,40.7100364290956));
#4169=CARTESIAN_POINT('Ctrl Pts',(-119.50369090462,-63.1608839650234,40.5945270094315));
#4170=CARTESIAN_POINT('Ctrl Pts',(-119.003894122766,-63.2160001310838,40.4964198845125));
#4171=CARTESIAN_POINT('Ctrl Pts',(-117.323696534041,-63.3672731702444,40.2262117336789));
#4172=CARTESIAN_POINT('Ctrl Pts',(-116.141347141282,-63.4169129973735,40.1360946305016));
#4173=CARTESIAN_POINT('Ctrl Pts',(-113.858652858718,-63.4169129973735,40.1360946305016));
#4174=CARTESIAN_POINT('Ctrl Pts',(-112.676303465959,-63.3672731702444,40.2262117336789));
#4175=CARTESIAN_POINT('Ctrl Pts',(-110.316202058297,-63.154786427578,40.6057615208131));
#4176=CARTESIAN_POINT('Ctrl Pts',(-109.138436698608,-62.9919366088471,40.8951095945946));
#4177=CARTESIAN_POINT('Ctrl Pts',(-106.867059762266,-62.5523393139428,41.6558020676477));
#4178=CARTESIAN_POINT('Ctrl Pts',(-105.771808206952,-62.2751282555512,42.1275813042773));
#4179=CARTESIAN_POINT('Ctrl Pts',(-103.728943498527,-61.6188564829828,43.2068765859067));
#4180=CARTESIAN_POINT('Ctrl Pts',(-102.781345224702,-61.2395483091044,43.8142703070526));
#4181=CARTESIAN_POINT('Ctrl Pts',(-101.166243782094,-60.4523403819458,45.0279142128183));
#4182=CARTESIAN_POINT('Ctrl Pts',(-100.385059795669,-60.0016751676807,45.7039702815807));
#4183=CARTESIAN_POINT('Ctrl Pts',(-98.9762231349992,-59.0027654380173,47.1389118274145));
#4184=CARTESIAN_POINT('Ctrl Pts',(-98.3484681331902,-58.4539718310527,47.8973145029388));
#4185=CARTESIAN_POINT('Ctrl Pts',(-97.0111969034642,-57.0408371414257,49.7740473088359));
#4186=CARTESIAN_POINT('Ctrl Pts',(-96.3021423256197,-55.986675310272,51.0957551171156));
#4187=CARTESIAN_POINT('Ctrl Pts',(-95.3751060684298,-53.6921049231479,53.7491981830425));
#4188=CARTESIAN_POINT('Ctrl Pts',(-95.1568651670156,-52.4505939431036,55.0798893289457));
#4189=CARTESIAN_POINT('Ctrl Pts',(-95.1568651670156,-50.0798893289457,57.4505939431037));
#4190=CARTESIAN_POINT('Ctrl Pts',(-95.3751060684298,-48.7491981830424,58.6921049231479));
#4191=CARTESIAN_POINT('Ctrl Pts',(-96.3021423256197,-46.0957551171156,60.986675310272));
#4192=CARTESIAN_POINT('Ctrl Pts',(-97.0111969034642,-44.7740473088359,62.0408371414257));
#4193=CARTESIAN_POINT('Ctrl Pts',(-98.3484681331902,-42.8973145029388,63.4539718310527));
#4194=CARTESIAN_POINT('Ctrl Pts',(-98.9762231349992,-42.1389118274145,64.0027654380174));
#4195=CARTESIAN_POINT('Ctrl Pts',(-100.385059795669,-40.7039702815807,65.0016751676807));
#4196=CARTESIAN_POINT('Ctrl Pts',(-101.166243782094,-40.0279142128183,65.4523403819458));
#4197=CARTESIAN_POINT('Ctrl Pts',(-102.781345224702,-38.8142703070526,66.2395483091044));
#4198=CARTESIAN_POINT('Ctrl Pts',(-103.728943498527,-38.2068765859066,66.6188564829828));
#4199=CARTESIAN_POINT('Ctrl Pts',(-105.771808206952,-37.1275813042773,67.2751282555512));
#4200=CARTESIAN_POINT('Ctrl Pts',(-106.867059762266,-36.6558020676477,67.5523393139428));
#4201=CARTESIAN_POINT('Ctrl Pts',(-109.138436698608,-35.8951095945946,67.9919366088471));
#4202=CARTESIAN_POINT('Ctrl Pts',(-110.316202058297,-35.6057615208131,68.154786427578));
#4203=CARTESIAN_POINT('Ctrl Pts',(-112.676303465959,-35.2262117336789,68.3672731702444));
#4204=CARTESIAN_POINT('Ctrl Pts',(-113.858652858718,-35.1360946305016,68.4169129973735));
#4205=CARTESIAN_POINT('Ctrl Pts',(-116.141347141282,-35.1360946305016,68.4169129973735));
#4206=CARTESIAN_POINT('Ctrl Pts',(-117.323696534041,-35.2262117336789,68.3672731702444));
#4207=CARTESIAN_POINT('Ctrl Pts',(-119.003894122766,-35.4964198845125,68.2160001310838));
#4208=CARTESIAN_POINT('Ctrl Pts',(-119.50369090462,-35.5945270094315,68.1608839650234));
#4209=CARTESIAN_POINT('Ctrl Pts',(-120.,-35.7100364290956,68.0955093349175));
#4210=CARTESIAN_POINT('',(-120.,-32.6641564302539,64.0703215218937));
#4211=CARTESIAN_POINT('Origin',(-120.,-49.4974746830583,54.4974746830583));
#4212=CARTESIAN_POINT('',(-120.,-59.0703215218937,37.6641564302539));
#4213=CARTESIAN_POINT('Ctrl Pts',(-120.,-32.6641564302539,64.0703215218937));
#4214=CARTESIAN_POINT('Ctrl Pts',(-119.720267801664,-32.6009453196164,64.105275413337));
#4215=CARTESIAN_POINT('Ctrl Pts',(-119.439518525504,-32.5431088972535,64.1371257298869));
#4216=CARTESIAN_POINT('Ctrl Pts',(-117.767594245981,-32.2315770123638,64.3082020447724));
#4217=CARTESIAN_POINT('Ctrl Pts',(-116.36256929077,-32.1068703090214,64.3750695069882));
#4218=CARTESIAN_POINT('Ctrl Pts',(-113.309306294369,-32.1068703090214,64.3750695069882));
#4219=CARTESIAN_POINT('Ctrl Pts',(-111.58419112665,-32.2987713861184,64.2725490289455));
#4220=CARTESIAN_POINT('Ctrl Pts',(-108.225904546539,-33.0728848673469,63.8441160047354));
#4221=CARTESIAN_POINT('Ctrl Pts',(-106.592662096708,-33.6547007630905,63.5180439669362));
#4222=CARTESIAN_POINT('Ctrl Pts',(-103.561408696854,-35.1453063101241,62.6351265740599));
#4223=CARTESIAN_POINT('Ctrl Pts',(-102.159701263846,-36.0554809625811,62.0766445045012));
#4224=CARTESIAN_POINT('Ctrl Pts',(-99.6994358651162,-38.0962691650172,60.7352252300893));
#4225=CARTESIAN_POINT('Ctrl Pts',(-98.6409563044444,-39.2264635569568,59.9515066797247));
#4226=CARTESIAN_POINT('Ctrl Pts',(-96.9800632469495,-41.5092162481212,58.2462529315482));
#4227=CARTESIAN_POINT('Ctrl Pts',(-96.2841813966058,-42.7745007279887,57.2437216042844));
#4228=CARTESIAN_POINT('Ctrl Pts',(-95.3725878651826,-45.3169598237837,55.0543457179067));
#4229=CARTESIAN_POINT('Ctrl Pts',(-95.1568651670156,-46.5931049490738,53.8663105111101));
#4230=CARTESIAN_POINT('Ctrl Pts',(-95.1568651670156,-48.8663105111101,51.5931049490738));
#4231=CARTESIAN_POINT('Ctrl Pts',(-95.3725878651826,-50.0543457179067,50.3169598237837));
#4232=CARTESIAN_POINT('Ctrl Pts',(-96.2841813966058,-52.2437216042844,47.7745007279887));
#4233=CARTESIAN_POINT('Ctrl Pts',(-96.9800632469495,-53.2462529315482,46.5092162481212));
#4234=CARTESIAN_POINT('Ctrl Pts',(-98.6409563044444,-54.9515066797247,44.2264635569568));
#4235=CARTESIAN_POINT('Ctrl Pts',(-99.6994358651163,-55.7352252300893,43.0962691650171));
#4236=CARTESIAN_POINT('Ctrl Pts',(-102.159701263846,-57.0766445045013,41.0554809625811));
#4237=CARTESIAN_POINT('Ctrl Pts',(-103.561408696854,-57.6351265740599,40.1453063101241));
#4238=CARTESIAN_POINT('Ctrl Pts',(-106.592662096708,-58.5180439669361,38.6547007630906));
#4239=CARTESIAN_POINT('Ctrl Pts',(-108.225904546539,-58.8441160047354,38.0728848673469));
#4240=CARTESIAN_POINT('Ctrl Pts',(-111.58419112665,-59.2725490289455,37.2987713861184));
#4241=CARTESIAN_POINT('Ctrl Pts',(-113.309306294369,-59.3750695069882,37.1068703090214));
#4242=CARTESIAN_POINT('Ctrl Pts',(-116.36256929077,-59.3750695069882,37.1068703090214));
#4243=CARTESIAN_POINT('Ctrl Pts',(-117.767594245981,-59.3082020447724,37.2315770123638));
#4244=CARTESIAN_POINT('Ctrl Pts',(-119.439518525504,-59.1371257298869,37.5431088972535));
#4245=CARTESIAN_POINT('Ctrl Pts',(-119.720267801664,-59.1052754133369,37.6009453196164));
#4246=CARTESIAN_POINT('Ctrl Pts',(-120.,-59.0703215218937,37.6641564302539));
#4247=CARTESIAN_POINT('Origin',(-120.,-49.4974746830583,54.4974746830583));
#4248=CARTESIAN_POINT('Origin',(-115.,-49.4974746830583,-44.4974746830583));
#4249=CARTESIAN_POINT('',(-120.,-35.7100364290956,-58.0955093349175));
#4250=CARTESIAN_POINT('',(-120.,-63.0955093349175,-30.7100364290956));
#4251=CARTESIAN_POINT('Ctrl Pts',(-120.,-35.7100364290956,-58.0955093349175));
#4252=CARTESIAN_POINT('Ctrl Pts',(-119.50369090462,-35.5945270094315,-58.1608839650233));
#4253=CARTESIAN_POINT('Ctrl Pts',(-119.003894122766,-35.4964198845125,-58.2160001310838));
#4254=CARTESIAN_POINT('Ctrl Pts',(-117.323696534041,-35.2262117336789,-58.3672731702444));
#4255=CARTESIAN_POINT('Ctrl Pts',(-116.141347141282,-35.1360946305016,-58.4169129973735));
#4256=CARTESIAN_POINT('Ctrl Pts',(-113.858652858718,-35.1360946305016,-58.4169129973735));
#4257=CARTESIAN_POINT('Ctrl Pts',(-112.676303465959,-35.2262117336789,-58.3672731702444));
#4258=CARTESIAN_POINT('Ctrl Pts',(-110.316202058297,-35.6057615208131,-58.154786427578));
#4259=CARTESIAN_POINT('Ctrl Pts',(-109.138436698608,-35.8951095945946,-57.9919366088471));
#4260=CARTESIAN_POINT('Ctrl Pts',(-106.867059762267,-36.6558020676477,-57.5523393139428));
#4261=CARTESIAN_POINT('Ctrl Pts',(-105.771808206952,-37.1275813042773,-57.2751282555512));
#4262=CARTESIAN_POINT('Ctrl Pts',(-103.728943498527,-38.2068765859066,-56.6188564829828));
#4263=CARTESIAN_POINT('Ctrl Pts',(-102.781345224702,-38.8142703070526,-56.2395483091044));
#4264=CARTESIAN_POINT('Ctrl Pts',(-101.166243782094,-40.0279142128183,-55.4523403819458));
#4265=CARTESIAN_POINT('Ctrl Pts',(-100.385059795669,-40.7039702815807,-55.0016751676807));
#4266=CARTESIAN_POINT('Ctrl Pts',(-98.9762231349992,-42.1389118274145,-54.0027654380174));
#4267=CARTESIAN_POINT('Ctrl Pts',(-98.3484681331902,-42.8973145029388,-53.4539718310527));
#4268=CARTESIAN_POINT('Ctrl Pts',(-97.0111969034642,-44.7740473088359,-52.0408371414257));
#4269=CARTESIAN_POINT('Ctrl Pts',(-96.3021423256197,-46.0957551171156,-50.986675310272));
#4270=CARTESIAN_POINT('Ctrl Pts',(-95.3751060684298,-48.7491981830424,-48.6921049231479));
#4271=CARTESIAN_POINT('Ctrl Pts',(-95.1568651670156,-50.0798893289457,-47.4505939431037));
#4272=CARTESIAN_POINT('Ctrl Pts',(-95.1568651670156,-52.4505939431037,-45.0798893289457));
#4273=CARTESIAN_POINT('Ctrl Pts',(-95.3751060684298,-53.6921049231479,-43.7491981830424));
#4274=CARTESIAN_POINT('Ctrl Pts',(-96.3021423256197,-55.986675310272,-41.0957551171156));
#4275=CARTESIAN_POINT('Ctrl Pts',(-97.0111969034642,-57.0408371414257,-39.7740473088359));
#4276=CARTESIAN_POINT('Ctrl Pts',(-98.3484681331902,-58.4539718310527,-37.8973145029388));
#4277=CARTESIAN_POINT('Ctrl Pts',(-98.9762231349992,-59.0027654380174,-37.1389118274145));
#4278=CARTESIAN_POINT('Ctrl Pts',(-100.385059795669,-60.0016751676807,-35.7039702815807));
#4279=CARTESIAN_POINT('Ctrl Pts',(-101.166243782094,-60.4523403819458,-35.0279142128183));
#4280=CARTESIAN_POINT('Ctrl Pts',(-102.781345224702,-61.2395483091044,-33.8142703070526));
#4281=CARTESIAN_POINT('Ctrl Pts',(-103.728943498527,-61.6188564829828,-33.2068765859066));
#4282=CARTESIAN_POINT('Ctrl Pts',(-105.771808206952,-62.2751282555512,-32.1275813042773));
#4283=CARTESIAN_POINT('Ctrl Pts',(-106.867059762266,-62.5523393139428,-31.6558020676477));
#4284=CARTESIAN_POINT('Ctrl Pts',(-109.138436698608,-62.9919366088471,-30.8951095945946));
#4285=CARTESIAN_POINT('Ctrl Pts',(-110.316202058297,-63.154786427578,-30.6057615208131));
#4286=CARTESIAN_POINT('Ctrl Pts',(-112.676303465959,-63.3672731702444,-30.2262117336789));
#4287=CARTESIAN_POINT('Ctrl Pts',(-113.858652858718,-63.4169129973735,-30.1360946305016));
#4288=CARTESIAN_POINT('Ctrl Pts',(-116.141347141282,-63.4169129973735,-30.1360946305016));
#4289=CARTESIAN_POINT('Ctrl Pts',(-117.323696534041,-63.3672731702444,-30.2262117336789));
#4290=CARTESIAN_POINT('Ctrl Pts',(-119.003894122766,-63.2160001310838,-30.4964198845125));
#4291=CARTESIAN_POINT('Ctrl Pts',(-119.50369090462,-63.1608839650234,-30.5945270094315));
#4292=CARTESIAN_POINT('Ctrl Pts',(-120.,-63.0955093349175,-30.7100364290956));
#4293=CARTESIAN_POINT('',(-120.,-59.0703215218937,-27.6641564302539));
#4294=CARTESIAN_POINT('Origin',(-120.,-49.4974746830583,-44.4974746830583));
#4295=CARTESIAN_POINT('',(-120.,-32.6641564302539,-54.0703215218937));
#4296=CARTESIAN_POINT('Ctrl Pts',(-120.,-59.0703215218937,-27.6641564302539));
#4297=CARTESIAN_POINT('Ctrl Pts',(-119.71980299349,-59.1053334933669,-27.6008402868705));
#4298=CARTESIAN_POINT('Ctrl Pts',(-119.438585699701,-59.1372315413469,-27.5429167610728));
#4299=CARTESIAN_POINT('Ctrl Pts',(-117.766634341302,-59.3082489924566,-27.2314888101243));
#4300=CARTESIAN_POINT('Ctrl Pts',(-116.362087374561,-59.3750695069882,-27.1068703090214));
#4301=CARTESIAN_POINT('Ctrl Pts',(-113.309306294369,-59.3750695069882,-27.1068703090214));
#4302=CARTESIAN_POINT('Ctrl Pts',(-111.58419112665,-59.2725490289455,-27.2987713861184));
#4303=CARTESIAN_POINT('Ctrl Pts',(-108.225904546539,-58.8441160047354,-28.0728848673468));
#4304=CARTESIAN_POINT('Ctrl Pts',(-106.592662096708,-58.5180439669362,-28.6547007630905));
#4305=CARTESIAN_POINT('Ctrl Pts',(-103.561408696854,-57.6351265740599,-30.1453063101241));
#4306=CARTESIAN_POINT('Ctrl Pts',(-102.159701263846,-57.0766445045013,-31.0554809625811));
#4307=CARTESIAN_POINT('Ctrl Pts',(-99.6994358651163,-55.7352252300893,-33.0962691650171));
#4308=CARTESIAN_POINT('Ctrl Pts',(-98.6409563044444,-54.9515066797247,-34.2264635569568));
#4309=CARTESIAN_POINT('Ctrl Pts',(-96.9800632469495,-53.2462529315482,-36.5092162481212));
#4310=CARTESIAN_POINT('Ctrl Pts',(-96.2841813966058,-52.2437216042844,-37.7745007279887));
#4311=CARTESIAN_POINT('Ctrl Pts',(-95.3725878651826,-50.0543457179067,-40.3169598237837));
#4312=CARTESIAN_POINT('Ctrl Pts',(-95.1568651670156,-48.8663105111101,-41.5931049490738));
#4313=CARTESIAN_POINT('Ctrl Pts',(-95.1568651670156,-46.5931049490738,-43.8663105111101));
#4314=CARTESIAN_POINT('Ctrl Pts',(-95.3725878651826,-45.3169598237837,-45.0543457179067));
#4315=CARTESIAN_POINT('Ctrl Pts',(-96.2841813966058,-42.7745007279887,-47.2437216042844));
#4316=CARTESIAN_POINT('Ctrl Pts',(-96.9800632469495,-41.5092162481212,-48.2462529315482));
#4317=CARTESIAN_POINT('Ctrl Pts',(-98.6409563044444,-39.2264635569568,-49.9515066797247));
#4318=CARTESIAN_POINT('Ctrl Pts',(-99.6994358651163,-38.0962691650172,-50.7352252300893));
#4319=CARTESIAN_POINT('Ctrl Pts',(-102.159701263846,-36.0554809625811,-52.0766445045013));
#4320=CARTESIAN_POINT('Ctrl Pts',(-103.561408696854,-35.1453063101241,-52.6351265740599));
#4321=CARTESIAN_POINT('Ctrl Pts',(-106.592662096708,-33.6547007630906,-53.5180439669362));
#4322=CARTESIAN_POINT('Ctrl Pts',(-108.225904546539,-33.0728848673469,-53.8441160047354));
#4323=CARTESIAN_POINT('Ctrl Pts',(-111.58419112665,-32.2987713861184,-54.2725490289455));
#4324=CARTESIAN_POINT('Ctrl Pts',(-113.309306294369,-32.1068703090214,-54.3750695069882));
#4325=CARTESIAN_POINT('Ctrl Pts',(-116.362087374561,-32.1068703090214,-54.3750695069882));
#4326=CARTESIAN_POINT('Ctrl Pts',(-117.766634341302,-32.2314888101243,-54.3082489924566));
#4327=CARTESIAN_POINT('Ctrl Pts',(-119.438585699701,-32.5429167610728,-54.1372315413469));
#4328=CARTESIAN_POINT('Ctrl Pts',(-119.71980299349,-32.6008402868705,-54.1053334933669));
#4329=CARTESIAN_POINT('Ctrl Pts',(-120.,-32.6641564302539,-54.0703215218937));
#4330=CARTESIAN_POINT('Origin',(-120.,-49.4974746830583,-44.4974746830583));
#4331=CARTESIAN_POINT('Origin',(-125.,-49.4974746830583,-44.4974746830583));
#4332=CARTESIAN_POINT('',(-145.,-57.2057258738299,-39.5393637948301));
#4333=CARTESIAN_POINT('',(-145.,-53.4470351807874,-36.2269866760071));
#4334=CARTESIAN_POINT('Origin',(-145.,-49.4974746830583,-44.4974746830583));
#4335=CARTESIAN_POINT('',(-122.,-64.2970558906471,-28.4983373288137));
#4336=CARTESIAN_POINT('Ctrl Pts',(-122.,-64.2970558906471,-28.4983373288137));
#4337=CARTESIAN_POINT('Ctrl Pts',(-123.015614711796,-64.3640070034959,-28.3698306688407));
#4338=CARTESIAN_POINT('Ctrl Pts',(-124.02459141761,-64.3952018784549,-28.3092776119963));
#4339=CARTESIAN_POINT('Ctrl Pts',(-126.257245595194,-64.3952018784549,-28.3092776119963));
#4340=CARTESIAN_POINT('Ctrl Pts',(-127.559563631238,-64.343292778931,-28.4103020669334));
#4341=CARTESIAN_POINT('Ctrl Pts',(-130.158943423549,-64.1206665830129,-28.8355985148331));
#4342=CARTESIAN_POINT('Ctrl Pts',(-131.456020009704,-63.949938619497,-29.15977417447));
#4343=CARTESIAN_POINT('Ctrl Pts',(-133.95733097964,-63.487598951265,-30.0115639497901));
#4344=CARTESIAN_POINT('Ctrl Pts',(-135.163378496922,-63.1954704258402,-30.5396600074288));
#4345=CARTESIAN_POINT('Ctrl Pts',(-137.412844741742,-62.5011609011845,-31.746969966848));
#4346=CARTESIAN_POINT('Ctrl Pts',(-138.456250106343,-62.0986798976896,-32.4260362144694));
#4347=CARTESIAN_POINT('Ctrl Pts',(-140.235610533702,-61.2596037066819,-33.7824988457847));
#4348=CARTESIAN_POINT('Ctrl Pts',(-141.096681531801,-60.7775896649785,-34.5381370807807));
#4349=CARTESIAN_POINT('Ctrl Pts',(-142.649571344933,-59.7046154599038,-36.1404737664927));
#4350=CARTESIAN_POINT('Ctrl Pts',(-143.341512410269,-59.112977541384,-36.9865997685173));
#4351=CARTESIAN_POINT('Ctrl Pts',(-144.295087275127,-58.1239429226458,-38.339773301888));
#4352=CARTESIAN_POINT('Ctrl Pts',(-144.66619508522,-57.680002575456,-38.9302095395843));
#4353=CARTESIAN_POINT('Ctrl Pts',(-145.,-57.2057258738299,-39.5393637948301));
#4354=CARTESIAN_POINT('',(-122.,-60.2080104341964,-25.516314973399));
#4355=CARTESIAN_POINT('Origin',(-122.,-49.4974746830583,-44.4974746830583));
#4356=CARTESIAN_POINT('Ctrl Pts',(-145.,-53.4470351807874,-36.2269866760071));
#4357=CARTESIAN_POINT('Ctrl Pts',(-144.681334922763,-53.8814354523257,-35.6638262690166));
#4358=CARTESIAN_POINT('Ctrl Pts',(-144.329351306742,-54.2880564875085,-35.1181291026021));
#4359=CARTESIAN_POINT('Ctrl Pts',(-143.019561362869,-55.6070675589194,-33.2974688598369));
#4360=CARTESIAN_POINT('Ctrl Pts',(-141.853845179717,-56.4480798336795,-32.0361542119428));
#4361=CARTESIAN_POINT('Ctrl Pts',(-139.144541424961,-57.8799511198601,-29.7559159510388));
#4362=CARTESIAN_POINT('Ctrl Pts',(-137.601015122098,-58.4717401961997,-28.7375036969548));
#4363=CARTESIAN_POINT('Ctrl Pts',(-134.26265320389,-59.403546684712,-27.0683983388274));
#4364=CARTESIAN_POINT('Ctrl Pts',(-132.46373429771,-59.7453966752761,-26.416178214157));
#4365=CARTESIAN_POINT('Ctrl Pts',(-128.764091255051,-60.1938765829464,-25.5480915732731));
#4366=CARTESIAN_POINT('Ctrl Pts',(-126.863289365387,-60.3007364010276,-25.3326752775581));
#4367=CARTESIAN_POINT('Ctrl Pts',(-124.025498672629,-60.3007364010276,-25.3326752775581));
#4368=CARTESIAN_POINT('Ctrl Pts',(-123.016603750653,-60.271337156697,-25.391372758967));
#4369=CARTESIAN_POINT('Ctrl Pts',(-122.,-60.2080104341964,-25.516314973399));
#4370=CARTESIAN_POINT('Origin',(-125.,-70.,5.));
#4371=CARTESIAN_POINT('',(-145.,-66.9446428571428,-3.64087916415872));
#4372=CARTESIAN_POINT('',(-145.,-71.9446428571429,-3.95647051902493));
#4373=CARTESIAN_POINT('Origin',(-145.,-70.,5.));
#4374=CARTESIAN_POINT('',(-122.,-64.1517857142857,-15.9951992052556));
#4375=CARTESIAN_POINT('Ctrl Pts',(-122.,-64.1517857142857,-15.9951992052556));
#4376=CARTESIAN_POINT('Ctrl Pts',(-123.016603750653,-64.1082169821149,-16.1283254472475));
#4377=CARTESIAN_POINT('Ctrl Pts',(-124.025498672629,-64.0875,-16.1906192394182));
#4378=CARTESIAN_POINT('Ctrl Pts',(-126.863289365387,-64.0875,-16.1906192394182));
#4379=CARTESIAN_POINT('Ctrl Pts',(-128.764091255051,-64.1642610214766,-15.9627356139385));
#4380=CARTESIAN_POINT('Ctrl Pts',(-132.46373429771,-64.4609677879634,-15.0317824795725));
#4381=CARTESIAN_POINT('Ctrl Pts',(-134.26265320389,-64.6804326144677,-14.3288687601152));
#4382=CARTESIAN_POINT('Ctrl Pts',(-137.601015122098,-65.2017816449338,-12.4897463560879));
#4383=CARTESIAN_POINT('Ctrl Pts',(-139.144541424961,-65.5034497869282,-11.3511620762698));
#4384=CARTESIAN_POINT('Ctrl Pts',(-141.853845179717,-66.1033358276899,-8.72630424301894));
#4385=CARTESIAN_POINT('Ctrl Pts',(-143.019561362869,-66.4005344858817,-7.23973461973909));
#4386=CARTESIAN_POINT('Ctrl Pts',(-144.329351306742,-66.7552540167229,-5.0196517427883));
#4387=CARTESIAN_POINT('Ctrl Pts',(-144.681334922763,-66.8535956922181,-4.3462610845915));
#4388=CARTESIAN_POINT('Ctrl Pts',(-145.,-66.9446428571428,-3.64087916415873));
#4389=CARTESIAN_POINT('',(-122.,-69.1517857142857,-16.7779827469284));
#4390=CARTESIAN_POINT('Origin',(-122.,-70.,5.));
#4391=CARTESIAN_POINT('Ctrl Pts',(-145.,-71.9446428571429,-3.95647051902493));
#4392=CARTESIAN_POINT('Ctrl Pts',(-144.66619508522,-71.8492700243484,-4.72257189557649));
#4393=CARTESIAN_POINT('Ctrl Pts',(-144.295087275126,-71.7456817867553,-5.45398659304997));
#4394=CARTESIAN_POINT('Ctrl Pts',(-143.341512410269,-71.4881966909248,-7.11017786035659));
#4395=CARTESIAN_POINT('Ctrl Pts',(-142.649571344933,-71.3082464413474,-8.12683047831893));
#4396=CARTESIAN_POINT('Ctrl Pts',(-141.096681531801,-70.933930641583,-10.0185609509765));
#4397=CARTESIAN_POINT('Ctrl Pts',(-140.235610533702,-70.7404491190092,-10.8937132685815));
#4398=CARTESIAN_POINT('Ctrl Pts',(-138.456250106343,-70.3746016585737,-12.4461936582044));
#4399=CARTESIAN_POINT('Ctrl Pts',(-137.412844741742,-70.1790263568757,-13.2109630536425));
#4400=CARTESIAN_POINT('Ctrl Pts',(-135.163378496922,-69.8162802707028,-14.5556110860682));
#4401=CARTESIAN_POINT('Ctrl Pts',(-133.95733097964,-69.6494260285345,-15.1355974508484));
#4402=CARTESIAN_POINT('Ctrl Pts',(-131.456020009704,-69.3740432168787,-16.0648272917409));
#4403=CARTESIAN_POINT('Ctrl Pts',(-130.158943423549,-69.265539310394,-16.4147769997061));
#4404=CARTESIAN_POINT('Ctrl Pts',(-127.559563631238,-69.1222298008731,-16.872927494834));
#4405=CARTESIAN_POINT('Ctrl Pts',(-126.257245595194,-69.0875,-16.9810678482643));
#4406=CARTESIAN_POINT('Ctrl Pts',(-124.02459141761,-69.0875,-16.9810678482643));
#4407=CARTESIAN_POINT('Ctrl Pts',(-123.015614711796,-69.1082593694944,-16.9161922635263));
#4408=CARTESIAN_POINT('Ctrl Pts',(-122.,-69.1517857142857,-16.7779827469284));
#4409=CARTESIAN_POINT('Origin',(-122.,0.,5.));
#4410=CARTESIAN_POINT('Origin',(-122.,0.,5.));
#4411=CARTESIAN_POINT('Origin',(-122.,0.,5.));
#4412=CARTESIAN_POINT('Origin',(-120.,0.,5.));
#4413=CARTESIAN_POINT('',(-145.,-67.5,5.00000000000001));
#4414=CARTESIAN_POINT('Origin',(-145.,0.,5.));
#4415=CARTESIAN_POINT('',(-144.843134832984,-67.5,5.));
#4416=CARTESIAN_POINT('',(-120.,-67.5,5.00000000000001));
#4417=CARTESIAN_POINT('Ctrl Pts',(-144.843134832984,-67.5,4.99999999999999));
#4418=CARTESIAN_POINT('Ctrl Pts',(-144.843134832984,-67.5,3.3926009320532));
#4419=CARTESIAN_POINT('Ctrl Pts',(-144.627412134817,-67.4376968791434,1.65016230916814));
#4420=CARTESIAN_POINT('Ctrl Pts',(-143.715818603394,-67.1880293474414,-1.69575029418194));
#4421=CARTESIAN_POINT('Ctrl Pts',(-143.019936753051,-67.0022348114571,-3.29933822988653));
#4422=CARTESIAN_POINT('Ctrl Pts',(-141.359043695556,-66.5938813927423,-6.11928462656006));
#4423=CARTESIAN_POINT('Ctrl Pts',(-140.300564134884,-66.3488859756473,-7.4726254466641));
#4424=CARTESIAN_POINT('Ctrl Pts',(-137.840298736154,-65.8543574640903,-9.86420728892317));
#4425=CARTESIAN_POINT('Ctrl Pts',(-136.438591303146,-65.6056732538298,-10.9027044162956));
#4426=CARTESIAN_POINT('Ctrl Pts',(-133.407337903292,-65.1759728391785,-12.5810385824077));
#4427=CARTESIAN_POINT('Ctrl Pts',(-131.774095453461,-64.9951346229792,-13.2230122967734));
#4428=CARTESIAN_POINT('Ctrl Pts',(-128.41580887335,-64.7507016276978,-14.0733410854611));
#4429=CARTESIAN_POINT('Ctrl Pts',(-126.690693705631,-64.6875,-14.2815285636279));
#4430=CARTESIAN_POINT('Ctrl Pts',(-123.63743070923,-64.6875,-14.2815285636279));
#4431=CARTESIAN_POINT('Ctrl Pts',(-122.232405754019,-64.7283985196193,-14.1460651720616));
#4432=CARTESIAN_POINT('Ctrl Pts',(-120.560481474496,-64.8277156056247,-13.8048096413443));
#4433=CARTESIAN_POINT('Ctrl Pts',(-120.279732198336,-64.8460905572617,-13.7413915400764));
#4434=CARTESIAN_POINT('Ctrl Pts',(-120.,-64.8660714285714,-13.67197840143));
#4435=CARTESIAN_POINT('',(-120.,-67.5,5.00000000000001));
#4436=CARTESIAN_POINT('Ctrl Pts',(-120.,-64.8660714285714,23.67197840143));
#4437=CARTESIAN_POINT('Ctrl Pts',(-120.279732198336,-64.8460905572617,23.7413915400765));
#4438=CARTESIAN_POINT('Ctrl Pts',(-120.560481474496,-64.8277156056247,23.8048096413443));
#4439=CARTESIAN_POINT('Ctrl Pts',(-122.232405754019,-64.7283985196193,24.1460651720616));
#4440=CARTESIAN_POINT('Ctrl Pts',(-123.63743070923,-64.6875,24.2815285636279));
#4441=CARTESIAN_POINT('Ctrl Pts',(-126.690693705631,-64.6875,24.2815285636279));
#4442=CARTESIAN_POINT('Ctrl Pts',(-128.41580887335,-64.7507016276978,24.0733410854611));
#4443=CARTESIAN_POINT('Ctrl Pts',(-131.774095453461,-64.9951346229792,23.2230122967734));
#4444=CARTESIAN_POINT('Ctrl Pts',(-133.407337903292,-65.1759728391785,22.5810385824077));
#4445=CARTESIAN_POINT('Ctrl Pts',(-136.438591303146,-65.6056732538298,20.9027044162956));
#4446=CARTESIAN_POINT('Ctrl Pts',(-137.840298736154,-65.8543574640903,19.8642072889232));
#4447=CARTESIAN_POINT('Ctrl Pts',(-140.300564134884,-66.3488859756473,17.4726254466641));
#4448=CARTESIAN_POINT('Ctrl Pts',(-141.359043695556,-66.5938813927423,16.11928462656));
#4449=CARTESIAN_POINT('Ctrl Pts',(-143.019936753051,-67.0022348114571,13.2993382298865));
#4450=CARTESIAN_POINT('Ctrl Pts',(-143.715818603394,-67.1880293474414,11.6957502941819));
#4451=CARTESIAN_POINT('Ctrl Pts',(-144.627412134817,-67.4376968791434,8.34983769083185));
#4452=CARTESIAN_POINT('Ctrl Pts',(-144.843134832984,-67.5,6.60739906794678));
#4453=CARTESIAN_POINT('Ctrl Pts',(-144.843134832984,-67.5,4.99999999999999));
#4454=CARTESIAN_POINT('',(-145.,-66.9446428571428,13.6408791641587));
#4455=CARTESIAN_POINT('Origin',(-145.,0.,5.));
#4456=CARTESIAN_POINT('',(-122.,-64.1517857142857,25.9951992052556));
#4457=CARTESIAN_POINT('Ctrl Pts',(-145.,-66.9446428571428,13.6408791641587));
#4458=CARTESIAN_POINT('Ctrl Pts',(-144.681334922763,-66.8535956922181,14.3462610845915));
#4459=CARTESIAN_POINT('Ctrl Pts',(-144.329351306742,-66.7552540167229,15.0196517427883));
#4460=CARTESIAN_POINT('Ctrl Pts',(-143.019561362869,-66.4005344858817,17.2397346197391));
#4461=CARTESIAN_POINT('Ctrl Pts',(-141.853845179717,-66.1033358276899,18.7263042430189));
#4462=CARTESIAN_POINT('Ctrl Pts',(-139.144541424961,-65.5034497869282,21.3511620762698));
#4463=CARTESIAN_POINT('Ctrl Pts',(-137.601015122098,-65.2017816449338,22.4897463560879));
#4464=CARTESIAN_POINT('Ctrl Pts',(-134.26265320389,-64.6804326144677,24.3288687601153));
#4465=CARTESIAN_POINT('Ctrl Pts',(-132.46373429771,-64.4609677879634,25.0317824795725));
#4466=CARTESIAN_POINT('Ctrl Pts',(-128.764091255051,-64.1642610214766,25.9627356139385));
#4467=CARTESIAN_POINT('Ctrl Pts',(-126.863289365387,-64.0875,26.1906192394182));
#4468=CARTESIAN_POINT('Ctrl Pts',(-124.025498672629,-64.0875,26.1906192394182));
#4469=CARTESIAN_POINT('Ctrl Pts',(-123.016603750653,-64.1082169821149,26.1283254472475));
#4470=CARTESIAN_POINT('Ctrl Pts',(-122.,-64.1517857142857,25.9951992052556));
#4471=CARTESIAN_POINT('',(-122.,-60.2080104341964,35.516314973399));
#4472=CARTESIAN_POINT('Origin',(-122.,0.,5.));
#4473=CARTESIAN_POINT('',(-145.,-53.4470351807875,46.2269866760071));
#4474=CARTESIAN_POINT('Ctrl Pts',(-122.,-60.2080104341964,35.516314973399));
#4475=CARTESIAN_POINT('Ctrl Pts',(-123.016603750653,-60.271337156697,35.391372758967));
#4476=CARTESIAN_POINT('Ctrl Pts',(-124.025498672629,-60.3007364010276,35.3326752775581));
#4477=CARTESIAN_POINT('Ctrl Pts',(-126.863289365387,-60.3007364010276,35.3326752775581));
#4478=CARTESIAN_POINT('Ctrl Pts',(-128.764091255051,-60.1938765829464,35.5480915732731));
#4479=CARTESIAN_POINT('Ctrl Pts',(-132.46373429771,-59.7453966752761,36.416178214157));
#4480=CARTESIAN_POINT('Ctrl Pts',(-134.26265320389,-59.403546684712,37.0683983388274));
#4481=CARTESIAN_POINT('Ctrl Pts',(-137.601015122098,-58.4717401961997,38.7375036969548));
#4482=CARTESIAN_POINT('Ctrl Pts',(-139.144541424961,-57.8799511198601,39.7559159510388));
#4483=CARTESIAN_POINT('Ctrl Pts',(-141.853845179717,-56.4480798336795,42.0361542119428));
#4484=CARTESIAN_POINT('Ctrl Pts',(-143.019561362869,-55.6070675589194,43.2974688598369));
#4485=CARTESIAN_POINT('Ctrl Pts',(-144.329351306742,-54.2880564875085,45.1181291026021));
#4486=CARTESIAN_POINT('Ctrl Pts',(-144.681334922763,-53.8814354523258,45.6638262690166));
#4487=CARTESIAN_POINT('Ctrl Pts',(-145.,-53.4470351807875,46.2269866760071));
#4488=CARTESIAN_POINT('',(-145.,-41.2269866760071,58.4470351807874));
#4489=CARTESIAN_POINT('Origin',(-145.,0.,5.));
#4490=CARTESIAN_POINT('',(-122.,-30.516314973399,65.2080104341964));
#4491=CARTESIAN_POINT('Ctrl Pts',(-145.,-41.2269866760071,58.4470351807874));
#4492=CARTESIAN_POINT('Ctrl Pts',(-144.681334922763,-40.6638262690166,58.8814354523257));
#4493=CARTESIAN_POINT('Ctrl Pts',(-144.329351306742,-40.1181291026021,59.2880564875085));
#4494=CARTESIAN_POINT('Ctrl Pts',(-143.019561362869,-38.2974688598369,60.6070675589195));
#4495=CARTESIAN_POINT('Ctrl Pts',(-141.853845179717,-37.0361542119428,61.4480798336795));
#4496=CARTESIAN_POINT('Ctrl Pts',(-139.144541424961,-34.7559159510388,62.8799511198601));
#4497=CARTESIAN_POINT('Ctrl Pts',(-137.601015122098,-33.7375036969548,63.4717401961997));
#4498=CARTESIAN_POINT('Ctrl Pts',(-134.26265320389,-32.0683983388274,64.403546684712));
#4499=CARTESIAN_POINT('Ctrl Pts',(-132.46373429771,-31.416178214157,64.7453966752761));
#4500=CARTESIAN_POINT('Ctrl Pts',(-128.764091255051,-30.5480915732731,65.1938765829464));
#4501=CARTESIAN_POINT('Ctrl Pts',(-126.863289365387,-30.3326752775581,65.3007364010276));
#4502=CARTESIAN_POINT('Ctrl Pts',(-124.025498672629,-30.3326752775581,65.3007364010276));
#4503=CARTESIAN_POINT('Ctrl Pts',(-123.016603750653,-30.391372758967,65.271337156697));
#4504=CARTESIAN_POINT('Ctrl Pts',(-122.,-30.516314973399,65.2080104341964));
#4505=CARTESIAN_POINT('',(-122.,-20.9951992052556,69.1517857142857));
#4506=CARTESIAN_POINT('Origin',(-122.,0.,5.));
#4507=CARTESIAN_POINT('',(-145.,-8.64087916415872,71.9446428571428));
#4508=CARTESIAN_POINT('Ctrl Pts',(-122.,-20.9951992052556,69.1517857142857));
#4509=CARTESIAN_POINT('Ctrl Pts',(-123.016603750653,-21.1283254472475,69.1082169821149));
#4510=CARTESIAN_POINT('Ctrl Pts',(-124.025498672629,-21.1906192394182,69.0875));
#4511=CARTESIAN_POINT('Ctrl Pts',(-126.863289365387,-21.1906192394182,69.0875));
#4512=CARTESIAN_POINT('Ctrl Pts',(-128.764091255051,-20.9627356139385,69.1642610214766));
#4513=CARTESIAN_POINT('Ctrl Pts',(-132.46373429771,-20.0317824795725,69.4609677879634));
#4514=CARTESIAN_POINT('Ctrl Pts',(-134.26265320389,-19.3288687601153,69.6804326144677));
#4515=CARTESIAN_POINT('Ctrl Pts',(-137.601015122098,-17.4897463560879,70.2017816449338));
#4516=CARTESIAN_POINT('Ctrl Pts',(-139.144541424961,-16.3511620762698,70.5034497869282));
#4517=CARTESIAN_POINT('Ctrl Pts',(-141.853845179717,-13.7263042430189,71.1033358276899));
#4518=CARTESIAN_POINT('Ctrl Pts',(-143.019561362869,-12.2397346197391,71.4005344858817));
#4519=CARTESIAN_POINT('Ctrl Pts',(-144.329351306742,-10.0196517427883,71.7552540167229));
#4520=CARTESIAN_POINT('Ctrl Pts',(-144.681334922763,-9.3462610845915,71.8535956922181));
#4521=CARTESIAN_POINT('Ctrl Pts',(-145.,-8.64087916415873,71.9446428571428));
#4522=CARTESIAN_POINT('',(-145.,8.64087916415873,71.9446428571428));
#4523=CARTESIAN_POINT('Origin',(-145.,0.,5.));
#4524=CARTESIAN_POINT('',(-122.,20.9951992052556,69.1517857142857));
#4525=CARTESIAN_POINT('Ctrl Pts',(-145.,8.64087916415872,71.9446428571428));
#4526=CARTESIAN_POINT('Ctrl Pts',(-144.681334922763,9.34626108459149,71.8535956922181));
#4527=CARTESIAN_POINT('Ctrl Pts',(-144.329351306742,10.0196517427883,71.7552540167229));
#4528=CARTESIAN_POINT('Ctrl Pts',(-143.019561362869,12.2397346197391,71.4005344858818));
#4529=CARTESIAN_POINT('Ctrl Pts',(-141.853845179717,13.7263042430189,71.1033358276899));
#4530=CARTESIAN_POINT('Ctrl Pts',(-139.144541424961,16.3511620762697,70.5034497869282));
#4531=CARTESIAN_POINT('Ctrl Pts',(-137.601015122098,17.4897463560879,70.2017816449338));
#4532=CARTESIAN_POINT('Ctrl Pts',(-134.26265320389,19.3288687601153,69.6804326144677));
#4533=CARTESIAN_POINT('Ctrl Pts',(-132.46373429771,20.0317824795725,69.4609677879634));
#4534=CARTESIAN_POINT('Ctrl Pts',(-128.764091255051,20.9627356139385,69.1642610214766));
#4535=CARTESIAN_POINT('Ctrl Pts',(-126.863289365387,21.1906192394182,69.0875));
#4536=CARTESIAN_POINT('Ctrl Pts',(-124.025498672629,21.1906192394182,69.0875));
#4537=CARTESIAN_POINT('Ctrl Pts',(-123.016603750653,21.1283254472475,69.1082169821149));
#4538=CARTESIAN_POINT('Ctrl Pts',(-122.,20.9951992052556,69.1517857142857));
#4539=CARTESIAN_POINT('',(-122.,30.516314973399,65.2080104341964));
#4540=CARTESIAN_POINT('Origin',(-122.,0.,5.));
#4541=CARTESIAN_POINT('',(-145.,41.2269866760071,58.4470351807874));
#4542=CARTESIAN_POINT('Ctrl Pts',(-122.,30.516314973399,65.2080104341964));
#4543=CARTESIAN_POINT('Ctrl Pts',(-123.016603750653,30.391372758967,65.271337156697));
#4544=CARTESIAN_POINT('Ctrl Pts',(-124.025498672629,30.3326752775582,65.3007364010276));
#4545=CARTESIAN_POINT('Ctrl Pts',(-126.863289365387,30.3326752775582,65.3007364010276));
#4546=CARTESIAN_POINT('Ctrl Pts',(-128.764091255051,30.5480915732731,65.1938765829464));
#4547=CARTESIAN_POINT('Ctrl Pts',(-132.46373429771,31.416178214157,64.7453966752761));
#4548=CARTESIAN_POINT('Ctrl Pts',(-134.26265320389,32.0683983388274,64.403546684712));
#4549=CARTESIAN_POINT('Ctrl Pts',(-137.601015122098,33.7375036969548,63.4717401961997));
#4550=CARTESIAN_POINT('Ctrl Pts',(-139.144541424961,34.7559159510388,62.8799511198601));
#4551=CARTESIAN_POINT('Ctrl Pts',(-141.853845179717,37.0361542119428,61.4480798336795));
#4552=CARTESIAN_POINT('Ctrl Pts',(-143.019561362869,38.297468859837,60.6070675589194));
#4553=CARTESIAN_POINT('Ctrl Pts',(-144.329351306742,40.1181291026021,59.2880564875085));
#4554=CARTESIAN_POINT('Ctrl Pts',(-144.681334922763,40.6638262690166,58.8814354523257));
#4555=CARTESIAN_POINT('Ctrl Pts',(-145.,41.2269866760071,58.4470351807874));
#4556=CARTESIAN_POINT('',(-145.,53.4470351807875,46.2269866760071));
#4557=CARTESIAN_POINT('Origin',(-145.,0.,5.));
#4558=CARTESIAN_POINT('',(-122.,60.2080104341964,35.516314973399));
#4559=CARTESIAN_POINT('Ctrl Pts',(-145.,53.4470351807875,46.2269866760071));
#4560=CARTESIAN_POINT('Ctrl Pts',(-144.681334922763,53.8814354523258,45.6638262690166));
#4561=CARTESIAN_POINT('Ctrl Pts',(-144.329351306742,54.2880564875085,45.1181291026021));
#4562=CARTESIAN_POINT('Ctrl Pts',(-143.019561362869,55.6070675589195,43.2974688598369));
#4563=CARTESIAN_POINT('Ctrl Pts',(-141.853845179717,56.4480798336796,42.0361542119428));
#4564=CARTESIAN_POINT('Ctrl Pts',(-139.144541424961,57.8799511198601,39.7559159510388));
#4565=CARTESIAN_POINT('Ctrl Pts',(-137.601015122098,58.4717401961997,38.7375036969548));
#4566=CARTESIAN_POINT('Ctrl Pts',(-134.26265320389,59.403546684712,37.0683983388274));
#4567=CARTESIAN_POINT('Ctrl Pts',(-132.46373429771,59.7453966752761,36.416178214157));
#4568=CARTESIAN_POINT('Ctrl Pts',(-128.764091255051,60.1938765829464,35.5480915732731));
#4569=CARTESIAN_POINT('Ctrl Pts',(-126.863289365387,60.3007364010276,35.3326752775581));
#4570=CARTESIAN_POINT('Ctrl Pts',(-124.025498672629,60.3007364010276,35.3326752775581));
#4571=CARTESIAN_POINT('Ctrl Pts',(-123.016603750653,60.271337156697,35.391372758967));
#4572=CARTESIAN_POINT('Ctrl Pts',(-122.,60.2080104341964,35.516314973399));
#4573=CARTESIAN_POINT('',(-122.,64.1517857142857,25.9951992052556));
#4574=CARTESIAN_POINT('Origin',(-122.,0.,5.));
#4575=CARTESIAN_POINT('',(-145.,66.9446428571429,13.6408791641587));
#4576=CARTESIAN_POINT('Ctrl Pts',(-122.,64.1517857142857,25.9951992052556));
#4577=CARTESIAN_POINT('Ctrl Pts',(-123.016603750653,64.1082169821149,26.1283254472475));
#4578=CARTESIAN_POINT('Ctrl Pts',(-124.025498672629,64.0875,26.1906192394182));
#4579=CARTESIAN_POINT('Ctrl Pts',(-126.863289365387,64.0875,26.1906192394182));
#4580=CARTESIAN_POINT('Ctrl Pts',(-128.764091255051,64.1642610214766,25.9627356139385));
#4581=CARTESIAN_POINT('Ctrl Pts',(-132.46373429771,64.4609677879634,25.0317824795724));
#4582=CARTESIAN_POINT('Ctrl Pts',(-134.26265320389,64.6804326144677,24.3288687601152));
#4583=CARTESIAN_POINT('Ctrl Pts',(-137.601015122098,65.2017816449338,22.4897463560879));
#4584=CARTESIAN_POINT('Ctrl Pts',(-139.144541424961,65.5034497869282,21.3511620762697));
#4585=CARTESIAN_POINT('Ctrl Pts',(-141.853845179717,66.1033358276899,18.7263042430189));
#4586=CARTESIAN_POINT('Ctrl Pts',(-143.019561362869,66.4005344858818,17.2397346197391));
#4587=CARTESIAN_POINT('Ctrl Pts',(-144.329351306742,66.7552540167229,15.0196517427883));
#4588=CARTESIAN_POINT('Ctrl Pts',(-144.681334922763,66.8535956922181,14.3462610845915));
#4589=CARTESIAN_POINT('Ctrl Pts',(-145.,66.9446428571428,13.6408791641587));
#4590=CARTESIAN_POINT('',(-145.,66.9446428571428,-3.64087916415869));
#4591=CARTESIAN_POINT('Origin',(-145.,0.,5.));
#4592=CARTESIAN_POINT('',(-122.,64.1517857142857,-15.9951992052557));
#4593=CARTESIAN_POINT('Ctrl Pts',(-145.,66.9446428571428,-3.6408791641587));
#4594=CARTESIAN_POINT('Ctrl Pts',(-144.681334922763,66.8535956922181,-4.34626108459148));
#4595=CARTESIAN_POINT('Ctrl Pts',(-144.329351306742,66.7552540167229,-5.01965174278831));
#4596=CARTESIAN_POINT('Ctrl Pts',(-143.019561362869,66.4005344858818,-7.2397346197391));
#4597=CARTESIAN_POINT('Ctrl Pts',(-141.853845179717,66.1033358276899,-8.72630424301893));
#4598=CARTESIAN_POINT('Ctrl Pts',(-139.144541424961,65.5034497869282,-11.3511620762697));
#4599=CARTESIAN_POINT('Ctrl Pts',(-137.601015122098,65.2017816449338,-12.4897463560879));
#4600=CARTESIAN_POINT('Ctrl Pts',(-134.26265320389,64.6804326144677,-14.3288687601153));
#4601=CARTESIAN_POINT('Ctrl Pts',(-132.46373429771,64.4609677879634,-15.0317824795725));
#4602=CARTESIAN_POINT('Ctrl Pts',(-128.764091255051,64.1642610214766,-15.9627356139385));
#4603=CARTESIAN_POINT('Ctrl Pts',(-126.863289365387,64.0875,-16.1906192394182));
#4604=CARTESIAN_POINT('Ctrl Pts',(-124.025498672629,64.0875,-16.1906192394182));
#4605=CARTESIAN_POINT('Ctrl Pts',(-123.016603750653,64.1082169821149,-16.1283254472475));
#4606=CARTESIAN_POINT('Ctrl Pts',(-122.,64.1517857142857,-15.9951992052557));
#4607=CARTESIAN_POINT('',(-122.,60.2080104341964,-25.516314973399));
#4608=CARTESIAN_POINT('Origin',(-122.,0.,5.));
#4609=CARTESIAN_POINT('',(-145.,53.4470351807874,-36.2269866760072));
#4610=CARTESIAN_POINT('Ctrl Pts',(-122.,60.2080104341964,-25.516314973399));
#4611=CARTESIAN_POINT('Ctrl Pts',(-123.016603750653,60.271337156697,-25.391372758967));
#4612=CARTESIAN_POINT('Ctrl Pts',(-124.025498672629,60.3007364010276,-25.3326752775582));
#4613=CARTESIAN_POINT('Ctrl Pts',(-126.863289365387,60.3007364010276,-25.3326752775582));
#4614=CARTESIAN_POINT('Ctrl Pts',(-128.764091255051,60.1938765829464,-25.5480915732731));
#4615=CARTESIAN_POINT('Ctrl Pts',(-132.46373429771,59.7453966752761,-26.416178214157));
#4616=CARTESIAN_POINT('Ctrl Pts',(-134.26265320389,59.403546684712,-27.0683983388274));
#4617=CARTESIAN_POINT('Ctrl Pts',(-137.601015122098,58.4717401961997,-28.7375036969548));
#4618=CARTESIAN_POINT('Ctrl Pts',(-139.144541424961,57.8799511198601,-29.7559159510388));
#4619=CARTESIAN_POINT('Ctrl Pts',(-141.853845179717,56.4480798336795,-32.0361542119428));
#4620=CARTESIAN_POINT('Ctrl Pts',(-143.019561362869,55.6070675589194,-33.297468859837));
#4621=CARTESIAN_POINT('Ctrl Pts',(-144.329351306742,54.2880564875085,-35.1181291026021));
#4622=CARTESIAN_POINT('Ctrl Pts',(-144.681334922763,53.8814354523257,-35.6638262690166));
#4623=CARTESIAN_POINT('Ctrl Pts',(-145.,53.4470351807874,-36.2269866760072));
#4624=CARTESIAN_POINT('',(-145.,41.2269866760071,-48.4470351807874));
#4625=CARTESIAN_POINT('Origin',(-145.,0.,5.));
#4626=CARTESIAN_POINT('',(-122.,30.516314973399,-55.2080104341964));
#4627=CARTESIAN_POINT('Ctrl Pts',(-145.,41.2269866760071,-48.4470351807874));
#4628=CARTESIAN_POINT('Ctrl Pts',(-144.681334922763,40.6638262690166,-48.8814354523257));
#4629=CARTESIAN_POINT('Ctrl Pts',(-144.329351306742,40.1181291026021,-49.2880564875085));
#4630=CARTESIAN_POINT('Ctrl Pts',(-143.019561362869,38.2974688598369,-50.6070675589195));
#4631=CARTESIAN_POINT('Ctrl Pts',(-141.853845179717,37.0361542119428,-51.4480798336795));
#4632=CARTESIAN_POINT('Ctrl Pts',(-139.144541424961,34.7559159510388,-52.8799511198601));
#4633=CARTESIAN_POINT('Ctrl Pts',(-137.601015122098,33.7375036969548,-53.4717401961997));
#4634=CARTESIAN_POINT('Ctrl Pts',(-134.26265320389,32.0683983388274,-54.403546684712));
#4635=CARTESIAN_POINT('Ctrl Pts',(-132.46373429771,31.416178214157,-54.7453966752761));
#4636=CARTESIAN_POINT('Ctrl Pts',(-128.764091255051,30.5480915732731,-55.1938765829464));
#4637=CARTESIAN_POINT('Ctrl Pts',(-126.863289365387,30.3326752775581,-55.3007364010276));
#4638=CARTESIAN_POINT('Ctrl Pts',(-124.025498672629,30.3326752775581,-55.3007364010276));
#4639=CARTESIAN_POINT('Ctrl Pts',(-123.016603750653,30.391372758967,-55.271337156697));
#4640=CARTESIAN_POINT('Ctrl Pts',(-122.,30.516314973399,-55.2080104341964));
#4641=CARTESIAN_POINT('',(-122.,20.9951992052556,-59.1517857142857));
#4642=CARTESIAN_POINT('Origin',(-122.,0.,5.));
#4643=CARTESIAN_POINT('',(-145.,8.64087916415868,-61.9446428571429));
#4644=CARTESIAN_POINT('Ctrl Pts',(-122.,20.9951992052556,-59.1517857142857));
#4645=CARTESIAN_POINT('Ctrl Pts',(-123.016603750653,21.1283254472475,-59.1082169821149));
#4646=CARTESIAN_POINT('Ctrl Pts',(-124.025498672629,21.1906192394182,-59.0875));
#4647=CARTESIAN_POINT('Ctrl Pts',(-126.863289365387,21.1906192394182,-59.0875));
#4648=CARTESIAN_POINT('Ctrl Pts',(-128.764091255051,20.9627356139385,-59.1642610214766));
#4649=CARTESIAN_POINT('Ctrl Pts',(-132.46373429771,20.0317824795724,-59.4609677879634));
#4650=CARTESIAN_POINT('Ctrl Pts',(-134.26265320389,19.3288687601152,-59.6804326144677));
#4651=CARTESIAN_POINT('Ctrl Pts',(-137.601015122098,17.4897463560879,-60.2017816449338));
#4652=CARTESIAN_POINT('Ctrl Pts',(-139.144541424961,16.3511620762697,-60.5034497869282));
#4653=CARTESIAN_POINT('Ctrl Pts',(-141.853845179717,13.7263042430189,-61.1033358276899));
#4654=CARTESIAN_POINT('Ctrl Pts',(-143.019561362869,12.2397346197391,-61.4005344858818));
#4655=CARTESIAN_POINT('Ctrl Pts',(-144.329351306742,10.0196517427883,-61.7552540167229));
#4656=CARTESIAN_POINT('Ctrl Pts',(-144.681334922763,9.34626108459145,-61.8535956922181));
#4657=CARTESIAN_POINT('Ctrl Pts',(-145.,8.64087916415868,-61.9446428571428));
#4658=CARTESIAN_POINT('',(-145.,-8.6408791641587,-61.9446428571428));
#4659=CARTESIAN_POINT('Origin',(-145.,0.,5.));
#4660=CARTESIAN_POINT('',(-122.,-20.9951992052557,-59.1517857142857));
#4661=CARTESIAN_POINT('Ctrl Pts',(-145.,-8.64087916415869,-61.9446428571428));
#4662=CARTESIAN_POINT('Ctrl Pts',(-144.681334922763,-9.34626108459147,-61.8535956922181));
#4663=CARTESIAN_POINT('Ctrl Pts',(-144.329351306742,-10.0196517427883,-61.7552540167229));
#4664=CARTESIAN_POINT('Ctrl Pts',(-143.019561362869,-12.2397346197391,-61.4005344858818));
#4665=CARTESIAN_POINT('Ctrl Pts',(-141.853845179717,-13.7263042430189,-61.1033358276899));
#4666=CARTESIAN_POINT('Ctrl Pts',(-139.144541424961,-16.3511620762697,-60.5034497869282));
#4667=CARTESIAN_POINT('Ctrl Pts',(-137.601015122098,-17.4897463560879,-60.2017816449338));
#4668=CARTESIAN_POINT('Ctrl Pts',(-134.26265320389,-19.3288687601153,-59.6804326144677));
#4669=CARTESIAN_POINT('Ctrl Pts',(-132.46373429771,-20.0317824795725,-59.4609677879634));
#4670=CARTESIAN_POINT('Ctrl Pts',(-128.764091255051,-20.9627356139385,-59.1642610214766));
#4671=CARTESIAN_POINT('Ctrl Pts',(-126.863289365387,-21.1906192394182,-59.0875));
#4672=CARTESIAN_POINT('Ctrl Pts',(-124.025498672629,-21.1906192394182,-59.0875));
#4673=CARTESIAN_POINT('Ctrl Pts',(-123.016603750653,-21.1283254472475,-59.1082169821149));
#4674=CARTESIAN_POINT('Ctrl Pts',(-122.,-20.9951992052557,-59.1517857142857));
#4675=CARTESIAN_POINT('',(-122.,-30.516314973399,-55.2080104341964));
#4676=CARTESIAN_POINT('Origin',(-122.,0.,5.));
#4677=CARTESIAN_POINT('',(-145.,-41.2269866760072,-48.4470351807874));
#4678=CARTESIAN_POINT('Ctrl Pts',(-122.,-30.516314973399,-55.2080104341964));
#4679=CARTESIAN_POINT('Ctrl Pts',(-123.016603750653,-30.391372758967,-55.271337156697));
#4680=CARTESIAN_POINT('Ctrl Pts',(-124.025498672629,-30.3326752775581,-55.3007364010276));
#4681=CARTESIAN_POINT('Ctrl Pts',(-126.863289365387,-30.3326752775581,-55.3007364010276));
#4682=CARTESIAN_POINT('Ctrl Pts',(-128.764091255051,-30.5480915732731,-55.1938765829464));
#4683=CARTESIAN_POINT('Ctrl Pts',(-132.46373429771,-31.416178214157,-54.7453966752761));
#4684=CARTESIAN_POINT('Ctrl Pts',(-134.26265320389,-32.0683983388274,-54.403546684712));
#4685=CARTESIAN_POINT('Ctrl Pts',(-137.601015122098,-33.7375036969548,-53.4717401961997));
#4686=CARTESIAN_POINT('Ctrl Pts',(-139.144541424961,-34.7559159510388,-52.8799511198601));
#4687=CARTESIAN_POINT('Ctrl Pts',(-141.853845179717,-37.0361542119428,-51.4480798336795));
#4688=CARTESIAN_POINT('Ctrl Pts',(-143.019561362869,-38.2974688598369,-50.6070675589195));
#4689=CARTESIAN_POINT('Ctrl Pts',(-144.329351306742,-40.1181291026021,-49.2880564875085));
#4690=CARTESIAN_POINT('Ctrl Pts',(-144.681334922763,-40.6638262690167,-48.8814354523257));
#4691=CARTESIAN_POINT('Ctrl Pts',(-145.,-41.2269866760072,-48.4470351807874));
#4692=CARTESIAN_POINT('Origin',(-145.,0.,5.));
#4693=CARTESIAN_POINT('Ctrl Pts',(-120.,-32.6641564302539,64.0703215218937));
#4694=CARTESIAN_POINT('Ctrl Pts',(-120.279732198336,-32.6009453196164,64.1052754133369));
#4695=CARTESIAN_POINT('Ctrl Pts',(-120.560481474496,-32.5431088972535,64.1371257298869));
#4696=CARTESIAN_POINT('Ctrl Pts',(-122.232405754019,-32.2315770123638,64.3082020447724));
#4697=CARTESIAN_POINT('Ctrl Pts',(-123.63743070923,-32.1068703090214,64.3750695069882));
#4698=CARTESIAN_POINT('Ctrl Pts',(-126.690693705631,-32.1068703090214,64.3750695069882));
#4699=CARTESIAN_POINT('Ctrl Pts',(-128.41580887335,-32.2987713861184,64.2725490289455));
#4700=CARTESIAN_POINT('Ctrl Pts',(-131.774095453461,-33.0728848673469,63.8441160047354));
#4701=CARTESIAN_POINT('Ctrl Pts',(-133.407337903292,-33.6547007630905,63.5180439669362));
#4702=CARTESIAN_POINT('Ctrl Pts',(-136.438591303146,-35.1453063101241,62.6351265740599));
#4703=CARTESIAN_POINT('Ctrl Pts',(-137.840298736154,-36.0554809625811,62.0766445045012));
#4704=CARTESIAN_POINT('Ctrl Pts',(-140.300564134884,-38.0962691650172,60.7352252300893));
#4705=CARTESIAN_POINT('Ctrl Pts',(-141.359043695556,-39.2264635569568,59.9515066797247));
#4706=CARTESIAN_POINT('Ctrl Pts',(-143.019936753051,-41.5092162481212,58.2462529315482));
#4707=CARTESIAN_POINT('Ctrl Pts',(-143.715818603394,-42.7745007279887,57.2437216042844));
#4708=CARTESIAN_POINT('Ctrl Pts',(-144.627412134817,-45.3169598237837,55.0543457179067));
#4709=CARTESIAN_POINT('Ctrl Pts',(-144.843134832984,-46.5931049490738,53.8663105111101));
#4710=CARTESIAN_POINT('Ctrl Pts',(-144.843134832984,-48.8663105111101,51.5931049490738));
#4711=CARTESIAN_POINT('Ctrl Pts',(-144.627412134817,-50.0543457179067,50.3169598237837));
#4712=CARTESIAN_POINT('Ctrl Pts',(-143.715818603394,-52.2437216042844,47.7745007279887));
#4713=CARTESIAN_POINT('Ctrl Pts',(-143.019936753051,-53.2462529315482,46.5092162481212));
#4714=CARTESIAN_POINT('Ctrl Pts',(-141.359043695556,-54.9515066797247,44.2264635569568));
#4715=CARTESIAN_POINT('Ctrl Pts',(-140.300564134884,-55.7352252300893,43.0962691650171));
#4716=CARTESIAN_POINT('Ctrl Pts',(-137.840298736154,-57.0766445045013,41.0554809625811));
#4717=CARTESIAN_POINT('Ctrl Pts',(-136.438591303146,-57.6351265740599,40.1453063101241));
#4718=CARTESIAN_POINT('Ctrl Pts',(-133.407337903292,-58.5180439669361,38.6547007630906));
#4719=CARTESIAN_POINT('Ctrl Pts',(-131.774095453461,-58.8441160047354,38.0728848673469));
#4720=CARTESIAN_POINT('Ctrl Pts',(-128.41580887335,-59.2725490289455,37.2987713861184));
#4721=CARTESIAN_POINT('Ctrl Pts',(-126.690693705631,-59.3750695069882,37.1068703090214));
#4722=CARTESIAN_POINT('Ctrl Pts',(-123.63743070923,-59.3750695069882,37.1068703090214));
#4723=CARTESIAN_POINT('Ctrl Pts',(-122.232405754019,-59.3082020447724,37.2315770123638));
#4724=CARTESIAN_POINT('Ctrl Pts',(-120.560481474496,-59.1371257298869,37.5431088972535));
#4725=CARTESIAN_POINT('Ctrl Pts',(-120.279732198336,-59.1052754133369,37.6009453196164));
#4726=CARTESIAN_POINT('Ctrl Pts',(-120.,-59.0703215218937,37.6641564302539));
#4727=CARTESIAN_POINT('Ctrl Pts',(-120.,64.8660714285714,-13.67197840143));
#4728=CARTESIAN_POINT('Ctrl Pts',(-120.279732198336,64.8460905572617,-13.7413915400765));
#4729=CARTESIAN_POINT('Ctrl Pts',(-120.560481474496,64.8277156056247,-13.8048096413443));
#4730=CARTESIAN_POINT('Ctrl Pts',(-122.232405754019,64.7283985196193,-14.1460651720616));
#4731=CARTESIAN_POINT('Ctrl Pts',(-123.63743070923,64.6875,-14.2815285636279));
#4732=CARTESIAN_POINT('Ctrl Pts',(-126.690693705631,64.6875,-14.2815285636279));
#4733=CARTESIAN_POINT('Ctrl Pts',(-128.41580887335,64.7507016276978,-14.0733410854612));
#4734=CARTESIAN_POINT('Ctrl Pts',(-131.774095453461,64.9951346229792,-13.2230122967734));
#4735=CARTESIAN_POINT('Ctrl Pts',(-133.407337903292,65.1759728391785,-12.5810385824077));
#4736=CARTESIAN_POINT('Ctrl Pts',(-136.438591303146,65.6056732538298,-10.9027044162957));
#4737=CARTESIAN_POINT('Ctrl Pts',(-137.840298736154,65.8543574640903,-9.86420728892319));
#4738=CARTESIAN_POINT('Ctrl Pts',(-140.300564134884,66.3488859756473,-7.47262544666412));
#4739=CARTESIAN_POINT('Ctrl Pts',(-141.359043695556,66.5938813927423,-6.11928462656007));
#4740=CARTESIAN_POINT('Ctrl Pts',(-143.019936753051,67.0022348114571,-3.29933822988653));
#4741=CARTESIAN_POINT('Ctrl Pts',(-143.715818603394,67.1880293474414,-1.69575029418195));
#4742=CARTESIAN_POINT('Ctrl Pts',(-144.627412134817,67.4376968791434,1.65016230916813));
#4743=CARTESIAN_POINT('Ctrl Pts',(-144.843134832984,67.5,3.3926009320532));
#4744=CARTESIAN_POINT('Ctrl Pts',(-144.843134832984,67.5,6.60739906794678));
#4745=CARTESIAN_POINT('Ctrl Pts',(-144.627412134817,67.4376968791434,8.34983769083185));
#4746=CARTESIAN_POINT('Ctrl Pts',(-143.715818603394,67.1880293474414,11.6957502941819));
#4747=CARTESIAN_POINT('Ctrl Pts',(-143.019936753051,67.0022348114571,13.2993382298865));
#4748=CARTESIAN_POINT('Ctrl Pts',(-141.359043695556,66.5938813927423,16.11928462656));
#4749=CARTESIAN_POINT('Ctrl Pts',(-140.300564134884,66.3488859756473,17.4726254466641));
#4750=CARTESIAN_POINT('Ctrl Pts',(-137.840298736154,65.8543574640903,19.8642072889232));
#4751=CARTESIAN_POINT('Ctrl Pts',(-136.438591303146,65.6056732538298,20.9027044162956));
#4752=CARTESIAN_POINT('Ctrl Pts',(-133.407337903292,65.1759728391785,22.5810385824077));
#4753=CARTESIAN_POINT('Ctrl Pts',(-131.774095453461,64.9951346229792,23.2230122967734));
#4754=CARTESIAN_POINT('Ctrl Pts',(-128.41580887335,64.7507016276978,24.0733410854611));
#4755=CARTESIAN_POINT('Ctrl Pts',(-126.690693705631,64.6875,24.2815285636279));
#4756=CARTESIAN_POINT('Ctrl Pts',(-123.63743070923,64.6875,24.2815285636279));
#4757=CARTESIAN_POINT('Ctrl Pts',(-122.232405754019,64.7283985196193,24.1460651720615));
#4758=CARTESIAN_POINT('Ctrl Pts',(-120.560481474496,64.8277156056247,23.8048096413443));
#4759=CARTESIAN_POINT('Ctrl Pts',(-120.279732198336,64.8460905572617,23.7413915400764));
#4760=CARTESIAN_POINT('Ctrl Pts',(-120.,64.8660714285714,23.67197840143));
#4761=CARTESIAN_POINT('Ctrl Pts',(-120.,59.0703215218937,37.6641564302539));
#4762=CARTESIAN_POINT('Ctrl Pts',(-120.279732198336,59.105275413337,37.6009453196164));
#4763=CARTESIAN_POINT('Ctrl Pts',(-120.560481474496,59.1371257298869,37.5431088972534));
#4764=CARTESIAN_POINT('Ctrl Pts',(-122.232405754019,59.3082020447724,37.2315770123638));
#4765=CARTESIAN_POINT('Ctrl Pts',(-123.63743070923,59.3750695069882,37.1068703090213));
#4766=CARTESIAN_POINT('Ctrl Pts',(-126.690693705631,59.3750695069882,37.1068703090213));
#4767=CARTESIAN_POINT('Ctrl Pts',(-128.41580887335,59.2725490289455,37.2987713861183));
#4768=CARTESIAN_POINT('Ctrl Pts',(-131.774095453461,58.8441160047354,38.0728848673468));
#4769=CARTESIAN_POINT('Ctrl Pts',(-133.407337903292,58.5180439669362,38.6547007630905));
#4770=CARTESIAN_POINT('Ctrl Pts',(-136.438591303146,57.6351265740599,40.1453063101241));
#4771=CARTESIAN_POINT('Ctrl Pts',(-137.840298736154,57.0766445045013,41.0554809625811));
#4772=CARTESIAN_POINT('Ctrl Pts',(-140.300564134884,55.7352252300893,43.0962691650171));
#4773=CARTESIAN_POINT('Ctrl Pts',(-141.359043695556,54.9515066797247,44.2264635569568));
#4774=CARTESIAN_POINT('Ctrl Pts',(-143.019936753051,53.2462529315482,46.5092162481211));
#4775=CARTESIAN_POINT('Ctrl Pts',(-143.715818603394,52.2437216042844,47.7745007279887));
#4776=CARTESIAN_POINT('Ctrl Pts',(-144.627412134817,50.0543457179067,50.3169598237837));
#4777=CARTESIAN_POINT('Ctrl Pts',(-144.843134832984,48.8663105111101,51.5931049490738));
#4778=CARTESIAN_POINT('Ctrl Pts',(-144.843134832984,46.5931049490738,53.8663105111101));
#4779=CARTESIAN_POINT('Ctrl Pts',(-144.627412134817,45.3169598237837,55.0543457179067));
#4780=CARTESIAN_POINT('Ctrl Pts',(-143.715818603394,42.7745007279887,57.2437216042844));
#4781=CARTESIAN_POINT('Ctrl Pts',(-143.019936753051,41.5092162481212,58.2462529315482));
#4782=CARTESIAN_POINT('Ctrl Pts',(-141.359043695556,39.2264635569568,59.9515066797247));
#4783=CARTESIAN_POINT('Ctrl Pts',(-140.300564134884,38.0962691650172,60.7352252300893));
#4784=CARTESIAN_POINT('Ctrl Pts',(-137.840298736154,36.0554809625811,62.0766445045012));
#4785=CARTESIAN_POINT('Ctrl Pts',(-136.438591303146,35.1453063101241,62.6351265740599));
#4786=CARTESIAN_POINT('Ctrl Pts',(-133.407337903292,33.6547007630906,63.5180439669361));
#4787=CARTESIAN_POINT('Ctrl Pts',(-131.774095453461,33.0728848673469,63.8441160047354));
#4788=CARTESIAN_POINT('Ctrl Pts',(-128.41580887335,32.2987713861184,64.2725490289455));
#4789=CARTESIAN_POINT('Ctrl Pts',(-126.690693705631,32.1068703090214,64.3750695069882));
#4790=CARTESIAN_POINT('Ctrl Pts',(-123.63743070923,32.1068703090214,64.3750695069882));
#4791=CARTESIAN_POINT('Ctrl Pts',(-122.232405754019,32.2315770123638,64.3082020447724));
#4792=CARTESIAN_POINT('Ctrl Pts',(-120.560481474496,32.5431088972535,64.1371257298869));
#4793=CARTESIAN_POINT('Ctrl Pts',(-120.279732198336,32.6009453196164,64.1052754133369));
#4794=CARTESIAN_POINT('Ctrl Pts',(-120.,32.6641564302539,64.0703215218937));
#4795=CARTESIAN_POINT('Ctrl Pts',(-120.,32.6641564302539,-54.0703215218937));
#4796=CARTESIAN_POINT('Ctrl Pts',(-120.279732198336,32.6009453196164,-54.1052754133369));
#4797=CARTESIAN_POINT('Ctrl Pts',(-120.560481474496,32.5431088972534,-54.1371257298869));
#4798=CARTESIAN_POINT('Ctrl Pts',(-122.232405754019,32.2315770123638,-54.3082020447724));
#4799=CARTESIAN_POINT('Ctrl Pts',(-123.63743070923,32.1068703090214,-54.3750695069882));
#4800=CARTESIAN_POINT('Ctrl Pts',(-126.690693705631,32.1068703090214,-54.3750695069882));
#4801=CARTESIAN_POINT('Ctrl Pts',(-128.41580887335,32.2987713861184,-54.2725490289455));
#4802=CARTESIAN_POINT('Ctrl Pts',(-131.774095453461,33.0728848673469,-53.8441160047355));
#4803=CARTESIAN_POINT('Ctrl Pts',(-133.407337903292,33.6547007630905,-53.5180439669362));
#4804=CARTESIAN_POINT('Ctrl Pts',(-136.438591303146,35.1453063101241,-52.6351265740599));
#4805=CARTESIAN_POINT('Ctrl Pts',(-137.840298736154,36.0554809625811,-52.0766445045013));
#4806=CARTESIAN_POINT('Ctrl Pts',(-140.300564134884,38.0962691650171,-50.7352252300893));
#4807=CARTESIAN_POINT('Ctrl Pts',(-141.359043695556,39.2264635569568,-49.9515066797247));
#4808=CARTESIAN_POINT('Ctrl Pts',(-143.019936753051,41.5092162481212,-48.2462529315482));
#4809=CARTESIAN_POINT('Ctrl Pts',(-143.715818603394,42.7745007279887,-47.2437216042844));
#4810=CARTESIAN_POINT('Ctrl Pts',(-144.627412134817,45.3169598237837,-45.0543457179067));
#4811=CARTESIAN_POINT('Ctrl Pts',(-144.843134832984,46.5931049490738,-43.8663105111101));
#4812=CARTESIAN_POINT('Ctrl Pts',(-144.843134832984,48.8663105111101,-41.5931049490738));
#4813=CARTESIAN_POINT('Ctrl Pts',(-144.627412134817,50.0543457179067,-40.3169598237837));
#4814=CARTESIAN_POINT('Ctrl Pts',(-143.715818603394,52.2437216042844,-37.7745007279887));
#4815=CARTESIAN_POINT('Ctrl Pts',(-143.019936753051,53.2462529315482,-36.5092162481212));
#4816=CARTESIAN_POINT('Ctrl Pts',(-141.359043695556,54.9515066797247,-34.2264635569568));
#4817=CARTESIAN_POINT('Ctrl Pts',(-140.300564134884,55.7352252300893,-33.0962691650171));
#4818=CARTESIAN_POINT('Ctrl Pts',(-137.840298736154,57.0766445045013,-31.0554809625811));
#4819=CARTESIAN_POINT('Ctrl Pts',(-136.438591303146,57.6351265740599,-30.1453063101241));
#4820=CARTESIAN_POINT('Ctrl Pts',(-133.407337903292,58.5180439669361,-28.6547007630906));
#4821=CARTESIAN_POINT('Ctrl Pts',(-131.774095453461,58.8441160047354,-28.0728848673469));
#4822=CARTESIAN_POINT('Ctrl Pts',(-128.41580887335,59.2725490289455,-27.2987713861184));
#4823=CARTESIAN_POINT('Ctrl Pts',(-126.690693705631,59.3750695069882,-27.1068703090214));
#4824=CARTESIAN_POINT('Ctrl Pts',(-123.63743070923,59.3750695069882,-27.1068703090214));
#4825=CARTESIAN_POINT('Ctrl Pts',(-122.232405754019,59.3082020447724,-27.2315770123638));
#4826=CARTESIAN_POINT('Ctrl Pts',(-120.560481474496,59.1371257298869,-27.5431088972535));
#4827=CARTESIAN_POINT('Ctrl Pts',(-120.279732198336,59.1052754133369,-27.6009453196165));
#4828=CARTESIAN_POINT('Ctrl Pts',(-120.,59.0703215218937,-27.6641564302539));
#4829=CARTESIAN_POINT('Ctrl Pts',(-120.,18.67197840143,69.8660714285714));
#4830=CARTESIAN_POINT('Ctrl Pts',(-120.279732198336,18.7413915400764,69.8460905572617));
#4831=CARTESIAN_POINT('Ctrl Pts',(-120.560481474496,18.8048096413443,69.8277156056247));
#4832=CARTESIAN_POINT('Ctrl Pts',(-122.232405754019,19.1460651720616,69.7283985196193));
#4833=CARTESIAN_POINT('Ctrl Pts',(-123.63743070923,19.2815285636279,69.6875));
#4834=CARTESIAN_POINT('Ctrl Pts',(-126.690693705631,19.2815285636279,69.6875));
#4835=CARTESIAN_POINT('Ctrl Pts',(-128.41580887335,19.0733410854611,69.7507016276978));
#4836=CARTESIAN_POINT('Ctrl Pts',(-131.774095453461,18.2230122967734,69.9951346229792));
#4837=CARTESIAN_POINT('Ctrl Pts',(-133.407337903292,17.5810385824077,70.1759728391785));
#4838=CARTESIAN_POINT('Ctrl Pts',(-136.438591303146,15.9027044162956,70.6056732538298));
#4839=CARTESIAN_POINT('Ctrl Pts',(-137.840298736154,14.8642072889232,70.8543574640903));
#4840=CARTESIAN_POINT('Ctrl Pts',(-140.300564134884,12.4726254466641,71.3488859756473));
#4841=CARTESIAN_POINT('Ctrl Pts',(-141.359043695556,11.1192846265601,71.5938813927423));
#4842=CARTESIAN_POINT('Ctrl Pts',(-143.019936753051,8.29933822988653,72.0022348114571));
#4843=CARTESIAN_POINT('Ctrl Pts',(-143.715818603394,6.69575029418194,72.1880293474414));
#4844=CARTESIAN_POINT('Ctrl Pts',(-144.627412134817,3.34983769083187,72.4376968791434));
#4845=CARTESIAN_POINT('Ctrl Pts',(-144.843134832984,1.60739906794679,72.5));
#4846=CARTESIAN_POINT('Ctrl Pts',(-144.843134832984,-1.60739906794679,72.5));
#4847=CARTESIAN_POINT('Ctrl Pts',(-144.627412134817,-3.34983769083185,72.4376968791434));
#4848=CARTESIAN_POINT('Ctrl Pts',(-143.715818603394,-6.69575029418193,72.1880293474414));
#4849=CARTESIAN_POINT('Ctrl Pts',(-143.019936753051,-8.29933822988653,72.0022348114571));
#4850=CARTESIAN_POINT('Ctrl Pts',(-141.359043695556,-11.1192846265601,71.5938813927423));
#4851=CARTESIAN_POINT('Ctrl Pts',(-140.300564134884,-12.4726254466641,71.3488859756473));
#4852=CARTESIAN_POINT('Ctrl Pts',(-137.840298736154,-14.8642072889232,70.8543574640903));
#4853=CARTESIAN_POINT('Ctrl Pts',(-136.438591303146,-15.9027044162956,70.6056732538298));
#4854=CARTESIAN_POINT('Ctrl Pts',(-133.407337903292,-17.5810385824077,70.1759728391785));
#4855=CARTESIAN_POINT('Ctrl Pts',(-131.774095453461,-18.2230122967734,69.9951346229792));
#4856=CARTESIAN_POINT('Ctrl Pts',(-128.41580887335,-19.0733410854611,69.7507016276978));
#4857=CARTESIAN_POINT('Ctrl Pts',(-126.690693705631,-19.2815285636279,69.6875));
#4858=CARTESIAN_POINT('Ctrl Pts',(-123.63743070923,-19.2815285636279,69.6875));
#4859=CARTESIAN_POINT('Ctrl Pts',(-122.232405754019,-19.1460651720616,69.7283985196193));
#4860=CARTESIAN_POINT('Ctrl Pts',(-120.560481474496,-18.8048096413443,69.8277156056247));
#4861=CARTESIAN_POINT('Ctrl Pts',(-120.279732198336,-18.7413915400764,69.8460905572617));
#4862=CARTESIAN_POINT('Ctrl Pts',(-120.,-18.67197840143,69.8660714285714));
#4863=CARTESIAN_POINT('Ctrl Pts',(-120.,-59.0703215218937,-27.6641564302539));
#4864=CARTESIAN_POINT('Ctrl Pts',(-120.28019700651,-59.1053334933669,-27.6008402868705));
#4865=CARTESIAN_POINT('Ctrl Pts',(-120.561414300299,-59.1372315413469,-27.5429167610728));
#4866=CARTESIAN_POINT('Ctrl Pts',(-122.233365658698,-59.3082489924566,-27.2314888101243));
#4867=CARTESIAN_POINT('Ctrl Pts',(-123.637912625439,-59.3750695069882,-27.1068703090214));
#4868=CARTESIAN_POINT('Ctrl Pts',(-126.690693705631,-59.3750695069882,-27.1068703090214));
#4869=CARTESIAN_POINT('Ctrl Pts',(-128.41580887335,-59.2725490289455,-27.2987713861184));
#4870=CARTESIAN_POINT('Ctrl Pts',(-131.774095453461,-58.8441160047354,-28.0728848673468));
#4871=CARTESIAN_POINT('Ctrl Pts',(-133.407337903292,-58.5180439669362,-28.6547007630905));
#4872=CARTESIAN_POINT('Ctrl Pts',(-136.438591303146,-57.6351265740599,-30.1453063101241));
#4873=CARTESIAN_POINT('Ctrl Pts',(-137.840298736154,-57.0766445045013,-31.0554809625811));
#4874=CARTESIAN_POINT('Ctrl Pts',(-140.300564134884,-55.7352252300893,-33.0962691650171));
#4875=CARTESIAN_POINT('Ctrl Pts',(-141.359043695556,-54.9515066797247,-34.2264635569568));
#4876=CARTESIAN_POINT('Ctrl Pts',(-143.019936753051,-53.2462529315482,-36.5092162481212));
#4877=CARTESIAN_POINT('Ctrl Pts',(-143.715818603394,-52.2437216042844,-37.7745007279887));
#4878=CARTESIAN_POINT('Ctrl Pts',(-144.627412134817,-50.0543457179067,-40.3169598237837));
#4879=CARTESIAN_POINT('Ctrl Pts',(-144.843134832984,-48.8663105111101,-41.5931049490738));
#4880=CARTESIAN_POINT('Ctrl Pts',(-144.843134832984,-46.5931049490738,-43.8663105111101));
#4881=CARTESIAN_POINT('Ctrl Pts',(-144.627412134817,-45.3169598237837,-45.0543457179067));
#4882=CARTESIAN_POINT('Ctrl Pts',(-143.715818603394,-42.7745007279887,-47.2437216042844));
#4883=CARTESIAN_POINT('Ctrl Pts',(-143.019936753051,-41.5092162481212,-48.2462529315482));
#4884=CARTESIAN_POINT('Ctrl Pts',(-141.359043695556,-39.2264635569568,-49.9515066797247));
#4885=CARTESIAN_POINT('Ctrl Pts',(-140.300564134884,-38.0962691650172,-50.7352252300893));
#4886=CARTESIAN_POINT('Ctrl Pts',(-137.840298736154,-36.0554809625811,-52.0766445045013));
#4887=CARTESIAN_POINT('Ctrl Pts',(-136.438591303146,-35.1453063101241,-52.6351265740599));
#4888=CARTESIAN_POINT('Ctrl Pts',(-133.407337903292,-33.6547007630906,-53.5180439669362));
#4889=CARTESIAN_POINT('Ctrl Pts',(-131.774095453461,-33.0728848673469,-53.8441160047354));
#4890=CARTESIAN_POINT('Ctrl Pts',(-128.41580887335,-32.2987713861184,-54.2725490289455));
#4891=CARTESIAN_POINT('Ctrl Pts',(-126.690693705631,-32.1068703090214,-54.3750695069882));
#4892=CARTESIAN_POINT('Ctrl Pts',(-123.637912625439,-32.1068703090214,-54.3750695069882));
#4893=CARTESIAN_POINT('Ctrl Pts',(-122.233365658698,-32.2314888101243,-54.3082489924566));
#4894=CARTESIAN_POINT('Ctrl Pts',(-120.561414300299,-32.5429167610728,-54.1372315413469));
#4895=CARTESIAN_POINT('Ctrl Pts',(-120.28019700651,-32.6008402868705,-54.1053334933669));
#4896=CARTESIAN_POINT('Ctrl Pts',(-120.,-32.6641564302539,-54.0703215218937));
#4897=CARTESIAN_POINT('Ctrl Pts',(-120.,-18.67197840143,-59.8660714285714));
#4898=CARTESIAN_POINT('Ctrl Pts',(-120.279732198336,-18.7413915400765,-59.8460905572617));
#4899=CARTESIAN_POINT('Ctrl Pts',(-120.560481474496,-18.8048096413443,-59.8277156056247));
#4900=CARTESIAN_POINT('Ctrl Pts',(-122.232405754019,-19.1460651720616,-59.7283985196193));
#4901=CARTESIAN_POINT('Ctrl Pts',(-123.63743070923,-19.2815285636279,-59.6875));
#4902=CARTESIAN_POINT('Ctrl Pts',(-126.690693705631,-19.2815285636279,-59.6875));
#4903=CARTESIAN_POINT('Ctrl Pts',(-128.41580887335,-19.0733410854612,-59.7507016276978));
#4904=CARTESIAN_POINT('Ctrl Pts',(-131.774095453461,-18.2230122967734,-59.9951346229792));
#4905=CARTESIAN_POINT('Ctrl Pts',(-133.407337903292,-17.5810385824077,-60.1759728391785));
#4906=CARTESIAN_POINT('Ctrl Pts',(-136.438591303146,-15.9027044162957,-60.6056732538298));
#4907=CARTESIAN_POINT('Ctrl Pts',(-137.840298736154,-14.8642072889232,-60.8543574640903));
#4908=CARTESIAN_POINT('Ctrl Pts',(-140.300564134884,-12.4726254466641,-61.3488859756473));
#4909=CARTESIAN_POINT('Ctrl Pts',(-141.359043695556,-11.1192846265601,-61.5938813927423));
#4910=CARTESIAN_POINT('Ctrl Pts',(-143.019936753051,-8.29933822988653,-62.0022348114571));
#4911=CARTESIAN_POINT('Ctrl Pts',(-143.715818603394,-6.69575029418194,-62.1880293474414));
#4912=CARTESIAN_POINT('Ctrl Pts',(-144.627412134817,-3.34983769083187,-62.4376968791434));
#4913=CARTESIAN_POINT('Ctrl Pts',(-144.843134832984,-1.6073990679468,-62.5));
#4914=CARTESIAN_POINT('Ctrl Pts',(-144.843134832984,1.60739906794678,-62.5));
#4915=CARTESIAN_POINT('Ctrl Pts',(-144.627412134817,3.34983769083185,-62.4376968791434));
#4916=CARTESIAN_POINT('Ctrl Pts',(-143.715818603394,6.69575029418193,-62.1880293474414));
#4917=CARTESIAN_POINT('Ctrl Pts',(-143.019936753051,8.29933822988651,-62.0022348114571));
#4918=CARTESIAN_POINT('Ctrl Pts',(-141.359043695556,11.11928462656,-61.5938813927423));
#4919=CARTESIAN_POINT('Ctrl Pts',(-140.300564134884,12.4726254466641,-61.3488859756473));
#4920=CARTESIAN_POINT('Ctrl Pts',(-137.840298736154,14.8642072889232,-60.8543574640903));
#4921=CARTESIAN_POINT('Ctrl Pts',(-136.438591303146,15.9027044162956,-60.6056732538298));
#4922=CARTESIAN_POINT('Ctrl Pts',(-133.407337903292,17.5810385824077,-60.1759728391785));
#4923=CARTESIAN_POINT('Ctrl Pts',(-131.774095453461,18.2230122967734,-59.9951346229792));
#4924=CARTESIAN_POINT('Ctrl Pts',(-128.41580887335,19.0733410854611,-59.7507016276978));
#4925=CARTESIAN_POINT('Ctrl Pts',(-126.690693705631,19.2815285636279,-59.6875));
#4926=CARTESIAN_POINT('Ctrl Pts',(-123.63743070923,19.2815285636279,-59.6875));
#4927=CARTESIAN_POINT('Ctrl Pts',(-122.232405754019,19.1460651720615,-59.7283985196193));
#4928=CARTESIAN_POINT('Ctrl Pts',(-120.560481474496,18.8048096413443,-59.8277156056247));
#4929=CARTESIAN_POINT('Ctrl Pts',(-120.279732198336,18.7413915400764,-59.8460905572617));
#4930=CARTESIAN_POINT('Ctrl Pts',(-120.,18.67197840143,-59.8660714285714));
#4931=CARTESIAN_POINT('Origin',(-145.,0.,5.));
#4932=CARTESIAN_POINT('',(-145.,-72.5,5.00000000000001));
#4933=CARTESIAN_POINT('Origin',(-145.,0.,5.));
#4934=CARTESIAN_POINT('',(-145.,-71.9446428571429,13.9564705190249));
#4935=CARTESIAN_POINT('Origin',(-145.,0.,5.));
#4936=CARTESIAN_POINT('Origin',(-145.,-70.,5.));
#4937=CARTESIAN_POINT('Origin',(-120.,0.,5.));
#4938=CARTESIAN_POINT('',(-145.,-44.53936379483,-52.20572587383));
#4939=CARTESIAN_POINT('Origin',(-145.,0.,5.));
#4940=CARTESIAN_POINT('',(-122.,-33.4983373288138,-59.2970558906471));
#4941=CARTESIAN_POINT('Ctrl Pts',(-145.,-44.53936379483,-52.20572587383));
#4942=CARTESIAN_POINT('Ctrl Pts',(-144.66619508522,-43.9302095395842,-52.680002575456));
#4943=CARTESIAN_POINT('Ctrl Pts',(-144.295087275126,-43.339773301888,-53.1239429226458));
#4944=CARTESIAN_POINT('Ctrl Pts',(-143.341512410269,-41.9865997685173,-54.112977541384));
#4945=CARTESIAN_POINT('Ctrl Pts',(-142.649571344933,-41.1404737664927,-54.7046154599038));
#4946=CARTESIAN_POINT('Ctrl Pts',(-141.096681531801,-39.5381370807806,-55.7775896649785));
#4947=CARTESIAN_POINT('Ctrl Pts',(-140.235610533702,-38.7824988457847,-56.2596037066819));
#4948=CARTESIAN_POINT('Ctrl Pts',(-138.456250106343,-37.4260362144694,-57.0986798976896));
#4949=CARTESIAN_POINT('Ctrl Pts',(-137.412844741742,-36.746969966848,-57.5011609011845));
#4950=CARTESIAN_POINT('Ctrl Pts',(-135.163378496922,-35.5396600074288,-58.1954704258402));
#4951=CARTESIAN_POINT('Ctrl Pts',(-133.95733097964,-35.0115639497901,-58.487598951265));
#4952=CARTESIAN_POINT('Ctrl Pts',(-131.456020009704,-34.15977417447,-58.949938619497));
#4953=CARTESIAN_POINT('Ctrl Pts',(-130.158943423549,-33.8355985148331,-59.1206665830129));
#4954=CARTESIAN_POINT('Ctrl Pts',(-127.559563631238,-33.4103020669334,-59.343292778931));
#4955=CARTESIAN_POINT('Ctrl Pts',(-126.257245595194,-33.3092776119963,-59.3952018784549));
#4956=CARTESIAN_POINT('Ctrl Pts',(-124.02459141761,-33.3092776119963,-59.3952018784549));
#4957=CARTESIAN_POINT('Ctrl Pts',(-123.015614711796,-33.3698306688407,-59.3640070034959));
#4958=CARTESIAN_POINT('Ctrl Pts',(-122.,-33.4983373288138,-59.2970558906471));
#4959=CARTESIAN_POINT('',(-122.,-21.7779827469284,-64.1517857142857));
#4960=CARTESIAN_POINT('Origin',(-122.,0.,5.));
#4961=CARTESIAN_POINT('',(-145.,-8.95647051902504,-66.9446428571428));
#4962=CARTESIAN_POINT('Ctrl Pts',(-122.,-21.7779827469284,-64.1517857142857));
#4963=CARTESIAN_POINT('Ctrl Pts',(-123.015614711796,-21.9161922635263,-64.1082593694944));
#4964=CARTESIAN_POINT('Ctrl Pts',(-124.02459141761,-21.9810678482643,-64.0875));
#4965=CARTESIAN_POINT('Ctrl Pts',(-126.257245595194,-21.9810678482643,-64.0875));
#4966=CARTESIAN_POINT('Ctrl Pts',(-127.559563631238,-21.872927494834,-64.122229800873));
#4967=CARTESIAN_POINT('Ctrl Pts',(-130.158943423549,-21.4147769997061,-64.265539310394));
#4968=CARTESIAN_POINT('Ctrl Pts',(-131.456020009704,-21.064827291741,-64.3740432168786));
#4969=CARTESIAN_POINT('Ctrl Pts',(-133.95733097964,-20.1355974508484,-64.6494260285344));
#4970=CARTESIAN_POINT('Ctrl Pts',(-135.163378496922,-19.5556110860683,-64.8162802707028));
#4971=CARTESIAN_POINT('Ctrl Pts',(-137.412844741742,-18.2109630536425,-65.1790263568757));
#4972=CARTESIAN_POINT('Ctrl Pts',(-138.456250106343,-17.4461936582044,-65.3746016585737));
#4973=CARTESIAN_POINT('Ctrl Pts',(-140.235610533702,-15.8937132685815,-65.7404491190092));
#4974=CARTESIAN_POINT('Ctrl Pts',(-141.096681531801,-15.0185609509765,-65.933930641583));
#4975=CARTESIAN_POINT('Ctrl Pts',(-142.649571344933,-13.126830478319,-66.3082464413474));
#4976=CARTESIAN_POINT('Ctrl Pts',(-143.341512410269,-12.1101778603566,-66.4881966909248));
#4977=CARTESIAN_POINT('Ctrl Pts',(-144.295087275126,-10.45398659305,-66.7456817867553));
#4978=CARTESIAN_POINT('Ctrl Pts',(-144.66619508522,-9.72257189557655,-66.8492700243484));
#4979=CARTESIAN_POINT('Ctrl Pts',(-145.,-8.95647051902503,-66.9446428571428));
#4980=CARTESIAN_POINT('',(-145.,8.95647051902494,-66.9446428571429));
#4981=CARTESIAN_POINT('Origin',(-145.,0.,5.));
#4982=CARTESIAN_POINT('',(-122.,21.7779827469284,-64.1517857142857));
#4983=CARTESIAN_POINT('Ctrl Pts',(-145.,8.95647051902494,-66.9446428571429));
#4984=CARTESIAN_POINT('Ctrl Pts',(-144.66619508522,9.72257189557648,-66.8492700243484));
#4985=CARTESIAN_POINT('Ctrl Pts',(-144.295087275126,10.45398659305,-66.7456817867553));
#4986=CARTESIAN_POINT('Ctrl Pts',(-143.341512410269,12.1101778603566,-66.4881966909248));
#4987=CARTESIAN_POINT('Ctrl Pts',(-142.649571344933,13.1268304783189,-66.3082464413474));
#4988=CARTESIAN_POINT('Ctrl Pts',(-141.096681531801,15.0185609509765,-65.933930641583));
#4989=CARTESIAN_POINT('Ctrl Pts',(-140.235610533702,15.8937132685815,-65.7404491190092));
#4990=CARTESIAN_POINT('Ctrl Pts',(-138.456250106343,17.4461936582044,-65.3746016585737));
#4991=CARTESIAN_POINT('Ctrl Pts',(-137.412844741742,18.2109630536425,-65.1790263568757));
#4992=CARTESIAN_POINT('Ctrl Pts',(-135.163378496922,19.5556110860682,-64.8162802707028));
#4993=CARTESIAN_POINT('Ctrl Pts',(-133.95733097964,20.1355974508484,-64.6494260285345));
#4994=CARTESIAN_POINT('Ctrl Pts',(-131.456020009704,21.0648272917409,-64.3740432168787));
#4995=CARTESIAN_POINT('Ctrl Pts',(-130.158943423549,21.4147769997061,-64.265539310394));
#4996=CARTESIAN_POINT('Ctrl Pts',(-127.559563631238,21.872927494834,-64.1222298008731));
#4997=CARTESIAN_POINT('Ctrl Pts',(-126.257245595194,21.9810678482643,-64.0875));
#4998=CARTESIAN_POINT('Ctrl Pts',(-124.02459141761,21.9810678482643,-64.0875));
#4999=CARTESIAN_POINT('Ctrl Pts',(-123.015614711796,21.9161922635263,-64.1082593694944));
#5000=CARTESIAN_POINT('Ctrl Pts',(-122.,21.7779827469284,-64.1517857142857));
#5001=CARTESIAN_POINT('',(-122.,33.4983373288137,-59.2970558906471));
#5002=CARTESIAN_POINT('Origin',(-122.,0.,5.));
#5003=CARTESIAN_POINT('',(-145.,44.53936379483,-52.20572587383));
#5004=CARTESIAN_POINT('Ctrl Pts',(-122.,33.4983373288137,-59.2970558906471));
#5005=CARTESIAN_POINT('Ctrl Pts',(-123.015614711796,33.3698306688407,-59.3640070034959));
#5006=CARTESIAN_POINT('Ctrl Pts',(-124.02459141761,33.3092776119963,-59.3952018784549));
#5007=CARTESIAN_POINT('Ctrl Pts',(-126.257245595194,33.3092776119963,-59.3952018784549));
#5008=CARTESIAN_POINT('Ctrl Pts',(-127.559563631238,33.4103020669334,-59.343292778931));
#5009=CARTESIAN_POINT('Ctrl Pts',(-130.158943423549,33.8355985148331,-59.1206665830129));
#5010=CARTESIAN_POINT('Ctrl Pts',(-131.456020009704,34.15977417447,-58.949938619497));
#5011=CARTESIAN_POINT('Ctrl Pts',(-133.95733097964,35.01156394979,-58.487598951265));
#5012=CARTESIAN_POINT('Ctrl Pts',(-135.163378496922,35.5396600074288,-58.1954704258402));
#5013=CARTESIAN_POINT('Ctrl Pts',(-137.412844741742,36.7469699668479,-57.5011609011845));
#5014=CARTESIAN_POINT('Ctrl Pts',(-138.456250106343,37.4260362144694,-57.0986798976896));
#5015=CARTESIAN_POINT('Ctrl Pts',(-140.235610533702,38.7824988457847,-56.2596037066819));
#5016=CARTESIAN_POINT('Ctrl Pts',(-141.096681531801,39.5381370807806,-55.7775896649785));
#5017=CARTESIAN_POINT('Ctrl Pts',(-142.649571344933,41.1404737664927,-54.7046154599038));
#5018=CARTESIAN_POINT('Ctrl Pts',(-143.341512410269,41.9865997685173,-54.112977541384));
#5019=CARTESIAN_POINT('Ctrl Pts',(-144.295087275126,43.339773301888,-53.1239429226458));
#5020=CARTESIAN_POINT('Ctrl Pts',(-144.66619508522,43.9302095395842,-52.680002575456));
#5021=CARTESIAN_POINT('Ctrl Pts',(-145.,44.53936379483,-52.20572587383));
#5022=CARTESIAN_POINT('',(-145.,57.2057258738299,-39.5393637948301));
#5023=CARTESIAN_POINT('Origin',(-145.,0.,5.));
#5024=CARTESIAN_POINT('',(-122.,64.2970558906471,-28.4983373288138));
#5025=CARTESIAN_POINT('Ctrl Pts',(-145.,57.2057258738299,-39.5393637948301));
#5026=CARTESIAN_POINT('Ctrl Pts',(-144.66619508522,57.680002575456,-38.9302095395842));
#5027=CARTESIAN_POINT('Ctrl Pts',(-144.295087275126,58.1239429226458,-38.339773301888));
#5028=CARTESIAN_POINT('Ctrl Pts',(-143.341512410269,59.112977541384,-36.9865997685173));
#5029=CARTESIAN_POINT('Ctrl Pts',(-142.649571344933,59.7046154599038,-36.1404737664927));
#5030=CARTESIAN_POINT('Ctrl Pts',(-141.096681531801,60.7775896649785,-34.5381370807806));
#5031=CARTESIAN_POINT('Ctrl Pts',(-140.235610533702,61.2596037066819,-33.7824988457847));
#5032=CARTESIAN_POINT('Ctrl Pts',(-138.456250106343,62.0986798976896,-32.4260362144694));
#5033=CARTESIAN_POINT('Ctrl Pts',(-137.412844741742,62.5011609011845,-31.746969966848));
#5034=CARTESIAN_POINT('Ctrl Pts',(-135.163378496922,63.1954704258402,-30.5396600074288));
#5035=CARTESIAN_POINT('Ctrl Pts',(-133.95733097964,63.487598951265,-30.0115639497901));
#5036=CARTESIAN_POINT('Ctrl Pts',(-131.456020009704,63.949938619497,-29.15977417447));
#5037=CARTESIAN_POINT('Ctrl Pts',(-130.158943423549,64.1206665830129,-28.8355985148331));
#5038=CARTESIAN_POINT('Ctrl Pts',(-127.559563631238,64.343292778931,-28.4103020669334));
#5039=CARTESIAN_POINT('Ctrl Pts',(-126.257245595194,64.3952018784549,-28.3092776119963));
#5040=CARTESIAN_POINT('Ctrl Pts',(-124.02459141761,64.3952018784549,-28.3092776119963));
#5041=CARTESIAN_POINT('Ctrl Pts',(-123.015614711796,64.3640070034959,-28.3698306688407));
#5042=CARTESIAN_POINT('Ctrl Pts',(-122.,64.2970558906471,-28.4983373288138));
#5043=CARTESIAN_POINT('',(-122.,69.1517857142857,-16.7779827469284));
#5044=CARTESIAN_POINT('Origin',(-122.,0.,5.));
#5045=CARTESIAN_POINT('',(-145.,71.9446428571428,-3.95647051902499));
#5046=CARTESIAN_POINT('Ctrl Pts',(-122.,69.1517857142857,-16.7779827469284));
#5047=CARTESIAN_POINT('Ctrl Pts',(-123.015614711796,69.1082593694944,-16.9161922635263));
#5048=CARTESIAN_POINT('Ctrl Pts',(-124.02459141761,69.0875,-16.9810678482643));
#5049=CARTESIAN_POINT('Ctrl Pts',(-126.257245595194,69.0875,-16.9810678482643));
#5050=CARTESIAN_POINT('Ctrl Pts',(-127.559563631238,69.122229800873,-16.872927494834));
#5051=CARTESIAN_POINT('Ctrl Pts',(-130.158943423549,69.265539310394,-16.4147769997061));
#5052=CARTESIAN_POINT('Ctrl Pts',(-131.456020009704,69.3740432168786,-16.064827291741));
#5053=CARTESIAN_POINT('Ctrl Pts',(-133.95733097964,69.6494260285344,-15.1355974508485));
#5054=CARTESIAN_POINT('Ctrl Pts',(-135.163378496922,69.8162802707028,-14.5556110860683));
#5055=CARTESIAN_POINT('Ctrl Pts',(-137.412844741742,70.1790263568757,-13.2109630536425));
#5056=CARTESIAN_POINT('Ctrl Pts',(-138.456250106343,70.3746016585737,-12.4461936582044));
#5057=CARTESIAN_POINT('Ctrl Pts',(-140.235610533702,70.7404491190092,-10.8937132685815));
#5058=CARTESIAN_POINT('Ctrl Pts',(-141.096681531801,70.933930641583,-10.0185609509765));
#5059=CARTESIAN_POINT('Ctrl Pts',(-142.649571344933,71.3082464413474,-8.12683047831895));
#5060=CARTESIAN_POINT('Ctrl Pts',(-143.341512410269,71.4881966909248,-7.11017786035661));
#5061=CARTESIAN_POINT('Ctrl Pts',(-144.295087275126,71.7456817867553,-5.45398659305));
#5062=CARTESIAN_POINT('Ctrl Pts',(-144.66619508522,71.8492700243484,-4.72257189557651));
#5063=CARTESIAN_POINT('Ctrl Pts',(-145.,71.9446428571428,-3.95647051902498));
#5064=CARTESIAN_POINT('',(-145.,71.9446428571428,13.956470519025));
#5065=CARTESIAN_POINT('Origin',(-145.,0.,5.));
#5066=CARTESIAN_POINT('',(-122.,69.1517857142857,26.7779827469284));
#5067=CARTESIAN_POINT('Ctrl Pts',(-145.,71.9446428571429,13.956470519025));
#5068=CARTESIAN_POINT('Ctrl Pts',(-144.66619508522,71.8492700243484,14.7225718955765));
#5069=CARTESIAN_POINT('Ctrl Pts',(-144.295087275126,71.7456817867553,15.45398659305));
#5070=CARTESIAN_POINT('Ctrl Pts',(-143.341512410269,71.4881966909248,17.1101778603566));
#5071=CARTESIAN_POINT('Ctrl Pts',(-142.649571344933,71.3082464413474,18.1268304783189));
#5072=CARTESIAN_POINT('Ctrl Pts',(-141.096681531801,70.933930641583,20.0185609509765));
#5073=CARTESIAN_POINT('Ctrl Pts',(-140.235610533702,70.7404491190092,20.8937132685815));
#5074=CARTESIAN_POINT('Ctrl Pts',(-138.456250106343,70.3746016585737,22.4461936582044));
#5075=CARTESIAN_POINT('Ctrl Pts',(-137.412844741742,70.1790263568757,23.2109630536425));
#5076=CARTESIAN_POINT('Ctrl Pts',(-135.163378496922,69.8162802707028,24.5556110860682));
#5077=CARTESIAN_POINT('Ctrl Pts',(-133.95733097964,69.6494260285344,25.1355974508484));
#5078=CARTESIAN_POINT('Ctrl Pts',(-131.456020009704,69.3740432168787,26.064827291741));
#5079=CARTESIAN_POINT('Ctrl Pts',(-130.158943423549,69.265539310394,26.4147769997061));
#5080=CARTESIAN_POINT('Ctrl Pts',(-127.559563631238,69.1222298008731,26.872927494834));
#5081=CARTESIAN_POINT('Ctrl Pts',(-126.257245595194,69.0875,26.9810678482643));
#5082=CARTESIAN_POINT('Ctrl Pts',(-124.02459141761,69.0875,26.9810678482643));
#5083=CARTESIAN_POINT('Ctrl Pts',(-123.015614711796,69.1082593694945,26.9161922635263));
#5084=CARTESIAN_POINT('Ctrl Pts',(-122.,69.1517857142857,26.7779827469284));
#5085=CARTESIAN_POINT('',(-122.,64.2970558906471,38.4983373288137));
#5086=CARTESIAN_POINT('Origin',(-122.,0.,5.));
#5087=CARTESIAN_POINT('',(-145.,57.20572587383,49.53936379483));
#5088=CARTESIAN_POINT('Ctrl Pts',(-122.,64.2970558906471,38.4983373288137));
#5089=CARTESIAN_POINT('Ctrl Pts',(-123.015614711796,64.3640070034959,38.3698306688407));
#5090=CARTESIAN_POINT('Ctrl Pts',(-124.02459141761,64.3952018784549,38.3092776119963));
#5091=CARTESIAN_POINT('Ctrl Pts',(-126.257245595194,64.3952018784549,38.3092776119963));
#5092=CARTESIAN_POINT('Ctrl Pts',(-127.559563631238,64.343292778931,38.4103020669334));
#5093=CARTESIAN_POINT('Ctrl Pts',(-130.158943423549,64.1206665830129,38.8355985148331));
#5094=CARTESIAN_POINT('Ctrl Pts',(-131.456020009704,63.949938619497,39.15977417447));
#5095=CARTESIAN_POINT('Ctrl Pts',(-133.95733097964,63.487598951265,40.01156394979));
#5096=CARTESIAN_POINT('Ctrl Pts',(-135.163378496922,63.1954704258402,40.5396600074288));
#5097=CARTESIAN_POINT('Ctrl Pts',(-137.412844741742,62.5011609011845,41.7469699668479));
#5098=CARTESIAN_POINT('Ctrl Pts',(-138.456250106343,62.0986798976896,42.4260362144694));
#5099=CARTESIAN_POINT('Ctrl Pts',(-140.235610533702,61.2596037066819,43.7824988457847));
#5100=CARTESIAN_POINT('Ctrl Pts',(-141.096681531801,60.7775896649786,44.5381370807806));
#5101=CARTESIAN_POINT('Ctrl Pts',(-142.649571344933,59.7046154599038,46.1404737664926));
#5102=CARTESIAN_POINT('Ctrl Pts',(-143.341512410269,59.112977541384,46.9865997685173));
#5103=CARTESIAN_POINT('Ctrl Pts',(-144.295087275126,58.1239429226458,48.339773301888));
#5104=CARTESIAN_POINT('Ctrl Pts',(-144.66619508522,57.680002575456,48.9302095395842));
#5105=CARTESIAN_POINT('Ctrl Pts',(-145.,57.20572587383,49.53936379483));
#5106=CARTESIAN_POINT('',(-145.,44.5393637948301,62.2057258738299));
#5107=CARTESIAN_POINT('Origin',(-145.,0.,5.));
#5108=CARTESIAN_POINT('',(-122.,33.4983373288138,69.2970558906471));
#5109=CARTESIAN_POINT('Ctrl Pts',(-145.,44.5393637948301,62.2057258738299));
#5110=CARTESIAN_POINT('Ctrl Pts',(-144.66619508522,43.9302095395843,62.680002575456));
#5111=CARTESIAN_POINT('Ctrl Pts',(-144.295087275126,43.339773301888,63.1239429226457));
#5112=CARTESIAN_POINT('Ctrl Pts',(-143.341512410269,41.9865997685173,64.112977541384));
#5113=CARTESIAN_POINT('Ctrl Pts',(-142.649571344933,41.1404737664927,64.7046154599038));
#5114=CARTESIAN_POINT('Ctrl Pts',(-141.096681531801,39.5381370807807,65.7775896649785));
#5115=CARTESIAN_POINT('Ctrl Pts',(-140.235610533702,38.7824988457847,66.2596037066819));
#5116=CARTESIAN_POINT('Ctrl Pts',(-138.456250106343,37.4260362144694,67.0986798976896));
#5117=CARTESIAN_POINT('Ctrl Pts',(-137.412844741742,36.746969966848,67.5011609011845));
#5118=CARTESIAN_POINT('Ctrl Pts',(-135.163378496922,35.5396600074289,68.1954704258402));
#5119=CARTESIAN_POINT('Ctrl Pts',(-133.95733097964,35.0115639497901,68.487598951265));
#5120=CARTESIAN_POINT('Ctrl Pts',(-131.456020009704,34.15977417447,68.949938619497));
#5121=CARTESIAN_POINT('Ctrl Pts',(-130.158943423549,33.8355985148331,69.1206665830129));
#5122=CARTESIAN_POINT('Ctrl Pts',(-127.559563631238,33.4103020669334,69.343292778931));
#5123=CARTESIAN_POINT('Ctrl Pts',(-126.257245595194,33.3092776119963,69.3952018784549));
#5124=CARTESIAN_POINT('Ctrl Pts',(-124.02459141761,33.3092776119963,69.3952018784549));
#5125=CARTESIAN_POINT('Ctrl Pts',(-123.015614711796,33.3698306688407,69.3640070034959));
#5126=CARTESIAN_POINT('Ctrl Pts',(-122.,33.4983373288138,69.2970558906471));
#5127=CARTESIAN_POINT('',(-122.,21.7779827469284,74.1517857142857));
#5128=CARTESIAN_POINT('Origin',(-122.,0.,5.));
#5129=CARTESIAN_POINT('',(-145.,8.95647051902494,76.9446428571429));
#5130=CARTESIAN_POINT('Ctrl Pts',(-122.,21.7779827469284,74.1517857142857));
#5131=CARTESIAN_POINT('Ctrl Pts',(-123.015614711796,21.9161922635263,74.1082593694944));
#5132=CARTESIAN_POINT('Ctrl Pts',(-124.02459141761,21.9810678482643,74.0875));
#5133=CARTESIAN_POINT('Ctrl Pts',(-126.257245595194,21.9810678482643,74.0875));
#5134=CARTESIAN_POINT('Ctrl Pts',(-127.559563631238,21.872927494834,74.1222298008731));
#5135=CARTESIAN_POINT('Ctrl Pts',(-130.158943423549,21.4147769997061,74.265539310394));
#5136=CARTESIAN_POINT('Ctrl Pts',(-131.456020009704,21.0648272917409,74.3740432168786));
#5137=CARTESIAN_POINT('Ctrl Pts',(-133.95733097964,20.1355974508484,74.6494260285344));
#5138=CARTESIAN_POINT('Ctrl Pts',(-135.163378496922,19.5556110860683,74.8162802707028));
#5139=CARTESIAN_POINT('Ctrl Pts',(-137.412844741742,18.2109630536425,75.1790263568757));
#5140=CARTESIAN_POINT('Ctrl Pts',(-138.456250106343,17.4461936582044,75.3746016585737));
#5141=CARTESIAN_POINT('Ctrl Pts',(-140.235610533702,15.8937132685815,75.7404491190092));
#5142=CARTESIAN_POINT('Ctrl Pts',(-141.096681531801,15.0185609509765,75.933930641583));
#5143=CARTESIAN_POINT('Ctrl Pts',(-142.649571344933,13.1268304783189,76.3082464413474));
#5144=CARTESIAN_POINT('Ctrl Pts',(-143.341512410269,12.1101778603566,76.4881966909248));
#5145=CARTESIAN_POINT('Ctrl Pts',(-144.295087275126,10.45398659305,76.7456817867553));
#5146=CARTESIAN_POINT('Ctrl Pts',(-144.66619508522,9.72257189557648,76.8492700243484));
#5147=CARTESIAN_POINT('Ctrl Pts',(-145.,8.95647051902494,76.9446428571429));
#5148=CARTESIAN_POINT('',(-145.,-8.95647051902497,76.9446428571428));
#5149=CARTESIAN_POINT('Origin',(-145.,0.,5.));
#5150=CARTESIAN_POINT('',(-122.,-21.7779827469284,74.1517857142857));
#5151=CARTESIAN_POINT('Ctrl Pts',(-145.,-8.95647051902497,76.9446428571428));
#5152=CARTESIAN_POINT('Ctrl Pts',(-144.66619508522,-9.72257189557652,76.8492700243484));
#5153=CARTESIAN_POINT('Ctrl Pts',(-144.295087275126,-10.45398659305,76.7456817867553));
#5154=CARTESIAN_POINT('Ctrl Pts',(-143.341512410269,-12.1101778603566,76.4881966909248));
#5155=CARTESIAN_POINT('Ctrl Pts',(-142.649571344933,-13.126830478319,76.3082464413474));
#5156=CARTESIAN_POINT('Ctrl Pts',(-141.096681531801,-15.0185609509765,75.933930641583));
#5157=CARTESIAN_POINT('Ctrl Pts',(-140.235610533702,-15.8937132685815,75.7404491190092));
#5158=CARTESIAN_POINT('Ctrl Pts',(-138.456250106343,-17.4461936582044,75.3746016585737));
#5159=CARTESIAN_POINT('Ctrl Pts',(-137.412844741742,-18.2109630536425,75.1790263568757));
#5160=CARTESIAN_POINT('Ctrl Pts',(-135.163378496922,-19.5556110860683,74.8162802707028));
#5161=CARTESIAN_POINT('Ctrl Pts',(-133.95733097964,-20.1355974508484,74.6494260285345));
#5162=CARTESIAN_POINT('Ctrl Pts',(-131.456020009704,-21.064827291741,74.3740432168787));
#5163=CARTESIAN_POINT('Ctrl Pts',(-130.158943423549,-21.4147769997061,74.265539310394));
#5164=CARTESIAN_POINT('Ctrl Pts',(-127.559563631238,-21.872927494834,74.122229800873));
#5165=CARTESIAN_POINT('Ctrl Pts',(-126.257245595194,-21.9810678482643,74.0875));
#5166=CARTESIAN_POINT('Ctrl Pts',(-124.02459141761,-21.9810678482643,74.0875));
#5167=CARTESIAN_POINT('Ctrl Pts',(-123.015614711796,-21.9161922635263,74.1082593694944));
#5168=CARTESIAN_POINT('Ctrl Pts',(-122.,-21.7779827469284,74.1517857142857));
#5169=CARTESIAN_POINT('',(-122.,-33.4983373288138,69.2970558906471));
#5170=CARTESIAN_POINT('Origin',(-122.,0.,5.));
#5171=CARTESIAN_POINT('',(-145.,-44.5393637948301,62.20572587383));
#5172=CARTESIAN_POINT('Ctrl Pts',(-122.,-33.4983373288137,69.2970558906471));
#5173=CARTESIAN_POINT('Ctrl Pts',(-123.015614711796,-33.3698306688407,69.3640070034959));
#5174=CARTESIAN_POINT('Ctrl Pts',(-124.02459141761,-33.3092776119963,69.3952018784549));
#5175=CARTESIAN_POINT('Ctrl Pts',(-126.257245595194,-33.3092776119963,69.3952018784549));
#5176=CARTESIAN_POINT('Ctrl Pts',(-127.559563631238,-33.4103020669334,69.343292778931));
#5177=CARTESIAN_POINT('Ctrl Pts',(-130.158943423549,-33.8355985148331,69.1206665830129));
#5178=CARTESIAN_POINT('Ctrl Pts',(-131.456020009704,-34.15977417447,68.949938619497));
#5179=CARTESIAN_POINT('Ctrl Pts',(-133.95733097964,-35.0115639497901,68.487598951265));
#5180=CARTESIAN_POINT('Ctrl Pts',(-135.163378496922,-35.5396600074288,68.1954704258402));
#5181=CARTESIAN_POINT('Ctrl Pts',(-137.412844741742,-36.746969966848,67.5011609011845));
#5182=CARTESIAN_POINT('Ctrl Pts',(-138.456250106343,-37.4260362144694,67.0986798976896));
#5183=CARTESIAN_POINT('Ctrl Pts',(-140.235610533702,-38.7824988457847,66.2596037066819));
#5184=CARTESIAN_POINT('Ctrl Pts',(-141.096681531801,-39.5381370807806,65.7775896649785));
#5185=CARTESIAN_POINT('Ctrl Pts',(-142.649571344933,-41.1404737664927,64.7046154599038));
#5186=CARTESIAN_POINT('Ctrl Pts',(-143.341512410269,-41.9865997685173,64.112977541384));
#5187=CARTESIAN_POINT('Ctrl Pts',(-144.295087275127,-43.339773301888,63.1239429226458));
#5188=CARTESIAN_POINT('Ctrl Pts',(-144.66619508522,-43.9302095395842,62.680002575456));
#5189=CARTESIAN_POINT('Ctrl Pts',(-145.,-44.5393637948301,62.20572587383));
#5190=CARTESIAN_POINT('',(-145.,-57.20572587383,49.53936379483));
#5191=CARTESIAN_POINT('Origin',(-145.,0.,5.));
#5192=CARTESIAN_POINT('',(-122.,-64.2970558906471,38.4983373288138));
#5193=CARTESIAN_POINT('Ctrl Pts',(-145.,-57.20572587383,49.53936379483));
#5194=CARTESIAN_POINT('Ctrl Pts',(-144.66619508522,-57.680002575456,48.9302095395842));
#5195=CARTESIAN_POINT('Ctrl Pts',(-144.295087275126,-58.1239429226458,48.339773301888));
#5196=CARTESIAN_POINT('Ctrl Pts',(-143.341512410269,-59.112977541384,46.9865997685173));
#5197=CARTESIAN_POINT('Ctrl Pts',(-142.649571344933,-59.7046154599038,46.1404737664927));
#5198=CARTESIAN_POINT('Ctrl Pts',(-141.096681531801,-60.7775896649785,44.5381370807806));
#5199=CARTESIAN_POINT('Ctrl Pts',(-140.235610533702,-61.2596037066819,43.7824988457847));
#5200=CARTESIAN_POINT('Ctrl Pts',(-138.456250106343,-62.0986798976896,42.4260362144694));
#5201=CARTESIAN_POINT('Ctrl Pts',(-137.412844741742,-62.5011609011845,41.746969966848));
#5202=CARTESIAN_POINT('Ctrl Pts',(-135.163378496922,-63.1954704258402,40.5396600074288));
#5203=CARTESIAN_POINT('Ctrl Pts',(-133.95733097964,-63.487598951265,40.01156394979));
#5204=CARTESIAN_POINT('Ctrl Pts',(-131.456020009704,-63.949938619497,39.15977417447));
#5205=CARTESIAN_POINT('Ctrl Pts',(-130.158943423549,-64.1206665830129,38.8355985148331));
#5206=CARTESIAN_POINT('Ctrl Pts',(-127.559563631238,-64.343292778931,38.4103020669334));
#5207=CARTESIAN_POINT('Ctrl Pts',(-126.257245595194,-64.3952018784549,38.3092776119963));
#5208=CARTESIAN_POINT('Ctrl Pts',(-124.02459141761,-64.3952018784549,38.3092776119963));
#5209=CARTESIAN_POINT('Ctrl Pts',(-123.015614711796,-64.3640070034959,38.3698306688407));
#5210=CARTESIAN_POINT('Ctrl Pts',(-122.,-64.2970558906471,38.4983373288138));
#5211=CARTESIAN_POINT('',(-122.,-69.1517857142857,26.7779827469284));
#5212=CARTESIAN_POINT('Origin',(-122.,0.,5.));
#5213=CARTESIAN_POINT('Ctrl Pts',(-122.,-69.1517857142857,26.7779827469284));
#5214=CARTESIAN_POINT('Ctrl Pts',(-123.015614711796,-69.1082593694944,26.9161922635263));
#5215=CARTESIAN_POINT('Ctrl Pts',(-124.02459141761,-69.0875,26.9810678482643));
#5216=CARTESIAN_POINT('Ctrl Pts',(-126.257245595194,-69.0875,26.9810678482643));
#5217=CARTESIAN_POINT('Ctrl Pts',(-127.559563631238,-69.122229800873,26.872927494834));
#5218=CARTESIAN_POINT('Ctrl Pts',(-130.158943423549,-69.265539310394,26.4147769997061));
#5219=CARTESIAN_POINT('Ctrl Pts',(-131.456020009704,-69.3740432168787,26.064827291741));
#5220=CARTESIAN_POINT('Ctrl Pts',(-133.95733097964,-69.6494260285344,25.1355974508484));
#5221=CARTESIAN_POINT('Ctrl Pts',(-135.163378496922,-69.8162802707028,24.5556110860682));
#5222=CARTESIAN_POINT('Ctrl Pts',(-137.412844741742,-70.1790263568757,23.2109630536425));
#5223=CARTESIAN_POINT('Ctrl Pts',(-138.456250106343,-70.3746016585737,22.4461936582044));
#5224=CARTESIAN_POINT('Ctrl Pts',(-140.235610533702,-70.7404491190092,20.8937132685815));
#5225=CARTESIAN_POINT('Ctrl Pts',(-141.096681531801,-70.933930641583,20.0185609509765));
#5226=CARTESIAN_POINT('Ctrl Pts',(-142.649571344933,-71.3082464413474,18.1268304783189));
#5227=CARTESIAN_POINT('Ctrl Pts',(-143.341512410269,-71.4881966909248,17.1101778603566));
#5228=CARTESIAN_POINT('Ctrl Pts',(-144.295087275126,-71.7456817867553,15.45398659305));
#5229=CARTESIAN_POINT('Ctrl Pts',(-144.66619508522,-71.8492700243484,14.7225718955765));
#5230=CARTESIAN_POINT('Ctrl Pts',(-145.,-71.9446428571429,13.9564705190249));
#5231=CARTESIAN_POINT('',(-144.843134832984,-72.5,5.00000000000001));
#5232=CARTESIAN_POINT('',(-120.,-72.5,5.00000000000001));
#5233=CARTESIAN_POINT('Ctrl Pts',(-144.843134832984,-72.5,5.00000000000001));
#5234=CARTESIAN_POINT('Ctrl Pts',(-144.843134832984,-72.5,6.67634130886131));
#5235=CARTESIAN_POINT('Ctrl Pts',(-144.62489393157,-72.4369400999738,8.49516287470129));
#5236=CARTESIAN_POINT('Ctrl Pts',(-143.69785767438,-72.1831787952097,11.9939367407558));
#5237=CARTESIAN_POINT('Ctrl Pts',(-142.988803096536,-71.9939952205048,13.6739302740144));
#5238=CARTESIAN_POINT('Ctrl Pts',(-141.65153186681,-71.6661818487449,16.0002178893047));
#5239=CARTESIAN_POINT('Ctrl Pts',(-141.023776865001,-71.5179658549681,16.9245452449945));
#5240=CARTESIAN_POINT('Ctrl Pts',(-139.614940204331,-71.2096448009409,18.645537986298));
#5241=CARTESIAN_POINT('Ctrl Pts',(-138.833756217906,-71.0502693993085,19.442250246034));
#5242=CARTESIAN_POINT('Ctrl Pts',(-137.218654775298,-70.7487336270934,20.8570661452443));
#5243=CARTESIAN_POINT('Ctrl Pts',(-136.271056501473,-70.5874527899299,21.5547697462257));
#5244=CARTESIAN_POINT('Ctrl Pts',(-134.228191793048,-70.2883299980716,22.7820009794529));
#5245=CARTESIAN_POINT('Ctrl Pts',(-133.132940237734,-70.1507495198364,23.3116170961052));
#5246=CARTESIAN_POINT('Ctrl Pts',(-130.861563301392,-69.9237009419611,24.1603501304168));
#5247=CARTESIAN_POINT('Ctrl Pts',(-129.683797941703,-69.8342531680065,24.4801023266506));
#5248=CARTESIAN_POINT('Ctrl Pts',(-127.323696534041,-69.7161217563777,24.8987353715827));
#5249=CARTESIAN_POINT('Ctrl Pts',(-126.141347141282,-69.6875,24.9975584447202));
#5250=CARTESIAN_POINT('Ctrl Pts',(-123.858652858718,-69.6875,24.9975584447202));
#5251=CARTESIAN_POINT('Ctrl Pts',(-122.676303465959,-69.7161217563777,24.8987353715827));
#5252=CARTESIAN_POINT('Ctrl Pts',(-120.996105877234,-69.8002215803628,24.6007031639953));
#5253=CARTESIAN_POINT('Ctrl Pts',(-120.49630909538,-69.8306207789014,24.492357935908));
#5254=CARTESIAN_POINT('Ctrl Pts',(-120.,-69.8660714285714,24.3644535977072));
#5255=CARTESIAN_POINT('',(-120.,-72.5,5.00000000000001));
#5256=CARTESIAN_POINT('Ctrl Pts',(-120.,-69.8660714285714,-14.3644535977072));
#5257=CARTESIAN_POINT('Ctrl Pts',(-120.49630909538,-69.8306207789014,-14.492357935908));
#5258=CARTESIAN_POINT('Ctrl Pts',(-120.996105877234,-69.8002215803628,-14.6007031639953));
#5259=CARTESIAN_POINT('Ctrl Pts',(-122.676303465959,-69.7161217563777,-14.8987353715827));
#5260=CARTESIAN_POINT('Ctrl Pts',(-123.858652858718,-69.6875,-14.9975584447202));
#5261=CARTESIAN_POINT('Ctrl Pts',(-126.141347141282,-69.6875,-14.9975584447202));
#5262=CARTESIAN_POINT('Ctrl Pts',(-127.323696534041,-69.7161217563777,-14.8987353715827));
#5263=CARTESIAN_POINT('Ctrl Pts',(-129.683797941703,-69.8342531680065,-14.4801023266505));
#5264=CARTESIAN_POINT('Ctrl Pts',(-130.861563301392,-69.9237009419611,-14.1603501304168));
#5265=CARTESIAN_POINT('Ctrl Pts',(-133.132940237734,-70.1507495198364,-13.3116170961053));
#5266=CARTESIAN_POINT('Ctrl Pts',(-134.228191793048,-70.2883299980716,-12.7820009794529));
#5267=CARTESIAN_POINT('Ctrl Pts',(-136.271056501473,-70.5874527899299,-11.5547697462257));
#5268=CARTESIAN_POINT('Ctrl Pts',(-137.218654775298,-70.7487336270934,-10.8570661452444));
#5269=CARTESIAN_POINT('Ctrl Pts',(-138.833756217906,-71.0502693993085,-9.44225024603402));
#5270=CARTESIAN_POINT('Ctrl Pts',(-139.614940204331,-71.2096448009409,-8.64553798629806));
#5271=CARTESIAN_POINT('Ctrl Pts',(-141.023776865001,-71.5179658549681,-6.92454524499453));
#5272=CARTESIAN_POINT('Ctrl Pts',(-141.65153186681,-71.6661818487449,-6.00021788930474));
#5273=CARTESIAN_POINT('Ctrl Pts',(-142.988803096536,-71.9939952205048,-3.67393027401444));
#5274=CARTESIAN_POINT('Ctrl Pts',(-143.69785767438,-72.1831787952097,-1.99393674075583));
#5275=CARTESIAN_POINT('Ctrl Pts',(-144.62489393157,-72.4369400999738,1.50483712529872));
#5276=CARTESIAN_POINT('Ctrl Pts',(-144.843134832984,-72.5,3.3236586911387));
#5277=CARTESIAN_POINT('Ctrl Pts',(-144.843134832984,-72.5,5.00000000000001));
#5278=CARTESIAN_POINT('Ctrl Pts',(-120.,-19.3644535977072,74.8660714285714));
#5279=CARTESIAN_POINT('Ctrl Pts',(-120.49630909538,-19.492357935908,74.8306207789014));
#5280=CARTESIAN_POINT('Ctrl Pts',(-120.996105877234,-19.6007031639953,74.8002215803628));
#5281=CARTESIAN_POINT('Ctrl Pts',(-122.676303465959,-19.8987353715827,74.7161217563777));
#5282=CARTESIAN_POINT('Ctrl Pts',(-123.858652858718,-19.9975584447202,74.6875));
#5283=CARTESIAN_POINT('Ctrl Pts',(-126.141347141282,-19.9975584447202,74.6875));
#5284=CARTESIAN_POINT('Ctrl Pts',(-127.323696534041,-19.8987353715827,74.7161217563777));
#5285=CARTESIAN_POINT('Ctrl Pts',(-129.683797941703,-19.4801023266506,74.8342531680065));
#5286=CARTESIAN_POINT('Ctrl Pts',(-130.861563301392,-19.1603501304168,74.9237009419611));
#5287=CARTESIAN_POINT('Ctrl Pts',(-133.132940237734,-18.3116170961052,75.1507495198364));
#5288=CARTESIAN_POINT('Ctrl Pts',(-134.228191793048,-17.7820009794528,75.2883299980716));
#5289=CARTESIAN_POINT('Ctrl Pts',(-136.271056501473,-16.5547697462257,75.5874527899299));
#5290=CARTESIAN_POINT('Ctrl Pts',(-137.218654775298,-15.8570661452443,75.7487336270934));
#5291=CARTESIAN_POINT('Ctrl Pts',(-138.833756217906,-14.442250246034,76.0502693993085));
#5292=CARTESIAN_POINT('Ctrl Pts',(-139.614940204331,-13.645537986298,76.2096448009409));
#5293=CARTESIAN_POINT('Ctrl Pts',(-141.023776865001,-11.9245452449945,76.5179658549681));
#5294=CARTESIAN_POINT('Ctrl Pts',(-141.65153186681,-11.0002178893047,76.6661818487449));
#5295=CARTESIAN_POINT('Ctrl Pts',(-142.988803096536,-8.67393027401443,76.9939952205048));
#5296=CARTESIAN_POINT('Ctrl Pts',(-143.69785767438,-6.99393674075583,77.1831787952097));
#5297=CARTESIAN_POINT('Ctrl Pts',(-144.62489393157,-3.49516287470128,77.4369400999738));
#5298=CARTESIAN_POINT('Ctrl Pts',(-144.843134832984,-1.6763413088613,77.5));
#5299=CARTESIAN_POINT('Ctrl Pts',(-144.843134832984,1.67634130886131,77.5));
#5300=CARTESIAN_POINT('Ctrl Pts',(-144.62489393157,3.49516287470129,77.4369400999738));
#5301=CARTESIAN_POINT('Ctrl Pts',(-143.69785767438,6.99393674075583,77.1831787952097));
#5302=CARTESIAN_POINT('Ctrl Pts',(-142.988803096536,8.67393027401443,76.9939952205048));
#5303=CARTESIAN_POINT('Ctrl Pts',(-141.65153186681,11.0002178893047,76.6661818487449));
#5304=CARTESIAN_POINT('Ctrl Pts',(-141.023776865001,11.9245452449945,76.5179658549681));
#5305=CARTESIAN_POINT('Ctrl Pts',(-139.614940204331,13.6455379862981,76.2096448009409));
#5306=CARTESIAN_POINT('Ctrl Pts',(-138.833756217906,14.442250246034,76.0502693993085));
#5307=CARTESIAN_POINT('Ctrl Pts',(-137.218654775298,15.8570661452443,75.7487336270934));
#5308=CARTESIAN_POINT('Ctrl Pts',(-136.271056501473,16.5547697462257,75.5874527899299));
#5309=CARTESIAN_POINT('Ctrl Pts',(-134.228191793048,17.7820009794528,75.2883299980716));
#5310=CARTESIAN_POINT('Ctrl Pts',(-133.132940237734,18.3116170961052,75.1507495198364));
#5311=CARTESIAN_POINT('Ctrl Pts',(-130.861563301392,19.1603501304168,74.9237009419611));
#5312=CARTESIAN_POINT('Ctrl Pts',(-129.683797941703,19.4801023266506,74.8342531680065));
#5313=CARTESIAN_POINT('Ctrl Pts',(-127.323696534041,19.8987353715827,74.7161217563777));
#5314=CARTESIAN_POINT('Ctrl Pts',(-126.141347141282,19.9975584447202,74.6875));
#5315=CARTESIAN_POINT('Ctrl Pts',(-123.858652858718,19.9975584447202,74.6875));
#5316=CARTESIAN_POINT('Ctrl Pts',(-122.676303465959,19.8987353715827,74.7161217563777));
#5317=CARTESIAN_POINT('Ctrl Pts',(-120.996105877234,19.6007031639953,74.8002215803628));
#5318=CARTESIAN_POINT('Ctrl Pts',(-120.49630909538,19.492357935908,74.8306207789014));
#5319=CARTESIAN_POINT('Ctrl Pts',(-120.,19.3644535977072,74.8660714285714));
#5320=CARTESIAN_POINT('Ctrl Pts',(-120.,63.0955093349175,-30.7100364290956));
#5321=CARTESIAN_POINT('Ctrl Pts',(-120.49630909538,63.1608839650233,-30.5945270094315));
#5322=CARTESIAN_POINT('Ctrl Pts',(-120.996105877234,63.2160001310838,-30.4964198845125));
#5323=CARTESIAN_POINT('Ctrl Pts',(-122.676303465959,63.3672731702444,-30.2262117336789));
#5324=CARTESIAN_POINT('Ctrl Pts',(-123.858652858718,63.4169129973735,-30.1360946305016));
#5325=CARTESIAN_POINT('Ctrl Pts',(-126.141347141282,63.4169129973735,-30.1360946305016));
#5326=CARTESIAN_POINT('Ctrl Pts',(-127.323696534041,63.3672731702444,-30.2262117336789));
#5327=CARTESIAN_POINT('Ctrl Pts',(-129.683797941703,63.154786427578,-30.6057615208131));
#5328=CARTESIAN_POINT('Ctrl Pts',(-130.861563301392,62.9919366088471,-30.8951095945946));
#5329=CARTESIAN_POINT('Ctrl Pts',(-133.132940237734,62.5523393139428,-31.6558020676477));
#5330=CARTESIAN_POINT('Ctrl Pts',(-134.228191793048,62.2751282555512,-32.1275813042773));
#5331=CARTESIAN_POINT('Ctrl Pts',(-136.271056501473,61.6188564829828,-33.2068765859066));
#5332=CARTESIAN_POINT('Ctrl Pts',(-137.218654775298,61.2395483091044,-33.8142703070526));
#5333=CARTESIAN_POINT('Ctrl Pts',(-138.833756217906,60.4523403819458,-35.0279142128183));
#5334=CARTESIAN_POINT('Ctrl Pts',(-139.614940204331,60.0016751676807,-35.7039702815807));
#5335=CARTESIAN_POINT('Ctrl Pts',(-141.023776865001,59.0027654380174,-37.1389118274145));
#5336=CARTESIAN_POINT('Ctrl Pts',(-141.65153186681,58.4539718310527,-37.8973145029388));
#5337=CARTESIAN_POINT('Ctrl Pts',(-142.988803096536,57.0408371414257,-39.7740473088359));
#5338=CARTESIAN_POINT('Ctrl Pts',(-143.69785767438,55.986675310272,-41.0957551171156));
#5339=CARTESIAN_POINT('Ctrl Pts',(-144.62489393157,53.6921049231479,-43.7491981830425));
#5340=CARTESIAN_POINT('Ctrl Pts',(-144.843134832984,52.4505939431037,-45.0798893289457));
#5341=CARTESIAN_POINT('Ctrl Pts',(-144.843134832984,50.0798893289457,-47.4505939431037));
#5342=CARTESIAN_POINT('Ctrl Pts',(-144.62489393157,48.7491981830425,-48.6921049231479));
#5343=CARTESIAN_POINT('Ctrl Pts',(-143.69785767438,46.0957551171156,-50.986675310272));
#5344=CARTESIAN_POINT('Ctrl Pts',(-142.988803096536,44.7740473088359,-52.0408371414257));
#5345=CARTESIAN_POINT('Ctrl Pts',(-141.65153186681,42.8973145029388,-53.4539718310527));
#5346=CARTESIAN_POINT('Ctrl Pts',(-141.023776865001,42.1389118274145,-54.0027654380173));
#5347=CARTESIAN_POINT('Ctrl Pts',(-139.614940204331,40.7039702815807,-55.0016751676807));
#5348=CARTESIAN_POINT('Ctrl Pts',(-138.833756217906,40.0279142128183,-55.4523403819458));
#5349=CARTESIAN_POINT('Ctrl Pts',(-137.218654775298,38.8142703070526,-56.2395483091044));
#5350=CARTESIAN_POINT('Ctrl Pts',(-136.271056501473,38.2068765859066,-56.6188564829828));
#5351=CARTESIAN_POINT('Ctrl Pts',(-134.228191793048,37.1275813042773,-57.2751282555512));
#5352=CARTESIAN_POINT('Ctrl Pts',(-133.132940237734,36.6558020676477,-57.5523393139428));
#5353=CARTESIAN_POINT('Ctrl Pts',(-130.861563301392,35.8951095945946,-57.9919366088471));
#5354=CARTESIAN_POINT('Ctrl Pts',(-129.683797941703,35.6057615208131,-58.154786427578));
#5355=CARTESIAN_POINT('Ctrl Pts',(-127.323696534041,35.2262117336789,-58.3672731702444));
#5356=CARTESIAN_POINT('Ctrl Pts',(-126.141347141282,35.1360946305016,-58.4169129973735));
#5357=CARTESIAN_POINT('Ctrl Pts',(-123.858652858718,35.1360946305016,-58.4169129973735));
#5358=CARTESIAN_POINT('Ctrl Pts',(-122.676303465959,35.2262117336789,-58.3672731702444));
#5359=CARTESIAN_POINT('Ctrl Pts',(-120.996105877234,35.4964198845124,-58.2160001310838));
#5360=CARTESIAN_POINT('Ctrl Pts',(-120.49630909538,35.5945270094315,-58.1608839650234));
#5361=CARTESIAN_POINT('Ctrl Pts',(-120.,35.7100364290955,-58.0955093349175));
#5362=CARTESIAN_POINT('Ctrl Pts',(-120.,69.8660714285714,24.3644535977072));
#5363=CARTESIAN_POINT('Ctrl Pts',(-120.49630909538,69.8306207789014,24.492357935908));
#5364=CARTESIAN_POINT('Ctrl Pts',(-120.996105877234,69.8002215803628,24.6007031639953));
#5365=CARTESIAN_POINT('Ctrl Pts',(-122.676303465959,69.7161217563777,24.8987353715827));
#5366=CARTESIAN_POINT('Ctrl Pts',(-123.858652858718,69.6875,24.9975584447202));
#5367=CARTESIAN_POINT('Ctrl Pts',(-126.141347141282,69.6875,24.9975584447202));
#5368=CARTESIAN_POINT('Ctrl Pts',(-127.323696534041,69.7161217563777,24.8987353715827));
#5369=CARTESIAN_POINT('Ctrl Pts',(-129.683797941703,69.8342531680065,24.4801023266505));
#5370=CARTESIAN_POINT('Ctrl Pts',(-130.861563301392,69.9237009419611,24.1603501304167));
#5371=CARTESIAN_POINT('Ctrl Pts',(-133.132940237734,70.1507495198364,23.3116170961052));
#5372=CARTESIAN_POINT('Ctrl Pts',(-134.228191793048,70.2883299980716,22.7820009794528));
#5373=CARTESIAN_POINT('Ctrl Pts',(-136.271056501473,70.5874527899299,21.5547697462257));
#5374=CARTESIAN_POINT('Ctrl Pts',(-137.218654775298,70.7487336270934,20.8570661452443));
#5375=CARTESIAN_POINT('Ctrl Pts',(-138.833756217906,71.0502693993085,19.442250246034));
#5376=CARTESIAN_POINT('Ctrl Pts',(-139.614940204331,71.2096448009409,18.6455379862981));
#5377=CARTESIAN_POINT('Ctrl Pts',(-141.023776865001,71.5179658549681,16.9245452449945));
#5378=CARTESIAN_POINT('Ctrl Pts',(-141.65153186681,71.6661818487449,16.0002178893047));
#5379=CARTESIAN_POINT('Ctrl Pts',(-142.988803096536,71.9939952205048,13.6739302740144));
#5380=CARTESIAN_POINT('Ctrl Pts',(-143.69785767438,72.1831787952097,11.9939367407558));
#5381=CARTESIAN_POINT('Ctrl Pts',(-144.62489393157,72.4369400999738,8.49516287470128));
#5382=CARTESIAN_POINT('Ctrl Pts',(-144.843134832984,72.5,6.67634130886129));
#5383=CARTESIAN_POINT('Ctrl Pts',(-144.843134832984,72.5,3.32365869113868));
#5384=CARTESIAN_POINT('Ctrl Pts',(-144.62489393157,72.4369400999738,1.5048371252987));
#5385=CARTESIAN_POINT('Ctrl Pts',(-143.69785767438,72.1831787952097,-1.99393674075584));
#5386=CARTESIAN_POINT('Ctrl Pts',(-142.988803096536,71.9939952205047,-3.67393027401445));
#5387=CARTESIAN_POINT('Ctrl Pts',(-141.65153186681,71.6661818487448,-6.00021788930474));
#5388=CARTESIAN_POINT('Ctrl Pts',(-141.023776865001,71.5179658549681,-6.92454524499454));
#5389=CARTESIAN_POINT('Ctrl Pts',(-139.614940204331,71.2096448009409,-8.64553798629806));
#5390=CARTESIAN_POINT('Ctrl Pts',(-138.833756217906,71.0502693993085,-9.44225024603403));
#5391=CARTESIAN_POINT('Ctrl Pts',(-137.218654775298,70.7487336270934,-10.8570661452444));
#5392=CARTESIAN_POINT('Ctrl Pts',(-136.271056501473,70.5874527899299,-11.5547697462257));
#5393=CARTESIAN_POINT('Ctrl Pts',(-134.228191793048,70.2883299980716,-12.7820009794529));
#5394=CARTESIAN_POINT('Ctrl Pts',(-133.132940237734,70.1507495198364,-13.3116170961053));
#5395=CARTESIAN_POINT('Ctrl Pts',(-130.861563301392,69.9237009419611,-14.1603501304168));
#5396=CARTESIAN_POINT('Ctrl Pts',(-129.683797941703,69.8342531680065,-14.4801023266506));
#5397=CARTESIAN_POINT('Ctrl Pts',(-127.323696534041,69.7161217563777,-14.8987353715827));
#5398=CARTESIAN_POINT('Ctrl Pts',(-126.141347141282,69.6875,-14.9975584447202));
#5399=CARTESIAN_POINT('Ctrl Pts',(-123.858652858718,69.6875,-14.9975584447202));
#5400=CARTESIAN_POINT('Ctrl Pts',(-122.676303465959,69.7161217563777,-14.8987353715827));
#5401=CARTESIAN_POINT('Ctrl Pts',(-120.996105877234,69.8002215803628,-14.6007031639953));
#5402=CARTESIAN_POINT('Ctrl Pts',(-120.49630909538,69.8306207789014,-14.492357935908));
#5403=CARTESIAN_POINT('Ctrl Pts',(-120.,69.8660714285714,-14.3644535977072));
#5404=CARTESIAN_POINT('Ctrl Pts',(-120.,19.3644535977072,-64.8660714285714));
#5405=CARTESIAN_POINT('Ctrl Pts',(-120.49630909538,19.492357935908,-64.8306207789014));
#5406=CARTESIAN_POINT('Ctrl Pts',(-120.996105877234,19.6007031639953,-64.8002215803628));
#5407=CARTESIAN_POINT('Ctrl Pts',(-122.676303465959,19.8987353715827,-64.7161217563777));
#5408=CARTESIAN_POINT('Ctrl Pts',(-123.858652858718,19.9975584447202,-64.6875));
#5409=CARTESIAN_POINT('Ctrl Pts',(-126.141347141282,19.9975584447202,-64.6875));
#5410=CARTESIAN_POINT('Ctrl Pts',(-127.323696534041,19.8987353715827,-64.7161217563777));
#5411=CARTESIAN_POINT('Ctrl Pts',(-129.683797941703,19.4801023266505,-64.8342531680065));
#5412=CARTESIAN_POINT('Ctrl Pts',(-130.861563301392,19.1603501304168,-64.9237009419611));
#5413=CARTESIAN_POINT('Ctrl Pts',(-133.132940237734,18.3116170961052,-65.1507495198364));
#5414=CARTESIAN_POINT('Ctrl Pts',(-134.228191793048,17.7820009794528,-65.2883299980716));
#5415=CARTESIAN_POINT('Ctrl Pts',(-136.271056501473,16.5547697462257,-65.5874527899299));
#5416=CARTESIAN_POINT('Ctrl Pts',(-137.218654775298,15.8570661452444,-65.7487336270934));
#5417=CARTESIAN_POINT('Ctrl Pts',(-138.833756217906,14.442250246034,-66.0502693993085));
#5418=CARTESIAN_POINT('Ctrl Pts',(-139.614940204331,13.6455379862981,-66.2096448009409));
#5419=CARTESIAN_POINT('Ctrl Pts',(-141.023776865001,11.9245452449945,-66.5179658549681));
#5420=CARTESIAN_POINT('Ctrl Pts',(-141.65153186681,11.0002178893047,-66.6661818487449));
#5421=CARTESIAN_POINT('Ctrl Pts',(-142.988803096536,8.67393027401443,-66.9939952205048));
#5422=CARTESIAN_POINT('Ctrl Pts',(-143.69785767438,6.99393674075583,-67.1831787952097));
#5423=CARTESIAN_POINT('Ctrl Pts',(-144.62489393157,3.49516287470129,-67.4369400999738));
#5424=CARTESIAN_POINT('Ctrl Pts',(-144.843134832984,1.67634130886131,-67.5));
#5425=CARTESIAN_POINT('Ctrl Pts',(-144.843134832984,-1.6763413088613,-67.5));
#5426=CARTESIAN_POINT('Ctrl Pts',(-144.62489393157,-3.49516287470129,-67.4369400999738));
#5427=CARTESIAN_POINT('Ctrl Pts',(-143.69785767438,-6.99393674075584,-67.1831787952097));
#5428=CARTESIAN_POINT('Ctrl Pts',(-142.988803096536,-8.67393027401444,-66.9939952205048));
#5429=CARTESIAN_POINT('Ctrl Pts',(-141.65153186681,-11.0002178893047,-66.6661818487449));
#5430=CARTESIAN_POINT('Ctrl Pts',(-141.023776865001,-11.9245452449946,-66.5179658549681));
#5431=CARTESIAN_POINT('Ctrl Pts',(-139.614940204331,-13.6455379862981,-66.2096448009409));
#5432=CARTESIAN_POINT('Ctrl Pts',(-138.833756217906,-14.442250246034,-66.0502693993085));
#5433=CARTESIAN_POINT('Ctrl Pts',(-137.218654775298,-15.8570661452444,-65.7487336270934));
#5434=CARTESIAN_POINT('Ctrl Pts',(-136.271056501473,-16.5547697462257,-65.5874527899299));
#5435=CARTESIAN_POINT('Ctrl Pts',(-134.228191793048,-17.7820009794529,-65.2883299980716));
#5436=CARTESIAN_POINT('Ctrl Pts',(-133.132940237734,-18.3116170961053,-65.1507495198364));
#5437=CARTESIAN_POINT('Ctrl Pts',(-130.861563301392,-19.1603501304168,-64.9237009419611));
#5438=CARTESIAN_POINT('Ctrl Pts',(-129.683797941703,-19.4801023266506,-64.8342531680065));
#5439=CARTESIAN_POINT('Ctrl Pts',(-127.323696534041,-19.8987353715827,-64.7161217563777));
#5440=CARTESIAN_POINT('Ctrl Pts',(-126.141347141282,-19.9975584447202,-64.6875));
#5441=CARTESIAN_POINT('Ctrl Pts',(-123.858652858718,-19.9975584447202,-64.6875));
#5442=CARTESIAN_POINT('Ctrl Pts',(-122.676303465959,-19.8987353715827,-64.7161217563777));
#5443=CARTESIAN_POINT('Ctrl Pts',(-120.996105877234,-19.6007031639953,-64.8002215803628));
#5444=CARTESIAN_POINT('Ctrl Pts',(-120.49630909538,-19.492357935908,-64.8306207789014));
#5445=CARTESIAN_POINT('Ctrl Pts',(-120.,-19.3644535977072,-64.8660714285714));
#5446=CARTESIAN_POINT('Ctrl Pts',(-120.,-63.0955093349175,40.7100364290956));
#5447=CARTESIAN_POINT('Ctrl Pts',(-120.49630909538,-63.1608839650234,40.5945270094315));
#5448=CARTESIAN_POINT('Ctrl Pts',(-120.996105877234,-63.2160001310838,40.4964198845125));
#5449=CARTESIAN_POINT('Ctrl Pts',(-122.676303465959,-63.3672731702444,40.2262117336789));
#5450=CARTESIAN_POINT('Ctrl Pts',(-123.858652858718,-63.4169129973735,40.1360946305016));
#5451=CARTESIAN_POINT('Ctrl Pts',(-126.141347141282,-63.4169129973735,40.1360946305016));
#5452=CARTESIAN_POINT('Ctrl Pts',(-127.323696534041,-63.3672731702444,40.2262117336789));
#5453=CARTESIAN_POINT('Ctrl Pts',(-129.683797941703,-63.154786427578,40.6057615208131));
#5454=CARTESIAN_POINT('Ctrl Pts',(-130.861563301392,-62.9919366088471,40.8951095945946));
#5455=CARTESIAN_POINT('Ctrl Pts',(-133.132940237734,-62.5523393139428,41.6558020676477));
#5456=CARTESIAN_POINT('Ctrl Pts',(-134.228191793048,-62.2751282555512,42.1275813042773));
#5457=CARTESIAN_POINT('Ctrl Pts',(-136.271056501473,-61.6188564829828,43.2068765859067));
#5458=CARTESIAN_POINT('Ctrl Pts',(-137.218654775298,-61.2395483091044,43.8142703070526));
#5459=CARTESIAN_POINT('Ctrl Pts',(-138.833756217906,-60.4523403819458,45.0279142128183));
#5460=CARTESIAN_POINT('Ctrl Pts',(-139.614940204331,-60.0016751676807,45.7039702815807));
#5461=CARTESIAN_POINT('Ctrl Pts',(-141.023776865001,-59.0027654380173,47.1389118274145));
#5462=CARTESIAN_POINT('Ctrl Pts',(-141.65153186681,-58.4539718310527,47.8973145029388));
#5463=CARTESIAN_POINT('Ctrl Pts',(-142.988803096536,-57.0408371414257,49.7740473088359));
#5464=CARTESIAN_POINT('Ctrl Pts',(-143.69785767438,-55.986675310272,51.0957551171156));
#5465=CARTESIAN_POINT('Ctrl Pts',(-144.62489393157,-53.6921049231479,53.7491981830425));
#5466=CARTESIAN_POINT('Ctrl Pts',(-144.843134832984,-52.4505939431036,55.0798893289457));
#5467=CARTESIAN_POINT('Ctrl Pts',(-144.843134832984,-50.0798893289457,57.4505939431037));
#5468=CARTESIAN_POINT('Ctrl Pts',(-144.62489393157,-48.7491981830424,58.6921049231479));
#5469=CARTESIAN_POINT('Ctrl Pts',(-143.69785767438,-46.0957551171156,60.986675310272));
#5470=CARTESIAN_POINT('Ctrl Pts',(-142.988803096536,-44.7740473088359,62.0408371414257));
#5471=CARTESIAN_POINT('Ctrl Pts',(-141.65153186681,-42.8973145029388,63.4539718310527));
#5472=CARTESIAN_POINT('Ctrl Pts',(-141.023776865001,-42.1389118274145,64.0027654380174));
#5473=CARTESIAN_POINT('Ctrl Pts',(-139.614940204331,-40.7039702815807,65.0016751676807));
#5474=CARTESIAN_POINT('Ctrl Pts',(-138.833756217906,-40.0279142128183,65.4523403819458));
#5475=CARTESIAN_POINT('Ctrl Pts',(-137.218654775298,-38.8142703070526,66.2395483091044));
#5476=CARTESIAN_POINT('Ctrl Pts',(-136.271056501473,-38.2068765859066,66.6188564829828));
#5477=CARTESIAN_POINT('Ctrl Pts',(-134.228191793048,-37.1275813042773,67.2751282555512));
#5478=CARTESIAN_POINT('Ctrl Pts',(-133.132940237734,-36.6558020676477,67.5523393139428));
#5479=CARTESIAN_POINT('Ctrl Pts',(-130.861563301392,-35.8951095945946,67.9919366088471));
#5480=CARTESIAN_POINT('Ctrl Pts',(-129.683797941703,-35.6057615208131,68.154786427578));
#5481=CARTESIAN_POINT('Ctrl Pts',(-127.323696534041,-35.2262117336789,68.3672731702444));
#5482=CARTESIAN_POINT('Ctrl Pts',(-126.141347141282,-35.1360946305016,68.4169129973735));
#5483=CARTESIAN_POINT('Ctrl Pts',(-123.858652858718,-35.1360946305016,68.4169129973735));
#5484=CARTESIAN_POINT('Ctrl Pts',(-122.676303465959,-35.2262117336789,68.3672731702444));
#5485=CARTESIAN_POINT('Ctrl Pts',(-120.996105877234,-35.4964198845125,68.2160001310838));
#5486=CARTESIAN_POINT('Ctrl Pts',(-120.49630909538,-35.5945270094315,68.1608839650234));
#5487=CARTESIAN_POINT('Ctrl Pts',(-120.,-35.7100364290956,68.0955093349176));
#5488=CARTESIAN_POINT('Ctrl Pts',(-120.,35.7100364290956,68.0955093349175));
#5489=CARTESIAN_POINT('Ctrl Pts',(-120.49630909538,35.5945270094315,68.1608839650233));
#5490=CARTESIAN_POINT('Ctrl Pts',(-120.996105877234,35.4964198845125,68.2160001310838));
#5491=CARTESIAN_POINT('Ctrl Pts',(-122.676303465959,35.2262117336789,68.3672731702444));
#5492=CARTESIAN_POINT('Ctrl Pts',(-123.858652858718,35.1360946305016,68.4169129973735));
#5493=CARTESIAN_POINT('Ctrl Pts',(-126.141347141282,35.1360946305016,68.4169129973735));
#5494=CARTESIAN_POINT('Ctrl Pts',(-127.323696534041,35.2262117336789,68.3672731702444));
#5495=CARTESIAN_POINT('Ctrl Pts',(-129.683797941703,35.6057615208131,68.154786427578));
#5496=CARTESIAN_POINT('Ctrl Pts',(-130.861563301392,35.8951095945946,67.9919366088471));
#5497=CARTESIAN_POINT('Ctrl Pts',(-133.132940237733,36.6558020676477,67.5523393139428));
#5498=CARTESIAN_POINT('Ctrl Pts',(-134.228191793048,37.1275813042773,67.2751282555512));
#5499=CARTESIAN_POINT('Ctrl Pts',(-136.271056501473,38.2068765859066,66.6188564829828));
#5500=CARTESIAN_POINT('Ctrl Pts',(-137.218654775298,38.8142703070526,66.2395483091044));
#5501=CARTESIAN_POINT('Ctrl Pts',(-138.833756217906,40.0279142128183,65.4523403819458));
#5502=CARTESIAN_POINT('Ctrl Pts',(-139.614940204331,40.7039702815807,65.0016751676807));
#5503=CARTESIAN_POINT('Ctrl Pts',(-141.023776865001,42.1389118274145,64.0027654380173));
#5504=CARTESIAN_POINT('Ctrl Pts',(-141.65153186681,42.8973145029388,63.4539718310527));
#5505=CARTESIAN_POINT('Ctrl Pts',(-142.988803096536,44.7740473088359,62.0408371414257));
#5506=CARTESIAN_POINT('Ctrl Pts',(-143.69785767438,46.0957551171156,60.986675310272));
#5507=CARTESIAN_POINT('Ctrl Pts',(-144.62489393157,48.7491981830425,58.6921049231479));
#5508=CARTESIAN_POINT('Ctrl Pts',(-144.843134832984,50.0798893289457,57.4505939431036));
#5509=CARTESIAN_POINT('Ctrl Pts',(-144.843134832984,52.4505939431037,55.0798893289457));
#5510=CARTESIAN_POINT('Ctrl Pts',(-144.62489393157,53.692104923148,53.7491981830424));
#5511=CARTESIAN_POINT('Ctrl Pts',(-143.69785767438,55.986675310272,51.0957551171156));
#5512=CARTESIAN_POINT('Ctrl Pts',(-142.988803096536,57.0408371414257,49.7740473088359));
#5513=CARTESIAN_POINT('Ctrl Pts',(-141.65153186681,58.4539718310527,47.8973145029388));
#5514=CARTESIAN_POINT('Ctrl Pts',(-141.023776865001,59.0027654380174,47.1389118274145));
#5515=CARTESIAN_POINT('Ctrl Pts',(-139.614940204331,60.0016751676807,45.7039702815807));
#5516=CARTESIAN_POINT('Ctrl Pts',(-138.833756217906,60.4523403819458,45.0279142128183));
#5517=CARTESIAN_POINT('Ctrl Pts',(-137.218654775298,61.2395483091044,43.8142703070526));
#5518=CARTESIAN_POINT('Ctrl Pts',(-136.271056501473,61.6188564829828,43.2068765859066));
#5519=CARTESIAN_POINT('Ctrl Pts',(-134.228191793048,62.2751282555512,42.1275813042773));
#5520=CARTESIAN_POINT('Ctrl Pts',(-133.132940237734,62.5523393139428,41.6558020676477));
#5521=CARTESIAN_POINT('Ctrl Pts',(-130.861563301392,62.9919366088471,40.8951095945946));
#5522=CARTESIAN_POINT('Ctrl Pts',(-129.683797941703,63.154786427578,40.6057615208131));
#5523=CARTESIAN_POINT('Ctrl Pts',(-127.323696534041,63.3672731702444,40.2262117336789));
#5524=CARTESIAN_POINT('Ctrl Pts',(-126.141347141282,63.4169129973735,40.1360946305016));
#5525=CARTESIAN_POINT('Ctrl Pts',(-123.858652858718,63.4169129973735,40.1360946305016));
#5526=CARTESIAN_POINT('Ctrl Pts',(-122.676303465959,63.3672731702444,40.2262117336789));
#5527=CARTESIAN_POINT('Ctrl Pts',(-120.996105877234,63.2160001310838,40.4964198845124));
#5528=CARTESIAN_POINT('Ctrl Pts',(-120.49630909538,63.1608839650234,40.5945270094314));
#5529=CARTESIAN_POINT('Ctrl Pts',(-120.,63.0955093349176,40.7100364290955));
#5530=CARTESIAN_POINT('Ctrl Pts',(-120.,-35.7100364290956,-58.0955093349176));
#5531=CARTESIAN_POINT('Ctrl Pts',(-120.49630909538,-35.5945270094315,-58.1608839650234));
#5532=CARTESIAN_POINT('Ctrl Pts',(-120.996105877234,-35.4964198845125,-58.2160001310838));
#5533=CARTESIAN_POINT('Ctrl Pts',(-122.676303465959,-35.2262117336789,-58.3672731702444));
#5534=CARTESIAN_POINT('Ctrl Pts',(-123.858652858718,-35.1360946305016,-58.4169129973735));
#5535=CARTESIAN_POINT('Ctrl Pts',(-126.141347141282,-35.1360946305016,-58.4169129973735));
#5536=CARTESIAN_POINT('Ctrl Pts',(-127.323696534041,-35.2262117336789,-58.3672731702444));
#5537=CARTESIAN_POINT('Ctrl Pts',(-129.683797941703,-35.6057615208131,-58.154786427578));
#5538=CARTESIAN_POINT('Ctrl Pts',(-130.861563301392,-35.8951095945946,-57.9919366088471));
#5539=CARTESIAN_POINT('Ctrl Pts',(-133.132940237733,-36.6558020676477,-57.5523393139428));
#5540=CARTESIAN_POINT('Ctrl Pts',(-134.228191793048,-37.1275813042773,-57.2751282555512));
#5541=CARTESIAN_POINT('Ctrl Pts',(-136.271056501473,-38.2068765859066,-56.6188564829828));
#5542=CARTESIAN_POINT('Ctrl Pts',(-137.218654775298,-38.8142703070526,-56.2395483091044));
#5543=CARTESIAN_POINT('Ctrl Pts',(-138.833756217906,-40.0279142128183,-55.4523403819458));
#5544=CARTESIAN_POINT('Ctrl Pts',(-139.614940204331,-40.7039702815807,-55.0016751676807));
#5545=CARTESIAN_POINT('Ctrl Pts',(-141.023776865001,-42.1389118274145,-54.0027654380174));
#5546=CARTESIAN_POINT('Ctrl Pts',(-141.65153186681,-42.8973145029388,-53.4539718310527));
#5547=CARTESIAN_POINT('Ctrl Pts',(-142.988803096536,-44.7740473088359,-52.0408371414257));
#5548=CARTESIAN_POINT('Ctrl Pts',(-143.69785767438,-46.0957551171156,-50.986675310272));
#5549=CARTESIAN_POINT('Ctrl Pts',(-144.62489393157,-48.7491981830424,-48.6921049231479));
#5550=CARTESIAN_POINT('Ctrl Pts',(-144.843134832984,-50.0798893289457,-47.4505939431037));
#5551=CARTESIAN_POINT('Ctrl Pts',(-144.843134832984,-52.4505939431037,-45.0798893289457));
#5552=CARTESIAN_POINT('Ctrl Pts',(-144.62489393157,-53.6921049231479,-43.7491981830424));
#5553=CARTESIAN_POINT('Ctrl Pts',(-143.69785767438,-55.986675310272,-41.0957551171156));
#5554=CARTESIAN_POINT('Ctrl Pts',(-142.988803096536,-57.0408371414257,-39.7740473088359));
#5555=CARTESIAN_POINT('Ctrl Pts',(-141.65153186681,-58.4539718310527,-37.8973145029388));
#5556=CARTESIAN_POINT('Ctrl Pts',(-141.023776865001,-59.0027654380174,-37.1389118274145));
#5557=CARTESIAN_POINT('Ctrl Pts',(-139.614940204331,-60.0016751676807,-35.7039702815807));
#5558=CARTESIAN_POINT('Ctrl Pts',(-138.833756217906,-60.4523403819458,-35.0279142128183));
#5559=CARTESIAN_POINT('Ctrl Pts',(-137.218654775298,-61.2395483091044,-33.8142703070526));
#5560=CARTESIAN_POINT('Ctrl Pts',(-136.271056501473,-61.6188564829828,-33.2068765859066));
#5561=CARTESIAN_POINT('Ctrl Pts',(-134.228191793048,-62.2751282555512,-32.1275813042773));
#5562=CARTESIAN_POINT('Ctrl Pts',(-133.132940237734,-62.5523393139428,-31.6558020676477));
#5563=CARTESIAN_POINT('Ctrl Pts',(-130.861563301392,-62.9919366088471,-30.8951095945946));
#5564=CARTESIAN_POINT('Ctrl Pts',(-129.683797941703,-63.154786427578,-30.6057615208131));
#5565=CARTESIAN_POINT('Ctrl Pts',(-127.323696534041,-63.3672731702444,-30.2262117336789));
#5566=CARTESIAN_POINT('Ctrl Pts',(-126.141347141282,-63.4169129973735,-30.1360946305016));
#5567=CARTESIAN_POINT('Ctrl Pts',(-123.858652858718,-63.4169129973735,-30.1360946305016));
#5568=CARTESIAN_POINT('Ctrl Pts',(-122.676303465959,-63.3672731702444,-30.2262117336789));
#5569=CARTESIAN_POINT('Ctrl Pts',(-120.996105877234,-63.2160001310838,-30.4964198845125));
#5570=CARTESIAN_POINT('Ctrl Pts',(-120.49630909538,-63.1608839650234,-30.5945270094315));
#5571=CARTESIAN_POINT('Ctrl Pts',(-120.,-63.0955093349176,-30.7100364290955));
#5572=CARTESIAN_POINT('Origin',(-122.,0.,5.));
#5573=CARTESIAN_POINT('Origin',(-122.,49.4974746830583,-44.4974746830583));
#5574=CARTESIAN_POINT('Origin',(-122.,70.,4.99999999999999));
#5575=CARTESIAN_POINT('Origin',(-125.,49.4974746830583,-44.4974746830583));
#5576=CARTESIAN_POINT('Origin',(-145.,49.4974746830583,-44.4974746830583));
#5577=CARTESIAN_POINT('Origin',(-125.,70.,4.99999999999999));
#5578=CARTESIAN_POINT('Origin',(-145.,70.,4.99999999999999));
#5579=CARTESIAN_POINT('Origin',(-145.,0.,5.));
#5580=CARTESIAN_POINT('Origin',(-145.,49.4974746830583,-44.4974746830583));
#5581=CARTESIAN_POINT('Origin',(-122.,0.,5.));
#5582=CARTESIAN_POINT('Origin',(-122.,70.,4.99999999999999));
#5583=CARTESIAN_POINT('Origin',(-122.,49.4974746830583,54.4974746830583));
#5584=CARTESIAN_POINT('Origin',(-125.,70.,4.99999999999999));
#5585=CARTESIAN_POINT('Origin',(-145.,70.,4.99999999999999));
#5586=CARTESIAN_POINT('Origin',(-125.,49.4974746830583,54.4974746830583));
#5587=CARTESIAN_POINT('Origin',(-145.,49.4974746830583,54.4974746830583));
#5588=CARTESIAN_POINT('Origin',(-145.,0.,5.));
#5589=CARTESIAN_POINT('Origin',(-122.,0.,5.));
#5590=CARTESIAN_POINT('Origin',(-122.,49.4974746830583,-44.4974746830583));
#5591=CARTESIAN_POINT('Origin',(-122.,-8.57252759403147E-15,-65.));
#5592=CARTESIAN_POINT('Origin',(-125.,49.4974746830583,-44.4974746830583));
#5593=CARTESIAN_POINT('Origin',(-125.,-8.57252759403147E-15,-65.));
#5594=CARTESIAN_POINT('Origin',(-145.,-8.57252759403147E-15,-65.));
#5595=CARTESIAN_POINT('Origin',(-145.,0.,5.));
#5596=CARTESIAN_POINT('Origin',(-145.,-8.57252759403147E-15,-65.));
#5597=CARTESIAN_POINT('Origin',(-122.,0.,5.));
#5598=CARTESIAN_POINT('Origin',(-122.,0.,75.));
#5599=CARTESIAN_POINT('Origin',(-122.,-49.4974746830583,54.4974746830583));
#5600=CARTESIAN_POINT('Origin',(-125.,0.,75.));
#5601=CARTESIAN_POINT('Origin',(-145.,0.,75.));
#5602=CARTESIAN_POINT('Origin',(-125.,-49.4974746830583,54.4974746830583));
#5603=CARTESIAN_POINT('Origin',(-145.,-49.4974746830583,54.4974746830583));
#5604=CARTESIAN_POINT('Origin',(-145.,0.,5.));
#5605=CARTESIAN_POINT('Origin',(-145.,0.,75.));
#5606=CARTESIAN_POINT('Origin',(-122.,0.,5.));
#5607=CARTESIAN_POINT('Origin',(-122.,-70.,5.));
#5608=CARTESIAN_POINT('Origin',(-122.,-49.4974746830583,54.4974746830583));
#5609=CARTESIAN_POINT('Origin',(-125.,-70.,5.));
#5610=CARTESIAN_POINT('Origin',(-125.,-49.4974746830583,54.4974746830583));
#5611=CARTESIAN_POINT('Origin',(-145.,-49.4974746830583,54.4974746830583));
#5612=CARTESIAN_POINT('Origin',(-145.,0.,5.));
#5613=CARTESIAN_POINT('Origin',(-122.,0.,5.));
#5614=CARTESIAN_POINT('Origin',(-122.,-8.57252759403147E-15,-65.));
#5615=CARTESIAN_POINT('Origin',(-122.,-49.4974746830583,-44.4974746830583));
#5616=CARTESIAN_POINT('Origin',(-125.,-8.57252759403147E-15,-65.));
#5617=CARTESIAN_POINT('Origin',(-125.,-49.4974746830583,-44.4974746830583));
#5618=CARTESIAN_POINT('Origin',(-145.,-49.4974746830583,-44.4974746830583));
#5619=CARTESIAN_POINT('Origin',(-145.,0.,5.));
#5620=CARTESIAN_POINT('Origin',(-145.,0.,5.));
#5621=CARTESIAN_POINT('Origin',(-145.,49.4974746830583,54.4974746830583));
#5622=CARTESIAN_POINT('Origin',(-122.,0.,5.));
#5623=CARTESIAN_POINT('Origin',(-122.,0.,75.));
#5624=CARTESIAN_POINT('Origin',(-122.,49.4974746830583,54.4974746830583));
#5625=CARTESIAN_POINT('Origin',(-125.,0.,75.));
#5626=CARTESIAN_POINT('Origin',(-125.,49.4974746830583,54.4974746830583));
#5627=CARTESIAN_POINT('Origin',(-125.,0.,75.));
#5628=CARTESIAN_POINT('Origin',(-125.,49.4974746830583,-44.4974746830583));
#5629=CARTESIAN_POINT('Origin',(-125.,70.,4.99999999999999));
#5630=CARTESIAN_POINT('Origin',(-125.,49.4974746830583,54.4974746830583));
#5631=CARTESIAN_POINT('Origin',(-125.,-70.,5.));
#5632=CARTESIAN_POINT('Origin',(-125.,-8.57252759403147E-15,-65.));
#5633=CARTESIAN_POINT('Origin',(-125.,-49.4974746830583,54.4974746830583));
#5634=CARTESIAN_POINT('Origin',(-125.,-49.4974746830583,-44.4974746830583));
#5635=CARTESIAN_POINT('',(0.,0.,0.));
#5636=CARTESIAN_POINT('',(0.,0.,0.));
#5637=CARTESIAN_POINT('',(0.,0.,0.));
#5638=CARTESIAN_POINT('',(0.,0.,0.));
#5639=CARTESIAN_POINT('',(0.,0.,0.));
#5640=CARTESIAN_POINT('',(0.,0.,0.));
#5641=CARTESIAN_POINT('',(0.,0.,0.));
#5642=CARTESIAN_POINT('',(0.,0.,0.));
#5643=CARTESIAN_POINT('',(0.,0.,0.));
#5644=CARTESIAN_POINT('',(0.,0.,0.));
#5645=CARTESIAN_POINT('',(0.,0.,0.));
#5646=UNCERTAINTY_MEASURE_WITH_UNIT(LENGTH_MEASURE(0.01),#5672,
'DISTANCE_ACCURACY_VALUE',
'Maximum model space distance between geometric entities at asserted c
onnectivities');
#5647=UNCERTAINTY_MEASURE_WITH_UNIT(LENGTH_MEASURE(0.01),#5672,
'DISTANCE_ACCURACY_VALUE',
'Maximum model space distance between geometric entities at asserted c
onnectivities');
#5648=UNCERTAINTY_MEASURE_WITH_UNIT(LENGTH_MEASURE(0.01),#5672,
'DISTANCE_ACCURACY_VALUE',
'Maximum model space distance between geometric entities at asserted c
onnectivities');
#5649=UNCERTAINTY_MEASURE_WITH_UNIT(LENGTH_MEASURE(0.01),#5672,
'DISTANCE_ACCURACY_VALUE',
'Maximum model space distance between geometric entities at asserted c
onnectivities');
#5650=UNCERTAINTY_MEASURE_WITH_UNIT(LENGTH_MEASURE(0.01),#5672,
'DISTANCE_ACCURACY_VALUE',
'Maximum model space distance between geometric entities at asserted c
onnectivities');
#5651=UNCERTAINTY_MEASURE_WITH_UNIT(LENGTH_MEASURE(0.01),#5672,
'DISTANCE_ACCURACY_VALUE',
'Maximum model space distance between geometric entities at asserted c
onnectivities');
#5652=UNCERTAINTY_MEASURE_WITH_UNIT(LENGTH_MEASURE(0.01),#5672,
'DISTANCE_ACCURACY_VALUE',
'Maximum model space distance between geometric entities at asserted c
onnectivities');
#5653=UNCERTAINTY_MEASURE_WITH_UNIT(LENGTH_MEASURE(0.01),#5672,
'DISTANCE_ACCURACY_VALUE',
'Maximum model space distance between geometric entities at asserted c
onnectivities');
#5654=UNCERTAINTY_MEASURE_WITH_UNIT(LENGTH_MEASURE(0.01),#5672,
'DISTANCE_ACCURACY_VALUE',
'Maximum model space distance between geometric entities at asserted c
onnectivities');
#5655=UNCERTAINTY_MEASURE_WITH_UNIT(LENGTH_MEASURE(0.01),#5672,
'DISTANCE_ACCURACY_VALUE',
'Maximum model space distance between geometric entities at asserted c
onnectivities');
#5656=UNCERTAINTY_MEASURE_WITH_UNIT(LENGTH_MEASURE(0.01),#5672,
'DISTANCE_ACCURACY_VALUE',
'Maximum model space distance between geometric entities at asserted c
onnectivities');
#5657=UNCERTAINTY_MEASURE_WITH_UNIT(LENGTH_MEASURE(0.01),#5672,
'DISTANCE_ACCURACY_VALUE',
'Maximum model space distance between geometric entities at asserted c
onnectivities');
#5658=UNCERTAINTY_MEASURE_WITH_UNIT(LENGTH_MEASURE(0.01),#5672,
'DISTANCE_ACCURACY_VALUE',
'Maximum model space distance between geometric entities at asserted c
onnectivities');
#5659=(
GEOMETRIC_REPRESENTATION_CONTEXT(3)
GLOBAL_UNCERTAINTY_ASSIGNED_CONTEXT((#5646))
GLOBAL_UNIT_ASSIGNED_CONTEXT((#5672,#5674,#5675))
REPRESENTATION_CONTEXT('','3D')
);
#5660=(
GEOMETRIC_REPRESENTATION_CONTEXT(3)
GLOBAL_UNCERTAINTY_ASSIGNED_CONTEXT((#5647))
GLOBAL_UNIT_ASSIGNED_CONTEXT((#5672,#5674,#5675))
REPRESENTATION_CONTEXT('','3D')
);
#5661=(
GEOMETRIC_REPRESENTATION_CONTEXT(3)
GLOBAL_UNCERTAINTY_ASSIGNED_CONTEXT((#5648))
GLOBAL_UNIT_ASSIGNED_CONTEXT((#5672,#5674,#5675))
REPRESENTATION_CONTEXT('','3D')
);
#5662=(
GEOMETRIC_REPRESENTATION_CONTEXT(3)
GLOBAL_UNCERTAINTY_ASSIGNED_CONTEXT((#5649))
GLOBAL_UNIT_ASSIGNED_CONTEXT((#5672,#5674,#5675))
REPRESENTATION_CONTEXT('','3D')
);
#5663=(
GEOMETRIC_REPRESENTATION_CONTEXT(3)
GLOBAL_UNCERTAINTY_ASSIGNED_CONTEXT((#5650))
GLOBAL_UNIT_ASSIGNED_CONTEXT((#5672,#5674,#5675))
REPRESENTATION_CONTEXT('','3D')
);
#5664=(
GEOMETRIC_REPRESENTATION_CONTEXT(3)
GLOBAL_UNCERTAINTY_ASSIGNED_CONTEXT((#5651))
GLOBAL_UNIT_ASSIGNED_CONTEXT((#5672,#5674,#5675))
REPRESENTATION_CONTEXT('','3D')
);
#5665=(
GEOMETRIC_REPRESENTATION_CONTEXT(3)
GLOBAL_UNCERTAINTY_ASSIGNED_CONTEXT((#5652))
GLOBAL_UNIT_ASSIGNED_CONTEXT((#5672,#5674,#5675))
REPRESENTATION_CONTEXT('','3D')
);
#5666=(
GEOMETRIC_REPRESENTATION_CONTEXT(3)
GLOBAL_UNCERTAINTY_ASSIGNED_CONTEXT((#5653))
GLOBAL_UNIT_ASSIGNED_CONTEXT((#5672,#5674,#5675))
REPRESENTATION_CONTEXT('','3D')
);
#5667=(
GEOMETRIC_REPRESENTATION_CONTEXT(3)
GLOBAL_UNCERTAINTY_ASSIGNED_CONTEXT((#5654))
GLOBAL_UNIT_ASSIGNED_CONTEXT((#5672,#5674,#5675))
REPRESENTATION_CONTEXT('','3D')
);
#5668=(
GEOMETRIC_REPRESENTATION_CONTEXT(3)
GLOBAL_UNCERTAINTY_ASSIGNED_CONTEXT((#5655))
GLOBAL_UNIT_ASSIGNED_CONTEXT((#5672,#5674,#5675))
REPRESENTATION_CONTEXT('','3D')
);
#5669=(
GEOMETRIC_REPRESENTATION_CONTEXT(3)
GLOBAL_UNCERTAINTY_ASSIGNED_CONTEXT((#5656))
GLOBAL_UNIT_ASSIGNED_CONTEXT((#5672,#5674,#5675))
REPRESENTATION_CONTEXT('','3D')
);
#5670=(
GEOMETRIC_REPRESENTATION_CONTEXT(3)
GLOBAL_UNCERTAINTY_ASSIGNED_CONTEXT((#5657))
GLOBAL_UNIT_ASSIGNED_CONTEXT((#5672,#5674,#5675))
REPRESENTATION_CONTEXT('','3D')
);
#5671=(
GEOMETRIC_REPRESENTATION_CONTEXT(3)
GLOBAL_UNCERTAINTY_ASSIGNED_CONTEXT((#5658))
GLOBAL_UNIT_ASSIGNED_CONTEXT((#5672,#5674,#5675))
REPRESENTATION_CONTEXT('','3D')
);
#5672=(
LENGTH_UNIT()
NAMED_UNIT(*)
SI_UNIT(.MILLI.,.METRE.)
);
#5673=(
LENGTH_UNIT()
NAMED_UNIT(*)
SI_UNIT($,.METRE.)
);
#5674=(
NAMED_UNIT(*)
PLANE_ANGLE_UNIT()
SI_UNIT($,.RADIAN.)
);
#5675=(
NAMED_UNIT(*)
SI_UNIT($,.STERADIAN.)
SOLID_ANGLE_UNIT()
);
#5676=SHAPE_DEFINITION_REPRESENTATION(#5688,#5711);
#5677=SHAPE_DEFINITION_REPRESENTATION(#5689,#5712);
#5678=SHAPE_DEFINITION_REPRESENTATION(#5690,#5713);
#5679=SHAPE_DEFINITION_REPRESENTATION(#5691,#5714);
#5680=SHAPE_DEFINITION_REPRESENTATION(#5692,#5715);
#5681=SHAPE_DEFINITION_REPRESENTATION(#5693,#5716);
#5682=SHAPE_DEFINITION_REPRESENTATION(#5694,#5717);
#5683=SHAPE_DEFINITION_REPRESENTATION(#5695,#5718);
#5684=SHAPE_DEFINITION_REPRESENTATION(#5696,#5719);
#5685=SHAPE_DEFINITION_REPRESENTATION(#5697,#5720);
#5686=SHAPE_DEFINITION_REPRESENTATION(#5698,#5721);
#5687=SHAPE_DEFINITION_REPRESENTATION(#5699,#5722);
#5688=PRODUCT_DEFINITION_SHAPE('',$,#5724);
#5689=PRODUCT_DEFINITION_SHAPE('',$,#5725);
#5690=PRODUCT_DEFINITION_SHAPE('',$,#5726);
#5691=PRODUCT_DEFINITION_SHAPE('',$,#5727);
#5692=PRODUCT_DEFINITION_SHAPE('',$,#5728);
#5693=PRODUCT_DEFINITION_SHAPE('',$,#5729);
#5694=PRODUCT_DEFINITION_SHAPE('',$,#5730);
#5695=PRODUCT_DEFINITION_SHAPE('',$,#5731);
#5696=PRODUCT_DEFINITION_SHAPE('',$,#5732);
#5697=PRODUCT_DEFINITION_SHAPE('',$,#5733);
#5698=PRODUCT_DEFINITION_SHAPE('',$,#5734);
#5699=PRODUCT_DEFINITION_SHAPE('',$,#5735);
#5700=PRODUCT_DEFINITION_SHAPE($,$,#44);
#5701=PRODUCT_DEFINITION_SHAPE($,$,#45);
#5702=PRODUCT_DEFINITION_SHAPE($,$,#46);
#5703=PRODUCT_DEFINITION_SHAPE($,$,#47);
#5704=PRODUCT_DEFINITION_SHAPE($,$,#48);
#5705=PRODUCT_DEFINITION_SHAPE($,$,#49);
#5706=PRODUCT_DEFINITION_SHAPE($,$,#50);
#5707=PRODUCT_DEFINITION_SHAPE($,$,#51);
#5708=PRODUCT_DEFINITION_SHAPE($,$,#52);
#5709=PRODUCT_DEFINITION_SHAPE($,$,#53);
#5710=PRODUCT_DEFINITION_SHAPE($,$,#54);
#5711=SHAPE_REPRESENTATION('',(#2002,#2286,#2287,#2288,#2289,#2290,#2291,
#2292,#2293,#2294,#2295,#2296),#5659);
#5712=SHAPE_REPRESENTATION('',(#2003),#5660);
#5713=SHAPE_REPRESENTATION('',(#2017),#5661);
#5714=SHAPE_REPRESENTATION('',(#2031),#5662);
#5715=SHAPE_REPRESENTATION('',(#2034),#5663);
#5716=SHAPE_REPRESENTATION('',(#2037),#5664);
#5717=SHAPE_REPRESENTATION('',(#2040),#5665);
#5718=SHAPE_REPRESENTATION('',(#2043),#5666);
#5719=SHAPE_REPRESENTATION('',(#2046),#5667);
#5720=SHAPE_REPRESENTATION('',(#2049),#5668);
#5721=SHAPE_REPRESENTATION('',(#2052),#5669);
#5722=SHAPE_REPRESENTATION('',(#2055),#5670);
#5723=PRODUCT_DEFINITION_CONTEXT('part definition',#5761,'design');
#5724=PRODUCT_DEFINITION('2026-09-27-15-55-38-168','Bearing',#5736,#5723);
#5725=PRODUCT_DEFINITION('2026-09-27-16-09-37-496','Component1',#5737,#5723);
#5726=PRODUCT_DEFINITION('2026-09-27-16-09-37-513','Component2',#5738,#5723);
#5727=PRODUCT_DEFINITION('2026-09-27-16-09-37-520','Component3',#5739,#5723);
#5728=PRODUCT_DEFINITION('2026-09-27-16-09-37-525','Component4',#5740,#5723);
#5729=PRODUCT_DEFINITION('2026-09-27-16-09-37-532','Component5',#5741,#5723);
#5730=PRODUCT_DEFINITION('2026-09-27-16-09-37-536','Component6',#5742,#5723);
#5731=PRODUCT_DEFINITION('2026-09-27-16-09-37-543','Component7',#5743,#5723);
#5732=PRODUCT_DEFINITION('2026-09-27-16-09-37-548','Component8',#5744,#5723);
#5733=PRODUCT_DEFINITION('2026-09-27-16-09-37-554','Component9',#5745,#5723);
#5734=PRODUCT_DEFINITION('2026-09-27-16-09-37-559','Component10',#5746,
#5723);
#5735=PRODUCT_DEFINITION('2026-09-27-16-09-37-564','Component11',#5747,
#5723);
#5736=PRODUCT_DEFINITION_FORMATION('',$,#5763);
#5737=PRODUCT_DEFINITION_FORMATION('',$,#5764);
#5738=PRODUCT_DEFINITION_FORMATION('',$,#5765);
#5739=PRODUCT_DEFINITION_FORMATION('',$,#5766);
#5740=PRODUCT_DEFINITION_FORMATION('',$,#5767);
#5741=PRODUCT_DEFINITION_FORMATION('',$,#5768);
#5742=PRODUCT_DEFINITION_FORMATION('',$,#5769);
#5743=PRODUCT_DEFINITION_FORMATION('',$,#5770);
#5744=PRODUCT_DEFINITION_FORMATION('',$,#5771);
#5745=PRODUCT_DEFINITION_FORMATION('',$,#5772);
#5746=PRODUCT_DEFINITION_FORMATION('',$,#5773);
#5747=PRODUCT_DEFINITION_FORMATION('',$,#5774);
#5748=PRODUCT_RELATED_PRODUCT_CATEGORY('Bearing','Bearing',(#5763));
#5749=PRODUCT_RELATED_PRODUCT_CATEGORY('Component1','Component1',(#5764));
#5750=PRODUCT_RELATED_PRODUCT_CATEGORY('Component2','Component2',(#5765));
#5751=PRODUCT_RELATED_PRODUCT_CATEGORY('Component3','Component3',(#5766));
#5752=PRODUCT_RELATED_PRODUCT_CATEGORY('Component4','Component4',(#5767));
#5753=PRODUCT_RELATED_PRODUCT_CATEGORY('Component5','Component5',(#5768));
#5754=PRODUCT_RELATED_PRODUCT_CATEGORY('Component6','Component6',(#5769));
#5755=PRODUCT_RELATED_PRODUCT_CATEGORY('Component7','Component7',(#5770));
#5756=PRODUCT_RELATED_PRODUCT_CATEGORY('Component8','Component8',(#5771));
#5757=PRODUCT_RELATED_PRODUCT_CATEGORY('Component9','Component9',(#5772));
#5758=PRODUCT_RELATED_PRODUCT_CATEGORY('Component10','Component10',(#5773));
#5759=PRODUCT_RELATED_PRODUCT_CATEGORY('Component11','Component11',(#5774));
#5760=APPLICATION_PROTOCOL_DEFINITION('international standard',
'automotive_design',2009,#5761);
#5761=APPLICATION_CONTEXT(
'Core Data for Automotive Mechanical Design Process');
#5762=PRODUCT_CONTEXT('part definition',#5761,'mechanical');
#5763=PRODUCT('2026-09-27-15-55-38-168','Bearing',$,(#5762));
#5764=PRODUCT('2026-09-27-16-09-37-496','Component1',$,(#5762));
#5765=PRODUCT('2026-09-27-16-09-37-513','Component2',$,(#5762));
#5766=PRODUCT('2026-09-27-16-09-37-520','Component3',$,(#5762));
#5767=PRODUCT('2026-09-27-16-09-37-525','Component4',$,(#5762));
#5768=PRODUCT('2026-09-27-16-09-37-532','Component5',$,(#5762));
#5769=PRODUCT('2026-09-27-16-09-37-536','Component6',$,(#5762));
#5770=PRODUCT('2026-09-27-16-09-37-543','Component7',$,(#5762));
#5771=PRODUCT('2026-09-27-16-09-37-548','Component8',$,(#5762));
#5772=PRODUCT('2026-09-27-16-09-37-554','Component9',$,(#5762));
#5773=PRODUCT('2026-09-27-16-09-37-559','Component10',$,(#5762));
#5774=PRODUCT('2026-09-27-16-09-37-564','Component11',$,(#5762));
#5775=PRESENTATION_STYLE_ASSIGNMENT((#5778));
#5776=PRESENTATION_STYLE_ASSIGNMENT((#5779));
#5777=PRESENTATION_STYLE_ASSIGNMENT((#5780));
#5778=SURFACE_STYLE_USAGE(.BOTH.,#5781);
#5779=SURFACE_STYLE_USAGE(.BOTH.,#5782);
#5780=SURFACE_STYLE_USAGE(.BOTH.,#5783);
#5781=SURFACE_SIDE_STYLE('',(#5784));
#5782=SURFACE_SIDE_STYLE('',(#5785));
#5783=SURFACE_SIDE_STYLE('',(#5786));
#5784=SURFACE_STYLE_FILL_AREA(#5787);
#5785=SURFACE_STYLE_FILL_AREA(#5788);
#5786=SURFACE_STYLE_FILL_AREA(#5789);
#5787=FILL_AREA_STYLE('Steel - Satin',(#5790));
#5788=FILL_AREA_STYLE('Plastic - Matte (Black)',(#5791));
#5789=FILL_AREA_STYLE('Paint - Metal Flake (Yellow)',(#5792));
#5790=FILL_AREA_STYLE_COLOUR('Steel - Satin',#5793);
#5791=FILL_AREA_STYLE_COLOUR('Plastic - Matte (Black)',#5794);
#5792=FILL_AREA_STYLE_COLOUR('Paint - Metal Flake (Yellow)',#5795);
#5793=COLOUR_RGB('Steel - Satin',0.627450980392157,0.627450980392157,0.627450980392157);
#5794=COLOUR_RGB('Plastic - Matte (Black)',0.0980392156862745,0.0980392156862745,
0.0980392156862745);
#5795=COLOUR_RGB('Paint - Metal Flake (Yellow)',0.909803921568627,0.67843137254902,
0.137254901960784);
ENDSEC;
END-ISO-10303-21;
