ISO-10303-21;
HEADER;
/* Generated by software containing ST-Developer
 * from STEP Tools, Inc. (www.steptools.com) 
 */

FILE_DESCRIPTION(
/* description */ (''),
/* implementation_level */ '2;1');

FILE_NAME(
/* name */ 'fixable.step',
/* time_stamp */ '2026-09-27T17:06:41+05:30',
/* author */ (''),
/* organization */ (''),
/* preprocessor_version */ 'ST-DEVELOPER v20.2',
/* originating_system */ 'Autodesk Translation Framework v15.15.0.0',
/* authorisation */ '');

FILE_SCHEMA (('AUTOMOTIVE_DESIGN { 1 0 10303 214 3 1 1 }'));
ENDSEC;

DATA;
#10=MECHANICAL_DESIGN_GEOMETRIC_PRESENTATION_REPRESENTATION('',(#13),#4491);
#11=SHAPE_REPRESENTATION_RELATIONSHIP('SRR','None',#4498,#12);
#12=ADVANCED_BREP_SHAPE_REPRESENTATION('',(#14),#4490);
#13=STYLED_ITEM('',(#4507),#14);
#14=MANIFOLD_SOLID_BREP('Body2',#1232);
#15=(
BOUNDED_SURFACE()
B_SPLINE_SURFACE(2,1,((#3665,#3666),(#3667,#3668),(#3669,#3670)),
 .UNSPECIFIED.,.F.,.F.,.F.)
B_SPLINE_SURFACE_WITH_KNOTS((3,3),(2,2),(-20.2376505553387,0.),(0.,0.5),
 .UNSPECIFIED.)
GEOMETRIC_REPRESENTATION_ITEM()
RATIONAL_B_SPLINE_SURFACE(((1.,1.),(3.,3.),(1.,1.)))
REPRESENTATION_ITEM('')
SURFACE()
);
#16=(
BOUNDED_SURFACE()
B_SPLINE_SURFACE(2,1,((#3707,#3708),(#3709,#3710),(#3711,#3712)),
 .UNSPECIFIED.,.F.,.F.,.F.)
B_SPLINE_SURFACE_WITH_KNOTS((3,3),(2,2),(-20.2376505553387,0.),(0.,0.5),
 .UNSPECIFIED.)
GEOMETRIC_REPRESENTATION_ITEM()
RATIONAL_B_SPLINE_SURFACE(((1.,1.),(3.,3.),(1.,1.)))
REPRESENTATION_ITEM('')
SURFACE()
);
#17=(
BOUNDED_SURFACE()
B_SPLINE_SURFACE(2,1,((#4466,#4467),(#4468,#4469),(#4470,#4471)),
 .UNSPECIFIED.,.F.,.F.,.F.)
B_SPLINE_SURFACE_WITH_KNOTS((3,3),(2,2),(-20.2376505553387,0.),(0.,0.5),
 .UNSPECIFIED.)
GEOMETRIC_REPRESENTATION_ITEM()
RATIONAL_B_SPLINE_SURFACE(((1.,1.),(3.,3.),(1.,1.)))
REPRESENTATION_ITEM('')
SURFACE()
);
#18=(
BOUNDED_SURFACE()
B_SPLINE_SURFACE(2,1,((#4482,#4483),(#4484,#4485),(#4486,#4487)),
 .UNSPECIFIED.,.F.,.F.,.F.)
B_SPLINE_SURFACE_WITH_KNOTS((3,3),(2,2),(-20.2376505553387,0.),(0.,0.5),
 .UNSPECIFIED.)
GEOMETRIC_REPRESENTATION_ITEM()
RATIONAL_B_SPLINE_SURFACE(((1.,1.),(3.,3.),(1.,1.)))
REPRESENTATION_ITEM('')
SURFACE()
);
#19=FACE_BOUND('',#316,.T.);
#20=FACE_BOUND('',#321,.T.);
#21=FACE_BOUND('',#323,.T.);
#22=FACE_BOUND('',#324,.T.);
#23=FACE_BOUND('',#325,.T.);
#24=FACE_BOUND('',#326,.T.);
#25=FACE_BOUND('',#327,.T.);
#26=FACE_BOUND('',#345,.T.);
#27=FACE_BOUND('',#351,.T.);
#28=FACE_BOUND('',#368,.T.);
#29=FACE_BOUND('',#369,.T.);
#30=FACE_BOUND('',#370,.T.);
#31=FACE_BOUND('',#371,.T.);
#32=FACE_BOUND('',#372,.T.);
#33=PLANE('',#1283);
#34=PLANE('',#1285);
#35=PLANE('',#1287);
#36=PLANE('',#1288);
#37=PLANE('',#1329);
#38=PLANE('',#1331);
#39=PLANE('',#1332);
#40=PLANE('',#1334);
#41=PLANE('',#1335);
#42=PLANE('',#1354);
#43=TOROIDAL_SURFACE('',#1261,4.,2.);
#44=TOROIDAL_SURFACE('',#1277,4.,2.);
#45=TOROIDAL_SURFACE('',#1314,4.,2.);
#46=TOROIDAL_SURFACE('',#1322,4.,2.);
#47=TOROIDAL_SURFACE('',#1338,78.,2.);
#48=TOROIDAL_SURFACE('',#1341,78.,2.);
#49=TOROIDAL_SURFACE('',#1344,78.,2.);
#50=TOROIDAL_SURFACE('',#1347,78.,2.);
#51=TOROIDAL_SURFACE('',#1359,78.,2.);
#52=TOROIDAL_SURFACE('',#1360,78.,2.);
#53=TOROIDAL_SURFACE('',#1362,78.,2.);
#54=TOROIDAL_SURFACE('',#1364,78.,2.);
#55=B_SPLINE_CURVE_WITH_KNOTS('',3,(#1720,#1721,#1722,#1723,#1724,#1725,
#1726,#1727,#1728,#1729),.UNSPECIFIED.,.F.,.F.,(4,2,2,2,4),(-0.000714236114738078,
0.,0.168641024404374,0.303056949838071,0.41655276427869),.UNSPECIFIED.);
#56=B_SPLINE_CURVE_WITH_KNOTS('',3,(#1731,#1732,#1733,#1734,#1735),
 .UNSPECIFIED.,.F.,.F.,(4,1,4),(-0.427777055895702,-0.154446834636609,0.209993460375514),
 .UNSPECIFIED.);
#57=B_SPLINE_CURVE_WITH_KNOTS('',3,(#1738,#1739,#1740,#1741),
 .UNSPECIFIED.,.F.,.F.,(4,4),(-0.209993460375514,9.33304030182536E-5),
 .UNSPECIFIED.);
#58=B_SPLINE_CURVE_WITH_KNOTS('',3,(#1766,#1767,#1768,#1769),
 .UNSPECIFIED.,.F.,.F.,(4,4),(-2.6,0.),.UNSPECIFIED.);
#59=B_SPLINE_CURVE_WITH_KNOTS('',3,(#1770,#1771,#1772,#1773),
 .UNSPECIFIED.,.F.,.F.,(4,4),(0.,2.6),.UNSPECIFIED.);
#60=B_SPLINE_CURVE_WITH_KNOTS('',3,(#1788,#1789,#1790,#1791,#1792,#1793,
#1794,#1795,#1796,#1797),.UNSPECIFIED.,.F.,.F.,(4,2,2,2,4),(1.01106448007702,
1.08752770663969,1.16399093320236,1.28155375233527,1.39911657146818),
 .UNSPECIFIED.);
#61=B_SPLINE_CURVE_WITH_KNOTS('',3,(#1841,#1842,#1843,#1844,#1845,#1846,
#1847,#1848),.UNSPECIFIED.,.F.,.F.,(4,2,2,4),(0.,0.0924667850837028,0.303200499858095,
0.303980789633374),.UNSPECIFIED.);
#62=B_SPLINE_CURVE_WITH_KNOTS('',3,(#1850,#1851,#1852,#1853),
 .UNSPECIFIED.,.F.,.F.,(4,4),(3.13957888333826E-5,0.210000795264331),
 .UNSPECIFIED.);
#63=B_SPLINE_CURVE_WITH_KNOTS('',3,(#1856,#1857,#1858,#1859,#1860,#1861,
#1862,#1863,#1864,#1865,#1866,#1867,#1868,#1869,#1870,#1871,#1872,#1873,
#1874,#1875,#1876,#1877,#1878,#1879,#1880,#1881,#1882,#1883,#1884,#1885,
#1886,#1887,#1888,#1889,#1890,#1891,#1892,#1893,#1894,#1895,#1896,#1897,
#1898,#1899,#1900,#1901,#1902,#1903,#1904,#1905,#1906,#1907,#1908,#1909,
#1910,#1911,#1912,#1913,#1914,#1915,#1916),.UNSPECIFIED.,.F.,.F.,(4,3,3,
3,3,3,3,3,3,3,3,3,3,3,3,3,3,3,3,3,4),(-0.210000795264288,-0.1648242440477,
-0.145375057890243,-0.0765075385300384,-0.0587126433860675,0.,0.0357115711143797,
0.0712199321181406,0.0951711126929542,0.0952433249173051,0.129730669436507,
0.154616558842777,0.192286465050158,0.230961098535528,0.269996483474367,
0.30907961200873,0.313392821613971,0.353276222696312,0.375741368993982,
0.414802076385625,0.425985907738075),.UNSPECIFIED.);
#64=B_SPLINE_CURVE_WITH_KNOTS('',3,(#1937,#1938,#1939,#1940),
 .UNSPECIFIED.,.F.,.F.,(4,4),(-2.6,0.),.UNSPECIFIED.);
#65=B_SPLINE_CURVE_WITH_KNOTS('',3,(#1941,#1942,#1943,#1944),
 .UNSPECIFIED.,.F.,.F.,(4,4),(0.,2.6),.UNSPECIFIED.);
#66=B_SPLINE_CURVE_WITH_KNOTS('',3,(#1965,#1966,#1967,#1968),
 .UNSPECIFIED.,.F.,.F.,(4,4),(0.46120609250796,0.826208277013355),
 .UNSPECIFIED.);
#67=B_SPLINE_CURVE_WITH_KNOTS('',3,(#1969,#1970,#1971,#1972),
 .UNSPECIFIED.,.F.,.F.,(4,4),(-0.826208277125149,-0.46120609328832),
 .UNSPECIFIED.);
#68=B_SPLINE_CURVE_WITH_KNOTS('',3,(#1989,#1990,#1991,#1992,#1993,#1994,
#1995,#1996,#1997,#1998),.UNSPECIFIED.,.F.,.F.,(4,2,2,2,4),(0.,0.117562819132908,
0.235125638265816,0.311588864828487,0.388052091391157),.UNSPECIFIED.);
#69=B_SPLINE_CURVE_WITH_KNOTS('',3,(#2164,#2165,#2166,#2167),
 .UNSPECIFIED.,.F.,.F.,(4,4),(-0.53382854077707,-0.0584313447077798),
 .UNSPECIFIED.);
#70=B_SPLINE_CURVE_WITH_KNOTS('',3,(#2180,#2181,#2182,#2183,#2184,#2185,
#2186,#2187,#2188,#2189,#2190,#2191,#2192,#2193,#2194,#2195,#2196,#2197,
#2198,#2199,#2200,#2201,#2202,#2203),.UNSPECIFIED.,.F.,.F.,(4,2,1,1,1,1,
1,1,1,1,1,1,1,1,1,1,1,1,1,1,4),(-20.2629501061716,-20.220374584686,-18.7760621143512,
-17.3317496440165,-14.4431247033471,-12.5173747429008,-11.5544997626777,
-10.8323435275103,-10.4712654099267,-10.2907263511348,-10.110187292343,
-9.92964823355114,-9.7491091747593,-9.38803105717562,-8.66587482200827,
-7.70299984178513,-6.74012486156199,-5.77724988133885,-2.88862494066942,
-1.44431247033471,-0.939361958030086),.UNSPECIFIED.);
#71=B_SPLINE_CURVE_WITH_KNOTS('',3,(#2207,#2208,#2209,#2210,#2211,#2212,
#2213,#2214,#2215,#2216,#2217,#2218,#2219,#2220,#2221,#2222,#2223,#2224,
#2225,#2226,#2227,#2228,#2229,#2230,#2231,#2232,#2233),.UNSPECIFIED.,.F.,
 .F.,(4,2,1,1,1,1,1,1,1,1,1,1,1,1,1,1,1,1,1,1,1,2,4),(-20.2629501061716,
-20.220374584686,-18.7760621143513,-17.3317496440165,-15.1652809385145,
-14.4431247033471,-12.5173747429008,-11.5544997626777,-10.8323435275103,
-10.4712654099267,-10.2907263511348,-10.110187292343,-9.92964823355114,
-9.7491091747593,-9.38803105717563,-8.66587482200827,-7.70299984178513,
-6.74012486156199,-5.77724988133885,-2.88862494066942,-1.44431247033471,
0.,0.0425755214858646),.UNSPECIFIED.);
#72=B_SPLINE_CURVE_WITH_KNOTS('',3,(#2237,#2238,#2239,#2240,#2241,#2242,
#2243,#2244,#2245,#2246,#2247,#2248,#2249,#2250,#2251,#2252,#2253,#2254,
#2255,#2256,#2257,#2258,#2259,#2260,#2261,#2262),.UNSPECIFIED.,.F.,.F.,
(4,2,1,1,1,1,1,1,1,1,1,1,1,1,1,1,1,1,1,1,2,4),(-20.2629501061716,-20.220374584686,
-18.7760621143512,-17.3317496440165,-14.4431247033471,-12.5173747429008,
-11.5544997626777,-10.8323435275103,-10.4712654099267,-10.2907263511348,
-10.110187292343,-9.92964823355114,-9.7491091747593,-9.38803105717562,-8.66587482200827,
-7.70299984178513,-6.74012486156199,-5.77724988133885,-2.88862494066942,
-1.44431247033471,0.,0.0425755214858653),.UNSPECIFIED.);
#73=B_SPLINE_CURVE_WITH_KNOTS('',3,(#2266,#2267,#2268,#2269,#2270,#2271,
#2272,#2273,#2274,#2275,#2276,#2277,#2278,#2279,#2280,#2281,#2282,#2283,
#2284,#2285,#2286,#2287,#2288,#2289,#2290,#2291),.UNSPECIFIED.,.F.,.F.,
(4,1,1,1,1,1,1,1,1,1,1,1,1,1,1,1,1,1,1,1,1,2,4),(-19.2809953135635,-18.7760621143513,
-17.3317496440165,-14.4431247033471,-12.9988122330124,-12.2766559978451,
-11.5544997626777,-11.0730622725661,-10.5916247824546,-10.3509060373988,
-10.110187292343,-9.98982791981509,-9.8694685472872,-9.62874980223141,-9.14731231211984,
-8.66587482200827,-7.94371858684092,-7.22156235167356,-5.77724988133885,
-2.88862494066942,-1.44431247033471,0.,0.0425755214858443),
 .UNSPECIFIED.);
#74=B_SPLINE_CURVE_WITH_KNOTS('',3,(#2293,#2294,#2295,#2296),
 .UNSPECIFIED.,.F.,.F.,(4,4),(-19.6865377278344,-19.2809953135635),
 .UNSPECIFIED.);
#75=B_SPLINE_CURVE_WITH_KNOTS('',3,(#2298,#2299,#2300,#2301,#2302,#2303,
#2304,#2305,#2306,#2307),.UNSPECIFIED.,.F.,.F.,(4,2,2,2,4),(0.,0.0917207534564123,
0.200347930748884,0.336633888954229,0.337211119549918),.UNSPECIFIED.);
#76=B_SPLINE_CURVE_WITH_KNOTS('',3,(#2311,#2312,#2313,#2314,#2315,#2316,
#2317,#2318,#2319,#2320),.UNSPECIFIED.,.F.,.F.,(4,2,2,2,4),(0.,0.117562819132909,
0.235125638265817,0.311588864828487,0.388052091391157),.UNSPECIFIED.);
#77=B_SPLINE_CURVE_WITH_KNOTS('',3,(#2324,#2325,#2326,#2327,#2328,#2329,
#2330,#2331,#2332,#2333),.UNSPECIFIED.,.F.,.F.,(4,2,2,2,4),(1.01106448007702,
1.08752770663969,1.16399093320236,1.28155375233527,1.39911657146817),
 .UNSPECIFIED.);
#78=B_SPLINE_CURVE_WITH_KNOTS('',3,(#2337,#2338,#2339,#2340,#2341,#2342,
#2343,#2344),.UNSPECIFIED.,.F.,.F.,(4,2,2,4),(-0.00111625849432496,0.,0.301482716316165,
0.433768809102533),.UNSPECIFIED.);
#79=B_SPLINE_CURVE_WITH_KNOTS('',3,(#2346,#2347,#2348,#2349,#2350,#2351),
 .UNSPECIFIED.,.F.,.F.,(4,2,4),(-20.2629501061716,-20.220374584686,-20.1619431019085),
 .UNSPECIFIED.);
#80=B_SPLINE_CURVE_WITH_KNOTS('',3,(#2354,#2355,#2356,#2357,#2358,#2359),
 .UNSPECIFIED.,.F.,.F.,(4,2,4),(-0.0584313448030828,0.,0.0425755214858574),
 .UNSPECIFIED.);
#81=B_SPLINE_CURVE_WITH_KNOTS('',3,(#2361,#2362,#2363,#2364),
 .UNSPECIFIED.,.F.,.F.,(4,4),(-0.939361958030086,-0.53382854077707),
 .UNSPECIFIED.);
#82=B_SPLINE_CURVE_WITH_KNOTS('',3,(#2413,#2414,#2415,#2416),
 .UNSPECIFIED.,.F.,.F.,(4,4),(0.000208679007164558,0.209993460375484),
 .UNSPECIFIED.);
#83=B_SPLINE_CURVE_WITH_KNOTS('',3,(#2419,#2420,#2421,#2422,#2423,#2424,
#2425),.UNSPECIFIED.,.F.,.F.,(4,3,4),(-0.209993460375461,0.0633367608835751,
0.427777055895623),.UNSPECIFIED.);
#84=B_SPLINE_CURVE_WITH_KNOTS('',3,(#2450,#2451,#2452,#2453),
 .UNSPECIFIED.,.F.,.F.,(4,4),(-2.6,0.),.UNSPECIFIED.);
#85=B_SPLINE_CURVE_WITH_KNOTS('',3,(#2454,#2455,#2456,#2457),
 .UNSPECIFIED.,.F.,.F.,(4,4),(0.,2.6),.UNSPECIFIED.);
#86=B_SPLINE_CURVE_WITH_KNOTS('',3,(#2496,#2497,#2498,#2499,#2500,#2501),
 .UNSPECIFIED.,.F.,.F.,(4,2,4),(-0.425985907738168,-0.0952433249183936,
0.210000795264302),.UNSPECIFIED.);
#87=B_SPLINE_CURVE_WITH_KNOTS('',3,(#2504,#2505,#2506,#2507),
 .UNSPECIFIED.,.F.,.F.,(4,4),(-0.210000795264302,-3.14913760552693E-5),
 .UNSPECIFIED.);
#88=B_SPLINE_CURVE_WITH_KNOTS('',3,(#2528,#2529,#2530,#2531),
 .UNSPECIFIED.,.F.,.F.,(4,4),(-2.6,0.),.UNSPECIFIED.);
#89=B_SPLINE_CURVE_WITH_KNOTS('',3,(#2532,#2533,#2534,#2535),
 .UNSPECIFIED.,.F.,.F.,(4,4),(0.,2.6),.UNSPECIFIED.);
#90=B_SPLINE_CURVE_WITH_KNOTS('',3,(#2597,#2598,#2599,#2600),
 .UNSPECIFIED.,.F.,.F.,(4,4),(0.362341262372702,0.727343445283287),
 .UNSPECIFIED.);
#91=B_SPLINE_CURVE_WITH_KNOTS('',3,(#2601,#2602,#2603,#2604),
 .UNSPECIFIED.,.F.,.F.,(4,4),(-0.727343445197904,-0.362341261361094),
 .UNSPECIFIED.);
#92=B_SPLINE_CURVE_WITH_KNOTS('',3,(#2768,#2769,#2770,#2771),
 .UNSPECIFIED.,.F.,.F.,(4,4),(-20.1619431019085,-19.6865377278344),
 .UNSPECIFIED.);
#93=B_SPLINE_CURVE_WITH_KNOTS('',3,(#2781,#2782,#2783,#2784,#2785,#2786,
#2787,#2788,#2789,#2790,#2791,#2792,#2793,#2794),.UNSPECIFIED.,.F.,.F.,
(4,2,2,2,2,2,4),(-0.000647004833464879,0.,0.0637492956271594,0.127257163774758,
0.205485764926176,0.282339593394026,0.3179285783574),.UNSPECIFIED.);
#94=B_SPLINE_CURVE_WITH_KNOTS('',3,(#2797,#2798,#2799,#2800,#2801,#2802,
#2803,#2804,#2805,#2806,#2807,#2808,#2809,#2810),.UNSPECIFIED.,.F.,.F.,
(4,2,2,2,2,2,4),(0.,0.0765424773153499,0.153950501873249,0.233118114262418,
0.275385832056804,0.317733264901522,0.318379747437167),.UNSPECIFIED.);
#95=B_SPLINE_CURVE_WITH_KNOTS('',3,(#2947,#2948,#2949,#2950,#2951,#2952,
#2953,#2954,#2955,#2956,#2957,#2958,#2959,#2960,#2961,#2962,#2963,#2964,
#2965,#2966,#2967,#2968,#2969,#2970,#2971,#2972,#2973),.UNSPECIFIED.,.F.,
 .F.,(4,2,1,1,1,1,1,1,1,1,1,1,1,1,1,1,1,1,1,1,1,2,4),(-20.2629501061702,
-20.220374584686,-18.7760621143513,-17.3317496440165,-15.1652809385145,
-14.4431247033471,-12.5173747429008,-11.5544997626777,-10.8323435275103,
-10.4712654099267,-10.2907263511348,-10.110187292343,-9.92964823355114,
-9.7491091747593,-9.38803105717563,-8.66587482200827,-7.70299984178513,
-6.74012486156199,-5.77724988133885,-2.88862494066942,-1.44431247033471,
0.,0.042575521485857),.UNSPECIFIED.);
#96=B_SPLINE_CURVE_WITH_KNOTS('',3,(#2975,#2976,#2977,#2978,#2979,#2980,
#2981,#2982,#2983,#2984,#2985,#2986,#2987,#2988),.UNSPECIFIED.,.F.,.F.,
(4,2,2,2,2,2,4),(-0.318454600069395,-0.317808158215079,-0.242307206187015,
-0.167179083474452,-0.0895146672965401,-0.0129150644539772,0.),
 .UNSPECIFIED.);
#97=B_SPLINE_CURVE_WITH_KNOTS('',3,(#2989,#2990,#2991,#2992,#2993,#2994,
#2995,#2996,#2997,#2998,#2999,#3000,#3001,#3002,#3003,#3004,#3005,#3006,
#3007,#3008,#3009,#3010,#3011,#3012,#3013,#3014,#3015),.UNSPECIFIED.,.F.,
 .F.,(4,2,1,1,1,1,1,1,1,1,1,1,1,1,1,1,1,1,1,1,1,2,4),(-9.18961258890399E-6,
0.,1.44431247033471,2.88862494066942,5.77724988133885,6.74012486156199,
7.70299984178513,8.66587482200827,9.38803105717563,9.7491091747593,9.92964823355114,
10.110187292343,10.2907263511348,10.4712654099267,10.8323435275103,11.5544997626777,
12.5173747429008,14.4431247033471,15.1652809385145,17.3317496440165,18.7760621143513,
20.220374584686,20.2203837742986),.UNSPECIFIED.);
#98=B_SPLINE_CURVE_WITH_KNOTS('',3,(#3021,#3022,#3023,#3024,#3025,#3026,
#3027,#3028,#3029,#3030,#3031,#3032,#3033,#3034),.UNSPECIFIED.,.F.,.F.,
(4,2,2,2,2,2,4),(-0.000647004831489666,0.,0.0637492955990073,0.127257163713084,
0.205485764823523,0.282339593251113,0.317928578195807),.UNSPECIFIED.);
#99=B_SPLINE_CURVE_WITH_KNOTS('',3,(#3171,#3172,#3173,#3174,#3175,#3176,
#3177,#3178,#3179,#3180,#3181,#3182,#3183,#3184,#3185,#3186,#3187,#3188,
#3189,#3190,#3191,#3192,#3193,#3194,#3195,#3196,#3197),.UNSPECIFIED.,.F.,
 .F.,(4,2,1,1,1,1,1,1,1,1,1,1,1,1,1,1,1,1,1,1,1,2,4),(-9.18961258737305E-6,
0.,1.44431247033471,2.88862494066942,5.77724988133884,6.74012486156199,
7.70299984178513,8.66587482200827,9.38803105717562,9.7491091747593,9.92964823355114,
10.110187292343,10.2907263511348,10.4712654099267,10.8323435275103,11.5544997626777,
12.5173747429008,14.4431247033471,15.1652809385145,17.3317496440165,18.7760621143512,
20.220374584686,20.2203837742985),.UNSPECIFIED.);
#100=B_SPLINE_CURVE_WITH_KNOTS('',3,(#3199,#3200,#3201,#3202,#3203,#3204,
#3205,#3206,#3207,#3208,#3209,#3210,#3211,#3212,#3213,#3214,#3215,#3216,
#3217,#3218,#3219,#3220,#3221,#3222,#3223,#3224,#3225),.UNSPECIFIED.,.F.,
 .F.,(4,2,1,1,1,1,1,1,1,1,1,1,1,1,1,1,1,1,1,1,1,2,4),(-20.2629501061702,
-20.220374584686,-18.7760621143512,-17.3317496440165,-15.1652809385145,
-14.4431247033471,-12.5173747429008,-11.5544997626777,-10.8323435275103,
-10.4712654099267,-10.2907263511348,-10.110187292343,-9.92964823355114,
-9.7491091747593,-9.38803105717562,-8.66587482200827,-7.70299984178513,
-6.74012486156199,-5.77724988133884,-2.88862494066942,-1.44431247033471,
0.,0.0425755214858568),.UNSPECIFIED.);
#101=B_SPLINE_CURVE_WITH_KNOTS('',3,(#3226,#3227,#3228,#3229,#3230,#3231,
#3232,#3233,#3234,#3235,#3236,#3237,#3238,#3239),.UNSPECIFIED.,.F.,.F.,
(4,2,2,2,2,2,4),(-0.318454600053469,-0.317808158197898,-0.242307206185904,
-0.167179083473594,-0.089514667296103,-0.0129150644539542,0.),
 .UNSPECIFIED.);
#102=B_SPLINE_CURVE_WITH_KNOTS('',3,(#3245,#3246,#3247,#3248,#3249,#3250,
#3251,#3252,#3253,#3254,#3255,#3256,#3257,#3258),.UNSPECIFIED.,.F.,.F.,
(4,2,2,2,2,2,4),(-0.000647004831069487,0.,0.0637492955696811,0.127257163648812,
0.205485764716045,0.282339593101189,0.317928578026147),.UNSPECIFIED.);
#103=B_SPLINE_CURVE_WITH_KNOTS('',3,(#3390,#3391,#3392,#3393,#3394,#3395,
#3396,#3397,#3398,#3399,#3400,#3401,#3402,#3403,#3404,#3405,#3406,#3407,
#3408,#3409,#3410,#3411,#3412,#3413,#3414,#3415),.UNSPECIFIED.,.F.,.F.,
(4,2,1,1,1,1,1,1,1,1,1,1,1,1,1,1,1,1,1,1,2,4),(-20.2629501061702,-20.220374584686,
-18.7760621143512,-17.3317496440165,-14.4431247033471,-12.5173747429008,
-11.5544997626777,-10.8323435275103,-10.4712654099267,-10.2907263511348,
-10.110187292343,-9.92964823355114,-9.7491091747593,-9.38803105717562,-8.66587482200827,
-7.70299984178513,-6.74012486156199,-5.77724988133885,-2.88862494066942,
-1.44431247033471,0.,0.0425755214869693),.UNSPECIFIED.);
#104=B_SPLINE_CURVE_WITH_KNOTS('',3,(#3417,#3418,#3419,#3420,#3421,#3422,
#3423,#3424,#3425,#3426,#3427,#3428,#3429,#3430,#3431,#3432,#3433,#3434,
#3435,#3436,#3437,#3438,#3439,#3440,#3441,#3442),.UNSPECIFIED.,.F.,.F.,
(4,2,1,1,1,1,1,1,1,1,1,1,1,1,1,1,1,1,1,1,2,4),(-9.18961258926628E-6,0.,
1.44431247033471,2.88862494066942,5.77724988133885,6.74012486156199,7.70299984178513,
8.66587482200827,9.38803105717562,9.7491091747593,9.92964823355114,10.110187292343,
10.2907263511348,10.4712654099267,10.8323435275103,11.5544997626777,12.5173747429008,
14.4431247033471,17.3317496440165,18.7760621143512,20.220374584686,20.2203837742985),
 .UNSPECIFIED.);
#105=B_SPLINE_CURVE_WITH_KNOTS('',3,(#3443,#3444,#3445,#3446,#3447,#3448,
#3449,#3450,#3451,#3452,#3453,#3454,#3455,#3456),.UNSPECIFIED.,.F.,.F.,
(4,2,2,2,2,2,4),(-0.000647004829620457,0.,0.0637492955171532,0.127257163533728,
0.205485764524039,0.282339592833598,0.317928577723632),.UNSPECIFIED.);
#106=B_SPLINE_CURVE_WITH_KNOTS('',3,(#3593,#3594,#3595,#3596,#3597,#3598,
#3599,#3600,#3601,#3602,#3603,#3604,#3605,#3606,#3607,#3608,#3609,#3610,
#3611,#3612,#3613,#3614,#3615,#3616,#3617,#3618,#3619),.UNSPECIFIED.,.F.,
 .F.,(4,2,1,1,1,1,1,1,1,1,1,1,1,1,1,1,1,1,1,1,1,2,4),(-9.18961258988619E-6,
0.,1.44431247033471,2.88862494066943,5.77724988133885,6.74012486156199,
7.70299984178514,8.66587482200828,9.38803105717563,9.74910917475931,9.92964823355115,
10.110187292343,10.2907263511348,10.4712654099267,10.8323435275103,11.5544997626777,
12.5173747429008,13.480249723124,14.4431247033471,17.3317496440166,18.7760621143513,
20.220374584686,20.2203837742986),.UNSPECIFIED.);
#107=B_SPLINE_CURVE_WITH_KNOTS('',3,(#3621,#3622,#3623,#3624,#3625,#3626,
#3627,#3628,#3629,#3630,#3631,#3632,#3633,#3634,#3635,#3636,#3637,#3638,
#3639,#3640,#3641,#3642,#3643,#3644,#3645,#3646,#3647),.UNSPECIFIED.,.F.,
 .F.,(4,2,1,1,1,1,1,1,1,1,1,1,1,1,1,1,1,1,1,1,1,2,4),(-20.2629501061702,
-20.220374584686,-18.7760621143513,-17.3317496440166,-14.4431247033471,
-13.480249723124,-12.5173747429008,-11.5544997626777,-10.8323435275103,
-10.4712654099267,-10.2907263511348,-10.110187292343,-9.92964823355115,
-9.74910917475931,-9.38803105717563,-8.66587482200828,-7.70299984178514,
-6.74012486156199,-5.77724988133885,-2.88862494066943,-1.44431247033471,
0.,0.0425755214858508),.UNSPECIFIED.);
#108=B_SPLINE_CURVE_WITH_KNOTS('',3,(#3648,#3649,#3650,#3651,#3652,#3653,
#3654,#3655,#3656,#3657,#3658,#3659,#3660,#3661),.UNSPECIFIED.,.F.,.F.,
(4,2,2,2,2,2,4),(-0.318454600003353,-0.317808158145064,-0.242307206185237,
-0.1671790834728,-0.0895146672956956,-0.0129150644539327,0.),
 .UNSPECIFIED.);
#109=B_SPLINE_CURVE_WITH_KNOTS('',3,(#3674,#3675,#3676,#3677,#3678,#3679,
#3680,#3681,#3682,#3683,#3684,#3685,#3686,#3687,#3688,#3689,#3690,#3691,
#3692,#3693,#3694,#3695,#3696,#3697,#3698,#3699,#3700,#3701),
 .UNSPECIFIED.,.F.,.F.,(4,2,1,1,1,1,1,1,1,1,1,1,1,1,1,1,1,1,1,1,1,1,2,4),
(-9.189612581332E-6,0.,1.44431247033471,2.88862494066942,5.77724988133885,
7.22156235167356,7.94371858684092,8.66587482200827,9.14731231211984,9.62874980223141,
9.8694685472872,9.98982791981509,10.110187292343,10.3509060373988,10.5916247824546,
11.0730622725661,11.5544997626777,12.2766559978451,12.9988122330124,14.4431247033471,
17.3317496440165,18.7760621143513,20.220374584686,20.2203837742986),
 .UNSPECIFIED.);
#110=B_SPLINE_CURVE_WITH_KNOTS('',3,(#3715,#3716,#3717,#3718,#3719,#3720,
#3721,#3722,#3723,#3724,#3725,#3726,#3727,#3728,#3729,#3730,#3731,#3732,
#3733,#3734,#3735,#3736,#3737,#3738,#3739,#3740),.UNSPECIFIED.,.F.,.F.,
(4,2,1,1,1,1,1,1,1,1,1,1,1,1,1,1,1,1,1,1,2,4),(-9.18961259095408E-6,0.,
1.44431247033471,2.88862494066942,5.77724988133885,6.74012486156199,7.70299984178513,
8.66587482200827,9.38803105717562,9.7491091747593,9.92964823355114,10.110187292343,
10.2907263511348,10.4712654099267,10.8323435275103,11.5544997626777,12.5173747429008,
14.4431247033471,17.3317496440165,18.7760621143512,20.220374584686,20.2203837742986),
 .UNSPECIFIED.);
#111=B_SPLINE_CURVE_WITH_KNOTS('',3,(#3884,#3885,#3886,#3887,#3888,#3889,
#3890,#3891,#3892,#3893,#3894,#3895,#3896,#3897),.UNSPECIFIED.,.F.,.F.,
(4,2,2,2,2,2,4),(-0.318454600054343,-0.317808158198906,-0.242307206188202,
-0.167179083475138,-0.0895146672968845,-0.0129150644539958,0.),
 .UNSPECIFIED.);
#112=B_SPLINE_CURVE_WITH_KNOTS('',3,(#3898,#3899,#3900,#3901,#3902,#3903,
#3904,#3905,#3906,#3907,#3908,#3909,#3910,#3911),.UNSPECIFIED.,.F.,.F.,
(4,2,2,2,2,2,4),(-0.000647004838328031,0.,0.0637492957627116,0.127257164071782,
0.205485765421898,0.282339594084915,0.317928579138674),.UNSPECIFIED.);
#113=B_SPLINE_CURVE_WITH_KNOTS('',3,(#3913,#3914,#3915,#3916,#3917,#3918,
#3919,#3920,#3921,#3922,#3923,#3924,#3925,#3926),.UNSPECIFIED.,.F.,.F.,
(4,2,2,2,2,2,4),(-0.000647004831295509,0.,0.0637492955135114,0.127257163525764,
0.205485764510745,0.282339592815053,0.31792857770262),.UNSPECIFIED.);
#114=B_SPLINE_CURVE_WITH_KNOTS('',3,(#4067,#4068,#4069,#4070,#4071,#4072,
#4073,#4074,#4075,#4076,#4077,#4078,#4079,#4080),.UNSPECIFIED.,.F.,.F.,
(4,2,2,2,2,2,4),(-0.318454600063507,-0.3178081582093,-0.242307206185728,
-0.16717908347359,-0.0895146672961021,-0.0129150644539542,0.),
 .UNSPECIFIED.);
#115=B_SPLINE_CURVE_WITH_KNOTS('',3,(#4083,#4084,#4085,#4086,#4087,#4088,
#4089,#4090,#4091,#4092,#4093,#4094,#4095,#4096),.UNSPECIFIED.,.F.,.F.,
(4,2,2,2,2,2,4),(-0.000647004833182433,0.,0.0637492955709773,0.127257163651645,
0.205485764720776,0.282339593107785,0.317928578033658),.UNSPECIFIED.);
#116=B_SPLINE_CURVE_WITH_KNOTS('',3,(#4229,#4230,#4231,#4232,#4233,#4234,
#4235,#4236,#4237,#4238,#4239,#4240,#4241,#4242),.UNSPECIFIED.,.F.,.F.,
(4,2,2,2,2,2,4),(-0.318454600077058,-0.317808158223782,-0.242307206183883,
-0.167179083472408,-0.089514667295495,-0.0129150644539215,0.),
 .UNSPECIFIED.);
#117=B_SPLINE_CURVE_WITH_KNOTS('',3,(#4243,#4244,#4245,#4246,#4247,#4248,
#4249,#4250,#4251,#4252,#4253,#4254,#4255,#4256,#4257,#4258,#4259,#4260,
#4261,#4262,#4263,#4264,#4265,#4266,#4267,#4268),.UNSPECIFIED.,.F.,.F.,
(4,2,1,1,1,1,1,1,1,1,1,1,1,1,1,1,1,1,1,1,2,4),(-9.1896125888777E-6,0.,1.44431247033471,
2.88862494066942,5.77724988133885,6.74012486156199,7.70299984178513,8.66587482200827,
9.38803105717562,9.7491091747593,9.92964823355114,10.110187292343,10.2907263511348,
10.4712654099267,10.8323435275103,11.5544997626777,12.5173747429008,14.4431247033471,
17.3317496440165,18.7760621143512,20.220374584686,20.2203837742985),
 .UNSPECIFIED.);
#118=B_SPLINE_CURVE_WITH_KNOTS('',3,(#4272,#4273,#4274,#4275,#4276,#4277,
#4278,#4279,#4280,#4281,#4282,#4283,#4284,#4285),.UNSPECIFIED.,.F.,.F.,
(4,2,2,2,2,2,4),(-0.000647004833344911,0.,0.0637492955695223,0.127257163648459,
0.20548576471547,0.282339593100392,0.317928578025302),.UNSPECIFIED.);
#119=B_SPLINE_CURVE_WITH_KNOTS('',3,(#4421,#4422,#4423,#4424,#4425,#4426,
#4427,#4428,#4429,#4430,#4431,#4432,#4433,#4434,#4435,#4436,#4437,#4438,
#4439,#4440,#4441,#4442,#4443,#4444,#4445,#4446,#4447),.UNSPECIFIED.,.F.,
 .F.,(4,2,1,1,1,1,1,1,1,1,1,1,1,1,1,1,1,1,1,1,1,2,4),(-9.18961258940274E-6,
0.,1.44431247033471,2.88862494066942,5.77724988133885,6.74012486156199,
7.70299984178513,8.66587482200827,9.38803105717563,9.7491091747593,9.92964823355114,
10.110187292343,10.2907263511348,10.4712654099267,10.8323435275103,11.5544997626777,
12.5173747429008,14.4431247033471,15.1652809385145,17.3317496440165,18.7760621143513,
20.220374584686,20.2203837742986),.UNSPECIFIED.);
#120=B_SPLINE_CURVE_WITH_KNOTS('',3,(#4448,#4449,#4450,#4451,#4452,#4453,
#4454,#4455,#4456,#4457,#4458,#4459,#4460,#4461),.UNSPECIFIED.,.F.,.F.,
(4,2,2,2,2,2,4),(-0.318454600095213,-0.317808158243166,-0.242307206186514,
-0.167179083474314,-0.0895146672964901,-0.0129150644539759,0.),
 .UNSPECIFIED.);
#121=B_SPLINE_SURFACE_WITH_KNOTS('',3,3,((#1688,#1689,#1690,#1691,#1692),
(#1693,#1694,#1695,#1696,#1697),(#1698,#1699,#1700,#1701,#1702),(#1703,
#1704,#1705,#1706,#1707),(#1708,#1709,#1710,#1711,#1712),(#1713,#1714,#1715,
#1716,#1717)),.UNSPECIFIED.,.F.,.F.,.F.,(4,1,1,4),(4,1,4),(0.,0.285714285714286,
0.571428571428571,1.),(-0.427777055895702,-0.154446834636609,0.209993460375514),
 .UNSPECIFIED.);
#122=B_SPLINE_SURFACE_WITH_KNOTS('',3,3,((#1742,#1743,#1744,#1745),(#1746,
#1747,#1748,#1749),(#1750,#1751,#1752,#1753),(#1754,#1755,#1756,#1757),
(#1758,#1759,#1760,#1761),(#1762,#1763,#1764,#1765)),.UNSPECIFIED.,.F.,
 .F.,.F.,(4,1,1,4),(4,4),(0.,0.285714285714286,0.571428571428571,1.),(0.,
2.6),.UNSPECIFIED.);
#123=B_SPLINE_SURFACE_WITH_KNOTS('',3,3,((#1809,#1810,#1811,#1812,#1813,
#1814),(#1815,#1816,#1817,#1818,#1819,#1820),(#1821,#1822,#1823,#1824,#1825,
#1826),(#1827,#1828,#1829,#1830,#1831,#1832),(#1833,#1834,#1835,#1836,#1837,
#1838)),.UNSPECIFIED.,.F.,.F.,.F.,(4,1,4),(4,2,4),(0.,0.571428571428571,
1.),(-0.425985907738075,-0.0952433249173051,0.210000795264331),
 .UNSPECIFIED.);
#124=B_SPLINE_SURFACE_WITH_KNOTS('',3,3,((#1917,#1918,#1919,#1920),(#1921,
#1922,#1923,#1924),(#1925,#1926,#1927,#1928),(#1929,#1930,#1931,#1932),
(#1933,#1934,#1935,#1936)),.UNSPECIFIED.,.F.,.F.,.F.,(4,1,4),(4,4),(0.,
0.571428571428571,1.),(0.,2.6),.UNSPECIFIED.);
#125=B_SPLINE_SURFACE_WITH_KNOTS('',3,3,((#1945,#1946,#1947,#1948),(#1949,
#1950,#1951,#1952),(#1953,#1954,#1955,#1956),(#1957,#1958,#1959,#1960),
(#1961,#1962,#1963,#1964)),.UNSPECIFIED.,.F.,.F.,.F.,(4,1,4),(4,4),(0.,
0.571428571428571,1.),(-0.826208277125149,-0.46120609250796),
 .UNSPECIFIED.);
#126=B_SPLINE_SURFACE_WITH_KNOTS('',3,1,((#2010,#2011),(#2012,#2013),(#2014,
#2015),(#2016,#2017),(#2018,#2019),(#2020,#2021),(#2022,#2023),(#2024,#2025),
(#2026,#2027),(#2028,#2029),(#2030,#2031),(#2032,#2033),(#2034,#2035),(#2036,
#2037),(#2038,#2039),(#2040,#2041),(#2042,#2043),(#2044,#2045),(#2046,#2047),
(#2048,#2049),(#2050,#2051),(#2052,#2053),(#2054,#2055),(#2056,#2057),(#2058,
#2059),(#2060,#2061),(#2062,#2063),(#2064,#2065),(#2066,#2067),(#2068,#2069),
(#2070,#2071),(#2072,#2073),(#2074,#2075),(#2076,#2077),(#2078,#2079),(#2080,
#2081),(#2082,#2083),(#2084,#2085),(#2086,#2087),(#2088,#2089),(#2090,#2091),
(#2092,#2093),(#2094,#2095),(#2096,#2097),(#2098,#2099),(#2100,#2101),(#2102,
#2103),(#2104,#2105),(#2106,#2107),(#2108,#2109),(#2110,#2111),(#2112,#2113),
(#2114,#2115),(#2116,#2117),(#2118,#2119),(#2120,#2121),(#2122,#2123),(#2124,
#2125),(#2126,#2127),(#2128,#2129),(#2130,#2131),(#2132,#2133),(#2134,#2135),
(#2136,#2137),(#2138,#2139),(#2140,#2141),(#2142,#2143),(#2144,#2145),(#2146,
#2147),(#2148,#2149),(#2150,#2151),(#2152,#2153),(#2154,#2155),(#2156,#2157),
(#2158,#2159),(#2160,#2161),(#2162,#2163)),.UNSPECIFIED.,.F.,.F.,.F.,(4,
2,3,2,2,2,2,2,2,2,2,2,2,2,2,2,2,2,3,2,2,2,2,2,2,2,2,2,2,2,2,2,2,2,3,2,4),
(2,2),(-4.21048198176147,-2.10524099088073,0.,0.364842912097682,0.729685824195364,
1.86332535537028,2.99696488654519,4.60165479431924,5.86691186054276,6.88515563138857,
7.66842007050074,8.27005519509343,8.73460340961346,9.05863232642659,9.36043573928003,
9.62075486521277,9.78212025291441,9.98400766179353,10.110187292343,10.2363669228924,
10.4382543317716,10.5996197194732,10.8599388454059,11.1617422582582,11.4857711750719,
11.9503193895919,12.55195451418,13.3352189532885,14.3534627241296,15.6187197903347,
17.2234096981237,18.3570492293072,19.4906887604907,19.8555316725884,20.220374584686,
22.3256155755667,24.4308565664475),(-0.520000000000001,3.),
 .UNSPECIFIED.);
#127=B_SPLINE_SURFACE_WITH_KNOTS('',3,3,((#2382,#2383,#2384,#2385,#2386),
(#2387,#2388,#2389,#2390,#2391),(#2392,#2393,#2394,#2395,#2396),(#2397,
#2398,#2399,#2400,#2401),(#2402,#2403,#2404,#2405,#2406),(#2407,#2408,#2409,
#2410,#2411)),.UNSPECIFIED.,.F.,.F.,.F.,(4,1,1,4),(4,1,4),(0.,0.285714285714286,
0.571428571428571,1.),(-0.427777055895668,-0.063336760883581,0.209993460375484),
 .UNSPECIFIED.);
#128=B_SPLINE_SURFACE_WITH_KNOTS('',3,3,((#2426,#2427,#2428,#2429),(#2430,
#2431,#2432,#2433),(#2434,#2435,#2436,#2437),(#2438,#2439,#2440,#2441),
(#2442,#2443,#2444,#2445),(#2446,#2447,#2448,#2449)),.UNSPECIFIED.,.F.,
 .F.,.F.,(4,1,1,4),(4,4),(0.,0.285714285714286,0.571428571428571,1.),(0.,
2.6),.UNSPECIFIED.);
#129=B_SPLINE_SURFACE_WITH_KNOTS('',3,3,((#2465,#2466,#2467,#2468,#2469,
#2470),(#2471,#2472,#2473,#2474,#2475,#2476),(#2477,#2478,#2479,#2480,#2481,
#2482),(#2483,#2484,#2485,#2486,#2487,#2488),(#2489,#2490,#2491,#2492,#2493,
#2494)),.UNSPECIFIED.,.F.,.F.,.F.,(4,1,4),(4,2,4),(0.,0.571428571428571,
1.),(-0.425985907738168,-0.0952433249183936,0.210000795264302),
 .UNSPECIFIED.);
#130=B_SPLINE_SURFACE_WITH_KNOTS('',3,3,((#2508,#2509,#2510,#2511),(#2512,
#2513,#2514,#2515),(#2516,#2517,#2518,#2519),(#2520,#2521,#2522,#2523),
(#2524,#2525,#2526,#2527)),.UNSPECIFIED.,.F.,.F.,.F.,(4,1,4),(4,4),(0.,
0.571428571428571,1.),(0.,2.6),.UNSPECIFIED.);
#131=B_SPLINE_SURFACE_WITH_KNOTS('',3,3,((#2577,#2578,#2579,#2580),(#2581,
#2582,#2583,#2584),(#2585,#2586,#2587,#2588),(#2589,#2590,#2591,#2592),
(#2593,#2594,#2595,#2596)),.UNSPECIFIED.,.F.,.F.,.F.,(4,1,4),(4,4),(0.,
0.571428571428571,1.),(-0.727343445978259,-0.362341261361094),
 .UNSPECIFIED.);
#132=B_SPLINE_SURFACE_WITH_KNOTS('',3,1,((#2614,#2615),(#2616,#2617),(#2618,
#2619),(#2620,#2621),(#2622,#2623),(#2624,#2625),(#2626,#2627),(#2628,#2629),
(#2630,#2631),(#2632,#2633),(#2634,#2635),(#2636,#2637),(#2638,#2639),(#2640,
#2641),(#2642,#2643),(#2644,#2645),(#2646,#2647),(#2648,#2649),(#2650,#2651),
(#2652,#2653),(#2654,#2655),(#2656,#2657),(#2658,#2659),(#2660,#2661),(#2662,
#2663),(#2664,#2665),(#2666,#2667),(#2668,#2669),(#2670,#2671),(#2672,#2673),
(#2674,#2675),(#2676,#2677),(#2678,#2679),(#2680,#2681),(#2682,#2683),(#2684,
#2685),(#2686,#2687),(#2688,#2689),(#2690,#2691),(#2692,#2693),(#2694,#2695),
(#2696,#2697),(#2698,#2699),(#2700,#2701),(#2702,#2703),(#2704,#2705),(#2706,
#2707),(#2708,#2709),(#2710,#2711),(#2712,#2713),(#2714,#2715),(#2716,#2717),
(#2718,#2719),(#2720,#2721),(#2722,#2723),(#2724,#2725),(#2726,#2727),(#2728,
#2729),(#2730,#2731),(#2732,#2733),(#2734,#2735),(#2736,#2737),(#2738,#2739),
(#2740,#2741),(#2742,#2743),(#2744,#2745),(#2746,#2747),(#2748,#2749),(#2750,
#2751),(#2752,#2753),(#2754,#2755),(#2756,#2757),(#2758,#2759),(#2760,#2761),
(#2762,#2763),(#2764,#2765),(#2766,#2767)),.UNSPECIFIED.,.F.,.F.,.F.,(4,
2,3,2,2,2,2,2,2,2,2,2,2,2,2,2,2,2,3,2,2,2,2,2,2,2,2,2,2,2,2,2,2,2,3,2,4),
(2,2),(-4.21048198176154,-2.10524099088077,0.,0.3648429120977,0.7296858241954,
1.86332535536769,2.99696488653998,4.60165479433122,5.86691186054382,6.88515563138949,
7.66842007050154,8.27005519509408,8.7346034096141,9.05863232642787,9.36043573928004,
9.62075486521278,9.78212025291442,9.98400766179354,10.110187292343,10.2363669228924,
10.4382543317716,10.5996197194732,10.8599388454059,11.1617422582579,11.4857711750718,
11.9503193895918,12.5519545141817,13.3352189532917,14.3534627241346,15.6187197903402,
17.2234096981305,18.3570492293105,19.4906887604906,19.8555316725883,20.220374584686,
22.3256155755667,24.4308565664475),(-0.52,3.),.UNSPECIFIED.);
#133=B_SPLINE_SURFACE_WITH_KNOTS('',3,3,((#2811,#2812,#2813,#2814,#2815,
#2816,#2817,#2818,#2819,#2820,#2821,#2822,#2823,#2824,#2825,#2826,#2827,
#2828,#2829,#2830,#2831,#2832,#2833,#2834,#2835,#2836,#2837),(#2838,#2839,
#2840,#2841,#2842,#2843,#2844,#2845,#2846,#2847,#2848,#2849,#2850,#2851,
#2852,#2853,#2854,#2855,#2856,#2857,#2858,#2859,#2860,#2861,#2862,#2863,
#2864),(#2865,#2866,#2867,#2868,#2869,#2870,#2871,#2872,#2873,#2874,#2875,
#2876,#2877,#2878,#2879,#2880,#2881,#2882,#2883,#2884,#2885,#2886,#2887,
#2888,#2889,#2890,#2891),(#2892,#2893,#2894,#2895,#2896,#2897,#2898,#2899,
#2900,#2901,#2902,#2903,#2904,#2905,#2906,#2907,#2908,#2909,#2910,#2911,
#2912,#2913,#2914,#2915,#2916,#2917,#2918),(#2919,#2920,#2921,#2922,#2923,
#2924,#2925,#2926,#2927,#2928,#2929,#2930,#2931,#2932,#2933,#2934,#2935,
#2936,#2937,#2938,#2939,#2940,#2941,#2942,#2943,#2944,#2945)),
 .UNSPECIFIED.,.F.,.F.,.F.,(4,1,4),(4,2,1,1,1,1,1,1,1,1,1,1,1,1,1,1,1,1,
1,1,1,2,4),(0.,0.571428571428571,1.),(-0.042575521485857,0.,1.44431247033471,
2.88862494066942,5.77724988133885,6.74012486156199,7.70299984178513,8.66587482200827,
9.38803105717563,9.7491091747593,9.92964823355114,10.110187292343,10.2907263511348,
10.4712654099267,10.8323435275103,11.5544997626777,12.5173747429008,14.4431247033471,
15.1652809385145,17.3317496440165,18.7760621143513,20.220374584686,20.2629501061702),
 .UNSPECIFIED.);
#134=B_SPLINE_SURFACE_WITH_KNOTS('',3,3,((#3035,#3036,#3037,#3038,#3039,
#3040,#3041,#3042,#3043,#3044,#3045,#3046,#3047,#3048,#3049,#3050,#3051,
#3052,#3053,#3054,#3055,#3056,#3057,#3058,#3059,#3060,#3061),(#3062,#3063,
#3064,#3065,#3066,#3067,#3068,#3069,#3070,#3071,#3072,#3073,#3074,#3075,
#3076,#3077,#3078,#3079,#3080,#3081,#3082,#3083,#3084,#3085,#3086,#3087,
#3088),(#3089,#3090,#3091,#3092,#3093,#3094,#3095,#3096,#3097,#3098,#3099,
#3100,#3101,#3102,#3103,#3104,#3105,#3106,#3107,#3108,#3109,#3110,#3111,
#3112,#3113,#3114,#3115),(#3116,#3117,#3118,#3119,#3120,#3121,#3122,#3123,
#3124,#3125,#3126,#3127,#3128,#3129,#3130,#3131,#3132,#3133,#3134,#3135,
#3136,#3137,#3138,#3139,#3140,#3141,#3142),(#3143,#3144,#3145,#3146,#3147,
#3148,#3149,#3150,#3151,#3152,#3153,#3154,#3155,#3156,#3157,#3158,#3159,
#3160,#3161,#3162,#3163,#3164,#3165,#3166,#3167,#3168,#3169)),
 .UNSPECIFIED.,.F.,.F.,.F.,(4,1,4),(4,2,1,1,1,1,1,1,1,1,1,1,1,1,1,1,1,1,
1,1,1,2,4),(0.,0.571428571428571,1.),(-0.0425755214858568,0.,1.44431247033471,
2.88862494066942,5.77724988133884,6.74012486156199,7.70299984178513,8.66587482200827,
9.38803105717562,9.7491091747593,9.92964823355114,10.110187292343,10.2907263511348,
10.4712654099267,10.8323435275103,11.5544997626777,12.5173747429008,14.4431247033471,
15.1652809385145,17.3317496440165,18.7760621143512,20.220374584686,20.2629501061702),
 .UNSPECIFIED.);
#135=B_SPLINE_SURFACE_WITH_KNOTS('',3,3,((#3259,#3260,#3261,#3262,#3263,
#3264,#3265,#3266,#3267,#3268,#3269,#3270,#3271,#3272,#3273,#3274,#3275,
#3276,#3277,#3278,#3279,#3280,#3281,#3282,#3283,#3284),(#3285,#3286,#3287,
#3288,#3289,#3290,#3291,#3292,#3293,#3294,#3295,#3296,#3297,#3298,#3299,
#3300,#3301,#3302,#3303,#3304,#3305,#3306,#3307,#3308,#3309,#3310),(#3311,
#3312,#3313,#3314,#3315,#3316,#3317,#3318,#3319,#3320,#3321,#3322,#3323,
#3324,#3325,#3326,#3327,#3328,#3329,#3330,#3331,#3332,#3333,#3334,#3335,
#3336),(#3337,#3338,#3339,#3340,#3341,#3342,#3343,#3344,#3345,#3346,#3347,
#3348,#3349,#3350,#3351,#3352,#3353,#3354,#3355,#3356,#3357,#3358,#3359,
#3360,#3361,#3362),(#3363,#3364,#3365,#3366,#3367,#3368,#3369,#3370,#3371,
#3372,#3373,#3374,#3375,#3376,#3377,#3378,#3379,#3380,#3381,#3382,#3383,
#3384,#3385,#3386,#3387,#3388)),.UNSPECIFIED.,.F.,.F.,.F.,(4,1,4),(4,2,
1,1,1,1,1,1,1,1,1,1,1,1,1,1,1,1,1,1,2,4),(0.,0.571428571428571,1.),(-0.0425755214869693,
0.,1.44431247033471,2.88862494066942,5.77724988133885,6.74012486156199,
7.70299984178513,8.66587482200827,9.38803105717562,9.7491091747593,9.92964823355114,
10.110187292343,10.2907263511348,10.4712654099267,10.8323435275103,11.5544997626777,
12.5173747429008,14.4431247033471,17.3317496440165,18.7760621143512,20.220374584686,
20.2629501061702),.UNSPECIFIED.);
#136=B_SPLINE_SURFACE_WITH_KNOTS('',3,3,((#3457,#3458,#3459,#3460,#3461,
#3462,#3463,#3464,#3465,#3466,#3467,#3468,#3469,#3470,#3471,#3472,#3473,
#3474,#3475,#3476,#3477,#3478,#3479,#3480,#3481,#3482,#3483),(#3484,#3485,
#3486,#3487,#3488,#3489,#3490,#3491,#3492,#3493,#3494,#3495,#3496,#3497,
#3498,#3499,#3500,#3501,#3502,#3503,#3504,#3505,#3506,#3507,#3508,#3509,
#3510),(#3511,#3512,#3513,#3514,#3515,#3516,#3517,#3518,#3519,#3520,#3521,
#3522,#3523,#3524,#3525,#3526,#3527,#3528,#3529,#3530,#3531,#3532,#3533,
#3534,#3535,#3536,#3537),(#3538,#3539,#3540,#3541,#3542,#3543,#3544,#3545,
#3546,#3547,#3548,#3549,#3550,#3551,#3552,#3553,#3554,#3555,#3556,#3557,
#3558,#3559,#3560,#3561,#3562,#3563,#3564),(#3565,#3566,#3567,#3568,#3569,
#3570,#3571,#3572,#3573,#3574,#3575,#3576,#3577,#3578,#3579,#3580,#3581,
#3582,#3583,#3584,#3585,#3586,#3587,#3588,#3589,#3590,#3591)),
 .UNSPECIFIED.,.F.,.F.,.F.,(4,1,4),(4,2,1,1,1,1,1,1,1,1,1,1,1,1,1,1,1,1,
1,1,1,2,4),(0.,0.571428571428571,1.),(-0.0425755214858508,0.,1.44431247033471,
2.88862494066943,5.77724988133885,6.74012486156199,7.70299984178514,8.66587482200828,
9.38803105717563,9.74910917475931,9.92964823355115,10.110187292343,10.2907263511348,
10.4712654099267,10.8323435275103,11.5544997626777,12.5173747429008,13.480249723124,
14.4431247033471,17.3317496440166,18.7760621143513,20.220374584686,20.2629501061702),
 .UNSPECIFIED.);
#137=B_SPLINE_SURFACE_WITH_KNOTS('',3,3,((#3754,#3755,#3756,#3757,#3758,
#3759,#3760,#3761,#3762,#3763,#3764,#3765,#3766,#3767,#3768,#3769,#3770,
#3771,#3772,#3773,#3774,#3775,#3776,#3777,#3778,#3779),(#3780,#3781,#3782,
#3783,#3784,#3785,#3786,#3787,#3788,#3789,#3790,#3791,#3792,#3793,#3794,
#3795,#3796,#3797,#3798,#3799,#3800,#3801,#3802,#3803,#3804,#3805),(#3806,
#3807,#3808,#3809,#3810,#3811,#3812,#3813,#3814,#3815,#3816,#3817,#3818,
#3819,#3820,#3821,#3822,#3823,#3824,#3825,#3826,#3827,#3828,#3829,#3830,
#3831),(#3832,#3833,#3834,#3835,#3836,#3837,#3838,#3839,#3840,#3841,#3842,
#3843,#3844,#3845,#3846,#3847,#3848,#3849,#3850,#3851,#3852,#3853,#3854,
#3855,#3856,#3857),(#3858,#3859,#3860,#3861,#3862,#3863,#3864,#3865,#3866,
#3867,#3868,#3869,#3870,#3871,#3872,#3873,#3874,#3875,#3876,#3877,#3878,
#3879,#3880,#3881,#3882,#3883)),.UNSPECIFIED.,.F.,.F.,.F.,(4,1,4),(4,2,
1,1,1,1,1,1,1,1,1,1,1,1,1,1,1,1,1,1,2,4),(0.,0.571428571428571,1.),(-0.0425755214858574,
0.,1.44431247033471,2.88862494066942,5.77724988133885,6.74012486156199,
7.70299984178513,8.66587482200827,9.38803105717562,9.7491091747593,9.92964823355114,
10.110187292343,10.2907263511348,10.4712654099267,10.8323435275103,11.5544997626777,
12.5173747429008,14.4431247033471,17.3317496440165,18.7760621143512,20.220374584686,
20.2629501061716),.UNSPECIFIED.);
#138=B_SPLINE_SURFACE_WITH_KNOTS('',3,3,((#3927,#3928,#3929,#3930,#3931,
#3932,#3933,#3934,#3935,#3936,#3937,#3938,#3939,#3940,#3941,#3942,#3943,
#3944,#3945,#3946,#3947,#3948,#3949,#3950,#3951,#3952,#3953,#3954),(#3955,
#3956,#3957,#3958,#3959,#3960,#3961,#3962,#3963,#3964,#3965,#3966,#3967,
#3968,#3969,#3970,#3971,#3972,#3973,#3974,#3975,#3976,#3977,#3978,#3979,
#3980,#3981,#3982),(#3983,#3984,#3985,#3986,#3987,#3988,#3989,#3990,#3991,
#3992,#3993,#3994,#3995,#3996,#3997,#3998,#3999,#4000,#4001,#4002,#4003,
#4004,#4005,#4006,#4007,#4008,#4009,#4010),(#4011,#4012,#4013,#4014,#4015,
#4016,#4017,#4018,#4019,#4020,#4021,#4022,#4023,#4024,#4025,#4026,#4027,
#4028,#4029,#4030,#4031,#4032,#4033,#4034,#4035,#4036,#4037,#4038),(#4039,
#4040,#4041,#4042,#4043,#4044,#4045,#4046,#4047,#4048,#4049,#4050,#4051,
#4052,#4053,#4054,#4055,#4056,#4057,#4058,#4059,#4060,#4061,#4062,#4063,
#4064,#4065,#4066)),.UNSPECIFIED.,.F.,.F.,.F.,(4,1,4),(4,2,1,1,1,1,1,1,
1,1,1,1,1,1,1,1,1,1,1,1,1,1,2,4),(0.,0.571428571428571,1.),(-0.0425755214858443,
0.,1.44431247033471,2.88862494066942,5.77724988133885,7.22156235167356,
7.94371858684092,8.66587482200827,9.14731231211984,9.62874980223141,9.8694685472872,
9.98982791981509,10.110187292343,10.3509060373988,10.5916247824546,11.0730622725661,
11.5544997626777,12.2766559978451,12.9988122330124,14.4431247033471,17.3317496440165,
18.7760621143513,20.220374584686,20.2629501061716),.UNSPECIFIED.);
#139=B_SPLINE_SURFACE_WITH_KNOTS('',3,3,((#4098,#4099,#4100,#4101,#4102,
#4103,#4104,#4105,#4106,#4107,#4108,#4109,#4110,#4111,#4112,#4113,#4114,
#4115,#4116,#4117,#4118,#4119,#4120,#4121,#4122,#4123),(#4124,#4125,#4126,
#4127,#4128,#4129,#4130,#4131,#4132,#4133,#4134,#4135,#4136,#4137,#4138,
#4139,#4140,#4141,#4142,#4143,#4144,#4145,#4146,#4147,#4148,#4149),(#4150,
#4151,#4152,#4153,#4154,#4155,#4156,#4157,#4158,#4159,#4160,#4161,#4162,
#4163,#4164,#4165,#4166,#4167,#4168,#4169,#4170,#4171,#4172,#4173,#4174,
#4175),(#4176,#4177,#4178,#4179,#4180,#4181,#4182,#4183,#4184,#4185,#4186,
#4187,#4188,#4189,#4190,#4191,#4192,#4193,#4194,#4195,#4196,#4197,#4198,
#4199,#4200,#4201),(#4202,#4203,#4204,#4205,#4206,#4207,#4208,#4209,#4210,
#4211,#4212,#4213,#4214,#4215,#4216,#4217,#4218,#4219,#4220,#4221,#4222,
#4223,#4224,#4225,#4226,#4227)),.UNSPECIFIED.,.F.,.F.,.F.,(4,1,4),(4,2,
1,1,1,1,1,1,1,1,1,1,1,1,1,1,1,1,1,1,2,4),(0.,0.571428571428571,1.),(-0.0425755214858653,
0.,1.44431247033471,2.88862494066942,5.77724988133885,6.74012486156199,
7.70299984178513,8.66587482200827,9.38803105717562,9.7491091747593,9.92964823355114,
10.110187292343,10.2907263511348,10.4712654099267,10.8323435275103,11.5544997626777,
12.5173747429008,14.4431247033471,17.3317496440165,18.7760621143512,20.220374584686,
20.2629501061716),.UNSPECIFIED.);
#140=B_SPLINE_SURFACE_WITH_KNOTS('',3,3,((#4286,#4287,#4288,#4289,#4290,
#4291,#4292,#4293,#4294,#4295,#4296,#4297,#4298,#4299,#4300,#4301,#4302,
#4303,#4304,#4305,#4306,#4307,#4308,#4309,#4310,#4311,#4312),(#4313,#4314,
#4315,#4316,#4317,#4318,#4319,#4320,#4321,#4322,#4323,#4324,#4325,#4326,
#4327,#4328,#4329,#4330,#4331,#4332,#4333,#4334,#4335,#4336,#4337,#4338,
#4339),(#4340,#4341,#4342,#4343,#4344,#4345,#4346,#4347,#4348,#4349,#4350,
#4351,#4352,#4353,#4354,#4355,#4356,#4357,#4358,#4359,#4360,#4361,#4362,
#4363,#4364,#4365,#4366),(#4367,#4368,#4369,#4370,#4371,#4372,#4373,#4374,
#4375,#4376,#4377,#4378,#4379,#4380,#4381,#4382,#4383,#4384,#4385,#4386,
#4387,#4388,#4389,#4390,#4391,#4392,#4393),(#4394,#4395,#4396,#4397,#4398,
#4399,#4400,#4401,#4402,#4403,#4404,#4405,#4406,#4407,#4408,#4409,#4410,
#4411,#4412,#4413,#4414,#4415,#4416,#4417,#4418,#4419,#4420)),
 .UNSPECIFIED.,.F.,.F.,.F.,(4,1,4),(4,2,1,1,1,1,1,1,1,1,1,1,1,1,1,1,1,1,
1,1,1,2,4),(0.,0.571428571428571,1.),(-0.0425755214858646,0.,1.44431247033471,
2.88862494066942,5.77724988133885,6.74012486156199,7.70299984178513,8.66587482200827,
9.38803105717563,9.7491091747593,9.92964823355114,10.110187292343,10.2907263511348,
10.4712654099267,10.8323435275103,11.5544997626777,12.5173747429008,14.4431247033471,
15.1652809385145,17.3317496440165,18.7760621143513,20.220374584686,20.2629501061716),
 .UNSPECIFIED.);
#141=SPHERICAL_SURFACE('',#1252,2.00000000000001);
#142=SPHERICAL_SURFACE('',#1257,2.);
#143=SPHERICAL_SURFACE('',#1266,2.);
#144=SPHERICAL_SURFACE('',#1271,1.99999999999999);
#145=SPHERICAL_SURFACE('',#1298,2.);
#146=SPHERICAL_SURFACE('',#1303,2.00000000000002);
#147=SPHERICAL_SURFACE('',#1308,1.99999999999999);
#148=SPHERICAL_SURFACE('',#1318,2.);
#149=CIRCLE('',#1250,2.);
#150=CIRCLE('',#1251,2.);
#151=CIRCLE('',#1253,2.);
#152=CIRCLE('',#1254,2.00000000000001);
#153=CIRCLE('',#1255,2.);
#154=CIRCLE('',#1256,1.99999999999996);
#155=CIRCLE('',#1258,2.00000000000002);
#156=CIRCLE('',#1259,2.);
#157=CIRCLE('',#1260,2.);
#158=CIRCLE('',#1262,2.);
#159=CIRCLE('',#1263,2.);
#160=CIRCLE('',#1264,4.);
#161=CIRCLE('',#1267,1.99999999999999);
#162=CIRCLE('',#1268,2.);
#163=CIRCLE('',#1269,2.);
#164=CIRCLE('',#1270,1.99999999999999);
#165=CIRCLE('',#1272,1.99999999999999);
#166=CIRCLE('',#1273,1.99999999999999);
#167=CIRCLE('',#1274,2.);
#168=CIRCLE('',#1276,1.99999999999999);
#169=CIRCLE('',#1278,2.);
#170=CIRCLE('',#1279,4.);
#171=CIRCLE('',#1289,78.);
#172=CIRCLE('',#1290,78.);
#173=CIRCLE('',#1291,78.);
#174=CIRCLE('',#1292,78.);
#175=CIRCLE('',#1293,39.9999999999907);
#176=CIRCLE('',#1294,1.666);
#177=CIRCLE('',#1295,1.666);
#178=CIRCLE('',#1296,1.666);
#179=CIRCLE('',#1297,1.666);
#180=CIRCLE('',#1299,2.);
#181=CIRCLE('',#1300,2.);
#182=CIRCLE('',#1301,2.);
#183=CIRCLE('',#1302,2.00000000000001);
#184=CIRCLE('',#1304,2.00000000000001);
#185=CIRCLE('',#1305,2.00000000000002);
#186=CIRCLE('',#1306,2.);
#187=CIRCLE('',#1307,2.00000000000001);
#188=CIRCLE('',#1309,2.);
#189=CIRCLE('',#1310,1.99999999999999);
#190=CIRCLE('',#1311,2.);
#191=CIRCLE('',#1313,2.);
#192=CIRCLE('',#1315,2.);
#193=CIRCLE('',#1316,4.);
#194=CIRCLE('',#1319,1.99999999999999);
#195=CIRCLE('',#1320,2.);
#196=CIRCLE('',#1321,2.);
#197=CIRCLE('',#1323,2.);
#198=CIRCLE('',#1324,2.);
#199=CIRCLE('',#1325,4.);
#200=CIRCLE('',#1337,39.9999999999907);
#201=CIRCLE('',#1339,78.);
#202=CIRCLE('',#1340,80.);
#203=CIRCLE('',#1342,80.);
#204=CIRCLE('',#1343,78.);
#205=CIRCLE('',#1345,80.);
#206=CIRCLE('',#1346,78.);
#207=CIRCLE('',#1348,80.);
#208=CIRCLE('',#1349,78.);
#209=CIRCLE('',#1351,80.);
#210=CIRCLE('',#1353,80.);
#211=CIRCLE('',#1355,1.666);
#212=CIRCLE('',#1356,1.666);
#213=CIRCLE('',#1357,1.666);
#214=CIRCLE('',#1358,1.666);
#215=CIRCLE('',#1361,80.);
#216=CIRCLE('',#1363,80.);
#217=FACE_OUTER_BOUND('',#296,.T.);
#218=FACE_OUTER_BOUND('',#297,.T.);
#219=FACE_OUTER_BOUND('',#298,.T.);
#220=FACE_OUTER_BOUND('',#299,.T.);
#221=FACE_OUTER_BOUND('',#300,.T.);
#222=FACE_OUTER_BOUND('',#301,.T.);
#223=FACE_OUTER_BOUND('',#302,.T.);
#224=FACE_OUTER_BOUND('',#303,.T.);
#225=FACE_OUTER_BOUND('',#304,.T.);
#226=FACE_OUTER_BOUND('',#305,.T.);
#227=FACE_OUTER_BOUND('',#306,.T.);
#228=FACE_OUTER_BOUND('',#307,.T.);
#229=FACE_OUTER_BOUND('',#308,.T.);
#230=FACE_OUTER_BOUND('',#309,.T.);
#231=FACE_OUTER_BOUND('',#310,.T.);
#232=FACE_OUTER_BOUND('',#311,.T.);
#233=FACE_OUTER_BOUND('',#312,.T.);
#234=FACE_OUTER_BOUND('',#313,.T.);
#235=FACE_OUTER_BOUND('',#314,.T.);
#236=FACE_OUTER_BOUND('',#315,.T.);
#237=FACE_OUTER_BOUND('',#317,.T.);
#238=FACE_OUTER_BOUND('',#318,.T.);
#239=FACE_OUTER_BOUND('',#319,.T.);
#240=FACE_OUTER_BOUND('',#320,.T.);
#241=FACE_OUTER_BOUND('',#322,.T.);
#242=FACE_OUTER_BOUND('',#328,.T.);
#243=FACE_OUTER_BOUND('',#329,.T.);
#244=FACE_OUTER_BOUND('',#330,.T.);
#245=FACE_OUTER_BOUND('',#331,.T.);
#246=FACE_OUTER_BOUND('',#332,.T.);
#247=FACE_OUTER_BOUND('',#333,.T.);
#248=FACE_OUTER_BOUND('',#334,.T.);
#249=FACE_OUTER_BOUND('',#335,.T.);
#250=FACE_OUTER_BOUND('',#336,.T.);
#251=FACE_OUTER_BOUND('',#337,.T.);
#252=FACE_OUTER_BOUND('',#338,.T.);
#253=FACE_OUTER_BOUND('',#339,.T.);
#254=FACE_OUTER_BOUND('',#340,.T.);
#255=FACE_OUTER_BOUND('',#341,.T.);
#256=FACE_OUTER_BOUND('',#342,.T.);
#257=FACE_OUTER_BOUND('',#343,.T.);
#258=FACE_OUTER_BOUND('',#344,.T.);
#259=FACE_OUTER_BOUND('',#346,.T.);
#260=FACE_OUTER_BOUND('',#347,.T.);
#261=FACE_OUTER_BOUND('',#348,.T.);
#262=FACE_OUTER_BOUND('',#349,.T.);
#263=FACE_OUTER_BOUND('',#350,.T.);
#264=FACE_OUTER_BOUND('',#352,.T.);
#265=FACE_OUTER_BOUND('',#353,.T.);
#266=FACE_OUTER_BOUND('',#354,.T.);
#267=FACE_OUTER_BOUND('',#355,.T.);
#268=FACE_OUTER_BOUND('',#356,.T.);
#269=FACE_OUTER_BOUND('',#357,.T.);
#270=FACE_OUTER_BOUND('',#358,.T.);
#271=FACE_OUTER_BOUND('',#359,.T.);
#272=FACE_OUTER_BOUND('',#360,.T.);
#273=FACE_OUTER_BOUND('',#361,.T.);
#274=FACE_OUTER_BOUND('',#362,.T.);
#275=FACE_OUTER_BOUND('',#363,.T.);
#276=FACE_OUTER_BOUND('',#364,.T.);
#277=FACE_OUTER_BOUND('',#365,.T.);
#278=FACE_OUTER_BOUND('',#366,.T.);
#279=FACE_OUTER_BOUND('',#367,.T.);
#280=FACE_OUTER_BOUND('',#373,.T.);
#281=FACE_OUTER_BOUND('',#374,.T.);
#282=FACE_OUTER_BOUND('',#375,.T.);
#283=FACE_OUTER_BOUND('',#376,.T.);
#284=FACE_OUTER_BOUND('',#377,.T.);
#285=FACE_OUTER_BOUND('',#378,.T.);
#286=FACE_OUTER_BOUND('',#379,.T.);
#287=FACE_OUTER_BOUND('',#380,.T.);
#288=FACE_OUTER_BOUND('',#381,.T.);
#289=FACE_OUTER_BOUND('',#382,.T.);
#290=FACE_OUTER_BOUND('',#383,.T.);
#291=FACE_OUTER_BOUND('',#384,.T.);
#292=FACE_OUTER_BOUND('',#385,.T.);
#293=FACE_OUTER_BOUND('',#386,.T.);
#294=FACE_OUTER_BOUND('',#387,.T.);
#295=FACE_OUTER_BOUND('',#388,.T.);
#296=EDGE_LOOP('',(#766,#767,#768,#769));
#297=EDGE_LOOP('',(#770,#771,#772,#773));
#298=EDGE_LOOP('',(#774,#775,#776));
#299=EDGE_LOOP('',(#777,#778,#779,#780));
#300=EDGE_LOOP('',(#781,#782,#783,#784));
#301=EDGE_LOOP('',(#785,#786,#787));
#302=EDGE_LOOP('',(#788,#789,#790,#791));
#303=EDGE_LOOP('',(#792,#793,#794,#795));
#304=EDGE_LOOP('',(#796,#797,#798));
#305=EDGE_LOOP('',(#799,#800,#801,#802));
#306=EDGE_LOOP('',(#803,#804,#805,#806));
#307=EDGE_LOOP('',(#807,#808,#809,#810));
#308=EDGE_LOOP('',(#811,#812,#813));
#309=EDGE_LOOP('',(#814,#815,#816,#817));
#310=EDGE_LOOP('',(#818,#819,#820,#821));
#311=EDGE_LOOP('',(#822,#823,#824,#825));
#312=EDGE_LOOP('',(#826,#827,#828,#829));
#313=EDGE_LOOP('',(#830,#831,#832,#833));
#314=EDGE_LOOP('',(#834,#835,#836,#837,#838,#839));
#315=EDGE_LOOP('',(#840,#841,#842,#843));
#316=EDGE_LOOP('',(#844));
#317=EDGE_LOOP('',(#845,#846,#847,#848));
#318=EDGE_LOOP('',(#849,#850,#851,#852));
#319=EDGE_LOOP('',(#853,#854,#855,#856));
#320=EDGE_LOOP('',(#857,#858,#859,#860));
#321=EDGE_LOOP('',(#861));
#322=EDGE_LOOP('',(#862,#863,#864,#865,#866,#867,#868,#869,#870,#871,#872,
#873,#874,#875,#876,#877,#878,#879,#880,#881,#882,#883,#884,#885,#886,#887));
#323=EDGE_LOOP('',(#888));
#324=EDGE_LOOP('',(#889));
#325=EDGE_LOOP('',(#890));
#326=EDGE_LOOP('',(#891));
#327=EDGE_LOOP('',(#892));
#328=EDGE_LOOP('',(#893,#894,#895));
#329=EDGE_LOOP('',(#896,#897,#898,#899));
#330=EDGE_LOOP('',(#900,#901,#902,#903));
#331=EDGE_LOOP('',(#904,#905,#906));
#332=EDGE_LOOP('',(#907,#908,#909,#910));
#333=EDGE_LOOP('',(#911,#912,#913,#914));
#334=EDGE_LOOP('',(#915,#916,#917));
#335=EDGE_LOOP('',(#918,#919,#920,#921));
#336=EDGE_LOOP('',(#922,#923,#924,#925));
#337=EDGE_LOOP('',(#926,#927,#928,#929));
#338=EDGE_LOOP('',(#930,#931,#932));
#339=EDGE_LOOP('',(#933,#934,#935,#936));
#340=EDGE_LOOP('',(#937,#938,#939,#940));
#341=EDGE_LOOP('',(#941,#942,#943,#944));
#342=EDGE_LOOP('',(#945,#946,#947,#948));
#343=EDGE_LOOP('',(#949,#950,#951,#952));
#344=EDGE_LOOP('',(#953,#954,#955,#956));
#345=EDGE_LOOP('',(#957));
#346=EDGE_LOOP('',(#958,#959,#960,#961));
#347=EDGE_LOOP('',(#962,#963,#964,#965,#966,#967));
#348=EDGE_LOOP('',(#968,#969,#970,#971));
#349=EDGE_LOOP('',(#972,#973,#974,#975));
#350=EDGE_LOOP('',(#976,#977,#978,#979));
#351=EDGE_LOOP('',(#980));
#352=EDGE_LOOP('',(#981,#982,#983,#984,#985,#986));
#353=EDGE_LOOP('',(#987,#988,#989,#990,#991,#992));
#354=EDGE_LOOP('',(#993,#994,#995,#996));
#355=EDGE_LOOP('',(#997,#998,#999,#1000));
#356=EDGE_LOOP('',(#1001,#1002,#1003,#1004));
#357=EDGE_LOOP('',(#1005,#1006,#1007,#1008));
#358=EDGE_LOOP('',(#1009,#1010,#1011,#1012));
#359=EDGE_LOOP('',(#1013,#1014,#1015,#1016));
#360=EDGE_LOOP('',(#1017,#1018,#1019,#1020));
#361=EDGE_LOOP('',(#1021,#1022,#1023,#1024));
#362=EDGE_LOOP('',(#1025,#1026,#1027,#1028));
#363=EDGE_LOOP('',(#1029,#1030,#1031,#1032));
#364=EDGE_LOOP('',(#1033,#1034,#1035,#1036));
#365=EDGE_LOOP('',(#1037,#1038,#1039,#1040));
#366=EDGE_LOOP('',(#1041,#1042,#1043,#1044));
#367=EDGE_LOOP('',(#1045,#1046,#1047,#1048,#1049,#1050,#1051,#1052));
#368=EDGE_LOOP('',(#1053));
#369=EDGE_LOOP('',(#1054));
#370=EDGE_LOOP('',(#1055));
#371=EDGE_LOOP('',(#1056));
#372=EDGE_LOOP('',(#1057));
#373=EDGE_LOOP('',(#1058,#1059,#1060,#1061,#1062,#1063,#1064));
#374=EDGE_LOOP('',(#1065,#1066,#1067,#1068));
#375=EDGE_LOOP('',(#1069,#1070,#1071,#1072,#1073,#1074,#1075));
#376=EDGE_LOOP('',(#1076,#1077,#1078,#1079));
#377=EDGE_LOOP('',(#1080,#1081,#1082,#1083));
#378=EDGE_LOOP('',(#1084,#1085,#1086,#1087));
#379=EDGE_LOOP('',(#1088,#1089,#1090,#1091));
#380=EDGE_LOOP('',(#1092,#1093,#1094,#1095));
#381=EDGE_LOOP('',(#1096,#1097,#1098,#1099));
#382=EDGE_LOOP('',(#1100,#1101,#1102,#1103));
#383=EDGE_LOOP('',(#1104,#1105,#1106,#1107));
#384=EDGE_LOOP('',(#1108,#1109,#1110,#1111));
#385=EDGE_LOOP('',(#1112,#1113,#1114,#1115));
#386=EDGE_LOOP('',(#1116,#1117,#1118,#1119));
#387=EDGE_LOOP('',(#1120,#1121,#1122,#1123));
#388=EDGE_LOOP('',(#1124,#1125,#1126,#1127));
#389=LINE('',#1673,#434);
#390=LINE('',#1679,#435);
#391=LINE('',#1800,#436);
#392=LINE('',#1801,#437);
#393=LINE('',#1984,#438);
#394=LINE('',#1985,#439);
#395=LINE('',#2002,#440);
#396=LINE('',#2003,#441);
#397=LINE('',#2005,#442);
#398=LINE('',#2006,#443);
#399=LINE('',#2008,#444);
#400=LINE('',#2009,#445);
#401=LINE('',#2169,#446);
#402=LINE('',#2171,#447);
#403=LINE('',#2174,#448);
#404=LINE('',#2175,#449);
#405=LINE('',#2309,#450);
#406=LINE('',#2322,#451);
#407=LINE('',#2335,#452);
#408=LINE('',#2360,#453);
#409=LINE('',#2547,#454);
#410=LINE('',#2548,#455);
#411=LINE('',#2553,#456);
#412=LINE('',#2554,#457);
#413=LINE('',#2569,#458);
#414=LINE('',#2570,#459);
#415=LINE('',#2572,#460);
#416=LINE('',#2573,#461);
#417=LINE('',#2575,#462);
#418=LINE('',#2576,#463);
#419=LINE('',#2606,#464);
#420=LINE('',#2611,#465);
#421=LINE('',#2774,#466);
#422=LINE('',#3672,#467);
#423=LINE('',#3702,#468);
#424=LINE('',#3705,#469);
#425=LINE('',#3714,#470);
#426=LINE('',#3743,#471);
#427=LINE('',#4464,#472);
#428=LINE('',#4465,#473);
#429=LINE('',#4473,#474);
#430=LINE('',#4475,#475);
#431=LINE('',#4477,#476);
#432=LINE('',#4479,#477);
#433=LINE('',#4481,#478);
#434=VECTOR('',#1377,2.);
#435=VECTOR('',#1384,2.);
#436=VECTOR('',#1415,10.);
#437=VECTOR('',#1416,10.);
#438=VECTOR('',#1439,10.);
#439=VECTOR('',#1440,10.);
#440=VECTOR('',#1449,10.);
#441=VECTOR('',#1450,10.);
#442=VECTOR('',#1453,10.);
#443=VECTOR('',#1454,10.);
#444=VECTOR('',#1457,10.);
#445=VECTOR('',#1458,10.);
#446=VECTOR('',#1461,10.);
#447=VECTOR('',#1464,10.);
#448=VECTOR('',#1469,10.);
#449=VECTOR('',#1470,10.);
#450=VECTOR('',#1481,10.);
#451=VECTOR('',#1482,10.);
#452=VECTOR('',#1483,10.);
#453=VECTOR('',#1486,10.);
#454=VECTOR('',#1529,10.);
#455=VECTOR('',#1530,10.);
#456=VECTOR('',#1539,10.);
#457=VECTOR('',#1540,10.);
#458=VECTOR('',#1559,10.);
#459=VECTOR('',#1560,10.);
#460=VECTOR('',#1563,10.);
#461=VECTOR('',#1564,10.);
#462=VECTOR('',#1567,10.);
#463=VECTOR('',#1568,10.);
#464=VECTOR('',#1571,10.);
#465=VECTOR('',#1580,10.);
#466=VECTOR('',#1587,39.9999999999907);
#467=VECTOR('',#1614,10.);
#468=VECTOR('',#1615,10.);
#469=VECTOR('',#1618,10.);
#470=VECTOR('',#1621,10.);
#471=VECTOR('',#1624,10.);
#472=VECTOR('',#1651,10.);
#473=VECTOR('',#1652,10.);
#474=VECTOR('',#1655,1.99999999999999);
#475=VECTOR('',#1658,1.99999999999999);
#476=VECTOR('',#1661,1.99999999999999);
#477=VECTOR('',#1664,1.99999999999999);
#478=VECTOR('',#1667,10.);
#479=ELLIPSE('',#1247,2.04894149816412,2.);
#480=ELLIPSE('',#1248,2.04894149816411,2.);
#481=VERTEX_POINT('',#1670);
#482=VERTEX_POINT('',#1672);
#483=VERTEX_POINT('',#1676);
#484=VERTEX_POINT('',#1678);
#485=VERTEX_POINT('',#1682);
#486=VERTEX_POINT('',#1683);
#487=VERTEX_POINT('',#1685);
#488=VERTEX_POINT('',#1718);
#489=VERTEX_POINT('',#1719);
#490=VERTEX_POINT('',#1730);
#491=VERTEX_POINT('',#1736);
#492=VERTEX_POINT('',#1775);
#493=VERTEX_POINT('',#1776);
#494=VERTEX_POINT('',#1778);
#495=VERTEX_POINT('',#1782);
#496=VERTEX_POINT('',#1783);
#497=VERTEX_POINT('',#1785);
#498=VERTEX_POINT('',#1787);
#499=VERTEX_POINT('',#1803);
#500=VERTEX_POINT('',#1804);
#501=VERTEX_POINT('',#1806);
#502=VERTEX_POINT('',#1839);
#503=VERTEX_POINT('',#1840);
#504=VERTEX_POINT('',#1849);
#505=VERTEX_POINT('',#1854);
#506=VERTEX_POINT('',#1974);
#507=VERTEX_POINT('',#1975);
#508=VERTEX_POINT('',#1977);
#509=VERTEX_POINT('',#1981);
#510=VERTEX_POINT('',#1982);
#511=VERTEX_POINT('',#1987);
#512=VERTEX_POINT('',#1988);
#513=VERTEX_POINT('',#2178);
#514=VERTEX_POINT('',#2179);
#515=VERTEX_POINT('',#2204);
#516=VERTEX_POINT('',#2206);
#517=VERTEX_POINT('',#2234);
#518=VERTEX_POINT('',#2236);
#519=VERTEX_POINT('',#2263);
#520=VERTEX_POINT('',#2265);
#521=VERTEX_POINT('',#2292);
#522=VERTEX_POINT('',#2297);
#523=VERTEX_POINT('',#2308);
#524=VERTEX_POINT('',#2310);
#525=VERTEX_POINT('',#2321);
#526=VERTEX_POINT('',#2323);
#527=VERTEX_POINT('',#2334);
#528=VERTEX_POINT('',#2336);
#529=VERTEX_POINT('',#2345);
#530=VERTEX_POINT('',#2352);
#531=VERTEX_POINT('',#2365);
#532=VERTEX_POINT('',#2367);
#533=VERTEX_POINT('',#2369);
#534=VERTEX_POINT('',#2371);
#535=VERTEX_POINT('',#2373);
#536=VERTEX_POINT('',#2376);
#537=VERTEX_POINT('',#2377);
#538=VERTEX_POINT('',#2379);
#539=VERTEX_POINT('',#2412);
#540=VERTEX_POINT('',#2417);
#541=VERTEX_POINT('',#2459);
#542=VERTEX_POINT('',#2460);
#543=VERTEX_POINT('',#2462);
#544=VERTEX_POINT('',#2495);
#545=VERTEX_POINT('',#2502);
#546=VERTEX_POINT('',#2537);
#547=VERTEX_POINT('',#2538);
#548=VERTEX_POINT('',#2540);
#549=VERTEX_POINT('',#2544);
#550=VERTEX_POINT('',#2545);
#551=VERTEX_POINT('',#2556);
#552=VERTEX_POINT('',#2557);
#553=VERTEX_POINT('',#2559);
#554=VERTEX_POINT('',#2563);
#555=VERTEX_POINT('',#2564);
#556=VERTEX_POINT('',#2773);
#557=VERTEX_POINT('',#2777);
#558=VERTEX_POINT('',#2778);
#559=VERTEX_POINT('',#2780);
#560=VERTEX_POINT('',#2795);
#561=VERTEX_POINT('',#2946);
#562=VERTEX_POINT('',#2974);
#563=VERTEX_POINT('',#3017);
#564=VERTEX_POINT('',#3019);
#565=VERTEX_POINT('',#3170);
#566=VERTEX_POINT('',#3198);
#567=VERTEX_POINT('',#3241);
#568=VERTEX_POINT('',#3243);
#569=VERTEX_POINT('',#3389);
#570=VERTEX_POINT('',#3416);
#571=VERTEX_POINT('',#3592);
#572=VERTEX_POINT('',#3620);
#573=VERTEX_POINT('',#3671);
#574=VERTEX_POINT('',#3673);
#575=VERTEX_POINT('',#3704);
#576=VERTEX_POINT('',#3713);
#577=VERTEX_POINT('',#3742);
#578=VERTEX_POINT('',#3746);
#579=VERTEX_POINT('',#3748);
#580=VERTEX_POINT('',#3750);
#581=VERTEX_POINT('',#3752);
#582=VERTEX_POINT('',#4082);
#583=VERTEX_POINT('',#4228);
#584=VERTEX_POINT('',#4270);
#585=EDGE_CURVE('',#481,#481,#479,.T.);
#586=EDGE_CURVE('',#481,#482,#389,.T.);
#587=EDGE_CURVE('',#482,#482,#480,.T.);
#588=EDGE_CURVE('',#483,#483,#149,.T.);
#589=EDGE_CURVE('',#483,#484,#390,.T.);
#590=EDGE_CURVE('',#484,#484,#150,.T.);
#591=EDGE_CURVE('',#485,#486,#151,.F.);
#592=EDGE_CURVE('',#487,#485,#152,.F.);
#593=EDGE_CURVE('',#486,#487,#153,.F.);
#594=EDGE_CURVE('',#488,#489,#55,.F.);
#595=EDGE_CURVE('',#489,#490,#56,.T.);
#596=EDGE_CURVE('',#490,#491,#154,.T.);
#597=EDGE_CURVE('',#491,#488,#57,.T.);
#598=EDGE_CURVE('',#485,#491,#58,.T.);
#599=EDGE_CURVE('',#490,#487,#59,.T.);
#600=EDGE_CURVE('',#492,#493,#155,.F.);
#601=EDGE_CURVE('',#494,#492,#156,.F.);
#602=EDGE_CURVE('',#493,#494,#157,.F.);
#603=EDGE_CURVE('',#495,#496,#158,.T.);
#604=EDGE_CURVE('',#496,#497,#159,.T.);
#605=EDGE_CURVE('',#497,#498,#60,.F.);
#606=EDGE_CURVE('',#498,#495,#160,.T.);
#607=EDGE_CURVE('',#492,#496,#391,.T.);
#608=EDGE_CURVE('',#495,#494,#392,.T.);
#609=EDGE_CURVE('',#499,#500,#161,.F.);
#610=EDGE_CURVE('',#501,#499,#162,.F.);
#611=EDGE_CURVE('',#500,#501,#163,.F.);
#612=EDGE_CURVE('',#502,#503,#61,.T.);
#613=EDGE_CURVE('',#502,#504,#62,.T.);
#614=EDGE_CURVE('',#504,#505,#164,.T.);
#615=EDGE_CURVE('',#505,#503,#63,.T.);
#616=EDGE_CURVE('',#499,#505,#64,.T.);
#617=EDGE_CURVE('',#504,#501,#65,.T.);
#618=EDGE_CURVE('',#486,#500,#66,.T.);
#619=EDGE_CURVE('',#501,#485,#67,.T.);
#620=EDGE_CURVE('',#506,#507,#165,.F.);
#621=EDGE_CURVE('',#508,#506,#166,.F.);
#622=EDGE_CURVE('',#507,#508,#167,.F.);
#623=EDGE_CURVE('',#509,#510,#168,.T.);
#624=EDGE_CURVE('',#510,#508,#393,.T.);
#625=EDGE_CURVE('',#506,#509,#394,.T.);
#626=EDGE_CURVE('',#511,#512,#68,.F.);
#627=EDGE_CURVE('',#512,#510,#169,.T.);
#628=EDGE_CURVE('',#509,#511,#170,.T.);
#629=EDGE_CURVE('',#500,#507,#395,.T.);
#630=EDGE_CURVE('',#508,#499,#396,.T.);
#631=EDGE_CURVE('',#507,#493,#397,.T.);
#632=EDGE_CURVE('',#494,#506,#398,.T.);
#633=EDGE_CURVE('',#493,#486,#399,.T.);
#634=EDGE_CURVE('',#487,#492,#400,.T.);
#635=EDGE_CURVE('',#488,#502,#69,.T.);
#636=EDGE_CURVE('',#505,#510,#401,.T.);
#637=EDGE_CURVE('',#512,#503,#402,.T.);
#638=EDGE_CURVE('',#489,#497,#403,.T.);
#639=EDGE_CURVE('',#496,#490,#404,.T.);
#640=EDGE_CURVE('',#513,#514,#70,.T.);
#641=EDGE_CURVE('',#515,#513,#171,.T.);
#642=EDGE_CURVE('',#516,#515,#71,.T.);
#643=EDGE_CURVE('',#517,#516,#172,.T.);
#644=EDGE_CURVE('',#518,#517,#72,.T.);
#645=EDGE_CURVE('',#519,#518,#173,.T.);
#646=EDGE_CURVE('',#520,#519,#73,.T.);
#647=EDGE_CURVE('',#521,#520,#74,.T.);
#648=EDGE_CURVE('',#521,#522,#75,.T.);
#649=EDGE_CURVE('',#523,#522,#405,.T.);
#650=EDGE_CURVE('',#524,#523,#76,.F.);
#651=EDGE_CURVE('',#524,#525,#406,.T.);
#652=EDGE_CURVE('',#526,#525,#77,.F.);
#653=EDGE_CURVE('',#527,#526,#407,.T.);
#654=EDGE_CURVE('',#528,#527,#78,.F.);
#655=EDGE_CURVE('',#529,#528,#79,.T.);
#656=EDGE_CURVE('',#530,#529,#174,.T.);
#657=EDGE_CURVE('',#502,#530,#80,.T.);
#658=EDGE_CURVE('',#511,#498,#408,.T.);
#659=EDGE_CURVE('',#514,#488,#81,.T.);
#660=EDGE_CURVE('',#531,#531,#175,.T.);
#661=EDGE_CURVE('',#532,#532,#176,.F.);
#662=EDGE_CURVE('',#533,#533,#177,.F.);
#663=EDGE_CURVE('',#534,#534,#178,.F.);
#664=EDGE_CURVE('',#535,#535,#179,.F.);
#665=EDGE_CURVE('',#536,#537,#180,.F.);
#666=EDGE_CURVE('',#538,#536,#181,.F.);
#667=EDGE_CURVE('',#537,#538,#182,.F.);
#668=EDGE_CURVE('',#521,#539,#82,.T.);
#669=EDGE_CURVE('',#539,#540,#183,.T.);
#670=EDGE_CURVE('',#540,#522,#83,.T.);
#671=EDGE_CURVE('',#536,#540,#84,.T.);
#672=EDGE_CURVE('',#539,#538,#85,.T.);
#673=EDGE_CURVE('',#541,#542,#184,.F.);
#674=EDGE_CURVE('',#543,#541,#185,.F.);
#675=EDGE_CURVE('',#542,#543,#186,.F.);
#676=EDGE_CURVE('',#527,#544,#86,.T.);
#677=EDGE_CURVE('',#544,#545,#187,.T.);
#678=EDGE_CURVE('',#545,#528,#87,.T.);
#679=EDGE_CURVE('',#541,#545,#88,.T.);
#680=EDGE_CURVE('',#544,#543,#89,.T.);
#681=EDGE_CURVE('',#546,#547,#188,.F.);
#682=EDGE_CURVE('',#548,#546,#189,.F.);
#683=EDGE_CURVE('',#547,#548,#190,.F.);
#684=EDGE_CURVE('',#549,#550,#191,.T.);
#685=EDGE_CURVE('',#550,#548,#409,.T.);
#686=EDGE_CURVE('',#546,#549,#410,.T.);
#687=EDGE_CURVE('',#523,#550,#192,.T.);
#688=EDGE_CURVE('',#549,#524,#193,.T.);
#689=EDGE_CURVE('',#537,#547,#411,.T.);
#690=EDGE_CURVE('',#548,#536,#412,.T.);
#691=EDGE_CURVE('',#551,#552,#194,.F.);
#692=EDGE_CURVE('',#553,#551,#195,.F.);
#693=EDGE_CURVE('',#552,#553,#196,.F.);
#694=EDGE_CURVE('',#554,#555,#197,.T.);
#695=EDGE_CURVE('',#555,#526,#198,.T.);
#696=EDGE_CURVE('',#525,#554,#199,.T.);
#697=EDGE_CURVE('',#551,#555,#413,.T.);
#698=EDGE_CURVE('',#554,#553,#414,.T.);
#699=EDGE_CURVE('',#547,#552,#415,.T.);
#700=EDGE_CURVE('',#553,#546,#416,.T.);
#701=EDGE_CURVE('',#552,#542,#417,.T.);
#702=EDGE_CURVE('',#543,#551,#418,.T.);
#703=EDGE_CURVE('',#542,#537,#90,.T.);
#704=EDGE_CURVE('',#538,#541,#91,.T.);
#705=EDGE_CURVE('',#540,#550,#419,.T.);
#706=EDGE_CURVE('',#555,#544,#420,.T.);
#707=EDGE_CURVE('',#528,#521,#92,.T.);
#708=EDGE_CURVE('',#531,#556,#421,.T.);
#709=EDGE_CURVE('',#556,#556,#200,.T.);
#710=EDGE_CURVE('',#557,#558,#201,.T.);
#711=EDGE_CURVE('',#558,#559,#93,.T.);
#712=EDGE_CURVE('',#559,#560,#202,.T.);
#713=EDGE_CURVE('',#560,#557,#94,.T.);
#714=EDGE_CURVE('',#558,#561,#95,.T.);
#715=EDGE_CURVE('',#561,#562,#96,.T.);
#716=EDGE_CURVE('',#562,#559,#97,.T.);
#717=EDGE_CURVE('',#563,#562,#203,.T.);
#718=EDGE_CURVE('',#561,#564,#204,.T.);
#719=EDGE_CURVE('',#564,#563,#98,.T.);
#720=EDGE_CURVE('',#565,#563,#99,.T.);
#721=EDGE_CURVE('',#564,#566,#100,.T.);
#722=EDGE_CURVE('',#566,#565,#101,.T.);
#723=EDGE_CURVE('',#567,#565,#205,.T.);
#724=EDGE_CURVE('',#566,#568,#206,.T.);
#725=EDGE_CURVE('',#568,#567,#102,.T.);
#726=EDGE_CURVE('',#569,#557,#103,.T.);
#727=EDGE_CURVE('',#560,#570,#104,.T.);
#728=EDGE_CURVE('',#569,#570,#105,.T.);
#729=EDGE_CURVE('',#571,#567,#106,.T.);
#730=EDGE_CURVE('',#568,#572,#107,.T.);
#731=EDGE_CURVE('',#572,#571,#108,.T.);
#732=EDGE_CURVE('',#570,#571,#207,.T.);
#733=EDGE_CURVE('',#572,#569,#208,.T.);
#734=EDGE_CURVE('',#571,#573,#422,.T.);
#735=EDGE_CURVE('',#574,#573,#109,.T.);
#736=EDGE_CURVE('',#567,#574,#423,.T.);
#737=EDGE_CURVE('',#570,#575,#424,.T.);
#738=EDGE_CURVE('',#573,#575,#209,.T.);
#739=EDGE_CURVE('',#560,#576,#425,.T.);
#740=EDGE_CURVE('',#575,#576,#110,.T.);
#741=EDGE_CURVE('',#559,#577,#426,.T.);
#742=EDGE_CURVE('',#576,#577,#210,.T.);
#743=EDGE_CURVE('',#578,#578,#211,.F.);
#744=EDGE_CURVE('',#579,#579,#212,.F.);
#745=EDGE_CURVE('',#580,#580,#213,.F.);
#746=EDGE_CURVE('',#581,#581,#214,.F.);
#747=EDGE_CURVE('',#530,#575,#111,.T.);
#748=EDGE_CURVE('',#513,#576,#112,.T.);
#749=EDGE_CURVE('',#529,#573,#113,.T.);
#750=EDGE_CURVE('',#519,#574,#114,.T.);
#751=EDGE_CURVE('',#518,#582,#115,.T.);
#752=EDGE_CURVE('',#582,#574,#215,.T.);
#753=EDGE_CURVE('',#517,#583,#116,.T.);
#754=EDGE_CURVE('',#583,#582,#117,.T.);
#755=EDGE_CURVE('',#584,#583,#216,.T.);
#756=EDGE_CURVE('',#516,#584,#118,.T.);
#757=EDGE_CURVE('',#577,#584,#119,.T.);
#758=EDGE_CURVE('',#515,#577,#120,.T.);
#759=EDGE_CURVE('',#563,#583,#427,.T.);
#760=EDGE_CURVE('',#562,#584,#428,.T.);
#761=EDGE_CURVE('',#532,#578,#429,.T.);
#762=EDGE_CURVE('',#533,#579,#430,.T.);
#763=EDGE_CURVE('',#534,#580,#431,.T.);
#764=EDGE_CURVE('',#535,#581,#432,.T.);
#765=EDGE_CURVE('',#565,#582,#433,.T.);
#766=ORIENTED_EDGE('',*,*,#585,.F.);
#767=ORIENTED_EDGE('',*,*,#586,.T.);
#768=ORIENTED_EDGE('',*,*,#587,.F.);
#769=ORIENTED_EDGE('',*,*,#586,.F.);
#770=ORIENTED_EDGE('',*,*,#588,.F.);
#771=ORIENTED_EDGE('',*,*,#589,.T.);
#772=ORIENTED_EDGE('',*,*,#590,.F.);
#773=ORIENTED_EDGE('',*,*,#589,.F.);
#774=ORIENTED_EDGE('',*,*,#591,.F.);
#775=ORIENTED_EDGE('',*,*,#592,.F.);
#776=ORIENTED_EDGE('',*,*,#593,.F.);
#777=ORIENTED_EDGE('',*,*,#594,.T.);
#778=ORIENTED_EDGE('',*,*,#595,.T.);
#779=ORIENTED_EDGE('',*,*,#596,.T.);
#780=ORIENTED_EDGE('',*,*,#597,.T.);
#781=ORIENTED_EDGE('',*,*,#592,.T.);
#782=ORIENTED_EDGE('',*,*,#598,.T.);
#783=ORIENTED_EDGE('',*,*,#596,.F.);
#784=ORIENTED_EDGE('',*,*,#599,.T.);
#785=ORIENTED_EDGE('',*,*,#600,.F.);
#786=ORIENTED_EDGE('',*,*,#601,.F.);
#787=ORIENTED_EDGE('',*,*,#602,.F.);
#788=ORIENTED_EDGE('',*,*,#603,.T.);
#789=ORIENTED_EDGE('',*,*,#604,.T.);
#790=ORIENTED_EDGE('',*,*,#605,.T.);
#791=ORIENTED_EDGE('',*,*,#606,.T.);
#792=ORIENTED_EDGE('',*,*,#601,.T.);
#793=ORIENTED_EDGE('',*,*,#607,.T.);
#794=ORIENTED_EDGE('',*,*,#603,.F.);
#795=ORIENTED_EDGE('',*,*,#608,.T.);
#796=ORIENTED_EDGE('',*,*,#609,.F.);
#797=ORIENTED_EDGE('',*,*,#610,.F.);
#798=ORIENTED_EDGE('',*,*,#611,.F.);
#799=ORIENTED_EDGE('',*,*,#612,.F.);
#800=ORIENTED_EDGE('',*,*,#613,.T.);
#801=ORIENTED_EDGE('',*,*,#614,.T.);
#802=ORIENTED_EDGE('',*,*,#615,.T.);
#803=ORIENTED_EDGE('',*,*,#610,.T.);
#804=ORIENTED_EDGE('',*,*,#616,.T.);
#805=ORIENTED_EDGE('',*,*,#614,.F.);
#806=ORIENTED_EDGE('',*,*,#617,.T.);
#807=ORIENTED_EDGE('',*,*,#591,.T.);
#808=ORIENTED_EDGE('',*,*,#618,.T.);
#809=ORIENTED_EDGE('',*,*,#611,.T.);
#810=ORIENTED_EDGE('',*,*,#619,.T.);
#811=ORIENTED_EDGE('',*,*,#620,.F.);
#812=ORIENTED_EDGE('',*,*,#621,.F.);
#813=ORIENTED_EDGE('',*,*,#622,.F.);
#814=ORIENTED_EDGE('',*,*,#623,.T.);
#815=ORIENTED_EDGE('',*,*,#624,.T.);
#816=ORIENTED_EDGE('',*,*,#621,.T.);
#817=ORIENTED_EDGE('',*,*,#625,.T.);
#818=ORIENTED_EDGE('',*,*,#626,.T.);
#819=ORIENTED_EDGE('',*,*,#627,.T.);
#820=ORIENTED_EDGE('',*,*,#623,.F.);
#821=ORIENTED_EDGE('',*,*,#628,.T.);
#822=ORIENTED_EDGE('',*,*,#609,.T.);
#823=ORIENTED_EDGE('',*,*,#629,.T.);
#824=ORIENTED_EDGE('',*,*,#622,.T.);
#825=ORIENTED_EDGE('',*,*,#630,.T.);
#826=ORIENTED_EDGE('',*,*,#620,.T.);
#827=ORIENTED_EDGE('',*,*,#631,.T.);
#828=ORIENTED_EDGE('',*,*,#602,.T.);
#829=ORIENTED_EDGE('',*,*,#632,.T.);
#830=ORIENTED_EDGE('',*,*,#600,.T.);
#831=ORIENTED_EDGE('',*,*,#633,.T.);
#832=ORIENTED_EDGE('',*,*,#593,.T.);
#833=ORIENTED_EDGE('',*,*,#634,.T.);
#834=ORIENTED_EDGE('',*,*,#597,.F.);
#835=ORIENTED_EDGE('',*,*,#598,.F.);
#836=ORIENTED_EDGE('',*,*,#619,.F.);
#837=ORIENTED_EDGE('',*,*,#617,.F.);
#838=ORIENTED_EDGE('',*,*,#613,.F.);
#839=ORIENTED_EDGE('',*,*,#635,.F.);
#840=ORIENTED_EDGE('',*,*,#616,.F.);
#841=ORIENTED_EDGE('',*,*,#630,.F.);
#842=ORIENTED_EDGE('',*,*,#624,.F.);
#843=ORIENTED_EDGE('',*,*,#636,.F.);
#844=ORIENTED_EDGE('',*,*,#590,.T.);
#845=ORIENTED_EDGE('',*,*,#615,.F.);
#846=ORIENTED_EDGE('',*,*,#636,.T.);
#847=ORIENTED_EDGE('',*,*,#627,.F.);
#848=ORIENTED_EDGE('',*,*,#637,.T.);
#849=ORIENTED_EDGE('',*,*,#618,.F.);
#850=ORIENTED_EDGE('',*,*,#633,.F.);
#851=ORIENTED_EDGE('',*,*,#631,.F.);
#852=ORIENTED_EDGE('',*,*,#629,.F.);
#853=ORIENTED_EDGE('',*,*,#595,.F.);
#854=ORIENTED_EDGE('',*,*,#638,.T.);
#855=ORIENTED_EDGE('',*,*,#604,.F.);
#856=ORIENTED_EDGE('',*,*,#639,.T.);
#857=ORIENTED_EDGE('',*,*,#599,.F.);
#858=ORIENTED_EDGE('',*,*,#639,.F.);
#859=ORIENTED_EDGE('',*,*,#607,.F.);
#860=ORIENTED_EDGE('',*,*,#634,.F.);
#861=ORIENTED_EDGE('',*,*,#588,.T.);
#862=ORIENTED_EDGE('',*,*,#640,.F.);
#863=ORIENTED_EDGE('',*,*,#641,.F.);
#864=ORIENTED_EDGE('',*,*,#642,.F.);
#865=ORIENTED_EDGE('',*,*,#643,.F.);
#866=ORIENTED_EDGE('',*,*,#644,.F.);
#867=ORIENTED_EDGE('',*,*,#645,.F.);
#868=ORIENTED_EDGE('',*,*,#646,.F.);
#869=ORIENTED_EDGE('',*,*,#647,.F.);
#870=ORIENTED_EDGE('',*,*,#648,.T.);
#871=ORIENTED_EDGE('',*,*,#649,.F.);
#872=ORIENTED_EDGE('',*,*,#650,.F.);
#873=ORIENTED_EDGE('',*,*,#651,.T.);
#874=ORIENTED_EDGE('',*,*,#652,.F.);
#875=ORIENTED_EDGE('',*,*,#653,.F.);
#876=ORIENTED_EDGE('',*,*,#654,.F.);
#877=ORIENTED_EDGE('',*,*,#655,.F.);
#878=ORIENTED_EDGE('',*,*,#656,.F.);
#879=ORIENTED_EDGE('',*,*,#657,.F.);
#880=ORIENTED_EDGE('',*,*,#612,.T.);
#881=ORIENTED_EDGE('',*,*,#637,.F.);
#882=ORIENTED_EDGE('',*,*,#626,.F.);
#883=ORIENTED_EDGE('',*,*,#658,.T.);
#884=ORIENTED_EDGE('',*,*,#605,.F.);
#885=ORIENTED_EDGE('',*,*,#638,.F.);
#886=ORIENTED_EDGE('',*,*,#594,.F.);
#887=ORIENTED_EDGE('',*,*,#659,.F.);
#888=ORIENTED_EDGE('',*,*,#660,.T.);
#889=ORIENTED_EDGE('',*,*,#661,.T.);
#890=ORIENTED_EDGE('',*,*,#662,.T.);
#891=ORIENTED_EDGE('',*,*,#663,.T.);
#892=ORIENTED_EDGE('',*,*,#664,.T.);
#893=ORIENTED_EDGE('',*,*,#665,.F.);
#894=ORIENTED_EDGE('',*,*,#666,.F.);
#895=ORIENTED_EDGE('',*,*,#667,.F.);
#896=ORIENTED_EDGE('',*,*,#648,.F.);
#897=ORIENTED_EDGE('',*,*,#668,.T.);
#898=ORIENTED_EDGE('',*,*,#669,.T.);
#899=ORIENTED_EDGE('',*,*,#670,.T.);
#900=ORIENTED_EDGE('',*,*,#666,.T.);
#901=ORIENTED_EDGE('',*,*,#671,.T.);
#902=ORIENTED_EDGE('',*,*,#669,.F.);
#903=ORIENTED_EDGE('',*,*,#672,.T.);
#904=ORIENTED_EDGE('',*,*,#673,.F.);
#905=ORIENTED_EDGE('',*,*,#674,.F.);
#906=ORIENTED_EDGE('',*,*,#675,.F.);
#907=ORIENTED_EDGE('',*,*,#654,.T.);
#908=ORIENTED_EDGE('',*,*,#676,.T.);
#909=ORIENTED_EDGE('',*,*,#677,.T.);
#910=ORIENTED_EDGE('',*,*,#678,.T.);
#911=ORIENTED_EDGE('',*,*,#674,.T.);
#912=ORIENTED_EDGE('',*,*,#679,.T.);
#913=ORIENTED_EDGE('',*,*,#677,.F.);
#914=ORIENTED_EDGE('',*,*,#680,.T.);
#915=ORIENTED_EDGE('',*,*,#681,.F.);
#916=ORIENTED_EDGE('',*,*,#682,.F.);
#917=ORIENTED_EDGE('',*,*,#683,.F.);
#918=ORIENTED_EDGE('',*,*,#684,.T.);
#919=ORIENTED_EDGE('',*,*,#685,.T.);
#920=ORIENTED_EDGE('',*,*,#682,.T.);
#921=ORIENTED_EDGE('',*,*,#686,.T.);
#922=ORIENTED_EDGE('',*,*,#650,.T.);
#923=ORIENTED_EDGE('',*,*,#687,.T.);
#924=ORIENTED_EDGE('',*,*,#684,.F.);
#925=ORIENTED_EDGE('',*,*,#688,.T.);
#926=ORIENTED_EDGE('',*,*,#665,.T.);
#927=ORIENTED_EDGE('',*,*,#689,.T.);
#928=ORIENTED_EDGE('',*,*,#683,.T.);
#929=ORIENTED_EDGE('',*,*,#690,.T.);
#930=ORIENTED_EDGE('',*,*,#691,.F.);
#931=ORIENTED_EDGE('',*,*,#692,.F.);
#932=ORIENTED_EDGE('',*,*,#693,.F.);
#933=ORIENTED_EDGE('',*,*,#694,.T.);
#934=ORIENTED_EDGE('',*,*,#695,.T.);
#935=ORIENTED_EDGE('',*,*,#652,.T.);
#936=ORIENTED_EDGE('',*,*,#696,.T.);
#937=ORIENTED_EDGE('',*,*,#692,.T.);
#938=ORIENTED_EDGE('',*,*,#697,.T.);
#939=ORIENTED_EDGE('',*,*,#694,.F.);
#940=ORIENTED_EDGE('',*,*,#698,.T.);
#941=ORIENTED_EDGE('',*,*,#681,.T.);
#942=ORIENTED_EDGE('',*,*,#699,.T.);
#943=ORIENTED_EDGE('',*,*,#693,.T.);
#944=ORIENTED_EDGE('',*,*,#700,.T.);
#945=ORIENTED_EDGE('',*,*,#691,.T.);
#946=ORIENTED_EDGE('',*,*,#701,.T.);
#947=ORIENTED_EDGE('',*,*,#675,.T.);
#948=ORIENTED_EDGE('',*,*,#702,.T.);
#949=ORIENTED_EDGE('',*,*,#673,.T.);
#950=ORIENTED_EDGE('',*,*,#703,.T.);
#951=ORIENTED_EDGE('',*,*,#667,.T.);
#952=ORIENTED_EDGE('',*,*,#704,.T.);
#953=ORIENTED_EDGE('',*,*,#671,.F.);
#954=ORIENTED_EDGE('',*,*,#690,.F.);
#955=ORIENTED_EDGE('',*,*,#685,.F.);
#956=ORIENTED_EDGE('',*,*,#705,.F.);
#957=ORIENTED_EDGE('',*,*,#587,.T.);
#958=ORIENTED_EDGE('',*,*,#670,.F.);
#959=ORIENTED_EDGE('',*,*,#705,.T.);
#960=ORIENTED_EDGE('',*,*,#687,.F.);
#961=ORIENTED_EDGE('',*,*,#649,.T.);
#962=ORIENTED_EDGE('',*,*,#688,.F.);
#963=ORIENTED_EDGE('',*,*,#686,.F.);
#964=ORIENTED_EDGE('',*,*,#700,.F.);
#965=ORIENTED_EDGE('',*,*,#698,.F.);
#966=ORIENTED_EDGE('',*,*,#696,.F.);
#967=ORIENTED_EDGE('',*,*,#651,.F.);
#968=ORIENTED_EDGE('',*,*,#689,.F.);
#969=ORIENTED_EDGE('',*,*,#703,.F.);
#970=ORIENTED_EDGE('',*,*,#701,.F.);
#971=ORIENTED_EDGE('',*,*,#699,.F.);
#972=ORIENTED_EDGE('',*,*,#676,.F.);
#973=ORIENTED_EDGE('',*,*,#653,.T.);
#974=ORIENTED_EDGE('',*,*,#695,.F.);
#975=ORIENTED_EDGE('',*,*,#706,.T.);
#976=ORIENTED_EDGE('',*,*,#680,.F.);
#977=ORIENTED_EDGE('',*,*,#706,.F.);
#978=ORIENTED_EDGE('',*,*,#697,.F.);
#979=ORIENTED_EDGE('',*,*,#702,.F.);
#980=ORIENTED_EDGE('',*,*,#585,.T.);
#981=ORIENTED_EDGE('',*,*,#606,.F.);
#982=ORIENTED_EDGE('',*,*,#658,.F.);
#983=ORIENTED_EDGE('',*,*,#628,.F.);
#984=ORIENTED_EDGE('',*,*,#625,.F.);
#985=ORIENTED_EDGE('',*,*,#632,.F.);
#986=ORIENTED_EDGE('',*,*,#608,.F.);
#987=ORIENTED_EDGE('',*,*,#668,.F.);
#988=ORIENTED_EDGE('',*,*,#707,.F.);
#989=ORIENTED_EDGE('',*,*,#678,.F.);
#990=ORIENTED_EDGE('',*,*,#679,.F.);
#991=ORIENTED_EDGE('',*,*,#704,.F.);
#992=ORIENTED_EDGE('',*,*,#672,.F.);
#993=ORIENTED_EDGE('',*,*,#660,.F.);
#994=ORIENTED_EDGE('',*,*,#708,.T.);
#995=ORIENTED_EDGE('',*,*,#709,.F.);
#996=ORIENTED_EDGE('',*,*,#708,.F.);
#997=ORIENTED_EDGE('',*,*,#710,.T.);
#998=ORIENTED_EDGE('',*,*,#711,.T.);
#999=ORIENTED_EDGE('',*,*,#712,.T.);
#1000=ORIENTED_EDGE('',*,*,#713,.T.);
#1001=ORIENTED_EDGE('',*,*,#714,.T.);
#1002=ORIENTED_EDGE('',*,*,#715,.T.);
#1003=ORIENTED_EDGE('',*,*,#716,.T.);
#1004=ORIENTED_EDGE('',*,*,#711,.F.);
#1005=ORIENTED_EDGE('',*,*,#717,.T.);
#1006=ORIENTED_EDGE('',*,*,#715,.F.);
#1007=ORIENTED_EDGE('',*,*,#718,.T.);
#1008=ORIENTED_EDGE('',*,*,#719,.T.);
#1009=ORIENTED_EDGE('',*,*,#720,.T.);
#1010=ORIENTED_EDGE('',*,*,#719,.F.);
#1011=ORIENTED_EDGE('',*,*,#721,.T.);
#1012=ORIENTED_EDGE('',*,*,#722,.T.);
#1013=ORIENTED_EDGE('',*,*,#723,.T.);
#1014=ORIENTED_EDGE('',*,*,#722,.F.);
#1015=ORIENTED_EDGE('',*,*,#724,.T.);
#1016=ORIENTED_EDGE('',*,*,#725,.T.);
#1017=ORIENTED_EDGE('',*,*,#726,.T.);
#1018=ORIENTED_EDGE('',*,*,#713,.F.);
#1019=ORIENTED_EDGE('',*,*,#727,.T.);
#1020=ORIENTED_EDGE('',*,*,#728,.F.);
#1021=ORIENTED_EDGE('',*,*,#729,.T.);
#1022=ORIENTED_EDGE('',*,*,#725,.F.);
#1023=ORIENTED_EDGE('',*,*,#730,.T.);
#1024=ORIENTED_EDGE('',*,*,#731,.T.);
#1025=ORIENTED_EDGE('',*,*,#732,.T.);
#1026=ORIENTED_EDGE('',*,*,#731,.F.);
#1027=ORIENTED_EDGE('',*,*,#733,.T.);
#1028=ORIENTED_EDGE('',*,*,#728,.T.);
#1029=ORIENTED_EDGE('',*,*,#729,.F.);
#1030=ORIENTED_EDGE('',*,*,#734,.T.);
#1031=ORIENTED_EDGE('',*,*,#735,.F.);
#1032=ORIENTED_EDGE('',*,*,#736,.F.);
#1033=ORIENTED_EDGE('',*,*,#732,.F.);
#1034=ORIENTED_EDGE('',*,*,#737,.T.);
#1035=ORIENTED_EDGE('',*,*,#738,.F.);
#1036=ORIENTED_EDGE('',*,*,#734,.F.);
#1037=ORIENTED_EDGE('',*,*,#727,.F.);
#1038=ORIENTED_EDGE('',*,*,#739,.T.);
#1039=ORIENTED_EDGE('',*,*,#740,.F.);
#1040=ORIENTED_EDGE('',*,*,#737,.F.);
#1041=ORIENTED_EDGE('',*,*,#712,.F.);
#1042=ORIENTED_EDGE('',*,*,#741,.T.);
#1043=ORIENTED_EDGE('',*,*,#742,.F.);
#1044=ORIENTED_EDGE('',*,*,#739,.F.);
#1045=ORIENTED_EDGE('',*,*,#710,.F.);
#1046=ORIENTED_EDGE('',*,*,#726,.F.);
#1047=ORIENTED_EDGE('',*,*,#733,.F.);
#1048=ORIENTED_EDGE('',*,*,#730,.F.);
#1049=ORIENTED_EDGE('',*,*,#724,.F.);
#1050=ORIENTED_EDGE('',*,*,#721,.F.);
#1051=ORIENTED_EDGE('',*,*,#718,.F.);
#1052=ORIENTED_EDGE('',*,*,#714,.F.);
#1053=ORIENTED_EDGE('',*,*,#709,.T.);
#1054=ORIENTED_EDGE('',*,*,#743,.F.);
#1055=ORIENTED_EDGE('',*,*,#744,.F.);
#1056=ORIENTED_EDGE('',*,*,#745,.F.);
#1057=ORIENTED_EDGE('',*,*,#746,.F.);
#1058=ORIENTED_EDGE('',*,*,#640,.T.);
#1059=ORIENTED_EDGE('',*,*,#659,.T.);
#1060=ORIENTED_EDGE('',*,*,#635,.T.);
#1061=ORIENTED_EDGE('',*,*,#657,.T.);
#1062=ORIENTED_EDGE('',*,*,#747,.T.);
#1063=ORIENTED_EDGE('',*,*,#740,.T.);
#1064=ORIENTED_EDGE('',*,*,#748,.F.);
#1065=ORIENTED_EDGE('',*,*,#656,.T.);
#1066=ORIENTED_EDGE('',*,*,#749,.T.);
#1067=ORIENTED_EDGE('',*,*,#738,.T.);
#1068=ORIENTED_EDGE('',*,*,#747,.F.);
#1069=ORIENTED_EDGE('',*,*,#655,.T.);
#1070=ORIENTED_EDGE('',*,*,#707,.T.);
#1071=ORIENTED_EDGE('',*,*,#647,.T.);
#1072=ORIENTED_EDGE('',*,*,#646,.T.);
#1073=ORIENTED_EDGE('',*,*,#750,.T.);
#1074=ORIENTED_EDGE('',*,*,#735,.T.);
#1075=ORIENTED_EDGE('',*,*,#749,.F.);
#1076=ORIENTED_EDGE('',*,*,#645,.T.);
#1077=ORIENTED_EDGE('',*,*,#751,.T.);
#1078=ORIENTED_EDGE('',*,*,#752,.T.);
#1079=ORIENTED_EDGE('',*,*,#750,.F.);
#1080=ORIENTED_EDGE('',*,*,#644,.T.);
#1081=ORIENTED_EDGE('',*,*,#753,.T.);
#1082=ORIENTED_EDGE('',*,*,#754,.T.);
#1083=ORIENTED_EDGE('',*,*,#751,.F.);
#1084=ORIENTED_EDGE('',*,*,#755,.T.);
#1085=ORIENTED_EDGE('',*,*,#753,.F.);
#1086=ORIENTED_EDGE('',*,*,#643,.T.);
#1087=ORIENTED_EDGE('',*,*,#756,.T.);
#1088=ORIENTED_EDGE('',*,*,#757,.T.);
#1089=ORIENTED_EDGE('',*,*,#756,.F.);
#1090=ORIENTED_EDGE('',*,*,#642,.T.);
#1091=ORIENTED_EDGE('',*,*,#758,.T.);
#1092=ORIENTED_EDGE('',*,*,#742,.T.);
#1093=ORIENTED_EDGE('',*,*,#758,.F.);
#1094=ORIENTED_EDGE('',*,*,#641,.T.);
#1095=ORIENTED_EDGE('',*,*,#748,.T.);
#1096=ORIENTED_EDGE('',*,*,#717,.F.);
#1097=ORIENTED_EDGE('',*,*,#759,.T.);
#1098=ORIENTED_EDGE('',*,*,#755,.F.);
#1099=ORIENTED_EDGE('',*,*,#760,.F.);
#1100=ORIENTED_EDGE('',*,*,#716,.F.);
#1101=ORIENTED_EDGE('',*,*,#760,.T.);
#1102=ORIENTED_EDGE('',*,*,#757,.F.);
#1103=ORIENTED_EDGE('',*,*,#741,.F.);
#1104=ORIENTED_EDGE('',*,*,#661,.F.);
#1105=ORIENTED_EDGE('',*,*,#761,.T.);
#1106=ORIENTED_EDGE('',*,*,#743,.T.);
#1107=ORIENTED_EDGE('',*,*,#761,.F.);
#1108=ORIENTED_EDGE('',*,*,#662,.F.);
#1109=ORIENTED_EDGE('',*,*,#762,.T.);
#1110=ORIENTED_EDGE('',*,*,#744,.T.);
#1111=ORIENTED_EDGE('',*,*,#762,.F.);
#1112=ORIENTED_EDGE('',*,*,#663,.F.);
#1113=ORIENTED_EDGE('',*,*,#763,.T.);
#1114=ORIENTED_EDGE('',*,*,#745,.T.);
#1115=ORIENTED_EDGE('',*,*,#763,.F.);
#1116=ORIENTED_EDGE('',*,*,#664,.F.);
#1117=ORIENTED_EDGE('',*,*,#764,.T.);
#1118=ORIENTED_EDGE('',*,*,#746,.T.);
#1119=ORIENTED_EDGE('',*,*,#764,.F.);
#1120=ORIENTED_EDGE('',*,*,#723,.F.);
#1121=ORIENTED_EDGE('',*,*,#736,.T.);
#1122=ORIENTED_EDGE('',*,*,#752,.F.);
#1123=ORIENTED_EDGE('',*,*,#765,.F.);
#1124=ORIENTED_EDGE('',*,*,#720,.F.);
#1125=ORIENTED_EDGE('',*,*,#765,.T.);
#1126=ORIENTED_EDGE('',*,*,#754,.F.);
#1127=ORIENTED_EDGE('',*,*,#759,.F.);
#1128=CYLINDRICAL_SURFACE('',#1246,2.);
#1129=CYLINDRICAL_SURFACE('',#1249,2.);
#1130=CYLINDRICAL_SURFACE('',#1265,2.);
#1131=CYLINDRICAL_SURFACE('',#1275,2.);
#1132=CYLINDRICAL_SURFACE('',#1280,2.);
#1133=CYLINDRICAL_SURFACE('',#1281,2.);
#1134=CYLINDRICAL_SURFACE('',#1282,2.);
#1135=CYLINDRICAL_SURFACE('',#1284,2.);
#1136=CYLINDRICAL_SURFACE('',#1286,2.);
#1137=CYLINDRICAL_SURFACE('',#1312,2.);
#1138=CYLINDRICAL_SURFACE('',#1317,2.);
#1139=CYLINDRICAL_SURFACE('',#1326,2.);
#1140=CYLINDRICAL_SURFACE('',#1327,2.);
#1141=CYLINDRICAL_SURFACE('',#1328,2.);
#1142=CYLINDRICAL_SURFACE('',#1330,2.);
#1143=CYLINDRICAL_SURFACE('',#1333,2.);
#1144=CYLINDRICAL_SURFACE('',#1336,39.9999999999907);
#1145=CYLINDRICAL_SURFACE('',#1350,80.);
#1146=CYLINDRICAL_SURFACE('',#1352,80.);
#1147=CYLINDRICAL_SURFACE('',#1365,80.);
#1148=CYLINDRICAL_SURFACE('',#1366,1.666);
#1149=CYLINDRICAL_SURFACE('',#1367,1.666);
#1150=CYLINDRICAL_SURFACE('',#1368,1.666);
#1151=CYLINDRICAL_SURFACE('',#1369,1.666);
#1152=CYLINDRICAL_SURFACE('',#1370,80.);
#1153=ADVANCED_FACE('',(#217),#1128,.F.);
#1154=ADVANCED_FACE('',(#218),#1129,.F.);
#1155=ADVANCED_FACE('',(#219),#141,.T.);
#1156=ADVANCED_FACE('',(#220),#121,.F.);
#1157=ADVANCED_FACE('',(#221),#122,.F.);
#1158=ADVANCED_FACE('',(#222),#142,.T.);
#1159=ADVANCED_FACE('',(#223),#43,.T.);
#1160=ADVANCED_FACE('',(#224),#1130,.T.);
#1161=ADVANCED_FACE('',(#225),#143,.T.);
#1162=ADVANCED_FACE('',(#226),#123,.F.);
#1163=ADVANCED_FACE('',(#227),#124,.F.);
#1164=ADVANCED_FACE('',(#228),#125,.F.);
#1165=ADVANCED_FACE('',(#229),#144,.T.);
#1166=ADVANCED_FACE('',(#230),#1131,.T.);
#1167=ADVANCED_FACE('',(#231),#44,.T.);
#1168=ADVANCED_FACE('',(#232),#1132,.T.);
#1169=ADVANCED_FACE('',(#233),#1133,.T.);
#1170=ADVANCED_FACE('',(#234),#1134,.T.);
#1171=ADVANCED_FACE('',(#235),#126,.T.);
#1172=ADVANCED_FACE('',(#236,#19),#33,.T.);
#1173=ADVANCED_FACE('',(#237),#1135,.F.);
#1174=ADVANCED_FACE('',(#238),#34,.T.);
#1175=ADVANCED_FACE('',(#239),#1136,.F.);
#1176=ADVANCED_FACE('',(#240,#20),#35,.T.);
#1177=ADVANCED_FACE('',(#241,#21,#22,#23,#24,#25),#36,.T.);
#1178=ADVANCED_FACE('',(#242),#145,.T.);
#1179=ADVANCED_FACE('',(#243),#127,.F.);
#1180=ADVANCED_FACE('',(#244),#128,.F.);
#1181=ADVANCED_FACE('',(#245),#146,.T.);
#1182=ADVANCED_FACE('',(#246),#129,.F.);
#1183=ADVANCED_FACE('',(#247),#130,.F.);
#1184=ADVANCED_FACE('',(#248),#147,.T.);
#1185=ADVANCED_FACE('',(#249),#1137,.T.);
#1186=ADVANCED_FACE('',(#250),#45,.T.);
#1187=ADVANCED_FACE('',(#251),#1138,.T.);
#1188=ADVANCED_FACE('',(#252),#148,.T.);
#1189=ADVANCED_FACE('',(#253),#46,.T.);
#1190=ADVANCED_FACE('',(#254),#1139,.T.);
#1191=ADVANCED_FACE('',(#255),#1140,.T.);
#1192=ADVANCED_FACE('',(#256),#1141,.T.);
#1193=ADVANCED_FACE('',(#257),#131,.F.);
#1194=ADVANCED_FACE('',(#258,#26),#37,.T.);
#1195=ADVANCED_FACE('',(#259),#1142,.F.);
#1196=ADVANCED_FACE('',(#260),#38,.T.);
#1197=ADVANCED_FACE('',(#261),#39,.T.);
#1198=ADVANCED_FACE('',(#262),#1143,.F.);
#1199=ADVANCED_FACE('',(#263,#27),#40,.T.);
#1200=ADVANCED_FACE('',(#264),#41,.T.);
#1201=ADVANCED_FACE('',(#265),#132,.T.);
#1202=ADVANCED_FACE('',(#266),#1144,.F.);
#1203=ADVANCED_FACE('',(#267),#47,.T.);
#1204=ADVANCED_FACE('',(#268),#133,.F.);
#1205=ADVANCED_FACE('',(#269),#48,.T.);
#1206=ADVANCED_FACE('',(#270),#134,.F.);
#1207=ADVANCED_FACE('',(#271),#49,.T.);
#1208=ADVANCED_FACE('',(#272),#135,.F.);
#1209=ADVANCED_FACE('',(#273),#136,.F.);
#1210=ADVANCED_FACE('',(#274),#50,.T.);
#1211=ADVANCED_FACE('',(#275),#15,.T.);
#1212=ADVANCED_FACE('',(#276),#1145,.T.);
#1213=ADVANCED_FACE('',(#277),#16,.T.);
#1214=ADVANCED_FACE('',(#278),#1146,.T.);
#1215=ADVANCED_FACE('',(#279,#28,#29,#30,#31,#32),#42,.F.);
#1216=ADVANCED_FACE('',(#280),#137,.F.);
#1217=ADVANCED_FACE('',(#281),#51,.T.);
#1218=ADVANCED_FACE('',(#282),#138,.F.);
#1219=ADVANCED_FACE('',(#283),#52,.T.);
#1220=ADVANCED_FACE('',(#284),#139,.F.);
#1221=ADVANCED_FACE('',(#285),#53,.T.);
#1222=ADVANCED_FACE('',(#286),#140,.F.);
#1223=ADVANCED_FACE('',(#287),#54,.T.);
#1224=ADVANCED_FACE('',(#288),#1147,.T.);
#1225=ADVANCED_FACE('',(#289),#17,.T.);
#1226=ADVANCED_FACE('',(#290),#1148,.F.);
#1227=ADVANCED_FACE('',(#291),#1149,.F.);
#1228=ADVANCED_FACE('',(#292),#1150,.F.);
#1229=ADVANCED_FACE('',(#293),#1151,.F.);
#1230=ADVANCED_FACE('',(#294),#1152,.T.);
#1231=ADVANCED_FACE('',(#295),#18,.T.);
#1232=CLOSED_SHELL('',(#1153,#1154,#1155,#1156,#1157,#1158,#1159,#1160,
#1161,#1162,#1163,#1164,#1165,#1166,#1167,#1168,#1169,#1170,#1171,#1172,
#1173,#1174,#1175,#1176,#1177,#1178,#1179,#1180,#1181,#1182,#1183,#1184,
#1185,#1186,#1187,#1188,#1189,#1190,#1191,#1192,#1193,#1194,#1195,#1196,
#1197,#1198,#1199,#1200,#1201,#1202,#1203,#1204,#1205,#1206,#1207,#1208,
#1209,#1210,#1211,#1212,#1213,#1214,#1215,#1216,#1217,#1218,#1219,#1220,
#1221,#1222,#1223,#1224,#1225,#1226,#1227,#1228,#1229,#1230,#1231));
#1233=DERIVED_UNIT_ELEMENT(#1235,1.);
#1234=DERIVED_UNIT_ELEMENT(#4493,-3.);
#1235=(
MASS_UNIT()
NAMED_UNIT(*)
SI_UNIT(.KILO.,.GRAM.)
);
#1236=DERIVED_UNIT((#1233,#1234));
#1237=MEASURE_REPRESENTATION_ITEM('density measure',
POSITIVE_RATIO_MEASURE(7850.),#1236);
#1238=PROPERTY_DEFINITION_REPRESENTATION(#1243,#1240);
#1239=PROPERTY_DEFINITION_REPRESENTATION(#1244,#1241);
#1240=REPRESENTATION('material name',(#1242),#4490);
#1241=REPRESENTATION('density',(#1237),#4490);
#1242=DESCRIPTIVE_REPRESENTATION_ITEM('Steel','Steel');
#1243=PROPERTY_DEFINITION('material property','material name',#4500);
#1244=PROPERTY_DEFINITION('material property','density of part',#4500);
#1245=AXIS2_PLACEMENT_3D('',#1668,#1371,#1372);
#1246=AXIS2_PLACEMENT_3D('',#1669,#1373,#1374);
#1247=AXIS2_PLACEMENT_3D('',#1671,#1375,#1376);
#1248=AXIS2_PLACEMENT_3D('',#1674,#1378,#1379);
#1249=AXIS2_PLACEMENT_3D('',#1675,#1380,#1381);
#1250=AXIS2_PLACEMENT_3D('',#1677,#1382,#1383);
#1251=AXIS2_PLACEMENT_3D('',#1680,#1385,#1386);
#1252=AXIS2_PLACEMENT_3D('',#1681,#1387,#1388);
#1253=AXIS2_PLACEMENT_3D('',#1684,#1389,#1390);
#1254=AXIS2_PLACEMENT_3D('',#1686,#1391,#1392);
#1255=AXIS2_PLACEMENT_3D('',#1687,#1393,#1394);
#1256=AXIS2_PLACEMENT_3D('',#1737,#1395,#1396);
#1257=AXIS2_PLACEMENT_3D('',#1774,#1397,#1398);
#1258=AXIS2_PLACEMENT_3D('',#1777,#1399,#1400);
#1259=AXIS2_PLACEMENT_3D('',#1779,#1401,#1402);
#1260=AXIS2_PLACEMENT_3D('',#1780,#1403,#1404);
#1261=AXIS2_PLACEMENT_3D('',#1781,#1405,#1406);
#1262=AXIS2_PLACEMENT_3D('',#1784,#1407,#1408);
#1263=AXIS2_PLACEMENT_3D('',#1786,#1409,#1410);
#1264=AXIS2_PLACEMENT_3D('',#1798,#1411,#1412);
#1265=AXIS2_PLACEMENT_3D('',#1799,#1413,#1414);
#1266=AXIS2_PLACEMENT_3D('',#1802,#1417,#1418);
#1267=AXIS2_PLACEMENT_3D('',#1805,#1419,#1420);
#1268=AXIS2_PLACEMENT_3D('',#1807,#1421,#1422);
#1269=AXIS2_PLACEMENT_3D('',#1808,#1423,#1424);
#1270=AXIS2_PLACEMENT_3D('',#1855,#1425,#1426);
#1271=AXIS2_PLACEMENT_3D('',#1973,#1427,#1428);
#1272=AXIS2_PLACEMENT_3D('',#1976,#1429,#1430);
#1273=AXIS2_PLACEMENT_3D('',#1978,#1431,#1432);
#1274=AXIS2_PLACEMENT_3D('',#1979,#1433,#1434);
#1275=AXIS2_PLACEMENT_3D('',#1980,#1435,#1436);
#1276=AXIS2_PLACEMENT_3D('',#1983,#1437,#1438);
#1277=AXIS2_PLACEMENT_3D('',#1986,#1441,#1442);
#1278=AXIS2_PLACEMENT_3D('',#1999,#1443,#1444);
#1279=AXIS2_PLACEMENT_3D('',#2000,#1445,#1446);
#1280=AXIS2_PLACEMENT_3D('',#2001,#1447,#1448);
#1281=AXIS2_PLACEMENT_3D('',#2004,#1451,#1452);
#1282=AXIS2_PLACEMENT_3D('',#2007,#1455,#1456);
#1283=AXIS2_PLACEMENT_3D('',#2168,#1459,#1460);
#1284=AXIS2_PLACEMENT_3D('',#2170,#1462,#1463);
#1285=AXIS2_PLACEMENT_3D('',#2172,#1465,#1466);
#1286=AXIS2_PLACEMENT_3D('',#2173,#1467,#1468);
#1287=AXIS2_PLACEMENT_3D('',#2176,#1471,#1472);
#1288=AXIS2_PLACEMENT_3D('',#2177,#1473,#1474);
#1289=AXIS2_PLACEMENT_3D('',#2205,#1475,#1476);
#1290=AXIS2_PLACEMENT_3D('',#2235,#1477,#1478);
#1291=AXIS2_PLACEMENT_3D('',#2264,#1479,#1480);
#1292=AXIS2_PLACEMENT_3D('',#2353,#1484,#1485);
#1293=AXIS2_PLACEMENT_3D('',#2366,#1487,#1488);
#1294=AXIS2_PLACEMENT_3D('',#2368,#1489,#1490);
#1295=AXIS2_PLACEMENT_3D('',#2370,#1491,#1492);
#1296=AXIS2_PLACEMENT_3D('',#2372,#1493,#1494);
#1297=AXIS2_PLACEMENT_3D('',#2374,#1495,#1496);
#1298=AXIS2_PLACEMENT_3D('',#2375,#1497,#1498);
#1299=AXIS2_PLACEMENT_3D('',#2378,#1499,#1500);
#1300=AXIS2_PLACEMENT_3D('',#2380,#1501,#1502);
#1301=AXIS2_PLACEMENT_3D('',#2381,#1503,#1504);
#1302=AXIS2_PLACEMENT_3D('',#2418,#1505,#1506);
#1303=AXIS2_PLACEMENT_3D('',#2458,#1507,#1508);
#1304=AXIS2_PLACEMENT_3D('',#2461,#1509,#1510);
#1305=AXIS2_PLACEMENT_3D('',#2463,#1511,#1512);
#1306=AXIS2_PLACEMENT_3D('',#2464,#1513,#1514);
#1307=AXIS2_PLACEMENT_3D('',#2503,#1515,#1516);
#1308=AXIS2_PLACEMENT_3D('',#2536,#1517,#1518);
#1309=AXIS2_PLACEMENT_3D('',#2539,#1519,#1520);
#1310=AXIS2_PLACEMENT_3D('',#2541,#1521,#1522);
#1311=AXIS2_PLACEMENT_3D('',#2542,#1523,#1524);
#1312=AXIS2_PLACEMENT_3D('',#2543,#1525,#1526);
#1313=AXIS2_PLACEMENT_3D('',#2546,#1527,#1528);
#1314=AXIS2_PLACEMENT_3D('',#2549,#1531,#1532);
#1315=AXIS2_PLACEMENT_3D('',#2550,#1533,#1534);
#1316=AXIS2_PLACEMENT_3D('',#2551,#1535,#1536);
#1317=AXIS2_PLACEMENT_3D('',#2552,#1537,#1538);
#1318=AXIS2_PLACEMENT_3D('',#2555,#1541,#1542);
#1319=AXIS2_PLACEMENT_3D('',#2558,#1543,#1544);
#1320=AXIS2_PLACEMENT_3D('',#2560,#1545,#1546);
#1321=AXIS2_PLACEMENT_3D('',#2561,#1547,#1548);
#1322=AXIS2_PLACEMENT_3D('',#2562,#1549,#1550);
#1323=AXIS2_PLACEMENT_3D('',#2565,#1551,#1552);
#1324=AXIS2_PLACEMENT_3D('',#2566,#1553,#1554);
#1325=AXIS2_PLACEMENT_3D('',#2567,#1555,#1556);
#1326=AXIS2_PLACEMENT_3D('',#2568,#1557,#1558);
#1327=AXIS2_PLACEMENT_3D('',#2571,#1561,#1562);
#1328=AXIS2_PLACEMENT_3D('',#2574,#1565,#1566);
#1329=AXIS2_PLACEMENT_3D('',#2605,#1569,#1570);
#1330=AXIS2_PLACEMENT_3D('',#2607,#1572,#1573);
#1331=AXIS2_PLACEMENT_3D('',#2608,#1574,#1575);
#1332=AXIS2_PLACEMENT_3D('',#2609,#1576,#1577);
#1333=AXIS2_PLACEMENT_3D('',#2610,#1578,#1579);
#1334=AXIS2_PLACEMENT_3D('',#2612,#1581,#1582);
#1335=AXIS2_PLACEMENT_3D('',#2613,#1583,#1584);
#1336=AXIS2_PLACEMENT_3D('',#2772,#1585,#1586);
#1337=AXIS2_PLACEMENT_3D('',#2775,#1588,#1589);
#1338=AXIS2_PLACEMENT_3D('',#2776,#1590,#1591);
#1339=AXIS2_PLACEMENT_3D('',#2779,#1592,#1593);
#1340=AXIS2_PLACEMENT_3D('',#2796,#1594,#1595);
#1341=AXIS2_PLACEMENT_3D('',#3016,#1596,#1597);
#1342=AXIS2_PLACEMENT_3D('',#3018,#1598,#1599);
#1343=AXIS2_PLACEMENT_3D('',#3020,#1600,#1601);
#1344=AXIS2_PLACEMENT_3D('',#3240,#1602,#1603);
#1345=AXIS2_PLACEMENT_3D('',#3242,#1604,#1605);
#1346=AXIS2_PLACEMENT_3D('',#3244,#1606,#1607);
#1347=AXIS2_PLACEMENT_3D('',#3662,#1608,#1609);
#1348=AXIS2_PLACEMENT_3D('',#3663,#1610,#1611);
#1349=AXIS2_PLACEMENT_3D('',#3664,#1612,#1613);
#1350=AXIS2_PLACEMENT_3D('',#3703,#1616,#1617);
#1351=AXIS2_PLACEMENT_3D('',#3706,#1619,#1620);
#1352=AXIS2_PLACEMENT_3D('',#3741,#1622,#1623);
#1353=AXIS2_PLACEMENT_3D('',#3744,#1625,#1626);
#1354=AXIS2_PLACEMENT_3D('',#3745,#1627,#1628);
#1355=AXIS2_PLACEMENT_3D('',#3747,#1629,#1630);
#1356=AXIS2_PLACEMENT_3D('',#3749,#1631,#1632);
#1357=AXIS2_PLACEMENT_3D('',#3751,#1633,#1634);
#1358=AXIS2_PLACEMENT_3D('',#3753,#1635,#1636);
#1359=AXIS2_PLACEMENT_3D('',#3912,#1637,#1638);
#1360=AXIS2_PLACEMENT_3D('',#4081,#1639,#1640);
#1361=AXIS2_PLACEMENT_3D('',#4097,#1641,#1642);
#1362=AXIS2_PLACEMENT_3D('',#4269,#1643,#1644);
#1363=AXIS2_PLACEMENT_3D('',#4271,#1645,#1646);
#1364=AXIS2_PLACEMENT_3D('',#4462,#1647,#1648);
#1365=AXIS2_PLACEMENT_3D('',#4463,#1649,#1650);
#1366=AXIS2_PLACEMENT_3D('',#4472,#1653,#1654);
#1367=AXIS2_PLACEMENT_3D('',#4474,#1656,#1657);
#1368=AXIS2_PLACEMENT_3D('',#4476,#1659,#1660);
#1369=AXIS2_PLACEMENT_3D('',#4478,#1662,#1663);
#1370=AXIS2_PLACEMENT_3D('',#4480,#1665,#1666);
#1371=DIRECTION('axis',(0.,0.,1.));
#1372=DIRECTION('refdir',(1.,0.,0.));
#1373=DIRECTION('center_axis',(0.625595706704855,-0.780147429498075,0.));
#1374=DIRECTION('ref_axis',(-0.780147429498075,-0.625595706704855,0.));
#1375=DIRECTION('center_axis',(0.78014742949823,-0.625595706704661,0.));
#1376=DIRECTION('ref_axis',(-0.625595706704661,-0.78014742949823,0.));
#1377=DIRECTION('',(0.625595706704855,-0.780147429498075,0.));
#1378=DIRECTION('center_axis',(-0.78014742949823,0.625595706704661,0.));
#1379=DIRECTION('ref_axis',(-0.625595706704661,-0.78014742949823,0.));
#1380=DIRECTION('center_axis',(0.625595706704855,-0.780147429498075,0.));
#1381=DIRECTION('ref_axis',(-0.780147429498075,-0.625595706704855,0.));
#1382=DIRECTION('center_axis',(0.625595706704855,-0.780147429498075,0.));
#1383=DIRECTION('ref_axis',(-0.780147429498075,-0.625595706704855,0.));
#1384=DIRECTION('',(0.625595706704855,-0.780147429498075,0.));
#1385=DIRECTION('center_axis',(-0.625595706704856,0.780147429498074,0.));
#1386=DIRECTION('ref_axis',(-0.780147429498075,-0.625595706704855,0.));
#1387=DIRECTION('center_axis',(-0.984071541541012,0.136554306208083,0.113824964683175));
#1388=DIRECTION('ref_axis',(0.177772891997343,0.755903811342989,0.630084301397872));
#1389=DIRECTION('center_axis',(-0.419539354372524,0.907737148150656,-3.90179576630597E-9));
#1390=DIRECTION('ref_axis',(0.907737148150656,0.419539354372524,0.));
#1391=DIRECTION('center_axis',(-1.64987708582212E-15,-7.01540236247761E-15,
1.));
#1392=DIRECTION('ref_axis',(-0.625595706704852,0.780147429498077,4.44089209850061E-15));
#1393=DIRECTION('center_axis',(0.780147428387872,0.625595708089331,0.));
#1394=DIRECTION('ref_axis',(0.,0.,1.));
#1395=DIRECTION('center_axis',(-1.72755291302049E-14,3.73782325352999E-14,
-1.));
#1396=DIRECTION('ref_axis',(-0.625595706704852,0.780147429498077,3.99680288865064E-14));
#1397=DIRECTION('center_axis',(-0.573892232186155,0.0630954766185711,-0.816496580927727));
#1398=DIRECTION('ref_axis',(-0.81160617809823,0.0892304787583811,0.577350269189626));
#1399=DIRECTION('center_axis',(-0.780147429498073,-0.625595706704857,-3.46455055532356E-15));
#1400=DIRECTION('ref_axis',(-0.625595706704857,0.780147429498073,0.));
#1401=DIRECTION('center_axis',(0.,0.,1.));
#1402=DIRECTION('ref_axis',(-0.780147429498075,-0.625595706704854,0.));
#1403=DIRECTION('center_axis',(-0.625595706704848,0.78014742949808,0.));
#1404=DIRECTION('ref_axis',(0.,0.,1.));
#1405=DIRECTION('center_axis',(-0.780147429498074,-0.625595706704855,0.));
#1406=DIRECTION('ref_axis',(0.,0.,1.));
#1407=DIRECTION('center_axis',(0.,0.,-1.));
#1408=DIRECTION('ref_axis',(-0.780147429498075,-0.625595706704854,0.));
#1409=DIRECTION('center_axis',(0.780147429498074,0.625595706704855,0.));
#1410=DIRECTION('ref_axis',(0.442362966492195,-0.551647537723344,-0.707106781186546));
#1411=DIRECTION('center_axis',(-0.780147429498074,-0.625595706704855,0.));
#1412=DIRECTION('ref_axis',(0.442362966492195,-0.551647537723344,-0.707106781186546));
#1413=DIRECTION('center_axis',(0.,0.,1.));
#1414=DIRECTION('ref_axis',(-0.994010504215537,0.109284571231141,0.));
#1415=DIRECTION('',(0.,0.,-1.));
#1416=DIRECTION('',(0.,0.,1.));
#1417=DIRECTION('center_axis',(0.52146345222663,-0.12299703865871,-0.844362242448745));
#1418=DIRECTION('ref_axis',(0.821811257805989,-0.193839761185401,0.535772716295749));
#1419=DIRECTION('center_axis',(0.780147429498074,0.625595706704856,-2.31129711418407E-9));
#1420=DIRECTION('ref_axis',(0.625595706704856,-0.780147429498074,0.));
#1421=DIRECTION('center_axis',(0.,0.,1.));
#1422=DIRECTION('ref_axis',(0.908284671754469,0.418352668278663,0.));
#1423=DIRECTION('center_axis',(0.418352663684517,-0.908284673870516,0.));
#1424=DIRECTION('ref_axis',(0.,0.,1.));
#1425=DIRECTION('center_axis',(-5.83658618113691E-14,1.25391111620092E-13,
-1.));
#1426=DIRECTION('ref_axis',(0.908284671754468,0.418352668278665,-5.5511151231258E-16));
#1427=DIRECTION('center_axis',(-0.996011004788877,0.0727100478677162,-0.0517235659881019));
#1428=DIRECTION('ref_axis',(-0.0892304787583846,-0.81160617809823,0.577350269189626));
#1429=DIRECTION('center_axis',(0.625595706704856,-0.780147429498074,0.));
#1430=DIRECTION('ref_axis',(-0.780147429498074,-0.625595706704856,0.));
#1431=DIRECTION('center_axis',(0.,0.,1.));
#1432=DIRECTION('ref_axis',(0.625595706704856,-0.780147429498074,0.));
#1433=DIRECTION('center_axis',(-0.780147429498074,-0.625595706704856,0.));
#1434=DIRECTION('ref_axis',(0.,0.,1.));
#1435=DIRECTION('center_axis',(0.,0.,1.));
#1436=DIRECTION('ref_axis',(-0.109284571231148,-0.994010504215536,0.));
#1437=DIRECTION('center_axis',(0.,0.,1.));
#1438=DIRECTION('ref_axis',(-0.780147429498074,-0.625595706704856,0.));
#1439=DIRECTION('',(0.,0.,1.));
#1440=DIRECTION('',(0.,0.,-1.));
#1441=DIRECTION('center_axis',(-0.780147429498074,-0.625595706704855,0.));
#1442=DIRECTION('ref_axis',(0.,0.,1.));
#1443=DIRECTION('center_axis',(0.780147429498074,0.625595706704855,0.));
#1444=DIRECTION('ref_axis',(-0.442362966492193,0.551647537723341,-0.707106781186549));
#1445=DIRECTION('center_axis',(-0.780147429498074,-0.625595706704855,0.));
#1446=DIRECTION('ref_axis',(-0.442362966492193,0.551647537723341,-0.707106781186549));
#1447=DIRECTION('center_axis',(0.780147429498074,0.625595706704856,0.));
#1448=DIRECTION('ref_axis',(0.442362966492192,-0.551647537723345,0.707106781186547));
#1449=DIRECTION('',(-0.780147429498074,-0.625595706704856,0.));
#1450=DIRECTION('',(0.780147429498074,0.625595706704856,0.));
#1451=DIRECTION('center_axis',(0.625595706704855,-0.780147429498074,0.));
#1452=DIRECTION('ref_axis',(-0.55164753772334,-0.442362966492193,0.707106781186549));
#1453=DIRECTION('',(-0.625595706704855,0.780147429498074,0.));
#1454=DIRECTION('',(0.625595706704855,-0.780147429498074,0.));
#1455=DIRECTION('center_axis',(-0.780147429498075,-0.625595706704855,0.));
#1456=DIRECTION('ref_axis',(-0.442362966492197,0.551647537723343,0.707106781186545));
#1457=DIRECTION('',(0.780147429498075,0.625595706704855,0.));
#1458=DIRECTION('',(-0.780147429498075,-0.625595706704855,0.));
#1459=DIRECTION('center_axis',(0.625595706704856,-0.780147429498074,0.));
#1460=DIRECTION('ref_axis',(0.780147429498074,0.625595706704856,0.));
#1461=DIRECTION('',(-0.780147429498074,-0.625595706704856,0.));
#1462=DIRECTION('center_axis',(-0.780147429498074,-0.625595706704856,0.));
#1463=DIRECTION('ref_axis',(-0.442362966492192,0.551647537723345,-0.707106781186546));
#1464=DIRECTION('',(0.780147429498074,0.625595706704856,0.));
#1465=DIRECTION('center_axis',(0.,0.,1.));
#1466=DIRECTION('ref_axis',(-1.,0.,0.));
#1467=DIRECTION('center_axis',(0.780147429498075,0.625595706704855,0.));
#1468=DIRECTION('ref_axis',(0.442362966492192,-0.551647537723345,-0.707106781186546));
#1469=DIRECTION('',(-0.780147429498075,-0.625595706704855,0.));
#1470=DIRECTION('',(0.780147429498075,0.625595706704855,0.));
#1471=DIRECTION('center_axis',(-0.625595706704855,0.780147429498075,0.));
#1472=DIRECTION('ref_axis',(-0.780147429498075,-0.625595706704855,0.));
#1473=DIRECTION('center_axis',(0.,0.,1.));
#1474=DIRECTION('ref_axis',(1.,0.,0.));
#1475=DIRECTION('center_axis',(0.,0.,-1.));
#1476=DIRECTION('ref_axis',(-0.707106781186548,0.707106781186548,0.));
#1477=DIRECTION('center_axis',(0.,0.,-1.));
#1478=DIRECTION('ref_axis',(-0.707106781186547,-0.707106781186548,0.));
#1479=DIRECTION('center_axis',(0.,0.,-1.));
#1480=DIRECTION('ref_axis',(0.707106781186547,-0.707106781186548,0.));
#1481=DIRECTION('',(0.625595706704661,0.78014742949823,0.));
#1482=DIRECTION('',(-0.78014742949823,0.625595706704661,0.));
#1483=DIRECTION('',(-0.625595706704661,-0.78014742949823,0.));
#1484=DIRECTION('center_axis',(0.,0.,-1.));
#1485=DIRECTION('ref_axis',(0.707106781186548,0.707106781186547,0.));
#1486=DIRECTION('',(-0.625595706704855,0.780147429498074,0.));
#1487=DIRECTION('center_axis',(0.,0.,-1.));
#1488=DIRECTION('ref_axis',(-1.,0.,0.));
#1489=DIRECTION('center_axis',(0.,0.,1.));
#1490=DIRECTION('ref_axis',(1.,0.,0.));
#1491=DIRECTION('center_axis',(0.,0.,1.));
#1492=DIRECTION('ref_axis',(1.,0.,0.));
#1493=DIRECTION('center_axis',(0.,0.,1.));
#1494=DIRECTION('ref_axis',(1.,0.,0.));
#1495=DIRECTION('center_axis',(0.,0.,1.));
#1496=DIRECTION('ref_axis',(1.,0.,0.));
#1497=DIRECTION('center_axis',(0.613350580642403,0.144247331845136,-0.776526736488311));
#1498=DIRECTION('ref_axis',(0.755903810430509,0.177772894046938,0.630084301914286));
#1499=DIRECTION('center_axis',(0.625595706704659,0.780147429498232,-1.77463406780371E-9));
#1500=DIRECTION('ref_axis',(0.780147429498232,-0.625595706704659,0.));
#1501=DIRECTION('center_axis',(2.07656847418319E-15,-9.59751618344677E-16,
1.));
#1502=DIRECTION('ref_axis',(0.419539354372533,0.907737148150652,0.));
#1503=DIRECTION('center_axis',(0.9077371497876,-0.419539350830748,0.));
#1504=DIRECTION('ref_axis',(0.,0.,1.));
#1505=DIRECTION('center_axis',(5.25947129149066E-14,-2.4919838808103E-14,
-1.));
#1506=DIRECTION('ref_axis',(0.419539354372535,0.907737148150651,-5.55111512312577E-16));
#1507=DIRECTION('center_axis',(-0.981033204067634,-0.162379515956159,-0.105861916261872));
#1508=DIRECTION('ref_axis',(-0.193839759896653,0.821811257392986,0.535772717395508));
#1509=DIRECTION('center_axis',(-0.908284671754466,0.418352668278669,5.05803675439274E-9));
#1510=DIRECTION('ref_axis',(0.418352668278669,0.908284671754466,0.));
#1511=DIRECTION('center_axis',(0.,0.,1.));
#1512=DIRECTION('ref_axis',(-0.780147429498231,0.62559570670466,0.));
#1513=DIRECTION('center_axis',(0.625595704901484,0.780147430944187,0.));
#1514=DIRECTION('ref_axis',(0.,0.,1.));
#1515=DIRECTION('center_axis',(2.56233012132468E-14,-1.24131654927126E-14,
-1.));
#1516=DIRECTION('ref_axis',(-0.780147429498227,0.625595706704665,-2.77555756156288E-14));
#1517=DIRECTION('center_axis',(-0.99601100478886,-0.0727100478678725,0.0517235659882227));
#1518=DIRECTION('ref_axis',(0.0892304787585912,-0.811606178098207,0.577350269189626));
#1519=DIRECTION('center_axis',(0.780147429498232,-0.625595706704659,0.));
#1520=DIRECTION('ref_axis',(-0.625595706704659,-0.780147429498232,0.));
#1521=DIRECTION('center_axis',(0.,0.,1.));
#1522=DIRECTION('ref_axis',(0.78014742949823,-0.625595706704661,0.));
#1523=DIRECTION('center_axis',(-0.625595706704659,-0.780147429498232,0.));
#1524=DIRECTION('ref_axis',(0.,0.,1.));
#1525=DIRECTION('center_axis',(0.,0.,1.));
#1526=DIRECTION('ref_axis',(0.109284571231392,-0.994010504215509,0.));
#1527=DIRECTION('center_axis',(0.,0.,1.));
#1528=DIRECTION('ref_axis',(-0.625595706704659,-0.780147429498232,0.));
#1529=DIRECTION('',(0.,0.,1.));
#1530=DIRECTION('',(0.,0.,-1.));
#1531=DIRECTION('center_axis',(-0.625595706704661,-0.78014742949823,0.));
#1532=DIRECTION('ref_axis',(0.,0.,1.));
#1533=DIRECTION('center_axis',(0.625595706704661,0.78014742949823,0.));
#1534=DIRECTION('ref_axis',(-0.551647537723452,0.442362966492057,-0.707106781186548));
#1535=DIRECTION('center_axis',(-0.625595706704661,-0.78014742949823,0.));
#1536=DIRECTION('ref_axis',(-0.551647537723452,0.442362966492057,-0.707106781186548));
#1537=DIRECTION('center_axis',(0.625595706704661,0.78014742949823,0.));
#1538=DIRECTION('ref_axis',(0.551647537723453,-0.442362966492054,0.707106781186548));
#1539=DIRECTION('',(-0.625595706704661,-0.78014742949823,0.));
#1540=DIRECTION('',(0.625595706704661,0.78014742949823,0.));
#1541=DIRECTION('center_axis',(-0.573892232186138,-0.0630954766187272,-0.816496580927726));
#1542=DIRECTION('ref_axis',(-0.811606178098208,-0.0892304787585941,0.577350269189625));
#1543=DIRECTION('center_axis',(-0.625595706704661,-0.78014742949823,0.));
#1544=DIRECTION('ref_axis',(-0.78014742949823,0.625595706704661,0.));
#1545=DIRECTION('center_axis',(0.,0.,1.));
#1546=DIRECTION('ref_axis',(-0.625595706704662,-0.780147429498229,0.));
#1547=DIRECTION('center_axis',(-0.780147429498232,0.625595706704659,0.));
#1548=DIRECTION('ref_axis',(0.,0.,1.));
#1549=DIRECTION('center_axis',(-0.625595706704661,-0.78014742949823,0.));
#1550=DIRECTION('ref_axis',(0.,0.,1.));
#1551=DIRECTION('center_axis',(4.33068819415531E-16,-3.4727537884508E-16,
-1.));
#1552=DIRECTION('ref_axis',(-0.625595706704662,-0.780147429498229,0.));
#1553=DIRECTION('center_axis',(0.625595706704661,0.78014742949823,0.));
#1554=DIRECTION('ref_axis',(0.551647537723454,-0.442362966492058,-0.707106781186545));
#1555=DIRECTION('center_axis',(-0.625595706704661,-0.78014742949823,0.));
#1556=DIRECTION('ref_axis',(0.551647537723454,-0.442362966492058,-0.707106781186545));
#1557=DIRECTION('center_axis',(0.,0.,1.));
#1558=DIRECTION('ref_axis',(-0.994010504215508,-0.109284571231404,0.));
#1559=DIRECTION('',(0.,0.,-1.));
#1560=DIRECTION('',(0.,0.,1.));
#1561=DIRECTION('center_axis',(0.78014742949823,-0.625595706704661,0.));
#1562=DIRECTION('ref_axis',(-0.442362966492053,-0.551647537723457,0.707106781186546));
#1563=DIRECTION('',(-0.78014742949823,0.625595706704661,0.));
#1564=DIRECTION('',(0.78014742949823,-0.625595706704661,0.));
#1565=DIRECTION('center_axis',(-0.625595706704661,-0.78014742949823,0.));
#1566=DIRECTION('ref_axis',(-0.551647537723449,0.442362966492056,0.707106781186551));
#1567=DIRECTION('',(0.625595706704661,0.78014742949823,0.));
#1568=DIRECTION('',(-0.625595706704661,-0.78014742949823,0.));
#1569=DIRECTION('center_axis',(0.78014742949823,-0.625595706704661,0.));
#1570=DIRECTION('ref_axis',(0.625595706704661,0.78014742949823,0.));
#1571=DIRECTION('',(-0.625595706704661,-0.78014742949823,0.));
#1572=DIRECTION('center_axis',(-0.625595706704661,-0.78014742949823,0.));
#1573=DIRECTION('ref_axis',(-0.551647537723453,0.442362966492055,-0.707106781186548));
#1574=DIRECTION('center_axis',(-0.625595706704661,-0.78014742949823,0.));
#1575=DIRECTION('ref_axis',(0.78014742949823,-0.625595706704661,0.));
#1576=DIRECTION('center_axis',(0.,0.,1.));
#1577=DIRECTION('ref_axis',(-1.,0.,0.));
#1578=DIRECTION('center_axis',(0.625595706704661,0.78014742949823,0.));
#1579=DIRECTION('ref_axis',(0.551647537723453,-0.442362966492055,-0.707106781186548));
#1580=DIRECTION('',(0.625595706704661,0.78014742949823,0.));
#1581=DIRECTION('center_axis',(-0.78014742949823,0.625595706704661,0.));
#1582=DIRECTION('ref_axis',(-0.625595706704661,-0.78014742949823,0.));
#1583=DIRECTION('center_axis',(-0.780147429498074,-0.625595706704855,0.));
#1584=DIRECTION('ref_axis',(0.625595706704855,-0.780147429498074,0.));
#1585=DIRECTION('center_axis',(0.,0.,-1.));
#1586=DIRECTION('ref_axis',(-1.,0.,0.));
#1587=DIRECTION('',(0.,0.,-1.));
#1588=DIRECTION('center_axis',(0.,0.,1.));
#1589=DIRECTION('ref_axis',(-1.,0.,0.));
#1590=DIRECTION('center_axis',(0.,0.,1.));
#1591=DIRECTION('ref_axis',(1.,0.,0.));
#1592=DIRECTION('center_axis',(0.,0.,1.));
#1593=DIRECTION('ref_axis',(-0.707106781186548,0.707106781186548,0.));
#1594=DIRECTION('center_axis',(0.,0.,-1.));
#1595=DIRECTION('ref_axis',(-0.707106781186548,0.707106781186548,0.));
#1596=DIRECTION('center_axis',(0.,0.,1.));
#1597=DIRECTION('ref_axis',(1.,0.,0.));
#1598=DIRECTION('center_axis',(0.,0.,-1.));
#1599=DIRECTION('ref_axis',(-0.707106781186547,-0.707106781186548,0.));
#1600=DIRECTION('center_axis',(0.,0.,1.));
#1601=DIRECTION('ref_axis',(-0.707106781186547,-0.707106781186548,0.));
#1602=DIRECTION('center_axis',(0.,0.,1.));
#1603=DIRECTION('ref_axis',(1.,0.,0.));
#1604=DIRECTION('center_axis',(0.,0.,-1.));
#1605=DIRECTION('ref_axis',(0.707106781186547,-0.707106781186548,0.));
#1606=DIRECTION('center_axis',(0.,0.,1.));
#1607=DIRECTION('ref_axis',(0.707106781186547,-0.707106781186548,0.));
#1608=DIRECTION('center_axis',(0.,0.,1.));
#1609=DIRECTION('ref_axis',(1.,0.,0.));
#1610=DIRECTION('center_axis',(0.,0.,-1.));
#1611=DIRECTION('ref_axis',(0.707106781186548,0.707106781186547,0.));
#1612=DIRECTION('center_axis',(0.,0.,1.));
#1613=DIRECTION('ref_axis',(0.707106781186548,0.707106781186547,0.));
#1614=DIRECTION('',(0.,0.,1.));
#1615=DIRECTION('',(0.,0.,1.));
#1616=DIRECTION('center_axis',(0.,0.,1.));
#1617=DIRECTION('ref_axis',(1.,0.,0.));
#1618=DIRECTION('',(0.,0.,1.));
#1619=DIRECTION('center_axis',(0.,0.,1.));
#1620=DIRECTION('ref_axis',(0.707106781186548,0.707106781186547,0.));
#1621=DIRECTION('',(0.,0.,1.));
#1622=DIRECTION('center_axis',(0.,0.,1.));
#1623=DIRECTION('ref_axis',(1.,0.,0.));
#1624=DIRECTION('',(0.,0.,1.));
#1625=DIRECTION('center_axis',(0.,0.,1.));
#1626=DIRECTION('ref_axis',(-0.707106781186548,0.707106781186548,0.));
#1627=DIRECTION('center_axis',(0.,0.,1.));
#1628=DIRECTION('ref_axis',(1.,0.,0.));
#1629=DIRECTION('center_axis',(0.,0.,1.));
#1630=DIRECTION('ref_axis',(1.,0.,0.));
#1631=DIRECTION('center_axis',(0.,0.,1.));
#1632=DIRECTION('ref_axis',(1.,0.,0.));
#1633=DIRECTION('center_axis',(0.,0.,1.));
#1634=DIRECTION('ref_axis',(1.,0.,0.));
#1635=DIRECTION('center_axis',(0.,0.,1.));
#1636=DIRECTION('ref_axis',(1.,0.,0.));
#1637=DIRECTION('center_axis',(0.,0.,1.));
#1638=DIRECTION('ref_axis',(1.,0.,0.));
#1639=DIRECTION('center_axis',(0.,0.,1.));
#1640=DIRECTION('ref_axis',(1.,0.,0.));
#1641=DIRECTION('center_axis',(0.,0.,1.));
#1642=DIRECTION('ref_axis',(0.707106781186547,-0.707106781186548,0.));
#1643=DIRECTION('center_axis',(0.,0.,1.));
#1644=DIRECTION('ref_axis',(1.,0.,0.));
#1645=DIRECTION('center_axis',(0.,0.,1.));
#1646=DIRECTION('ref_axis',(-0.707106781186547,-0.707106781186548,0.));
#1647=DIRECTION('center_axis',(0.,0.,1.));
#1648=DIRECTION('ref_axis',(1.,0.,0.));
#1649=DIRECTION('center_axis',(0.,0.,1.));
#1650=DIRECTION('ref_axis',(1.,0.,0.));
#1651=DIRECTION('',(0.,0.,1.));
#1652=DIRECTION('',(0.,0.,1.));
#1653=DIRECTION('center_axis',(0.,0.,1.));
#1654=DIRECTION('ref_axis',(1.,0.,0.));
#1655=DIRECTION('',(0.,0.,-1.));
#1656=DIRECTION('center_axis',(0.,0.,1.));
#1657=DIRECTION('ref_axis',(1.,0.,0.));
#1658=DIRECTION('',(0.,0.,-1.));
#1659=DIRECTION('center_axis',(0.,0.,1.));
#1660=DIRECTION('ref_axis',(1.,0.,0.));
#1661=DIRECTION('',(0.,0.,-1.));
#1662=DIRECTION('center_axis',(0.,0.,1.));
#1663=DIRECTION('ref_axis',(1.,0.,0.));
#1664=DIRECTION('',(0.,0.,-1.));
#1665=DIRECTION('center_axis',(0.,0.,1.));
#1666=DIRECTION('ref_axis',(1.,0.,0.));
#1667=DIRECTION('',(0.,0.,1.));
#1668=CARTESIAN_POINT('',(0.,0.,0.));
#1669=CARTESIAN_POINT('Origin',(-59.9319639387506,159.457245841382,25.000000372529));
#1670=CARTESIAN_POINT('',(-46.0153585453918,145.299533711899,25.000000372529));
#1671=CARTESIAN_POINT('Origin',(-47.2971675499323,143.701057268914,25.000000372529));
#1672=CARTESIAN_POINT('',(-41.1815025140093,139.271486656861,25.000000372529));
#1673=CARTESIAN_POINT('',(-58.3716690797544,160.708437254792,25.000000372529));
#1674=CARTESIAN_POINT('Origin',(-42.4633115185498,137.673010213876,25.000000372529));
#1675=CARTESIAN_POINT('Origin',(-59.9319639387506,159.457245841382,25.000000372529));
#1676=CARTESIAN_POINT('',(-58.3716690797544,160.708437254792,25.000000372529));
#1677=CARTESIAN_POINT('Origin',(-59.9319639387506,159.457245841382,25.000000372529));
#1678=CARTESIAN_POINT('',(-53.6532756695826,154.824377548412,25.000000372529));
#1679=CARTESIAN_POINT('',(-58.3716690797544,160.708437254792,25.000000372529));
#1680=CARTESIAN_POINT('Origin',(-55.2135705285788,153.573186135002,25.000000372529));
#1681=CARTESIAN_POINT('Origin',(-52.7230507579375,162.674413572793,33.));
#1682=CARTESIAN_POINT('',(-50.9075764616362,163.513492281538,33.));
#1683=CARTESIAN_POINT('',(-52.7230507612114,162.674413579877,35.));
#1684=CARTESIAN_POINT('Origin',(-52.7230507579375,162.674413572793,33.));
#1685=CARTESIAN_POINT('',(-53.9742421713472,164.234708431789,33.));
#1686=CARTESIAN_POINT('Origin',(-52.7230507579375,162.674413572793,33.));
#1687=CARTESIAN_POINT('Origin',(-52.7230507551686,162.674413575014,33.));
#1688=CARTESIAN_POINT('Ctrl Pts',(-54.454625085012,166.413110163794,5.));
#1689=CARTESIAN_POINT('Ctrl Pts',(-54.3477730564507,165.931788008635,4.99999999999994));
#1690=CARTESIAN_POINT('Ctrl Pts',(-54.0984996684303,164.802819313274,5.35066741633602));
#1691=CARTESIAN_POINT('Ctrl Pts',(-53.9742421713472,164.234708431789,6.39259950831348));
#1692=CARTESIAN_POINT('Ctrl Pts',(-53.9742421713472,164.234708431789,7.00000000000034));
#1693=CARTESIAN_POINT('Ctrl Pts',(-54.1832346776282,166.539076302518,4.99999999999999));
#1694=CARTESIAN_POINT('Ctrl Pts',(-54.067231394959,166.061946759481,5.01585566097422));
#1695=CARTESIAN_POINT('Ctrl Pts',(-53.8120267507341,164.968000761781,5.40990651102508));
#1696=CARTESIAN_POINT('Ctrl Pts',(-53.7047193021135,164.450837260106,6.41876387632648));
#1697=CARTESIAN_POINT('Ctrl Pts',(-53.7047193021136,164.450837260106,7.00000000000033));
#1698=CARTESIAN_POINT('Ctrl Pts',(-53.6412761376894,166.790626920254,4.86323502920321));
#1699=CARTESIAN_POINT('Ctrl Pts',(-53.4880373386216,166.298112290073,4.90131548392714));
#1700=CARTESIAN_POINT('Ctrl Pts',(-53.1657341093481,165.204746150606,5.38187399881897));
#1701=CARTESIAN_POINT('Ctrl Pts',(-53.0523977012651,164.739112259898,6.41493613879433));
#1702=CARTESIAN_POINT('Ctrl Pts',(-53.0523977012651,164.739112259898,7.00000000000032));
#1703=CARTESIAN_POINT('Ctrl Pts',(-52.878574733236,167.144635567224,4.1939517793284));
#1704=CARTESIAN_POINT('Ctrl Pts',(-52.6193483130847,166.542524563205,4.23378869914653));
#1705=CARTESIAN_POINT('Ctrl Pts',(-52.0465600732533,165.197026780539,4.83845539230319));
#1706=CARTESIAN_POINT('Ctrl Pts',(-51.806620916819,164.613976219533,6.21591264057475));
#1707=CARTESIAN_POINT('Ctrl Pts',(-51.806620916819,164.613976219533,7.00000000000037));
#1708=CARTESIAN_POINT('Ctrl Pts',(-52.6405138416125,167.255131776682,3.44879895051282));
#1709=CARTESIAN_POINT('Ctrl Pts',(-52.296965785683,166.515686127466,3.46399273723608));
#1710=CARTESIAN_POINT('Ctrl Pts',(-51.504972986253,164.807198071301,4.12978138258606));
#1711=CARTESIAN_POINT('Ctrl Pts',(-51.1249881576915,163.98389552475,5.94768888055864));
#1712=CARTESIAN_POINT('Ctrl Pts',(-51.1249881576916,163.98389552475,7.00000000000046));
#1713=CARTESIAN_POINT('Ctrl Pts',(-52.6405138416125,167.255131776682,3.));
#1714=CARTESIAN_POINT('Ctrl Pts',(-52.2566128637143,166.428028208677,2.99999999999987));
#1715=CARTESIAN_POINT('Ctrl Pts',(-51.3580670443396,164.488736007327,3.70133483267192));
#1716=CARTESIAN_POINT('Ctrl Pts',(-50.9075764616361,163.513492281538,5.78519901662703));
#1717=CARTESIAN_POINT('Ctrl Pts',(-50.9075764616363,163.513492281538,7.00000000000051));
#1718=CARTESIAN_POINT('',(-51.1394302794574,164.015006679593,5.));
#1719=CARTESIAN_POINT('',(-54.4546250850119,166.413110163793,5.));
#1720=CARTESIAN_POINT('Ctrl Pts',(-54.4546250850119,166.413110163793,5.));
#1721=CARTESIAN_POINT('Ctrl Pts',(-54.4524136157925,166.412228375347,5.));
#1722=CARTESIAN_POINT('Ctrl Pts',(-54.4502020291619,166.411346533657,5.));
#1723=CARTESIAN_POINT('Ctrl Pts',(-53.925833562518,166.202258612954,5.));
#1724=CARTESIAN_POINT('Ctrl Pts',(-53.4016691067224,165.992607043034,5.00000000000001));
#1725=CARTESIAN_POINT('Ctrl Pts',(-52.523434964306,165.517479357006,5.00000000000001));
#1726=CARTESIAN_POINT('Ctrl Pts',(-52.1136447894476,165.24912349998,4.99999999999999));
#1727=CARTESIAN_POINT('Ctrl Pts',(-51.4636431858971,164.5934265294,4.99999999999999));
#1728=CARTESIAN_POINT('Ctrl Pts',(-51.2677561848029,164.292507794632,5.));
#1729=CARTESIAN_POINT('Ctrl Pts',(-51.1394302794574,164.015006679593,5.));
#1730=CARTESIAN_POINT('',(-53.9742421713472,164.234708431789,7.00000000000006));
#1731=CARTESIAN_POINT('Ctrl Pts',(-54.454625085012,166.413110163794,5.));
#1732=CARTESIAN_POINT('Ctrl Pts',(-54.3477730564507,165.931788008635,4.99999999999994));
#1733=CARTESIAN_POINT('Ctrl Pts',(-54.0984996684303,164.802819313274,5.35066741633602));
#1734=CARTESIAN_POINT('Ctrl Pts',(-53.9742421713472,164.234708431789,6.39259950831348));
#1735=CARTESIAN_POINT('Ctrl Pts',(-53.9742421713472,164.234708431789,7.00000000000034));
#1736=CARTESIAN_POINT('',(-50.9075764616362,163.513492281538,6.99999999999998));
#1737=CARTESIAN_POINT('Origin',(-52.7230507579375,162.674413572793,6.99999999999998));
#1738=CARTESIAN_POINT('Ctrl Pts',(-50.9075764616363,163.513492281538,7.00000000000051));
#1739=CARTESIAN_POINT('Ctrl Pts',(-50.9075764616362,163.513492281538,6.29971069740555));
#1740=CARTESIAN_POINT('Ctrl Pts',(-50.9931210188869,163.698683262076,5.60740398673203));
#1741=CARTESIAN_POINT('Ctrl Pts',(-51.1429234934625,164.022612377793,5.00495812049163));
#1742=CARTESIAN_POINT('Ctrl Pts',(-53.9742421713472,164.234708431789,7.));
#1743=CARTESIAN_POINT('Ctrl Pts',(-53.9742421713472,164.234708431789,15.6666666666667));
#1744=CARTESIAN_POINT('Ctrl Pts',(-53.9742421713472,164.234708431789,24.3333333333334));
#1745=CARTESIAN_POINT('Ctrl Pts',(-53.9742421713472,164.234708431789,33.));
#1746=CARTESIAN_POINT('Ctrl Pts',(-53.7047193021136,164.450837260106,7.));
#1747=CARTESIAN_POINT('Ctrl Pts',(-53.7047193021136,164.450837260106,15.6666666666667));
#1748=CARTESIAN_POINT('Ctrl Pts',(-53.7047193021136,164.450837260106,24.3333333333334));
#1749=CARTESIAN_POINT('Ctrl Pts',(-53.7047193021136,164.450837260106,33.));
#1750=CARTESIAN_POINT('Ctrl Pts',(-53.0524003916124,164.739107564714,7.));
#1751=CARTESIAN_POINT('Ctrl Pts',(-53.0524003916124,164.739107564714,15.6666666666667));
#1752=CARTESIAN_POINT('Ctrl Pts',(-53.0524003916124,164.739107564714,24.3333333333334));
#1753=CARTESIAN_POINT('Ctrl Pts',(-53.0524003916124,164.739107564714,33.));
#1754=CARTESIAN_POINT('Ctrl Pts',(-51.8066267056718,164.613968573829,7.));
#1755=CARTESIAN_POINT('Ctrl Pts',(-51.8066267056718,164.613968573829,15.6666666666667));
#1756=CARTESIAN_POINT('Ctrl Pts',(-51.8066267056718,164.613968573829,24.3333333333334));
#1757=CARTESIAN_POINT('Ctrl Pts',(-51.8066267056718,164.613968573829,33.));
#1758=CARTESIAN_POINT('Ctrl Pts',(-51.1249881576915,163.98389552475,7.));
#1759=CARTESIAN_POINT('Ctrl Pts',(-51.1249881576915,163.98389552475,15.6666666666667));
#1760=CARTESIAN_POINT('Ctrl Pts',(-51.1249881576915,163.98389552475,24.3333333333334));
#1761=CARTESIAN_POINT('Ctrl Pts',(-51.1249881576915,163.98389552475,33.));
#1762=CARTESIAN_POINT('Ctrl Pts',(-50.9075764616362,163.513492281538,7.));
#1763=CARTESIAN_POINT('Ctrl Pts',(-50.9075764616362,163.513492281538,15.6666666666667));
#1764=CARTESIAN_POINT('Ctrl Pts',(-50.9075764616362,163.513492281538,24.3333333333334));
#1765=CARTESIAN_POINT('Ctrl Pts',(-50.9075764616362,163.513492281538,33.));
#1766=CARTESIAN_POINT('Ctrl Pts',(-50.9075764616362,163.513492281538,33.));
#1767=CARTESIAN_POINT('Ctrl Pts',(-50.9075764616362,163.513492281538,24.3333333333334));
#1768=CARTESIAN_POINT('Ctrl Pts',(-50.9075764616362,163.513492281538,15.6666666666667));
#1769=CARTESIAN_POINT('Ctrl Pts',(-50.9075764616362,163.513492281538,7.));
#1770=CARTESIAN_POINT('Ctrl Pts',(-53.9742421713472,164.234708431789,7.));
#1771=CARTESIAN_POINT('Ctrl Pts',(-53.9742421713472,164.234708431789,15.6666666666667));
#1772=CARTESIAN_POINT('Ctrl Pts',(-53.9742421713472,164.234708431789,24.3333333333334));
#1773=CARTESIAN_POINT('Ctrl Pts',(-53.9742421713472,164.234708431789,33.));
#1774=CARTESIAN_POINT('Origin',(-65.3062058769367,152.584054338627,33.));
#1775=CARTESIAN_POINT('',(-66.5573972903464,154.144349197623,33.));
#1776=CARTESIAN_POINT('',(-65.3062058769367,152.584054338627,35.));
#1777=CARTESIAN_POINT('Origin',(-65.3062058769367,152.584054338627,33.));
#1778=CARTESIAN_POINT('',(-66.8665007359329,151.332862925217,33.));
#1779=CARTESIAN_POINT('Origin',(-65.3062058769367,152.584054338627,33.));
#1780=CARTESIAN_POINT('Origin',(-65.3062058769367,152.584054338627,33.));
#1781=CARTESIAN_POINT('Origin',(-67.8085887037561,155.704644056619,7.));
#1782=CARTESIAN_POINT('',(-66.8665007359329,151.332862925217,7.));
#1783=CARTESIAN_POINT('',(-66.5573972903464,154.144349197623,7.));
#1784=CARTESIAN_POINT('Origin',(-65.3062058769367,152.584054338627,7.));
#1785=CARTESIAN_POINT('',(-67.8085887037561,155.704644056619,5.));
#1786=CARTESIAN_POINT('Origin',(-67.8085887037561,155.704644056619,7.));
#1787=CARTESIAN_POINT('',(-67.2017564647328,151.75094267264,5.));
#1788=CARTESIAN_POINT('Ctrl Pts',(-67.2017564647327,151.75094267264,5.));
#1789=CARTESIAN_POINT('Ctrl Pts',(-67.3612066855941,151.949784638153,5.));
#1790=CARTESIAN_POINT('Ctrl Pts',(-67.5030925470477,152.188917587364,5.));
#1791=CARTESIAN_POINT('Ctrl Pts',(-67.7187014589057,152.697968944975,5.));
#1792=CARTESIAN_POINT('Ctrl Pts',(-67.7929692146051,152.96765647133,5.));
#1793=CARTESIAN_POINT('Ctrl Pts',(-67.910123363608,153.603710695885,5.));
#1794=CARTESIAN_POINT('Ctrl Pts',(-67.9303094831145,154.030779771602,5.));
#1795=CARTESIAN_POINT('Ctrl Pts',(-67.8993509449313,154.88642545301,5.));
#1796=CARTESIAN_POINT('Ctrl Pts',(-67.8514147113617,155.315115132875,5.));
#1797=CARTESIAN_POINT('Ctrl Pts',(-67.8085887037561,155.704644056619,5.));
#1798=CARTESIAN_POINT('Origin',(-69.3688835627523,154.453452643209,7.));
#1799=CARTESIAN_POINT('Origin',(-65.3062058769367,152.584054338627,5.));
#1800=CARTESIAN_POINT('',(-66.5573972903464,154.144349197623,5.));
#1801=CARTESIAN_POINT('',(-66.8665007359329,151.332862925217,5.));
#1802=CARTESIAN_POINT('Origin',(-51.1939198509212,159.360138748947,33.));
#1803=CARTESIAN_POINT('',(-49.9427284375114,157.799843889951,33.));
#1804=CARTESIAN_POINT('',(-51.1939198473148,159.360138751839,35.));
#1805=CARTESIAN_POINT('Origin',(-51.1939198509211,159.360138748947,33.));
#1806=CARTESIAN_POINT('',(-49.3773505074122,160.196844085504,33.));
#1807=CARTESIAN_POINT('Origin',(-51.1939198509212,159.360138748947,33.));
#1808=CARTESIAN_POINT('Origin',(-51.1939198551533,159.360138758135,33.));
#1809=CARTESIAN_POINT('Ctrl Pts',(-47.653523643492,156.450978918768,3.));
#1810=CARTESIAN_POINT('Ctrl Pts',(-48.1145338866242,157.452890506953,3.));
#1811=CARTESIAN_POINT('Ctrl Pts',(-48.576558111997,158.457017827907,3.44819688935408));
#1812=CARTESIAN_POINT('Ctrl Pts',(-49.202711306511,159.817812564908,4.9759729119906));
#1813=CARTESIAN_POINT('Ctrl Pts',(-49.3773505074123,160.196844085504,5.98251959939484));
#1814=CARTESIAN_POINT('Ctrl Pts',(-49.3773505074123,160.196844085504,7.0000000000003));
#1815=CARTESIAN_POINT('Ctrl Pts',(-47.653523643492,156.450978918768,3.59839860068378));
#1816=CARTESIAN_POINT('Ctrl Pts',(-48.0502615574017,157.310736881596,3.57316470634428));
#1817=CARTESIAN_POINT('Ctrl Pts',(-48.4556097945755,158.192785071249,3.93638102193743));
#1818=CARTESIAN_POINT('Ctrl Pts',(-49.0103038663147,159.397786939513,5.24021494375943));
#1819=CARTESIAN_POINT('Ctrl Pts',(-49.165937806097,159.737846377162,6.11529798879799));
#1820=CARTESIAN_POINT('Ctrl Pts',(-49.165937806097,159.737846377162,7.0000000000003));
#1821=CARTESIAN_POINT('Ctrl Pts',(-48.109720465158,156.24106877285,4.63435400368462));
#1822=CARTESIAN_POINT('Ctrl Pts',(-48.3533918558489,156.876306071798,4.56896467646879));
#1823=CARTESIAN_POINT('Ctrl Pts',(-48.6242764581953,157.561341822532,4.78468437726138));
#1824=CARTESIAN_POINT('Ctrl Pts',(-49.0058845775292,158.516447377617,5.70098212024183));
#1825=CARTESIAN_POINT('Ctrl Pts',(-49.1175624653095,158.791803693335,6.34545756620248));
#1826=CARTESIAN_POINT('Ctrl Pts',(-49.1175624653095,158.791803693335,7.00000000000029));
#1827=CARTESIAN_POINT('Ctrl Pts',(-49.0627050724647,155.802571333858,5.00000000000001));
#1828=CARTESIAN_POINT('Ctrl Pts',(-49.2053886814617,156.379110260198,4.97066402649946));
#1829=CARTESIAN_POINT('Ctrl Pts',(-49.3622203459819,156.97846987534,5.17242606181273));
#1830=CARTESIAN_POINT('Ctrl Pts',(-49.5824962018077,157.803012460142,5.9413902787209));
#1831=CARTESIAN_POINT('Ctrl Pts',(-49.6470453547916,158.036950441995,6.46742827884365));
#1832=CARTESIAN_POINT('Ctrl Pts',(-49.6470453547916,158.036950441995,7.00000000000028));
#1833=CARTESIAN_POINT('Ctrl Pts',(-49.4704144062188,155.614971767891,5.));
#1834=CARTESIAN_POINT('Ctrl Pts',(-49.5967169395023,156.1994870142,5.00000000000001));
#1835=CARTESIAN_POINT('Ctrl Pts',(-49.7232968004219,156.785307680983,5.22409844467377));
#1836=CARTESIAN_POINT('Ctrl Pts',(-49.8948269526307,157.579092850332,5.98798645599841));
#1837=CARTESIAN_POINT('Ctrl Pts',(-49.9427284375114,157.799843889951,6.49125979969751));
#1838=CARTESIAN_POINT('Ctrl Pts',(-49.9427284375115,157.799843889951,7.00000000000028));
#1839=CARTESIAN_POINT('',(-49.1461818253396,159.694829703719,5.));
#1840=CARTESIAN_POINT('',(-49.4704144062189,155.614971767891,5.));
#1841=CARTESIAN_POINT('Ctrl Pts',(-49.1461818253396,159.694829703719,5.));
#1842=CARTESIAN_POINT('Ctrl Pts',(-49.017288726305,159.414851578469,5.));
#1843=CARTESIAN_POINT('Ctrl Pts',(-48.9109293774495,159.058820196228,5.));
#1844=CARTESIAN_POINT('Ctrl Pts',(-48.80356255617,157.599556906992,5.));
#1845=CARTESIAN_POINT('Ctrl Pts',(-49.1461598367273,156.577950527974,5.));
#1846=CARTESIAN_POINT('Ctrl Pts',(-49.4680396344196,155.622024307024,5.));
#1847=CARTESIAN_POINT('Ctrl Pts',(-49.4692269521376,155.618498239945,5.));
#1848=CARTESIAN_POINT('Ctrl Pts',(-49.4704144062188,155.614971767891,5.));
#1849=CARTESIAN_POINT('',(-49.3773505074123,160.196844085504,7.0000000000003));
#1850=CARTESIAN_POINT('Ctrl Pts',(-49.1453167910305,159.692962343876,5.00121699425562));
#1851=CARTESIAN_POINT('Ctrl Pts',(-49.2947164393168,160.017497659721,5.60537751091423));
#1852=CARTESIAN_POINT('Ctrl Pts',(-49.3773505074123,160.196844085504,6.30010200174864));
#1853=CARTESIAN_POINT('Ctrl Pts',(-49.3773505074123,160.196844085504,7.0000000000003));
#1854=CARTESIAN_POINT('',(-49.9427284375114,157.799843889951,7.00000000000003));
#1855=CARTESIAN_POINT('Origin',(-51.1939198509212,159.360138748947,7.0000000000003));
#1856=CARTESIAN_POINT('Ctrl Pts',(-49.9427284375115,157.799843889951,6.99999999999979));
#1857=CARTESIAN_POINT('Ctrl Pts',(-49.9427284375115,157.799843889951,6.92470574797214));
#1858=CARTESIAN_POINT('Ctrl Pts',(-49.9416117516198,157.795057589139,6.84942292154665));
#1859=CARTESIAN_POINT('Ctrl Pts',(-49.93946748615,157.785625812708,6.77467526858592));
#1860=CARTESIAN_POINT('Ctrl Pts',(-49.9385443475488,157.781565290808,6.74249527745963));
#1861=CARTESIAN_POINT('Ctrl Pts',(-49.9374308826511,157.776644407141,6.71041458027171));
#1862=CARTESIAN_POINT('Ctrl Pts',(-49.9361348345281,157.770877279082,6.6784751976855));
#1863=CARTESIAN_POINT('Ctrl Pts',(-49.9315456646536,157.750456486147,6.56538120851797));
#1864=CARTESIAN_POINT('Ctrl Pts',(-49.924678304602,157.719412986357,6.45405591102716));
#1865=CARTESIAN_POINT('Ctrl Pts',(-49.9157678441206,157.678470546851,6.34606837129982));
#1866=CARTESIAN_POINT('Ctrl Pts',(-49.9134654421839,157.667891301007,6.31816513093113));
#1867=CARTESIAN_POINT('Ctrl Pts',(-49.9110267249514,157.656651362734,6.29048464464941));
#1868=CARTESIAN_POINT('Ctrl Pts',(-49.9084559610431,157.644763690629,6.26305371963575));
#1869=CARTESIAN_POINT('Ctrl Pts',(-49.8999739585724,157.605541394157,6.17254786921929));
#1870=CARTESIAN_POINT('Ctrl Pts',(-49.8900449008061,157.559268558414,6.08474521506737));
#1871=CARTESIAN_POINT('Ctrl Pts',(-49.8787375918664,157.506451390522,6.00055817105773));
#1872=CARTESIAN_POINT('Ctrl Pts',(-49.8718599971267,157.474325702792,5.94935196681156));
#1873=CARTESIAN_POINT('Ctrl Pts',(-49.8644353117481,157.439639611092,5.89926094863815));
#1874=CARTESIAN_POINT('Ctrl Pts',(-49.8564827149453,157.402543005134,5.85063124880224));
#1875=CARTESIAN_POINT('Ctrl Pts',(-49.8485753709283,157.365657490571,5.80227826730649));
#1876=CARTESIAN_POINT('Ctrl Pts',(-49.8401461926211,157.326389141702,5.75537061418231));
#1877=CARTESIAN_POINT('Ctrl Pts',(-49.8312224607639,157.284929262412,5.71022363327367));
#1878=CARTESIAN_POINT('Ctrl Pts',(-49.8252032048177,157.256963650161,5.67977098883772));
#1879=CARTESIAN_POINT('Ctrl Pts',(-49.8189591093452,157.228001839834,5.65011889053544));
#1880=CARTESIAN_POINT('Ctrl Pts',(-49.8125004348201,157.198112785277,5.62135563986995));
#1881=CARTESIAN_POINT('Ctrl Pts',(-49.8124809620742,157.198022670508,5.62126891937182));
#1882=CARTESIAN_POINT('Ctrl Pts',(-49.8124614875236,157.197932548035,5.62118220755436));
#1883=CARTESIAN_POINT('Ctrl Pts',(-49.8124420111691,157.197842417862,5.62109550441865));
#1884=CARTESIAN_POINT('Ctrl Pts',(-49.8031404315964,157.15479776235,5.57968754421408));
#1885=CARTESIAN_POINT('Ctrl Pts',(-49.7934142610934,157.109851440888,5.54013818241143));
#1886=CARTESIAN_POINT('Ctrl Pts',(-49.7833329188769,157.063323531741,5.50259990210859));
#1887=CARTESIAN_POINT('Ctrl Pts',(-49.776058274483,157.029749233183,5.47551247322296));
#1888=CARTESIAN_POINT('Ctrl Pts',(-49.7685988820119,156.995352281706,5.44947142040757));
#1889=CARTESIAN_POINT('Ctrl Pts',(-49.7609830127487,156.960263002261,5.42452078078319));
#1890=CARTESIAN_POINT('Ctrl Pts',(-49.7494548300042,156.907148169033,5.38675286181832));
#1891=CARTESIAN_POINT('Ctrl Pts',(-49.7374925436753,156.85196686156,5.35115797412148));
#1892=CARTESIAN_POINT('Ctrl Pts',(-49.7251671824539,156.795051706568,5.31793183209329));
#1893=CARTESIAN_POINT('Ctrl Pts',(-49.7125130806574,156.736618517301,5.28381948633913));
#1894=CARTESIAN_POINT('Ctrl Pts',(-49.699476406398,156.676358332108,5.25220435164225));
#1895=CARTESIAN_POINT('Ctrl Pts',(-49.6861416624543,156.614666894647,5.22325757518916));
#1896=CARTESIAN_POINT('Ctrl Pts',(-49.6726825339249,156.552400008273,5.19404078734261));
#1897=CARTESIAN_POINT('Ctrl Pts',(-49.6589199202503,156.488675820278,5.16754267833289));
#1898=CARTESIAN_POINT('Ctrl Pts',(-49.6449460652709,156.423926745112,5.14389293495709));
#1899=CARTESIAN_POINT('Ctrl Pts',(-49.6309551190785,156.359098476319,5.12021426593387));
#1900=CARTESIAN_POINT('Ctrl Pts',(-49.6167525971123,156.293243646879,5.09939115059143));
#1901=CARTESIAN_POINT('Ctrl Pts',(-49.6024337417227,156.22680947514,5.0815036901381));
#1902=CARTESIAN_POINT('Ctrl Pts',(-49.6008535144758,156.219477807528,5.07952963204362));
#1903=CARTESIAN_POINT('Ctrl Pts',(-49.5992718714037,156.212139089704,5.07759127619495));
#1904=CARTESIAN_POINT('Ctrl Pts',(-49.5976889410125,156.204793925786,5.07568869128602));
#1905=CARTESIAN_POINT('Ctrl Pts',(-49.5830518949476,156.136874639376,5.05809586275205));
#1906=CARTESIAN_POINT('Ctrl Pts',(-49.5681988247501,156.067960433489,5.04344921266463));
#1907=CARTESIAN_POINT('Ctrl Pts',(-49.5532191891771,155.998497962604,5.03189128269326));
#1908=CARTESIAN_POINT('Ctrl Pts',(-49.5447816012207,155.959371796623,5.02538104082173));
#1909=CARTESIAN_POINT('Ctrl Pts',(-49.536303920779,155.920072017373,5.01984988917318));
#1910=CARTESIAN_POINT('Ctrl Pts',(-49.5278024219695,155.880680070422,5.01531619961361));
#1911=CARTESIAN_POINT('Ctrl Pts',(-49.5130206550053,155.812188314656,5.00743336106254));
#1912=CARTESIAN_POINT('Ctrl Pts',(-49.4981267013833,155.74322924058,5.00254786931947));
#1913=CARTESIAN_POINT('Ctrl Pts',(-49.4832228820545,155.674249856626,5.00076635484981));
#1914=CARTESIAN_POINT('Ctrl Pts',(-49.4789556320989,155.654499733076,5.00025627301281));
#1915=CARTESIAN_POINT('Ctrl Pts',(-49.4746852388996,155.634736746086,5.00000000000001));
#1916=CARTESIAN_POINT('Ctrl Pts',(-49.4704144062189,155.614971767891,5.));
#1917=CARTESIAN_POINT('Ctrl Pts',(-49.3773505074122,160.196844085504,7.));
#1918=CARTESIAN_POINT('Ctrl Pts',(-49.3773505074122,160.196844085504,15.6666666666667));
#1919=CARTESIAN_POINT('Ctrl Pts',(-49.3773505074122,160.196844085504,24.3333333333334));
#1920=CARTESIAN_POINT('Ctrl Pts',(-49.3773505074122,160.196844085504,33.));
#1921=CARTESIAN_POINT('Ctrl Pts',(-49.165937806097,159.737846377162,7.));
#1922=CARTESIAN_POINT('Ctrl Pts',(-49.165937806097,159.737846377162,15.6666666666667));
#1923=CARTESIAN_POINT('Ctrl Pts',(-49.165937806097,159.737846377162,24.3333333333334));
#1924=CARTESIAN_POINT('Ctrl Pts',(-49.165937806097,159.737846377162,33.));
#1925=CARTESIAN_POINT('Ctrl Pts',(-49.1178633860078,158.791857143535,7.));
#1926=CARTESIAN_POINT('Ctrl Pts',(-49.1178633860078,158.791857143535,15.6666666666667));
#1927=CARTESIAN_POINT('Ctrl Pts',(-49.1178633860078,158.791857143535,24.3333333333334));
#1928=CARTESIAN_POINT('Ctrl Pts',(-49.1178633860078,158.791857143535,33.));
#1929=CARTESIAN_POINT('Ctrl Pts',(-49.6470453547915,158.036950441995,7.));
#1930=CARTESIAN_POINT('Ctrl Pts',(-49.6470453547915,158.036950441995,15.6666666666666));
#1931=CARTESIAN_POINT('Ctrl Pts',(-49.6470453547915,158.036950441995,24.3333333333334));
#1932=CARTESIAN_POINT('Ctrl Pts',(-49.6470453547915,158.036950441995,33.));
#1933=CARTESIAN_POINT('Ctrl Pts',(-49.9427284375114,157.799843889951,7.));
#1934=CARTESIAN_POINT('Ctrl Pts',(-49.9427284375114,157.799843889951,15.6666666666667));
#1935=CARTESIAN_POINT('Ctrl Pts',(-49.9427284375114,157.799843889951,24.3333333333334));
#1936=CARTESIAN_POINT('Ctrl Pts',(-49.9427284375114,157.799843889951,33.));
#1937=CARTESIAN_POINT('Ctrl Pts',(-49.9427284375114,157.799843889951,33.));
#1938=CARTESIAN_POINT('Ctrl Pts',(-49.9427284375114,157.799843889951,24.3333333333334));
#1939=CARTESIAN_POINT('Ctrl Pts',(-49.9427284375114,157.799843889951,15.6666666666667));
#1940=CARTESIAN_POINT('Ctrl Pts',(-49.9427284375114,157.799843889951,7.));
#1941=CARTESIAN_POINT('Ctrl Pts',(-49.3773505074122,160.196844085504,7.));
#1942=CARTESIAN_POINT('Ctrl Pts',(-49.3773505074122,160.196844085504,15.6666666666667));
#1943=CARTESIAN_POINT('Ctrl Pts',(-49.3773505074122,160.196844085504,24.3333333333334));
#1944=CARTESIAN_POINT('Ctrl Pts',(-49.3773505074122,160.196844085504,33.));
#1945=CARTESIAN_POINT('Ctrl Pts',(-49.3773505074122,160.196844085504,33.));
#1946=CARTESIAN_POINT('Ctrl Pts',(-49.886698256539,161.302688001901,33.));
#1947=CARTESIAN_POINT('Ctrl Pts',(-50.3967519403257,162.408245802648,33.));
#1948=CARTESIAN_POINT('Ctrl Pts',(-50.9075764649126,163.513492288627,33.));
#1949=CARTESIAN_POINT('Ctrl Pts',(-49.3773505074122,160.196844085504,33.5983986006838));
#1950=CARTESIAN_POINT('Ctrl Pts',(-49.8866993911777,161.302690465313,33.5983986006838));
#1951=CARTESIAN_POINT('Ctrl Pts',(-50.3967506987604,162.408243116333,33.5983986006838));
#1952=CARTESIAN_POINT('Ctrl Pts',(-50.9075764649126,163.513492288627,33.5983986006838));
#1953=CARTESIAN_POINT('Ctrl Pts',(-49.8334826560555,159.986751250728,34.6343393014363));
#1954=CARTESIAN_POINT('Ctrl Pts',(-50.3427425096669,161.092404337341,34.6343393014363));
#1955=CARTESIAN_POINT('Ctrl Pts',(-50.8527053063328,162.197765122224,34.6343393014363));
#1956=CARTESIAN_POINT('Ctrl Pts',(-51.3634336522732,163.302803511086,34.6343393014363));
#1957=CARTESIAN_POINT('Ctrl Pts',(-50.7862826434709,159.547894987414,35.));
#1958=CARTESIAN_POINT('Ctrl Pts',(-51.2953595808058,160.653150944852,35.));
#1959=CARTESIAN_POINT('Ctrl Pts',(-51.8051310898503,161.758097076575,35.));
#1960=CARTESIAN_POINT('Ctrl Pts',(-52.3156592817805,162.862702401819,35.));
#1961=CARTESIAN_POINT('Ctrl Pts',(-51.1939198509212,159.360138748947,35.));
#1962=CARTESIAN_POINT('Ctrl Pts',(-51.7029186871916,160.465225141314,35.));
#1963=CARTESIAN_POINT('Ctrl Pts',(-52.2126080304638,161.569993162887,35.));
#1964=CARTESIAN_POINT('Ctrl Pts',(-52.7230507612114,162.674413579877,35.));
#1965=CARTESIAN_POINT('Ctrl Pts',(-52.7230507612114,162.674413579877,35.));
#1966=CARTESIAN_POINT('Ctrl Pts',(-52.2126080306201,161.569993163226,35.));
#1967=CARTESIAN_POINT('Ctrl Pts',(-51.7029186875038,160.465225141991,35.));
#1968=CARTESIAN_POINT('Ctrl Pts',(-51.1939198513889,159.360138749962,35.));
#1969=CARTESIAN_POINT('Ctrl Pts',(-49.3773505074122,160.196844085504,33.));
#1970=CARTESIAN_POINT('Ctrl Pts',(-49.88669825545,161.302687999537,33.));
#1971=CARTESIAN_POINT('Ctrl Pts',(-50.3967519381447,162.40824579792,33.));
#1972=CARTESIAN_POINT('Ctrl Pts',(-50.9075764616362,163.513492281538,33.));
#1973=CARTESIAN_POINT('Origin',(-63.0901952935844,149.820584350239,33.));
#1974=CARTESIAN_POINT('',(-64.6504901525805,148.56939293683,33.));
#1975=CARTESIAN_POINT('',(-63.0901952935844,149.820584350239,35.));
#1976=CARTESIAN_POINT('Origin',(-63.0901952935844,149.820584350239,33.));
#1977=CARTESIAN_POINT('',(-61.8390038801747,148.260289491243,33.));
#1978=CARTESIAN_POINT('Origin',(-63.0901952935844,149.820584350239,33.));
#1979=CARTESIAN_POINT('Origin',(-63.0901952935844,149.820584350239,33.));
#1980=CARTESIAN_POINT('Origin',(-63.0901952935844,149.820584350239,5.));
#1981=CARTESIAN_POINT('',(-64.6504901525805,148.56939293683,7.));
#1982=CARTESIAN_POINT('',(-61.8390038801747,148.260289491243,7.));
#1983=CARTESIAN_POINT('Origin',(-63.0901952935844,149.820584350239,7.));
#1984=CARTESIAN_POINT('',(-61.8390038801747,148.260289491243,5.));
#1985=CARTESIAN_POINT('',(-64.6504901525805,148.56939293683,5.));
#1986=CARTESIAN_POINT('Origin',(-60.5878124667649,146.699994632247,7.));
#1987=CARTESIAN_POINT('',(-64.3152344237806,148.151313189407,5.));
#1988=CARTESIAN_POINT('',(-60.5878124667649,146.699994632247,5.));
#1989=CARTESIAN_POINT('Ctrl Pts',(-60.5878124667649,146.699994632247,5.));
#1990=CARTESIAN_POINT('Ctrl Pts',(-60.9773413905093,146.742820639853,5.));
#1991=CARTESIAN_POINT('Ctrl Pts',(-61.4062059151628,146.789166552348,5.));
#1992=CARTESIAN_POINT('Ctrl Pts',(-62.2481394954662,146.944845097938,5.));
#1993=CARTESIAN_POINT('Ctrl Pts',(-62.660621862073,147.057334084478,5.));
#1994=CARTESIAN_POINT('Ctrl Pts',(-63.2560302327699,147.309879017722,5.));
#1995=CARTESIAN_POINT('Ctrl Pts',(-63.5031405251399,147.440965114669,5.));
#1996=CARTESIAN_POINT('Ctrl Pts',(-63.9531893651284,147.762020451306,5.));
#1997=CARTESIAN_POINT('Ctrl Pts',(-64.1557842029193,147.952471223894,5.));
#1998=CARTESIAN_POINT('Ctrl Pts',(-64.3152344237806,148.151313189407,5.));
#1999=CARTESIAN_POINT('Origin',(-60.5878124667649,146.699994632247,7.));
#2000=CARTESIAN_POINT('Origin',(-62.1481073257611,145.448803218837,7.));
#2001=CARTESIAN_POINT('Origin',(-60.836130636118,151.628105748154,33.));
#2002=CARTESIAN_POINT('',(-60.836130636118,151.628105748154,35.));
#2003=CARTESIAN_POINT('',(-59.5849392227083,150.067810889158,33.));
#2004=CARTESIAN_POINT('Origin',(-65.5209973283907,152.851909435671,33.));
#2005=CARTESIAN_POINT('',(-65.5209973283907,152.851909435671,35.));
#2006=CARTESIAN_POINT('',(-67.0812921873868,151.600718022261,33.));
#2007=CARTESIAN_POINT('Origin',(-54.9838021306589,160.861530136631,33.));
#2008=CARTESIAN_POINT('',(-54.9838021306589,160.861530136631,35.));
#2009=CARTESIAN_POINT('',(-56.2349935440687,162.421824995627,33.));
#2010=CARTESIAN_POINT('Ctrl Pts',(-31.3018993144685,120.914063752674,-0.200000000000015));
#2011=CARTESIAN_POINT('Ctrl Pts',(-31.3018993144685,120.914063752674,35.));
#2012=CARTESIAN_POINT('Ctrl Pts',(-34.2352268522962,127.289051935415,-0.200000000000015));
#2013=CARTESIAN_POINT('Ctrl Pts',(-34.2352268522962,127.289051935415,35.));
#2014=CARTESIAN_POINT('Ctrl Pts',(-37.1685543901239,133.664040118157,-0.200000000000018));
#2015=CARTESIAN_POINT('Ctrl Pts',(-37.1685543901239,133.664040118157,35.));
#2016=CARTESIAN_POINT('Ctrl Pts',(-43.0352094657794,146.41401648364,-0.200000000000018));
#2017=CARTESIAN_POINT('Ctrl Pts',(-43.0352094657794,146.41401648364,35.));
#2018=CARTESIAN_POINT('Ctrl Pts',(-45.9685370036072,152.789004666381,-0.200000000000015));
#2019=CARTESIAN_POINT('Ctrl Pts',(-45.9685370036072,152.789004666381,35.));
#2020=CARTESIAN_POINT('Ctrl Pts',(-48.9018645414349,159.163992849123,-0.200000000000015));
#2021=CARTESIAN_POINT('Ctrl Pts',(-48.9018645414349,159.163992849123,35.));
#2022=CARTESIAN_POINT('Ctrl Pts',(-49.410216680536,160.268792377184,-0.200000000000015));
#2023=CARTESIAN_POINT('Ctrl Pts',(-49.410216680536,160.268792377184,35.));
#2024=CARTESIAN_POINT('Ctrl Pts',(-49.922054123311,161.379383424455,-0.200000000000015));
#2025=CARTESIAN_POINT('Ctrl Pts',(-49.922054123311,161.379383424455,35.));
#2026=CARTESIAN_POINT('Ctrl Pts',(-50.940668078294,163.585734268276,-0.200000000000015));
#2027=CARTESIAN_POINT('Ctrl Pts',(-50.940668078294,163.585734268276,35.));
#2028=CARTESIAN_POINT('Ctrl Pts',(-51.4492383432863,164.685403405037,-0.200000000000006));
#2029=CARTESIAN_POINT('Ctrl Pts',(-51.4492383432863,164.685403405037,35.));
#2030=CARTESIAN_POINT('Ctrl Pts',(-53.5491928223914,169.217470433457,-0.200000000000006));
#2031=CARTESIAN_POINT('Ctrl Pts',(-53.5491928223914,169.217470433457,35.));
#2032=CARTESIAN_POINT('Ctrl Pts',(-55.1581270659241,172.669660831231,-0.20000000000001));
#2033=CARTESIAN_POINT('Ctrl Pts',(-55.1581270659241,172.669660831231,35.));
#2034=CARTESIAN_POINT('Ctrl Pts',(-58.3859729174626,179.541022423956,-0.20000000000001));
#2035=CARTESIAN_POINT('Ctrl Pts',(-58.3859729174626,179.541022423956,35.));
#2036=CARTESIAN_POINT('Ctrl Pts',(-60.0051178059703,182.960930997743,-0.200000000000023));
#2037=CARTESIAN_POINT('Ctrl Pts',(-60.0051178059703,182.960930997743,35.));
#2038=CARTESIAN_POINT('Ctrl Pts',(-63.9324404055424,191.16765290274,-0.200000000000023));
#2039=CARTESIAN_POINT('Ctrl Pts',(-63.9324404055424,191.16765290274,35.));
#2040=CARTESIAN_POINT('Ctrl Pts',(-66.2472797713887,195.934436137642,-0.200000000000022));
#2041=CARTESIAN_POINT('Ctrl Pts',(-66.2472797713887,195.934436137642,35.));
#2042=CARTESIAN_POINT('Ctrl Pts',(-70.4759989974936,204.425364249018,-0.200000000000022));
#2043=CARTESIAN_POINT('Ctrl Pts',(-70.4759989974936,204.425364249018,35.));
#2044=CARTESIAN_POINT('Ctrl Pts',(-72.3715353352293,208.158550281046,-0.200000000000015));
#2045=CARTESIAN_POINT('Ctrl Pts',(-72.3715353352293,208.158550281046,35.));
#2046=CARTESIAN_POINT('Ctrl Pts',(-75.9001454041303,214.879409030509,-0.200000000000015));
#2047=CARTESIAN_POINT('Ctrl Pts',(-75.9001454041303,214.879409030509,35.));
#2048=CARTESIAN_POINT('Ctrl Pts',(-77.5120198283977,217.870857571709,-0.200000000000019));
#2049=CARTESIAN_POINT('Ctrl Pts',(-77.5120198283977,217.870857571709,35.));
#2050=CARTESIAN_POINT('Ctrl Pts',(-80.4709015020043,223.120871850381,-0.200000000000019));
#2051=CARTESIAN_POINT('Ctrl Pts',(-80.4709015020043,223.120871850381,35.));
#2052=CARTESIAN_POINT('Ctrl Pts',(-81.7927974655121,225.389108351732,-0.200000000000007));
#2053=CARTESIAN_POINT('Ctrl Pts',(-81.7927974655121,225.389108351732,35.));
#2054=CARTESIAN_POINT('Ctrl Pts',(-84.2255320217469,229.335781163792,-0.200000000000007));
#2055=CARTESIAN_POINT('Ctrl Pts',(-84.2255320217469,229.335781163792,35.));
#2056=CARTESIAN_POINT('Ctrl Pts',(-85.3139321376374,231.029067174773,-0.200000000000005));
#2057=CARTESIAN_POINT('Ctrl Pts',(-85.3139321376374,231.029067174773,35.));
#2058=CARTESIAN_POINT('Ctrl Pts',(-87.3306351433664,233.959984995071,-0.200000000000005));
#2059=CARTESIAN_POINT('Ctrl Pts',(-87.3306351433664,233.959984995071,35.));
#2060=CARTESIAN_POINT('Ctrl Pts',(-88.2383578508336,235.213329083682,-0.200000000000012));
#2061=CARTESIAN_POINT('Ctrl Pts',(-88.2383578508336,235.213329083682,35.));
#2062=CARTESIAN_POINT('Ctrl Pts',(-89.8606636491292,237.276841007543,-0.200000000000012));
#2063=CARTESIAN_POINT('Ctrl Pts',(-89.8606636491292,237.276841007543,35.));
#2064=CARTESIAN_POINT('Ctrl Pts',(-90.5510232141893,238.106863490616,-0.20000000000002));
#2065=CARTESIAN_POINT('Ctrl Pts',(-90.5510232141893,238.106863490616,35.));
#2066=CARTESIAN_POINT('Ctrl Pts',(-91.9515281622787,239.652951002113,-0.200000000000021));
#2067=CARTESIAN_POINT('Ctrl Pts',(-91.9515281622787,239.652951002113,35.));
#2068=CARTESIAN_POINT('Ctrl Pts',(-92.6569204820392,240.373381408371,-0.20000000000002));
#2069=CARTESIAN_POINT('Ctrl Pts',(-92.6569204820392,240.373381408371,35.));
#2070=CARTESIAN_POINT('Ctrl Pts',(-94.0502733868271,241.627231965495,-0.20000000000002));
#2071=CARTESIAN_POINT('Ctrl Pts',(-94.0502733868271,241.627231965495,35.));
#2072=CARTESIAN_POINT('Ctrl Pts',(-94.7273407063434,242.173359728619,-0.200000000000009));
#2073=CARTESIAN_POINT('Ctrl Pts',(-94.7273407063434,242.173359728619,35.));
#2074=CARTESIAN_POINT('Ctrl Pts',(-95.8960339225597,242.953702756533,-0.200000000000008));
#2075=CARTESIAN_POINT('Ctrl Pts',(-95.8960339225597,242.953702756533,35.));
#2076=CARTESIAN_POINT('Ctrl Pts',(-96.3605446590098,243.227256688912,-0.200000000000012));
#2077=CARTESIAN_POINT('Ctrl Pts',(-96.3605446590098,243.227256688912,35.));
#2078=CARTESIAN_POINT('Ctrl Pts',(-97.449760380649,243.755828701241,-0.200000000000011));
#2079=CARTESIAN_POINT('Ctrl Pts',(-97.449760380649,243.755828701241,35.));
#2080=CARTESIAN_POINT('Ctrl Pts',(-98.0870781157903,243.988728993385,-0.200000000000021));
#2081=CARTESIAN_POINT('Ctrl Pts',(-98.0870781157903,243.988728993385,35.));
#2082=CARTESIAN_POINT('Ctrl Pts',(-99.1590539229692,244.205860154755,-0.200000000000021));
#2083=CARTESIAN_POINT('Ctrl Pts',(-99.1590539229692,244.205860154755,35.));
#2084=CARTESIAN_POINT('Ctrl Pts',(-99.5794012315018,244.25,-0.200000000000022));
#2085=CARTESIAN_POINT('Ctrl Pts',(-99.5794012315018,244.25,35.));
#2086=CARTESIAN_POINT('Ctrl Pts',(-100.,244.25,-0.200000000000022));
#2087=CARTESIAN_POINT('Ctrl Pts',(-100.,244.25,35.));
#2088=CARTESIAN_POINT('Ctrl Pts',(-100.420598768498,244.25,-0.200000000000021));
#2089=CARTESIAN_POINT('Ctrl Pts',(-100.420598768498,244.25,35.));
#2090=CARTESIAN_POINT('Ctrl Pts',(-100.840946077031,244.205860154755,-0.200000000000025));
#2091=CARTESIAN_POINT('Ctrl Pts',(-100.840946077031,244.205860154755,35.));
#2092=CARTESIAN_POINT('Ctrl Pts',(-101.91292188421,243.988728993385,-0.200000000000024));
#2093=CARTESIAN_POINT('Ctrl Pts',(-101.91292188421,243.988728993385,35.));
#2094=CARTESIAN_POINT('Ctrl Pts',(-102.550239619351,243.755828701241,-0.200000000000004));
#2095=CARTESIAN_POINT('Ctrl Pts',(-102.550239619351,243.755828701241,35.));
#2096=CARTESIAN_POINT('Ctrl Pts',(-103.63945534099,243.227256688912,-0.200000000000004));
#2097=CARTESIAN_POINT('Ctrl Pts',(-103.63945534099,243.227256688912,35.));
#2098=CARTESIAN_POINT('Ctrl Pts',(-104.10396607744,242.953702756533,-0.200000000000027));
#2099=CARTESIAN_POINT('Ctrl Pts',(-104.10396607744,242.953702756533,35.));
#2100=CARTESIAN_POINT('Ctrl Pts',(-105.272659293657,242.173359728619,-0.200000000000027));
#2101=CARTESIAN_POINT('Ctrl Pts',(-105.272659293657,242.173359728619,35.));
#2102=CARTESIAN_POINT('Ctrl Pts',(-105.949726613173,241.627231965495,-0.200000000000019));
#2103=CARTESIAN_POINT('Ctrl Pts',(-105.949726613173,241.627231965495,35.));
#2104=CARTESIAN_POINT('Ctrl Pts',(-107.343079517958,240.373381408374,-0.200000000000019));
#2105=CARTESIAN_POINT('Ctrl Pts',(-107.343079517958,240.373381408374,35.));
#2106=CARTESIAN_POINT('Ctrl Pts',(-108.048471837716,239.652951002119,-0.200000000000002));
#2107=CARTESIAN_POINT('Ctrl Pts',(-108.048471837716,239.652951002119,35.));
#2108=CARTESIAN_POINT('Ctrl Pts',(-109.448976785804,238.106863490624,-0.200000000000002));
#2109=CARTESIAN_POINT('Ctrl Pts',(-109.448976785804,238.106863490624,35.));
#2110=CARTESIAN_POINT('Ctrl Pts',(-110.139336350866,237.27684100755,-0.200000000000022));
#2111=CARTESIAN_POINT('Ctrl Pts',(-110.139336350866,237.27684100755,35.));
#2112=CARTESIAN_POINT('Ctrl Pts',(-111.761642149163,235.213329083687,-0.200000000000022));
#2113=CARTESIAN_POINT('Ctrl Pts',(-111.761642149163,235.213329083687,35.));
#2114=CARTESIAN_POINT('Ctrl Pts',(-112.66936485663,233.959984995075,-0.200000000000004));
#2115=CARTESIAN_POINT('Ctrl Pts',(-112.66936485663,233.959984995075,35.));
#2116=CARTESIAN_POINT('Ctrl Pts',(-114.68606786235,231.02906717479,-0.200000000000004));
#2117=CARTESIAN_POINT('Ctrl Pts',(-114.68606786235,231.02906717479,35.));
#2118=CARTESIAN_POINT('Ctrl Pts',(-115.774467978233,229.335781163824,-0.200000000000026));
#2119=CARTESIAN_POINT('Ctrl Pts',(-115.774467978233,229.335781163824,35.));
#2120=CARTESIAN_POINT('Ctrl Pts',(-118.207202534453,225.38910835179,-0.200000000000026));
#2121=CARTESIAN_POINT('Ctrl Pts',(-118.207202534453,225.38910835179,35.));
#2122=CARTESIAN_POINT('Ctrl Pts',(-119.529098497955,223.120871850452,-0.200000000000015));
#2123=CARTESIAN_POINT('Ctrl Pts',(-119.529098497955,223.120871850452,35.));
#2124=CARTESIAN_POINT('Ctrl Pts',(-122.487980171546,217.870857571812,-0.200000000000015));
#2125=CARTESIAN_POINT('Ctrl Pts',(-122.487980171546,217.870857571812,35.));
#2126=CARTESIAN_POINT('Ctrl Pts',(-124.099854595804,214.879409030632,-0.200000000000008));
#2127=CARTESIAN_POINT('Ctrl Pts',(-124.099854595804,214.879409030632,35.));
#2128=CARTESIAN_POINT('Ctrl Pts',(-127.628464664666,208.158550281249,-0.200000000000008));
#2129=CARTESIAN_POINT('Ctrl Pts',(-127.628464664666,208.158550281249,35.));
#2130=CARTESIAN_POINT('Ctrl Pts',(-129.524001002373,204.425364249282,-0.200000000000016));
#2131=CARTESIAN_POINT('Ctrl Pts',(-129.524001002373,204.425364249282,35.));
#2132=CARTESIAN_POINT('Ctrl Pts',(-133.752720228472,195.934436137927,-0.200000000000016));
#2133=CARTESIAN_POINT('Ctrl Pts',(-133.752720228472,195.934436137927,35.));
#2134=CARTESIAN_POINT('Ctrl Pts',(-136.067559594341,191.167652902982,-0.200000000000021));
#2135=CARTESIAN_POINT('Ctrl Pts',(-136.067559594341,191.167652902982,35.));
#2136=CARTESIAN_POINT('Ctrl Pts',(-139.994882193953,182.960930997905,-0.200000000000021));
#2137=CARTESIAN_POINT('Ctrl Pts',(-139.994882193953,182.960930997905,35.));
#2138=CARTESIAN_POINT('Ctrl Pts',(-141.614027082477,179.541022424083,-0.200000000000005));
#2139=CARTESIAN_POINT('Ctrl Pts',(-141.614027082477,179.541022424083,35.));
#2140=CARTESIAN_POINT('Ctrl Pts',(-144.841872934048,172.66966083129,-0.200000000000005));
#2141=CARTESIAN_POINT('Ctrl Pts',(-144.841872934048,172.66966083129,35.));
#2142=CARTESIAN_POINT('Ctrl Pts',(-146.450807177597,169.217470433482,-0.200000000000006));
#2143=CARTESIAN_POINT('Ctrl Pts',(-146.450807177597,169.217470433482,35.));
#2144=CARTESIAN_POINT('Ctrl Pts',(-148.550761656714,164.685403405036,-0.200000000000006));
#2145=CARTESIAN_POINT('Ctrl Pts',(-148.550761656714,164.685403405036,35.));
#2146=CARTESIAN_POINT('Ctrl Pts',(-149.059331921706,163.585734268276,-0.200000000000006));
#2147=CARTESIAN_POINT('Ctrl Pts',(-149.059331921706,163.585734268276,35.));
#2148=CARTESIAN_POINT('Ctrl Pts',(-150.077945876688,161.379383424456,-0.200000000000006));
#2149=CARTESIAN_POINT('Ctrl Pts',(-150.077945876688,161.379383424456,35.));
#2150=CARTESIAN_POINT('Ctrl Pts',(-150.589783319464,160.268792377183,-0.200000000000015));
#2151=CARTESIAN_POINT('Ctrl Pts',(-150.589783319464,160.268792377183,35.));
#2152=CARTESIAN_POINT('Ctrl Pts',(-151.098135458565,159.163992849123,-0.200000000000015));
#2153=CARTESIAN_POINT('Ctrl Pts',(-151.098135458565,159.163992849123,35.));
#2154=CARTESIAN_POINT('Ctrl Pts',(-154.031462996393,152.789004666381,-0.200000000000015));
#2155=CARTESIAN_POINT('Ctrl Pts',(-154.031462996393,152.789004666381,35.));
#2156=CARTESIAN_POINT('Ctrl Pts',(-156.964790534221,146.41401648364,-0.200000000000015));
#2157=CARTESIAN_POINT('Ctrl Pts',(-156.964790534221,146.41401648364,35.));
#2158=CARTESIAN_POINT('Ctrl Pts',(-162.831445609876,133.664040118156,-0.200000000000015));
#2159=CARTESIAN_POINT('Ctrl Pts',(-162.831445609876,133.664040118156,35.));
#2160=CARTESIAN_POINT('Ctrl Pts',(-165.764773147704,127.289051935415,-0.200000000000015));
#2161=CARTESIAN_POINT('Ctrl Pts',(-165.764773147704,127.289051935415,35.));
#2162=CARTESIAN_POINT('Ctrl Pts',(-168.698100685532,120.914063752673,-0.200000000000015));
#2163=CARTESIAN_POINT('Ctrl Pts',(-168.698100685532,120.914063752673,35.));
#2164=CARTESIAN_POINT('Ctrl Pts',(-51.1389145330517,164.015245076296,5.));
#2165=CARTESIAN_POINT('Ctrl Pts',(-50.4730676840631,162.574753361812,5.));
#2166=CARTESIAN_POINT('Ctrl Pts',(-49.8089103940074,161.13453772809,5.));
#2167=CARTESIAN_POINT('Ctrl Pts',(-49.1461730012803,159.694833765759,4.99999999999999));
#2168=CARTESIAN_POINT('Origin',(-63.3992987391708,147.009098077834,5.));
#2169=CARTESIAN_POINT('',(-86.0089982867204,128.87851091954,7.));
#2170=CARTESIAN_POINT('Origin',(-84.7578068733107,127.318216060544,7.));
#2171=CARTESIAN_POINT('',(-84.7578068733107,127.318216060544,5.));
#2172=CARTESIAN_POINT('Origin',(-58.416173192506,156.425703882959,35.));
#2173=CARTESIAN_POINT('Origin',(-83.9102440214906,142.792819885005,7.));
#2174=CARTESIAN_POINT('',(-83.9102440214906,142.792819885005,5.));
#2175=CARTESIAN_POINT('',(-82.6590526080809,141.232525026009,7.));
#2176=CARTESIAN_POINT('Origin',(-51.9810139717198,165.833066584392,5.));
#2177=CARTESIAN_POINT('Origin',(-100.,100.,5.));
#2178=CARTESIAN_POINT('',(-151.276102660637,158.777217490595,5.));
#2179=CARTESIAN_POINT('',(-52.8478032608529,167.701611281179,5.));
#2180=CARTESIAN_POINT('Ctrl Pts',(-151.276102660637,158.777217490595,4.99999999999998));
#2181=CARTESIAN_POINT('Ctrl Pts',(-151.216780259946,158.906142610104,4.99999999999998));
#2182=CARTESIAN_POINT('Ctrl Pts',(-151.157457859256,159.035067729613,4.99999999999998));
#2183=CARTESIAN_POINT('Ctrl Pts',(-149.085709536396,163.537589492193,5.00000000000001));
#2184=CARTESIAN_POINT('Ctrl Pts',(-145.034079951867,172.291476295047,5.00000000000001));
#2185=CARTESIAN_POINT('Ctrl Pts',(-136.774696713323,189.803609172646,5.));
#2186=CARTESIAN_POINT('Ctrl Pts',(-127.752620343554,208.246954261345,5.));
#2187=CARTESIAN_POINT('Ctrl Pts',(-118.496881024104,225.275161690729,5.));
#2188=CARTESIAN_POINT('Ctrl Pts',(-111.847509256125,235.353309181828,5.));
#2189=CARTESIAN_POINT('Ctrl Pts',(-107.416181417903,240.555803818668,5.00000000000001));
#2190=CARTESIAN_POINT('Ctrl Pts',(-104.032203561709,243.11877125234,5.00000000000001));
#2191=CARTESIAN_POINT('Ctrl Pts',(-101.803697891895,244.064837689806,5.));
#2192=CARTESIAN_POINT('Ctrl Pts',(-100.000022988941,244.34211216087,5.));
#2193=CARTESIAN_POINT('Ctrl Pts',(-98.1963235721186,244.064911911549,5.));
#2194=CARTESIAN_POINT('Ctrl Pts',(-95.9678857944463,243.118274682125,5.));
#2195=CARTESIAN_POINT('Ctrl Pts',(-92.5836774735721,240.557895840349,5.));
#2196=CARTESIAN_POINT('Ctrl Pts',(-88.1536658130243,235.345173976765,5.00000000000001));
#2197=CARTESIAN_POINT('Ctrl Pts',(-83.2726290829142,227.975324084891,5.));
#2198=CARTESIAN_POINT('Ctrl Pts',(-78.4208523683215,219.587991813521,5.));
#2199=CARTESIAN_POINT('Ctrl Pts',(-70.8551102227276,205.424491858629,4.99999999999999));
#2200=CARTESIAN_POINT('Ctrl Pts',(-63.2285407299989,189.796178460792,5.00000000000001));
#2201=CARTESIAN_POINT('Ctrl Pts',(-56.3084088496845,175.140435931798,5.));
#2202=CARTESIAN_POINT('Ctrl Pts',(-53.5572644891832,169.23245692228,5.));
#2203=CARTESIAN_POINT('Ctrl Pts',(-52.8467547748443,167.702098078435,5.));
#2204=CARTESIAN_POINT('',(-158.777217490591,151.276102660633,5.));
#2205=CARTESIAN_POINT('Origin',(-100.,100.,5.));
#2206=CARTESIAN_POINT('',(-158.777217490595,48.7238973393632,5.));
#2207=CARTESIAN_POINT('Ctrl Pts',(-158.777217490595,48.7238973393632,5.));
#2208=CARTESIAN_POINT('Ctrl Pts',(-158.906142610104,48.7832197400538,5.));
#2209=CARTESIAN_POINT('Ctrl Pts',(-159.035067729613,48.8425421407443,5.00000000000001));
#2210=CARTESIAN_POINT('Ctrl Pts',(-163.537589492193,50.9142904636038,5.));
#2211=CARTESIAN_POINT('Ctrl Pts',(-172.29314995231,54.965282964605,5.));
#2212=CARTESIAN_POINT('Ctrl Pts',(-187.611539518965,62.1945059233386,5.));
#2213=CARTESIAN_POINT('Ctrl Pts',(-200.449438694402,68.4296164827504,5.));
#2214=CARTESIAN_POINT('Ctrl Pts',(-214.632372371991,75.7178128639798,5.));
#2215=CARTESIAN_POINT('Ctrl Pts',(-225.275828285274,81.5032175116243,5.00000000000001));
#2216=CARTESIAN_POINT('Ctrl Pts',(-235.353090389409,88.1524520509905,4.99999999999999));
#2217=CARTESIAN_POINT('Ctrl Pts',(-240.555835507081,92.5838271847558,5.));
#2218=CARTESIAN_POINT('Ctrl Pts',(-243.118783601748,95.9677902465547,5.));
#2219=CARTESIAN_POINT('Ctrl Pts',(-244.06485847687,98.1963030629966,5.00000000000001));
#2220=CARTESIAN_POINT('Ctrl Pts',(-244.342131924084,99.9999772165075,5.00000000000001));
#2221=CARTESIAN_POINT('Ctrl Pts',(-244.064931441143,101.803677520265,5.00000000000001));
#2222=CARTESIAN_POINT('Ctrl Pts',(-243.118296163807,104.032118840906,5.00000000000002));
#2223=CARTESIAN_POINT('Ctrl Pts',(-240.557885612595,107.416329104536,5.00000000000001));
#2224=CARTESIAN_POINT('Ctrl Pts',(-235.34513106971,111.84633043434,5.));
#2225=CARTESIAN_POINT('Ctrl Pts',(-227.975345573795,116.72735326777,5.));
#2226=CARTESIAN_POINT('Ctrl Pts',(-219.58781172532,121.579136012182,5.));
#2227=CARTESIAN_POINT('Ctrl Pts',(-205.424082656267,129.144505918624,4.99999999999999));
#2228=CARTESIAN_POINT('Ctrl Pts',(-189.795365623028,136.772514513251,4.99999999999999));
#2229=CARTESIAN_POINT('Ctrl Pts',(-172.295117200202,145.035039884249,5.00000000000001));
#2230=CARTESIAN_POINT('Ctrl Pts',(-163.537589492193,149.085709536396,4.99999999999997));
#2231=CARTESIAN_POINT('Ctrl Pts',(-159.035067729613,151.157457859256,5.00000000000001));
#2232=CARTESIAN_POINT('Ctrl Pts',(-158.906142610103,151.216780259947,4.99999999999999));
#2233=CARTESIAN_POINT('Ctrl Pts',(-158.777217490593,151.276102660638,4.99999999999999));
#2234=CARTESIAN_POINT('',(-151.276102660633,41.2227825094092,5.));
#2235=CARTESIAN_POINT('Origin',(-100.,100.,5.));
#2236=CARTESIAN_POINT('',(-48.7238973393634,41.2227825094049,5.));
#2237=CARTESIAN_POINT('Ctrl Pts',(-48.7238973393633,41.222782509405,5.));
#2238=CARTESIAN_POINT('Ctrl Pts',(-48.7832197400539,41.0938573898958,5.));
#2239=CARTESIAN_POINT('Ctrl Pts',(-48.8425421407444,40.9649322703866,5.));
#2240=CARTESIAN_POINT('Ctrl Pts',(-50.9142904636038,36.4624105078071,4.99999999999999));
#2241=CARTESIAN_POINT('Ctrl Pts',(-54.9659118336085,27.7082772855587,5.));
#2242=CARTESIAN_POINT('Ctrl Pts',(-63.225386669908,10.1968210790568,5.));
#2243=CARTESIAN_POINT('Ctrl Pts',(-72.2473172080147,-8.2473715951246,4.99999999999999));
#2244=CARTESIAN_POINT('Ctrl Pts',(-81.5031599523786,-25.2747513353611,5.));
#2245=CARTESIAN_POINT('Ctrl Pts',(-88.1524441839648,-35.3538250259444,5.));
#2246=CARTESIAN_POINT('Ctrl Pts',(-92.5838103034419,-40.5549357213261,5.));
#2247=CARTESIAN_POINT('Ctrl Pts',(-95.9677164270599,-43.119306061923,5.));
#2248=CARTESIAN_POINT('Ctrl Pts',(-98.1963156077055,-44.0651053086609,5.));
#2249=CARTESIAN_POINT('Ctrl Pts',(-99.9999847159949,-44.3424934137845,5.));
#2250=CARTESIAN_POINT('Ctrl Pts',(-101.803688185128,-44.0652080773574,5.));
#2251=CARTESIAN_POINT('Ctrl Pts',(-104.032200911568,-43.1187290350647,5.00000000000001));
#2252=CARTESIAN_POINT('Ctrl Pts',(-107.416436317056,-40.557472921965,5.));
#2253=CARTESIAN_POINT('Ctrl Pts',(-111.846276250102,-35.3451615452585,5.));
#2254=CARTESIAN_POINT('Ctrl Pts',(-116.727122157057,-27.974403897832,4.99999999999999));
#2255=CARTESIAN_POINT('Ctrl Pts',(-121.57936709916,-19.5887134126375,5.));
#2256=CARTESIAN_POINT('Ctrl Pts',(-129.144575285174,-5.42367241797314,5.00000000000001));
#2257=CARTESIAN_POINT('Ctrl Pts',(-136.771584812627,10.2034560116896,4.99999999999999));
#2258=CARTESIAN_POINT('Ctrl Pts',(-145.03526547223,27.7052426654315,5.00000000000001));
#2259=CARTESIAN_POINT('Ctrl Pts',(-149.085709536396,36.4624105078072,5.));
#2260=CARTESIAN_POINT('Ctrl Pts',(-151.157457859256,40.9649322703873,5.00000000000001));
#2261=CARTESIAN_POINT('Ctrl Pts',(-151.216780259947,41.0938573898972,5.00000000000001));
#2262=CARTESIAN_POINT('Ctrl Pts',(-151.276102660638,41.2227825094071,5.00000000000001));
#2263=CARTESIAN_POINT('',(-41.2227825094092,48.7238973393669,5.));
#2264=CARTESIAN_POINT('Origin',(-100.,100.,5.));
#2265=CARTESIAN_POINT('',(-32.2983887188153,147.152196739144,5.));
#2266=CARTESIAN_POINT('Ctrl Pts',(-32.2979819183221,147.153072880981,5.));
#2267=CARTESIAN_POINT('Ctrl Pts',(-30.7677128599561,146.442572051051,5.));
#2268=CARTESIAN_POINT('Ctrl Pts',(-24.8598205045494,143.691439723527,5.));
#2269=CARTESIAN_POINT('Ctrl Pts',(-10.2016310579637,136.77240285801,4.99999999999999));
#2270=CARTESIAN_POINT('Ctrl Pts',(6.83898698939277,128.449914949645,5.00000000000001));
#2271=CARTESIAN_POINT('Ctrl Pts',(21.7182109276264,120.426216588351,5.));
#2272=CARTESIAN_POINT('Ctrl Pts',(29.9989636902617,115.411614312649,5.));
#2273=CARTESIAN_POINT('Ctrl Pts',(35.307729115039,111.784680887153,5.00000000000001));
#2274=CARTESIAN_POINT('Ctrl Pts',(39.6246728252781,108.203040687643,5.));
#2275=CARTESIAN_POINT('Ctrl Pts',(42.3621562316569,105.22850661857,5.));
#2276=CARTESIAN_POINT('Ctrl Pts',(43.9165974368519,102.398762959852,5.));
#2277=CARTESIAN_POINT('Ctrl Pts',(44.3334840679461,100.403331715055,5.));
#2278=CARTESIAN_POINT('Ctrl Pts',(44.1689586085105,98.7968966034461,5.));
#2279=CARTESIAN_POINT('Ctrl Pts',(43.7219046505559,97.2490651419473,5.));
#2280=CARTESIAN_POINT('Ctrl Pts',(42.3612560064706,94.7703927097379,5.));
#2281=CARTESIAN_POINT('Ctrl Pts',(39.6266829816056,91.7971687209243,5.));
#2282=CARTESIAN_POINT('Ctrl Pts',(35.309182687949,88.2141466476298,5.));
#2283=CARTESIAN_POINT('Ctrl Pts',(29.9987078420601,84.5888379821476,5.));
#2284=CARTESIAN_POINT('Ctrl Pts',(21.7182744739208,79.5733555801428,4.99999999999999));
#2285=CARTESIAN_POINT('Ctrl Pts',(6.83987155788825,71.5505549469684,5.));
#2286=CARTESIAN_POINT('Ctrl Pts',(-10.2030427259094,63.2269824652952,5.));
#2287=CARTESIAN_POINT('Ctrl Pts',(-27.7054843072428,54.9652089202271,5.));
#2288=CARTESIAN_POINT('Ctrl Pts',(-36.4624105078073,50.9142904636037,5.));
#2289=CARTESIAN_POINT('Ctrl Pts',(-40.9649322703874,48.842542140744,5.));
#2290=CARTESIAN_POINT('Ctrl Pts',(-41.0938573898973,48.7832197400532,4.99999999999999));
#2291=CARTESIAN_POINT('Ctrl Pts',(-41.2227825094071,48.7238973393623,4.99999999999999));
#2292=CARTESIAN_POINT('',(-35.9849933204002,148.860569720539,5.));
#2293=CARTESIAN_POINT('Ctrl Pts',(-35.9847931596465,148.861002716996,5.));
#2294=CARTESIAN_POINT('Ctrl Pts',(-34.7560123035846,148.292976276792,5.));
#2295=CARTESIAN_POINT('Ctrl Pts',(-33.527033621363,147.723719101829,5.));
#2296=CARTESIAN_POINT('Ctrl Pts',(-32.2979819183221,147.153072880981,5.));
#2297=CARTESIAN_POINT('',(-33.5868898362001,145.545374914985,5.));
#2298=CARTESIAN_POINT('Ctrl Pts',(-35.9849933204002,148.860569720539,5.));
#2299=CARTESIAN_POINT('Ctrl Pts',(-35.7074922053636,148.732243815195,5.));
#2300=CARTESIAN_POINT('Ctrl Pts',(-35.4065734705957,148.536356814102,4.99999999999999));
#2301=CARTESIAN_POINT('Ctrl Pts',(-34.750876500014,147.88635521055,4.99999999999999));
#2302=CARTESIAN_POINT('Ctrl Pts',(-34.4825206429872,147.476565035691,5.));
#2303=CARTESIAN_POINT('Ctrl Pts',(-34.007392888562,146.598330766847,5.));
#2304=CARTESIAN_POINT('Ctrl Pts',(-33.7977412800063,146.074166168878,5.));
#2305=CARTESIAN_POINT('Ctrl Pts',(-33.5886534268783,145.549797871882,5.));
#2306=CARTESIAN_POINT('Ctrl Pts',(-33.5877716641039,145.54758648316,5.00000000000001));
#2307=CARTESIAN_POINT('Ctrl Pts',(-33.5868898362002,145.545374914985,5.00000000000001));
#2308=CARTESIAN_POINT('',(-44.2953559433703,132.191411296239,5.));
#2309=CARTESIAN_POINT('',(-63.677134515067,108.02141688969,5.));
#2310=CARTESIAN_POINT('',(-48.24905732735,132.798243535261,5.));
#2311=CARTESIAN_POINT('Ctrl Pts',(-44.2953559433703,132.191411296239,5.));
#2312=CARTESIAN_POINT('Ctrl Pts',(-44.6848848671146,132.148585288633,5.));
#2313=CARTESIAN_POINT('Ctrl Pts',(-45.1135745469793,132.100649055064,5.));
#2314=CARTESIAN_POINT('Ctrl Pts',(-45.9692202283878,132.06969051688,5.));
#2315=CARTESIAN_POINT('Ctrl Pts',(-46.3962893041048,132.089876636387,5.));
#2316=CARTESIAN_POINT('Ctrl Pts',(-47.0323435286599,132.207030785389,5.));
#2317=CARTESIAN_POINT('Ctrl Pts',(-47.3020310550148,132.281298541089,5.));
#2318=CARTESIAN_POINT('Ctrl Pts',(-47.8110824126258,132.496907452947,5.));
#2319=CARTESIAN_POINT('Ctrl Pts',(-48.0502153618366,132.6387933144,5.));
#2320=CARTESIAN_POINT('Ctrl Pts',(-48.24905732735,132.798243535261,5.));
#2321=CARTESIAN_POINT('',(-51.848686810583,135.684765576213,5.));
#2322=CARTESIAN_POINT('',(-58.3648638027911,140.910050177964,5.));
#2323=CARTESIAN_POINT('',(-53.300005367744,139.412187533228,5.));
#2324=CARTESIAN_POINT('Ctrl Pts',(-51.848686810583,135.684765576213,5.));
#2325=CARTESIAN_POINT('Ctrl Pts',(-52.0475287760963,135.844215797074,5.));
#2326=CARTESIAN_POINT('Ctrl Pts',(-52.2379795486839,136.046810634865,5.));
#2327=CARTESIAN_POINT('Ctrl Pts',(-52.559034885321,136.496859474853,5.));
#2328=CARTESIAN_POINT('Ctrl Pts',(-52.6901209822684,136.743969767223,5.));
#2329=CARTESIAN_POINT('Ctrl Pts',(-52.9426659155122,137.33937813792,5.));
#2330=CARTESIAN_POINT('Ctrl Pts',(-53.0551549020527,137.751860504527,5.));
#2331=CARTESIAN_POINT('Ctrl Pts',(-53.2108334476433,138.59379408483,5.));
#2332=CARTESIAN_POINT('Ctrl Pts',(-53.2571793601384,139.022658609484,5.));
#2333=CARTESIAN_POINT('Ctrl Pts',(-53.300005367744,139.412187533228,5.));
#2334=CARTESIAN_POINT('',(-44.3850282321019,150.529585593778,5.));
#2335=CARTESIAN_POINT('',(-66.7977242330629,122.579893826584,5.));
#2336=CARTESIAN_POINT('',(-40.3051702962743,150.853818174657,4.99999999999999));
#2337=CARTESIAN_POINT('Ctrl Pts',(-44.3850282321019,150.529585593778,5.));
#2338=CARTESIAN_POINT('Ctrl Pts',(-44.38150191808,150.530772994645,5.));
#2339=CARTESIAN_POINT('Ctrl Pts',(-44.377975534936,150.531960418788,5.));
#2340=CARTESIAN_POINT('Ctrl Pts',(-43.4220493109387,150.853840217627,5.));
#2341=CARTESIAN_POINT('Ctrl Pts',(-42.4004430126071,151.196437437912,5.));
#2342=CARTESIAN_POINT('Ctrl Pts',(-40.9411798037623,151.089070622547,5.));
#2343=CARTESIAN_POINT('Ctrl Pts',(-40.5851484215219,150.982711273691,5.));
#2344=CARTESIAN_POINT('Ctrl Pts',(-40.3051702962743,150.853818174657,5.));
#2345=CARTESIAN_POINT('',(-41.222782509405,151.276102660637,5.));
#2346=CARTESIAN_POINT('Ctrl Pts',(-41.222782509405,151.276102660637,5.00000000000001));
#2347=CARTESIAN_POINT('Ctrl Pts',(-41.0938573898958,151.216780259946,5.00000000000001));
#2348=CARTESIAN_POINT('Ctrl Pts',(-40.9649322703866,151.157457859256,4.99999999999999));
#2349=CARTESIAN_POINT('Ctrl Pts',(-40.659067782026,151.016720229501,4.99999999999999));
#2350=CARTESIAN_POINT('Ctrl Pts',(-40.4821208957935,150.935283776926,4.99999999999999));
#2351=CARTESIAN_POINT('Ctrl Pts',(-40.3051668654857,150.853825627315,4.99999999999999));
#2352=CARTESIAN_POINT('',(-48.7238973393669,158.777217490591,5.));
#2353=CARTESIAN_POINT('Origin',(-100.,100.,5.));
#2354=CARTESIAN_POINT('Ctrl Pts',(-49.1461730016789,159.694833766625,4.99999999999999));
#2355=CARTESIAN_POINT('Ctrl Pts',(-49.064715564764,159.517878918483,4.99999999999999));
#2356=CARTESIAN_POINT('Ctrl Pts',(-48.9832795782529,159.340931800167,4.99999999999999));
#2357=CARTESIAN_POINT('Ctrl Pts',(-48.8425421407441,159.035067729613,4.99999999999999));
#2358=CARTESIAN_POINT('Ctrl Pts',(-48.7832197400532,158.906142610103,5.00000000000001));
#2359=CARTESIAN_POINT('Ctrl Pts',(-48.7238973393624,158.777217490593,5.00000000000001));
#2360=CARTESIAN_POINT('',(-61.4491465271216,144.577166050401,5.));
#2361=CARTESIAN_POINT('Ctrl Pts',(-52.8467547748443,167.702098078435,5.));
#2362=CARTESIAN_POINT('Ctrl Pts',(-52.2761336438106,166.473043673211,5.));
#2363=CARTESIAN_POINT('Ctrl Pts',(-51.7069093598411,165.244043925616,5.));
#2364=CARTESIAN_POINT('Ctrl Pts',(-51.1389145330517,164.015245076296,5.));
#2365=CARTESIAN_POINT('',(-60.,99.9999999999907,5.));
#2366=CARTESIAN_POINT('Origin',(-99.9999999999907,99.9999999999907,5.));
#2367=CARTESIAN_POINT('',(-101.666,-25.,5.));
#2368=CARTESIAN_POINT('Origin',(-100.,-25.,5.));
#2369=CARTESIAN_POINT('',(23.334,100.,5.));
#2370=CARTESIAN_POINT('Origin',(25.,100.,5.));
#2371=CARTESIAN_POINT('',(-226.666,100.,5.));
#2372=CARTESIAN_POINT('Origin',(-225.,100.,5.));
#2373=CARTESIAN_POINT('',(-101.666,225.,5.));
#2374=CARTESIAN_POINT('Origin',(-100.,225.,5.));
#2375=CARTESIAN_POINT('Origin',(-37.3255864271999,147.276949242059,33.));
#2376=CARTESIAN_POINT('',(-35.7652915682035,146.02575782865,33.));
#2377=CARTESIAN_POINT('',(-37.3255864249795,147.276949244828,35.));
#2378=CARTESIAN_POINT('Origin',(-37.3255864271999,147.276949242059,33.));
#2379=CARTESIAN_POINT('',(-36.4865077184548,149.092423538361,33.));
#2380=CARTESIAN_POINT('Origin',(-37.3255864271999,147.276949242059,33.));
#2381=CARTESIAN_POINT('Origin',(-37.3255864201163,147.276949238785,33.));
#2382=CARTESIAN_POINT('Ctrl Pts',(-32.7448682233114,147.359486158384,3.));
#2383=CARTESIAN_POINT('Ctrl Pts',(-33.8476729806512,147.871354128915,2.99999999999987));
#2384=CARTESIAN_POINT('Ctrl Pts',(-35.7715651246275,148.762198997311,3.96919788915721));
#2385=CARTESIAN_POINT('Ctrl Pts',(-36.486507718455,149.092423538361,6.08889926247007));
#2386=CARTESIAN_POINT('Ctrl Pts',(-36.4865077184549,149.092423538361,7.00000000000029));
#2387=CARTESIAN_POINT('Ctrl Pts',(-32.7448682233114,147.359486158385,3.29919930034188));
#2388=CARTESIAN_POINT('Ctrl Pts',(-33.7699159984427,147.83531445614,3.31264110837574));
#2389=CARTESIAN_POINT('Ctrl Pts',(-35.5337356271984,148.652151541918,4.23575451381784));
#2390=CARTESIAN_POINT('Ctrl Pts',(-36.1729055563137,148.947482407657,6.1700092744059));
#2391=CARTESIAN_POINT('Ctrl Pts',(-36.1729055563137,148.947482407657,7.00000000000025));
#2392=CARTESIAN_POINT('Ctrl Pts',(-32.8024465612417,147.235435292449,3.89669597950968));
#2393=CARTESIAN_POINT('Ctrl Pts',(-33.6774029104607,147.62781038003,3.93688391266339));
#2394=CARTESIAN_POINT('Ctrl Pts',(-35.1317689093822,148.275367973647,4.76781899421876));
#2395=CARTESIAN_POINT('Ctrl Pts',(-35.6240946014772,148.492023407385,6.33192638874183));
#2396=CARTESIAN_POINT('Ctrl Pts',(-35.6240946014771,148.492023407385,7.00000000000018));
#2397=CARTESIAN_POINT('Ctrl Pts',(-33.0842215619965,146.628359192318,4.73755396049649));
#2398=CARTESIAN_POINT('Ctrl Pts',(-33.7645452609466,146.867677550259,4.79723854900406));
#2399=CARTESIAN_POINT('Ctrl Pts',(-34.8468686842949,147.225553262759,5.4608928821988));
#2400=CARTESIAN_POINT('Ctrl Pts',(-35.1808557646957,147.321053709667,6.54142256064385));
#2401=CARTESIAN_POINT('Ctrl Pts',(-35.1808557646957,147.321053709667,7.00000000000009));
#2402=CARTESIAN_POINT('Ctrl Pts',(-33.3979406281133,145.952460526061,5.));
#2403=CARTESIAN_POINT('Ctrl Pts',(-34.0308605892684,146.112984404726,5.03207266690638));
#2404=CARTESIAN_POINT('Ctrl Pts',(-35.0833274827871,146.3591817534,5.57764652712011));
#2405=CARTESIAN_POINT('Ctrl Pts',(-35.4410983257293,146.430042132501,6.57467877332851));
#2406=CARTESIAN_POINT('Ctrl Pts',(-35.4410983257293,146.430042132501,7.00000000000008));
#2407=CARTESIAN_POINT('Ctrl Pts',(-33.5868898362,145.545374914985,5.));
#2408=CARTESIAN_POINT('Ctrl Pts',(-34.2286527097462,145.687844286401,4.99999999999993));
#2409=CARTESIAN_POINT('Ctrl Pts',(-35.3488075535187,145.934686649822,5.48459894457861));
#2410=CARTESIAN_POINT('Ctrl Pts',(-35.7652915682035,146.02575782865,6.54444963123493));
#2411=CARTESIAN_POINT('Ctrl Pts',(-35.7652915682035,146.02575782865,7.00000000000009));
#2412=CARTESIAN_POINT('',(-36.4865077184549,149.092423538361,6.99999999999987));
#2413=CARTESIAN_POINT('Ctrl Pts',(-35.9831580876606,148.85974730104,5.00118859606004));
#2414=CARTESIAN_POINT('Ctrl Pts',(-36.3060119438517,149.009054419155,5.60300014248947));
#2415=CARTESIAN_POINT('Ctrl Pts',(-36.4865077184549,149.092423538361,6.30071739543922));
#2416=CARTESIAN_POINT('Ctrl Pts',(-36.4865077184549,149.092423538361,7.00000000000029));
#2417=CARTESIAN_POINT('',(-35.7652915682035,146.02575782865,6.99999999999999));
#2418=CARTESIAN_POINT('Origin',(-37.3255864271999,147.276949242059,6.99999999999987));
#2419=CARTESIAN_POINT('Ctrl Pts',(-35.7652915682035,146.02575782865,7.00000000000009));
#2420=CARTESIAN_POINT('Ctrl Pts',(-35.7652915682035,146.02575782865,6.54444963123493));
#2421=CARTESIAN_POINT('Ctrl Pts',(-35.5867984190529,145.986727323438,6.09022790838222));
#2422=CARTESIAN_POINT('Ctrl Pts',(-35.2790596074168,145.919085784321,5.74166466876826));
#2423=CARTESIAN_POINT('Ctrl Pts',(-34.8687411919019,145.828897065499,5.27691368261632));
#2424=CARTESIAN_POINT('Ctrl Pts',(-34.2286527097462,145.687844286401,4.99999999999994));
#2425=CARTESIAN_POINT('Ctrl Pts',(-33.5868898362,145.545374914985,5.));
#2426=CARTESIAN_POINT('Ctrl Pts',(-36.4865077184548,149.092423538361,7.));
#2427=CARTESIAN_POINT('Ctrl Pts',(-36.4865077184548,149.092423538361,15.6666666666667));
#2428=CARTESIAN_POINT('Ctrl Pts',(-36.4865077184548,149.092423538361,24.3333333333334));
#2429=CARTESIAN_POINT('Ctrl Pts',(-36.4865077184548,149.092423538361,33.));
#2430=CARTESIAN_POINT('Ctrl Pts',(-36.1729055563136,148.947482407657,7.));
#2431=CARTESIAN_POINT('Ctrl Pts',(-36.1729055563136,148.947482407657,15.6666666666667));
#2432=CARTESIAN_POINT('Ctrl Pts',(-36.1729055563136,148.947482407657,24.3333333333334));
#2433=CARTESIAN_POINT('Ctrl Pts',(-36.1729055563136,148.947482407657,33.));
#2434=CARTESIAN_POINT('Ctrl Pts',(-35.6241018969411,148.492023822706,7.));
#2435=CARTESIAN_POINT('Ctrl Pts',(-35.6241018969411,148.492023822706,15.6666666666666));
#2436=CARTESIAN_POINT('Ctrl Pts',(-35.6241018969411,148.492023822706,24.3333333333334));
#2437=CARTESIAN_POINT('Ctrl Pts',(-35.6241018969411,148.492023822706,33.));
#2438=CARTESIAN_POINT('Ctrl Pts',(-35.1808685661731,147.32105612924,7.));
#2439=CARTESIAN_POINT('Ctrl Pts',(-35.1808685661731,147.32105612924,15.6666666666667));
#2440=CARTESIAN_POINT('Ctrl Pts',(-35.1808685661731,147.32105612924,24.3333333333334));
#2441=CARTESIAN_POINT('Ctrl Pts',(-35.1808685661731,147.32105612924,33.));
#2442=CARTESIAN_POINT('Ctrl Pts',(-35.4410983257292,146.430042132501,7.));
#2443=CARTESIAN_POINT('Ctrl Pts',(-35.4410983257292,146.430042132501,15.6666666666666));
#2444=CARTESIAN_POINT('Ctrl Pts',(-35.4410983257292,146.430042132501,24.3333333333334));
#2445=CARTESIAN_POINT('Ctrl Pts',(-35.4410983257292,146.430042132501,33.));
#2446=CARTESIAN_POINT('Ctrl Pts',(-35.7652915682034,146.02575782865,7.));
#2447=CARTESIAN_POINT('Ctrl Pts',(-35.7652915682034,146.02575782865,15.6666666666667));
#2448=CARTESIAN_POINT('Ctrl Pts',(-35.7652915682034,146.02575782865,24.3333333333334));
#2449=CARTESIAN_POINT('Ctrl Pts',(-35.7652915682034,146.02575782865,33.));
#2450=CARTESIAN_POINT('Ctrl Pts',(-35.7652915682034,146.02575782865,33.));
#2451=CARTESIAN_POINT('Ctrl Pts',(-35.7652915682034,146.02575782865,24.3333333333334));
#2452=CARTESIAN_POINT('Ctrl Pts',(-35.7652915682034,146.02575782865,15.6666666666667));
#2453=CARTESIAN_POINT('Ctrl Pts',(-35.7652915682034,146.02575782865,7.));
#2454=CARTESIAN_POINT('Ctrl Pts',(-36.4865077184548,149.092423538361,7.));
#2455=CARTESIAN_POINT('Ctrl Pts',(-36.4865077184548,149.092423538361,15.6666666666667));
#2456=CARTESIAN_POINT('Ctrl Pts',(-36.4865077184548,149.092423538361,24.3333333333334));
#2457=CARTESIAN_POINT('Ctrl Pts',(-36.4865077184548,149.092423538361,33.));
#2458=CARTESIAN_POINT('Origin',(-40.6398612510463,148.806080149076,33.));
#2459=CARTESIAN_POINT('',(-39.803155914489,150.622649492585,33.));
#2460=CARTESIAN_POINT('',(-40.639861241858,148.806080144844,35.));
#2461=CARTESIAN_POINT('Origin',(-40.6398612510463,148.806080149076,33.));
#2462=CARTESIAN_POINT('',(-42.2001561100428,150.057271562485,33.));
#2463=CARTESIAN_POINT('Origin',(-40.6398612510463,148.806080149076,33.));
#2464=CARTESIAN_POINT('Origin',(-40.6398612481544,148.806080152682,33.));
#2465=CARTESIAN_POINT('Ctrl Pts',(-44.3850282321019,150.529585593778,5.));
#2466=CARTESIAN_POINT('Ctrl Pts',(-43.8005129857945,150.403283060495,5.));
#2467=CARTESIAN_POINT('Ctrl Pts',(-43.2146913753767,150.276702989835,5.22409633335988));
#2468=CARTESIAN_POINT('Ctrl Pts',(-42.420905460256,150.105172672705,5.987984972862));
#2469=CARTESIAN_POINT('Ctrl Pts',(-42.2001561100428,150.057271562485,6.49125979969547));
#2470=CARTESIAN_POINT('Ctrl Pts',(-42.2001561100428,150.057271562485,6.99999999999996));
#2471=CARTESIAN_POINT('Ctrl Pts',(-44.1348954774786,151.073198038783,5.));
#2472=CARTESIAN_POINT('Ctrl Pts',(-43.5622854311516,150.925060335364,4.96002071438839));
#2473=CARTESIAN_POINT('Ctrl Pts',(-42.9579546819176,150.758211102015,5.15512415644949));
#2474=CARTESIAN_POINT('Ctrl Pts',(-42.1231242410721,150.521487278425,5.92540007109131));
#2475=CARTESIAN_POINT('Ctrl Pts',(-41.8840140406499,150.451515672778,6.46000774504537));
#2476=CARTESIAN_POINT('Ctrl Pts',(-41.8840140406499,150.451515672778,6.99999999999996));
#2477=CARTESIAN_POINT('Ctrl Pts',(-43.7018587202386,152.01431496981,4.49783752406728));
#2478=CARTESIAN_POINT('Ctrl Pts',(-43.0395290839573,151.744292743,4.43616763943081));
#2479=CARTESIAN_POINT('Ctrl Pts',(-42.3298595574594,151.449614189241,4.67003016940201));
#2480=CARTESIAN_POINT('Ctrl Pts',(-41.3429495677473,151.037140091851,5.63799143036418));
#2481=CARTESIAN_POINT('Ctrl Pts',(-41.0593082560435,150.917563012624,6.31376363574086));
#2482=CARTESIAN_POINT('Ctrl Pts',(-41.0593082560434,150.917563012624,6.99999999999996));
#2483=CARTESIAN_POINT('Ctrl Pts',(-43.5490210812246,152.346476356505,3.44879895051283));
#2484=CARTESIAN_POINT('Ctrl Pts',(-42.6528025234011,151.933737351547,3.43048397190438));
#2485=CARTESIAN_POINT('Ctrl Pts',(-41.740566054597,151.514142172797,3.81438951593894));
#2486=CARTESIAN_POINT('Ctrl Pts',(-40.496633884141,150.941736535836,5.17447499823579));
#2487=CARTESIAN_POINT('Ctrl Pts',(-40.1474041957458,150.781209018571,6.08173897347489));
#2488=CARTESIAN_POINT('Ctrl Pts',(-40.1474041957458,150.781209018571,6.99999999999998));
#2489=CARTESIAN_POINT('Ctrl Pts',(-43.5490210812246,152.346476356505,3.));
#2490=CARTESIAN_POINT('Ctrl Pts',(-42.5471094930426,151.885466113374,3.));
#2491=CARTESIAN_POINT('Ctrl Pts',(-41.5429805685018,151.423441143325,3.44819266671966));
#2492=CARTESIAN_POINT('Ctrl Pts',(-40.1821844440334,150.797287305987,4.97596994572419));
#2493=CARTESIAN_POINT('Ctrl Pts',(-39.803155914489,150.622649492585,5.982519599391));
#2494=CARTESIAN_POINT('Ctrl Pts',(-39.803155914489,150.622649492585,6.99999999999999));
#2495=CARTESIAN_POINT('',(-42.2001561100428,150.057271562485,6.99999999999996));
#2496=CARTESIAN_POINT('Ctrl Pts',(-44.3850282321019,150.529585593778,5.));
#2497=CARTESIAN_POINT('Ctrl Pts',(-43.8005129857945,150.403283060495,5.));
#2498=CARTESIAN_POINT('Ctrl Pts',(-43.2146913753767,150.276702989835,5.22409633335988));
#2499=CARTESIAN_POINT('Ctrl Pts',(-42.420905460256,150.105172672705,5.987984972862));
#2500=CARTESIAN_POINT('Ctrl Pts',(-42.2001561100428,150.057271562485,6.49125979969547));
#2501=CARTESIAN_POINT('Ctrl Pts',(-42.2001561100428,150.057271562485,6.99999999999996));
#2502=CARTESIAN_POINT('',(-39.803155914489,150.622649492585,7.00000000000001));
#2503=CARTESIAN_POINT('Origin',(-40.6398612510463,148.806080149076,7.00000000000002));
#2504=CARTESIAN_POINT('Ctrl Pts',(-39.803155914489,150.622649492585,6.99999999999999));
#2505=CARTESIAN_POINT('Ctrl Pts',(-39.803155914489,150.622649492585,6.3001023203725));
#2506=CARTESIAN_POINT('Ctrl Pts',(-39.982500761703,150.70528282892,5.60537673990766));
#2507=CARTESIAN_POINT('Ctrl Pts',(-40.3070351308649,150.854682038986,5.00121534339998));
#2508=CARTESIAN_POINT('Ctrl Pts',(-42.2001561100428,150.057271562485,6.99999999999999));
#2509=CARTESIAN_POINT('Ctrl Pts',(-42.2001561100428,150.057271562485,15.6666666666667));
#2510=CARTESIAN_POINT('Ctrl Pts',(-42.2001561100428,150.057271562485,24.3333333333334));
#2511=CARTESIAN_POINT('Ctrl Pts',(-42.2001561100428,150.057271562485,33.));
#2512=CARTESIAN_POINT('Ctrl Pts',(-41.8840140406499,150.451515672778,6.99999999999999));
#2513=CARTESIAN_POINT('Ctrl Pts',(-41.8840140406499,150.451515672778,15.6666666666666));
#2514=CARTESIAN_POINT('Ctrl Pts',(-41.8840140406499,150.451515672778,24.3333333333333));
#2515=CARTESIAN_POINT('Ctrl Pts',(-41.8840140406499,150.451515672778,33.));
#2516=CARTESIAN_POINT('Ctrl Pts',(-41.0592201852156,150.917267929041,6.99999999999999));
#2517=CARTESIAN_POINT('Ctrl Pts',(-41.0592201852156,150.917267929041,15.6666666666667));
#2518=CARTESIAN_POINT('Ctrl Pts',(-41.0592201852156,150.917267929041,24.3333333333334));
#2519=CARTESIAN_POINT('Ctrl Pts',(-41.0592201852156,150.917267929041,33.));
#2520=CARTESIAN_POINT('Ctrl Pts',(-40.1474041957458,150.781209018571,6.99999999999999));
#2521=CARTESIAN_POINT('Ctrl Pts',(-40.1474041957458,150.781209018571,15.6666666666667));
#2522=CARTESIAN_POINT('Ctrl Pts',(-40.1474041957458,150.781209018571,24.3333333333333));
#2523=CARTESIAN_POINT('Ctrl Pts',(-40.1474041957458,150.781209018571,33.));
#2524=CARTESIAN_POINT('Ctrl Pts',(-39.803155914489,150.622649492585,7.));
#2525=CARTESIAN_POINT('Ctrl Pts',(-39.803155914489,150.622649492585,15.6666666666667));
#2526=CARTESIAN_POINT('Ctrl Pts',(-39.803155914489,150.622649492585,24.3333333333334));
#2527=CARTESIAN_POINT('Ctrl Pts',(-39.803155914489,150.622649492585,33.));
#2528=CARTESIAN_POINT('Ctrl Pts',(-39.803155914489,150.622649492585,33.));
#2529=CARTESIAN_POINT('Ctrl Pts',(-39.803155914489,150.622649492585,24.3333333333334));
#2530=CARTESIAN_POINT('Ctrl Pts',(-39.803155914489,150.622649492585,15.6666666666667));
#2531=CARTESIAN_POINT('Ctrl Pts',(-39.803155914489,150.622649492585,7.));
#2532=CARTESIAN_POINT('Ctrl Pts',(-42.2001561100428,150.057271562485,6.99999999999999));
#2533=CARTESIAN_POINT('Ctrl Pts',(-42.2001561100428,150.057271562485,15.6666666666667));
#2534=CARTESIAN_POINT('Ctrl Pts',(-42.2001561100428,150.057271562485,24.3333333333334));
#2535=CARTESIAN_POINT('Ctrl Pts',(-42.2001561100428,150.057271562485,33.));
#2536=CARTESIAN_POINT('Origin',(-47.4159456613632,134.693794123058,33.));
#2537=CARTESIAN_POINT('',(-48.6671370747725,133.133499264061,33.));
#2538=CARTESIAN_POINT('',(-47.4159456613632,134.693794123058,35.));
#2539=CARTESIAN_POINT('Origin',(-47.4159456613632,134.693794123058,33.));
#2540=CARTESIAN_POINT('',(-45.8556508023667,133.442602709648,33.));
#2541=CARTESIAN_POINT('Origin',(-47.4159456613632,134.693794123058,33.));
#2542=CARTESIAN_POINT('Origin',(-47.4159456613632,134.693794123058,33.));
#2543=CARTESIAN_POINT('Origin',(-47.4159456613632,134.693794123058,5.));
#2544=CARTESIAN_POINT('',(-48.6671370747725,133.133499264061,7.));
#2545=CARTESIAN_POINT('',(-45.8556508023667,133.442602709648,7.));
#2546=CARTESIAN_POINT('Origin',(-47.4159456613632,134.693794123058,7.));
#2547=CARTESIAN_POINT('',(-45.8556508023667,133.442602709648,5.));
#2548=CARTESIAN_POINT('',(-48.6671370747725,133.133499264061,5.));
#2549=CARTESIAN_POINT('Origin',(-44.2953559433703,132.191411296239,7.));
#2550=CARTESIAN_POINT('Origin',(-44.2953559433703,132.191411296239,7.));
#2551=CARTESIAN_POINT('Origin',(-45.5465473567796,130.631116437243,7.));
#2552=CARTESIAN_POINT('Origin',(-45.6084242634486,136.947858780525,33.));
#2553=CARTESIAN_POINT('',(-45.6084242634486,136.947858780525,35.));
#2554=CARTESIAN_POINT('',(-44.0481294044521,135.696667367116,33.));
#2555=CARTESIAN_POINT('Origin',(-50.1794156497511,136.909804706409,33.));
#2556=CARTESIAN_POINT('',(-51.7397105087476,138.160996119819,33.));
#2557=CARTESIAN_POINT('',(-50.1794156497511,136.909804706409,35.));
#2558=CARTESIAN_POINT('Origin',(-50.1794156497511,136.909804706409,33.));
#2559=CARTESIAN_POINT('',(-51.4306070631605,135.349509847413,33.));
#2560=CARTESIAN_POINT('Origin',(-50.1794156497511,136.909804706409,33.));
#2561=CARTESIAN_POINT('Origin',(-50.1794156497511,136.909804706409,33.));
#2562=CARTESIAN_POINT('Origin',(-53.300005367744,139.412187533228,7.));
#2563=CARTESIAN_POINT('',(-51.4306070631605,135.349509847413,7.));
#2564=CARTESIAN_POINT('',(-51.7397105087476,138.160996119819,7.));
#2565=CARTESIAN_POINT('Origin',(-50.1794156497511,136.909804706409,7.));
#2566=CARTESIAN_POINT('Origin',(-53.300005367744,139.412187533228,7.));
#2567=CARTESIAN_POINT('Origin',(-54.5511967811534,137.851892674232,7.));
#2568=CARTESIAN_POINT('Origin',(-50.1794156497511,136.909804706409,5.));
#2569=CARTESIAN_POINT('',(-51.7397105087476,138.160996119819,5.));
#2570=CARTESIAN_POINT('',(-51.4306070631605,135.349509847413,5.));
#2571=CARTESIAN_POINT('Origin',(-50.0901204175097,136.838199376689,33.));
#2572=CARTESIAN_POINT('',(-50.0901204175097,136.838199376689,35.));
#2573=CARTESIAN_POINT('',(-51.341311830919,135.277904517693,33.));
#2574=CARTESIAN_POINT('Origin',(-42.4878345454586,146.501570063782,33.));
#2575=CARTESIAN_POINT('',(-42.4878345454586,146.501570063782,35.));
#2576=CARTESIAN_POINT('',(-44.0481294044551,147.752761477192,33.));
#2577=CARTESIAN_POINT('Ctrl Pts',(-36.486507711366,149.092423535084,33.));
#2578=CARTESIAN_POINT('Ctrl Pts',(-37.5917541973455,149.603248059671,33.));
#2579=CARTESIAN_POINT('Ctrl Pts',(-38.6973119980919,150.113301743458,33.));
#2580=CARTESIAN_POINT('Ctrl Pts',(-39.803155914489,150.622649492585,33.));
#2581=CARTESIAN_POINT('Ctrl Pts',(-36.486507711366,149.092423535084,33.5983986006838));
#2582=CARTESIAN_POINT('Ctrl Pts',(-37.5917568836606,149.603249301236,33.5983986006838));
#2583=CARTESIAN_POINT('Ctrl Pts',(-38.6973095346799,150.113300608819,33.5983986006838));
#2584=CARTESIAN_POINT('Ctrl Pts',(-39.803155914489,150.622649492585,33.5983986006838));
#2585=CARTESIAN_POINT('Ctrl Pts',(-36.6971910503396,148.636578114892,34.6343500997636));
#2586=CARTESIAN_POINT('Ctrl Pts',(-37.8022294392016,149.147306460832,34.6343500997636));
#2587=CARTESIAN_POINT('Ctrl Pts',(-38.9075902394675,149.657269264596,34.6343500997636));
#2588=CARTESIAN_POINT('Ctrl Pts',(-40.0132433260805,150.166529118207,34.6343500997636));
#2589=CARTESIAN_POINT('Ctrl Pts',(-37.1372975981739,147.684340718216,35.));
#2590=CARTESIAN_POINT('Ctrl Pts',(-38.2419029234185,148.194868910147,35.));
#2591=CARTESIAN_POINT('Ctrl Pts',(-39.3468490551407,148.704640419191,35.));
#2592=CARTESIAN_POINT('Ctrl Pts',(-40.4521050125786,149.213717356526,35.));
#2593=CARTESIAN_POINT('Ctrl Pts',(-37.3255864201163,147.276949238785,35.));
#2594=CARTESIAN_POINT('Ctrl Pts',(-38.4300068371057,147.787391969533,35.));
#2595=CARTESIAN_POINT('Ctrl Pts',(-39.5347748586791,148.297081312805,35.));
#2596=CARTESIAN_POINT('Ctrl Pts',(-40.6398612510463,148.806080149076,35.));
#2597=CARTESIAN_POINT('Ctrl Pts',(-40.639861241858,148.806080144844,35.));
#2598=CARTESIAN_POINT('Ctrl Pts',(-39.5347748546594,148.297081310949,35.));
#2599=CARTESIAN_POINT('Ctrl Pts',(-38.4300068382518,147.787391970059,35.));
#2600=CARTESIAN_POINT('Ctrl Pts',(-37.3255864264249,147.276949241701,35.));
#2601=CARTESIAN_POINT('Ctrl Pts',(-36.4865077184548,149.092423538361,33.));
#2602=CARTESIAN_POINT('Ctrl Pts',(-37.5917542020728,149.603248061852,33.));
#2603=CARTESIAN_POINT('Ctrl Pts',(-38.6973120004561,150.113301744547,33.));
#2604=CARTESIAN_POINT('Ctrl Pts',(-39.803155914489,150.622649492585,33.));
#2605=CARTESIAN_POINT('Origin',(-47.1068422157761,131.882307850652,5.));
#2606=CARTESIAN_POINT('',(-65.2374293740634,109.272608303099,7.));
#2607=CARTESIAN_POINT('Origin',(-63.677134515067,108.02141688969,7.));
#2608=CARTESIAN_POINT('Origin',(-52.9909019221569,136.600701260822,5.));
#2609=CARTESIAN_POINT('Origin',(-43.5742961170331,141.583826807491,35.));
#2610=CARTESIAN_POINT('Origin',(-66.7977242330629,122.579893826584,7.));
#2611=CARTESIAN_POINT('',(-65.2374293740664,121.328702413175,7.));
#2612=CARTESIAN_POINT('Origin',(-41.2227825094012,151.276102660634,5.));
#2613=CARTESIAN_POINT('Origin',(-68.1176921493426,152.893157784213,5.));
#2614=CARTESIAN_POINT('Ctrl Pts',(-79.0859362473271,31.3018993144681,-0.2));
#2615=CARTESIAN_POINT('Ctrl Pts',(-79.0859362473271,31.3018993144681,35.));
#2616=CARTESIAN_POINT('Ctrl Pts',(-72.7109480645856,34.2352268522959,-0.2));
#2617=CARTESIAN_POINT('Ctrl Pts',(-72.7109480645856,34.2352268522959,35.));
#2618=CARTESIAN_POINT('Ctrl Pts',(-66.3359598818439,37.1685543901237,-0.200000000000004));
#2619=CARTESIAN_POINT('Ctrl Pts',(-66.3359598818439,37.1685543901237,35.));
#2620=CARTESIAN_POINT('Ctrl Pts',(-53.5859835163607,43.0352094657793,-0.200000000000004));
#2621=CARTESIAN_POINT('Ctrl Pts',(-53.5859835163607,43.0352094657793,35.));
#2622=CARTESIAN_POINT('Ctrl Pts',(-47.2109953336192,45.9685370036071,-0.200000000000004));
#2623=CARTESIAN_POINT('Ctrl Pts',(-47.2109953336192,45.9685370036071,35.));
#2624=CARTESIAN_POINT('Ctrl Pts',(-40.8360071508776,48.9018645414349,-0.2));
#2625=CARTESIAN_POINT('Ctrl Pts',(-40.8360071508776,48.9018645414349,35.));
#2626=CARTESIAN_POINT('Ctrl Pts',(-39.7312076228165,49.4102166805359,-0.2));
#2627=CARTESIAN_POINT('Ctrl Pts',(-39.7312076228165,49.4102166805359,35.));
#2628=CARTESIAN_POINT('Ctrl Pts',(-38.6206165755435,49.9220541233116,-0.200000000000004));
#2629=CARTESIAN_POINT('Ctrl Pts',(-38.6206165755435,49.9220541233116,35.));
#2630=CARTESIAN_POINT('Ctrl Pts',(-36.4142657317231,50.9406680782945,-0.200000000000004));
#2631=CARTESIAN_POINT('Ctrl Pts',(-36.4142657317231,50.9406680782945,35.));
#2632=CARTESIAN_POINT('Ctrl Pts',(-35.3145965949625,51.4492383432863,-0.199999999999998));
#2633=CARTESIAN_POINT('Ctrl Pts',(-35.3145965949625,51.4492383432863,35.));
#2634=CARTESIAN_POINT('Ctrl Pts',(-30.7825295665507,53.5491928223878,-0.199999999999998));
#2635=CARTESIAN_POINT('Ctrl Pts',(-30.7825295665507,53.5491928223878,35.));
#2636=CARTESIAN_POINT('Ctrl Pts',(-27.330339168778,55.15812706592,-0.199999999999997));
#2637=CARTESIAN_POINT('Ctrl Pts',(-27.330339168778,55.15812706592,35.));
#2638=CARTESIAN_POINT('Ctrl Pts',(-20.4589775760551,58.3859729174575,-0.199999999999997));
#2639=CARTESIAN_POINT('Ctrl Pts',(-20.4589775760551,58.3859729174575,35.));
#2640=CARTESIAN_POINT('Ctrl Pts',(-17.0390690022686,60.0051178059647,-0.199999999999998));
#2641=CARTESIAN_POINT('Ctrl Pts',(-17.0390690022686,60.0051178059647,35.));
#2642=CARTESIAN_POINT('Ctrl Pts',(-8.83234709721823,63.9324404055621,-0.199999999999998));
#2643=CARTESIAN_POINT('Ctrl Pts',(-8.83234709721823,63.9324404055621,35.));
#2644=CARTESIAN_POINT('Ctrl Pts',(-4.06556386226648,66.2472797714332,-0.2));
#2645=CARTESIAN_POINT('Ctrl Pts',(-4.06556386226648,66.2472797714332,35.));
#2646=CARTESIAN_POINT('Ctrl Pts',(4.42536424911989,70.4759989975452,-0.2));
#2647=CARTESIAN_POINT('Ctrl Pts',(4.42536424911989,70.4759989975452,35.));
#2648=CARTESIAN_POINT('Ctrl Pts',(8.15855028111016,72.3715353352625,-0.199999999999999));
#2649=CARTESIAN_POINT('Ctrl Pts',(8.15855028111016,72.3715353352625,35.));
#2650=CARTESIAN_POINT('Ctrl Pts',(14.8794090305308,75.9001454041417,-0.199999999999999));
#2651=CARTESIAN_POINT('Ctrl Pts',(14.8794090305308,75.9001454041417,35.));
#2652=CARTESIAN_POINT('Ctrl Pts',(17.8708575717258,77.5120198284069,-0.199999999999999));
#2653=CARTESIAN_POINT('Ctrl Pts',(17.8708575717258,77.5120198284069,35.));
#2654=CARTESIAN_POINT('Ctrl Pts',(23.120871850392,80.4709015020105,-0.199999999999999));
#2655=CARTESIAN_POINT('Ctrl Pts',(23.120871850392,80.4709015020105,35.));
#2656=CARTESIAN_POINT('Ctrl Pts',(25.3891083517409,81.7927974655173,-0.200000000000006));
#2657=CARTESIAN_POINT('Ctrl Pts',(25.3891083517409,81.7927974655173,35.));
#2658=CARTESIAN_POINT('Ctrl Pts',(29.3357811637988,84.225532021751,-0.200000000000006));
#2659=CARTESIAN_POINT('Ctrl Pts',(29.3357811637988,84.225532021751,35.));
#2660=CARTESIAN_POINT('Ctrl Pts',(31.0290671747787,85.3139321376412,-0.200000000000006));
#2661=CARTESIAN_POINT('Ctrl Pts',(31.0290671747787,85.3139321376412,35.));
#2662=CARTESIAN_POINT('Ctrl Pts',(33.9599849950759,87.3306351433701,-0.200000000000006));
#2663=CARTESIAN_POINT('Ctrl Pts',(33.9599849950759,87.3306351433701,35.));
#2664=CARTESIAN_POINT('Ctrl Pts',(35.2133290836868,88.2383578508374,-0.199999999999997));
#2665=CARTESIAN_POINT('Ctrl Pts',(35.2133290836868,88.2383578508374,35.));
#2666=CARTESIAN_POINT('Ctrl Pts',(37.27684100755,89.8606636491344,-0.199999999999997));
#2667=CARTESIAN_POINT('Ctrl Pts',(37.27684100755,89.8606636491344,35.));
#2668=CARTESIAN_POINT('Ctrl Pts',(38.1068634906243,90.5510232141961,-0.200000000000005));
#2669=CARTESIAN_POINT('Ctrl Pts',(38.1068634906243,90.5510232141961,35.));
#2670=CARTESIAN_POINT('Ctrl Pts',(39.6529510021191,91.9515281622846,-0.200000000000005));
#2671=CARTESIAN_POINT('Ctrl Pts',(39.6529510021191,91.9515281622846,35.));
#2672=CARTESIAN_POINT('Ctrl Pts',(40.3733814083741,92.6569204820422,-0.200000000000005));
#2673=CARTESIAN_POINT('Ctrl Pts',(40.3733814083741,92.6569204820422,35.));
#2674=CARTESIAN_POINT('Ctrl Pts',(41.6272319654951,94.0502733868271,-0.200000000000005));
#2675=CARTESIAN_POINT('Ctrl Pts',(41.6272319654951,94.0502733868271,35.));
#2676=CARTESIAN_POINT('Ctrl Pts',(42.1733597286194,94.7273407063434,-0.200000000000008));
#2677=CARTESIAN_POINT('Ctrl Pts',(42.1733597286194,94.7273407063434,35.));
#2678=CARTESIAN_POINT('Ctrl Pts',(42.953702756533,95.8960339225597,-0.200000000000008));
#2679=CARTESIAN_POINT('Ctrl Pts',(42.953702756533,95.8960339225597,35.));
#2680=CARTESIAN_POINT('Ctrl Pts',(43.2272566889121,96.3605446590098,-0.199999999999998));
#2681=CARTESIAN_POINT('Ctrl Pts',(43.2272566889121,96.3605446590098,35.));
#2682=CARTESIAN_POINT('Ctrl Pts',(43.755828701241,97.4497603806489,-0.199999999999998));
#2683=CARTESIAN_POINT('Ctrl Pts',(43.755828701241,97.4497603806489,35.));
#2684=CARTESIAN_POINT('Ctrl Pts',(43.9887289933853,98.0870781157903,-0.200000000000001));
#2685=CARTESIAN_POINT('Ctrl Pts',(43.9887289933853,98.0870781157903,35.));
#2686=CARTESIAN_POINT('Ctrl Pts',(44.2058601547548,99.1590539229693,-0.200000000000002));
#2687=CARTESIAN_POINT('Ctrl Pts',(44.2058601547548,99.1590539229693,35.));
#2688=CARTESIAN_POINT('Ctrl Pts',(44.25,99.5794012315018,-0.199999999999998));
#2689=CARTESIAN_POINT('Ctrl Pts',(44.25,99.5794012315018,35.));
#2690=CARTESIAN_POINT('Ctrl Pts',(44.25,100.,-0.199999999999998));
#2691=CARTESIAN_POINT('Ctrl Pts',(44.25,100.,35.));
#2692=CARTESIAN_POINT('Ctrl Pts',(44.25,100.420598768498,-0.199999999999998));
#2693=CARTESIAN_POINT('Ctrl Pts',(44.25,100.420598768498,35.));
#2694=CARTESIAN_POINT('Ctrl Pts',(44.2058601547548,100.840946077031,-0.200000000000001));
#2695=CARTESIAN_POINT('Ctrl Pts',(44.2058601547548,100.840946077031,35.));
#2696=CARTESIAN_POINT('Ctrl Pts',(43.9887289933853,101.91292188421,-0.200000000000001));
#2697=CARTESIAN_POINT('Ctrl Pts',(43.9887289933853,101.91292188421,35.));
#2698=CARTESIAN_POINT('Ctrl Pts',(43.755828701241,102.550239619351,-0.199999999999999));
#2699=CARTESIAN_POINT('Ctrl Pts',(43.755828701241,102.550239619351,35.));
#2700=CARTESIAN_POINT('Ctrl Pts',(43.2272566889121,103.63945534099,-0.199999999999998));
#2701=CARTESIAN_POINT('Ctrl Pts',(43.2272566889121,103.63945534099,35.));
#2702=CARTESIAN_POINT('Ctrl Pts',(42.953702756533,104.10396607744,-0.199999999999998));
#2703=CARTESIAN_POINT('Ctrl Pts',(42.953702756533,104.10396607744,35.));
#2704=CARTESIAN_POINT('Ctrl Pts',(42.1733597286193,105.272659293657,-0.199999999999998));
#2705=CARTESIAN_POINT('Ctrl Pts',(42.1733597286193,105.272659293657,35.));
#2706=CARTESIAN_POINT('Ctrl Pts',(41.6272319654951,105.949726613173,-0.200000000000005));
#2707=CARTESIAN_POINT('Ctrl Pts',(41.6272319654951,105.949726613173,35.));
#2708=CARTESIAN_POINT('Ctrl Pts',(40.3733814083747,107.343079517957,-0.200000000000005));
#2709=CARTESIAN_POINT('Ctrl Pts',(40.3733814083747,107.343079517957,35.));
#2710=CARTESIAN_POINT('Ctrl Pts',(39.6529510021203,108.048471837714,-0.200000000000002));
#2711=CARTESIAN_POINT('Ctrl Pts',(39.6529510021203,108.048471837714,35.));
#2712=CARTESIAN_POINT('Ctrl Pts',(38.106863490626,109.448976785802,-0.200000000000002));
#2713=CARTESIAN_POINT('Ctrl Pts',(38.106863490626,109.448976785802,35.));
#2714=CARTESIAN_POINT('Ctrl Pts',(37.2768410075514,110.139336350864,-0.200000000000002));
#2715=CARTESIAN_POINT('Ctrl Pts',(37.2768410075514,110.139336350864,35.));
#2716=CARTESIAN_POINT('Ctrl Pts',(35.2133290836878,111.761642149162,-0.200000000000002));
#2717=CARTESIAN_POINT('Ctrl Pts',(35.2133290836878,111.761642149162,35.));
#2718=CARTESIAN_POINT('Ctrl Pts',(33.9599849950769,112.669364856629,-0.200000000000005));
#2719=CARTESIAN_POINT('Ctrl Pts',(33.9599849950769,112.669364856629,35.));
#2720=CARTESIAN_POINT('Ctrl Pts',(31.029067174787,114.686067862353,-0.200000000000006));
#2721=CARTESIAN_POINT('Ctrl Pts',(31.029067174787,114.686067862353,35.));
#2722=CARTESIAN_POINT('Ctrl Pts',(29.3357811638147,115.774467978239,-0.199999999999996));
#2723=CARTESIAN_POINT('Ctrl Pts',(29.3357811638147,115.774467978239,35.));
#2724=CARTESIAN_POINT('Ctrl Pts',(25.389108351771,118.207202534465,-0.199999999999996));
#2725=CARTESIAN_POINT('Ctrl Pts',(25.389108351771,118.207202534465,35.));
#2726=CARTESIAN_POINT('Ctrl Pts',(23.1208718504288,119.529098497968,-0.200000000000003));
#2727=CARTESIAN_POINT('Ctrl Pts',(23.1208718504288,119.529098497968,35.));
#2728=CARTESIAN_POINT('Ctrl Pts',(17.8708575717783,122.487980171564,-0.200000000000003));
#2729=CARTESIAN_POINT('Ctrl Pts',(17.8708575717783,122.487980171564,35.));
#2730=CARTESIAN_POINT('Ctrl Pts',(14.8794090305924,124.099854595825,-0.199999999999994));
#2731=CARTESIAN_POINT('Ctrl Pts',(14.8794090305924,124.099854595825,35.));
#2732=CARTESIAN_POINT('Ctrl Pts',(8.1585502812031,127.62846466469,-0.199999999999994));
#2733=CARTESIAN_POINT('Ctrl Pts',(8.1585502812031,127.62846466469,35.));
#2734=CARTESIAN_POINT('Ctrl Pts',(4.42536424923502,129.524001002396,-0.199999999999992));
#2735=CARTESIAN_POINT('Ctrl Pts',(4.42536424923502,129.524001002396,35.));
#2736=CARTESIAN_POINT('Ctrl Pts',(-4.06556386212538,133.752720228498,-0.199999999999992));
#2737=CARTESIAN_POINT('Ctrl Pts',(-4.06556386212538,133.752720228498,35.));
#2738=CARTESIAN_POINT('Ctrl Pts',(-8.83234709707399,136.067559594368,-0.200000000000007));
#2739=CARTESIAN_POINT('Ctrl Pts',(-8.83234709707399,136.067559594368,35.));
#2740=CARTESIAN_POINT('Ctrl Pts',(-17.039069002146,139.994882193977,-0.200000000000007));
#2741=CARTESIAN_POINT('Ctrl Pts',(-17.039069002146,139.994882193977,35.));
#2742=CARTESIAN_POINT('Ctrl Pts',(-20.458977575957,141.614027082496,-0.199999999999996));
#2743=CARTESIAN_POINT('Ctrl Pts',(-20.458977575957,141.614027082496,35.));
#2744=CARTESIAN_POINT('Ctrl Pts',(-27.3303391687294,144.841872934057,-0.199999999999996));
#2745=CARTESIAN_POINT('Ctrl Pts',(-27.3303391687294,144.841872934057,35.));
#2746=CARTESIAN_POINT('Ctrl Pts',(-30.7825295665272,146.450807177601,-0.199999999999997));
#2747=CARTESIAN_POINT('Ctrl Pts',(-30.7825295665272,146.450807177601,35.));
#2748=CARTESIAN_POINT('Ctrl Pts',(-35.3145965949624,148.550761656714,-0.199999999999997));
#2749=CARTESIAN_POINT('Ctrl Pts',(-35.3145965949624,148.550761656714,35.));
#2750=CARTESIAN_POINT('Ctrl Pts',(-36.4142657317227,149.059331921705,-0.199999999999996));
#2751=CARTESIAN_POINT('Ctrl Pts',(-36.4142657317227,149.059331921705,35.));
#2752=CARTESIAN_POINT('Ctrl Pts',(-38.620616575543,150.077945876688,-0.199999999999996));
#2753=CARTESIAN_POINT('Ctrl Pts',(-38.620616575543,150.077945876688,35.));
#2754=CARTESIAN_POINT('Ctrl Pts',(-39.7312076228164,150.589783319464,-0.2));
#2755=CARTESIAN_POINT('Ctrl Pts',(-39.7312076228164,150.589783319464,35.));
#2756=CARTESIAN_POINT('Ctrl Pts',(-40.8360071508774,151.098135458565,-0.2));
#2757=CARTESIAN_POINT('Ctrl Pts',(-40.8360071508774,151.098135458565,35.));
#2758=CARTESIAN_POINT('Ctrl Pts',(-47.210995333619,154.031462996393,-0.2));
#2759=CARTESIAN_POINT('Ctrl Pts',(-47.210995333619,154.031462996393,35.));
#2760=CARTESIAN_POINT('Ctrl Pts',(-53.5859835163607,156.964790534221,-0.2));
#2761=CARTESIAN_POINT('Ctrl Pts',(-53.5859835163607,156.964790534221,35.));
#2762=CARTESIAN_POINT('Ctrl Pts',(-66.3359598818438,162.831445609876,-0.2));
#2763=CARTESIAN_POINT('Ctrl Pts',(-66.3359598818438,162.831445609876,35.));
#2764=CARTESIAN_POINT('Ctrl Pts',(-72.7109480645854,165.764773147704,-0.2));
#2765=CARTESIAN_POINT('Ctrl Pts',(-72.7109480645854,165.764773147704,35.));
#2766=CARTESIAN_POINT('Ctrl Pts',(-79.0859362473269,168.698100685532,-0.2));
#2767=CARTESIAN_POINT('Ctrl Pts',(-79.0859362473269,168.698100685532,35.));
#2768=CARTESIAN_POINT('Ctrl Pts',(-40.3051668654857,150.853825627315,4.99999999999999));
#2769=CARTESIAN_POINT('Ctrl Pts',(-38.8654481903196,150.191072600238,4.99999999999999));
#2770=CARTESIAN_POINT('Ctrl Pts',(-37.4252566031103,149.5268833075,5.));
#2771=CARTESIAN_POINT('Ctrl Pts',(-35.9847931596465,148.861002716996,5.));
#2772=CARTESIAN_POINT('Origin',(-99.9999999999907,99.9999999999907,5.));
#2773=CARTESIAN_POINT('',(-60.,99.9999999999907,0.));
#2774=CARTESIAN_POINT('',(-60.,99.9999999999907,5.));
#2775=CARTESIAN_POINT('Origin',(-99.9999999999907,99.9999999999907,0.));
#2776=CARTESIAN_POINT('Origin',(-100.,100.,2.));
#2777=CARTESIAN_POINT('',(-151.276102660642,158.777217490583,0.));
#2778=CARTESIAN_POINT('',(-158.777217490608,151.276102660631,0.));
#2779=CARTESIAN_POINT('Origin',(-100.,100.,0.));
#2780=CARTESIAN_POINT('',(-160.,152.915026221292,2.));
#2781=CARTESIAN_POINT('Ctrl Pts',(-158.777217490608,151.276102660631,6.93889390390723E-15));
#2782=CARTESIAN_POINT('Ctrl Pts',(-158.778509511977,151.277829496288,6.93106545156072E-15));
#2783=CARTESIAN_POINT('Ctrl Pts',(-158.77980152517,151.279556336693,3.33529528489507E-6));
#2784=CARTESIAN_POINT('Ctrl Pts',(-158.908394122316,151.451428343264,0.000667259064045821));
#2785=CARTESIAN_POINT('Ctrl Pts',(-159.034912806158,151.62068376132,0.0337007020091755));
#2786=CARTESIAN_POINT('Ctrl Pts',(-159.276785617461,151.944526020729,0.162310443508415));
#2787=CARTESIAN_POINT('Ctrl Pts',(-159.390902447302,152.097454117332,0.256972288828229));
#2788=CARTESIAN_POINT('Ctrl Pts',(-159.621463310204,152.406631986521,0.529685649556151));
#2789=CARTESIAN_POINT('Ctrl Pts',(-159.730239346063,152.552648121304,0.719534744528744));
#2790=CARTESIAN_POINT('Ctrl Pts',(-159.896510486215,152.775940530077,1.15477033160854));
#2791=CARTESIAN_POINT('Ctrl Pts',(-159.953220919552,152.852156017676,1.39483153480389));
#2792=CARTESIAN_POINT('Ctrl Pts',(-159.993570576845,152.906384230646,1.76320086140579));
#2793=CARTESIAN_POINT('Ctrl Pts',(-160.,152.915026221292,1.88146258137369));
#2794=CARTESIAN_POINT('Ctrl Pts',(-160.,152.915026221292,2.));
#2795=CARTESIAN_POINT('',(-152.915026221292,160.,2.));
#2796=CARTESIAN_POINT('Origin',(-100.,100.,2.));
#2797=CARTESIAN_POINT('Ctrl Pts',(-152.915026221292,160.,2.));
#2798=CARTESIAN_POINT('Ctrl Pts',(-152.915026221292,160.,1.74485840894884));
#2799=CARTESIAN_POINT('Ctrl Pts',(-152.874992952115,159.970220523627,1.49246333981467));
#2800=CARTESIAN_POINT('Ctrl Pts',(-152.718992645713,159.854109248684,1.0175005309964));
#2801=CARTESIAN_POINT('Ctrl Pts',(-152.603831719477,159.768374202362,0.800298137056421));
#2802=CARTESIAN_POINT('Ctrl Pts',(-152.310775995118,159.550002084672,0.427380582662251));
#2803=CARTESIAN_POINT('Ctrl Pts',(-152.134400531367,159.418489403,0.276813665517566));
#2804=CARTESIAN_POINT('Ctrl Pts',(-151.836585466262,159.196176579016,0.115618130580339));
#2805=CARTESIAN_POINT('Ctrl Pts',(-151.728591777019,159.115519667154,0.07287166405846));
#2806=CARTESIAN_POINT('Ctrl Pts',(-151.507250815126,158.950109097507,0.015194119158225));
#2807=CARTESIAN_POINT('Ctrl Pts',(-151.394398655857,158.865725186785,0.000446959285999863));
#2808=CARTESIAN_POINT('Ctrl Pts',(-151.279556336702,158.779801525158,3.33529529833392E-6));
#2809=CARTESIAN_POINT('Ctrl Pts',(-151.2778294963,158.778509511953,-2.60607979421063E-16));
#2810=CARTESIAN_POINT('Ctrl Pts',(-151.276102660642,158.777217490583,-2.77555756156289E-16));
#2811=CARTESIAN_POINT('Ctrl Pts',(-159.61322464147,46.9070065766356,2.));
#2812=CARTESIAN_POINT('Ctrl Pts',(-159.74214976098,46.9663289773264,2.));
#2813=CARTESIAN_POINT('Ctrl Pts',(-159.87107488049,47.0256513780173,2.));
#2814=CARTESIAN_POINT('Ctrl Pts',(-164.376514040601,49.0987420849365,2.));
#2815=CARTESIAN_POINT('Ctrl Pts',(-173.140416410976,53.1521554371115,2.));
#2816=CARTESIAN_POINT('Ctrl Pts',(-190.661985499869,61.4253856899967,2.));
#2817=CARTESIAN_POINT('Ctrl Pts',(-206.319523682209,69.0659468669724,2.));
#2818=CARTESIAN_POINT('Ctrl Pts',(-220.555270043346,76.6707494154452,2.));
#2819=CARTESIAN_POINT('Ctrl Pts',(-229.016977269695,81.5620683160075,2.));
#2820=CARTESIAN_POINT('Ctrl Pts',(-236.518409261599,86.533284711122,2.));
#2821=CARTESIAN_POINT('Ctrl Pts',(-241.956871882913,91.1322752903913,2.));
#2822=CARTESIAN_POINT('Ctrl Pts',(-244.826948029351,94.892233077227,2.));
#2823=CARTESIAN_POINT('Ctrl Pts',(-246.000106473502,97.6118449232939,2.));
#2824=CARTESIAN_POINT('Ctrl Pts',(-246.374653499886,100.000055210396,2.));
#2825=CARTESIAN_POINT('Ctrl Pts',(-246.000038182841,102.38818109476,2.));
#2826=CARTESIAN_POINT('Ctrl Pts',(-244.827374380784,105.10800859622,2.));
#2827=CARTESIAN_POINT('Ctrl Pts',(-241.955017879778,108.867143727005,2.));
#2828=CARTESIAN_POINT('Ctrl Pts',(-236.525379329092,113.469958856984,2.));
#2829=CARTESIAN_POINT('Ctrl Pts',(-226.272341908704,120.235548525754,2.));
#2830=CARTESIAN_POINT('Ctrl Pts',(-215.571315208282,126.04711753421,2.));
#2831=CARTESIAN_POINT('Ctrl Pts',(-201.335628708396,133.364275523959,2.));
#2832=CARTESIAN_POINT('Ctrl Pts',(-188.475486110636,139.608804315491,2.));
#2833=CARTESIAN_POINT('Ctrl Pts',(-173.138494917071,146.847533342857,2.));
#2834=CARTESIAN_POINT('Ctrl Pts',(-164.376514040601,150.901257915063,2.));
#2835=CARTESIAN_POINT('Ctrl Pts',(-159.871074880495,152.97434862198,2.));
#2836=CARTESIAN_POINT('Ctrl Pts',(-159.74214976099,153.033671022669,2.));
#2837=CARTESIAN_POINT('Ctrl Pts',(-159.613224641485,153.092993423358,2.));
#2838=CARTESIAN_POINT('Ctrl Pts',(-159.61322464147,46.9070065766356,1.40160139931623));
#2839=CARTESIAN_POINT('Ctrl Pts',(-159.74214976098,46.9663289773264,1.40160139931624));
#2840=CARTESIAN_POINT('Ctrl Pts',(-159.87107488049,47.0256513780173,1.40160139931622));
#2841=CARTESIAN_POINT('Ctrl Pts',(-164.376514040601,49.0987420849365,1.40160139931623));
#2842=CARTESIAN_POINT('Ctrl Pts',(-173.140416410976,53.1521554371115,1.40160139931623));
#2843=CARTESIAN_POINT('Ctrl Pts',(-190.661985499869,61.4253856899967,1.40160139931623));
#2844=CARTESIAN_POINT('Ctrl Pts',(-206.319523682209,69.0659468669724,1.40160139931623));
#2845=CARTESIAN_POINT('Ctrl Pts',(-220.555270043346,76.6707494154452,1.40160139931623));
#2846=CARTESIAN_POINT('Ctrl Pts',(-229.016977269695,81.5620683160075,1.40160139931623));
#2847=CARTESIAN_POINT('Ctrl Pts',(-236.518409261599,86.533284711122,1.40160139931624));
#2848=CARTESIAN_POINT('Ctrl Pts',(-241.956871882913,91.1322752903913,1.40160139931622));
#2849=CARTESIAN_POINT('Ctrl Pts',(-244.826948029351,94.892233077227,1.40160139931624));
#2850=CARTESIAN_POINT('Ctrl Pts',(-246.000106473502,97.6118449232939,1.40160139931623));
#2851=CARTESIAN_POINT('Ctrl Pts',(-246.374653499886,100.000055210396,1.40160139931623));
#2852=CARTESIAN_POINT('Ctrl Pts',(-246.000038182841,102.38818109476,1.40160139931623));
#2853=CARTESIAN_POINT('Ctrl Pts',(-244.827374380784,105.10800859622,1.40160139931623));
#2854=CARTESIAN_POINT('Ctrl Pts',(-241.955017879778,108.867143727005,1.40160139931623));
#2855=CARTESIAN_POINT('Ctrl Pts',(-236.525379329092,113.469958856984,1.40160139931624));
#2856=CARTESIAN_POINT('Ctrl Pts',(-226.272341908704,120.235548525754,1.40160139931622));
#2857=CARTESIAN_POINT('Ctrl Pts',(-215.571315208282,126.04711753421,1.40160139931623));
#2858=CARTESIAN_POINT('Ctrl Pts',(-201.335628708396,133.364275523959,1.40160139931623));
#2859=CARTESIAN_POINT('Ctrl Pts',(-188.475486110636,139.608804315491,1.40160139931624));
#2860=CARTESIAN_POINT('Ctrl Pts',(-173.138494917071,146.847533342857,1.40160139931622));
#2861=CARTESIAN_POINT('Ctrl Pts',(-164.376514040601,150.901257915063,1.40160139931623));
#2862=CARTESIAN_POINT('Ctrl Pts',(-159.871074880495,152.97434862198,1.40160139931623));
#2863=CARTESIAN_POINT('Ctrl Pts',(-159.74214976099,153.033671022669,1.40160139931623));
#2864=CARTESIAN_POINT('Ctrl Pts',(-159.613224641485,153.092993423358,1.40160139931623));
#2865=CARTESIAN_POINT('Ctrl Pts',(-159.403114987215,47.3636369889174,0.36607050445587));
#2866=CARTESIAN_POINT('Ctrl Pts',(-159.532040106725,47.4229593896083,0.366070504455875));
#2867=CARTESIAN_POINT('Ctrl Pts',(-159.660965226235,47.4822817902991,0.366070504455861));
#2868=CARTESIAN_POINT('Ctrl Pts',(-164.165780920704,49.5551308353045,0.366070504455879));
#2869=CARTESIAN_POINT('Ctrl Pts',(-172.927922246336,53.6077301624832,0.366070504455863));
#2870=CARTESIAN_POINT('Ctrl Pts',(-190.444182994689,61.8782655074814,0.366070504455871));
#2871=CARTESIAN_POINT('Ctrl Pts',(-206.094574285123,69.5158593685465,0.366070504455872));
#2872=CARTESIAN_POINT('Ctrl Pts',(-220.312011321194,77.1104011484208,0.36607050445587));
#2873=CARTESIAN_POINT('Ctrl Pts',(-228.755375703267,81.9924696495274,0.366070504455864));
#2874=CARTESIAN_POINT('Ctrl Pts',(-236.223396933931,86.9401037805476,0.366070504455874));
#2875=CARTESIAN_POINT('Ctrl Pts',(-241.605366656784,91.498040538954,0.366070504455864));
#2876=CARTESIAN_POINT('Ctrl Pts',(-244.397018228262,95.161695073652,0.366070504455875));
#2877=CARTESIAN_POINT('Ctrl Pts',(-245.514428154914,97.7589848949872,0.366070504455872));
#2878=CARTESIAN_POINT('Ctrl Pts',(-245.863463922481,100.000116187787,0.366070504455873));
#2879=CARTESIAN_POINT('Ctrl Pts',(-245.51442194598,102.240851277305,0.366070504455868));
#2880=CARTESIAN_POINT('Ctrl Pts',(-244.397327284898,104.838769667764,0.366070504455867));
#2881=CARTESIAN_POINT('Ctrl Pts',(-241.603674703429,108.501096469445,0.366070504455866));
#2882=CARTESIAN_POINT('Ctrl Pts',(-236.230488801814,113.062814685342,0.366070504455881));
#2883=CARTESIAN_POINT('Ctrl Pts',(-226.022095944984,119.79806127845,0.366070504455861));
#2884=CARTESIAN_POINT('Ctrl Pts',(-215.335269350341,125.603716305685,0.36607050445587));
#2885=CARTESIAN_POINT('Ctrl Pts',(-201.11293395404,132.9133440854,0.366070504455869));
#2886=CARTESIAN_POINT('Ctrl Pts',(-188.258373915878,139.155597287354,0.366070504455873));
#2887=CARTESIAN_POINT('Ctrl Pts',(-172.925968967449,146.391985333038,0.366070504455865));
#2888=CARTESIAN_POINT('Ctrl Pts',(-164.165779815357,150.444853945958,0.366070504455876));
#2889=CARTESIAN_POINT('Ctrl Pts',(-159.66096522624,152.517718209699,0.366070504455874));
#2890=CARTESIAN_POINT('Ctrl Pts',(-159.532040106735,152.577040610387,0.366070504455865));
#2891=CARTESIAN_POINT('Ctrl Pts',(-159.40311498723,152.636363011076,0.366070504455871));
#2892=CARTESIAN_POINT('Ctrl Pts',(-158.96481705656,48.3161880056082,-5.06226101586388E-16));
#2893=CARTESIAN_POINT('Ctrl Pts',(-159.09374217607,48.3755104062991,6.98598250743138E-16));
#2894=CARTESIAN_POINT('Ctrl Pts',(-159.22266729558,48.4348328069899,-8.09659465707197E-15));
#2895=CARTESIAN_POINT('Ctrl Pts',(-163.725908279047,50.506938661622,1.52210149694743E-14));
#2896=CARTESIAN_POINT('Ctrl Pts',(-172.484773754091,54.5581509418322,-9.383650514564E-15));
#2897=CARTESIAN_POINT('Ctrl Pts',(-189.98983481881,62.8230755322464,4.70500117669504E-15));
#2898=CARTESIAN_POINT('Ctrl Pts',(-205.625073007604,70.4540126426969,9.68499312550728E-16));
#2899=CARTESIAN_POINT('Ctrl Pts',(-219.804846881038,78.0280225819329,6.78144952829847E-16));
#2900=CARTESIAN_POINT('Ctrl Pts',(-228.209192297603,82.8890833045045,-5.11510223227157E-15));
#2901=CARTESIAN_POINT('Ctrl Pts',(-235.608332530732,87.7898065839165,8.28754993572601E-16));
#2902=CARTESIAN_POINT('Ctrl Pts',(-240.871871729757,92.2585620211862,-9.26836251564384E-16));
#2903=CARTESIAN_POINT('Ctrl Pts',(-243.501423267008,95.7259908961036,2.38228113396055E-15));
#2904=CARTESIAN_POINT('Ctrl Pts',(-244.499585287898,98.0653106532935,3.85798025496931E-15));
#2905=CARTESIAN_POINT('Ctrl Pts',(-244.798015547334,100.000070665427,3.36028123467471E-15));
#2906=CARTESIAN_POINT('Ctrl Pts',(-244.49955045048,101.934599390108,-3.15515441764259E-15));
#2907=CARTESIAN_POINT('Ctrl Pts',(-243.501819254689,104.274287272172,-1.62535108196402E-15));
#2908=CARTESIAN_POINT('Ctrl Pts',(-240.869987946906,107.740957199224,-1.1028716268602E-15));
#2909=CARTESIAN_POINT('Ctrl Pts',(-235.615998214197,112.211974432502,8.73705296262678E-15));
#2910=CARTESIAN_POINT('Ctrl Pts',(-225.499561137816,118.886670888378,-6.3707101604575E-15));
#2911=CARTESIAN_POINT('Ctrl Pts',(-214.843033042873,124.678336733852,-1.61472405402213E-15));
#2912=CARTESIAN_POINT('Ctrl Pts',(-200.648314355486,131.972884113376,4.74514746690014E-16));
#2913=CARTESIAN_POINT('Ctrl Pts',(-187.805421215796,138.210162023805,2.80172076493688E-15));
#2914=CARTESIAN_POINT('Ctrl Pts',(-172.482804106069,145.441546665381,-5.13686166235126E-15));
#2915=CARTESIAN_POINT('Ctrl Pts',(-163.725907628845,149.493052386223,7.36177141013395E-15));
#2916=CARTESIAN_POINT('Ctrl Pts',(-159.222667295585,151.565167193008,-3.36296384162857E-15));
#2917=CARTESIAN_POINT('Ctrl Pts',(-159.09374217608,151.624489593696,6.82380183860238E-16));
#2918=CARTESIAN_POINT('Ctrl Pts',(-158.964817056575,151.683811994385,5.27226735764192E-15));
#2919=CARTESIAN_POINT('Ctrl Pts',(-158.777217490593,48.7238973393623,-8.32667268468867E-16));
#2920=CARTESIAN_POINT('Ctrl Pts',(-158.906142610103,48.7832197400532,-8.21469024346731E-16));
#2921=CARTESIAN_POINT('Ctrl Pts',(-159.035067729613,48.842542140744,-8.88033413813781E-15));
#2922=CARTESIAN_POINT('Ctrl Pts',(-163.537589492193,50.9142904636037,1.5193533959564E-14));
#2923=CARTESIAN_POINT('Ctrl Pts',(-172.295118450383,54.9649603658685,-9.41113152447431E-15));
#2924=CARTESIAN_POINT('Ctrl Pts',(-189.795365020625,63.2274852548825,4.67752016678473E-15));
#2925=CARTESIAN_POINT('Ctrl Pts',(-205.424077096829,70.8554961599569,9.41018302640417E-16));
#2926=CARTESIAN_POINT('Ctrl Pts',(-219.587818009689,78.4208620159247,6.50663942919536E-16));
#2927=CARTESIAN_POINT('Ctrl Pts',(-227.975338064413,83.2726488048225,-5.14258324218188E-15));
#2928=CARTESIAN_POINT('Ctrl Pts',(-235.345130442574,88.1536698995489,8.0127398366229E-16));
#2929=CARTESIAN_POINT('Ctrl Pts',(-240.557882899078,92.5836699995396,-9.54317261474695E-16));
#2930=CARTESIAN_POINT('Ctrl Pts',(-243.118299568517,95.9678804836324,2.35480012405024E-15));
#2931=CARTESIAN_POINT('Ctrl Pts',(-244.064934053422,98.1963223233338,3.830499245059E-15));
#2932=CARTESIAN_POINT('Ctrl Pts',(-244.342135063747,100.000022691997,3.3328002247644E-15));
#2933=CARTESIAN_POINT('Ctrl Pts',(-244.064860879962,101.803696843046,-3.1826354275529E-15));
#2934=CARTESIAN_POINT('Ctrl Pts',(-243.118787460456,104.032210303271,-1.65283209187434E-15));
#2935=CARTESIAN_POINT('Ctrl Pts',(-240.555829612673,107.416172887818,-1.13035263677051E-15));
#2936=CARTESIAN_POINT('Ctrl Pts',(-235.353094466588,111.847548515405,8.70957195271647E-15));
#2937=CARTESIAN_POINT('Ctrl Pts',(-225.275822393491,118.496781464222,-6.39819117036781E-15));
#2938=CARTESIAN_POINT('Ctrl Pts',(-214.632374187771,124.282187143429,-1.64220506393244E-15));
#2939=CARTESIAN_POINT('Ctrl Pts',(-200.449437317503,131.570383408099,4.47033736779703E-16));
#2940=CARTESIAN_POINT('Ctrl Pts',(-187.611541360154,137.805494144625,2.77423975502656E-15));
#2941=CARTESIAN_POINT('Ctrl Pts',(-172.293150032456,145.034717442269,-5.16434267226157E-15));
#2942=CARTESIAN_POINT('Ctrl Pts',(-163.537589492193,149.085709536396,7.33429040022364E-15));
#2943=CARTESIAN_POINT('Ctrl Pts',(-159.035067729618,151.157457859254,-8.88634957535563E-15));
#2944=CARTESIAN_POINT('Ctrl Pts',(-158.906142610113,151.216780259942,6.93972653422103E-15));
#2945=CARTESIAN_POINT('Ctrl Pts',(-158.777217490608,151.276102660631,6.93889390390723E-15));
#2946=CARTESIAN_POINT('',(-158.777217490591,48.7238973393669,0.));
#2947=CARTESIAN_POINT('Ctrl Pts',(-158.777217490608,151.276102660631,6.93889390390723E-15));
#2948=CARTESIAN_POINT('Ctrl Pts',(-158.906142610113,151.216780259942,6.93972653422103E-15));
#2949=CARTESIAN_POINT('Ctrl Pts',(-159.035067729618,151.157457859254,-8.88634957535563E-15));
#2950=CARTESIAN_POINT('Ctrl Pts',(-163.537589492193,149.085709536396,7.33429040022364E-15));
#2951=CARTESIAN_POINT('Ctrl Pts',(-172.293150032456,145.034717442269,-5.16434267226157E-15));
#2952=CARTESIAN_POINT('Ctrl Pts',(-187.611541360154,137.805494144625,2.77423975502656E-15));
#2953=CARTESIAN_POINT('Ctrl Pts',(-200.449437317503,131.570383408099,4.47033736779703E-16));
#2954=CARTESIAN_POINT('Ctrl Pts',(-214.632374187771,124.282187143429,-1.64220506393244E-15));
#2955=CARTESIAN_POINT('Ctrl Pts',(-225.275822393491,118.496781464222,-6.39819117036781E-15));
#2956=CARTESIAN_POINT('Ctrl Pts',(-235.353094466588,111.847548515405,8.70957195271647E-15));
#2957=CARTESIAN_POINT('Ctrl Pts',(-240.555829612673,107.416172887818,-1.13035263677051E-15));
#2958=CARTESIAN_POINT('Ctrl Pts',(-243.118787460456,104.032210303271,-1.65283209187434E-15));
#2959=CARTESIAN_POINT('Ctrl Pts',(-244.064860879962,101.803696843046,-3.1826354275529E-15));
#2960=CARTESIAN_POINT('Ctrl Pts',(-244.342135063747,100.000022691997,3.3328002247644E-15));
#2961=CARTESIAN_POINT('Ctrl Pts',(-244.064934053422,98.1963223233338,3.830499245059E-15));
#2962=CARTESIAN_POINT('Ctrl Pts',(-243.118299568517,95.9678804836324,2.35480012405024E-15));
#2963=CARTESIAN_POINT('Ctrl Pts',(-240.557882899078,92.5836699995396,-9.54317261474695E-16));
#2964=CARTESIAN_POINT('Ctrl Pts',(-235.345130442574,88.1536698995489,8.0127398366229E-16));
#2965=CARTESIAN_POINT('Ctrl Pts',(-227.975338064413,83.2726488048225,-5.14258324218188E-15));
#2966=CARTESIAN_POINT('Ctrl Pts',(-219.587818009689,78.4208620159247,6.50663942919536E-16));
#2967=CARTESIAN_POINT('Ctrl Pts',(-205.424077096829,70.8554961599569,9.41018302640417E-16));
#2968=CARTESIAN_POINT('Ctrl Pts',(-189.795365020625,63.2274852548825,4.67752016678473E-15));
#2969=CARTESIAN_POINT('Ctrl Pts',(-172.295118450383,54.9649603658685,-9.41113152447431E-15));
#2970=CARTESIAN_POINT('Ctrl Pts',(-163.537589492193,50.9142904636037,1.5193533959564E-14));
#2971=CARTESIAN_POINT('Ctrl Pts',(-159.035067729613,48.842542140744,-8.88033413813781E-15));
#2972=CARTESIAN_POINT('Ctrl Pts',(-158.906142610103,48.7832197400532,-8.21469024346731E-16));
#2973=CARTESIAN_POINT('Ctrl Pts',(-158.777217490593,48.7238973393623,-8.32667268468867E-16));
#2974=CARTESIAN_POINT('',(-160.,47.0849737787082,2.));
#2975=CARTESIAN_POINT('Ctrl Pts',(-158.777217490595,48.7238973393633,-1.66533453693773E-15));
#2976=CARTESIAN_POINT('Ctrl Pts',(-158.778509511965,48.7221705037058,-1.65627302304639E-15));
#2977=CARTESIAN_POINT('Ctrl Pts',(-158.779801525164,48.7204436633007,3.33529529062634E-6));
#2978=CARTESIAN_POINT('Ctrl Pts',(-158.931992238416,48.5170313067862,0.000789096171489802));
#2979=CARTESIAN_POINT('Ctrl Pts',(-159.081616766776,48.316828719993,0.0470593757687154));
#2980=CARTESIAN_POINT('Ctrl Pts',(-159.362475708151,47.9406728416999,0.22625013429993));
#2981=CARTESIAN_POINT('Ctrl Pts',(-159.491674123877,47.7674511050505,0.357393146935551));
#2982=CARTESIAN_POINT('Ctrl Pts',(-159.718575507848,47.4630286090625,0.697234215667712));
#2983=CARTESIAN_POINT('Ctrl Pts',(-159.812970990665,47.3362621517086,0.905279995438605));
#2984=CARTESIAN_POINT('Ctrl Pts',(-159.947713836037,47.1552555743814,1.36743064759541));
#2985=CARTESIAN_POINT('Ctrl Pts',(-159.987406790669,47.1018998086072,1.61617997921828));
#2986=CARTESIAN_POINT('Ctrl Pts',(-159.999151941864,47.0861136381216,1.91391277838608));
#2987=CARTESIAN_POINT('Ctrl Pts',(-160.,47.0849737787081,1.95694978515341));
#2988=CARTESIAN_POINT('Ctrl Pts',(-160.,47.0849737787081,2.));
#2989=CARTESIAN_POINT('Ctrl Pts',(-160.000000000012,47.0849737787135,2.));
#2990=CARTESIAN_POINT('Ctrl Pts',(-160.000027845572,47.0849865913095,2.));
#2991=CARTESIAN_POINT('Ctrl Pts',(-160.000055691136,47.0849994039073,2.));
#2992=CARTESIAN_POINT('Ctrl Pts',(-164.376514040601,49.0987420849365,2.));
#2993=CARTESIAN_POINT('Ctrl Pts',(-173.140416410976,53.1521554371115,2.));
#2994=CARTESIAN_POINT('Ctrl Pts',(-190.661985499869,61.4253856899967,2.));
#2995=CARTESIAN_POINT('Ctrl Pts',(-206.319523682209,69.0659468669724,2.));
#2996=CARTESIAN_POINT('Ctrl Pts',(-220.555270043346,76.6707494154452,2.));
#2997=CARTESIAN_POINT('Ctrl Pts',(-229.016977269695,81.5620683160075,2.));
#2998=CARTESIAN_POINT('Ctrl Pts',(-236.518409261599,86.533284711122,2.));
#2999=CARTESIAN_POINT('Ctrl Pts',(-241.956871882913,91.1322752903913,2.));
#3000=CARTESIAN_POINT('Ctrl Pts',(-244.826948029351,94.892233077227,2.));
#3001=CARTESIAN_POINT('Ctrl Pts',(-246.000106473502,97.6118449232939,2.));
#3002=CARTESIAN_POINT('Ctrl Pts',(-246.374653499886,100.000055210396,2.));
#3003=CARTESIAN_POINT('Ctrl Pts',(-246.000038182841,102.38818109476,2.));
#3004=CARTESIAN_POINT('Ctrl Pts',(-244.827374380784,105.10800859622,2.));
#3005=CARTESIAN_POINT('Ctrl Pts',(-241.955017879778,108.867143727005,2.));
#3006=CARTESIAN_POINT('Ctrl Pts',(-236.525379329092,113.469958856984,2.));
#3007=CARTESIAN_POINT('Ctrl Pts',(-226.272341908704,120.235548525754,2.));
#3008=CARTESIAN_POINT('Ctrl Pts',(-215.571315208282,126.04711753421,2.));
#3009=CARTESIAN_POINT('Ctrl Pts',(-201.335628708396,133.364275523959,2.));
#3010=CARTESIAN_POINT('Ctrl Pts',(-188.475486110636,139.608804315491,2.));
#3011=CARTESIAN_POINT('Ctrl Pts',(-173.138494917071,146.847533342857,2.));
#3012=CARTESIAN_POINT('Ctrl Pts',(-164.376514040601,150.901257915063,2.));
#3013=CARTESIAN_POINT('Ctrl Pts',(-160.000055691136,152.915000596093,2.));
#3014=CARTESIAN_POINT('Ctrl Pts',(-160.000027845572,152.91501340869,2.));
#3015=CARTESIAN_POINT('Ctrl Pts',(-160.000000000012,152.915026221286,2.));
#3016=CARTESIAN_POINT('Origin',(-100.,100.,2.));
#3017=CARTESIAN_POINT('',(-152.915026221292,40.,2.));
#3018=CARTESIAN_POINT('Origin',(-100.,100.,2.));
#3019=CARTESIAN_POINT('',(-151.276102660631,41.2227825093924,0.));
#3020=CARTESIAN_POINT('Origin',(-100.,100.,0.));
#3021=CARTESIAN_POINT('Ctrl Pts',(-151.276102660631,41.2227825093924,-9.15933995315754E-15));
#3022=CARTESIAN_POINT('Ctrl Pts',(-151.277829496283,41.2214904880269,-9.1502804053586E-15));
#3023=CARTESIAN_POINT('Ctrl Pts',(-151.279556336705,41.2201984748261,3.33529533300593E-6));
#3024=CARTESIAN_POINT('Ctrl Pts',(-151.451428343138,41.0916058776653,0.000667259064253852));
#3025=CARTESIAN_POINT('Ctrl Pts',(-151.620683761309,40.9650871938502,0.0337007020044484));
#3026=CARTESIAN_POINT('Ctrl Pts',(-151.94452602073,40.723214382538,0.162310443509147));
#3027=CARTESIAN_POINT('Ctrl Pts',(-152.097454117332,40.6090975526981,0.256972288828652));
#3028=CARTESIAN_POINT('Ctrl Pts',(-152.406631986521,40.3785366897962,0.529685649556063));
#3029=CARTESIAN_POINT('Ctrl Pts',(-152.552648121304,40.269760653937,0.719534744528652));
#3030=CARTESIAN_POINT('Ctrl Pts',(-152.775940530077,40.1034895137853,1.15477033160856));
#3031=CARTESIAN_POINT('Ctrl Pts',(-152.852156017676,40.0467790804478,1.3948315348039));
#3032=CARTESIAN_POINT('Ctrl Pts',(-152.906384230646,40.0064294231546,1.76320086140566));
#3033=CARTESIAN_POINT('Ctrl Pts',(-152.915026221292,40.0000000000001,1.88146258137363));
#3034=CARTESIAN_POINT('Ctrl Pts',(-152.915026221292,40.0000000000001,2.));
#3035=CARTESIAN_POINT('Ctrl Pts',(-46.9070065766356,40.3867753585296,2.));
#3036=CARTESIAN_POINT('Ctrl Pts',(-46.9663289773265,40.2578502390197,2.));
#3037=CARTESIAN_POINT('Ctrl Pts',(-47.0256513780173,40.1289251195098,2.));
#3038=CARTESIAN_POINT('Ctrl Pts',(-49.0987420849366,35.6234859593988,2.));
#3039=CARTESIAN_POINT('Ctrl Pts',(-53.1519957527121,26.8597622230633,2.));
#3040=CARTESIAN_POINT('Ctrl Pts',(-61.4261904289993,9.33732334945057,2.));
#3041=CARTESIAN_POINT('Ctrl Pts',(-69.0658545713957,-6.31877320394289,2.));
#3042=CARTESIAN_POINT('Ctrl Pts',(-76.6705624642593,-20.5560026226574,2.));
#3043=CARTESIAN_POINT('Ctrl Pts',(-81.5625018672903,-29.0161684106274,2.));
#3044=CARTESIAN_POINT('Ctrl Pts',(-86.5334941840218,-36.5183937923078,2.));
#3045=CARTESIAN_POINT('Ctrl Pts',(-91.1323875957608,-41.9563429156243,2.));
#3046=CARTESIAN_POINT('Ctrl Pts',(-94.8920534146638,-44.8273751718858,2.));
#3047=CARTESIAN_POINT('Ctrl Pts',(-97.6118155055365,-46.0005023166655,2.));
#3048=CARTESIAN_POINT('Ctrl Pts',(-100.000042786522,-46.3751018656636,2.));
#3049=CARTESIAN_POINT('Ctrl Pts',(-102.388157114182,-46.0004093995609,2.));
#3050=CARTESIAN_POINT('Ctrl Pts',(-105.108193404388,-44.8278829824233,2.));
#3051=CARTESIAN_POINT('Ctrl Pts',(-108.866764234935,-41.9540829308212,2.));
#3052=CARTESIAN_POINT('Ctrl Pts',(-113.470080395429,-36.5259112312485,2.));
#3053=CARTESIAN_POINT('Ctrl Pts',(-120.235283619415,-26.2716566027,2.));
#3054=CARTESIAN_POINT('Ctrl Pts',(-126.047154681369,-15.5715681730023,2.));
#3055=CARTESIAN_POINT('Ctrl Pts',(-133.364256771238,-1.33544286280548,2.));
#3056=CARTESIAN_POINT('Ctrl Pts',(-139.608814548389,11.5242981527869,2.));
#3057=CARTESIAN_POINT('Ctrl Pts',(-146.847587508518,26.8615272158116,2.));
#3058=CARTESIAN_POINT('Ctrl Pts',(-150.901257915063,35.6234859593988,2.));
#3059=CARTESIAN_POINT('Ctrl Pts',(-152.97434862198,40.128925119505,2.));
#3060=CARTESIAN_POINT('Ctrl Pts',(-153.033671022669,40.25785023901,2.));
#3061=CARTESIAN_POINT('Ctrl Pts',(-153.092993423358,40.3867753585149,2.));
#3062=CARTESIAN_POINT('Ctrl Pts',(-46.9070065766356,40.3867753585296,1.40160139931623));
#3063=CARTESIAN_POINT('Ctrl Pts',(-46.9663289773265,40.2578502390197,1.40160139931623));
#3064=CARTESIAN_POINT('Ctrl Pts',(-47.0256513780173,40.1289251195098,1.40160139931623));
#3065=CARTESIAN_POINT('Ctrl Pts',(-49.0987420849366,35.6234859593988,1.40160139931623));
#3066=CARTESIAN_POINT('Ctrl Pts',(-53.1519957527121,26.8597622230633,1.40160139931623));
#3067=CARTESIAN_POINT('Ctrl Pts',(-61.4261904289993,9.33732334945057,1.40160139931623));
#3068=CARTESIAN_POINT('Ctrl Pts',(-69.0658545713957,-6.31877320394289,1.40160139931623));
#3069=CARTESIAN_POINT('Ctrl Pts',(-76.6705624642593,-20.5560026226574,1.40160139931623));
#3070=CARTESIAN_POINT('Ctrl Pts',(-81.5625018672903,-29.0161684106274,1.40160139931623));
#3071=CARTESIAN_POINT('Ctrl Pts',(-86.5334941840218,-36.5183937923078,1.40160139931623));
#3072=CARTESIAN_POINT('Ctrl Pts',(-91.1323875957608,-41.9563429156243,1.40160139931623));
#3073=CARTESIAN_POINT('Ctrl Pts',(-94.8920534146638,-44.8273751718858,1.40160139931623));
#3074=CARTESIAN_POINT('Ctrl Pts',(-97.6118155055365,-46.0005023166655,1.40160139931623));
#3075=CARTESIAN_POINT('Ctrl Pts',(-100.000042786522,-46.3751018656636,1.40160139931623));
#3076=CARTESIAN_POINT('Ctrl Pts',(-102.388157114182,-46.0004093995609,1.40160139931623));
#3077=CARTESIAN_POINT('Ctrl Pts',(-105.108193404388,-44.8278829824233,1.40160139931623));
#3078=CARTESIAN_POINT('Ctrl Pts',(-108.866764234935,-41.9540829308212,1.40160139931623));
#3079=CARTESIAN_POINT('Ctrl Pts',(-113.470080395429,-36.5259112312485,1.40160139931623));
#3080=CARTESIAN_POINT('Ctrl Pts',(-120.235283619415,-26.2716566027,1.40160139931623));
#3081=CARTESIAN_POINT('Ctrl Pts',(-126.047154681369,-15.5715681730023,1.40160139931623));
#3082=CARTESIAN_POINT('Ctrl Pts',(-133.364256771238,-1.33544286280548,1.40160139931623));
#3083=CARTESIAN_POINT('Ctrl Pts',(-139.608814548389,11.5242981527869,1.40160139931623));
#3084=CARTESIAN_POINT('Ctrl Pts',(-146.847587508518,26.8615272158116,1.40160139931623));
#3085=CARTESIAN_POINT('Ctrl Pts',(-150.901257915063,35.6234859593988,1.40160139931623));
#3086=CARTESIAN_POINT('Ctrl Pts',(-152.97434862198,40.128925119505,1.40160139931623));
#3087=CARTESIAN_POINT('Ctrl Pts',(-153.033671022669,40.25785023901,1.40160139931623));
#3088=CARTESIAN_POINT('Ctrl Pts',(-153.092993423358,40.3867753585149,1.40160139931623));
#3089=CARTESIAN_POINT('Ctrl Pts',(-47.3635971018733,40.5968666595326,0.366017822336684));
#3090=CARTESIAN_POINT('Ctrl Pts',(-47.4229195025641,40.4679415400227,0.366017822336688));
#3091=CARTESIAN_POINT('Ctrl Pts',(-47.482241903255,40.3390164205128,0.366017822336681));
#3092=CARTESIAN_POINT('Ctrl Pts',(-49.5550947639786,35.8341972648906,0.366017822336683));
#3093=CARTESIAN_POINT('Ctrl Pts',(-53.6075250130278,27.0722459277576,0.366017822336676));
#3094=CARTESIAN_POINT('Ctrl Pts',(-61.8790272678552,9.55510486165416,0.366017822336679));
#3095=CARTESIAN_POINT('Ctrl Pts',(-69.5156937557797,-6.09380592539811,0.366017822336678));
#3096=CARTESIAN_POINT('Ctrl Pts',(-77.1102318394906,-20.3128115634542,0.36601782233668));
#3097=CARTESIAN_POINT('Ctrl Pts',(-81.9926862870299,-28.7545147890507,0.366017822336683));
#3098=CARTESIAN_POINT('Ctrl Pts',(-86.9402176388754,-36.2234266674257,0.366017822336678));
#3099=CARTESIAN_POINT('Ctrl Pts',(-91.497941218367,-41.6049247590865,0.366017822336673));
#3100=CARTESIAN_POINT('Ctrl Pts',(-95.1615814053839,-44.3975183064052,0.366017822336685));
#3101=CARTESIAN_POINT('Ctrl Pts',(-97.7589452641785,-45.5147766877866,0.366017822336677));
#3102=CARTESIAN_POINT('Ctrl Pts',(-100.000105170201,-45.8639255792967,0.366017822336677));
#3103=CARTESIAN_POINT('Ctrl Pts',(-102.24086081028,-45.5147407153559,0.366017822336679));
#3104=CARTESIAN_POINT('Ctrl Pts',(-104.838876230983,-44.3979168145679,0.366017822336677));
#3105=CARTESIAN_POINT('Ctrl Pts',(-108.50102889348,-41.602777623262,0.366017822336681));
#3106=CARTESIAN_POINT('Ctrl Pts',(-113.062920970745,-36.2311090587447,0.366017822336677));
#3107=CARTESIAN_POINT('Ctrl Pts',(-119.797940424579,-26.0213785712661,0.366017822336678));
#3108=CARTESIAN_POINT('Ctrl Pts',(-125.603769226847,-15.3355553826633,0.366017822336675));
#3109=CARTESIAN_POINT('Ctrl Pts',(-132.913370554806,-1.11276197028606,0.366017822336678));
#3110=CARTESIAN_POINT('Ctrl Pts',(-139.155644170662,11.7413865872461,0.36601782233668));
#3111=CARTESIAN_POINT('Ctrl Pts',(-146.392069850906,27.0740272460734,0.366017822336675));
#3112=CARTESIAN_POINT('Ctrl Pts',(-150.444897609518,35.8342054940666,0.36601782233668));
#3113=CARTESIAN_POINT('Ctrl Pts',(-152.517758096743,40.3390164205079,0.366017822336675));
#3114=CARTESIAN_POINT('Ctrl Pts',(-152.577080497431,40.4679415400129,0.366017822336672));
#3115=CARTESIAN_POINT('Ctrl Pts',(-152.63640289812,40.5968666595179,0.366017822336675));
#3116=CARTESIAN_POINT('Ctrl Pts',(-48.3161880056083,41.0351829434395,7.34358405563122E-15));
#3117=CARTESIAN_POINT('Ctrl Pts',(-48.3755104062991,40.9062578239297,1.05733975714811E-14));
#3118=CARTESIAN_POINT('Ctrl Pts',(-48.43483280699,40.7773327044198,4.88263848586941E-15));
#3119=CARTESIAN_POINT('Ctrl Pts',(-50.5069429680108,36.2740873582808,7.48388574373678E-15));
#3120=CARTESIAN_POINT('Ctrl Pts',(-54.5579950276533,27.5154059855586,-2.91351898790736E-15));
#3121=CARTESIAN_POINT('Ctrl Pts',(-62.8238410009585,10.0095031342468,2.00044954350929E-15));
#3122=CARTESIAN_POINT('Ctrl Pts',(-70.4538902339771,-5.62428393239611,-8.0398953934513E-17));
#3123=CARTESIAN_POINT('Ctrl Pts',(-78.0279087411164,-19.8056414693153,1.17948519446165E-15));
#3124=CARTESIAN_POINT('Ctrl Pts',(-82.8892585148516,-28.2082770302071,6.99803088865321E-15));
#3125=CARTESIAN_POINT('Ctrl Pts',(-87.7898935366344,-35.6083386537747,-6.21697734191618E-15));
#3126=CARTESIAN_POINT('Ctrl Pts',(-92.2584403528693,-40.8714401567741,7.70861440274203E-16));
#3127=CARTESIAN_POINT('Ctrl Pts',(-95.7259067579394,-43.5018790772584,3.06906889752234E-15));
#3128=CARTESIAN_POINT('Ctrl Pts',(-98.0652993956992,-44.4998741504217,2.21037022301629E-15));
#3129=CARTESIAN_POINT('Ctrl Pts',(-100.000064170839,-44.7983928984277,-2.83439537303116E-16));
#3130=CARTESIAN_POINT('Ctrl Pts',(-101.934584814452,-44.4998096531603,-1.43910372678869E-15));
#3131=CARTESIAN_POINT('Ctrl Pts',(-104.274370576665,-43.5023626705343,-9.23008648802683E-16));
#3132=CARTESIAN_POINT('Ctrl Pts',(-107.740953168848,-40.8690816127962,2.86144198173858E-15));
#3133=CARTESIAN_POINT('Ctrl Pts',(-112.212047553249,-35.6166164396484,-2.96813261850695E-15));
#3134=CARTESIAN_POINT('Ctrl Pts',(-118.886549649371,-25.4988001080895,2.20407855363854E-15));
#3135=CARTESIAN_POINT('Ctrl Pts',(-124.678346232169,-14.8433024309935,-6.97661681422428E-15));
#3136=CARTESIAN_POINT('Ctrl Pts',(-131.972870292967,-0.648121006278618,
2.74497602408388E-15));
#3137=CARTESIAN_POINT('Ctrl Pts',(-138.210168080532,12.1943542679642,-2.32275947791727E-15));
#3138=CARTESIAN_POINT('Ctrl Pts',(-145.441588816572,27.5172099942338,2.88886999359799E-15));
#3139=CARTESIAN_POINT('Ctrl Pts',(-149.493052386465,36.2740923709103,-2.65325373619293E-15));
#3140=CARTESIAN_POINT('Ctrl Pts',(-151.565167193008,40.7773327044149,-2.00283601653526E-16));
#3141=CARTESIAN_POINT('Ctrl Pts',(-151.624489593696,40.9062578239199,-9.48409026879063E-15));
#3142=CARTESIAN_POINT('Ctrl Pts',(-151.683811994385,41.0351829434249,-7.23844461575683E-15));
#3143=CARTESIAN_POINT('Ctrl Pts',(-48.7238973393624,41.222782509407,7.21644966006352E-15));
#3144=CARTESIAN_POINT('Ctrl Pts',(-48.7832197400532,41.0938573898972,7.24191471154361E-15));
#3145=CARTESIAN_POINT('Ctrl Pts',(-48.8425421407441,40.9649322703873,5.25924580335625E-15));
#3146=CARTESIAN_POINT('Ctrl Pts',(-50.9142904636038,36.4624105078071,7.9101456869266E-15));
#3147=CARTESIAN_POINT('Ctrl Pts',(-54.964813250774,27.7050523751796,-3.6771031271814E-15));
#3148=CARTESIAN_POINT('Ctrl Pts',(-63.2282313685955,10.2039925403974,3.09085559984851E-15));
#3149=CARTESIAN_POINT('Ctrl Pts',(-70.8553836309081,-5.42329803041701,-2.19619835213349E-16));
#3150=CARTESIAN_POINT('Ctrl Pts',(-78.4207442169017,-19.5886085880259,1.72509389042238E-15));
#3151=CARTESIAN_POINT('Ctrl Pts',(-83.2728264410658,-27.9744252546194,6.93838413404113E-15));
#3152=CARTESIAN_POINT('Ctrl Pts',(-88.153755560969,-35.3451352574409,-8.18549270169986E-15));
#3153=CARTESIAN_POINT('Ctrl Pts',(-92.5835490137503,-40.557452017544,2.17188275137608E-15));
#3154=CARTESIAN_POINT('Ctrl Pts',(-95.9677959689021,-43.1187549972799,2.6260213681467E-15));
#3155=CARTESIAN_POINT('Ctrl Pts',(-98.196311255205,-44.0652231078871,2.62698098935259E-15));
#3156=CARTESIAN_POINT('Ctrl Pts',(-100.000016096181,-44.34251231229,1.13023738410693E-15));
#3157=CARTESIAN_POINT('Ctrl Pts',(-101.803682308231,-44.0651201240168,-3.4900648185213E-15));
#3158=CARTESIAN_POINT('Ctrl Pts',(-104.032293588239,-43.1193308565222,1.43959384247383E-17));
#3159=CARTESIAN_POINT('Ctrl Pts',(-107.416168868997,-40.5549232902691,1.23529342687543E-15));
#3160=CARTESIAN_POINT('Ctrl Pts',(-111.847621630529,-35.3537126863423,-2.60949481188846E-15));
#3161=CARTESIAN_POINT('Ctrl Pts',(-118.49666022888,-25.2750613674767,1.79140181974306E-15));
#3162=CARTESIAN_POINT('Ctrl Pts',(-124.282196640221,-14.6326435743466,-6.75725549370448E-15));
#3163=CARTESIAN_POINT('Ctrl Pts',(-131.570369588666,-0.44924396928334,2.44419118768219E-15));
#3164=CARTESIAN_POINT('Ctrl Pts',(-137.805500200631,12.3882341243371,-2.17850531165502E-15));
#3165=CARTESIAN_POINT('Ctrl Pts',(-145.034759593921,27.7068640673805,3.54033073214531E-15));
#3166=CARTESIAN_POINT('Ctrl Pts',(-149.085709536396,36.4624105078071,-2.77687200974311E-15));
#3167=CARTESIAN_POINT('Ctrl Pts',(-151.157457859254,40.9649322703824,3.31749685485136E-15));
#3168=CARTESIAN_POINT('Ctrl Pts',(-151.216780259942,41.0938573898874,-9.14875913758541E-15));
#3169=CARTESIAN_POINT('Ctrl Pts',(-151.276102660631,41.2227825093924,-9.15933995315754E-15));
#3170=CARTESIAN_POINT('',(-47.0849737787082,40.,2.));
#3171=CARTESIAN_POINT('Ctrl Pts',(-47.0849737787136,39.9999999999883,2.));
#3172=CARTESIAN_POINT('Ctrl Pts',(-47.0849865913096,39.9999721544282,2.));
#3173=CARTESIAN_POINT('Ctrl Pts',(-47.0849994039074,39.9999443088643,2.));
#3174=CARTESIAN_POINT('Ctrl Pts',(-49.0987420849366,35.6234859593988,2.));
#3175=CARTESIAN_POINT('Ctrl Pts',(-53.1519957527121,26.8597622230633,2.));
#3176=CARTESIAN_POINT('Ctrl Pts',(-61.4261904289993,9.33732334945057,2.));
#3177=CARTESIAN_POINT('Ctrl Pts',(-69.0658545713957,-6.31877320394289,2.));
#3178=CARTESIAN_POINT('Ctrl Pts',(-76.6705624642593,-20.5560026226574,2.));
#3179=CARTESIAN_POINT('Ctrl Pts',(-81.5625018672903,-29.0161684106274,2.));
#3180=CARTESIAN_POINT('Ctrl Pts',(-86.5334941840218,-36.5183937923078,2.));
#3181=CARTESIAN_POINT('Ctrl Pts',(-91.1323875957608,-41.9563429156243,2.));
#3182=CARTESIAN_POINT('Ctrl Pts',(-94.8920534146638,-44.8273751718858,2.));
#3183=CARTESIAN_POINT('Ctrl Pts',(-97.6118155055365,-46.0005023166655,2.));
#3184=CARTESIAN_POINT('Ctrl Pts',(-100.000042786522,-46.3751018656636,2.));
#3185=CARTESIAN_POINT('Ctrl Pts',(-102.388157114182,-46.0004093995609,2.));
#3186=CARTESIAN_POINT('Ctrl Pts',(-105.108193404388,-44.8278829824233,2.));
#3187=CARTESIAN_POINT('Ctrl Pts',(-108.866764234935,-41.9540829308212,2.));
#3188=CARTESIAN_POINT('Ctrl Pts',(-113.470080395429,-36.5259112312485,2.));
#3189=CARTESIAN_POINT('Ctrl Pts',(-120.235283619415,-26.2716566027,2.));
#3190=CARTESIAN_POINT('Ctrl Pts',(-126.047154681369,-15.5715681730023,2.));
#3191=CARTESIAN_POINT('Ctrl Pts',(-133.364256771238,-1.33544286280548,2.));
#3192=CARTESIAN_POINT('Ctrl Pts',(-139.608814548389,11.5242981527869,2.));
#3193=CARTESIAN_POINT('Ctrl Pts',(-146.847587508518,26.8615272158116,2.));
#3194=CARTESIAN_POINT('Ctrl Pts',(-150.901257915063,35.6234859593988,2.));
#3195=CARTESIAN_POINT('Ctrl Pts',(-152.915000596093,39.9999443088643,2.));
#3196=CARTESIAN_POINT('Ctrl Pts',(-152.91501340869,39.9999721544283,2.));
#3197=CARTESIAN_POINT('Ctrl Pts',(-152.915026221286,39.9999999999883,2.));
#3198=CARTESIAN_POINT('',(-48.7238973393669,41.2227825094091,0.));
#3199=CARTESIAN_POINT('Ctrl Pts',(-151.276102660631,41.2227825093924,-9.15933995315754E-15));
#3200=CARTESIAN_POINT('Ctrl Pts',(-151.216780259942,41.0938573898874,-9.14875913758541E-15));
#3201=CARTESIAN_POINT('Ctrl Pts',(-151.157457859254,40.9649322703824,3.31749685485136E-15));
#3202=CARTESIAN_POINT('Ctrl Pts',(-149.085709536396,36.4624105078071,-2.77687200974311E-15));
#3203=CARTESIAN_POINT('Ctrl Pts',(-145.034759593921,27.7068640673805,3.54033073214531E-15));
#3204=CARTESIAN_POINT('Ctrl Pts',(-137.805500200631,12.3882341243371,-2.17850531165502E-15));
#3205=CARTESIAN_POINT('Ctrl Pts',(-131.570369588666,-0.44924396928334,2.44419118768219E-15));
#3206=CARTESIAN_POINT('Ctrl Pts',(-124.282196640221,-14.6326435743466,-6.75725549370448E-15));
#3207=CARTESIAN_POINT('Ctrl Pts',(-118.49666022888,-25.2750613674767,1.79140181974306E-15));
#3208=CARTESIAN_POINT('Ctrl Pts',(-111.847621630529,-35.3537126863423,-2.60949481188846E-15));
#3209=CARTESIAN_POINT('Ctrl Pts',(-107.416168868997,-40.5549232902691,1.23529342687543E-15));
#3210=CARTESIAN_POINT('Ctrl Pts',(-104.032293588239,-43.1193308565222,1.43959384247383E-17));
#3211=CARTESIAN_POINT('Ctrl Pts',(-101.803682308231,-44.0651201240168,-3.4900648185213E-15));
#3212=CARTESIAN_POINT('Ctrl Pts',(-100.000016096181,-44.34251231229,1.13023738410693E-15));
#3213=CARTESIAN_POINT('Ctrl Pts',(-98.196311255205,-44.0652231078871,2.62698098935259E-15));
#3214=CARTESIAN_POINT('Ctrl Pts',(-95.9677959689021,-43.1187549972799,2.6260213681467E-15));
#3215=CARTESIAN_POINT('Ctrl Pts',(-92.5835490137503,-40.557452017544,2.17188275137608E-15));
#3216=CARTESIAN_POINT('Ctrl Pts',(-88.153755560969,-35.3451352574409,-8.18549270169986E-15));
#3217=CARTESIAN_POINT('Ctrl Pts',(-83.2728264410658,-27.9744252546194,6.93838413404113E-15));
#3218=CARTESIAN_POINT('Ctrl Pts',(-78.4207442169017,-19.5886085880259,1.72509389042238E-15));
#3219=CARTESIAN_POINT('Ctrl Pts',(-70.8553836309081,-5.42329803041701,-2.19619835213349E-16));
#3220=CARTESIAN_POINT('Ctrl Pts',(-63.2282313685955,10.2039925403974,3.09085559984851E-15));
#3221=CARTESIAN_POINT('Ctrl Pts',(-54.964813250774,27.7050523751796,-3.6771031271814E-15));
#3222=CARTESIAN_POINT('Ctrl Pts',(-50.9142904636038,36.4624105078071,7.9101456869266E-15));
#3223=CARTESIAN_POINT('Ctrl Pts',(-48.8425421407441,40.9649322703873,5.25924580335625E-15));
#3224=CARTESIAN_POINT('Ctrl Pts',(-48.7832197400532,41.0938573898972,7.24191471154361E-15));
#3225=CARTESIAN_POINT('Ctrl Pts',(-48.7238973393624,41.222782509407,7.21644966006352E-15));
#3226=CARTESIAN_POINT('Ctrl Pts',(-48.7238973393633,41.222782509405,7.21644966006352E-15));
#3227=CARTESIAN_POINT('Ctrl Pts',(-48.7221705037003,41.2214904880311,7.2213423636064E-15));
#3228=CARTESIAN_POINT('Ctrl Pts',(-48.7204436633128,41.2201984748337,3.33529526617361E-6));
#3229=CARTESIAN_POINT('Ctrl Pts',(-48.5170313064213,41.0680077616235,0.000789096172145751));
#3230=CARTESIAN_POINT('Ctrl Pts',(-48.3168287199551,40.9183832331951,0.0470593757870021));
#3231=CARTESIAN_POINT('Ctrl Pts',(-47.9406728417006,40.6375242918493,0.226250134299462));
#3232=CARTESIAN_POINT('Ctrl Pts',(-47.7674511050508,40.508325876123,0.357393146935288));
#3233=CARTESIAN_POINT('Ctrl Pts',(-47.4630286090625,40.2814244921521,0.69723421566771));
#3234=CARTESIAN_POINT('Ctrl Pts',(-47.3362621517086,40.1870290093345,0.905279995438604));
#3235=CARTESIAN_POINT('Ctrl Pts',(-47.1552555743815,40.052286163963,1.36743064759542));
#3236=CARTESIAN_POINT('Ctrl Pts',(-47.1018998086073,40.0125932093307,1.61617997921829));
#3237=CARTESIAN_POINT('Ctrl Pts',(-47.0861136381216,40.0008480581356,1.91391277838623));
#3238=CARTESIAN_POINT('Ctrl Pts',(-47.0849737787082,40.,1.95694978515349));
#3239=CARTESIAN_POINT('Ctrl Pts',(-47.0849737787082,40.,2.));
#3240=CARTESIAN_POINT('Origin',(-100.,100.,2.));
#3241=CARTESIAN_POINT('',(-40.,47.0849737787082,2.));
#3242=CARTESIAN_POINT('Origin',(-100.,100.,2.));
#3243=CARTESIAN_POINT('',(-41.2227825093924,48.7238973393691,0.));
#3244=CARTESIAN_POINT('Origin',(-100.,100.,0.));
#3245=CARTESIAN_POINT('Ctrl Pts',(-41.2227825093924,48.7238973393691,-8.32667268468867E-16));
#3246=CARTESIAN_POINT('Ctrl Pts',(-41.2214904880277,48.7221705037184,-8.40474748796207E-16));
#3247=CARTESIAN_POINT('Ctrl Pts',(-41.2201984748303,48.7204436632945,3.33529532436888E-6));
#3248=CARTESIAN_POINT('Ctrl Pts',(-41.0916058776518,48.548571656998,0.000667259063599463));
#3249=CARTESIAN_POINT('Ctrl Pts',(-40.9650871938621,48.3793162387076,0.0337007019982194));
#3250=CARTESIAN_POINT('Ctrl Pts',(-40.7232143825384,48.0554739792707,0.162310443508807));
#3251=CARTESIAN_POINT('Ctrl Pts',(-40.6090975526982,47.9025458826678,0.256972288828481));
#3252=CARTESIAN_POINT('Ctrl Pts',(-40.3785366897961,47.5933680134793,0.52968564955617));
#3253=CARTESIAN_POINT('Ctrl Pts',(-40.269760653937,47.4473518786956,0.719534744528741));
#3254=CARTESIAN_POINT('Ctrl Pts',(-40.1034895137854,47.2240594699229,1.15477033160847));
#3255=CARTESIAN_POINT('Ctrl Pts',(-40.0467790804479,47.1478439823238,1.39483153480385));
#3256=CARTESIAN_POINT('Ctrl Pts',(-40.0064294231547,47.0936157693539,1.76320086140542));
#3257=CARTESIAN_POINT('Ctrl Pts',(-40.,47.0849737787081,1.8814625813735));
#3258=CARTESIAN_POINT('Ctrl Pts',(-40.,47.0849737787081,2.));
#3259=CARTESIAN_POINT('Ctrl Pts',(-153.092993423369,159.61322464146,2.));
#3260=CARTESIAN_POINT('Ctrl Pts',(-153.033671022677,159.742149760974,2.));
#3261=CARTESIAN_POINT('Ctrl Pts',(-152.974348621984,159.871074880487,2.));
#3262=CARTESIAN_POINT('Ctrl Pts',(-150.901257915063,164.376514040601,2.));
#3263=CARTESIAN_POINT('Ctrl Pts',(-146.848067634278,173.140054299496,2.));
#3264=CARTESIAN_POINT('Ctrl Pts',(-138.573494241055,190.662875686427,2.));
#3265=CARTESIAN_POINT('Ctrl Pts',(-130.934404949995,206.319886873475,2.));
#3266=CARTESIAN_POINT('Ctrl Pts',(-123.329285990026,220.555436550142,2.));
#3267=CARTESIAN_POINT('Ctrl Pts',(-118.437953696354,229.016954270569,2.));
#3268=CARTESIAN_POINT('Ctrl Pts',(-113.466734498759,236.518451308357,2.));
#3269=CARTESIAN_POINT('Ctrl Pts',(-108.867729708062,241.956888103252,2.));
#3270=CARTESIAN_POINT('Ctrl Pts',(-105.107758163149,244.826926903736,2.));
#3271=CARTESIAN_POINT('Ctrl Pts',(-102.388153152167,246.000081577715,2.));
#3272=CARTESIAN_POINT('Ctrl Pts',(-99.9999407400637,246.374628134546,2.));
#3273=CARTESIAN_POINT('Ctrl Pts',(-97.6118205155119,246.000013365022,2.));
#3274=CARTESIAN_POINT('Ctrl Pts',(-94.8919818883926,244.82735432199,2.));
#3275=CARTESIAN_POINT('Ctrl Pts',(-91.1329141749511,241.955028730473,2.));
#3276=CARTESIAN_POINT('Ctrl Pts',(-86.5297795478809,236.525463393886,2.));
#3277=CARTESIAN_POINT('Ctrl Pts',(-79.7651704565449,226.272058994821,2.));
#3278=CARTESIAN_POINT('Ctrl Pts',(-70.4646060921462,209.150423779911,2.));
#3279=CARTESIAN_POINT('Ctrl Pts',(-61.4212355518187,190.669007364925,2.));
#3280=CARTESIAN_POINT('Ctrl Pts',(-53.1539826623001,173.137313409186,2.));
#3281=CARTESIAN_POINT('Ctrl Pts',(-49.0987420849366,164.376514040601,2.));
#3282=CARTESIAN_POINT('Ctrl Pts',(-47.0256513780196,159.871074880495,2.));
#3283=CARTESIAN_POINT('Ctrl Pts',(-46.966328977331,159.74214976099,2.));
#3284=CARTESIAN_POINT('Ctrl Pts',(-46.9070065766424,159.613224641485,2.));
#3285=CARTESIAN_POINT('Ctrl Pts',(-153.092993423369,159.61322464146,1.40160139931623));
#3286=CARTESIAN_POINT('Ctrl Pts',(-153.033671022677,159.742149760974,1.40160139931624));
#3287=CARTESIAN_POINT('Ctrl Pts',(-152.974348621984,159.871074880487,1.40160139931623));
#3288=CARTESIAN_POINT('Ctrl Pts',(-150.901257915063,164.376514040601,1.40160139931623));
#3289=CARTESIAN_POINT('Ctrl Pts',(-146.848067634278,173.140054299496,1.40160139931623));
#3290=CARTESIAN_POINT('Ctrl Pts',(-138.573494241055,190.662875686427,1.40160139931623));
#3291=CARTESIAN_POINT('Ctrl Pts',(-130.934404949995,206.319886873475,1.40160139931623));
#3292=CARTESIAN_POINT('Ctrl Pts',(-123.329285990026,220.555436550142,1.40160139931623));
#3293=CARTESIAN_POINT('Ctrl Pts',(-118.437953696354,229.016954270569,1.40160139931624));
#3294=CARTESIAN_POINT('Ctrl Pts',(-113.466734498759,236.518451308357,1.40160139931622));
#3295=CARTESIAN_POINT('Ctrl Pts',(-108.867729708062,241.956888103252,1.40160139931624));
#3296=CARTESIAN_POINT('Ctrl Pts',(-105.107758163149,244.826926903736,1.40160139931622));
#3297=CARTESIAN_POINT('Ctrl Pts',(-102.388153152167,246.000081577715,1.40160139931623));
#3298=CARTESIAN_POINT('Ctrl Pts',(-99.9999407400637,246.374628134546,1.40160139931623));
#3299=CARTESIAN_POINT('Ctrl Pts',(-97.6118205155119,246.000013365022,1.40160139931623));
#3300=CARTESIAN_POINT('Ctrl Pts',(-94.8919818883926,244.82735432199,1.40160139931623));
#3301=CARTESIAN_POINT('Ctrl Pts',(-91.1329141749511,241.955028730473,1.40160139931623));
#3302=CARTESIAN_POINT('Ctrl Pts',(-86.5297795478809,236.525463393886,1.40160139931623));
#3303=CARTESIAN_POINT('Ctrl Pts',(-79.7651704565449,226.272058994821,1.40160139931623));
#3304=CARTESIAN_POINT('Ctrl Pts',(-70.4646060921462,209.150423779911,1.40160139931623));
#3305=CARTESIAN_POINT('Ctrl Pts',(-61.4212355518187,190.669007364925,1.40160139931623));
#3306=CARTESIAN_POINT('Ctrl Pts',(-53.1539826623001,173.137313409186,1.40160139931623));
#3307=CARTESIAN_POINT('Ctrl Pts',(-49.0987420849366,164.376514040601,1.40160139931623));
#3308=CARTESIAN_POINT('Ctrl Pts',(-47.0256513780196,159.871074880495,1.40160139931622));
#3309=CARTESIAN_POINT('Ctrl Pts',(-46.966328977331,159.74214976099,1.40160139931624));
#3310=CARTESIAN_POINT('Ctrl Pts',(-46.9070065766424,159.613224641485,1.40160139931623));
#3311=CARTESIAN_POINT('Ctrl Pts',(-152.636363011087,159.403114987205,0.366070504455883));
#3312=CARTESIAN_POINT('Ctrl Pts',(-152.577040610395,159.532040106718,0.36607050445588));
#3313=CARTESIAN_POINT('Ctrl Pts',(-152.517718209702,159.660965226232,0.366070504455889));
#3314=CARTESIAN_POINT('Ctrl Pts',(-150.444868393365,164.165783481073,0.366070504455876));
#3315=CARTESIAN_POINT('Ctrl Pts',(-146.392492184269,172.927558649012,0.366070504455866));
#3316=CARTESIAN_POINT('Ctrl Pts',(-138.120648201554,190.445041988464,0.366070504455869));
#3317=CARTESIAN_POINT('Ctrl Pts',(-130.484499399742,206.09494641389,0.366070504455875));
#3318=CARTESIAN_POINT('Ctrl Pts',(-122.889625809518,220.312189361447,0.366070504455868));
#3319=CARTESIAN_POINT('Ctrl Pts',(-118.007545600057,228.755352216798,0.366070504455876));
#3320=CARTESIAN_POINT('Ctrl Pts',(-113.059906849965,236.223439672327,0.36607050445586));
#3321=CARTESIAN_POINT('Ctrl Pts',(-108.501957551428,241.605379508257,0.366070504455868));
#3322=CARTESIAN_POINT('Ctrl Pts',(-104.838296948024,244.396995927919,0.366070504455858));
#3323=CARTESIAN_POINT('Ctrl Pts',(-102.241018385044,245.514408839621,0.366070504455865));
#3324=CARTESIAN_POINT('Ctrl Pts',(-99.9998700843008,245.863436594334,0.366070504455869));
#3325=CARTESIAN_POINT('Ctrl Pts',(-97.7591715761366,245.514410065427,0.366070504455871));
#3326=CARTESIAN_POINT('Ctrl Pts',(-95.1611853876255,244.397291517414,0.366070504455869));
#3327=CARTESIAN_POINT('Ctrl Pts',(-91.4989989871835,241.603694898003,0.366070504455866));
#3328=CARTESIAN_POINT('Ctrl Pts',(-86.9369832028278,236.230598641526,0.36607050445587));
#3329=CARTESIAN_POINT('Ctrl Pts',(-80.2023801564075,226.021680148528,0.366070504455868));
#3330=CARTESIAN_POINT('Ctrl Pts',(-70.9123195334355,208.923216607861,0.366070504455868));
#3331=CARTESIAN_POINT('Ctrl Pts',(-61.8747782743389,190.451581900212,0.366070504455868));
#3332=CARTESIAN_POINT('Ctrl Pts',(-53.6093513630062,172.924711264128,0.366070504455867));
#3333=CARTESIAN_POINT('Ctrl Pts',(-49.5549423572829,164.16565346864,0.366070504455861));
#3334=CARTESIAN_POINT('Ctrl Pts',(-47.4822817903014,159.66096522624,0.366070504455868));
#3335=CARTESIAN_POINT('Ctrl Pts',(-47.4229593896128,159.532040106735,0.366070504455874));
#3336=CARTESIAN_POINT('Ctrl Pts',(-47.3636369889242,159.40311498723,0.366070504455871));
#3337=CARTESIAN_POINT('Ctrl Pts',(-151.683811994396,158.96481705655,1.58481591108188E-14));
#3338=CARTESIAN_POINT('Ctrl Pts',(-151.624489593704,159.093742176064,1.31518228104989E-14));
#3339=CARTESIAN_POINT('Ctrl Pts',(-151.565167193012,159.222667295577,1.64012493618865E-14));
#3340=CARTESIAN_POINT('Ctrl Pts',(-149.493060884656,163.725909785138,7.63984914186294E-15));
#3341=CARTESIAN_POINT('Ctrl Pts',(-145.442068746554,172.484415124909,-3.83373124036137E-15));
#3342=CARTESIAN_POINT('Ctrl Pts',(-137.175865399933,189.990660150614,2.25928506530911E-16));
#3343=CARTESIAN_POINT('Ctrl Pts',(-129.546363029255,205.6254696914,6.26517507059701E-15));
#3344=CARTESIAN_POINT('Ctrl Pts',(-121.97199275025,219.80502824828,-1.18240631601217E-15));
#3345=CARTESIAN_POINT('Ctrl Pts',(-117.110931970165,228.209169911343,5.91654774964349E-15));
#3346=CARTESIAN_POINT('Ctrl Pts',(-112.210197873555,235.608375455919,-8.40397948686339E-15));
#3347=CARTESIAN_POINT('Ctrl Pts',(-107.741431644664,240.871882251765,-5.89585750053902E-15));
#3348=CARTESIAN_POINT('Ctrl Pts',(-104.274003390047,243.501401209362,-7.73819652303819E-15));
#3349=CARTESIAN_POINT('Ctrl Pts',(-101.934691008848,244.499567058801,-7.57027740867311E-15));
#3350=CARTESIAN_POINT('Ctrl Pts',(-99.9999220073745,244.797992547479,-1.93563143323349E-15));
#3351=CARTESIAN_POINT('Ctrl Pts',(-98.0654131013796,244.499535796211,5.06758043883347E-16));
#3352=CARTESIAN_POINT('Ctrl Pts',(-95.7256922459684,243.501794754514,-1.63447257186133E-15));
#3353=CARTESIAN_POINT('Ctrl Pts',(-92.2590809924713,240.869977786039,-3.50873291933173E-15));
#3354=CARTESIAN_POINT('Ctrl Pts',(-87.7879875843783,235.616181600851,-1.83895217347297E-16));
#3355=CARTESIAN_POINT('Ctrl Pts',(-81.1133711761467,225.498961020257,-1.37497225079208E-15));
#3356=CARTESIAN_POINT('Ctrl Pts',(-71.8471244401687,208.449610414003,-3.84513291848243E-15));
#3357=CARTESIAN_POINT('Ctrl Pts',(-62.8205513616593,189.997843498001,2.72669319445145E-16));
#3358=CARTESIAN_POINT('Ctrl Pts',(-54.5593123423654,172.481270051542,-5.0621487130682E-15));
#3359=CARTESIAN_POINT('Ctrl Pts',(-50.506827792745,163.725833307614,-7.56531303806625E-15));
#3360=CARTESIAN_POINT('Ctrl Pts',(-48.4348328069922,159.222667295585,4.95099599484224E-16));
#3361=CARTESIAN_POINT('Ctrl Pts',(-48.3755104063036,159.09374217608,-2.98016930977243E-15));
#3362=CARTESIAN_POINT('Ctrl Pts',(-48.316188005615,158.964817056575,-4.17796267961564E-15));
#3363=CARTESIAN_POINT('Ctrl Pts',(-151.276102660642,158.777217490583,1.58206781009085E-14));
#3364=CARTESIAN_POINT('Ctrl Pts',(-151.21678025995,158.906142610096,1.58086472264722E-14));
#3365=CARTESIAN_POINT('Ctrl Pts',(-151.157457859258,159.035067729609,7.20701018907938E-15));
#3366=CARTESIAN_POINT('Ctrl Pts',(-149.085709536396,163.537589492193,7.61236813195262E-15));
#3367=CARTESIAN_POINT('Ctrl Pts',(-145.035257995545,172.294763278337,-3.86121225027169E-15));
#3368=CARTESIAN_POINT('Ctrl Pts',(-136.77146019744,189.796181124839,1.984474966206E-16));
#3369=CARTESIAN_POINT('Ctrl Pts',(-129.144887143408,205.424485265588,6.2376940606867E-15));
#3370=CARTESIAN_POINT('Ctrl Pts',(-121.579149329226,219.587997381362,-1.20988732592248E-15));
#3371=CARTESIAN_POINT('Ctrl Pts',(-116.727368811599,227.975316498212,5.88906673973318E-15));
#3372=CARTESIAN_POINT('Ctrl Pts',(-111.846333849483,235.345173240546,-8.4314604967737E-15));
#3373=CARTESIAN_POINT('Ctrl Pts',(-107.416323419619,240.557893198943,-5.92333851044933E-15));
#3374=CARTESIAN_POINT('Ctrl Pts',(-104.032114876434,243.11827805897,-7.7656775329485E-15));
#3375=CARTESIAN_POINT('Ctrl Pts',(-101.803676588724,244.064914548305,-7.59775841858342E-15));
#3376=CARTESIAN_POINT('Ctrl Pts',(-99.999977106212,244.342115305733,-1.9631124431438E-15));
#3377=CARTESIAN_POINT('Ctrl Pts',(-98.196302195068,244.064840129652,4.79277033973036E-16));
#3378=CARTESIAN_POINT('Ctrl Pts',(-95.96779591044,243.118775046234,-1.66195358177164E-15));
#3379=CARTESIAN_POINT('Ctrl Pts',(-92.5838184266809,240.555798237341,-3.53621392924204E-15));
#3380=CARTESIAN_POINT('Ctrl Pts',(-88.1524903564136,235.353312595082,-2.11376227257608E-16));
#3381=CARTESIAN_POINT('Ctrl Pts',(-81.5031192865883,225.275158702345,-1.40245326070239E-15));
#3382=CARTESIAN_POINT('Ctrl Pts',(-72.2473791497791,208.246957295824,-3.87261392839274E-15));
#3383=CARTESIAN_POINT('Ctrl Pts',(-63.2253040533208,189.803605541179,2.45188309534834E-16));
#3384=CARTESIAN_POINT('Ctrl Pts',(-54.9659200114881,172.291478329922,-5.08962972297851E-15));
#3385=CARTESIAN_POINT('Ctrl Pts',(-50.9142904636038,163.537589492193,-7.59279404797656E-15));
#3386=CARTESIAN_POINT('Ctrl Pts',(-48.8425421407463,159.035067729618,2.73561050096213E-16));
#3387=CARTESIAN_POINT('Ctrl Pts',(-48.7832197400577,158.906142610113,-7.52719792179957E-15));
#3388=CARTESIAN_POINT('Ctrl Pts',(-48.7238973393691,158.777217490608,-7.49400541621981E-15));
#3389=CARTESIAN_POINT('',(-48.7238973393691,158.777217490608,0.));
#3390=CARTESIAN_POINT('Ctrl Pts',(-48.7238973393691,158.777217490608,-7.49400541621981E-15));
#3391=CARTESIAN_POINT('Ctrl Pts',(-48.7832197400577,158.906142610113,-7.52719792179957E-15));
#3392=CARTESIAN_POINT('Ctrl Pts',(-48.8425421407463,159.035067729618,2.73561050096213E-16));
#3393=CARTESIAN_POINT('Ctrl Pts',(-50.9142904636038,163.537589492193,-7.59279404797656E-15));
#3394=CARTESIAN_POINT('Ctrl Pts',(-54.9659200114881,172.291478329922,-5.08962972297851E-15));
#3395=CARTESIAN_POINT('Ctrl Pts',(-63.2253040533208,189.803605541179,2.45188309534834E-16));
#3396=CARTESIAN_POINT('Ctrl Pts',(-72.2473791497791,208.246957295824,-3.87261392839274E-15));
#3397=CARTESIAN_POINT('Ctrl Pts',(-81.5031192865883,225.275158702345,-1.40245326070239E-15));
#3398=CARTESIAN_POINT('Ctrl Pts',(-88.1524903564136,235.353312595082,-2.11376227257608E-16));
#3399=CARTESIAN_POINT('Ctrl Pts',(-92.5838184266809,240.555798237341,-3.53621392924204E-15));
#3400=CARTESIAN_POINT('Ctrl Pts',(-95.96779591044,243.118775046234,-1.66195358177164E-15));
#3401=CARTESIAN_POINT('Ctrl Pts',(-98.196302195068,244.064840129652,4.79277033973036E-16));
#3402=CARTESIAN_POINT('Ctrl Pts',(-99.999977106212,244.342115305733,-1.9631124431438E-15));
#3403=CARTESIAN_POINT('Ctrl Pts',(-101.803676588724,244.064914548305,-7.59775841858342E-15));
#3404=CARTESIAN_POINT('Ctrl Pts',(-104.032114876434,243.11827805897,-7.7656775329485E-15));
#3405=CARTESIAN_POINT('Ctrl Pts',(-107.416323419619,240.557893198943,-5.92333851044933E-15));
#3406=CARTESIAN_POINT('Ctrl Pts',(-111.846333849483,235.345173240546,-8.4314604967737E-15));
#3407=CARTESIAN_POINT('Ctrl Pts',(-116.727368811599,227.975316498212,5.88906673973318E-15));
#3408=CARTESIAN_POINT('Ctrl Pts',(-121.579149329226,219.587997381362,-1.20988732592248E-15));
#3409=CARTESIAN_POINT('Ctrl Pts',(-129.144887143408,205.424485265588,6.2376940606867E-15));
#3410=CARTESIAN_POINT('Ctrl Pts',(-136.77146019744,189.796181124839,1.984474966206E-16));
#3411=CARTESIAN_POINT('Ctrl Pts',(-145.035257995545,172.294763278337,-3.86121225027169E-15));
#3412=CARTESIAN_POINT('Ctrl Pts',(-149.085709536396,163.537589492193,7.61236813195262E-15));
#3413=CARTESIAN_POINT('Ctrl Pts',(-151.157457859258,159.035067729609,7.20701018907938E-15));
#3414=CARTESIAN_POINT('Ctrl Pts',(-151.21678025995,158.906142610096,1.58086472264722E-14));
#3415=CARTESIAN_POINT('Ctrl Pts',(-151.276102660642,158.777217490583,1.58206781009085E-14));
#3416=CARTESIAN_POINT('',(-47.0849737787082,160.,2.));
#3417=CARTESIAN_POINT('Ctrl Pts',(-152.915026221286,160.000000000012,2.));
#3418=CARTESIAN_POINT('Ctrl Pts',(-152.91501340869,160.000027845572,2.));
#3419=CARTESIAN_POINT('Ctrl Pts',(-152.915000596093,160.000055691136,2.));
#3420=CARTESIAN_POINT('Ctrl Pts',(-150.901257915063,164.376514040601,2.));
#3421=CARTESIAN_POINT('Ctrl Pts',(-146.848067634278,173.140054299496,2.));
#3422=CARTESIAN_POINT('Ctrl Pts',(-138.573494241055,190.662875686427,2.));
#3423=CARTESIAN_POINT('Ctrl Pts',(-130.934404949995,206.319886873475,2.));
#3424=CARTESIAN_POINT('Ctrl Pts',(-123.329285990026,220.555436550142,2.));
#3425=CARTESIAN_POINT('Ctrl Pts',(-118.437953696354,229.016954270569,2.));
#3426=CARTESIAN_POINT('Ctrl Pts',(-113.466734498759,236.518451308357,2.));
#3427=CARTESIAN_POINT('Ctrl Pts',(-108.867729708062,241.956888103252,2.));
#3428=CARTESIAN_POINT('Ctrl Pts',(-105.107758163149,244.826926903736,2.));
#3429=CARTESIAN_POINT('Ctrl Pts',(-102.388153152167,246.000081577715,2.));
#3430=CARTESIAN_POINT('Ctrl Pts',(-99.9999407400637,246.374628134546,2.));
#3431=CARTESIAN_POINT('Ctrl Pts',(-97.6118205155119,246.000013365022,2.));
#3432=CARTESIAN_POINT('Ctrl Pts',(-94.8919818883926,244.82735432199,2.));
#3433=CARTESIAN_POINT('Ctrl Pts',(-91.1329141749511,241.955028730473,2.));
#3434=CARTESIAN_POINT('Ctrl Pts',(-86.5297795478809,236.525463393886,2.));
#3435=CARTESIAN_POINT('Ctrl Pts',(-79.7651704565449,226.272058994821,2.));
#3436=CARTESIAN_POINT('Ctrl Pts',(-70.4646060921462,209.150423779911,2.));
#3437=CARTESIAN_POINT('Ctrl Pts',(-61.4212355518187,190.669007364925,2.));
#3438=CARTESIAN_POINT('Ctrl Pts',(-53.1539826623001,173.137313409186,2.));
#3439=CARTESIAN_POINT('Ctrl Pts',(-49.0987420849366,164.376514040601,2.));
#3440=CARTESIAN_POINT('Ctrl Pts',(-47.0849994039073,160.000055691136,2.));
#3441=CARTESIAN_POINT('Ctrl Pts',(-47.0849865913096,160.000027845572,2.));
#3442=CARTESIAN_POINT('Ctrl Pts',(-47.0849737787136,160.000000000012,2.));
#3443=CARTESIAN_POINT('Ctrl Pts',(-48.7238973393691,158.777217490608,-7.49400541621981E-15));
#3444=CARTESIAN_POINT('Ctrl Pts',(-48.7221705037222,158.778509511969,-7.47852977066284E-15));
#3445=CARTESIAN_POINT('Ctrl Pts',(-48.7204436632858,158.779801525168,3.33529533903483E-6));
#3446=CARTESIAN_POINT('Ctrl Pts',(-48.5485716572329,158.908394122372,0.000667259063167725));
#3447=CARTESIAN_POINT('Ctrl Pts',(-48.3793162387326,159.034912806119,0.0337007019881675));
#3448=CARTESIAN_POINT('Ctrl Pts',(-48.0554739792702,159.276785617462,0.16231044350909));
#3449=CARTESIAN_POINT('Ctrl Pts',(-47.9025458826676,159.390902447302,0.256972288828636));
#3450=CARTESIAN_POINT('Ctrl Pts',(-47.5933680134794,159.621463310204,0.52968564955609));
#3451=CARTESIAN_POINT('Ctrl Pts',(-47.4473518786957,159.730239346063,0.71953474452866));
#3452=CARTESIAN_POINT('Ctrl Pts',(-47.2240594699229,159.896510486215,1.15477033160839));
#3453=CARTESIAN_POINT('Ctrl Pts',(-47.1478439823238,159.953220919552,1.3948315348038));
#3454=CARTESIAN_POINT('Ctrl Pts',(-47.0936157693539,159.993570576845,1.76320086140569));
#3455=CARTESIAN_POINT('Ctrl Pts',(-47.0849737787082,160.,1.88146258137364));
#3456=CARTESIAN_POINT('Ctrl Pts',(-47.0849737787082,160.,2.));
#3457=CARTESIAN_POINT('Ctrl Pts',(-40.3867753585295,153.092993423364,2.));
#3458=CARTESIAN_POINT('Ctrl Pts',(-40.2578502390197,153.033671022674,2.));
#3459=CARTESIAN_POINT('Ctrl Pts',(-40.1289251195098,152.974348621983,2.));
#3460=CARTESIAN_POINT('Ctrl Pts',(-35.6234859593988,150.901257915063,2.));
#3461=CARTESIAN_POINT('Ctrl Pts',(-26.8597712450005,146.847997315634,2.));
#3462=CARTESIAN_POINT('Ctrl Pts',(-9.33734493900982,138.573811863939,2.));
#3463=CARTESIAN_POINT('Ctrl Pts',(6.31888978203855,130.934186764524,2.));
#3464=CARTESIAN_POINT('Ctrl Pts',(20.5558954104488,123.329394718737,2.));
#3465=CARTESIAN_POINT('Ctrl Pts',(29.0162837567636,118.437560589481,2.));
#3466=CARTESIAN_POINT('Ctrl Pts',(36.518374724616,113.466529658008,2.));
#3467=CARTESIAN_POINT('Ctrl Pts',(41.956433060434,108.86762978282,2.));
#3468=CARTESIAN_POINT('Ctrl Pts',(44.8272909873907,105.10792899175,2.));
#3469=CARTESIAN_POINT('Ctrl Pts',(46.0004574717999,102.388184619667,2.));
#3470=CARTESIAN_POINT('Ctrl Pts',(46.374955077121,99.9999999999998,2.));
#3471=CARTESIAN_POINT('Ctrl Pts',(46.0004574717998,97.6118153803324,2.));
#3472=CARTESIAN_POINT('Ctrl Pts',(44.8272909873906,94.8920710082495,2.));
#3473=CARTESIAN_POINT('Ctrl Pts',(41.9564330604339,91.1323702171803,2.));
#3474=CARTESIAN_POINT('Ctrl Pts',(36.5183747246158,86.5334703419918,2.));
#3475=CARTESIAN_POINT('Ctrl Pts',(29.0162837567634,81.5624394105188,2.));
#3476=CARTESIAN_POINT('Ctrl Pts',(20.5558954104472,76.6706052812624,2.));
#3477=CARTESIAN_POINT('Ctrl Pts',(6.31888978203092,69.0658132354717,2.));
#3478=CARTESIAN_POINT('Ctrl Pts',(-9.33734493902284,61.4261881360542,2.));
#3479=CARTESIAN_POINT('Ctrl Pts',(-26.8597712450008,53.1520026843663,2.));
#3480=CARTESIAN_POINT('Ctrl Pts',(-35.6234859593989,49.0987420849365,2.));
#3481=CARTESIAN_POINT('Ctrl Pts',(-40.1289251195051,47.0256513780195,2.));
#3482=CARTESIAN_POINT('Ctrl Pts',(-40.25785023901,46.9663289773309,2.));
#3483=CARTESIAN_POINT('Ctrl Pts',(-40.3867753585149,46.9070065766424,2.));
#3484=CARTESIAN_POINT('Ctrl Pts',(-40.3867753585295,153.092993423364,1.40160139931623));
#3485=CARTESIAN_POINT('Ctrl Pts',(-40.2578502390197,153.033671022674,1.40160139931624));
#3486=CARTESIAN_POINT('Ctrl Pts',(-40.1289251195098,152.974348621983,1.40160139931622));
#3487=CARTESIAN_POINT('Ctrl Pts',(-35.6234859593988,150.901257915063,1.40160139931623));
#3488=CARTESIAN_POINT('Ctrl Pts',(-26.8597712450005,146.847997315634,1.40160139931623));
#3489=CARTESIAN_POINT('Ctrl Pts',(-9.33734493900982,138.573811863939,1.40160139931623));
#3490=CARTESIAN_POINT('Ctrl Pts',(6.31888978203855,130.934186764524,1.40160139931623));
#3491=CARTESIAN_POINT('Ctrl Pts',(20.5558954104488,123.329394718737,1.40160139931623));
#3492=CARTESIAN_POINT('Ctrl Pts',(29.0162837567636,118.437560589481,1.40160139931623));
#3493=CARTESIAN_POINT('Ctrl Pts',(36.518374724616,113.466529658008,1.40160139931623));
#3494=CARTESIAN_POINT('Ctrl Pts',(41.956433060434,108.86762978282,1.40160139931623));
#3495=CARTESIAN_POINT('Ctrl Pts',(44.8272909873907,105.10792899175,1.40160139931623));
#3496=CARTESIAN_POINT('Ctrl Pts',(46.0004574717999,102.388184619667,1.40160139931623));
#3497=CARTESIAN_POINT('Ctrl Pts',(46.374955077121,99.9999999999998,1.40160139931623));
#3498=CARTESIAN_POINT('Ctrl Pts',(46.0004574717998,97.6118153803324,1.40160139931622));
#3499=CARTESIAN_POINT('Ctrl Pts',(44.8272909873906,94.8920710082495,1.40160139931624));
#3500=CARTESIAN_POINT('Ctrl Pts',(41.9564330604339,91.1323702171803,1.40160139931622));
#3501=CARTESIAN_POINT('Ctrl Pts',(36.5183747246158,86.5334703419918,1.40160139931624));
#3502=CARTESIAN_POINT('Ctrl Pts',(29.0162837567634,81.5624394105188,1.40160139931623));
#3503=CARTESIAN_POINT('Ctrl Pts',(20.5558954104472,76.6706052812624,1.40160139931623));
#3504=CARTESIAN_POINT('Ctrl Pts',(6.31888978203092,69.0658132354717,1.40160139931623));
#3505=CARTESIAN_POINT('Ctrl Pts',(-9.33734493902284,61.4261881360542,1.40160139931623));
#3506=CARTESIAN_POINT('Ctrl Pts',(-26.8597712450008,53.1520026843663,1.40160139931623));
#3507=CARTESIAN_POINT('Ctrl Pts',(-35.6234859593989,49.0987420849365,1.40160139931623));
#3508=CARTESIAN_POINT('Ctrl Pts',(-40.1289251195051,47.0256513780195,1.40160139931623));
#3509=CARTESIAN_POINT('Ctrl Pts',(-40.25785023901,46.9663289773309,1.40160139931623));
#3510=CARTESIAN_POINT('Ctrl Pts',(-40.3867753585149,46.9070065766424,1.40160139931623));
#3511=CARTESIAN_POINT('Ctrl Pts',(-40.5968666595325,152.636402898127,0.366017822336673));
#3512=CARTESIAN_POINT('Ctrl Pts',(-40.4679415400227,152.577080497436,0.36601782233667));
#3513=CARTESIAN_POINT('Ctrl Pts',(-40.3390164205128,152.517758096745,0.366017822336678));
#3514=CARTESIAN_POINT('Ctrl Pts',(-35.83419715558,150.444905434962,0.366017822336677));
#3515=CARTESIAN_POINT('Ctrl Pts',(-27.0722557729586,146.392468325036,0.366017822336674));
#3516=CARTESIAN_POINT('Ctrl Pts',(-9.55512670841934,138.120976192449,0.36601782233668));
#3517=CARTESIAN_POINT('Ctrl Pts',(6.09392810960539,130.484340804487,0.36601782233668));
#3518=CARTESIAN_POINT('Ctrl Pts',(20.3126987429562,122.88973406249,0.366017822336678));
#3519=CARTESIAN_POINT('Ctrl Pts',(28.7546376278803,118.007353074707,0.366017822336681));
#3520=CARTESIAN_POINT('Ctrl Pts',(36.2234102985299,113.059806200995,0.36601782233667));
#3521=CARTESIAN_POINT('Ctrl Pts',(41.6050004676629,108.502044570464,0.366017822336679));
#3522=CARTESIAN_POINT('Ctrl Pts',(44.397437489198,104.838423544135,0.366017822336677));
#3523=CARTESIAN_POINT('Ctrl Pts',(45.5147239408817,102.241023679551,0.366017822336679));
#3524=CARTESIAN_POINT('Ctrl Pts',(45.8638202904026,99.9999999999999,0.366017822336679));
#3525=CARTESIAN_POINT('Ctrl Pts',(45.5147239408817,97.7589763204492,0.366017822336674));
#3526=CARTESIAN_POINT('Ctrl Pts',(44.397437489198,95.1615764558645,0.366017822336682));
#3527=CARTESIAN_POINT('Ctrl Pts',(41.6050004676628,91.4979554295358,0.36601782233668));
#3528=CARTESIAN_POINT('Ctrl Pts',(36.2234102985297,86.9401937990053,0.366017822336686));
#3529=CARTESIAN_POINT('Ctrl Pts',(28.7546376278801,81.9926469252925,0.366017822336677));
#3530=CARTESIAN_POINT('Ctrl Pts',(20.3126987429546,77.1102659375095,0.366017822336681));
#3531=CARTESIAN_POINT('Ctrl Pts',(6.09392810959777,69.5156591955084,0.36601782233668));
#3532=CARTESIAN_POINT('Ctrl Pts',(-9.55512670843237,61.8790238075452,0.366017822336675));
#3533=CARTESIAN_POINT('Ctrl Pts',(-27.0722557729589,53.6075316749639,0.36601782233668));
#3534=CARTESIAN_POINT('Ctrl Pts',(-35.8341971555801,49.5550945650384,0.366017822336679));
#3535=CARTESIAN_POINT('Ctrl Pts',(-40.339016420508,47.4822419032572,0.366017822336671));
#3536=CARTESIAN_POINT('Ctrl Pts',(-40.467941540013,47.4229195025686,0.36601782233668));
#3537=CARTESIAN_POINT('Ctrl Pts',(-40.5968666595179,47.36359710188,0.366017822336674));
#3538=CARTESIAN_POINT('Ctrl Pts',(-41.0351829434395,151.683811994392,-1.3038342475801E-14));
#3539=CARTESIAN_POINT('Ctrl Pts',(-40.9062578239296,151.624489593701,-1.72818244889891E-14));
#3540=CARTESIAN_POINT('Ctrl Pts',(-40.7773327044198,151.56516719301,2.53212401308976E-15));
#3541=CARTESIAN_POINT('Ctrl Pts',(-36.2740872916965,149.493057153169,-7.9127821801721E-16));
#3542=CARTESIAN_POINT('Ctrl Pts',(-27.5154161321502,145.441998846912,-4.96240123071817E-15));
#3543=CARTESIAN_POINT('Ctrl Pts',(-10.009525504213,137.176162510816,2.40288586394944E-15));
#3544=CARTESIAN_POINT('Ctrl Pts',(5.62441012451401,129.546141200936,-1.16192915051378E-16));
#3545=CARTESIAN_POINT('Ctrl Pts',(19.8055246282407,121.972061458204,1.46890207784674E-15));
#3546=CARTESIAN_POINT('Ctrl Pts',(28.2084061062148,117.110769656531,1.3588804832744E-15));
#3547=CARTESIAN_POINT('Ctrl Pts',(35.6083197065446,112.210122595205,-8.40186766704749E-15));
#3548=CARTESIAN_POINT('Ctrl Pts',(40.8715129985331,107.741536955814,3.21456323159735E-16));
#3549=CARTESIAN_POINT('Ctrl Pts',(43.5017913732421,104.274095731518,-2.21184427086167E-15));
#3550=CARTESIAN_POINT('Ctrl Pts',(44.4998343605475,101.93468281924,1.72515052494342E-15));
#3551=CARTESIAN_POINT('Ctrl Pts',(44.7982695148025,99.9999999999999,-5.10955146981699E-16));
#3552=CARTESIAN_POINT('Ctrl Pts',(44.4998343605474,98.0653171807601,-1.70658496362578E-15));
#3553=CARTESIAN_POINT('Ctrl Pts',(43.501791373242,95.7259042684819,2.22006610890422E-15));
#3554=CARTESIAN_POINT('Ctrl Pts',(40.871512998533,92.2584630441862,5.6920726240724E-15));
#3555=CARTESIAN_POINT('Ctrl Pts',(35.6083197065444,87.7898774047952,7.12700229713779E-15));
#3556=CARTESIAN_POINT('Ctrl Pts',(28.2084061062147,82.8892303434685,9.75610285716938E-16));
#3557=CARTESIAN_POINT('Ctrl Pts',(19.8055246282391,78.0279385417949,4.00148625600312E-15));
#3558=CARTESIAN_POINT('Ctrl Pts',(5.6244101245064,70.4538587990598,-7.91668135777015E-18));
#3559=CARTESIAN_POINT('Ctrl Pts',(-10.0095255042261,62.8238374891779,-1.01456692629217E-15));
#3560=CARTESIAN_POINT('Ctrl Pts',(-27.5154161321505,54.5580011530881,-2.20248937807688E-15));
#3561=CARTESIAN_POINT('Ctrl Pts',(-36.2740872916967,50.5069428468305,3.83093050436015E-15));
#3562=CARTESIAN_POINT('Ctrl Pts',(-40.777332704415,48.4348328069922,-4.0499968019428E-15));
#3563=CARTESIAN_POINT('Ctrl Pts',(-40.9062578239199,48.3755104063036,6.65291817363012E-16));
#3564=CARTESIAN_POINT('Ctrl Pts',(-41.0351829434249,48.316188005615,-2.49929381473418E-15));
#3565=CARTESIAN_POINT('Ctrl Pts',(-41.222782509407,151.276102660638,-1.66533453693773E-14));
#3566=CARTESIAN_POINT('Ctrl Pts',(-41.0938573898971,151.216780259947,-1.6549417676044E-14));
#3567=CARTESIAN_POINT('Ctrl Pts',(-40.9649322703873,151.157457859256,1.40095099980605E-15));
#3568=CARTESIAN_POINT('Ctrl Pts',(-36.4624105078072,149.085709536396,-6.39671555089158E-16));
#3569=CARTESIAN_POINT('Ctrl Pts',(-27.7050623981708,145.035180848738,-5.21278274125419E-15));
#3570=CARTESIAN_POINT('Ctrl Pts',(-10.2040151319018,136.77177173999,2.12363006295112E-15));
#3571=CARTESIAN_POINT('Ctrl Pts',(5.42342456663926,129.144648430259,-5.06691870902292E-16));
#3572=CARTESIAN_POINT('Ctrl Pts',(19.5884913959772,121.579225343662,1.95789699179873E-15));
#3573=CARTESIAN_POINT('Ctrl Pts',(27.9745553244424,116.727203539015,9.22053127891501E-16));
#3574=CARTESIAN_POINT('Ctrl Pts',(35.3451137425309,111.846255897812,-8.28464742493586E-15));
#3575=CARTESIAN_POINT('Ctrl Pts',(40.5575284929744,107.416434908046,6.18021489612046E-17));
#3576=CARTESIAN_POINT('Ctrl Pts',(43.1186618643267,104.032196640139,-3.05980833645354E-15));
#3577=CARTESIAN_POINT('Ctrl Pts',(44.0651941151741,101.803690610131,2.00707104276254E-15));
#3578=CARTESIAN_POINT('Ctrl Pts',(44.3423625138721,99.9999999999999,-3.01051055325314E-16));
#3579=CARTESIAN_POINT('Ctrl Pts',(44.0651941151741,98.1963093898686,-2.58783208232626E-15));
#3580=CARTESIAN_POINT('Ctrl Pts',(43.1186618643266,95.9678033598608,3.99428435376852E-15));
#3581=CARTESIAN_POINT('Ctrl Pts',(40.5575284929743,92.5835650919536,5.71223003591334E-15));
#3582=CARTESIAN_POINT('Ctrl Pts',(35.3451137425307,88.153744102188,6.84998648609082E-15));
#3583=CARTESIAN_POINT('Ctrl Pts',(27.9745553244422,83.2727964609852,1.63419994098415E-15));
#3584=CARTESIAN_POINT('Ctrl Pts',(19.5884913959756,78.4207746563367,3.62402986460014E-15));
#3585=CARTESIAN_POINT('Ctrl Pts',(5.42342456663166,70.8553515697369,8.28244767880271E-17));
#3586=CARTESIAN_POINT('Ctrl Pts',(-10.2040151319148,63.2282282600042,-9.90313180563833E-16));
#3587=CARTESIAN_POINT('Ctrl Pts',(-27.705062398171,54.9648191512618,-2.93501151868598E-15));
#3588=CARTESIAN_POINT('Ctrl Pts',(-36.4624105078073,50.9142904636037,4.26029805959666E-15));
#3589=CARTESIAN_POINT('Ctrl Pts',(-40.9649322703825,48.8425421407463,-1.10965235233086E-15));
#3590=CARTESIAN_POINT('Ctrl Pts',(-41.0938573898874,48.7832197400577,-8.25248528643015E-16));
#3591=CARTESIAN_POINT('Ctrl Pts',(-41.2227825093924,48.7238973393691,-8.32667268468867E-16));
#3592=CARTESIAN_POINT('',(-40.,152.915026221292,2.));
#3593=CARTESIAN_POINT('Ctrl Pts',(-39.9999999999883,152.915026221286,2.));
#3594=CARTESIAN_POINT('Ctrl Pts',(-39.9999721544283,152.91501340869,2.));
#3595=CARTESIAN_POINT('Ctrl Pts',(-39.9999443088643,152.915000596093,2.));
#3596=CARTESIAN_POINT('Ctrl Pts',(-35.6234859593988,150.901257915063,2.));
#3597=CARTESIAN_POINT('Ctrl Pts',(-26.8597712450005,146.847997315634,2.));
#3598=CARTESIAN_POINT('Ctrl Pts',(-9.33734493900982,138.573811863939,2.));
#3599=CARTESIAN_POINT('Ctrl Pts',(6.31888978203855,130.934186764524,2.));
#3600=CARTESIAN_POINT('Ctrl Pts',(20.5558954104488,123.329394718737,2.));
#3601=CARTESIAN_POINT('Ctrl Pts',(29.0162837567636,118.437560589481,2.));
#3602=CARTESIAN_POINT('Ctrl Pts',(36.518374724616,113.466529658008,2.));
#3603=CARTESIAN_POINT('Ctrl Pts',(41.956433060434,108.86762978282,2.));
#3604=CARTESIAN_POINT('Ctrl Pts',(44.8272909873907,105.10792899175,2.));
#3605=CARTESIAN_POINT('Ctrl Pts',(46.0004574717999,102.388184619667,2.));
#3606=CARTESIAN_POINT('Ctrl Pts',(46.374955077121,99.9999999999998,2.));
#3607=CARTESIAN_POINT('Ctrl Pts',(46.0004574717998,97.6118153803324,2.));
#3608=CARTESIAN_POINT('Ctrl Pts',(44.8272909873906,94.8920710082495,2.));
#3609=CARTESIAN_POINT('Ctrl Pts',(41.9564330604339,91.1323702171803,2.));
#3610=CARTESIAN_POINT('Ctrl Pts',(36.5183747246158,86.5334703419918,2.));
#3611=CARTESIAN_POINT('Ctrl Pts',(29.0162837567634,81.5624394105188,2.));
#3612=CARTESIAN_POINT('Ctrl Pts',(20.5558954104472,76.6706052812624,2.));
#3613=CARTESIAN_POINT('Ctrl Pts',(6.31888978203092,69.0658132354717,2.));
#3614=CARTESIAN_POINT('Ctrl Pts',(-9.33734493902284,61.4261881360542,2.));
#3615=CARTESIAN_POINT('Ctrl Pts',(-26.8597712450008,53.1520026843663,2.));
#3616=CARTESIAN_POINT('Ctrl Pts',(-35.6234859593989,49.0987420849365,2.));
#3617=CARTESIAN_POINT('Ctrl Pts',(-39.9999443088644,47.0849994039073,2.));
#3618=CARTESIAN_POINT('Ctrl Pts',(-39.9999721544283,47.0849865913095,2.));
#3619=CARTESIAN_POINT('Ctrl Pts',(-39.9999999999883,47.0849737787136,2.));
#3620=CARTESIAN_POINT('',(-41.2227825094091,151.276102660633,0.));
#3621=CARTESIAN_POINT('Ctrl Pts',(-41.2227825093924,48.7238973393691,-8.32667268468867E-16));
#3622=CARTESIAN_POINT('Ctrl Pts',(-41.0938573898874,48.7832197400577,-8.25248528643015E-16));
#3623=CARTESIAN_POINT('Ctrl Pts',(-40.9649322703825,48.8425421407463,-1.10965235233086E-15));
#3624=CARTESIAN_POINT('Ctrl Pts',(-36.4624105078073,50.9142904636037,4.26029805959666E-15));
#3625=CARTESIAN_POINT('Ctrl Pts',(-27.705062398171,54.9648191512618,-2.93501151868598E-15));
#3626=CARTESIAN_POINT('Ctrl Pts',(-10.2040151319148,63.2282282600042,-9.90313180563833E-16));
#3627=CARTESIAN_POINT('Ctrl Pts',(5.42342456663166,70.8553515697369,8.28244767880271E-17));
#3628=CARTESIAN_POINT('Ctrl Pts',(19.5884913959756,78.4207746563367,3.62402986460014E-15));
#3629=CARTESIAN_POINT('Ctrl Pts',(27.9745553244422,83.2727964609852,1.63419994098415E-15));
#3630=CARTESIAN_POINT('Ctrl Pts',(35.3451137425307,88.153744102188,6.84998648609082E-15));
#3631=CARTESIAN_POINT('Ctrl Pts',(40.5575284929743,92.5835650919536,5.71223003591334E-15));
#3632=CARTESIAN_POINT('Ctrl Pts',(43.1186618643266,95.9678033598608,3.99428435376852E-15));
#3633=CARTESIAN_POINT('Ctrl Pts',(44.0651941151741,98.1963093898686,-2.58783208232626E-15));
#3634=CARTESIAN_POINT('Ctrl Pts',(44.3423625138721,99.9999999999999,-3.01051055325314E-16));
#3635=CARTESIAN_POINT('Ctrl Pts',(44.0651941151741,101.803690610131,2.00707104276254E-15));
#3636=CARTESIAN_POINT('Ctrl Pts',(43.1186618643267,104.032196640139,-3.05980833645354E-15));
#3637=CARTESIAN_POINT('Ctrl Pts',(40.5575284929744,107.416434908046,6.18021489612046E-17));
#3638=CARTESIAN_POINT('Ctrl Pts',(35.3451137425309,111.846255897812,-8.28464742493586E-15));
#3639=CARTESIAN_POINT('Ctrl Pts',(27.9745553244424,116.727203539015,9.22053127891501E-16));
#3640=CARTESIAN_POINT('Ctrl Pts',(19.5884913959772,121.579225343662,1.95789699179873E-15));
#3641=CARTESIAN_POINT('Ctrl Pts',(5.42342456663926,129.144648430259,-5.06691870902292E-16));
#3642=CARTESIAN_POINT('Ctrl Pts',(-10.2040151319018,136.77177173999,2.12363006295112E-15));
#3643=CARTESIAN_POINT('Ctrl Pts',(-27.7050623981708,145.035180848738,-5.21278274125419E-15));
#3644=CARTESIAN_POINT('Ctrl Pts',(-36.4624105078072,149.085709536396,-6.39671555089158E-16));
#3645=CARTESIAN_POINT('Ctrl Pts',(-40.9649322703873,151.157457859256,1.40095099980605E-15));
#3646=CARTESIAN_POINT('Ctrl Pts',(-41.0938573898971,151.216780259947,-1.6549417676044E-14));
#3647=CARTESIAN_POINT('Ctrl Pts',(-41.222782509407,151.276102660638,-1.66533453693773E-14));
#3648=CARTESIAN_POINT('Ctrl Pts',(-41.222782509405,151.276102660637,3.58046925441613E-14));
#3649=CARTESIAN_POINT('Ctrl Pts',(-41.2214904880202,151.277829496314,3.57839692777228E-14));
#3650=CARTESIAN_POINT('Ctrl Pts',(-41.2201984748245,151.279556336652,3.33529522656918E-6));
#3651=CARTESIAN_POINT('Ctrl Pts',(-41.0680077617414,151.482968694778,0.000789096174362407));
#3652=CARTESIAN_POINT('Ctrl Pts',(-40.9183832331007,151.683171280171,0.0470593758476511));
#3653=CARTESIAN_POINT('Ctrl Pts',(-40.6375242918507,152.059327158297,0.226250134297929));
#3654=CARTESIAN_POINT('Ctrl Pts',(-40.5083258761234,152.232548894948,0.357393146934451));
#3655=CARTESIAN_POINT('Ctrl Pts',(-40.2814244921519,152.536971390938,0.697234215668005));
#3656=CARTESIAN_POINT('Ctrl Pts',(-40.1870290093344,152.663737848291,0.905279995438886));
#3657=CARTESIAN_POINT('Ctrl Pts',(-40.0522861639629,152.844744425618,1.36743064759548));
#3658=CARTESIAN_POINT('Ctrl Pts',(-40.0125932093306,152.898100191393,1.61617997921834));
#3659=CARTESIAN_POINT('Ctrl Pts',(-40.0008480581355,152.913886361878,1.91391277838637));
#3660=CARTESIAN_POINT('Ctrl Pts',(-40.,152.915026221292,1.95694978515356));
#3661=CARTESIAN_POINT('Ctrl Pts',(-40.,152.915026221292,2.));
#3662=CARTESIAN_POINT('Origin',(-100.,100.,2.));
#3663=CARTESIAN_POINT('Origin',(-100.,100.,2.));
#3664=CARTESIAN_POINT('Origin',(-100.,100.,0.));
#3665=CARTESIAN_POINT('Ctrl Pts',(-40.,47.0849737787082,0.));
#3666=CARTESIAN_POINT('Ctrl Pts',(-40.,47.0849737787082,5.));
#3667=CARTESIAN_POINT('Ctrl Pts',(75.,100.,0.));
#3668=CARTESIAN_POINT('Ctrl Pts',(75.,100.,5.));
#3669=CARTESIAN_POINT('Ctrl Pts',(-40.,152.915026221292,0.));
#3670=CARTESIAN_POINT('Ctrl Pts',(-40.,152.915026221292,5.));
#3671=CARTESIAN_POINT('',(-40.,152.915026221292,3.));
#3672=CARTESIAN_POINT('',(-40.,152.915026221292,0.));
#3673=CARTESIAN_POINT('',(-40.0000000000001,47.0849737787081,3.));
#3674=CARTESIAN_POINT('Ctrl Pts',(-39.9999999999884,47.0849737787135,3.));
#3675=CARTESIAN_POINT('Ctrl Pts',(-39.9999721544284,47.0849865913095,3.));
#3676=CARTESIAN_POINT('Ctrl Pts',(-39.9999443088644,47.0849994039073,3.));
#3677=CARTESIAN_POINT('Ctrl Pts',(-35.6234859593989,49.0987420849365,3.));
#3678=CARTESIAN_POINT('Ctrl Pts',(-26.8600786849529,53.1527663810132,3.));
#3679=CARTESIAN_POINT('Ctrl Pts',(-9.33667310785339,61.424048793945,3.));
#3680=CARTESIAN_POINT('Ctrl Pts',(7.73860423240983,69.764010137677,3.));
#3681=CARTESIAN_POINT('Ctrl Pts',(22.6970044775744,77.8273607600222,3.));
#3682=CARTESIAN_POINT('Ctrl Pts',(31.0734762312885,82.9028187741214,3.));
#3683=CARTESIAN_POINT('Ctrl Pts',(36.492897254181,86.5946223120305,3.));
#3684=CARTESIAN_POINT('Ctrl Pts',(40.9861362059881,90.3273723585551,3.));
#3685=CARTESIAN_POINT('Ctrl Pts',(43.9475012696157,93.5203572736804,3.));
#3686=CARTESIAN_POINT('Ctrl Pts',(45.5665471691393,96.4354636955285,3.));
#3687=CARTESIAN_POINT('Ctrl Pts',(46.1415845930178,98.4038192853386,3.));
#3688=CARTESIAN_POINT('Ctrl Pts',(46.3628229696325,100.541872484302,3.));
#3689=CARTESIAN_POINT('Ctrl Pts',(45.7991281928268,103.156919703254,3.));
#3690=CARTESIAN_POINT('Ctrl Pts',(43.9476744777879,106.474850032217,3.));
#3691=CARTESIAN_POINT('Ctrl Pts',(40.9849550925557,109.67431831583,3.));
#3692=CARTESIAN_POINT('Ctrl Pts',(36.4911863102278,113.401161762876,3.));
#3693=CARTESIAN_POINT('Ctrl Pts',(31.0738741991761,117.098689922133,3.));
#3694=CARTESIAN_POINT('Ctrl Pts',(22.6968778896935,122.171643171487,3.));
#3695=CARTESIAN_POINT('Ctrl Pts',(7.73780746643093,130.236798344918,3.));
#3696=CARTESIAN_POINT('Ctrl Pts',(-9.33531153354207,138.575175750705,3.));
#3697=CARTESIAN_POINT('Ctrl Pts',(-26.8605955731713,146.847435455926,3.));
#3698=CARTESIAN_POINT('Ctrl Pts',(-35.6234859593988,150.901257915063,3.));
#3699=CARTESIAN_POINT('Ctrl Pts',(-39.9999443088643,152.915000596093,3.));
#3700=CARTESIAN_POINT('Ctrl Pts',(-39.9999721544282,152.91501340869,3.));
#3701=CARTESIAN_POINT('Ctrl Pts',(-39.9999999999883,152.915026221286,3.));
#3702=CARTESIAN_POINT('',(-40.,47.0849737787082,0.));
#3703=CARTESIAN_POINT('Origin',(-100.,100.,0.));
#3704=CARTESIAN_POINT('',(-47.0849737787082,160.,3.));
#3705=CARTESIAN_POINT('',(-47.0849737787082,160.,0.));
#3706=CARTESIAN_POINT('Origin',(-100.,100.,3.));
#3707=CARTESIAN_POINT('Ctrl Pts',(-47.0849737787082,160.,0.));
#3708=CARTESIAN_POINT('Ctrl Pts',(-47.0849737787082,160.,5.));
#3709=CARTESIAN_POINT('Ctrl Pts',(-100.,275.,0.));
#3710=CARTESIAN_POINT('Ctrl Pts',(-100.,275.,5.));
#3711=CARTESIAN_POINT('Ctrl Pts',(-152.915026221292,160.,0.));
#3712=CARTESIAN_POINT('Ctrl Pts',(-152.915026221292,160.,5.));
#3713=CARTESIAN_POINT('',(-152.915026221292,160.,3.));
#3714=CARTESIAN_POINT('',(-152.915026221292,160.,0.));
#3715=CARTESIAN_POINT('Ctrl Pts',(-47.0849737787135,160.000000000012,3.));
#3716=CARTESIAN_POINT('Ctrl Pts',(-47.0849865913096,160.000027845572,3.));
#3717=CARTESIAN_POINT('Ctrl Pts',(-47.0849994039073,160.000055691136,3.));
#3718=CARTESIAN_POINT('Ctrl Pts',(-49.0987420849366,164.376514040601,3.));
#3719=CARTESIAN_POINT('Ctrl Pts',(-53.1519326133149,173.140053993781,3.));
#3720=CARTESIAN_POINT('Ctrl Pts',(-61.426506895776,190.662873266472,3.00000000000001));
#3721=CARTESIAN_POINT('Ctrl Pts',(-69.0655918438862,206.319892836782,3.));
#3722=CARTESIAN_POINT('Ctrl Pts',(-76.6707162317056,220.555431492305,3.));
#3723=CARTESIAN_POINT('Ctrl Pts',(-81.5620417933771,229.016960899408,3.));
#3724=CARTESIAN_POINT('Ctrl Pts',(-86.533263752806,236.518452345023,3.));
#3725=CARTESIAN_POINT('Ctrl Pts',(-91.1322694011026,241.956891459951,3.));
#3726=CARTESIAN_POINT('Ctrl Pts',(-94.8922429749683,244.826923660924,3.));
#3727=CARTESIAN_POINT('Ctrl Pts',(-97.6118471313061,246.000078195037,3.));
#3728=CARTESIAN_POINT('Ctrl Pts',(-100.000059438392,246.374624436631,3.));
#3729=CARTESIAN_POINT('Ctrl Pts',(-102.388179726243,246.000010137356,3.));
#3730=CARTESIAN_POINT('Ctrl Pts',(-105.108017158168,244.82735068346,3.));
#3731=CARTESIAN_POINT('Ctrl Pts',(-108.867088549824,241.955034515931,3.));
#3732=CARTESIAN_POINT('Ctrl Pts',(-113.47021991238,236.525460796388,3.));
#3733=CARTESIAN_POINT('Ctrl Pts',(-120.234830958268,226.272061530471,3.));
#3734=CARTESIAN_POINT('Ctrl Pts',(-129.535392675151,209.150421111296,3.));
#3735=CARTESIAN_POINT('Ctrl Pts',(-138.578765483797,190.669010751159,3.));
#3736=CARTESIAN_POINT('Ctrl Pts',(-146.846017277765,173.137311434022,3.));
#3737=CARTESIAN_POINT('Ctrl Pts',(-150.901257915063,164.376514040601,3.));
#3738=CARTESIAN_POINT('Ctrl Pts',(-152.915000596093,160.000055691136,3.));
#3739=CARTESIAN_POINT('Ctrl Pts',(-152.91501340869,160.000027845572,3.));
#3740=CARTESIAN_POINT('Ctrl Pts',(-152.915026221286,160.000000000012,3.));
#3741=CARTESIAN_POINT('Origin',(-100.,100.,0.));
#3742=CARTESIAN_POINT('',(-160.,152.915026221292,3.));
#3743=CARTESIAN_POINT('',(-160.,152.915026221292,0.));
#3744=CARTESIAN_POINT('Origin',(-100.,100.,3.));
#3745=CARTESIAN_POINT('Origin',(-100.,100.,0.));
#3746=CARTESIAN_POINT('',(-101.666,-25.,0.));
#3747=CARTESIAN_POINT('Origin',(-100.,-25.,0.));
#3748=CARTESIAN_POINT('',(23.334,100.,0.));
#3749=CARTESIAN_POINT('Origin',(25.,100.,0.));
#3750=CARTESIAN_POINT('',(-226.666,100.,0.));
#3751=CARTESIAN_POINT('Origin',(-225.,100.,0.));
#3752=CARTESIAN_POINT('',(-101.666,225.,0.));
#3753=CARTESIAN_POINT('Origin',(-100.,225.,0.));
#3754=CARTESIAN_POINT('Ctrl Pts',(-46.9070065766356,159.61322464147,3.));
#3755=CARTESIAN_POINT('Ctrl Pts',(-46.9663289773265,159.74214976098,3.));
#3756=CARTESIAN_POINT('Ctrl Pts',(-47.0256513780173,159.87107488049,3.));
#3757=CARTESIAN_POINT('Ctrl Pts',(-49.0987420849366,164.376514040601,3.));
#3758=CARTESIAN_POINT('Ctrl Pts',(-53.1519326133149,173.140053993781,3.));
#3759=CARTESIAN_POINT('Ctrl Pts',(-61.426506895776,190.662873266472,3.00000000000001));
#3760=CARTESIAN_POINT('Ctrl Pts',(-69.0655918438862,206.319892836782,3.));
#3761=CARTESIAN_POINT('Ctrl Pts',(-76.6707162317056,220.555431492305,3.));
#3762=CARTESIAN_POINT('Ctrl Pts',(-81.5620417933771,229.016960899408,3.));
#3763=CARTESIAN_POINT('Ctrl Pts',(-86.533263752806,236.518452345023,3.));
#3764=CARTESIAN_POINT('Ctrl Pts',(-91.1322694011026,241.956891459951,3.));
#3765=CARTESIAN_POINT('Ctrl Pts',(-94.8922429749683,244.826923660924,3.));
#3766=CARTESIAN_POINT('Ctrl Pts',(-97.6118471313061,246.000078195037,3.));
#3767=CARTESIAN_POINT('Ctrl Pts',(-100.000059438392,246.374624436631,3.));
#3768=CARTESIAN_POINT('Ctrl Pts',(-102.388179726243,246.000010137356,3.));
#3769=CARTESIAN_POINT('Ctrl Pts',(-105.108017158168,244.82735068346,3.));
#3770=CARTESIAN_POINT('Ctrl Pts',(-108.867088549824,241.955034515931,3.));
#3771=CARTESIAN_POINT('Ctrl Pts',(-113.47021991238,236.525460796388,3.));
#3772=CARTESIAN_POINT('Ctrl Pts',(-120.234830958268,226.272061530471,3.));
#3773=CARTESIAN_POINT('Ctrl Pts',(-129.535392675151,209.150421111296,3.));
#3774=CARTESIAN_POINT('Ctrl Pts',(-138.578765483797,190.669010751159,3.));
#3775=CARTESIAN_POINT('Ctrl Pts',(-146.846017277765,173.137311434022,3.));
#3776=CARTESIAN_POINT('Ctrl Pts',(-150.901257915063,164.376514040601,3.));
#3777=CARTESIAN_POINT('Ctrl Pts',(-152.974348621982,159.871074880491,3.));
#3778=CARTESIAN_POINT('Ctrl Pts',(-153.033671022673,159.742149760982,3.));
#3779=CARTESIAN_POINT('Ctrl Pts',(-153.092993423363,159.613224641472,3.));
#3780=CARTESIAN_POINT('Ctrl Pts',(-46.9070065766356,159.61322464147,3.59839860068377));
#3781=CARTESIAN_POINT('Ctrl Pts',(-46.9663289773265,159.74214976098,3.59839860068377));
#3782=CARTESIAN_POINT('Ctrl Pts',(-47.0256513780173,159.87107488049,3.59839860068377));
#3783=CARTESIAN_POINT('Ctrl Pts',(-49.0987420849366,164.376514040601,3.59839860068377));
#3784=CARTESIAN_POINT('Ctrl Pts',(-53.1519326133149,173.140053993781,3.59839860068377));
#3785=CARTESIAN_POINT('Ctrl Pts',(-61.426506895776,190.662873266472,3.59839860068377));
#3786=CARTESIAN_POINT('Ctrl Pts',(-69.0655918438862,206.319892836782,3.59839860068377));
#3787=CARTESIAN_POINT('Ctrl Pts',(-76.6707162317056,220.555431492305,3.59839860068377));
#3788=CARTESIAN_POINT('Ctrl Pts',(-81.5620417933771,229.016960899408,3.59839860068377));
#3789=CARTESIAN_POINT('Ctrl Pts',(-86.533263752806,236.518452345023,3.59839860068377));
#3790=CARTESIAN_POINT('Ctrl Pts',(-91.1322694011026,241.956891459951,3.59839860068378));
#3791=CARTESIAN_POINT('Ctrl Pts',(-94.8922429749683,244.826923660924,3.59839860068376));
#3792=CARTESIAN_POINT('Ctrl Pts',(-97.6118471313061,246.000078195037,3.59839860068377));
#3793=CARTESIAN_POINT('Ctrl Pts',(-100.000059438392,246.374624436631,3.59839860068377));
#3794=CARTESIAN_POINT('Ctrl Pts',(-102.388179726243,246.000010137356,3.59839860068377));
#3795=CARTESIAN_POINT('Ctrl Pts',(-105.108017158168,244.82735068346,3.59839860068378));
#3796=CARTESIAN_POINT('Ctrl Pts',(-108.867088549824,241.955034515931,3.59839860068377));
#3797=CARTESIAN_POINT('Ctrl Pts',(-113.47021991238,236.525460796388,3.59839860068377));
#3798=CARTESIAN_POINT('Ctrl Pts',(-120.234830958268,226.272061530471,3.59839860068377));
#3799=CARTESIAN_POINT('Ctrl Pts',(-129.535392675151,209.150421111296,3.59839860068378));
#3800=CARTESIAN_POINT('Ctrl Pts',(-138.578765483797,190.669010751159,3.59839860068376));
#3801=CARTESIAN_POINT('Ctrl Pts',(-146.846017277765,173.137311434022,3.59839860068377));
#3802=CARTESIAN_POINT('Ctrl Pts',(-150.901257915063,164.376514040601,3.59839860068377));
#3803=CARTESIAN_POINT('Ctrl Pts',(-152.974348621982,159.871074880491,3.59839860068377));
#3804=CARTESIAN_POINT('Ctrl Pts',(-153.033671022673,159.742149760982,3.59839860068377));
#3805=CARTESIAN_POINT('Ctrl Pts',(-153.092993423363,159.613224641472,3.59839860068377));
#3806=CARTESIAN_POINT('Ctrl Pts',(-47.3636372230587,159.40311487948,4.63392918629442));
#3807=CARTESIAN_POINT('Ctrl Pts',(-47.4229596237495,159.53203999899,4.63392918629443));
#3808=CARTESIAN_POINT('Ctrl Pts',(-47.4822820244404,159.6609651185,4.63392918629442));
#3809=CARTESIAN_POINT('Ctrl Pts',(-49.5551318600335,164.165783395579,4.63392918629442));
#3810=CARTESIAN_POINT('Ctrl Pts',(-53.6075082613145,172.9275582034,4.63392918629442));
#3811=CARTESIAN_POINT('Ctrl Pts',(-61.8793530248126,190.445039300016,4.63392918629443));
#3812=CARTESIAN_POINT('Ctrl Pts',(-69.515498018067,206.094952679791,4.63392918629442));
#3813=CARTESIAN_POINT('Ctrl Pts',(-77.1103762670897,220.312183834947,4.63392918629443));
#3814=CARTESIAN_POINT('Ctrl Pts',(-81.9924517317497,228.755359355413,4.63392918629442));
#3815=CARTESIAN_POINT('Ctrl Pts',(-86.9400924188327,236.223440339995,4.63392918629443));
#3816=CARTESIAN_POINT('Ctrl Pts',(-91.4980430746726,241.605382250914,4.63392918629443));
#3817=CARTESIAN_POINT('Ctrl Pts',(-95.1617038567908,244.396992278496,4.63392918629442));
#3818=CARTESIAN_POINT('Ctrl Pts',(-97.7589819446884,245.514405817278,4.63392918629442));
#3819=CARTESIAN_POINT('Ctrl Pts',(-100.000130057498,245.863432910025,4.63392918629443));
#3820=CARTESIAN_POINT('Ctrl Pts',(-102.240828400484,245.51440723891,4.63392918629442));
#3821=CARTESIAN_POINT('Ctrl Pts',(-104.838814026396,244.397287428714,4.63392918629444));
#3822=CARTESIAN_POINT('Ctrl Pts',(-108.501001438606,241.603700440011,4.63392918629443));
#3823=CARTESIAN_POINT('Ctrl Pts',(-113.063016270439,236.230595321572,4.63392918629442));
#3824=CARTESIAN_POINT('Ctrl Pts',(-119.797620251204,226.021682875927,4.63392918629442));
#3825=CARTESIAN_POINT('Ctrl Pts',(-129.087679532551,208.923213562413,4.63392918629443));
#3826=CARTESIAN_POINT('Ctrl Pts',(-138.125222331401,190.451585344587,4.63392918629442));
#3827=CARTESIAN_POINT('Ctrl Pts',(-146.390648361678,172.924709137644,4.63392918629443));
#3828=CARTESIAN_POINT('Ctrl Pts',(-150.44505742743,164.165653356964,4.63392918629443));
#3829=CARTESIAN_POINT('Ctrl Pts',(-152.517717975559,159.6609651185,4.63392918629441));
#3830=CARTESIAN_POINT('Ctrl Pts',(-152.57704037625,159.532039998991,4.6339291862944));
#3831=CARTESIAN_POINT('Ctrl Pts',(-152.63636277694,159.403114879482,4.63392918629441));
#3832=CARTESIAN_POINT('Ctrl Pts',(-48.3161880056083,158.96481705656,5.00000000000001));
#3833=CARTESIAN_POINT('Ctrl Pts',(-48.3755104062991,159.09374217607,5.00000000000001));
#3834=CARTESIAN_POINT('Ctrl Pts',(-48.43483280699,159.22266729558,5.));
#3835=CARTESIAN_POINT('Ctrl Pts',(-50.5069391153439,163.725909785138,5.));
#3836=CARTESIAN_POINT('Ctrl Pts',(-54.557931454064,172.484414787044,5.));
#3837=CARTESIAN_POINT('Ctrl Pts',(-62.8241355275062,189.990657486568,5.00000000000001));
#3838=CARTESIAN_POINT('Ctrl Pts',(-70.4536343368806,205.625476284441,4.99999999999999));
#3839=CARTESIAN_POINT('Ctrl Pts',(-78.0280089472981,219.805022680439,5.));
#3840=CARTESIAN_POINT('Ctrl Pts',(-82.8890659243487,228.209177498023,5.));
#3841=CARTESIAN_POINT('Ctrl Pts',(-87.7898017889526,235.608376192137,5.00000000000001));
#3842=CARTESIAN_POINT('Ctrl Pts',(-92.2585692485272,240.871884893171,5.));
#3843=CARTESIAN_POINT('Ctrl Pts',(-95.7259972808329,243.501397832517,5.));
#3844=CARTESIAN_POINT('Ctrl Pts',(-98.0653091519937,244.499564422045,5.));
#3845=CARTESIAN_POINT('Ctrl Pts',(-100.000078087779,244.797989402616,5.));
#3846=CARTESIAN_POINT('Ctrl Pts',(-101.934586985583,244.499533356365,5.));
#3847=CARTESIAN_POINT('Ctrl Pts',(-104.274307226181,243.50179096062,5.00000000000001));
#3848=CARTESIAN_POINT('Ctrl Pts',(-107.740918852112,240.869983367365,5.00000000000001));
#3849=CARTESIAN_POINT('Ctrl Pts',(-112.212012028161,235.616178187597,5.));
#3850=CARTESIAN_POINT('Ctrl Pts',(-118.886629134546,225.49896400864,5.));
#3851=CARTESIAN_POINT('Ctrl Pts',(-128.152875053164,208.449607379524,5.));
#3852=CARTESIAN_POINT('Ctrl Pts',(-137.179449404985,189.997847129468,5.));
#3853=CARTESIAN_POINT('Ctrl Pts',(-145.440687620989,172.481268016668,5.00000000000001));
#3854=CARTESIAN_POINT('Ctrl Pts',(-149.493172207255,163.725833307614,5.00000000000001));
#3855=CARTESIAN_POINT('Ctrl Pts',(-151.56516719301,159.222667295581,4.99999999999998));
#3856=CARTESIAN_POINT('Ctrl Pts',(-151.6244895937,159.093742176072,4.99999999999998));
#3857=CARTESIAN_POINT('Ctrl Pts',(-151.683811994391,158.964817056563,4.99999999999998));
#3858=CARTESIAN_POINT('Ctrl Pts',(-48.7238973393624,158.777217490593,5.00000000000001));
#3859=CARTESIAN_POINT('Ctrl Pts',(-48.7832197400532,158.906142610103,5.00000000000001));
#3860=CARTESIAN_POINT('Ctrl Pts',(-48.8425421407441,159.035067729613,4.99999999999999));
#3861=CARTESIAN_POINT('Ctrl Pts',(-50.9142904636038,163.537589492193,5.));
#3862=CARTESIAN_POINT('Ctrl Pts',(-54.9647422050731,172.294762940472,5.));
#3863=CARTESIAN_POINT('Ctrl Pts',(-63.2285407299989,189.796178460792,5.00000000000001));
#3864=CARTESIAN_POINT('Ctrl Pts',(-70.8551102227276,205.424491858629,4.99999999999999));
#3865=CARTESIAN_POINT('Ctrl Pts',(-78.4208523683215,219.587991813521,5.));
#3866=CARTESIAN_POINT('Ctrl Pts',(-83.2726290829142,227.975324084891,5.));
#3867=CARTESIAN_POINT('Ctrl Pts',(-88.1536658130243,235.345173976765,5.00000000000001));
#3868=CARTESIAN_POINT('Ctrl Pts',(-92.5836774735721,240.557895840349,5.));
#3869=CARTESIAN_POINT('Ctrl Pts',(-95.9678857944463,243.118274682125,5.));
#3870=CARTESIAN_POINT('Ctrl Pts',(-98.1963235721186,244.064911911549,5.));
#3871=CARTESIAN_POINT('Ctrl Pts',(-100.000022988941,244.34211216087,5.));
#3872=CARTESIAN_POINT('Ctrl Pts',(-101.803697891895,244.064837689806,5.));
#3873=CARTESIAN_POINT('Ctrl Pts',(-104.032203561709,243.11877125234,5.00000000000001));
#3874=CARTESIAN_POINT('Ctrl Pts',(-107.416181417903,240.555803818668,5.00000000000001));
#3875=CARTESIAN_POINT('Ctrl Pts',(-111.847509256125,235.353309181828,5.));
#3876=CARTESIAN_POINT('Ctrl Pts',(-118.496881024104,225.275161690729,5.));
#3877=CARTESIAN_POINT('Ctrl Pts',(-127.752620343554,208.246954261345,5.));
#3878=CARTESIAN_POINT('Ctrl Pts',(-136.774696713323,189.803609172646,5.));
#3879=CARTESIAN_POINT('Ctrl Pts',(-145.034079951867,172.291476295047,5.00000000000001));
#3880=CARTESIAN_POINT('Ctrl Pts',(-149.085709536396,163.537589492193,5.00000000000001));
#3881=CARTESIAN_POINT('Ctrl Pts',(-151.157457859256,159.035067729613,4.99999999999998));
#3882=CARTESIAN_POINT('Ctrl Pts',(-151.216780259946,158.906142610104,4.99999999999998));
#3883=CARTESIAN_POINT('Ctrl Pts',(-151.276102660637,158.777217490595,4.99999999999998));
#3884=CARTESIAN_POINT('Ctrl Pts',(-48.7238973393633,158.777217490595,4.99999999999999));
#3885=CARTESIAN_POINT('Ctrl Pts',(-48.7221705037003,158.778509511969,4.99999999999999));
#3886=CARTESIAN_POINT('Ctrl Pts',(-48.7204436633132,158.779801525167,4.99999666470473));
#3887=CARTESIAN_POINT('Ctrl Pts',(-48.5170313063809,158.931992238381,4.99921090382775));
#3888=CARTESIAN_POINT('Ctrl Pts',(-48.31682871995,159.081616766809,4.9529406242106));
#3889=CARTESIAN_POINT('Ctrl Pts',(-47.9406728417007,159.362475708151,4.77374986570059));
#3890=CARTESIAN_POINT('Ctrl Pts',(-47.7674511050509,159.491674123877,4.64260685306477));
#3891=CARTESIAN_POINT('Ctrl Pts',(-47.4630286090625,159.718575507848,4.30276578433232));
#3892=CARTESIAN_POINT('Ctrl Pts',(-47.3362621517086,159.812970990665,4.09472000456142));
#3893=CARTESIAN_POINT('Ctrl Pts',(-47.1552555743815,159.947713836037,3.63256935240459));
#3894=CARTESIAN_POINT('Ctrl Pts',(-47.1018998086073,159.987406790669,3.38382002078172));
#3895=CARTESIAN_POINT('Ctrl Pts',(-47.0861136381217,159.999151941864,3.08608722161404));
#3896=CARTESIAN_POINT('Ctrl Pts',(-47.0849737787082,160.,3.04305021484665));
#3897=CARTESIAN_POINT('Ctrl Pts',(-47.0849737787082,160.,3.));
#3898=CARTESIAN_POINT('Ctrl Pts',(-151.276102660637,158.777217490595,4.99999999999998));
#3899=CARTESIAN_POINT('Ctrl Pts',(-151.277829496307,158.778509511974,4.99999999999998));
#3900=CARTESIAN_POINT('Ctrl Pts',(-151.279556336671,158.779801525174,4.99999666470474));
#3901=CARTESIAN_POINT('Ctrl Pts',(-151.451428343859,158.908394122275,4.99933274093455));
#3902=CARTESIAN_POINT('Ctrl Pts',(-151.620683761386,159.034912806208,4.96629929796442));
#3903=CARTESIAN_POINT('Ctrl Pts',(-151.944526020728,159.276785617461,4.83768955649195));
#3904=CARTESIAN_POINT('Ctrl Pts',(-152.097454117332,159.390902447301,4.74302771117198));
#3905=CARTESIAN_POINT('Ctrl Pts',(-152.406631986521,159.621463310204,4.4703143504439));
#3906=CARTESIAN_POINT('Ctrl Pts',(-152.552648121304,159.730239346063,4.28046525547129));
#3907=CARTESIAN_POINT('Ctrl Pts',(-152.775940530077,159.896510486215,3.84522966839154));
#3908=CARTESIAN_POINT('Ctrl Pts',(-152.852156017676,159.953220919552,3.60516846519615));
#3909=CARTESIAN_POINT('Ctrl Pts',(-152.906384230646,159.993570576846,3.23679913859417));
#3910=CARTESIAN_POINT('Ctrl Pts',(-152.915026221292,160.,3.11853741862628));
#3911=CARTESIAN_POINT('Ctrl Pts',(-152.915026221292,160.,3.));
#3912=CARTESIAN_POINT('Origin',(-100.,100.,3.));
#3913=CARTESIAN_POINT('Ctrl Pts',(-41.222782509405,151.276102660637,5.00000000000001));
#3914=CARTESIAN_POINT('Ctrl Pts',(-41.2214904880399,151.277829496288,5.00000000000001));
#3915=CARTESIAN_POINT('Ctrl Pts',(-41.2201984748355,151.27955633671,4.99999666470467));
#3916=CARTESIAN_POINT('Ctrl Pts',(-41.0916058776335,151.451428342756,4.99933274093685));
#3917=CARTESIAN_POINT('Ctrl Pts',(-40.9650871938822,151.620683761266,4.96629929801253));
#3918=CARTESIAN_POINT('Ctrl Pts',(-40.7232143825381,151.94452602073,4.83768955649086));
#3919=CARTESIAN_POINT('Ctrl Pts',(-40.609097552698,152.097454117332,4.74302771117131));
#3920=CARTESIAN_POINT('Ctrl Pts',(-40.3785366897962,152.406631986521,4.47031435044393));
#3921=CARTESIAN_POINT('Ctrl Pts',(-40.2697606539371,152.552648121304,4.28046525547135));
#3922=CARTESIAN_POINT('Ctrl Pts',(-40.1034895137854,152.775940530077,3.84522966839163));
#3923=CARTESIAN_POINT('Ctrl Pts',(-40.0467790804478,152.852156017676,3.60516846519621));
#3924=CARTESIAN_POINT('Ctrl Pts',(-40.0064294231546,152.906384230646,3.23679913859441));
#3925=CARTESIAN_POINT('Ctrl Pts',(-40.,152.915026221292,3.11853741862642));
#3926=CARTESIAN_POINT('Ctrl Pts',(-40.,152.915026221292,3.));
#3927=CARTESIAN_POINT('Ctrl Pts',(-40.3867753585296,46.9070065766356,3.));
#3928=CARTESIAN_POINT('Ctrl Pts',(-40.2578502390198,46.9663289773264,3.));
#3929=CARTESIAN_POINT('Ctrl Pts',(-40.12892511951,47.0256513780173,3.));
#3930=CARTESIAN_POINT('Ctrl Pts',(-35.6234859593989,49.0987420849365,3.));
#3931=CARTESIAN_POINT('Ctrl Pts',(-26.8600786849529,53.1527663810132,3.));
#3932=CARTESIAN_POINT('Ctrl Pts',(-9.33667310785339,61.424048793945,3.));
#3933=CARTESIAN_POINT('Ctrl Pts',(7.73860423240983,69.764010137677,3.));
#3934=CARTESIAN_POINT('Ctrl Pts',(22.6970044775744,77.8273607600222,3.));
#3935=CARTESIAN_POINT('Ctrl Pts',(31.0734762312885,82.9028187741214,3.));
#3936=CARTESIAN_POINT('Ctrl Pts',(36.492897254181,86.5946223120305,3.));
#3937=CARTESIAN_POINT('Ctrl Pts',(40.9861362059881,90.3273723585551,3.));
#3938=CARTESIAN_POINT('Ctrl Pts',(43.9475012696157,93.5203572736804,3.));
#3939=CARTESIAN_POINT('Ctrl Pts',(45.5665471691393,96.4354636955285,3.));
#3940=CARTESIAN_POINT('Ctrl Pts',(46.1415845930178,98.4038192853386,3.));
#3941=CARTESIAN_POINT('Ctrl Pts',(46.3628229696325,100.541872484302,3.));
#3942=CARTESIAN_POINT('Ctrl Pts',(45.7991281928268,103.156919703254,3.));
#3943=CARTESIAN_POINT('Ctrl Pts',(43.9476744777879,106.474850032217,3.));
#3944=CARTESIAN_POINT('Ctrl Pts',(40.9849550925557,109.67431831583,3.));
#3945=CARTESIAN_POINT('Ctrl Pts',(36.4911863102278,113.401161762876,3.));
#3946=CARTESIAN_POINT('Ctrl Pts',(31.0738741991761,117.098689922133,3.));
#3947=CARTESIAN_POINT('Ctrl Pts',(22.6968778896935,122.171643171487,3.));
#3948=CARTESIAN_POINT('Ctrl Pts',(7.73780746643093,130.236798344918,3.));
#3949=CARTESIAN_POINT('Ctrl Pts',(-9.33531153354207,138.575175750705,3.));
#3950=CARTESIAN_POINT('Ctrl Pts',(-26.8605955731713,146.847435455926,3.));
#3951=CARTESIAN_POINT('Ctrl Pts',(-35.6234859593988,150.901257915063,3.));
#3952=CARTESIAN_POINT('Ctrl Pts',(-40.1289251195091,152.974348621982,3.));
#3953=CARTESIAN_POINT('Ctrl Pts',(-40.2578502390183,153.033671022673,3.));
#3954=CARTESIAN_POINT('Ctrl Pts',(-40.3867753585275,153.092993423363,3.));
#3955=CARTESIAN_POINT('Ctrl Pts',(-40.3867753585296,46.9070065766356,3.59839860068377));
#3956=CARTESIAN_POINT('Ctrl Pts',(-40.2578502390198,46.9663289773264,3.59839860068377));
#3957=CARTESIAN_POINT('Ctrl Pts',(-40.12892511951,47.0256513780173,3.59839860068377));
#3958=CARTESIAN_POINT('Ctrl Pts',(-35.6234859593989,49.0987420849365,3.59839860068377));
#3959=CARTESIAN_POINT('Ctrl Pts',(-26.8600786849529,53.1527663810132,3.59839860068377));
#3960=CARTESIAN_POINT('Ctrl Pts',(-9.33667310785339,61.424048793945,3.59839860068377));
#3961=CARTESIAN_POINT('Ctrl Pts',(7.73860423240983,69.764010137677,3.59839860068377));
#3962=CARTESIAN_POINT('Ctrl Pts',(22.6970044775744,77.8273607600222,3.59839860068377));
#3963=CARTESIAN_POINT('Ctrl Pts',(31.0734762312885,82.9028187741214,3.59839860068377));
#3964=CARTESIAN_POINT('Ctrl Pts',(36.492897254181,86.5946223120305,3.59839860068377));
#3965=CARTESIAN_POINT('Ctrl Pts',(40.9861362059881,90.3273723585551,3.59839860068377));
#3966=CARTESIAN_POINT('Ctrl Pts',(43.9475012696157,93.5203572736804,3.59839860068377));
#3967=CARTESIAN_POINT('Ctrl Pts',(45.5665471691393,96.4354636955285,3.59839860068377));
#3968=CARTESIAN_POINT('Ctrl Pts',(46.1415845930178,98.4038192853386,3.59839860068377));
#3969=CARTESIAN_POINT('Ctrl Pts',(46.3628229696325,100.541872484302,3.59839860068377));
#3970=CARTESIAN_POINT('Ctrl Pts',(45.7991281928268,103.156919703254,3.59839860068377));
#3971=CARTESIAN_POINT('Ctrl Pts',(43.9476744777879,106.474850032217,3.59839860068377));
#3972=CARTESIAN_POINT('Ctrl Pts',(40.9849550925557,109.67431831583,3.59839860068377));
#3973=CARTESIAN_POINT('Ctrl Pts',(36.4911863102278,113.401161762876,3.59839860068377));
#3974=CARTESIAN_POINT('Ctrl Pts',(31.0738741991761,117.098689922133,3.59839860068377));
#3975=CARTESIAN_POINT('Ctrl Pts',(22.6968778896935,122.171643171487,3.59839860068377));
#3976=CARTESIAN_POINT('Ctrl Pts',(7.73780746643093,130.236798344918,3.59839860068378));
#3977=CARTESIAN_POINT('Ctrl Pts',(-9.33531153354207,138.575175750705,3.59839860068377));
#3978=CARTESIAN_POINT('Ctrl Pts',(-26.8605955731713,146.847435455926,3.59839860068377));
#3979=CARTESIAN_POINT('Ctrl Pts',(-35.6234859593988,150.901257915063,3.59839860068377));
#3980=CARTESIAN_POINT('Ctrl Pts',(-40.1289251195091,152.974348621982,3.59839860068377));
#3981=CARTESIAN_POINT('Ctrl Pts',(-40.2578502390183,153.033671022673,3.59839860068377));
#3982=CARTESIAN_POINT('Ctrl Pts',(-40.3867753585275,153.092993423363,3.59839860068377));
#3983=CARTESIAN_POINT('Ctrl Pts',(-40.5968671167374,47.3635980955145,4.63398086527906));
#3984=CARTESIAN_POINT('Ctrl Pts',(-40.4679419972276,47.4229204962053,4.63398086527906));
#3985=CARTESIAN_POINT('Ctrl Pts',(-40.3390168777177,47.4822428968962,4.63398086527908));
#3986=CARTESIAN_POINT('Ctrl Pts',(-35.8342257347418,49.5550148159638,4.63398086527907));
#3987=CARTESIAN_POINT('Ctrl Pts',(-27.0725821088919,53.6082137697079,4.63398086527907));
#3988=CARTESIAN_POINT('Ctrl Pts',(-9.55436411619044,61.8771754054477,4.63398086527906));
#3989=CARTESIAN_POINT('Ctrl Pts',(7.51274275441817,70.2129018825573,4.63398086527907));
#3990=CARTESIAN_POINT('Ctrl Pts',(22.4510421618426,78.2662533229058,4.63398086527906));
#3991=CARTESIAN_POINT('Ctrl Pts',(30.8033738202976,83.3263053506398,4.63398086527907));
#3992=CARTESIAN_POINT('Ctrl Pts',(36.1954749847828,87.0022453719913,4.63398086527907));
#3993=CARTESIAN_POINT('Ctrl Pts',(40.6444606094399,90.6968405859164,4.63398086527907));
#3994=CARTESIAN_POINT('Ctrl Pts',(43.5488215035071,93.8346463676649,4.63398086527907));
#3995=CARTESIAN_POINT('Ctrl Pts',(45.1029408128042,96.638826659114,4.63398086527907));
#3996=CARTESIAN_POINT('Ctrl Pts',(45.6456327592077,98.5020457843357,4.63398086527907));
#3997=CARTESIAN_POINT('Ctrl Pts',(45.8530175939962,100.50659392063,4.63398086527907));
#3998=CARTESIAN_POINT('Ctrl Pts',(45.3263571921423,102.967706530141,4.63398086527907));
#3999=CARTESIAN_POINT('Ctrl Pts',(43.5489948262178,106.161385522373,4.63398086527906));
#4000=CARTESIAN_POINT('Ctrl Pts',(40.6430596145809,109.305213508809,4.63398086527906));
#4001=CARTESIAN_POINT('Ctrl Pts',(36.1937549115825,112.994675246964,4.63398086527908));
#4002=CARTESIAN_POINT('Ctrl Pts',(30.8037574443415,116.67485610045,4.63398086527907));
#4003=CARTESIAN_POINT('Ctrl Pts',(22.4509089393926,121.732952998974,4.63398086527907));
#4004=CARTESIAN_POINT('Ctrl Pts',(7.51194745596936,129.787786119097,4.63398086527908));
#4005=CARTESIAN_POINT('Ctrl Pts',(-9.55299507065507,138.122097296464,4.63398086527906));
#4006=CARTESIAN_POINT('Ctrl Pts',(-27.0731039942176,146.391975525965,4.63398086527907));
#4007=CARTESIAN_POINT('Ctrl Pts',(-35.8342331908577,150.444968306104,4.63398086527907));
#4008=CARTESIAN_POINT('Ctrl Pts',(-40.3390168777169,152.517757103103,4.63398086527906));
#4009=CARTESIAN_POINT('Ctrl Pts',(-40.4679419972261,152.577079503794,4.63398086527907));
#4010=CARTESIAN_POINT('Ctrl Pts',(-40.5968671167353,152.636401904485,4.63398086527908));
#4011=CARTESIAN_POINT('Ctrl Pts',(-41.0351829434396,48.3161880056082,4.99999999999999));
#4012=CARTESIAN_POINT('Ctrl Pts',(-40.9062578239298,48.3755104062991,4.99999999999999));
#4013=CARTESIAN_POINT('Ctrl Pts',(-40.7773327044199,48.4348328069899,5.00000000000001));
#4014=CARTESIAN_POINT('Ctrl Pts',(-36.2741044664759,50.5068936545547,5.));
#4015=CARTESIAN_POINT('Ctrl Pts',(-27.5158060335713,54.558481774907,5.));
#4016=CARTESIAN_POINT('Ctrl Pts',(-10.0086110007344,62.8224309986281,5.));
#4017=CARTESIAN_POINT('Ctrl Pts',(7.04154270700158,71.1496103632554,5.));
#4018=CARTESIAN_POINT('Ctrl Pts',(21.9378986818498,79.1816267452327,4.99999999999999));
#4019=CARTESIAN_POINT('Ctrl Pts',(30.2398797964207,84.2103644419307,5.));
#4020=CARTESIAN_POINT('Ctrl Pts',(35.5748378484548,87.8511099348607,5.));
#4021=CARTESIAN_POINT('Ctrl Pts',(39.9317193129151,91.4674097781994,5.));
#4022=CARTESIAN_POINT('Ctrl Pts',(42.7171779787159,94.4899769836523,5.));
#4023=CARTESIAN_POINT('Ctrl Pts',(44.1358166842297,97.0658250768821,5.));
#4024=CARTESIAN_POINT('Ctrl Pts',(44.6114788457697,98.7083522986991,5.));
#4025=CARTESIAN_POINT('Ctrl Pts',(44.7889732556651,100.434138569119,5.));
#4026=CARTESIAN_POINT('Ctrl Pts',(44.3392287240642,102.56969291716,5.));
#4027=CARTESIAN_POINT('Ctrl Pts',(42.7178039406141,105.508031028902,5.));
#4028=CARTESIAN_POINT('Ctrl Pts',(39.9298881703593,108.533579746146,5.));
#4029=CARTESIAN_POINT('Ctrl Pts',(35.5732816030434,112.147260868913,5.00000000000001));
#4030=CARTESIAN_POINT('Ctrl Pts',(30.2401805426162,115.790275145894,5.));
#4031=CARTESIAN_POINT('Ctrl Pts',(21.9378073096738,120.817854177245,5.));
#4032=CARTESIAN_POINT('Ctrl Pts',(7.04069216308013,128.850913972033,5.00000000000001));
#4033=CARTESIAN_POINT('Ctrl Pts',(-10.0072136882327,137.176922964419,4.99999999999999));
#4034=CARTESIAN_POINT('Ctrl Pts',(-27.5163446770343,145.441669094604,5.));
#4035=CARTESIAN_POINT('Ctrl Pts',(-36.2741090041964,149.493096073698,5.));
#4036=CARTESIAN_POINT('Ctrl Pts',(-40.7773327044191,151.56516719301,4.99999999999999));
#4037=CARTESIAN_POINT('Ctrl Pts',(-40.9062578239283,151.6244895937,5.00000000000001));
#4038=CARTESIAN_POINT('Ctrl Pts',(-41.0351829434375,151.683811994391,5.00000000000001));
#4039=CARTESIAN_POINT('Ctrl Pts',(-41.2227825094071,48.7238973393623,4.99999999999999));
#4040=CARTESIAN_POINT('Ctrl Pts',(-41.0938573898973,48.7832197400532,4.99999999999999));
#4041=CARTESIAN_POINT('Ctrl Pts',(-40.9649322703874,48.842542140744,5.));
#4042=CARTESIAN_POINT('Ctrl Pts',(-36.4624105078073,50.9142904636037,5.));
#4043=CARTESIAN_POINT('Ctrl Pts',(-27.7054843072428,54.9652089202271,5.));
#4044=CARTESIAN_POINT('Ctrl Pts',(-10.2030427259094,63.2269824652952,5.));
#4045=CARTESIAN_POINT('Ctrl Pts',(6.83987155788825,71.5505549469684,5.));
#4046=CARTESIAN_POINT('Ctrl Pts',(21.7182744739208,79.5733555801428,4.99999999999999));
#4047=CARTESIAN_POINT('Ctrl Pts',(29.9987078420601,84.5888379821476,5.));
#4048=CARTESIAN_POINT('Ctrl Pts',(35.309182687949,88.2141466476298,5.));
#4049=CARTESIAN_POINT('Ctrl Pts',(39.6266829816056,91.7971687209243,5.));
#4050=CARTESIAN_POINT('Ctrl Pts',(42.3612560064706,94.7703927097379,5.));
#4051=CARTESIAN_POINT('Ctrl Pts',(43.7219046505559,97.2490651419473,5.));
#4052=CARTESIAN_POINT('Ctrl Pts',(44.1689586085105,98.7968966034461,5.));
#4053=CARTESIAN_POINT('Ctrl Pts',(44.3334840679461,100.403331715055,5.));
#4054=CARTESIAN_POINT('Ctrl Pts',(43.9165974368519,102.398762959852,5.));
#4055=CARTESIAN_POINT('Ctrl Pts',(42.3621562316569,105.22850661857,5.));
#4056=CARTESIAN_POINT('Ctrl Pts',(39.6246728252781,108.203040687643,5.));
#4057=CARTESIAN_POINT('Ctrl Pts',(35.307729115039,111.784680887153,5.00000000000001));
#4058=CARTESIAN_POINT('Ctrl Pts',(29.9989636902617,115.411614312649,5.));
#4059=CARTESIAN_POINT('Ctrl Pts',(21.7182109276264,120.426216588351,5.));
#4060=CARTESIAN_POINT('Ctrl Pts',(6.83898698939277,128.449914949645,5.00000000000001));
#4061=CARTESIAN_POINT('Ctrl Pts',(-10.2016310579637,136.77240285801,4.99999999999999));
#4062=CARTESIAN_POINT('Ctrl Pts',(-27.7060312504984,145.034923320188,5.));
#4063=CARTESIAN_POINT('Ctrl Pts',(-36.4624105078071,149.085709536396,5.));
#4064=CARTESIAN_POINT('Ctrl Pts',(-40.9649322703866,151.157457859256,4.99999999999999));
#4065=CARTESIAN_POINT('Ctrl Pts',(-41.0938573898958,151.216780259946,5.00000000000001));
#4066=CARTESIAN_POINT('Ctrl Pts',(-41.222782509405,151.276102660637,5.00000000000001));
#4067=CARTESIAN_POINT('Ctrl Pts',(-41.2227825094051,48.7238973393633,5.));
#4068=CARTESIAN_POINT('Ctrl Pts',(-41.2214904880352,48.7221705037055,5.));
#4069=CARTESIAN_POINT('Ctrl Pts',(-41.2201984748342,48.7204436633014,4.9999966647047));
#4070=CARTESIAN_POINT('Ctrl Pts',(-41.0680077615779,48.5170313067035,4.9992109038282));
#4071=CARTESIAN_POINT('Ctrl Pts',(-40.9183832332157,48.3168287199826,4.95294062422634));
#4072=CARTESIAN_POINT('Ctrl Pts',(-40.6375242918488,47.9406728416999,4.77374986569997));
#4073=CARTESIAN_POINT('Ctrl Pts',(-40.5083258761228,47.7674511050505,4.64260685306437));
#4074=CARTESIAN_POINT('Ctrl Pts',(-40.2814244921522,47.4630286090625,4.30276578433228));
#4075=CARTESIAN_POINT('Ctrl Pts',(-40.1870290093346,47.3362621517086,4.09472000456139));
#4076=CARTESIAN_POINT('Ctrl Pts',(-40.052286163963,47.1552555743814,3.63256935240457));
#4077=CARTESIAN_POINT('Ctrl Pts',(-40.0125932093307,47.1018998086072,3.38382002078171));
#4078=CARTESIAN_POINT('Ctrl Pts',(-40.0008480581357,47.0861136381216,3.08608722161377));
#4079=CARTESIAN_POINT('Ctrl Pts',(-40.,47.0849737787082,3.04305021484651));
#4080=CARTESIAN_POINT('Ctrl Pts',(-40.,47.0849737787082,3.));
#4081=CARTESIAN_POINT('Origin',(-100.,100.,3.));
#4082=CARTESIAN_POINT('',(-47.0849737787082,40.,3.));
#4083=CARTESIAN_POINT('Ctrl Pts',(-48.7238973393634,41.2227825094049,5.));
#4084=CARTESIAN_POINT('Ctrl Pts',(-48.722170503707,41.2214904880361,5.));
#4085=CARTESIAN_POINT('Ctrl Pts',(-48.7204436633001,41.2201984748344,4.99999666470469));
#4086=CARTESIAN_POINT('Ctrl Pts',(-48.5485716569944,41.0916058776493,4.99933274093637));
#4087=CARTESIAN_POINT('Ctrl Pts',(-48.3793162387069,40.9650871938615,4.96629929800152));
#4088=CARTESIAN_POINT('Ctrl Pts',(-48.0554739792707,40.7232143825384,4.83768955649121));
#4089=CARTESIAN_POINT('Ctrl Pts',(-47.9025458826679,40.6090975526981,4.74302771117155));
#4090=CARTESIAN_POINT('Ctrl Pts',(-47.5933680134794,40.378536689796,4.47031435044388));
#4091=CARTESIAN_POINT('Ctrl Pts',(-47.4473518786957,40.269760653937,4.2804652554713));
#4092=CARTESIAN_POINT('Ctrl Pts',(-47.2240594699229,40.1034895137853,3.84522966839153));
#4093=CARTESIAN_POINT('Ctrl Pts',(-47.1478439823238,40.0467790804478,3.60516846519615));
#4094=CARTESIAN_POINT('Ctrl Pts',(-47.0936157693539,40.0064294231546,3.23679913859441));
#4095=CARTESIAN_POINT('Ctrl Pts',(-47.0849737787082,40.,3.11853741862641));
#4096=CARTESIAN_POINT('Ctrl Pts',(-47.0849737787082,40.,3.));
#4097=CARTESIAN_POINT('Origin',(-100.,100.,3.));
#4098=CARTESIAN_POINT('Ctrl Pts',(-153.092993423364,40.3867753585297,3.));
#4099=CARTESIAN_POINT('Ctrl Pts',(-153.033671022674,40.2578502390198,3.));
#4100=CARTESIAN_POINT('Ctrl Pts',(-152.974348621983,40.1289251195099,3.));
#4101=CARTESIAN_POINT('Ctrl Pts',(-150.901257915063,35.6234859593988,3.));
#4102=CARTESIAN_POINT('Ctrl Pts',(-146.848075110235,26.8599513775486,3.));
#4103=CARTESIAN_POINT('Ctrl Pts',(-138.57365148485,9.33679441005233,3.));
#4104=CARTESIAN_POINT('Ctrl Pts',(-130.934015460014,-6.31915062610179,3.));
#4105=CARTESIAN_POINT('Ctrl Pts',(-123.329585799128,-20.5560867183599,3.));
#4106=CARTESIAN_POINT('Ctrl Pts',(-118.437438112787,-29.0161538806809,3.));
#4107=CARTESIAN_POINT('Ctrl Pts',(-113.46655093867,-36.5184150618375,3.));
#4108=CARTESIAN_POINT('Ctrl Pts',(-108.867609613416,-41.9563714023117,3.));
#4109=CARTESIAN_POINT('Ctrl Pts',(-105.107935691755,-44.8273507965231,3.));
#4110=CARTESIAN_POINT('Ctrl Pts',(-102.38818318551,-46.0004806968412,3.));
#4111=CARTESIAN_POINT('Ctrl Pts',(-99.9999543362955,-46.3750771458016,3.));
#4112=CARTESIAN_POINT('Ctrl Pts',(-97.6118456093049,-46.0003896446283,3.));
#4113=CARTESIAN_POINT('Ctrl Pts',(-94.8918022006479,-44.8278507573549,3.));
#4114=CARTESIAN_POINT('Ctrl Pts',(-91.1332970650586,-41.9541444692936,3.));
#4115=CARTESIAN_POINT('Ctrl Pts',(-86.5296612822035,-36.5258793497752,3.));
#4116=CARTESIAN_POINT('Ctrl Pts',(-79.7653494024417,-26.2717110821929,3.));
#4117=CARTESIAN_POINT('Ctrl Pts',(-70.464441425931,-9.15078870141223,3.));
#4118=CARTESIAN_POINT('Ctrl Pts',(-61.4213588800043,9.33138857594089,3.));
#4119=CARTESIAN_POINT('Ctrl Pts',(-53.1539661108091,26.8624513282562,3.));
#4120=CARTESIAN_POINT('Ctrl Pts',(-49.0987420849366,35.6234859593987,3.));
#4121=CARTESIAN_POINT('Ctrl Pts',(-47.0256513780177,40.1289251195092,3.));
#4122=CARTESIAN_POINT('Ctrl Pts',(-46.9663289773271,40.2578502390183,3.));
#4123=CARTESIAN_POINT('Ctrl Pts',(-46.9070065766366,40.3867753585275,3.));
#4124=CARTESIAN_POINT('Ctrl Pts',(-153.092993423364,40.3867753585297,3.59839860068377));
#4125=CARTESIAN_POINT('Ctrl Pts',(-153.033671022674,40.2578502390198,3.59839860068377));
#4126=CARTESIAN_POINT('Ctrl Pts',(-152.974348621983,40.1289251195099,3.59839860068377));
#4127=CARTESIAN_POINT('Ctrl Pts',(-150.901257915063,35.6234859593988,3.59839860068377));
#4128=CARTESIAN_POINT('Ctrl Pts',(-146.848075110235,26.8599513775486,3.59839860068377));
#4129=CARTESIAN_POINT('Ctrl Pts',(-138.57365148485,9.33679441005233,3.59839860068377));
#4130=CARTESIAN_POINT('Ctrl Pts',(-130.934015460014,-6.31915062610179,3.59839860068377));
#4131=CARTESIAN_POINT('Ctrl Pts',(-123.329585799128,-20.5560867183599,3.59839860068377));
#4132=CARTESIAN_POINT('Ctrl Pts',(-118.437438112787,-29.0161538806809,3.59839860068377));
#4133=CARTESIAN_POINT('Ctrl Pts',(-113.46655093867,-36.5184150618375,3.59839860068377));
#4134=CARTESIAN_POINT('Ctrl Pts',(-108.867609613416,-41.9563714023117,3.59839860068377));
#4135=CARTESIAN_POINT('Ctrl Pts',(-105.107935691755,-44.8273507965231,3.59839860068377));
#4136=CARTESIAN_POINT('Ctrl Pts',(-102.38818318551,-46.0004806968412,3.59839860068377));
#4137=CARTESIAN_POINT('Ctrl Pts',(-99.9999543362955,-46.3750771458016,3.59839860068377));
#4138=CARTESIAN_POINT('Ctrl Pts',(-97.6118456093049,-46.0003896446283,3.59839860068377));
#4139=CARTESIAN_POINT('Ctrl Pts',(-94.8918022006479,-44.8278507573549,3.59839860068378));
#4140=CARTESIAN_POINT('Ctrl Pts',(-91.1332970650586,-41.9541444692936,3.59839860068377));
#4141=CARTESIAN_POINT('Ctrl Pts',(-86.5296612822035,-36.5258793497752,3.59839860068377));
#4142=CARTESIAN_POINT('Ctrl Pts',(-79.7653494024417,-26.2717110821929,3.59839860068377));
#4143=CARTESIAN_POINT('Ctrl Pts',(-70.464441425931,-9.15078870141223,3.59839860068377));
#4144=CARTESIAN_POINT('Ctrl Pts',(-61.4213588800043,9.33138857594089,3.59839860068376));
#4145=CARTESIAN_POINT('Ctrl Pts',(-53.1539661108091,26.8624513282562,3.59839860068378));
#4146=CARTESIAN_POINT('Ctrl Pts',(-49.0987420849366,35.6234859593987,3.59839860068377));
#4147=CARTESIAN_POINT('Ctrl Pts',(-47.0256513780177,40.1289251195092,3.59839860068377));
#4148=CARTESIAN_POINT('Ctrl Pts',(-46.9663289773271,40.2578502390183,3.59839860068377));
#4149=CARTESIAN_POINT('Ctrl Pts',(-46.9070065766366,40.3867753585275,3.59839860068377));
#4150=CARTESIAN_POINT('Ctrl Pts',(-152.636401904486,40.5968671167375,4.63398086527907));
#4151=CARTESIAN_POINT('Ctrl Pts',(-152.577079503795,40.4679419972276,4.63398086527907));
#4152=CARTESIAN_POINT('Ctrl Pts',(-152.517757103104,40.3390168777177,4.63398086527907));
#4153=CARTESIAN_POINT('Ctrl Pts',(-150.444910485537,35.8342023173262,4.63398086527907));
#4154=CARTESIAN_POINT('Ctrl Pts',(-146.392537487504,27.0724273348901,4.63398086527907));
#4155=CARTESIAN_POINT('Ctrl Pts',(-138.120822100757,9.55458873359627,4.63398086527906));
#4156=CARTESIAN_POINT('Ctrl Pts',(-130.484201523988,-6.09417861139774,4.63398086527907));
#4157=CARTESIAN_POINT('Ctrl Pts',(-122.889905752568,-20.31290460022,4.63398086527907));
#4158=CARTESIAN_POINT('Ctrl Pts',(-118.007249935898,-28.7544982710163,4.63398086527907));
#4159=CARTESIAN_POINT('Ctrl Pts',(-113.059822031341,-36.2234483570255,4.63398086527907));
#4160=CARTESIAN_POINT('Ctrl Pts',(-108.502046344427,-41.6049493936741,4.63398086527907));
#4161=CARTESIAN_POINT('Ctrl Pts',(-104.838411503432,-44.3974900648494,4.63398086527907));
#4162=CARTESIAN_POINT('Ctrl Pts',(-102.24105756324,-45.5147610525611,4.63398086527907));
#4163=CARTESIAN_POINT('Ctrl Pts',(-99.9998826372588,-45.8638975256544,4.63398086527907));
#4164=CARTESIAN_POINT('Ctrl Pts',(-97.7591616587911,-45.5147336473574,4.63398086527907));
#4165=CARTESIAN_POINT('Ctrl Pts',(-95.1610841266494,-44.3978678384505,4.63398086527907));
#4166=CARTESIAN_POINT('Ctrl Pts',(-91.4990603441047,-41.602843098976,4.63398086527907));
#4167=CARTESIAN_POINT('Ctrl Pts',(-86.9368957883173,-36.2311086625803,4.63398086527907));
#4168=CARTESIAN_POINT('Ctrl Pts',(-80.2024221329806,-26.0213111164001,4.63398086527907));
#4169=CARTESIAN_POINT('Ctrl Pts',(-70.9121918471547,-8.92363627803998,4.63398086527906));
#4170=CARTESIAN_POINT('Ctrl Pts',(-61.8748332299793,9.54881693947102,4.63398086527907));
#4171=CARTESIAN_POINT('Ctrl Pts',(-53.6093017777635,27.0750289589088,4.63398086527907));
#4172=CARTESIAN_POINT('Ctrl Pts',(-49.5549065957059,35.8343279807025,4.63398086527906));
#4173=CARTESIAN_POINT('Ctrl Pts',(-47.4822428968966,40.339016877717,4.63398086527906));
#4174=CARTESIAN_POINT('Ctrl Pts',(-47.422920496206,40.4679419972261,4.63398086527907));
#4175=CARTESIAN_POINT('Ctrl Pts',(-47.3635980955155,40.5968671167353,4.63398086527906));
#4176=CARTESIAN_POINT('Ctrl Pts',(-151.683811994392,41.0351829434396,5.00000000000001));
#4177=CARTESIAN_POINT('Ctrl Pts',(-151.624489593701,40.9062578239297,5.00000000000001));
#4178=CARTESIAN_POINT('Ctrl Pts',(-151.56516719301,40.7773327044198,5.00000000000001));
#4179=CARTESIAN_POINT('Ctrl Pts',(-149.493060884656,36.2740902148616,5.));
#4180=CARTESIAN_POINT('Ctrl Pts',(-145.44207622324,27.5155908188598,5.00000000000001));
#4181=CARTESIAN_POINT('Ctrl Pts',(-137.17599001512,10.0089769859141,4.99999999999999));
#4182=CARTESIAN_POINT('Ctrl Pts',(-129.546051171021,-5.624656843785,5.00000000000001));
#4183=CARTESIAN_POINT('Ctrl Pts',(-121.972210520183,-19.8057442795554,5.));
#4184=CARTESIAN_POINT('Ctrl Pts',(-117.110685315622,-28.2082573109635,4.99999999999999));
#4185=CARTESIAN_POINT('Ctrl Pts',(-112.210140274173,-35.6083637606312,5.));
#4186=CARTESIAN_POINT('Ctrl Pts',(-107.741544542101,-40.8714619747872,5.));
#4187=CARTESIAN_POINT('Ctrl Pts',(-104.274089425181,-43.5018521854566,5.00000000000001));
#4188=CARTESIAN_POINT('Ctrl Pts',(-101.934702605253,-44.4998605878536,5.));
#4189=CARTESIAN_POINT('Ctrl Pts',(-99.9999296171574,-44.7983706555308,5.));
#4190=CARTESIAN_POINT('Ctrl Pts',(-98.065426514017,-44.49980097522,5.));
#4191=CARTESIAN_POINT('Ctrl Pts',(-95.7256127625882,-43.5023257702033,5.));
#4192=CARTESIAN_POINT('Ctrl Pts',(-92.2590728692323,-40.8691152700241,5.));
#4193=CARTESIAN_POINT('Ctrl Pts',(-87.7879414119295,-35.6166940317135,5.));
#4194=CARTESIAN_POINT('Ctrl Pts',(-81.113411841937,-25.4985536532725,5.));
#4195=CARTESIAN_POINT('Ctrl Pts',(-71.8470624984043,-8.45002471330381,4.99999999999999));
#4196=CARTESIAN_POINT('Ctrl Pts',(-62.8206339782465,10.0025831222351,5.));
#4197=CARTESIAN_POINT('Ctrl Pts',(-54.5593041644858,27.5184855639385,5.));
#4198=CARTESIAN_POINT('Ctrl Pts',(-50.506827792745,36.2741666923857,4.99999999999999));
#4199=CARTESIAN_POINT('Ctrl Pts',(-48.4348328069903,40.7773327044191,5.));
#4200=CARTESIAN_POINT('Ctrl Pts',(-48.3755104062998,40.9062578239283,5.));
#4201=CARTESIAN_POINT('Ctrl Pts',(-48.3161880056092,41.0351829434375,5.));
#4202=CARTESIAN_POINT('Ctrl Pts',(-151.276102660638,41.2227825094071,5.00000000000001));
#4203=CARTESIAN_POINT('Ctrl Pts',(-151.216780259947,41.0938573898972,5.00000000000001));
#4204=CARTESIAN_POINT('Ctrl Pts',(-151.157457859256,40.9649322703873,5.00000000000001));
#4205=CARTESIAN_POINT('Ctrl Pts',(-149.085709536396,36.4624105078072,5.));
#4206=CARTESIAN_POINT('Ctrl Pts',(-145.03526547223,27.7052426654315,5.00000000000001));
#4207=CARTESIAN_POINT('Ctrl Pts',(-136.771584812627,10.2034560116896,4.99999999999999));
#4208=CARTESIAN_POINT('Ctrl Pts',(-129.144575285174,-5.42367241797314,5.00000000000001));
#4209=CARTESIAN_POINT('Ctrl Pts',(-121.57936709916,-19.5887134126375,5.));
#4210=CARTESIAN_POINT('Ctrl Pts',(-116.727122157057,-27.974403897832,4.99999999999999));
#4211=CARTESIAN_POINT('Ctrl Pts',(-111.846276250102,-35.3451615452585,5.));
#4212=CARTESIAN_POINT('Ctrl Pts',(-107.416436317056,-40.557472921965,5.));
#4213=CARTESIAN_POINT('Ctrl Pts',(-104.032200911568,-43.1187290350647,5.00000000000001));
#4214=CARTESIAN_POINT('Ctrl Pts',(-101.803688185128,-44.0652080773574,5.));
#4215=CARTESIAN_POINT('Ctrl Pts',(-99.9999847159949,-44.3424934137845,5.));
#4216=CARTESIAN_POINT('Ctrl Pts',(-98.1963156077055,-44.0651053086609,5.));
#4217=CARTESIAN_POINT('Ctrl Pts',(-95.9677164270599,-43.119306061923,5.));
#4218=CARTESIAN_POINT('Ctrl Pts',(-92.5838103034419,-40.5549357213261,5.));
#4219=CARTESIAN_POINT('Ctrl Pts',(-88.1524441839648,-35.3538250259444,5.));
#4220=CARTESIAN_POINT('Ctrl Pts',(-81.5031599523786,-25.2747513353611,5.));
#4221=CARTESIAN_POINT('Ctrl Pts',(-72.2473172080147,-8.2473715951246,4.99999999999999));
#4222=CARTESIAN_POINT('Ctrl Pts',(-63.225386669908,10.1968210790568,5.));
#4223=CARTESIAN_POINT('Ctrl Pts',(-54.9659118336085,27.7082772855587,5.));
#4224=CARTESIAN_POINT('Ctrl Pts',(-50.9142904636038,36.4624105078071,4.99999999999999));
#4225=CARTESIAN_POINT('Ctrl Pts',(-48.8425421407444,40.9649322703866,5.));
#4226=CARTESIAN_POINT('Ctrl Pts',(-48.7832197400539,41.0938573898958,5.));
#4227=CARTESIAN_POINT('Ctrl Pts',(-48.7238973393633,41.222782509405,5.));
#4228=CARTESIAN_POINT('',(-152.915026221292,40.,3.));
#4229=CARTESIAN_POINT('Ctrl Pts',(-151.276102660637,41.2227825094051,5.00000000000001));
#4230=CARTESIAN_POINT('Ctrl Pts',(-151.27782949629,41.2214904880388,5.00000000000001));
#4231=CARTESIAN_POINT('Ctrl Pts',(-151.279556336709,41.2201984748375,4.99999666470469));
#4232=CARTESIAN_POINT('Ctrl Pts',(-151.482968692913,41.06800776155,4.99921090382906));
#4233=CARTESIAN_POINT('Ctrl Pts',(-151.683171279976,40.9183832332469,4.95294062424632));
#4234=CARTESIAN_POINT('Ctrl Pts',(-152.059327158301,40.6375242918484,4.77374986569958));
#4235=CARTESIAN_POINT('Ctrl Pts',(-152.23254889495,40.5083258761226,4.64260685306409));
#4236=CARTESIAN_POINT('Ctrl Pts',(-152.536971390938,40.2814244921522,4.30276578433227));
#4237=CARTESIAN_POINT('Ctrl Pts',(-152.663737848291,40.1870290093346,4.09472000456138));
#4238=CARTESIAN_POINT('Ctrl Pts',(-152.844744425619,40.052286163963,3.63256935240462));
#4239=CARTESIAN_POINT('Ctrl Pts',(-152.898100191393,40.0125932093307,3.38382002078174));
#4240=CARTESIAN_POINT('Ctrl Pts',(-152.913886361878,40.0008480581357,3.08608722161355));
#4241=CARTESIAN_POINT('Ctrl Pts',(-152.915026221292,40.,3.0430502148464));
#4242=CARTESIAN_POINT('Ctrl Pts',(-152.915026221292,40.,3.));
#4243=CARTESIAN_POINT('Ctrl Pts',(-152.915026221286,39.9999999999883,3.));
#4244=CARTESIAN_POINT('Ctrl Pts',(-152.91501340869,39.9999721544283,3.));
#4245=CARTESIAN_POINT('Ctrl Pts',(-152.915000596093,39.9999443088643,3.));
#4246=CARTESIAN_POINT('Ctrl Pts',(-150.901257915063,35.6234859593988,3.));
#4247=CARTESIAN_POINT('Ctrl Pts',(-146.848075110235,26.8599513775486,3.));
#4248=CARTESIAN_POINT('Ctrl Pts',(-138.57365148485,9.33679441005233,3.));
#4249=CARTESIAN_POINT('Ctrl Pts',(-130.934015460014,-6.31915062610179,3.));
#4250=CARTESIAN_POINT('Ctrl Pts',(-123.329585799128,-20.5560867183599,3.));
#4251=CARTESIAN_POINT('Ctrl Pts',(-118.437438112787,-29.0161538806809,3.));
#4252=CARTESIAN_POINT('Ctrl Pts',(-113.46655093867,-36.5184150618375,3.));
#4253=CARTESIAN_POINT('Ctrl Pts',(-108.867609613416,-41.9563714023117,3.));
#4254=CARTESIAN_POINT('Ctrl Pts',(-105.107935691755,-44.8273507965231,3.));
#4255=CARTESIAN_POINT('Ctrl Pts',(-102.38818318551,-46.0004806968412,3.));
#4256=CARTESIAN_POINT('Ctrl Pts',(-99.9999543362955,-46.3750771458016,3.));
#4257=CARTESIAN_POINT('Ctrl Pts',(-97.6118456093049,-46.0003896446283,3.));
#4258=CARTESIAN_POINT('Ctrl Pts',(-94.8918022006479,-44.8278507573549,3.));
#4259=CARTESIAN_POINT('Ctrl Pts',(-91.1332970650586,-41.9541444692936,3.));
#4260=CARTESIAN_POINT('Ctrl Pts',(-86.5296612822035,-36.5258793497752,3.));
#4261=CARTESIAN_POINT('Ctrl Pts',(-79.7653494024417,-26.2717110821929,3.));
#4262=CARTESIAN_POINT('Ctrl Pts',(-70.464441425931,-9.15078870141223,3.));
#4263=CARTESIAN_POINT('Ctrl Pts',(-61.4213588800043,9.33138857594089,3.));
#4264=CARTESIAN_POINT('Ctrl Pts',(-53.1539661108091,26.8624513282562,3.));
#4265=CARTESIAN_POINT('Ctrl Pts',(-49.0987420849366,35.6234859593987,3.));
#4266=CARTESIAN_POINT('Ctrl Pts',(-47.0849994039074,39.9999443088643,3.));
#4267=CARTESIAN_POINT('Ctrl Pts',(-47.0849865913096,39.9999721544282,3.));
#4268=CARTESIAN_POINT('Ctrl Pts',(-47.0849737787136,39.9999999999883,3.));
#4269=CARTESIAN_POINT('Origin',(-100.,100.,3.));
#4270=CARTESIAN_POINT('',(-160.,47.0849737787081,3.));
#4271=CARTESIAN_POINT('Origin',(-100.,100.,3.));
#4272=CARTESIAN_POINT('Ctrl Pts',(-158.777217490595,48.7238973393632,5.));
#4273=CARTESIAN_POINT('Ctrl Pts',(-158.778509511964,48.7221705037064,5.));
#4274=CARTESIAN_POINT('Ctrl Pts',(-158.779801525165,48.7204436633004,4.9999966647047));
#4275=CARTESIAN_POINT('Ctrl Pts',(-158.908394122351,48.5485716570005,4.9993327409364));
#4276=CARTESIAN_POINT('Ctrl Pts',(-159.034912806138,48.3793162387075,4.96629929800181));
#4277=CARTESIAN_POINT('Ctrl Pts',(-159.276785617461,48.0554739792707,4.83768955649124));
#4278=CARTESIAN_POINT('Ctrl Pts',(-159.390902447302,47.9025458826678,4.7430277111716));
#4279=CARTESIAN_POINT('Ctrl Pts',(-159.621463310204,47.5933680134793,4.47031435044391));
#4280=CARTESIAN_POINT('Ctrl Pts',(-159.730239346063,47.4473518786956,4.28046525547134));
#4281=CARTESIAN_POINT('Ctrl Pts',(-159.896510486215,47.2240594699228,3.84522966839157));
#4282=CARTESIAN_POINT('Ctrl Pts',(-159.953220919552,47.1478439823237,3.60516846519618));
#4283=CARTESIAN_POINT('Ctrl Pts',(-159.993570576845,47.0936157693538,3.23679913859439));
#4284=CARTESIAN_POINT('Ctrl Pts',(-160.,47.0849737787081,3.1185374186264));
#4285=CARTESIAN_POINT('Ctrl Pts',(-160.,47.0849737787081,3.));
#4286=CARTESIAN_POINT('Ctrl Pts',(-159.61322464147,153.092993423364,3.));
#4287=CARTESIAN_POINT('Ctrl Pts',(-159.74214976098,153.033671022674,3.));
#4288=CARTESIAN_POINT('Ctrl Pts',(-159.87107488049,152.974348621983,3.));
#4289=CARTESIAN_POINT('Ctrl Pts',(-164.376514040601,150.901257915063,3.));
#4290=CARTESIAN_POINT('Ctrl Pts',(-173.140415190738,146.847844762655,3.));
#4291=CARTESIAN_POINT('Ctrl Pts',(-190.661986109664,138.574614111405,3.));
#4292=CARTESIAN_POINT('Ctrl Pts',(-206.319528731521,130.934055591525,3.));
#4293=CARTESIAN_POINT('Ctrl Pts',(-220.55526432609,123.329248069136,3.));
#4294=CARTESIAN_POINT('Ctrl Pts',(-229.016983833255,118.4379361063,3.));
#4295=CARTESIAN_POINT('Ctrl Pts',(-236.518410182101,113.466716997148,3.));
#4296=CARTESIAN_POINT('Ctrl Pts',(-241.956875321719,108.867725602318,3.));
#4297=CARTESIAN_POINT('Ctrl Pts',(-244.826944767507,105.107765753775,3.));
#4298=CARTESIAN_POINT('Ctrl Pts',(-246.00010310588,102.388154797593,3.));
#4299=CARTESIAN_POINT('Ctrl Pts',(-246.374649803398,99.9999446171287,3.));
#4300=CARTESIAN_POINT('Ctrl Pts',(-246.000034984563,97.6118186744247,3.));
#4301=CARTESIAN_POINT('Ctrl Pts',(-244.827370678097,94.891992391831,3.));
#4302=CARTESIAN_POINT('Ctrl Pts',(-241.955024026002,91.1328535692197,3.));
#4303=CARTESIAN_POINT('Ctrl Pts',(-236.525375978365,86.5300416617091,3.));
#4304=CARTESIAN_POINT('Ctrl Pts',(-226.272347201276,79.7644493100606,3.));
#4305=CARTESIAN_POINT('Ctrl Pts',(-215.571313493695,73.9528826032073,3.));
#4306=CARTESIAN_POINT('Ctrl Pts',(-201.335630041594,66.6357243825877,3.));
#4307=CARTESIAN_POINT('Ctrl Pts',(-188.475484343597,60.3911957696515,3.));
#4308=CARTESIAN_POINT('Ctrl Pts',(-173.138494922692,53.1524671923785,3.));
#4309=CARTESIAN_POINT('Ctrl Pts',(-164.376514040601,49.0987420849365,3.));
#4310=CARTESIAN_POINT('Ctrl Pts',(-159.871074880491,47.0256513780176,3.));
#4311=CARTESIAN_POINT('Ctrl Pts',(-159.742149760982,46.966328977327,3.));
#4312=CARTESIAN_POINT('Ctrl Pts',(-159.613224641472,46.9070065766365,3.));
#4313=CARTESIAN_POINT('Ctrl Pts',(-159.61322464147,153.092993423364,3.59839860068377));
#4314=CARTESIAN_POINT('Ctrl Pts',(-159.74214976098,153.033671022674,3.59839860068377));
#4315=CARTESIAN_POINT('Ctrl Pts',(-159.87107488049,152.974348621983,3.59839860068377));
#4316=CARTESIAN_POINT('Ctrl Pts',(-164.376514040601,150.901257915063,3.59839860068377));
#4317=CARTESIAN_POINT('Ctrl Pts',(-173.140415190738,146.847844762655,3.59839860068377));
#4318=CARTESIAN_POINT('Ctrl Pts',(-190.661986109664,138.574614111405,3.59839860068377));
#4319=CARTESIAN_POINT('Ctrl Pts',(-206.319528731521,130.934055591525,3.59839860068376));
#4320=CARTESIAN_POINT('Ctrl Pts',(-220.55526432609,123.329248069136,3.59839860068377));
#4321=CARTESIAN_POINT('Ctrl Pts',(-229.016983833255,118.4379361063,3.59839860068377));
#4322=CARTESIAN_POINT('Ctrl Pts',(-236.518410182101,113.466716997148,3.59839860068376));
#4323=CARTESIAN_POINT('Ctrl Pts',(-241.956875321719,108.867725602318,3.59839860068377));
#4324=CARTESIAN_POINT('Ctrl Pts',(-244.826944767507,105.107765753775,3.59839860068379));
#4325=CARTESIAN_POINT('Ctrl Pts',(-246.00010310588,102.388154797593,3.59839860068377));
#4326=CARTESIAN_POINT('Ctrl Pts',(-246.374649803398,99.9999446171287,3.59839860068377));
#4327=CARTESIAN_POINT('Ctrl Pts',(-246.000034984563,97.6118186744247,3.59839860068378));
#4328=CARTESIAN_POINT('Ctrl Pts',(-244.827370678097,94.891992391831,3.59839860068377));
#4329=CARTESIAN_POINT('Ctrl Pts',(-241.955024026002,91.1328535692197,3.59839860068377));
#4330=CARTESIAN_POINT('Ctrl Pts',(-236.525375978365,86.5300416617091,3.59839860068377));
#4331=CARTESIAN_POINT('Ctrl Pts',(-226.272347201276,79.7644493100606,3.59839860068377));
#4332=CARTESIAN_POINT('Ctrl Pts',(-215.571313493695,73.9528826032073,3.59839860068377));
#4333=CARTESIAN_POINT('Ctrl Pts',(-201.335630041594,66.6357243825877,3.59839860068377));
#4334=CARTESIAN_POINT('Ctrl Pts',(-188.475484343597,60.3911957696515,3.59839860068377));
#4335=CARTESIAN_POINT('Ctrl Pts',(-173.138494922692,53.1524671923785,3.59839860068377));
#4336=CARTESIAN_POINT('Ctrl Pts',(-164.376514040601,49.0987420849365,3.59839860068377));
#4337=CARTESIAN_POINT('Ctrl Pts',(-159.871074880491,47.0256513780176,3.59839860068377));
#4338=CARTESIAN_POINT('Ctrl Pts',(-159.742149760982,46.966328977327,3.59839860068377));
#4339=CARTESIAN_POINT('Ctrl Pts',(-159.613224641472,46.9070065766365,3.59839860068377));
#4340=CARTESIAN_POINT('Ctrl Pts',(-159.40311487948,152.636362776941,4.63392918629442));
#4341=CARTESIAN_POINT('Ctrl Pts',(-159.53203999899,152.57704037625,4.63392918629442));
#4342=CARTESIAN_POINT('Ctrl Pts',(-159.660965118499,152.51771797556,4.63392918629442));
#4343=CARTESIAN_POINT('Ctrl Pts',(-164.165780834694,150.444868911453,4.6339291862944));
#4344=CARTESIAN_POINT('Ctrl Pts',(-172.927920888247,146.392269841338,4.63392918629443));
#4345=CARTESIAN_POINT('Ctrl Pts',(-190.444183488337,138.121734047315,4.63392918629442));
#4346=CARTESIAN_POINT('Ctrl Pts',(-206.094579561803,130.484142587941,4.63392918629442));
#4347=CARTESIAN_POINT('Ctrl Pts',(-220.31200509746,122.889596494011,4.63392918629442));
#4348=CARTESIAN_POINT('Ctrl Pts',(-228.755382769167,118.007532966696,4.63392918629442));
#4349=CARTESIAN_POINT('Ctrl Pts',(-236.223397489816,113.059896934575,4.63392918629442));
#4350=CARTESIAN_POINT('Ctrl Pts',(-241.605369475601,108.50195883471,4.63392918629443));
#4351=CARTESIAN_POINT('Ctrl Pts',(-244.397014554433,104.838304107347,4.63392918629444));
#4352=CARTESIAN_POINT('Ctrl Pts',(-245.514425152738,102.241014778686,4.63392918629443));
#4353=CARTESIAN_POINT('Ctrl Pts',(-245.863460242665,99.999883677067,4.63392918629443));
#4354=CARTESIAN_POINT('Ctrl Pts',(-245.514419151112,97.7591487412557,4.63392918629443));
#4355=CARTESIAN_POINT('Ctrl Pts',(-244.397323135173,95.1612309527564,4.63392918629442));
#4356=CARTESIAN_POINT('Ctrl Pts',(-241.603680572011,91.4989030491215,4.63392918629443));
#4357=CARTESIAN_POINT('Ctrl Pts',(-236.230484786728,86.9371859500989,4.63392918629442));
#4358=CARTESIAN_POINT('Ctrl Pts',(-226.022101529546,80.2019376018802,4.63392918629443));
#4359=CARTESIAN_POINT('Ctrl Pts',(-215.335267437353,74.3962839426158,4.63392918629442));
#4360=CARTESIAN_POINT('Ctrl Pts',(-201.112935206223,67.0866560587344,4.63392918629442));
#4361=CARTESIAN_POINT('Ctrl Pts',(-188.258371994377,60.8444030172457,4.63392918629442));
#4362=CARTESIAN_POINT('Ctrl Pts',(-172.925968795858,53.608015342838,4.63392918629443));
#4363=CARTESIAN_POINT('Ctrl Pts',(-164.165779729124,49.5551463103498,4.63392918629442));
#4364=CARTESIAN_POINT('Ctrl Pts',(-159.6609651185,47.4822820244406,4.63392918629443));
#4365=CARTESIAN_POINT('Ctrl Pts',(-159.532039998991,47.4229596237501,4.63392918629442));
#4366=CARTESIAN_POINT('Ctrl Pts',(-159.403114879482,47.3636372230595,4.63392918629442));
#4367=CARTESIAN_POINT('Ctrl Pts',(-158.96481705656,151.683811994392,4.99999999999999));
#4368=CARTESIAN_POINT('Ctrl Pts',(-159.09374217607,151.624489593701,4.99999999999999));
#4369=CARTESIAN_POINT('Ctrl Pts',(-159.22266729558,151.56516719301,5.));
#4370=CARTESIAN_POINT('Ctrl Pts',(-163.725908279047,149.493061338378,4.99999999999997));
#4371=CARTESIAN_POINT('Ctrl Pts',(-172.48477250391,145.441849308286,5.00000000000001));
#4372=CARTESIAN_POINT('Ctrl Pts',(-189.989835421213,137.176924235887,4.99999999999999));
#4373=CARTESIAN_POINT('Ctrl Pts',(-205.625078567043,129.545989435884,4.99999999999999));
#4374=CARTESIAN_POINT('Ctrl Pts',(-219.80484059667,121.971975446174,5.));
#4375=CARTESIAN_POINT('Ctrl Pts',(-228.209199806985,117.110918768088,5.));
#4376=CARTESIAN_POINT('Ctrl Pts',(-235.608333157868,112.210193749972,5.));
#4377=CARTESIAN_POINT('Ctrl Pts',(-240.871874443274,107.741437082889,5.00000000000001));
#4378=CARTESIAN_POINT('Ctrl Pts',(-243.501419862298,104.274008428435,5.00000000000002));
#4379=CARTESIAN_POINT('Ctrl Pts',(-244.499582675619,101.934689190306,5.00000000000001));
#4380=CARTESIAN_POINT('Ctrl Pts',(-244.798012407672,99.9999292430767,5.00000000000001));
#4381=CARTESIAN_POINT('Ctrl Pts',(-244.499548047387,98.065400515935,5.00000000000001));
#4382=CARTESIAN_POINT('Ctrl Pts',(-243.501815395981,95.725713277653,5.));
#4383=CARTESIAN_POINT('Ctrl Pts',(-240.869993841314,92.2590428733501,5.));
#4384=CARTESIAN_POINT('Ctrl Pts',(-235.615994137018,87.7880261338933,4.99999999999999));
#4385=CARTESIAN_POINT('Ctrl Pts',(-225.499567029599,81.1133280874685,5.00000000000001));
#4386=CARTESIAN_POINT('Ctrl Pts',(-214.843031227094,75.3216632735566,5.));
#4387=CARTESIAN_POINT('Ctrl Pts',(-200.648315732385,68.0271157774736,5.));
#4388=CARTESIAN_POINT('Ctrl Pts',(-187.805419374607,61.7898380441581,5.));
#4389=CARTESIAN_POINT('Ctrl Pts',(-172.482804025924,54.5584537414927,5.));
#4390=CARTESIAN_POINT('Ctrl Pts',(-163.725907628845,50.5069476137766,5.));
#4391=CARTESIAN_POINT('Ctrl Pts',(-159.222667295581,48.4348328069902,5.00000000000001));
#4392=CARTESIAN_POINT('Ctrl Pts',(-159.093742176072,48.3755104062997,5.));
#4393=CARTESIAN_POINT('Ctrl Pts',(-158.964817056562,48.3161880056091,5.));
#4394=CARTESIAN_POINT('Ctrl Pts',(-158.777217490593,151.276102660638,4.99999999999999));
#4395=CARTESIAN_POINT('Ctrl Pts',(-158.906142610103,151.216780259947,4.99999999999999));
#4396=CARTESIAN_POINT('Ctrl Pts',(-159.035067729613,151.157457859256,5.00000000000001));
#4397=CARTESIAN_POINT('Ctrl Pts',(-163.537589492193,149.085709536396,4.99999999999997));
#4398=CARTESIAN_POINT('Ctrl Pts',(-172.295117200202,145.035039884249,5.00000000000001));
#4399=CARTESIAN_POINT('Ctrl Pts',(-189.795365623028,136.772514513251,4.99999999999999));
#4400=CARTESIAN_POINT('Ctrl Pts',(-205.424082656267,129.144505918624,4.99999999999999));
#4401=CARTESIAN_POINT('Ctrl Pts',(-219.58781172532,121.579136012182,5.));
#4402=CARTESIAN_POINT('Ctrl Pts',(-227.975345573795,116.72735326777,5.));
#4403=CARTESIAN_POINT('Ctrl Pts',(-235.34513106971,111.84633043434,5.));
#4404=CARTESIAN_POINT('Ctrl Pts',(-240.557885612595,107.416329104536,5.00000000000001));
#4405=CARTESIAN_POINT('Ctrl Pts',(-243.118296163807,104.032118840906,5.00000000000002));
#4406=CARTESIAN_POINT('Ctrl Pts',(-244.064931441143,101.803677520265,5.00000000000001));
#4407=CARTESIAN_POINT('Ctrl Pts',(-244.342131924084,99.9999772165075,5.00000000000001));
#4408=CARTESIAN_POINT('Ctrl Pts',(-244.06485847687,98.1963030629966,5.00000000000001));
#4409=CARTESIAN_POINT('Ctrl Pts',(-243.118783601748,95.9677902465547,5.));
#4410=CARTESIAN_POINT('Ctrl Pts',(-240.555835507081,92.5838271847558,5.));
#4411=CARTESIAN_POINT('Ctrl Pts',(-235.353090389409,88.1524520509905,4.99999999999999));
#4412=CARTESIAN_POINT('Ctrl Pts',(-225.275828285274,81.5032175116243,5.00000000000001));
#4413=CARTESIAN_POINT('Ctrl Pts',(-214.632372371991,75.7178128639798,5.));
#4414=CARTESIAN_POINT('Ctrl Pts',(-200.449438694402,68.4296164827504,5.));
#4415=CARTESIAN_POINT('Ctrl Pts',(-187.611539518965,62.1945059233386,5.));
#4416=CARTESIAN_POINT('Ctrl Pts',(-172.29314995231,54.965282964605,5.));
#4417=CARTESIAN_POINT('Ctrl Pts',(-163.537589492193,50.9142904636038,5.));
#4418=CARTESIAN_POINT('Ctrl Pts',(-159.035067729613,48.8425421407443,5.00000000000001));
#4419=CARTESIAN_POINT('Ctrl Pts',(-158.906142610104,48.7832197400538,5.));
#4420=CARTESIAN_POINT('Ctrl Pts',(-158.777217490595,48.7238973393632,5.));
#4421=CARTESIAN_POINT('Ctrl Pts',(-160.000000000012,152.915026221286,3.));
#4422=CARTESIAN_POINT('Ctrl Pts',(-160.000027845572,152.91501340869,3.));
#4423=CARTESIAN_POINT('Ctrl Pts',(-160.000055691136,152.915000596093,3.));
#4424=CARTESIAN_POINT('Ctrl Pts',(-164.376514040601,150.901257915063,3.));
#4425=CARTESIAN_POINT('Ctrl Pts',(-173.140415190738,146.847844762655,3.));
#4426=CARTESIAN_POINT('Ctrl Pts',(-190.661986109664,138.574614111405,3.));
#4427=CARTESIAN_POINT('Ctrl Pts',(-206.319528731521,130.934055591525,3.));
#4428=CARTESIAN_POINT('Ctrl Pts',(-220.55526432609,123.329248069136,3.));
#4429=CARTESIAN_POINT('Ctrl Pts',(-229.016983833255,118.4379361063,3.));
#4430=CARTESIAN_POINT('Ctrl Pts',(-236.518410182101,113.466716997148,3.));
#4431=CARTESIAN_POINT('Ctrl Pts',(-241.956875321719,108.867725602318,3.));
#4432=CARTESIAN_POINT('Ctrl Pts',(-244.826944767507,105.107765753775,3.));
#4433=CARTESIAN_POINT('Ctrl Pts',(-246.00010310588,102.388154797593,3.));
#4434=CARTESIAN_POINT('Ctrl Pts',(-246.374649803398,99.9999446171287,3.));
#4435=CARTESIAN_POINT('Ctrl Pts',(-246.000034984563,97.6118186744247,3.));
#4436=CARTESIAN_POINT('Ctrl Pts',(-244.827370678097,94.891992391831,3.));
#4437=CARTESIAN_POINT('Ctrl Pts',(-241.955024026002,91.1328535692197,3.));
#4438=CARTESIAN_POINT('Ctrl Pts',(-236.525375978365,86.5300416617091,3.));
#4439=CARTESIAN_POINT('Ctrl Pts',(-226.272347201276,79.7644493100606,3.));
#4440=CARTESIAN_POINT('Ctrl Pts',(-215.571313493695,73.9528826032073,3.));
#4441=CARTESIAN_POINT('Ctrl Pts',(-201.335630041594,66.6357243825877,3.));
#4442=CARTESIAN_POINT('Ctrl Pts',(-188.475484343597,60.3911957696515,3.));
#4443=CARTESIAN_POINT('Ctrl Pts',(-173.138494922692,53.1524671923785,3.));
#4444=CARTESIAN_POINT('Ctrl Pts',(-164.376514040601,49.0987420849365,3.));
#4445=CARTESIAN_POINT('Ctrl Pts',(-160.000055691136,47.0849994039073,3.));
#4446=CARTESIAN_POINT('Ctrl Pts',(-160.000027845572,47.0849865913095,3.));
#4447=CARTESIAN_POINT('Ctrl Pts',(-160.000000000012,47.0849737787135,3.));
#4448=CARTESIAN_POINT('Ctrl Pts',(-158.777217490595,151.276102660637,5.00000000000002));
#4449=CARTESIAN_POINT('Ctrl Pts',(-158.778509511957,151.277829496284,5.00000000000002));
#4450=CARTESIAN_POINT('Ctrl Pts',(-158.77980152516,151.279556336721,4.99999666470467));
#4451=CARTESIAN_POINT('Ctrl Pts',(-158.93199223849,151.482968692543,4.99921090382972));
#4452=CARTESIAN_POINT('Ctrl Pts',(-159.081616766724,151.683171279937,4.95294062426483));
#4453=CARTESIAN_POINT('Ctrl Pts',(-159.362475708152,152.059327158301,4.77374986569916));
#4454=CARTESIAN_POINT('Ctrl Pts',(-159.491674123878,152.23254889495,4.64260685306389));
#4455=CARTESIAN_POINT('Ctrl Pts',(-159.718575507848,152.536971390938,4.30276578433228));
#4456=CARTESIAN_POINT('Ctrl Pts',(-159.812970990665,152.663737848291,4.09472000456139));
#4457=CARTESIAN_POINT('Ctrl Pts',(-159.947713836037,152.844744425619,3.63256935240443));
#4458=CARTESIAN_POINT('Ctrl Pts',(-159.987406790669,152.898100191393,3.38382002078164));
#4459=CARTESIAN_POINT('Ctrl Pts',(-159.999151941864,152.913886361878,3.08608722161391));
#4460=CARTESIAN_POINT('Ctrl Pts',(-160.,152.915026221292,3.04305021484659));
#4461=CARTESIAN_POINT('Ctrl Pts',(-160.,152.915026221292,3.));
#4462=CARTESIAN_POINT('Origin',(-100.,100.,3.));
#4463=CARTESIAN_POINT('Origin',(-100.,100.,0.));
#4464=CARTESIAN_POINT('',(-152.915026221292,40.,0.));
#4465=CARTESIAN_POINT('',(-160.,47.0849737787081,0.));
#4466=CARTESIAN_POINT('Ctrl Pts',(-160.,152.915026221292,0.));
#4467=CARTESIAN_POINT('Ctrl Pts',(-160.,152.915026221292,5.));
#4468=CARTESIAN_POINT('Ctrl Pts',(-275.,99.9999999999999,0.));
#4469=CARTESIAN_POINT('Ctrl Pts',(-275.,99.9999999999999,5.));
#4470=CARTESIAN_POINT('Ctrl Pts',(-160.,47.0849737787081,0.));
#4471=CARTESIAN_POINT('Ctrl Pts',(-160.,47.0849737787081,5.));
#4472=CARTESIAN_POINT('Origin',(-100.,-25.,0.));
#4473=CARTESIAN_POINT('',(-101.666,-25.,0.));
#4474=CARTESIAN_POINT('Origin',(25.,100.,0.));
#4475=CARTESIAN_POINT('',(23.334,100.,0.));
#4476=CARTESIAN_POINT('Origin',(-225.,100.,0.));
#4477=CARTESIAN_POINT('',(-226.666,100.,0.));
#4478=CARTESIAN_POINT('Origin',(-100.,225.,0.));
#4479=CARTESIAN_POINT('',(-101.666,225.,0.));
#4480=CARTESIAN_POINT('Origin',(-100.,100.,0.));
#4481=CARTESIAN_POINT('',(-47.0849737787082,40.,0.));
#4482=CARTESIAN_POINT('Ctrl Pts',(-152.915026221292,40.,0.));
#4483=CARTESIAN_POINT('Ctrl Pts',(-152.915026221292,40.,5.));
#4484=CARTESIAN_POINT('Ctrl Pts',(-100.,-75.,0.));
#4485=CARTESIAN_POINT('Ctrl Pts',(-100.,-75.,5.));
#4486=CARTESIAN_POINT('Ctrl Pts',(-47.0849737787082,40.,0.));
#4487=CARTESIAN_POINT('Ctrl Pts',(-47.0849737787082,40.,5.));
#4488=UNCERTAINTY_MEASURE_WITH_UNIT(LENGTH_MEASURE(0.01),#4492,
'DISTANCE_ACCURACY_VALUE',
'Maximum model space distance between geometric entities at asserted c
onnectivities');
#4489=UNCERTAINTY_MEASURE_WITH_UNIT(LENGTH_MEASURE(0.01),#4492,
'DISTANCE_ACCURACY_VALUE',
'Maximum model space distance between geometric entities at asserted c
onnectivities');
#4490=(
GEOMETRIC_REPRESENTATION_CONTEXT(3)
GLOBAL_UNCERTAINTY_ASSIGNED_CONTEXT((#4488))
GLOBAL_UNIT_ASSIGNED_CONTEXT((#4492,#4494,#4495))
REPRESENTATION_CONTEXT('','3D')
);
#4491=(
GEOMETRIC_REPRESENTATION_CONTEXT(3)
GLOBAL_UNCERTAINTY_ASSIGNED_CONTEXT((#4489))
GLOBAL_UNIT_ASSIGNED_CONTEXT((#4492,#4494,#4495))
REPRESENTATION_CONTEXT('','3D')
);
#4492=(
LENGTH_UNIT()
NAMED_UNIT(*)
SI_UNIT(.MILLI.,.METRE.)
);
#4493=(
LENGTH_UNIT()
NAMED_UNIT(*)
SI_UNIT($,.METRE.)
);
#4494=(
NAMED_UNIT(*)
PLANE_ANGLE_UNIT()
SI_UNIT($,.RADIAN.)
);
#4495=(
NAMED_UNIT(*)
SI_UNIT($,.STERADIAN.)
SOLID_ANGLE_UNIT()
);
#4496=SHAPE_DEFINITION_REPRESENTATION(#4497,#4498);
#4497=PRODUCT_DEFINITION_SHAPE('',$,#4500);
#4498=SHAPE_REPRESENTATION('',(#1245),#4490);
#4499=PRODUCT_DEFINITION_CONTEXT('part definition',#4504,'design');
#4500=PRODUCT_DEFINITION('2026-09-26-23-15-54-502','fixable',#4501,#4499);
#4501=PRODUCT_DEFINITION_FORMATION('',$,#4506);
#4502=PRODUCT_RELATED_PRODUCT_CATEGORY('fixable','fixable',(#4506));
#4503=APPLICATION_PROTOCOL_DEFINITION('international standard',
'automotive_design',2009,#4504);
#4504=APPLICATION_CONTEXT(
'Core Data for Automotive Mechanical Design Process');
#4505=PRODUCT_CONTEXT('part definition',#4504,'mechanical');
#4506=PRODUCT('2026-09-26-23-15-54-502','fixable',$,(#4505));
#4507=PRESENTATION_STYLE_ASSIGNMENT((#4508));
#4508=SURFACE_STYLE_USAGE(.BOTH.,#4509);
#4509=SURFACE_SIDE_STYLE('',(#4510));
#4510=SURFACE_STYLE_FILL_AREA(#4511);
#4511=FILL_AREA_STYLE('Steel - Satin',(#4512));
#4512=FILL_AREA_STYLE_COLOUR('Steel - Satin',#4513);
#4513=COLOUR_RGB('Steel - Satin',0.627450980392157,0.627450980392157,0.627450980392157);
ENDSEC;
END-ISO-10303-21;
