ISO-10303-21;
HEADER;
/* Generated by software containing ST-Developer
 * from STEP Tools, Inc. (www.steptools.com) 
 */

FILE_DESCRIPTION(
/* description */ (''),
/* implementation_level */ '2;1');

FILE_NAME(
/* name */ 'Steering knuckle.step',
/* time_stamp */ '2026-09-27T17:07:08+05:30',
/* author */ (''),
/* organization */ (''),
/* preprocessor_version */ 'ST-DEVELOPER v20.2',
/* originating_system */ 'Autodesk Translation Framework v15.15.0.0',
/* authorisation */ '');

FILE_SCHEMA (('AUTOMOTIVE_DESIGN { 1 0 10303 214 3 1 1 }'));
ENDSEC;

DATA;
#10=MECHANICAL_DESIGN_GEOMETRIC_PRESENTATION_REPRESENTATION('',(#13),#2944);
#11=SHAPE_REPRESENTATION_RELATIONSHIP('SRR','None',#2951,#12);
#12=ADVANCED_BREP_SHAPE_REPRESENTATION('',(#14),#2943);
#13=STYLED_ITEM('',(#2960),#14);
#14=MANIFOLD_SOLID_BREP('Body1',#1538);
#15=FACE_BOUND('',#455,.T.);
#16=FACE_BOUND('',#456,.T.);
#17=FACE_BOUND('',#457,.T.);
#18=FACE_BOUND('',#458,.T.);
#19=FACE_BOUND('',#459,.T.);
#20=FACE_BOUND('',#505,.T.);
#21=FACE_BOUND('',#506,.T.);
#22=FACE_BOUND('',#507,.T.);
#23=FACE_BOUND('',#508,.T.);
#24=FACE_BOUND('',#509,.T.);
#25=PLANE('',#1634);
#26=PLANE('',#1637);
#27=PLANE('',#1640);
#28=PLANE('',#1643);
#29=PLANE('',#1646);
#30=PLANE('',#1649);
#31=PLANE('',#1652);
#32=PLANE('',#1655);
#33=PLANE('',#1733);
#34=PLANE('',#1735);
#35=PLANE('',#1737);
#36=PLANE('',#1739);
#37=PLANE('',#1741);
#38=PLANE('',#1743);
#39=PLANE('',#1745);
#40=PLANE('',#1747);
#41=PLANE('',#1758);
#42=TOROIDAL_SURFACE('',#1560,2.99999999999999,1.);
#43=TOROIDAL_SURFACE('',#1566,2.99999999999999,1.);
#44=TOROIDAL_SURFACE('',#1577,6.49999999999998,1.);
#45=TOROIDAL_SURFACE('',#1583,2.99999999999999,1.);
#46=TOROIDAL_SURFACE('',#1604,2.99999999999999,1.);
#47=TOROIDAL_SURFACE('',#1615,18.5,1.);
#48=TOROIDAL_SURFACE('',#1621,18.5,1.);
#49=TOROIDAL_SURFACE('',#1669,2.99999999999999,1.);
#50=TOROIDAL_SURFACE('',#1674,2.99999999999999,1.);
#51=TOROIDAL_SURFACE('',#1683,6.49999999999998,1.);
#52=TOROIDAL_SURFACE('',#1688,2.99999999999999,1.);
#53=TOROIDAL_SURFACE('',#1706,2.99999999999999,1.);
#54=TOROIDAL_SURFACE('',#1717,18.5,1.);
#55=TOROIDAL_SURFACE('',#1723,18.5,1.);
#56=LINE('',#2342,#151);
#57=LINE('',#2343,#152);
#58=LINE('',#2354,#153);
#59=LINE('',#2355,#154);
#60=LINE('',#2366,#155);
#61=LINE('',#2367,#156);
#62=LINE('',#2386,#157);
#63=LINE('',#2387,#158);
#64=LINE('',#2398,#159);
#65=LINE('',#2399,#160);
#66=LINE('',#2410,#161);
#67=LINE('',#2411,#162);
#68=LINE('',#2430,#163);
#69=LINE('',#2431,#164);
#70=LINE('',#2450,#165);
#71=LINE('',#2451,#166);
#72=LINE('',#2470,#167);
#73=LINE('',#2471,#168);
#74=LINE('',#2482,#169);
#75=LINE('',#2483,#170);
#76=LINE('',#2508,#171);
#77=LINE('',#2509,#172);
#78=LINE('',#2520,#173);
#79=LINE('',#2521,#174);
#80=LINE('',#2532,#175);
#81=LINE('',#2533,#176);
#82=LINE('',#2555,#177);
#83=LINE('',#2556,#178);
#84=LINE('',#2558,#179);
#85=LINE('',#2559,#180);
#86=LINE('',#2562,#181);
#87=LINE('',#2565,#182);
#88=LINE('',#2568,#183);
#89=LINE('',#2569,#184);
#90=LINE('',#2572,#185);
#91=LINE('',#2576,#186);
#92=LINE('',#2577,#187);
#93=LINE('',#2580,#188);
#94=LINE('',#2584,#189);
#95=LINE('',#2585,#190);
#96=LINE('',#2588,#191);
#97=LINE('',#2592,#192);
#98=LINE('',#2593,#193);
#99=LINE('',#2596,#194);
#100=LINE('',#2600,#195);
#101=LINE('',#2601,#196);
#102=LINE('',#2604,#197);
#103=LINE('',#2608,#198);
#104=LINE('',#2609,#199);
#105=LINE('',#2612,#200);
#106=LINE('',#2616,#201);
#107=LINE('',#2617,#202);
#108=LINE('',#2620,#203);
#109=LINE('',#2666,#204);
#110=LINE('',#2681,#205);
#111=LINE('',#2703,#206);
#112=LINE('',#2711,#207);
#113=LINE('',#2719,#208);
#114=LINE('',#2735,#209);
#115=LINE('',#2743,#210);
#116=LINE('',#2751,#211);
#117=LINE('',#2767,#212);
#118=LINE('',#2784,#213);
#119=LINE('',#2785,#214);
#120=LINE('',#2804,#215);
#121=LINE('',#2805,#216);
#122=LINE('',#2816,#217);
#123=LINE('',#2817,#218);
#124=LINE('',#2842,#219);
#125=LINE('',#2843,#220);
#126=LINE('',#2854,#221);
#127=LINE('',#2855,#222);
#128=LINE('',#2866,#223);
#129=LINE('',#2867,#224);
#130=LINE('',#2889,#225);
#131=LINE('',#2890,#226);
#132=LINE('',#2892,#227);
#133=LINE('',#2894,#228);
#134=LINE('',#2896,#229);
#135=LINE('',#2898,#230);
#136=LINE('',#2900,#231);
#137=LINE('',#2902,#232);
#138=LINE('',#2904,#233);
#139=LINE('',#2906,#234);
#140=LINE('',#2908,#235);
#141=LINE('',#2910,#236);
#142=LINE('',#2912,#237);
#143=LINE('',#2914,#238);
#144=LINE('',#2916,#239);
#145=LINE('',#2918,#240);
#146=LINE('',#2931,#241);
#147=LINE('',#2933,#242);
#148=LINE('',#2935,#243);
#149=LINE('',#2937,#244);
#150=LINE('',#2939,#245);
#151=VECTOR('',#1777,10.);
#152=VECTOR('',#1778,10.);
#153=VECTOR('',#1791,10.);
#154=VECTOR('',#1792,10.);
#155=VECTOR('',#1805,10.);
#156=VECTOR('',#1806,10.);
#157=VECTOR('',#1817,10.);
#158=VECTOR('',#1818,10.);
#159=VECTOR('',#1831,10.);
#160=VECTOR('',#1832,10.);
#161=VECTOR('',#1845,10.);
#162=VECTOR('',#1846,10.);
#163=VECTOR('',#1857,10.);
#164=VECTOR('',#1858,10.);
#165=VECTOR('',#1869,10.);
#166=VECTOR('',#1870,10.);
#167=VECTOR('',#1881,10.);
#168=VECTOR('',#1882,10.);
#169=VECTOR('',#1895,10.);
#170=VECTOR('',#1896,10.);
#171=VECTOR('',#1907,10.);
#172=VECTOR('',#1908,10.);
#173=VECTOR('',#1921,10.);
#174=VECTOR('',#1922,10.);
#175=VECTOR('',#1935,10.);
#176=VECTOR('',#1936,10.);
#177=VECTOR('',#1945,10.);
#178=VECTOR('',#1946,10.);
#179=VECTOR('',#1949,10.);
#180=VECTOR('',#1950,10.);
#181=VECTOR('',#1953,10.);
#182=VECTOR('',#1956,10.);
#183=VECTOR('',#1959,10.);
#184=VECTOR('',#1960,10.);
#185=VECTOR('',#1963,10.);
#186=VECTOR('',#1968,10.);
#187=VECTOR('',#1969,10.);
#188=VECTOR('',#1972,10.);
#189=VECTOR('',#1977,10.);
#190=VECTOR('',#1978,10.);
#191=VECTOR('',#1981,10.);
#192=VECTOR('',#1986,10.);
#193=VECTOR('',#1987,10.);
#194=VECTOR('',#1990,10.);
#195=VECTOR('',#1995,10.);
#196=VECTOR('',#1996,10.);
#197=VECTOR('',#1999,10.);
#198=VECTOR('',#2004,10.);
#199=VECTOR('',#2005,10.);
#200=VECTOR('',#2008,10.);
#201=VECTOR('',#2013,10.);
#202=VECTOR('',#2014,10.);
#203=VECTOR('',#2017,10.);
#204=VECTOR('',#2040,10.);
#205=VECTOR('',#2041,10.);
#206=VECTOR('',#2050,10.);
#207=VECTOR('',#2061,10.);
#208=VECTOR('',#2072,10.);
#209=VECTOR('',#2081,10.);
#210=VECTOR('',#2092,10.);
#211=VECTOR('',#2103,10.);
#212=VECTOR('',#2112,10.);
#213=VECTOR('',#2121,10.);
#214=VECTOR('',#2122,10.);
#215=VECTOR('',#2133,10.);
#216=VECTOR('',#2134,10.);
#217=VECTOR('',#2147,10.);
#218=VECTOR('',#2148,10.);
#219=VECTOR('',#2159,10.);
#220=VECTOR('',#2160,10.);
#221=VECTOR('',#2173,10.);
#222=VECTOR('',#2174,10.);
#223=VECTOR('',#2187,10.);
#224=VECTOR('',#2188,10.);
#225=VECTOR('',#2197,10.);
#226=VECTOR('',#2198,10.);
#227=VECTOR('',#2201,10.);
#228=VECTOR('',#2204,10.);
#229=VECTOR('',#2207,10.);
#230=VECTOR('',#2210,10.);
#231=VECTOR('',#2213,10.);
#232=VECTOR('',#2216,10.);
#233=VECTOR('',#2219,10.);
#234=VECTOR('',#2222,10.);
#235=VECTOR('',#2225,10.);
#236=VECTOR('',#2228,10.);
#237=VECTOR('',#2231,10.);
#238=VECTOR('',#2234,10.);
#239=VECTOR('',#2237,10.);
#240=VECTOR('',#2240,10.);
#241=VECTOR('',#2255,3.00000004470348);
#242=VECTOR('',#2258,3.00000004470348);
#243=VECTOR('',#2261,3.00000004470348);
#244=VECTOR('',#2264,3.00000004470348);
#245=VECTOR('',#2267,30.);
#246=CYLINDRICAL_SURFACE('',#1558,1.);
#247=CYLINDRICAL_SURFACE('',#1564,1.);
#248=CYLINDRICAL_SURFACE('',#1570,1.);
#249=CYLINDRICAL_SURFACE('',#1575,1.);
#250=CYLINDRICAL_SURFACE('',#1581,1.);
#251=CYLINDRICAL_SURFACE('',#1587,1.);
#252=CYLINDRICAL_SURFACE('',#1592,1.);
#253=CYLINDRICAL_SURFACE('',#1597,1.);
#254=CYLINDRICAL_SURFACE('',#1602,1.);
#255=CYLINDRICAL_SURFACE('',#1608,1.);
#256=CYLINDRICAL_SURFACE('',#1613,1.);
#257=CYLINDRICAL_SURFACE('',#1619,1.);
#258=CYLINDRICAL_SURFACE('',#1625,1.);
#259=CYLINDRICAL_SURFACE('',#1630,1.);
#260=CYLINDRICAL_SURFACE('',#1631,1.);
#261=CYLINDRICAL_SURFACE('',#1632,1.99999999999999);
#262=CYLINDRICAL_SURFACE('',#1635,1.99999999999999);
#263=CYLINDRICAL_SURFACE('',#1638,1.99999999999999);
#264=CYLINDRICAL_SURFACE('',#1641,7.49999999999998);
#265=CYLINDRICAL_SURFACE('',#1644,1.99999999999999);
#266=CYLINDRICAL_SURFACE('',#1647,1.99999999999999);
#267=CYLINDRICAL_SURFACE('',#1650,1.99999999999999);
#268=CYLINDRICAL_SURFACE('',#1653,2.00000000000001);
#269=CYLINDRICAL_SURFACE('',#1664,1.);
#270=CYLINDRICAL_SURFACE('',#1667,1.);
#271=CYLINDRICAL_SURFACE('',#1672,1.);
#272=CYLINDRICAL_SURFACE('',#1677,1.);
#273=CYLINDRICAL_SURFACE('',#1681,1.);
#274=CYLINDRICAL_SURFACE('',#1686,1.);
#275=CYLINDRICAL_SURFACE('',#1691,1.);
#276=CYLINDRICAL_SURFACE('',#1695,1.);
#277=CYLINDRICAL_SURFACE('',#1699,1.);
#278=CYLINDRICAL_SURFACE('',#1704,1.);
#279=CYLINDRICAL_SURFACE('',#1710,1.);
#280=CYLINDRICAL_SURFACE('',#1715,1.);
#281=CYLINDRICAL_SURFACE('',#1721,1.);
#282=CYLINDRICAL_SURFACE('',#1727,1.);
#283=CYLINDRICAL_SURFACE('',#1732,1.);
#284=CYLINDRICAL_SURFACE('',#1734,1.99999999999999);
#285=CYLINDRICAL_SURFACE('',#1736,1.99999999999999);
#286=CYLINDRICAL_SURFACE('',#1738,2.);
#287=CYLINDRICAL_SURFACE('',#1740,17.5);
#288=CYLINDRICAL_SURFACE('',#1742,17.5);
#289=CYLINDRICAL_SURFACE('',#1744,2.);
#290=CYLINDRICAL_SURFACE('',#1746,0.299999999999976);
#291=CYLINDRICAL_SURFACE('',#1753,2.5175);
#292=CYLINDRICAL_SURFACE('',#1754,2.5175);
#293=CYLINDRICAL_SURFACE('',#1755,2.5175);
#294=CYLINDRICAL_SURFACE('',#1756,2.5175);
#295=CYLINDRICAL_SURFACE('',#1757,30.);
#296=B_SPLINE_CURVE_WITH_KNOTS('',3,(#2324,#2325,#2326,#2327,#2328,#2329,
#2330,#2331,#2332,#2333,#2334,#2335,#2336,#2337),.UNSPECIFIED.,.F.,.F.,
(4,2,2,2,2,2,4),(-0.424875572122749,-0.424394579956096,-0.394088394492009,
-0.327862237394607,-0.283674829167465,-0.246562617711508,-0.212197289977929),
 .UNSPECIFIED.);
#297=B_SPLINE_CURVE_WITH_KNOTS('',3,(#2667,#2668,#2669,#2670,#2671,#2672,
#2673,#2674,#2675,#2676,#2677,#2678,#2679,#2680),.UNSPECIFIED.,.F.,.F.,
(4,2,2,2,2,2,4),(-0.000480992178042611,0.,0.0303061857318476,0.0965323435182876,
0.140719752205183,0.177831964047303,0.21219729213848),.UNSPECIFIED.);
#298=(
BOUNDED_SURFACE()
B_SPLINE_SURFACE(2,2,((#2302,#2303,#2304,#2305,#2306),(#2307,#2308,#2309,
#2310,#2311),(#2312,#2313,#2314,#2315,#2316)),.UNSPECIFIED.,.F.,.F.,.F.)
B_SPLINE_SURFACE_WITH_KNOTS((3,3),(3,2,3),(-2.2204460492503E-15,1.5707963267949),
(1.04719937507182,2.09439601433081,3.14159265358979),.UNSPECIFIED.)
GEOMETRIC_REPRESENTATION_ITEM()
RATIONAL_B_SPLINE_SURFACE(((1.,0.866025631768751,1.,0.866025631768751,1.),
(0.707106781186548,0.612372596905048,0.707106781186548,0.612372596905048,
0.707106781186548),(1.,0.866025631768751,1.,0.866025631768751,1.)))
REPRESENTATION_ITEM('')
SURFACE()
);
#299=(
BOUNDED_SURFACE()
B_SPLINE_SURFACE(2,2,((#2368,#2369,#2370),(#2371,#2372,#2373),(#2374,#2375,
#2376)),.UNSPECIFIED.,.F.,.F.,.F.)
B_SPLINE_SURFACE_WITH_KNOTS((3,3),(3,3),(0.,1.57079632679491),(0.,1.5707963267949),
 .UNSPECIFIED.)
GEOMETRIC_REPRESENTATION_ITEM()
RATIONAL_B_SPLINE_SURFACE(((1.,0.707106781186548,1.),(0.707106781186563,
0.500000000000011,0.707106781186563),(1.,0.707106781186548,1.)))
REPRESENTATION_ITEM('')
SURFACE()
);
#300=(
BOUNDED_SURFACE()
B_SPLINE_SURFACE(2,2,((#2412,#2413,#2414),(#2415,#2416,#2417),(#2418,#2419,
#2420)),.UNSPECIFIED.,.F.,.F.,.F.)
B_SPLINE_SURFACE_WITH_KNOTS((3,3),(3,3),(0.,1.57079632679491),(1.5707963267949,
3.1415926535898),.UNSPECIFIED.)
GEOMETRIC_REPRESENTATION_ITEM()
RATIONAL_B_SPLINE_SURFACE(((1.,0.707106781186546,1.),(0.707106781186511,
0.499999999999973,0.707106781186511),(1.,0.707106781186546,1.)))
REPRESENTATION_ITEM('')
SURFACE()
);
#301=(
BOUNDED_SURFACE()
B_SPLINE_SURFACE(2,2,((#2432,#2433,#2434),(#2435,#2436,#2437),(#2438,#2439,
#2440)),.UNSPECIFIED.,.F.,.F.,.F.)
B_SPLINE_SURFACE_WITH_KNOTS((3,3),(3,3),(0.,1.57079632679491),(-3.14159265358979,
-1.5707963267949),.UNSPECIFIED.)
GEOMETRIC_REPRESENTATION_ITEM()
RATIONAL_B_SPLINE_SURFACE(((1.,0.707106781186548,1.),(0.707106781186511,
0.499999999999975,0.707106781186511),(1.,0.707106781186548,1.)))
REPRESENTATION_ITEM('')
SURFACE()
);
#302=(
BOUNDED_SURFACE()
B_SPLINE_SURFACE(2,2,((#2452,#2453,#2454),(#2455,#2456,#2457),(#2458,#2459,
#2460)),.UNSPECIFIED.,.F.,.F.,.F.)
B_SPLINE_SURFACE_WITH_KNOTS((3,3),(3,3),(0.,1.57079632679491),(-1.5707963267949,
-2.22044604925032E-15),.UNSPECIFIED.)
GEOMETRIC_REPRESENTATION_ITEM()
RATIONAL_B_SPLINE_SURFACE(((1.,0.707106781186548,1.),(0.707106781186511,
0.499999999999975,0.707106781186511),(1.,0.707106781186548,1.)))
REPRESENTATION_ITEM('')
SURFACE()
);
#303=(
BOUNDED_SURFACE()
B_SPLINE_SURFACE(2,2,((#2484,#2485,#2486,#2487,#2488),(#2489,#2490,#2491,
#2492,#2493),(#2494,#2495,#2496,#2497,#2498)),.UNSPECIFIED.,.F.,.F.,.F.)
B_SPLINE_SURFACE_WITH_KNOTS((3,3),(3,2,3),(0.,1.57079632679491),(-1.5707963267949,
-0.261799387799148,1.0471975511966),.UNSPECIFIED.)
GEOMETRIC_REPRESENTATION_ITEM()
RATIONAL_B_SPLINE_SURFACE(((1.,0.793353340291235,1.,0.793353340291235,1.),
(0.707106781186538,0.560985526796923,0.707106781186538,0.560985526796923,
0.707106781186538),(1.,0.793353340291235,1.,0.793353340291235,1.)))
REPRESENTATION_ITEM('')
SURFACE()
);
#304=(
BOUNDED_SURFACE()
B_SPLINE_SURFACE(2,2,((#2534,#2535,#2536,#2537,#2538),(#2539,#2540,#2541,
#2542,#2543),(#2544,#2545,#2546,#2547,#2548)),.UNSPECIFIED.,.F.,.F.,.F.)
B_SPLINE_SURFACE_WITH_KNOTS((3,3),(3,2,3),(0.,1.57079632679491),(-1.04719755119659,
0.261799387799149,1.57079632679489),.UNSPECIFIED.)
GEOMETRIC_REPRESENTATION_ITEM()
RATIONAL_B_SPLINE_SURFACE(((1.,0.793353340291237,1.,0.793353340291237,1.),
(0.707106781186533,0.560985526796921,0.707106781186533,0.560985526796921,
0.707106781186533),(1.,0.793353340291237,1.,0.793353340291237,1.)))
REPRESENTATION_ITEM('')
SURFACE()
);
#305=(
BOUNDED_SURFACE()
B_SPLINE_SURFACE(2,2,((#2682,#2683,#2684,#2685,#2686),(#2687,#2688,#2689,
#2690,#2691),(#2692,#2693,#2694,#2695,#2696)),.UNSPECIFIED.,.F.,.F.,.F.)
B_SPLINE_SURFACE_WITH_KNOTS((3,3),(3,2,3),(-1.5707963267949,1.80411241501587E-15),
(1.04719937507182,2.09439601433081,3.14159265358979),.UNSPECIFIED.)
GEOMETRIC_REPRESENTATION_ITEM()
RATIONAL_B_SPLINE_SURFACE(((1.,0.866025631768751,1.,0.866025631768751,1.),
(0.70710678118655,0.61237259690505,0.70710678118655,0.61237259690505,0.70710678118655),
(1.,0.866025631768751,1.,0.866025631768751,1.)))
REPRESENTATION_ITEM('')
SURFACE()
);
#306=(
BOUNDED_SURFACE()
B_SPLINE_SURFACE(2,2,((#2720,#2721,#2722),(#2723,#2724,#2725),(#2726,#2727,
#2728)),.UNSPECIFIED.,.F.,.F.,.F.)
B_SPLINE_SURFACE_WITH_KNOTS((3,3),(3,3),(-1.57079632679491,0.),(0.,1.5707963267949),
 .UNSPECIFIED.)
GEOMETRIC_REPRESENTATION_ITEM()
RATIONAL_B_SPLINE_SURFACE(((1.,0.707106781186548,1.),(0.707106781186564,
0.500000000000011,0.707106781186564),(1.,0.707106781186548,1.)))
REPRESENTATION_ITEM('')
SURFACE()
);
#307=(
BOUNDED_SURFACE()
B_SPLINE_SURFACE(2,2,((#2752,#2753,#2754),(#2755,#2756,#2757),(#2758,#2759,
#2760)),.UNSPECIFIED.,.F.,.F.,.F.)
B_SPLINE_SURFACE_WITH_KNOTS((3,3),(3,3),(-1.57079632679491,0.),(1.5707963267949,
3.1415926535898),.UNSPECIFIED.)
GEOMETRIC_REPRESENTATION_ITEM()
RATIONAL_B_SPLINE_SURFACE(((1.,0.707106781186546,1.),(0.707106781186511,
0.499999999999973,0.707106781186511),(1.,0.707106781186546,1.)))
REPRESENTATION_ITEM('')
SURFACE()
);
#308=(
BOUNDED_SURFACE()
B_SPLINE_SURFACE(2,2,((#2768,#2769,#2770),(#2771,#2772,#2773),(#2774,#2775,
#2776)),.UNSPECIFIED.,.F.,.F.,.F.)
B_SPLINE_SURFACE_WITH_KNOTS((3,3),(3,3),(-1.57079632679491,0.),(-3.14159265358979,
-1.5707963267949),.UNSPECIFIED.)
GEOMETRIC_REPRESENTATION_ITEM()
RATIONAL_B_SPLINE_SURFACE(((1.,0.707106781186548,1.),(0.707106781186512,
0.499999999999975,0.707106781186512),(1.,0.707106781186548,1.)))
REPRESENTATION_ITEM('')
SURFACE()
);
#309=(
BOUNDED_SURFACE()
B_SPLINE_SURFACE(2,2,((#2786,#2787,#2788),(#2789,#2790,#2791),(#2792,#2793,
#2794)),.UNSPECIFIED.,.F.,.F.,.F.)
B_SPLINE_SURFACE_WITH_KNOTS((3,3),(3,3),(-1.57079632679491,0.),(-1.5707963267949,
0.),.UNSPECIFIED.)
GEOMETRIC_REPRESENTATION_ITEM()
RATIONAL_B_SPLINE_SURFACE(((1.,0.707106781186548,1.),(0.707106781186512,
0.499999999999975,0.707106781186512),(1.,0.707106781186548,1.)))
REPRESENTATION_ITEM('')
SURFACE()
);
#310=(
BOUNDED_SURFACE()
B_SPLINE_SURFACE(2,2,((#2818,#2819,#2820,#2821,#2822),(#2823,#2824,#2825,
#2826,#2827),(#2828,#2829,#2830,#2831,#2832)),.UNSPECIFIED.,.F.,.F.,.F.)
B_SPLINE_SURFACE_WITH_KNOTS((3,3),(3,2,3),(-1.57079632679491,0.),(-1.5707963267949,
-0.261799387799147,1.0471975511966),.UNSPECIFIED.)
GEOMETRIC_REPRESENTATION_ITEM()
RATIONAL_B_SPLINE_SURFACE(((1.,0.793353340291234,1.,0.793353340291234,1.),
(0.707106781186538,0.560985526796923,0.707106781186538,0.560985526796923,
0.707106781186538),(1.,0.793353340291234,1.,0.793353340291234,1.)))
REPRESENTATION_ITEM('')
SURFACE()
);
#311=(
BOUNDED_SURFACE()
B_SPLINE_SURFACE(2,2,((#2868,#2869,#2870,#2871,#2872),(#2873,#2874,#2875,
#2876,#2877),(#2878,#2879,#2880,#2881,#2882)),.UNSPECIFIED.,.F.,.F.,.F.)
B_SPLINE_SURFACE_WITH_KNOTS((3,3),(3,2,3),(-1.57079632679491,0.),(-1.04719755119659,
0.261799387799148,1.57079632679489),.UNSPECIFIED.)
GEOMETRIC_REPRESENTATION_ITEM()
RATIONAL_B_SPLINE_SURFACE(((1.,0.793353340291237,1.,0.793353340291237,1.),
(0.707106781186534,0.560985526796921,0.707106781186534,0.560985526796921,
0.707106781186534),(1.,0.793353340291237,1.,0.793353340291237,1.)))
REPRESENTATION_ITEM('')
SURFACE()
);
#312=FACE_OUTER_BOUND('',#409,.T.);
#313=FACE_OUTER_BOUND('',#410,.T.);
#314=FACE_OUTER_BOUND('',#411,.T.);
#315=FACE_OUTER_BOUND('',#412,.T.);
#316=FACE_OUTER_BOUND('',#413,.T.);
#317=FACE_OUTER_BOUND('',#414,.T.);
#318=FACE_OUTER_BOUND('',#415,.T.);
#319=FACE_OUTER_BOUND('',#416,.T.);
#320=FACE_OUTER_BOUND('',#417,.T.);
#321=FACE_OUTER_BOUND('',#418,.T.);
#322=FACE_OUTER_BOUND('',#419,.T.);
#323=FACE_OUTER_BOUND('',#420,.T.);
#324=FACE_OUTER_BOUND('',#421,.T.);
#325=FACE_OUTER_BOUND('',#422,.T.);
#326=FACE_OUTER_BOUND('',#423,.T.);
#327=FACE_OUTER_BOUND('',#424,.T.);
#328=FACE_OUTER_BOUND('',#425,.T.);
#329=FACE_OUTER_BOUND('',#426,.T.);
#330=FACE_OUTER_BOUND('',#427,.T.);
#331=FACE_OUTER_BOUND('',#428,.T.);
#332=FACE_OUTER_BOUND('',#429,.T.);
#333=FACE_OUTER_BOUND('',#430,.T.);
#334=FACE_OUTER_BOUND('',#431,.T.);
#335=FACE_OUTER_BOUND('',#432,.T.);
#336=FACE_OUTER_BOUND('',#433,.T.);
#337=FACE_OUTER_BOUND('',#434,.T.);
#338=FACE_OUTER_BOUND('',#435,.T.);
#339=FACE_OUTER_BOUND('',#436,.T.);
#340=FACE_OUTER_BOUND('',#437,.T.);
#341=FACE_OUTER_BOUND('',#438,.T.);
#342=FACE_OUTER_BOUND('',#439,.T.);
#343=FACE_OUTER_BOUND('',#440,.T.);
#344=FACE_OUTER_BOUND('',#441,.T.);
#345=FACE_OUTER_BOUND('',#442,.T.);
#346=FACE_OUTER_BOUND('',#443,.T.);
#347=FACE_OUTER_BOUND('',#444,.T.);
#348=FACE_OUTER_BOUND('',#445,.T.);
#349=FACE_OUTER_BOUND('',#446,.T.);
#350=FACE_OUTER_BOUND('',#447,.T.);
#351=FACE_OUTER_BOUND('',#448,.T.);
#352=FACE_OUTER_BOUND('',#449,.T.);
#353=FACE_OUTER_BOUND('',#450,.T.);
#354=FACE_OUTER_BOUND('',#451,.T.);
#355=FACE_OUTER_BOUND('',#452,.T.);
#356=FACE_OUTER_BOUND('',#453,.T.);
#357=FACE_OUTER_BOUND('',#454,.T.);
#358=FACE_OUTER_BOUND('',#460,.T.);
#359=FACE_OUTER_BOUND('',#461,.T.);
#360=FACE_OUTER_BOUND('',#462,.T.);
#361=FACE_OUTER_BOUND('',#463,.T.);
#362=FACE_OUTER_BOUND('',#464,.T.);
#363=FACE_OUTER_BOUND('',#465,.T.);
#364=FACE_OUTER_BOUND('',#466,.T.);
#365=FACE_OUTER_BOUND('',#467,.T.);
#366=FACE_OUTER_BOUND('',#468,.T.);
#367=FACE_OUTER_BOUND('',#469,.T.);
#368=FACE_OUTER_BOUND('',#470,.T.);
#369=FACE_OUTER_BOUND('',#471,.T.);
#370=FACE_OUTER_BOUND('',#472,.T.);
#371=FACE_OUTER_BOUND('',#473,.T.);
#372=FACE_OUTER_BOUND('',#474,.T.);
#373=FACE_OUTER_BOUND('',#475,.T.);
#374=FACE_OUTER_BOUND('',#476,.T.);
#375=FACE_OUTER_BOUND('',#477,.T.);
#376=FACE_OUTER_BOUND('',#478,.T.);
#377=FACE_OUTER_BOUND('',#479,.T.);
#378=FACE_OUTER_BOUND('',#480,.T.);
#379=FACE_OUTER_BOUND('',#481,.T.);
#380=FACE_OUTER_BOUND('',#482,.T.);
#381=FACE_OUTER_BOUND('',#483,.T.);
#382=FACE_OUTER_BOUND('',#484,.T.);
#383=FACE_OUTER_BOUND('',#485,.T.);
#384=FACE_OUTER_BOUND('',#486,.T.);
#385=FACE_OUTER_BOUND('',#487,.T.);
#386=FACE_OUTER_BOUND('',#488,.T.);
#387=FACE_OUTER_BOUND('',#489,.T.);
#388=FACE_OUTER_BOUND('',#490,.T.);
#389=FACE_OUTER_BOUND('',#491,.T.);
#390=FACE_OUTER_BOUND('',#492,.T.);
#391=FACE_OUTER_BOUND('',#493,.T.);
#392=FACE_OUTER_BOUND('',#494,.T.);
#393=FACE_OUTER_BOUND('',#495,.T.);
#394=FACE_OUTER_BOUND('',#496,.T.);
#395=FACE_OUTER_BOUND('',#497,.T.);
#396=FACE_OUTER_BOUND('',#498,.T.);
#397=FACE_OUTER_BOUND('',#499,.T.);
#398=FACE_OUTER_BOUND('',#500,.T.);
#399=FACE_OUTER_BOUND('',#501,.T.);
#400=FACE_OUTER_BOUND('',#502,.T.);
#401=FACE_OUTER_BOUND('',#503,.T.);
#402=FACE_OUTER_BOUND('',#504,.T.);
#403=FACE_OUTER_BOUND('',#510,.T.);
#404=FACE_OUTER_BOUND('',#511,.T.);
#405=FACE_OUTER_BOUND('',#512,.T.);
#406=FACE_OUTER_BOUND('',#513,.T.);
#407=FACE_OUTER_BOUND('',#514,.T.);
#408=FACE_OUTER_BOUND('',#515,.T.);
#409=EDGE_LOOP('',(#993,#994,#995));
#410=EDGE_LOOP('',(#996,#997,#998,#999));
#411=EDGE_LOOP('',(#1000,#1001,#1002,#1003));
#412=EDGE_LOOP('',(#1004,#1005,#1006,#1007));
#413=EDGE_LOOP('',(#1008,#1009,#1010,#1011));
#414=EDGE_LOOP('',(#1012,#1013,#1014,#1015));
#415=EDGE_LOOP('',(#1016,#1017,#1018,#1019));
#416=EDGE_LOOP('',(#1020,#1021,#1022,#1023));
#417=EDGE_LOOP('',(#1024,#1025,#1026,#1027));
#418=EDGE_LOOP('',(#1028,#1029,#1030,#1031));
#419=EDGE_LOOP('',(#1032,#1033,#1034,#1035));
#420=EDGE_LOOP('',(#1036,#1037,#1038,#1039));
#421=EDGE_LOOP('',(#1040,#1041,#1042,#1043));
#422=EDGE_LOOP('',(#1044,#1045,#1046,#1047));
#423=EDGE_LOOP('',(#1048,#1049,#1050,#1051));
#424=EDGE_LOOP('',(#1052,#1053,#1054,#1055));
#425=EDGE_LOOP('',(#1056,#1057,#1058,#1059));
#426=EDGE_LOOP('',(#1060,#1061,#1062,#1063));
#427=EDGE_LOOP('',(#1064,#1065,#1066,#1067));
#428=EDGE_LOOP('',(#1068,#1069,#1070,#1071));
#429=EDGE_LOOP('',(#1072,#1073,#1074,#1075));
#430=EDGE_LOOP('',(#1076,#1077,#1078,#1079));
#431=EDGE_LOOP('',(#1080,#1081,#1082,#1083));
#432=EDGE_LOOP('',(#1084,#1085,#1086,#1087));
#433=EDGE_LOOP('',(#1088,#1089,#1090,#1091));
#434=EDGE_LOOP('',(#1092,#1093,#1094,#1095));
#435=EDGE_LOOP('',(#1096,#1097,#1098,#1099));
#436=EDGE_LOOP('',(#1100,#1101,#1102,#1103));
#437=EDGE_LOOP('',(#1104,#1105,#1106,#1107));
#438=EDGE_LOOP('',(#1108,#1109,#1110,#1111));
#439=EDGE_LOOP('',(#1112,#1113,#1114,#1115));
#440=EDGE_LOOP('',(#1116,#1117,#1118,#1119));
#441=EDGE_LOOP('',(#1120,#1121,#1122,#1123));
#442=EDGE_LOOP('',(#1124,#1125,#1126,#1127));
#443=EDGE_LOOP('',(#1128,#1129,#1130,#1131));
#444=EDGE_LOOP('',(#1132,#1133,#1134,#1135));
#445=EDGE_LOOP('',(#1136,#1137,#1138,#1139));
#446=EDGE_LOOP('',(#1140,#1141,#1142,#1143));
#447=EDGE_LOOP('',(#1144,#1145,#1146,#1147));
#448=EDGE_LOOP('',(#1148,#1149,#1150,#1151));
#449=EDGE_LOOP('',(#1152,#1153,#1154,#1155));
#450=EDGE_LOOP('',(#1156,#1157,#1158,#1159));
#451=EDGE_LOOP('',(#1160,#1161,#1162,#1163));
#452=EDGE_LOOP('',(#1164,#1165,#1166,#1167));
#453=EDGE_LOOP('',(#1168,#1169,#1170,#1171));
#454=EDGE_LOOP('',(#1172,#1173,#1174,#1175,#1176,#1177,#1178,#1179,#1180,
#1181,#1182,#1183,#1184,#1185,#1186,#1187,#1188,#1189,#1190,#1191,#1192,
#1193,#1194,#1195,#1196,#1197,#1198,#1199,#1200));
#455=EDGE_LOOP('',(#1201));
#456=EDGE_LOOP('',(#1202));
#457=EDGE_LOOP('',(#1203));
#458=EDGE_LOOP('',(#1204));
#459=EDGE_LOOP('',(#1205));
#460=EDGE_LOOP('',(#1206,#1207,#1208));
#461=EDGE_LOOP('',(#1209,#1210,#1211,#1212));
#462=EDGE_LOOP('',(#1213,#1214,#1215,#1216));
#463=EDGE_LOOP('',(#1217,#1218,#1219,#1220));
#464=EDGE_LOOP('',(#1221,#1222,#1223,#1224));
#465=EDGE_LOOP('',(#1225,#1226,#1227,#1228));
#466=EDGE_LOOP('',(#1229,#1230,#1231,#1232));
#467=EDGE_LOOP('',(#1233,#1234,#1235,#1236));
#468=EDGE_LOOP('',(#1237,#1238,#1239,#1240));
#469=EDGE_LOOP('',(#1241,#1242,#1243,#1244));
#470=EDGE_LOOP('',(#1245,#1246,#1247,#1248));
#471=EDGE_LOOP('',(#1249,#1250,#1251,#1252));
#472=EDGE_LOOP('',(#1253,#1254,#1255,#1256));
#473=EDGE_LOOP('',(#1257,#1258,#1259,#1260));
#474=EDGE_LOOP('',(#1261,#1262,#1263,#1264));
#475=EDGE_LOOP('',(#1265,#1266,#1267,#1268));
#476=EDGE_LOOP('',(#1269,#1270,#1271,#1272));
#477=EDGE_LOOP('',(#1273,#1274,#1275,#1276));
#478=EDGE_LOOP('',(#1277,#1278,#1279,#1280));
#479=EDGE_LOOP('',(#1281,#1282,#1283,#1284));
#480=EDGE_LOOP('',(#1285,#1286,#1287,#1288));
#481=EDGE_LOOP('',(#1289,#1290,#1291,#1292));
#482=EDGE_LOOP('',(#1293,#1294,#1295,#1296));
#483=EDGE_LOOP('',(#1297,#1298,#1299,#1300));
#484=EDGE_LOOP('',(#1301,#1302,#1303,#1304));
#485=EDGE_LOOP('',(#1305,#1306,#1307,#1308));
#486=EDGE_LOOP('',(#1309,#1310,#1311,#1312));
#487=EDGE_LOOP('',(#1313,#1314,#1315,#1316));
#488=EDGE_LOOP('',(#1317,#1318,#1319,#1320));
#489=EDGE_LOOP('',(#1321,#1322,#1323,#1324));
#490=EDGE_LOOP('',(#1325,#1326,#1327,#1328));
#491=EDGE_LOOP('',(#1329,#1330,#1331,#1332));
#492=EDGE_LOOP('',(#1333,#1334,#1335,#1336));
#493=EDGE_LOOP('',(#1337,#1338,#1339,#1340));
#494=EDGE_LOOP('',(#1341,#1342,#1343,#1344));
#495=EDGE_LOOP('',(#1345,#1346,#1347,#1348));
#496=EDGE_LOOP('',(#1349,#1350,#1351,#1352));
#497=EDGE_LOOP('',(#1353,#1354,#1355,#1356));
#498=EDGE_LOOP('',(#1357,#1358,#1359,#1360));
#499=EDGE_LOOP('',(#1361,#1362,#1363,#1364));
#500=EDGE_LOOP('',(#1365,#1366,#1367,#1368));
#501=EDGE_LOOP('',(#1369,#1370,#1371,#1372));
#502=EDGE_LOOP('',(#1373,#1374,#1375,#1376));
#503=EDGE_LOOP('',(#1377,#1378,#1379,#1380));
#504=EDGE_LOOP('',(#1381,#1382,#1383,#1384,#1385,#1386,#1387,#1388,#1389,
#1390,#1391,#1392,#1393,#1394,#1395,#1396,#1397,#1398,#1399,#1400,#1401,
#1402,#1403,#1404,#1405,#1406,#1407,#1408,#1409));
#505=EDGE_LOOP('',(#1410));
#506=EDGE_LOOP('',(#1411));
#507=EDGE_LOOP('',(#1412));
#508=EDGE_LOOP('',(#1413));
#509=EDGE_LOOP('',(#1414));
#510=EDGE_LOOP('',(#1415,#1416,#1417,#1418));
#511=EDGE_LOOP('',(#1419,#1420,#1421,#1422));
#512=EDGE_LOOP('',(#1423,#1424,#1425,#1426));
#513=EDGE_LOOP('',(#1427,#1428,#1429,#1430));
#514=EDGE_LOOP('',(#1431,#1432,#1433,#1434));
#515=EDGE_LOOP('',(#1435,#1436,#1437,#1438));
#516=CIRCLE('',#1554,0.299999999999976);
#517=CIRCLE('',#1555,2.00000000000001);
#518=CIRCLE('',#1556,0.999999999999996);
#519=CIRCLE('',#1557,1.00000000000001);
#520=CIRCLE('',#1559,0.999999999999996);
#521=CIRCLE('',#1561,1.00000000000001);
#522=CIRCLE('',#1562,2.99999999999999);
#523=CIRCLE('',#1563,1.99999999999999);
#524=CIRCLE('',#1565,0.999999999999996);
#525=CIRCLE('',#1567,1.00000000000001);
#526=CIRCLE('',#1568,2.99999999999999);
#527=CIRCLE('',#1569,1.99999999999999);
#528=CIRCLE('',#1571,0.999999999999996);
#529=CIRCLE('',#1572,1.00000000000001);
#530=CIRCLE('',#1573,0.999999999999993);
#531=CIRCLE('',#1574,1.99999999999999);
#532=CIRCLE('',#1576,0.999999999999996);
#533=CIRCLE('',#1578,1.00000000000001);
#534=CIRCLE('',#1579,6.49999999999998);
#535=CIRCLE('',#1580,7.49999999999998);
#536=CIRCLE('',#1582,1.00000000000001);
#537=CIRCLE('',#1584,0.999999999999996);
#538=CIRCLE('',#1585,2.99999999999999);
#539=CIRCLE('',#1586,1.99999999999999);
#540=CIRCLE('',#1588,0.999999999999996);
#541=CIRCLE('',#1589,0.999999999999979);
#542=CIRCLE('',#1590,0.999999999999993);
#543=CIRCLE('',#1591,1.99999999999999);
#544=CIRCLE('',#1593,1.00000000000001);
#545=CIRCLE('',#1594,0.999999999999996);
#546=CIRCLE('',#1595,0.999999999999993);
#547=CIRCLE('',#1596,1.99999999999999);
#548=CIRCLE('',#1598,1.);
#549=CIRCLE('',#1599,0.999999999999979);
#550=CIRCLE('',#1600,0.999999999999993);
#551=CIRCLE('',#1601,1.99999999999999);
#552=CIRCLE('',#1603,1.00000000000001);
#553=CIRCLE('',#1605,0.999999999999996);
#554=CIRCLE('',#1606,2.99999999999999);
#555=CIRCLE('',#1607,1.99999999999999);
#556=CIRCLE('',#1609,1.00000000000001);
#557=CIRCLE('',#1610,0.999999999999995);
#558=CIRCLE('',#1611,1.);
#559=CIRCLE('',#1612,2.);
#560=CIRCLE('',#1614,0.999999999999999);
#561=CIRCLE('',#1616,0.999999999999996);
#562=CIRCLE('',#1617,18.5);
#563=CIRCLE('',#1618,17.5);
#564=CIRCLE('',#1620,0.999999999999996);
#565=CIRCLE('',#1622,0.999999999999991);
#566=CIRCLE('',#1623,18.5);
#567=CIRCLE('',#1624,17.5);
#568=CIRCLE('',#1626,1.00000000000001);
#569=CIRCLE('',#1627,1.00000000000001);
#570=CIRCLE('',#1628,0.999999999999999);
#571=CIRCLE('',#1629,2.);
#572=CIRCLE('',#1633,1.99999999999999);
#573=CIRCLE('',#1636,1.99999999999999);
#574=CIRCLE('',#1639,1.99999999999999);
#575=CIRCLE('',#1642,7.49999999999998);
#576=CIRCLE('',#1645,1.99999999999999);
#577=CIRCLE('',#1648,1.99999999999999);
#578=CIRCLE('',#1651,1.99999999999999);
#579=CIRCLE('',#1654,2.00000000000001);
#580=CIRCLE('',#1656,2.5175);
#581=CIRCLE('',#1657,2.5175);
#582=CIRCLE('',#1658,2.5175);
#583=CIRCLE('',#1659,2.5175);
#584=CIRCLE('',#1660,30.);
#585=CIRCLE('',#1661,0.299999999999976);
#586=CIRCLE('',#1665,1.00000000000001);
#587=CIRCLE('',#1666,1.);
#588=CIRCLE('',#1668,1.);
#589=CIRCLE('',#1670,1.);
#590=CIRCLE('',#1671,2.99999999999999);
#591=CIRCLE('',#1673,1.);
#592=CIRCLE('',#1675,1.);
#593=CIRCLE('',#1676,2.99999999999999);
#594=CIRCLE('',#1678,1.);
#595=CIRCLE('',#1679,1.);
#596=CIRCLE('',#1680,0.999999999999993);
#597=CIRCLE('',#1682,1.);
#598=CIRCLE('',#1684,1.);
#599=CIRCLE('',#1685,6.49999999999998);
#600=CIRCLE('',#1687,1.);
#601=CIRCLE('',#1689,1.);
#602=CIRCLE('',#1690,2.99999999999999);
#603=CIRCLE('',#1692,1.);
#604=CIRCLE('',#1693,1.);
#605=CIRCLE('',#1694,0.999999999999993);
#606=CIRCLE('',#1696,1.);
#607=CIRCLE('',#1697,1.);
#608=CIRCLE('',#1698,0.999999999999993);
#609=CIRCLE('',#1700,1.);
#610=CIRCLE('',#1701,1.);
#611=CIRCLE('',#1702,1.99999999999999);
#612=CIRCLE('',#1703,0.999999999999993);
#613=CIRCLE('',#1705,1.);
#614=CIRCLE('',#1707,1.);
#615=CIRCLE('',#1708,1.99999999999999);
#616=CIRCLE('',#1709,2.99999999999999);
#617=CIRCLE('',#1711,1.);
#618=CIRCLE('',#1712,1.);
#619=CIRCLE('',#1713,2.);
#620=CIRCLE('',#1714,1.);
#621=CIRCLE('',#1716,1.);
#622=CIRCLE('',#1718,1.);
#623=CIRCLE('',#1719,17.5);
#624=CIRCLE('',#1720,18.5);
#625=CIRCLE('',#1722,1.);
#626=CIRCLE('',#1724,1.);
#627=CIRCLE('',#1725,17.5);
#628=CIRCLE('',#1726,18.5);
#629=CIRCLE('',#1728,1.);
#630=CIRCLE('',#1729,1.);
#631=CIRCLE('',#1730,2.);
#632=CIRCLE('',#1731,0.999999999999999);
#633=CIRCLE('',#1748,2.5175);
#634=CIRCLE('',#1749,2.5175);
#635=CIRCLE('',#1750,2.5175);
#636=CIRCLE('',#1751,2.5175);
#637=CIRCLE('',#1752,30.);
#638=ELLIPSE('',#1552,1.22065556157338,1.);
#639=ELLIPSE('',#1553,1.22065556157338,1.);
#640=ELLIPSE('',#1662,1.22065556157338,1.);
#641=ELLIPSE('',#1663,1.22065556157338,1.);
#642=VERTEX_POINT('',#2296);
#643=VERTEX_POINT('',#2297);
#644=VERTEX_POINT('',#2299);
#645=VERTEX_POINT('',#2317);
#646=VERTEX_POINT('',#2318);
#647=VERTEX_POINT('',#2320);
#648=VERTEX_POINT('',#2322);
#649=VERTEX_POINT('',#2339);
#650=VERTEX_POINT('',#2340);
#651=VERTEX_POINT('',#2345);
#652=VERTEX_POINT('',#2346);
#653=VERTEX_POINT('',#2351);
#654=VERTEX_POINT('',#2352);
#655=VERTEX_POINT('',#2357);
#656=VERTEX_POINT('',#2358);
#657=VERTEX_POINT('',#2363);
#658=VERTEX_POINT('',#2364);
#659=VERTEX_POINT('',#2377);
#660=VERTEX_POINT('',#2378);
#661=VERTEX_POINT('',#2383);
#662=VERTEX_POINT('',#2384);
#663=VERTEX_POINT('',#2389);
#664=VERTEX_POINT('',#2390);
#665=VERTEX_POINT('',#2395);
#666=VERTEX_POINT('',#2396);
#667=VERTEX_POINT('',#2401);
#668=VERTEX_POINT('',#2402);
#669=VERTEX_POINT('',#2407);
#670=VERTEX_POINT('',#2408);
#671=VERTEX_POINT('',#2421);
#672=VERTEX_POINT('',#2422);
#673=VERTEX_POINT('',#2427);
#674=VERTEX_POINT('',#2428);
#675=VERTEX_POINT('',#2441);
#676=VERTEX_POINT('',#2442);
#677=VERTEX_POINT('',#2447);
#678=VERTEX_POINT('',#2448);
#679=VERTEX_POINT('',#2461);
#680=VERTEX_POINT('',#2462);
#681=VERTEX_POINT('',#2467);
#682=VERTEX_POINT('',#2468);
#683=VERTEX_POINT('',#2473);
#684=VERTEX_POINT('',#2474);
#685=VERTEX_POINT('',#2479);
#686=VERTEX_POINT('',#2480);
#687=VERTEX_POINT('',#2499);
#688=VERTEX_POINT('',#2500);
#689=VERTEX_POINT('',#2505);
#690=VERTEX_POINT('',#2506);
#691=VERTEX_POINT('',#2511);
#692=VERTEX_POINT('',#2512);
#693=VERTEX_POINT('',#2517);
#694=VERTEX_POINT('',#2518);
#695=VERTEX_POINT('',#2523);
#696=VERTEX_POINT('',#2524);
#697=VERTEX_POINT('',#2529);
#698=VERTEX_POINT('',#2530);
#699=VERTEX_POINT('',#2549);
#700=VERTEX_POINT('',#2550);
#701=VERTEX_POINT('',#2561);
#702=VERTEX_POINT('',#2563);
#703=VERTEX_POINT('',#2567);
#704=VERTEX_POINT('',#2571);
#705=VERTEX_POINT('',#2575);
#706=VERTEX_POINT('',#2579);
#707=VERTEX_POINT('',#2583);
#708=VERTEX_POINT('',#2587);
#709=VERTEX_POINT('',#2591);
#710=VERTEX_POINT('',#2595);
#711=VERTEX_POINT('',#2599);
#712=VERTEX_POINT('',#2603);
#713=VERTEX_POINT('',#2607);
#714=VERTEX_POINT('',#2611);
#715=VERTEX_POINT('',#2615);
#716=VERTEX_POINT('',#2619);
#717=VERTEX_POINT('',#2623);
#718=VERTEX_POINT('',#2625);
#719=VERTEX_POINT('',#2627);
#720=VERTEX_POINT('',#2629);
#721=VERTEX_POINT('',#2631);
#722=VERTEX_POINT('',#2658);
#723=VERTEX_POINT('',#2659);
#724=VERTEX_POINT('',#2661);
#725=VERTEX_POINT('',#2665);
#726=VERTEX_POINT('',#2697);
#727=VERTEX_POINT('',#2701);
#728=VERTEX_POINT('',#2705);
#729=VERTEX_POINT('',#2709);
#730=VERTEX_POINT('',#2713);
#731=VERTEX_POINT('',#2717);
#732=VERTEX_POINT('',#2729);
#733=VERTEX_POINT('',#2733);
#734=VERTEX_POINT('',#2737);
#735=VERTEX_POINT('',#2741);
#736=VERTEX_POINT('',#2745);
#737=VERTEX_POINT('',#2749);
#738=VERTEX_POINT('',#2761);
#739=VERTEX_POINT('',#2765);
#740=VERTEX_POINT('',#2777);
#741=VERTEX_POINT('',#2781);
#742=VERTEX_POINT('',#2782);
#743=VERTEX_POINT('',#2795);
#744=VERTEX_POINT('',#2796);
#745=VERTEX_POINT('',#2801);
#746=VERTEX_POINT('',#2802);
#747=VERTEX_POINT('',#2807);
#748=VERTEX_POINT('',#2808);
#749=VERTEX_POINT('',#2813);
#750=VERTEX_POINT('',#2814);
#751=VERTEX_POINT('',#2833);
#752=VERTEX_POINT('',#2834);
#753=VERTEX_POINT('',#2839);
#754=VERTEX_POINT('',#2840);
#755=VERTEX_POINT('',#2845);
#756=VERTEX_POINT('',#2846);
#757=VERTEX_POINT('',#2851);
#758=VERTEX_POINT('',#2852);
#759=VERTEX_POINT('',#2857);
#760=VERTEX_POINT('',#2858);
#761=VERTEX_POINT('',#2863);
#762=VERTEX_POINT('',#2864);
#763=VERTEX_POINT('',#2883);
#764=VERTEX_POINT('',#2884);
#765=VERTEX_POINT('',#2920);
#766=VERTEX_POINT('',#2922);
#767=VERTEX_POINT('',#2924);
#768=VERTEX_POINT('',#2926);
#769=VERTEX_POINT('',#2928);
#770=EDGE_CURVE('',#642,#643,#638,.T.);
#771=EDGE_CURVE('',#643,#644,#639,.T.);
#772=EDGE_CURVE('',#644,#642,#516,.T.);
#773=EDGE_CURVE('',#645,#646,#517,.T.);
#774=EDGE_CURVE('',#646,#647,#518,.T.);
#775=EDGE_CURVE('',#647,#648,#519,.T.);
#776=EDGE_CURVE('',#648,#645,#296,.T.);
#777=EDGE_CURVE('',#649,#650,#520,.T.);
#778=EDGE_CURVE('',#650,#647,#56,.T.);
#779=EDGE_CURVE('',#646,#649,#57,.T.);
#780=EDGE_CURVE('',#651,#652,#521,.T.);
#781=EDGE_CURVE('',#652,#650,#522,.T.);
#782=EDGE_CURVE('',#649,#651,#523,.T.);
#783=EDGE_CURVE('',#653,#654,#524,.T.);
#784=EDGE_CURVE('',#654,#652,#58,.T.);
#785=EDGE_CURVE('',#651,#653,#59,.T.);
#786=EDGE_CURVE('',#655,#656,#525,.T.);
#787=EDGE_CURVE('',#656,#654,#526,.T.);
#788=EDGE_CURVE('',#653,#655,#527,.T.);
#789=EDGE_CURVE('',#657,#658,#528,.T.);
#790=EDGE_CURVE('',#658,#656,#60,.T.);
#791=EDGE_CURVE('',#655,#657,#61,.T.);
#792=EDGE_CURVE('',#659,#660,#529,.T.);
#793=EDGE_CURVE('',#660,#658,#530,.T.);
#794=EDGE_CURVE('',#657,#659,#531,.T.);
#795=EDGE_CURVE('',#661,#662,#532,.T.);
#796=EDGE_CURVE('',#662,#660,#62,.T.);
#797=EDGE_CURVE('',#659,#661,#63,.T.);
#798=EDGE_CURVE('',#663,#664,#533,.T.);
#799=EDGE_CURVE('',#664,#662,#534,.T.);
#800=EDGE_CURVE('',#661,#663,#535,.T.);
#801=EDGE_CURVE('',#665,#666,#536,.T.);
#802=EDGE_CURVE('',#666,#664,#64,.T.);
#803=EDGE_CURVE('',#663,#665,#65,.T.);
#804=EDGE_CURVE('',#667,#668,#537,.T.);
#805=EDGE_CURVE('',#668,#666,#538,.T.);
#806=EDGE_CURVE('',#665,#667,#539,.T.);
#807=EDGE_CURVE('',#669,#670,#540,.T.);
#808=EDGE_CURVE('',#670,#668,#66,.T.);
#809=EDGE_CURVE('',#667,#669,#67,.T.);
#810=EDGE_CURVE('',#671,#672,#541,.T.);
#811=EDGE_CURVE('',#672,#670,#542,.T.);
#812=EDGE_CURVE('',#669,#671,#543,.T.);
#813=EDGE_CURVE('',#673,#674,#544,.T.);
#814=EDGE_CURVE('',#674,#672,#68,.T.);
#815=EDGE_CURVE('',#671,#673,#69,.T.);
#816=EDGE_CURVE('',#675,#676,#545,.T.);
#817=EDGE_CURVE('',#676,#674,#546,.T.);
#818=EDGE_CURVE('',#673,#675,#547,.T.);
#819=EDGE_CURVE('',#677,#678,#548,.T.);
#820=EDGE_CURVE('',#678,#676,#70,.T.);
#821=EDGE_CURVE('',#675,#677,#71,.T.);
#822=EDGE_CURVE('',#679,#680,#549,.T.);
#823=EDGE_CURVE('',#680,#678,#550,.T.);
#824=EDGE_CURVE('',#677,#679,#551,.T.);
#825=EDGE_CURVE('',#681,#682,#552,.T.);
#826=EDGE_CURVE('',#682,#680,#72,.T.);
#827=EDGE_CURVE('',#679,#681,#73,.T.);
#828=EDGE_CURVE('',#683,#684,#553,.T.);
#829=EDGE_CURVE('',#684,#682,#554,.T.);
#830=EDGE_CURVE('',#681,#683,#555,.T.);
#831=EDGE_CURVE('',#685,#686,#556,.T.);
#832=EDGE_CURVE('',#686,#684,#74,.T.);
#833=EDGE_CURVE('',#683,#685,#75,.T.);
#834=EDGE_CURVE('',#687,#688,#557,.T.);
#835=EDGE_CURVE('',#688,#686,#558,.T.);
#836=EDGE_CURVE('',#685,#687,#559,.T.);
#837=EDGE_CURVE('',#689,#690,#560,.T.);
#838=EDGE_CURVE('',#690,#688,#76,.T.);
#839=EDGE_CURVE('',#687,#689,#77,.T.);
#840=EDGE_CURVE('',#691,#692,#561,.T.);
#841=EDGE_CURVE('',#692,#690,#562,.T.);
#842=EDGE_CURVE('',#689,#691,#563,.T.);
#843=EDGE_CURVE('',#693,#694,#564,.T.);
#844=EDGE_CURVE('',#694,#692,#78,.T.);
#845=EDGE_CURVE('',#691,#693,#79,.T.);
#846=EDGE_CURVE('',#695,#696,#565,.T.);
#847=EDGE_CURVE('',#696,#694,#566,.T.);
#848=EDGE_CURVE('',#693,#695,#567,.T.);
#849=EDGE_CURVE('',#697,#698,#568,.T.);
#850=EDGE_CURVE('',#698,#696,#80,.T.);
#851=EDGE_CURVE('',#695,#697,#81,.T.);
#852=EDGE_CURVE('',#699,#700,#569,.T.);
#853=EDGE_CURVE('',#700,#698,#570,.T.);
#854=EDGE_CURVE('',#697,#699,#571,.T.);
#855=EDGE_CURVE('',#643,#700,#82,.T.);
#856=EDGE_CURVE('',#699,#644,#83,.T.);
#857=EDGE_CURVE('',#642,#645,#84,.T.);
#858=EDGE_CURVE('',#648,#643,#85,.T.);
#859=EDGE_CURVE('',#701,#673,#86,.T.);
#860=EDGE_CURVE('',#702,#701,#572,.T.);
#861=EDGE_CURVE('',#702,#675,#87,.T.);
#862=EDGE_CURVE('',#703,#671,#88,.T.);
#863=EDGE_CURVE('',#701,#703,#89,.T.);
#864=EDGE_CURVE('',#704,#669,#90,.T.);
#865=EDGE_CURVE('',#703,#704,#573,.T.);
#866=EDGE_CURVE('',#705,#667,#91,.T.);
#867=EDGE_CURVE('',#704,#705,#92,.T.);
#868=EDGE_CURVE('',#706,#665,#93,.T.);
#869=EDGE_CURVE('',#705,#706,#574,.T.);
#870=EDGE_CURVE('',#707,#663,#94,.T.);
#871=EDGE_CURVE('',#706,#707,#95,.T.);
#872=EDGE_CURVE('',#708,#661,#96,.T.);
#873=EDGE_CURVE('',#707,#708,#575,.T.);
#874=EDGE_CURVE('',#709,#659,#97,.T.);
#875=EDGE_CURVE('',#708,#709,#98,.T.);
#876=EDGE_CURVE('',#710,#657,#99,.T.);
#877=EDGE_CURVE('',#709,#710,#576,.T.);
#878=EDGE_CURVE('',#711,#655,#100,.T.);
#879=EDGE_CURVE('',#710,#711,#101,.T.);
#880=EDGE_CURVE('',#712,#653,#102,.T.);
#881=EDGE_CURVE('',#711,#712,#577,.T.);
#882=EDGE_CURVE('',#713,#651,#103,.T.);
#883=EDGE_CURVE('',#712,#713,#104,.T.);
#884=EDGE_CURVE('',#714,#649,#105,.T.);
#885=EDGE_CURVE('',#713,#714,#578,.T.);
#886=EDGE_CURVE('',#715,#646,#106,.T.);
#887=EDGE_CURVE('',#714,#715,#107,.T.);
#888=EDGE_CURVE('',#716,#645,#108,.T.);
#889=EDGE_CURVE('',#715,#716,#579,.T.);
#890=EDGE_CURVE('',#717,#717,#580,.F.);
#891=EDGE_CURVE('',#718,#718,#581,.F.);
#892=EDGE_CURVE('',#719,#719,#582,.F.);
#893=EDGE_CURVE('',#720,#720,#583,.F.);
#894=EDGE_CURVE('',#721,#721,#584,.T.);
#895=EDGE_CURVE('',#722,#723,#585,.T.);
#896=EDGE_CURVE('',#723,#724,#640,.T.);
#897=EDGE_CURVE('',#724,#722,#641,.T.);
#898=EDGE_CURVE('',#724,#725,#109,.T.);
#899=EDGE_CURVE('',#725,#716,#297,.T.);
#900=EDGE_CURVE('',#716,#722,#110,.T.);
#901=EDGE_CURVE('',#725,#726,#586,.T.);
#902=EDGE_CURVE('',#726,#715,#587,.T.);
#903=EDGE_CURVE('',#727,#714,#588,.T.);
#904=EDGE_CURVE('',#726,#727,#111,.T.);
#905=EDGE_CURVE('',#728,#713,#589,.T.);
#906=EDGE_CURVE('',#727,#728,#590,.T.);
#907=EDGE_CURVE('',#729,#712,#591,.T.);
#908=EDGE_CURVE('',#728,#729,#112,.T.);
#909=EDGE_CURVE('',#730,#711,#592,.T.);
#910=EDGE_CURVE('',#729,#730,#593,.T.);
#911=EDGE_CURVE('',#731,#710,#594,.T.);
#912=EDGE_CURVE('',#730,#731,#113,.T.);
#913=EDGE_CURVE('',#732,#709,#595,.T.);
#914=EDGE_CURVE('',#731,#732,#596,.T.);
#915=EDGE_CURVE('',#733,#708,#597,.T.);
#916=EDGE_CURVE('',#732,#733,#114,.T.);
#917=EDGE_CURVE('',#734,#707,#598,.T.);
#918=EDGE_CURVE('',#733,#734,#599,.T.);
#919=EDGE_CURVE('',#735,#706,#600,.T.);
#920=EDGE_CURVE('',#734,#735,#115,.T.);
#921=EDGE_CURVE('',#736,#705,#601,.T.);
#922=EDGE_CURVE('',#735,#736,#602,.T.);
#923=EDGE_CURVE('',#737,#704,#603,.T.);
#924=EDGE_CURVE('',#736,#737,#116,.T.);
#925=EDGE_CURVE('',#738,#703,#604,.T.);
#926=EDGE_CURVE('',#737,#738,#605,.T.);
#927=EDGE_CURVE('',#739,#701,#606,.T.);
#928=EDGE_CURVE('',#738,#739,#117,.T.);
#929=EDGE_CURVE('',#740,#702,#607,.T.);
#930=EDGE_CURVE('',#739,#740,#608,.T.);
#931=EDGE_CURVE('',#741,#742,#609,.T.);
#932=EDGE_CURVE('',#742,#702,#118,.T.);
#933=EDGE_CURVE('',#740,#741,#119,.T.);
#934=EDGE_CURVE('',#743,#744,#610,.T.);
#935=EDGE_CURVE('',#744,#742,#611,.T.);
#936=EDGE_CURVE('',#741,#743,#612,.T.);
#937=EDGE_CURVE('',#745,#746,#613,.T.);
#938=EDGE_CURVE('',#746,#744,#120,.T.);
#939=EDGE_CURVE('',#743,#745,#121,.T.);
#940=EDGE_CURVE('',#747,#748,#614,.T.);
#941=EDGE_CURVE('',#748,#746,#615,.T.);
#942=EDGE_CURVE('',#745,#747,#616,.T.);
#943=EDGE_CURVE('',#749,#750,#617,.T.);
#944=EDGE_CURVE('',#750,#748,#122,.T.);
#945=EDGE_CURVE('',#747,#749,#123,.T.);
#946=EDGE_CURVE('',#751,#752,#618,.T.);
#947=EDGE_CURVE('',#752,#750,#619,.T.);
#948=EDGE_CURVE('',#749,#751,#620,.T.);
#949=EDGE_CURVE('',#753,#754,#621,.T.);
#950=EDGE_CURVE('',#754,#752,#124,.T.);
#951=EDGE_CURVE('',#751,#753,#125,.T.);
#952=EDGE_CURVE('',#755,#756,#622,.T.);
#953=EDGE_CURVE('',#756,#754,#623,.T.);
#954=EDGE_CURVE('',#753,#755,#624,.T.);
#955=EDGE_CURVE('',#757,#758,#625,.T.);
#956=EDGE_CURVE('',#758,#756,#126,.T.);
#957=EDGE_CURVE('',#755,#757,#127,.T.);
#958=EDGE_CURVE('',#759,#760,#626,.T.);
#959=EDGE_CURVE('',#760,#758,#627,.T.);
#960=EDGE_CURVE('',#757,#759,#628,.T.);
#961=EDGE_CURVE('',#761,#762,#629,.T.);
#962=EDGE_CURVE('',#762,#760,#128,.T.);
#963=EDGE_CURVE('',#759,#761,#129,.T.);
#964=EDGE_CURVE('',#763,#764,#630,.T.);
#965=EDGE_CURVE('',#764,#762,#631,.T.);
#966=EDGE_CURVE('',#761,#763,#632,.T.);
#967=EDGE_CURVE('',#723,#764,#130,.T.);
#968=EDGE_CURVE('',#763,#724,#131,.T.);
#969=EDGE_CURVE('',#742,#677,#132,.T.);
#970=EDGE_CURVE('',#744,#679,#133,.T.);
#971=EDGE_CURVE('',#746,#681,#134,.T.);
#972=EDGE_CURVE('',#748,#683,#135,.T.);
#973=EDGE_CURVE('',#750,#685,#136,.T.);
#974=EDGE_CURVE('',#752,#687,#137,.T.);
#975=EDGE_CURVE('',#689,#754,#138,.T.);
#976=EDGE_CURVE('',#756,#691,#139,.T.);
#977=EDGE_CURVE('',#693,#758,#140,.T.);
#978=EDGE_CURVE('',#760,#695,#141,.T.);
#979=EDGE_CURVE('',#762,#697,#142,.T.);
#980=EDGE_CURVE('',#764,#699,#143,.T.);
#981=EDGE_CURVE('',#723,#644,#144,.T.);
#982=EDGE_CURVE('',#722,#642,#145,.T.);
#983=EDGE_CURVE('',#765,#765,#633,.F.);
#984=EDGE_CURVE('',#766,#766,#634,.F.);
#985=EDGE_CURVE('',#767,#767,#635,.F.);
#986=EDGE_CURVE('',#768,#768,#636,.F.);
#987=EDGE_CURVE('',#769,#769,#637,.T.);
#988=EDGE_CURVE('',#717,#765,#146,.T.);
#989=EDGE_CURVE('',#718,#766,#147,.T.);
#990=EDGE_CURVE('',#719,#767,#148,.T.);
#991=EDGE_CURVE('',#720,#768,#149,.T.);
#992=EDGE_CURVE('',#721,#769,#150,.T.);
#993=ORIENTED_EDGE('',*,*,#770,.T.);
#994=ORIENTED_EDGE('',*,*,#771,.T.);
#995=ORIENTED_EDGE('',*,*,#772,.T.);
#996=ORIENTED_EDGE('',*,*,#773,.T.);
#997=ORIENTED_EDGE('',*,*,#774,.T.);
#998=ORIENTED_EDGE('',*,*,#775,.T.);
#999=ORIENTED_EDGE('',*,*,#776,.T.);
#1000=ORIENTED_EDGE('',*,*,#777,.T.);
#1001=ORIENTED_EDGE('',*,*,#778,.T.);
#1002=ORIENTED_EDGE('',*,*,#774,.F.);
#1003=ORIENTED_EDGE('',*,*,#779,.T.);
#1004=ORIENTED_EDGE('',*,*,#780,.T.);
#1005=ORIENTED_EDGE('',*,*,#781,.T.);
#1006=ORIENTED_EDGE('',*,*,#777,.F.);
#1007=ORIENTED_EDGE('',*,*,#782,.T.);
#1008=ORIENTED_EDGE('',*,*,#783,.T.);
#1009=ORIENTED_EDGE('',*,*,#784,.T.);
#1010=ORIENTED_EDGE('',*,*,#780,.F.);
#1011=ORIENTED_EDGE('',*,*,#785,.T.);
#1012=ORIENTED_EDGE('',*,*,#786,.T.);
#1013=ORIENTED_EDGE('',*,*,#787,.T.);
#1014=ORIENTED_EDGE('',*,*,#783,.F.);
#1015=ORIENTED_EDGE('',*,*,#788,.T.);
#1016=ORIENTED_EDGE('',*,*,#789,.T.);
#1017=ORIENTED_EDGE('',*,*,#790,.T.);
#1018=ORIENTED_EDGE('',*,*,#786,.F.);
#1019=ORIENTED_EDGE('',*,*,#791,.T.);
#1020=ORIENTED_EDGE('',*,*,#792,.T.);
#1021=ORIENTED_EDGE('',*,*,#793,.T.);
#1022=ORIENTED_EDGE('',*,*,#789,.F.);
#1023=ORIENTED_EDGE('',*,*,#794,.T.);
#1024=ORIENTED_EDGE('',*,*,#795,.T.);
#1025=ORIENTED_EDGE('',*,*,#796,.T.);
#1026=ORIENTED_EDGE('',*,*,#792,.F.);
#1027=ORIENTED_EDGE('',*,*,#797,.T.);
#1028=ORIENTED_EDGE('',*,*,#798,.T.);
#1029=ORIENTED_EDGE('',*,*,#799,.T.);
#1030=ORIENTED_EDGE('',*,*,#795,.F.);
#1031=ORIENTED_EDGE('',*,*,#800,.T.);
#1032=ORIENTED_EDGE('',*,*,#801,.T.);
#1033=ORIENTED_EDGE('',*,*,#802,.T.);
#1034=ORIENTED_EDGE('',*,*,#798,.F.);
#1035=ORIENTED_EDGE('',*,*,#803,.T.);
#1036=ORIENTED_EDGE('',*,*,#804,.T.);
#1037=ORIENTED_EDGE('',*,*,#805,.T.);
#1038=ORIENTED_EDGE('',*,*,#801,.F.);
#1039=ORIENTED_EDGE('',*,*,#806,.T.);
#1040=ORIENTED_EDGE('',*,*,#807,.T.);
#1041=ORIENTED_EDGE('',*,*,#808,.T.);
#1042=ORIENTED_EDGE('',*,*,#804,.F.);
#1043=ORIENTED_EDGE('',*,*,#809,.T.);
#1044=ORIENTED_EDGE('',*,*,#810,.T.);
#1045=ORIENTED_EDGE('',*,*,#811,.T.);
#1046=ORIENTED_EDGE('',*,*,#807,.F.);
#1047=ORIENTED_EDGE('',*,*,#812,.T.);
#1048=ORIENTED_EDGE('',*,*,#813,.T.);
#1049=ORIENTED_EDGE('',*,*,#814,.T.);
#1050=ORIENTED_EDGE('',*,*,#810,.F.);
#1051=ORIENTED_EDGE('',*,*,#815,.T.);
#1052=ORIENTED_EDGE('',*,*,#816,.T.);
#1053=ORIENTED_EDGE('',*,*,#817,.T.);
#1054=ORIENTED_EDGE('',*,*,#813,.F.);
#1055=ORIENTED_EDGE('',*,*,#818,.T.);
#1056=ORIENTED_EDGE('',*,*,#819,.T.);
#1057=ORIENTED_EDGE('',*,*,#820,.T.);
#1058=ORIENTED_EDGE('',*,*,#816,.F.);
#1059=ORIENTED_EDGE('',*,*,#821,.T.);
#1060=ORIENTED_EDGE('',*,*,#822,.T.);
#1061=ORIENTED_EDGE('',*,*,#823,.T.);
#1062=ORIENTED_EDGE('',*,*,#819,.F.);
#1063=ORIENTED_EDGE('',*,*,#824,.T.);
#1064=ORIENTED_EDGE('',*,*,#825,.T.);
#1065=ORIENTED_EDGE('',*,*,#826,.T.);
#1066=ORIENTED_EDGE('',*,*,#822,.F.);
#1067=ORIENTED_EDGE('',*,*,#827,.T.);
#1068=ORIENTED_EDGE('',*,*,#828,.T.);
#1069=ORIENTED_EDGE('',*,*,#829,.T.);
#1070=ORIENTED_EDGE('',*,*,#825,.F.);
#1071=ORIENTED_EDGE('',*,*,#830,.T.);
#1072=ORIENTED_EDGE('',*,*,#831,.T.);
#1073=ORIENTED_EDGE('',*,*,#832,.T.);
#1074=ORIENTED_EDGE('',*,*,#828,.F.);
#1075=ORIENTED_EDGE('',*,*,#833,.T.);
#1076=ORIENTED_EDGE('',*,*,#834,.T.);
#1077=ORIENTED_EDGE('',*,*,#835,.T.);
#1078=ORIENTED_EDGE('',*,*,#831,.F.);
#1079=ORIENTED_EDGE('',*,*,#836,.T.);
#1080=ORIENTED_EDGE('',*,*,#837,.T.);
#1081=ORIENTED_EDGE('',*,*,#838,.T.);
#1082=ORIENTED_EDGE('',*,*,#834,.F.);
#1083=ORIENTED_EDGE('',*,*,#839,.T.);
#1084=ORIENTED_EDGE('',*,*,#840,.T.);
#1085=ORIENTED_EDGE('',*,*,#841,.T.);
#1086=ORIENTED_EDGE('',*,*,#837,.F.);
#1087=ORIENTED_EDGE('',*,*,#842,.T.);
#1088=ORIENTED_EDGE('',*,*,#843,.T.);
#1089=ORIENTED_EDGE('',*,*,#844,.T.);
#1090=ORIENTED_EDGE('',*,*,#840,.F.);
#1091=ORIENTED_EDGE('',*,*,#845,.T.);
#1092=ORIENTED_EDGE('',*,*,#846,.T.);
#1093=ORIENTED_EDGE('',*,*,#847,.T.);
#1094=ORIENTED_EDGE('',*,*,#843,.F.);
#1095=ORIENTED_EDGE('',*,*,#848,.T.);
#1096=ORIENTED_EDGE('',*,*,#849,.T.);
#1097=ORIENTED_EDGE('',*,*,#850,.T.);
#1098=ORIENTED_EDGE('',*,*,#846,.F.);
#1099=ORIENTED_EDGE('',*,*,#851,.T.);
#1100=ORIENTED_EDGE('',*,*,#852,.T.);
#1101=ORIENTED_EDGE('',*,*,#853,.T.);
#1102=ORIENTED_EDGE('',*,*,#849,.F.);
#1103=ORIENTED_EDGE('',*,*,#854,.T.);
#1104=ORIENTED_EDGE('',*,*,#771,.F.);
#1105=ORIENTED_EDGE('',*,*,#855,.T.);
#1106=ORIENTED_EDGE('',*,*,#852,.F.);
#1107=ORIENTED_EDGE('',*,*,#856,.T.);
#1108=ORIENTED_EDGE('',*,*,#770,.F.);
#1109=ORIENTED_EDGE('',*,*,#857,.T.);
#1110=ORIENTED_EDGE('',*,*,#776,.F.);
#1111=ORIENTED_EDGE('',*,*,#858,.T.);
#1112=ORIENTED_EDGE('',*,*,#818,.F.);
#1113=ORIENTED_EDGE('',*,*,#859,.F.);
#1114=ORIENTED_EDGE('',*,*,#860,.F.);
#1115=ORIENTED_EDGE('',*,*,#861,.T.);
#1116=ORIENTED_EDGE('',*,*,#815,.F.);
#1117=ORIENTED_EDGE('',*,*,#862,.F.);
#1118=ORIENTED_EDGE('',*,*,#863,.F.);
#1119=ORIENTED_EDGE('',*,*,#859,.T.);
#1120=ORIENTED_EDGE('',*,*,#812,.F.);
#1121=ORIENTED_EDGE('',*,*,#864,.F.);
#1122=ORIENTED_EDGE('',*,*,#865,.F.);
#1123=ORIENTED_EDGE('',*,*,#862,.T.);
#1124=ORIENTED_EDGE('',*,*,#809,.F.);
#1125=ORIENTED_EDGE('',*,*,#866,.F.);
#1126=ORIENTED_EDGE('',*,*,#867,.F.);
#1127=ORIENTED_EDGE('',*,*,#864,.T.);
#1128=ORIENTED_EDGE('',*,*,#806,.F.);
#1129=ORIENTED_EDGE('',*,*,#868,.F.);
#1130=ORIENTED_EDGE('',*,*,#869,.F.);
#1131=ORIENTED_EDGE('',*,*,#866,.T.);
#1132=ORIENTED_EDGE('',*,*,#803,.F.);
#1133=ORIENTED_EDGE('',*,*,#870,.F.);
#1134=ORIENTED_EDGE('',*,*,#871,.F.);
#1135=ORIENTED_EDGE('',*,*,#868,.T.);
#1136=ORIENTED_EDGE('',*,*,#800,.F.);
#1137=ORIENTED_EDGE('',*,*,#872,.F.);
#1138=ORIENTED_EDGE('',*,*,#873,.F.);
#1139=ORIENTED_EDGE('',*,*,#870,.T.);
#1140=ORIENTED_EDGE('',*,*,#797,.F.);
#1141=ORIENTED_EDGE('',*,*,#874,.F.);
#1142=ORIENTED_EDGE('',*,*,#875,.F.);
#1143=ORIENTED_EDGE('',*,*,#872,.T.);
#1144=ORIENTED_EDGE('',*,*,#794,.F.);
#1145=ORIENTED_EDGE('',*,*,#876,.F.);
#1146=ORIENTED_EDGE('',*,*,#877,.F.);
#1147=ORIENTED_EDGE('',*,*,#874,.T.);
#1148=ORIENTED_EDGE('',*,*,#791,.F.);
#1149=ORIENTED_EDGE('',*,*,#878,.F.);
#1150=ORIENTED_EDGE('',*,*,#879,.F.);
#1151=ORIENTED_EDGE('',*,*,#876,.T.);
#1152=ORIENTED_EDGE('',*,*,#788,.F.);
#1153=ORIENTED_EDGE('',*,*,#880,.F.);
#1154=ORIENTED_EDGE('',*,*,#881,.F.);
#1155=ORIENTED_EDGE('',*,*,#878,.T.);
#1156=ORIENTED_EDGE('',*,*,#785,.F.);
#1157=ORIENTED_EDGE('',*,*,#882,.F.);
#1158=ORIENTED_EDGE('',*,*,#883,.F.);
#1159=ORIENTED_EDGE('',*,*,#880,.T.);
#1160=ORIENTED_EDGE('',*,*,#782,.F.);
#1161=ORIENTED_EDGE('',*,*,#884,.F.);
#1162=ORIENTED_EDGE('',*,*,#885,.F.);
#1163=ORIENTED_EDGE('',*,*,#882,.T.);
#1164=ORIENTED_EDGE('',*,*,#779,.F.);
#1165=ORIENTED_EDGE('',*,*,#886,.F.);
#1166=ORIENTED_EDGE('',*,*,#887,.F.);
#1167=ORIENTED_EDGE('',*,*,#884,.T.);
#1168=ORIENTED_EDGE('',*,*,#773,.F.);
#1169=ORIENTED_EDGE('',*,*,#888,.F.);
#1170=ORIENTED_EDGE('',*,*,#889,.F.);
#1171=ORIENTED_EDGE('',*,*,#886,.T.);
#1172=ORIENTED_EDGE('',*,*,#775,.F.);
#1173=ORIENTED_EDGE('',*,*,#778,.F.);
#1174=ORIENTED_EDGE('',*,*,#781,.F.);
#1175=ORIENTED_EDGE('',*,*,#784,.F.);
#1176=ORIENTED_EDGE('',*,*,#787,.F.);
#1177=ORIENTED_EDGE('',*,*,#790,.F.);
#1178=ORIENTED_EDGE('',*,*,#793,.F.);
#1179=ORIENTED_EDGE('',*,*,#796,.F.);
#1180=ORIENTED_EDGE('',*,*,#799,.F.);
#1181=ORIENTED_EDGE('',*,*,#802,.F.);
#1182=ORIENTED_EDGE('',*,*,#805,.F.);
#1183=ORIENTED_EDGE('',*,*,#808,.F.);
#1184=ORIENTED_EDGE('',*,*,#811,.F.);
#1185=ORIENTED_EDGE('',*,*,#814,.F.);
#1186=ORIENTED_EDGE('',*,*,#817,.F.);
#1187=ORIENTED_EDGE('',*,*,#820,.F.);
#1188=ORIENTED_EDGE('',*,*,#823,.F.);
#1189=ORIENTED_EDGE('',*,*,#826,.F.);
#1190=ORIENTED_EDGE('',*,*,#829,.F.);
#1191=ORIENTED_EDGE('',*,*,#832,.F.);
#1192=ORIENTED_EDGE('',*,*,#835,.F.);
#1193=ORIENTED_EDGE('',*,*,#838,.F.);
#1194=ORIENTED_EDGE('',*,*,#841,.F.);
#1195=ORIENTED_EDGE('',*,*,#844,.F.);
#1196=ORIENTED_EDGE('',*,*,#847,.F.);
#1197=ORIENTED_EDGE('',*,*,#850,.F.);
#1198=ORIENTED_EDGE('',*,*,#853,.F.);
#1199=ORIENTED_EDGE('',*,*,#855,.F.);
#1200=ORIENTED_EDGE('',*,*,#858,.F.);
#1201=ORIENTED_EDGE('',*,*,#890,.T.);
#1202=ORIENTED_EDGE('',*,*,#891,.T.);
#1203=ORIENTED_EDGE('',*,*,#892,.T.);
#1204=ORIENTED_EDGE('',*,*,#893,.T.);
#1205=ORIENTED_EDGE('',*,*,#894,.T.);
#1206=ORIENTED_EDGE('',*,*,#895,.T.);
#1207=ORIENTED_EDGE('',*,*,#896,.T.);
#1208=ORIENTED_EDGE('',*,*,#897,.T.);
#1209=ORIENTED_EDGE('',*,*,#897,.F.);
#1210=ORIENTED_EDGE('',*,*,#898,.T.);
#1211=ORIENTED_EDGE('',*,*,#899,.T.);
#1212=ORIENTED_EDGE('',*,*,#900,.T.);
#1213=ORIENTED_EDGE('',*,*,#901,.T.);
#1214=ORIENTED_EDGE('',*,*,#902,.T.);
#1215=ORIENTED_EDGE('',*,*,#889,.T.);
#1216=ORIENTED_EDGE('',*,*,#899,.F.);
#1217=ORIENTED_EDGE('',*,*,#903,.T.);
#1218=ORIENTED_EDGE('',*,*,#887,.T.);
#1219=ORIENTED_EDGE('',*,*,#902,.F.);
#1220=ORIENTED_EDGE('',*,*,#904,.T.);
#1221=ORIENTED_EDGE('',*,*,#905,.T.);
#1222=ORIENTED_EDGE('',*,*,#885,.T.);
#1223=ORIENTED_EDGE('',*,*,#903,.F.);
#1224=ORIENTED_EDGE('',*,*,#906,.T.);
#1225=ORIENTED_EDGE('',*,*,#907,.T.);
#1226=ORIENTED_EDGE('',*,*,#883,.T.);
#1227=ORIENTED_EDGE('',*,*,#905,.F.);
#1228=ORIENTED_EDGE('',*,*,#908,.T.);
#1229=ORIENTED_EDGE('',*,*,#909,.T.);
#1230=ORIENTED_EDGE('',*,*,#881,.T.);
#1231=ORIENTED_EDGE('',*,*,#907,.F.);
#1232=ORIENTED_EDGE('',*,*,#910,.T.);
#1233=ORIENTED_EDGE('',*,*,#911,.T.);
#1234=ORIENTED_EDGE('',*,*,#879,.T.);
#1235=ORIENTED_EDGE('',*,*,#909,.F.);
#1236=ORIENTED_EDGE('',*,*,#912,.T.);
#1237=ORIENTED_EDGE('',*,*,#913,.T.);
#1238=ORIENTED_EDGE('',*,*,#877,.T.);
#1239=ORIENTED_EDGE('',*,*,#911,.F.);
#1240=ORIENTED_EDGE('',*,*,#914,.T.);
#1241=ORIENTED_EDGE('',*,*,#915,.T.);
#1242=ORIENTED_EDGE('',*,*,#875,.T.);
#1243=ORIENTED_EDGE('',*,*,#913,.F.);
#1244=ORIENTED_EDGE('',*,*,#916,.T.);
#1245=ORIENTED_EDGE('',*,*,#917,.T.);
#1246=ORIENTED_EDGE('',*,*,#873,.T.);
#1247=ORIENTED_EDGE('',*,*,#915,.F.);
#1248=ORIENTED_EDGE('',*,*,#918,.T.);
#1249=ORIENTED_EDGE('',*,*,#919,.T.);
#1250=ORIENTED_EDGE('',*,*,#871,.T.);
#1251=ORIENTED_EDGE('',*,*,#917,.F.);
#1252=ORIENTED_EDGE('',*,*,#920,.T.);
#1253=ORIENTED_EDGE('',*,*,#921,.T.);
#1254=ORIENTED_EDGE('',*,*,#869,.T.);
#1255=ORIENTED_EDGE('',*,*,#919,.F.);
#1256=ORIENTED_EDGE('',*,*,#922,.T.);
#1257=ORIENTED_EDGE('',*,*,#923,.T.);
#1258=ORIENTED_EDGE('',*,*,#867,.T.);
#1259=ORIENTED_EDGE('',*,*,#921,.F.);
#1260=ORIENTED_EDGE('',*,*,#924,.T.);
#1261=ORIENTED_EDGE('',*,*,#925,.T.);
#1262=ORIENTED_EDGE('',*,*,#865,.T.);
#1263=ORIENTED_EDGE('',*,*,#923,.F.);
#1264=ORIENTED_EDGE('',*,*,#926,.T.);
#1265=ORIENTED_EDGE('',*,*,#927,.T.);
#1266=ORIENTED_EDGE('',*,*,#863,.T.);
#1267=ORIENTED_EDGE('',*,*,#925,.F.);
#1268=ORIENTED_EDGE('',*,*,#928,.T.);
#1269=ORIENTED_EDGE('',*,*,#929,.T.);
#1270=ORIENTED_EDGE('',*,*,#860,.T.);
#1271=ORIENTED_EDGE('',*,*,#927,.F.);
#1272=ORIENTED_EDGE('',*,*,#930,.T.);
#1273=ORIENTED_EDGE('',*,*,#931,.T.);
#1274=ORIENTED_EDGE('',*,*,#932,.T.);
#1275=ORIENTED_EDGE('',*,*,#929,.F.);
#1276=ORIENTED_EDGE('',*,*,#933,.T.);
#1277=ORIENTED_EDGE('',*,*,#934,.T.);
#1278=ORIENTED_EDGE('',*,*,#935,.T.);
#1279=ORIENTED_EDGE('',*,*,#931,.F.);
#1280=ORIENTED_EDGE('',*,*,#936,.T.);
#1281=ORIENTED_EDGE('',*,*,#937,.T.);
#1282=ORIENTED_EDGE('',*,*,#938,.T.);
#1283=ORIENTED_EDGE('',*,*,#934,.F.);
#1284=ORIENTED_EDGE('',*,*,#939,.T.);
#1285=ORIENTED_EDGE('',*,*,#940,.T.);
#1286=ORIENTED_EDGE('',*,*,#941,.T.);
#1287=ORIENTED_EDGE('',*,*,#937,.F.);
#1288=ORIENTED_EDGE('',*,*,#942,.T.);
#1289=ORIENTED_EDGE('',*,*,#943,.T.);
#1290=ORIENTED_EDGE('',*,*,#944,.T.);
#1291=ORIENTED_EDGE('',*,*,#940,.F.);
#1292=ORIENTED_EDGE('',*,*,#945,.T.);
#1293=ORIENTED_EDGE('',*,*,#946,.T.);
#1294=ORIENTED_EDGE('',*,*,#947,.T.);
#1295=ORIENTED_EDGE('',*,*,#943,.F.);
#1296=ORIENTED_EDGE('',*,*,#948,.T.);
#1297=ORIENTED_EDGE('',*,*,#949,.T.);
#1298=ORIENTED_EDGE('',*,*,#950,.T.);
#1299=ORIENTED_EDGE('',*,*,#946,.F.);
#1300=ORIENTED_EDGE('',*,*,#951,.T.);
#1301=ORIENTED_EDGE('',*,*,#952,.T.);
#1302=ORIENTED_EDGE('',*,*,#953,.T.);
#1303=ORIENTED_EDGE('',*,*,#949,.F.);
#1304=ORIENTED_EDGE('',*,*,#954,.T.);
#1305=ORIENTED_EDGE('',*,*,#955,.T.);
#1306=ORIENTED_EDGE('',*,*,#956,.T.);
#1307=ORIENTED_EDGE('',*,*,#952,.F.);
#1308=ORIENTED_EDGE('',*,*,#957,.T.);
#1309=ORIENTED_EDGE('',*,*,#958,.T.);
#1310=ORIENTED_EDGE('',*,*,#959,.T.);
#1311=ORIENTED_EDGE('',*,*,#955,.F.);
#1312=ORIENTED_EDGE('',*,*,#960,.T.);
#1313=ORIENTED_EDGE('',*,*,#961,.T.);
#1314=ORIENTED_EDGE('',*,*,#962,.T.);
#1315=ORIENTED_EDGE('',*,*,#958,.F.);
#1316=ORIENTED_EDGE('',*,*,#963,.T.);
#1317=ORIENTED_EDGE('',*,*,#964,.T.);
#1318=ORIENTED_EDGE('',*,*,#965,.T.);
#1319=ORIENTED_EDGE('',*,*,#961,.F.);
#1320=ORIENTED_EDGE('',*,*,#966,.T.);
#1321=ORIENTED_EDGE('',*,*,#896,.F.);
#1322=ORIENTED_EDGE('',*,*,#967,.T.);
#1323=ORIENTED_EDGE('',*,*,#964,.F.);
#1324=ORIENTED_EDGE('',*,*,#968,.T.);
#1325=ORIENTED_EDGE('',*,*,#821,.F.);
#1326=ORIENTED_EDGE('',*,*,#861,.F.);
#1327=ORIENTED_EDGE('',*,*,#932,.F.);
#1328=ORIENTED_EDGE('',*,*,#969,.T.);
#1329=ORIENTED_EDGE('',*,*,#824,.F.);
#1330=ORIENTED_EDGE('',*,*,#969,.F.);
#1331=ORIENTED_EDGE('',*,*,#935,.F.);
#1332=ORIENTED_EDGE('',*,*,#970,.T.);
#1333=ORIENTED_EDGE('',*,*,#827,.F.);
#1334=ORIENTED_EDGE('',*,*,#970,.F.);
#1335=ORIENTED_EDGE('',*,*,#938,.F.);
#1336=ORIENTED_EDGE('',*,*,#971,.T.);
#1337=ORIENTED_EDGE('',*,*,#830,.F.);
#1338=ORIENTED_EDGE('',*,*,#971,.F.);
#1339=ORIENTED_EDGE('',*,*,#941,.F.);
#1340=ORIENTED_EDGE('',*,*,#972,.T.);
#1341=ORIENTED_EDGE('',*,*,#833,.F.);
#1342=ORIENTED_EDGE('',*,*,#972,.F.);
#1343=ORIENTED_EDGE('',*,*,#944,.F.);
#1344=ORIENTED_EDGE('',*,*,#973,.T.);
#1345=ORIENTED_EDGE('',*,*,#836,.F.);
#1346=ORIENTED_EDGE('',*,*,#973,.F.);
#1347=ORIENTED_EDGE('',*,*,#947,.F.);
#1348=ORIENTED_EDGE('',*,*,#974,.T.);
#1349=ORIENTED_EDGE('',*,*,#839,.F.);
#1350=ORIENTED_EDGE('',*,*,#974,.F.);
#1351=ORIENTED_EDGE('',*,*,#950,.F.);
#1352=ORIENTED_EDGE('',*,*,#975,.F.);
#1353=ORIENTED_EDGE('',*,*,#842,.F.);
#1354=ORIENTED_EDGE('',*,*,#975,.T.);
#1355=ORIENTED_EDGE('',*,*,#953,.F.);
#1356=ORIENTED_EDGE('',*,*,#976,.T.);
#1357=ORIENTED_EDGE('',*,*,#845,.F.);
#1358=ORIENTED_EDGE('',*,*,#976,.F.);
#1359=ORIENTED_EDGE('',*,*,#956,.F.);
#1360=ORIENTED_EDGE('',*,*,#977,.F.);
#1361=ORIENTED_EDGE('',*,*,#848,.F.);
#1362=ORIENTED_EDGE('',*,*,#977,.T.);
#1363=ORIENTED_EDGE('',*,*,#959,.F.);
#1364=ORIENTED_EDGE('',*,*,#978,.T.);
#1365=ORIENTED_EDGE('',*,*,#851,.F.);
#1366=ORIENTED_EDGE('',*,*,#978,.F.);
#1367=ORIENTED_EDGE('',*,*,#962,.F.);
#1368=ORIENTED_EDGE('',*,*,#979,.T.);
#1369=ORIENTED_EDGE('',*,*,#854,.F.);
#1370=ORIENTED_EDGE('',*,*,#979,.F.);
#1371=ORIENTED_EDGE('',*,*,#965,.F.);
#1372=ORIENTED_EDGE('',*,*,#980,.T.);
#1373=ORIENTED_EDGE('',*,*,#856,.F.);
#1374=ORIENTED_EDGE('',*,*,#980,.F.);
#1375=ORIENTED_EDGE('',*,*,#967,.F.);
#1376=ORIENTED_EDGE('',*,*,#981,.T.);
#1377=ORIENTED_EDGE('',*,*,#772,.F.);
#1378=ORIENTED_EDGE('',*,*,#981,.F.);
#1379=ORIENTED_EDGE('',*,*,#895,.F.);
#1380=ORIENTED_EDGE('',*,*,#982,.T.);
#1381=ORIENTED_EDGE('',*,*,#898,.F.);
#1382=ORIENTED_EDGE('',*,*,#968,.F.);
#1383=ORIENTED_EDGE('',*,*,#966,.F.);
#1384=ORIENTED_EDGE('',*,*,#963,.F.);
#1385=ORIENTED_EDGE('',*,*,#960,.F.);
#1386=ORIENTED_EDGE('',*,*,#957,.F.);
#1387=ORIENTED_EDGE('',*,*,#954,.F.);
#1388=ORIENTED_EDGE('',*,*,#951,.F.);
#1389=ORIENTED_EDGE('',*,*,#948,.F.);
#1390=ORIENTED_EDGE('',*,*,#945,.F.);
#1391=ORIENTED_EDGE('',*,*,#942,.F.);
#1392=ORIENTED_EDGE('',*,*,#939,.F.);
#1393=ORIENTED_EDGE('',*,*,#936,.F.);
#1394=ORIENTED_EDGE('',*,*,#933,.F.);
#1395=ORIENTED_EDGE('',*,*,#930,.F.);
#1396=ORIENTED_EDGE('',*,*,#928,.F.);
#1397=ORIENTED_EDGE('',*,*,#926,.F.);
#1398=ORIENTED_EDGE('',*,*,#924,.F.);
#1399=ORIENTED_EDGE('',*,*,#922,.F.);
#1400=ORIENTED_EDGE('',*,*,#920,.F.);
#1401=ORIENTED_EDGE('',*,*,#918,.F.);
#1402=ORIENTED_EDGE('',*,*,#916,.F.);
#1403=ORIENTED_EDGE('',*,*,#914,.F.);
#1404=ORIENTED_EDGE('',*,*,#912,.F.);
#1405=ORIENTED_EDGE('',*,*,#910,.F.);
#1406=ORIENTED_EDGE('',*,*,#908,.F.);
#1407=ORIENTED_EDGE('',*,*,#906,.F.);
#1408=ORIENTED_EDGE('',*,*,#904,.F.);
#1409=ORIENTED_EDGE('',*,*,#901,.F.);
#1410=ORIENTED_EDGE('',*,*,#983,.F.);
#1411=ORIENTED_EDGE('',*,*,#984,.F.);
#1412=ORIENTED_EDGE('',*,*,#985,.F.);
#1413=ORIENTED_EDGE('',*,*,#986,.F.);
#1414=ORIENTED_EDGE('',*,*,#987,.F.);
#1415=ORIENTED_EDGE('',*,*,#890,.F.);
#1416=ORIENTED_EDGE('',*,*,#988,.T.);
#1417=ORIENTED_EDGE('',*,*,#983,.T.);
#1418=ORIENTED_EDGE('',*,*,#988,.F.);
#1419=ORIENTED_EDGE('',*,*,#891,.F.);
#1420=ORIENTED_EDGE('',*,*,#989,.T.);
#1421=ORIENTED_EDGE('',*,*,#984,.T.);
#1422=ORIENTED_EDGE('',*,*,#989,.F.);
#1423=ORIENTED_EDGE('',*,*,#892,.F.);
#1424=ORIENTED_EDGE('',*,*,#990,.T.);
#1425=ORIENTED_EDGE('',*,*,#985,.T.);
#1426=ORIENTED_EDGE('',*,*,#990,.F.);
#1427=ORIENTED_EDGE('',*,*,#893,.F.);
#1428=ORIENTED_EDGE('',*,*,#991,.T.);
#1429=ORIENTED_EDGE('',*,*,#986,.T.);
#1430=ORIENTED_EDGE('',*,*,#991,.F.);
#1431=ORIENTED_EDGE('',*,*,#894,.F.);
#1432=ORIENTED_EDGE('',*,*,#992,.T.);
#1433=ORIENTED_EDGE('',*,*,#987,.T.);
#1434=ORIENTED_EDGE('',*,*,#992,.F.);
#1435=ORIENTED_EDGE('',*,*,#857,.F.);
#1436=ORIENTED_EDGE('',*,*,#982,.F.);
#1437=ORIENTED_EDGE('',*,*,#900,.F.);
#1438=ORIENTED_EDGE('',*,*,#888,.T.);
#1439=B_SPLINE_SURFACE_WITH_KNOTS('',3,3,((#2271,#2272,#2273,#2274,#2275),
(#2276,#2277,#2278,#2279,#2280),(#2281,#2282,#2283,#2284,#2285),(#2286,
#2287,#2288,#2289,#2290),(#2291,#2292,#2293,#2294,#2295)),.UNSPECIFIED.,
 .F.,.F.,.F.,(4,1,4),(4,1,4),(0.,0.5,1.),(0.,0.673198425769241,1.5707963267949),
 .UNSPECIFIED.);
#1440=B_SPLINE_SURFACE_WITH_KNOTS('',3,3,((#2633,#2634,#2635,#2636,#2637),
(#2638,#2639,#2640,#2641,#2642),(#2643,#2644,#2645,#2646,#2647),(#2648,
#2649,#2650,#2651,#2652),(#2653,#2654,#2655,#2656,#2657)),.UNSPECIFIED.,
 .F.,.F.,.F.,(4,1,4),(4,1,4),(0.,0.5,1.),(-1.5707963267949,-0.897597901025655,
0.),.UNSPECIFIED.);
#1441=ADVANCED_FACE('',(#312),#1439,.F.);
#1442=ADVANCED_FACE('',(#313),#298,.F.);
#1443=ADVANCED_FACE('',(#314),#246,.T.);
#1444=ADVANCED_FACE('',(#315),#42,.T.);
#1445=ADVANCED_FACE('',(#316),#247,.T.);
#1446=ADVANCED_FACE('',(#317),#43,.T.);
#1447=ADVANCED_FACE('',(#318),#248,.T.);
#1448=ADVANCED_FACE('',(#319),#299,.F.);
#1449=ADVANCED_FACE('',(#320),#249,.T.);
#1450=ADVANCED_FACE('',(#321),#44,.T.);
#1451=ADVANCED_FACE('',(#322),#250,.T.);
#1452=ADVANCED_FACE('',(#323),#45,.T.);
#1453=ADVANCED_FACE('',(#324),#251,.T.);
#1454=ADVANCED_FACE('',(#325),#300,.F.);
#1455=ADVANCED_FACE('',(#326),#252,.T.);
#1456=ADVANCED_FACE('',(#327),#301,.F.);
#1457=ADVANCED_FACE('',(#328),#253,.T.);
#1458=ADVANCED_FACE('',(#329),#302,.F.);
#1459=ADVANCED_FACE('',(#330),#254,.T.);
#1460=ADVANCED_FACE('',(#331),#46,.T.);
#1461=ADVANCED_FACE('',(#332),#255,.T.);
#1462=ADVANCED_FACE('',(#333),#303,.F.);
#1463=ADVANCED_FACE('',(#334),#256,.T.);
#1464=ADVANCED_FACE('',(#335),#47,.T.);
#1465=ADVANCED_FACE('',(#336),#257,.T.);
#1466=ADVANCED_FACE('',(#337),#48,.T.);
#1467=ADVANCED_FACE('',(#338),#258,.T.);
#1468=ADVANCED_FACE('',(#339),#304,.F.);
#1469=ADVANCED_FACE('',(#340),#259,.T.);
#1470=ADVANCED_FACE('',(#341),#260,.T.);
#1471=ADVANCED_FACE('',(#342),#261,.T.);
#1472=ADVANCED_FACE('',(#343),#25,.T.);
#1473=ADVANCED_FACE('',(#344),#262,.T.);
#1474=ADVANCED_FACE('',(#345),#26,.T.);
#1475=ADVANCED_FACE('',(#346),#263,.F.);
#1476=ADVANCED_FACE('',(#347),#27,.T.);
#1477=ADVANCED_FACE('',(#348),#264,.T.);
#1478=ADVANCED_FACE('',(#349),#28,.T.);
#1479=ADVANCED_FACE('',(#350),#265,.T.);
#1480=ADVANCED_FACE('',(#351),#29,.T.);
#1481=ADVANCED_FACE('',(#352),#266,.F.);
#1482=ADVANCED_FACE('',(#353),#30,.T.);
#1483=ADVANCED_FACE('',(#354),#267,.F.);
#1484=ADVANCED_FACE('',(#355),#31,.T.);
#1485=ADVANCED_FACE('',(#356),#268,.T.);
#1486=ADVANCED_FACE('',(#357,#15,#16,#17,#18,#19),#32,.T.);
#1487=ADVANCED_FACE('',(#358),#1440,.F.);
#1488=ADVANCED_FACE('',(#359),#269,.T.);
#1489=ADVANCED_FACE('',(#360),#305,.F.);
#1490=ADVANCED_FACE('',(#361),#270,.T.);
#1491=ADVANCED_FACE('',(#362),#49,.T.);
#1492=ADVANCED_FACE('',(#363),#271,.T.);
#1493=ADVANCED_FACE('',(#364),#50,.T.);
#1494=ADVANCED_FACE('',(#365),#272,.T.);
#1495=ADVANCED_FACE('',(#366),#306,.F.);
#1496=ADVANCED_FACE('',(#367),#273,.T.);
#1497=ADVANCED_FACE('',(#368),#51,.T.);
#1498=ADVANCED_FACE('',(#369),#274,.T.);
#1499=ADVANCED_FACE('',(#370),#52,.T.);
#1500=ADVANCED_FACE('',(#371),#275,.T.);
#1501=ADVANCED_FACE('',(#372),#307,.F.);
#1502=ADVANCED_FACE('',(#373),#276,.T.);
#1503=ADVANCED_FACE('',(#374),#308,.F.);
#1504=ADVANCED_FACE('',(#375),#277,.T.);
#1505=ADVANCED_FACE('',(#376),#309,.F.);
#1506=ADVANCED_FACE('',(#377),#278,.T.);
#1507=ADVANCED_FACE('',(#378),#53,.T.);
#1508=ADVANCED_FACE('',(#379),#279,.T.);
#1509=ADVANCED_FACE('',(#380),#310,.F.);
#1510=ADVANCED_FACE('',(#381),#280,.T.);
#1511=ADVANCED_FACE('',(#382),#54,.T.);
#1512=ADVANCED_FACE('',(#383),#281,.T.);
#1513=ADVANCED_FACE('',(#384),#55,.T.);
#1514=ADVANCED_FACE('',(#385),#282,.T.);
#1515=ADVANCED_FACE('',(#386),#311,.F.);
#1516=ADVANCED_FACE('',(#387),#283,.T.);
#1517=ADVANCED_FACE('',(#388),#33,.T.);
#1518=ADVANCED_FACE('',(#389),#284,.T.);
#1519=ADVANCED_FACE('',(#390),#34,.T.);
#1520=ADVANCED_FACE('',(#391),#285,.F.);
#1521=ADVANCED_FACE('',(#392),#35,.T.);
#1522=ADVANCED_FACE('',(#393),#286,.T.);
#1523=ADVANCED_FACE('',(#394),#36,.T.);
#1524=ADVANCED_FACE('',(#395),#287,.F.);
#1525=ADVANCED_FACE('',(#396),#37,.T.);
#1526=ADVANCED_FACE('',(#397),#288,.F.);
#1527=ADVANCED_FACE('',(#398),#38,.T.);
#1528=ADVANCED_FACE('',(#399),#289,.T.);
#1529=ADVANCED_FACE('',(#400),#39,.T.);
#1530=ADVANCED_FACE('',(#401),#290,.T.);
#1531=ADVANCED_FACE('',(#402,#20,#21,#22,#23,#24),#40,.F.);
#1532=ADVANCED_FACE('',(#403),#291,.F.);
#1533=ADVANCED_FACE('',(#404),#292,.F.);
#1534=ADVANCED_FACE('',(#405),#293,.F.);
#1535=ADVANCED_FACE('',(#406),#294,.F.);
#1536=ADVANCED_FACE('',(#407),#295,.F.);
#1537=ADVANCED_FACE('',(#408),#41,.T.);
#1538=CLOSED_SHELL('',(#1441,#1442,#1443,#1444,#1445,#1446,#1447,#1448,
#1449,#1450,#1451,#1452,#1453,#1454,#1455,#1456,#1457,#1458,#1459,#1460,
#1461,#1462,#1463,#1464,#1465,#1466,#1467,#1468,#1469,#1470,#1471,#1472,
#1473,#1474,#1475,#1476,#1477,#1478,#1479,#1480,#1481,#1482,#1483,#1484,
#1485,#1486,#1487,#1488,#1489,#1490,#1491,#1492,#1493,#1494,#1495,#1496,
#1497,#1498,#1499,#1500,#1501,#1502,#1503,#1504,#1505,#1506,#1507,#1508,
#1509,#1510,#1511,#1512,#1513,#1514,#1515,#1516,#1517,#1518,#1519,#1520,
#1521,#1522,#1523,#1524,#1525,#1526,#1527,#1528,#1529,#1530,#1531,#1532,
#1533,#1534,#1535,#1536,#1537));
#1539=DERIVED_UNIT_ELEMENT(#1541,1.);
#1540=DERIVED_UNIT_ELEMENT(#2946,-3.);
#1541=(
MASS_UNIT()
NAMED_UNIT(*)
SI_UNIT(.KILO.,.GRAM.)
);
#1542=DERIVED_UNIT((#1539,#1540));
#1543=MEASURE_REPRESENTATION_ITEM('density measure',
POSITIVE_RATIO_MEASURE(7850.),#1542);
#1544=PROPERTY_DEFINITION_REPRESENTATION(#1549,#1546);
#1545=PROPERTY_DEFINITION_REPRESENTATION(#1550,#1547);
#1546=REPRESENTATION('material name',(#1548),#2943);
#1547=REPRESENTATION('density',(#1543),#2943);
#1548=DESCRIPTIVE_REPRESENTATION_ITEM('Steel','Steel');
#1549=PROPERTY_DEFINITION('material property','material name',#2953);
#1550=PROPERTY_DEFINITION('material property','density of part',#2953);
#1551=AXIS2_PLACEMENT_3D('',#2270,#1759,#1760);
#1552=AXIS2_PLACEMENT_3D('',#2298,#1761,#1762);
#1553=AXIS2_PLACEMENT_3D('',#2300,#1763,#1764);
#1554=AXIS2_PLACEMENT_3D('',#2301,#1765,#1766);
#1555=AXIS2_PLACEMENT_3D('',#2319,#1767,#1768);
#1556=AXIS2_PLACEMENT_3D('',#2321,#1769,#1770);
#1557=AXIS2_PLACEMENT_3D('',#2323,#1771,#1772);
#1558=AXIS2_PLACEMENT_3D('',#2338,#1773,#1774);
#1559=AXIS2_PLACEMENT_3D('',#2341,#1775,#1776);
#1560=AXIS2_PLACEMENT_3D('',#2344,#1779,#1780);
#1561=AXIS2_PLACEMENT_3D('',#2347,#1781,#1782);
#1562=AXIS2_PLACEMENT_3D('',#2348,#1783,#1784);
#1563=AXIS2_PLACEMENT_3D('',#2349,#1785,#1786);
#1564=AXIS2_PLACEMENT_3D('',#2350,#1787,#1788);
#1565=AXIS2_PLACEMENT_3D('',#2353,#1789,#1790);
#1566=AXIS2_PLACEMENT_3D('',#2356,#1793,#1794);
#1567=AXIS2_PLACEMENT_3D('',#2359,#1795,#1796);
#1568=AXIS2_PLACEMENT_3D('',#2360,#1797,#1798);
#1569=AXIS2_PLACEMENT_3D('',#2361,#1799,#1800);
#1570=AXIS2_PLACEMENT_3D('',#2362,#1801,#1802);
#1571=AXIS2_PLACEMENT_3D('',#2365,#1803,#1804);
#1572=AXIS2_PLACEMENT_3D('',#2379,#1807,#1808);
#1573=AXIS2_PLACEMENT_3D('',#2380,#1809,#1810);
#1574=AXIS2_PLACEMENT_3D('',#2381,#1811,#1812);
#1575=AXIS2_PLACEMENT_3D('',#2382,#1813,#1814);
#1576=AXIS2_PLACEMENT_3D('',#2385,#1815,#1816);
#1577=AXIS2_PLACEMENT_3D('',#2388,#1819,#1820);
#1578=AXIS2_PLACEMENT_3D('',#2391,#1821,#1822);
#1579=AXIS2_PLACEMENT_3D('',#2392,#1823,#1824);
#1580=AXIS2_PLACEMENT_3D('',#2393,#1825,#1826);
#1581=AXIS2_PLACEMENT_3D('',#2394,#1827,#1828);
#1582=AXIS2_PLACEMENT_3D('',#2397,#1829,#1830);
#1583=AXIS2_PLACEMENT_3D('',#2400,#1833,#1834);
#1584=AXIS2_PLACEMENT_3D('',#2403,#1835,#1836);
#1585=AXIS2_PLACEMENT_3D('',#2404,#1837,#1838);
#1586=AXIS2_PLACEMENT_3D('',#2405,#1839,#1840);
#1587=AXIS2_PLACEMENT_3D('',#2406,#1841,#1842);
#1588=AXIS2_PLACEMENT_3D('',#2409,#1843,#1844);
#1589=AXIS2_PLACEMENT_3D('',#2423,#1847,#1848);
#1590=AXIS2_PLACEMENT_3D('',#2424,#1849,#1850);
#1591=AXIS2_PLACEMENT_3D('',#2425,#1851,#1852);
#1592=AXIS2_PLACEMENT_3D('',#2426,#1853,#1854);
#1593=AXIS2_PLACEMENT_3D('',#2429,#1855,#1856);
#1594=AXIS2_PLACEMENT_3D('',#2443,#1859,#1860);
#1595=AXIS2_PLACEMENT_3D('',#2444,#1861,#1862);
#1596=AXIS2_PLACEMENT_3D('',#2445,#1863,#1864);
#1597=AXIS2_PLACEMENT_3D('',#2446,#1865,#1866);
#1598=AXIS2_PLACEMENT_3D('',#2449,#1867,#1868);
#1599=AXIS2_PLACEMENT_3D('',#2463,#1871,#1872);
#1600=AXIS2_PLACEMENT_3D('',#2464,#1873,#1874);
#1601=AXIS2_PLACEMENT_3D('',#2465,#1875,#1876);
#1602=AXIS2_PLACEMENT_3D('',#2466,#1877,#1878);
#1603=AXIS2_PLACEMENT_3D('',#2469,#1879,#1880);
#1604=AXIS2_PLACEMENT_3D('',#2472,#1883,#1884);
#1605=AXIS2_PLACEMENT_3D('',#2475,#1885,#1886);
#1606=AXIS2_PLACEMENT_3D('',#2476,#1887,#1888);
#1607=AXIS2_PLACEMENT_3D('',#2477,#1889,#1890);
#1608=AXIS2_PLACEMENT_3D('',#2478,#1891,#1892);
#1609=AXIS2_PLACEMENT_3D('',#2481,#1893,#1894);
#1610=AXIS2_PLACEMENT_3D('',#2501,#1897,#1898);
#1611=AXIS2_PLACEMENT_3D('',#2502,#1899,#1900);
#1612=AXIS2_PLACEMENT_3D('',#2503,#1901,#1902);
#1613=AXIS2_PLACEMENT_3D('',#2504,#1903,#1904);
#1614=AXIS2_PLACEMENT_3D('',#2507,#1905,#1906);
#1615=AXIS2_PLACEMENT_3D('',#2510,#1909,#1910);
#1616=AXIS2_PLACEMENT_3D('',#2513,#1911,#1912);
#1617=AXIS2_PLACEMENT_3D('',#2514,#1913,#1914);
#1618=AXIS2_PLACEMENT_3D('',#2515,#1915,#1916);
#1619=AXIS2_PLACEMENT_3D('',#2516,#1917,#1918);
#1620=AXIS2_PLACEMENT_3D('',#2519,#1919,#1920);
#1621=AXIS2_PLACEMENT_3D('',#2522,#1923,#1924);
#1622=AXIS2_PLACEMENT_3D('',#2525,#1925,#1926);
#1623=AXIS2_PLACEMENT_3D('',#2526,#1927,#1928);
#1624=AXIS2_PLACEMENT_3D('',#2527,#1929,#1930);
#1625=AXIS2_PLACEMENT_3D('',#2528,#1931,#1932);
#1626=AXIS2_PLACEMENT_3D('',#2531,#1933,#1934);
#1627=AXIS2_PLACEMENT_3D('',#2551,#1937,#1938);
#1628=AXIS2_PLACEMENT_3D('',#2552,#1939,#1940);
#1629=AXIS2_PLACEMENT_3D('',#2553,#1941,#1942);
#1630=AXIS2_PLACEMENT_3D('',#2554,#1943,#1944);
#1631=AXIS2_PLACEMENT_3D('',#2557,#1947,#1948);
#1632=AXIS2_PLACEMENT_3D('',#2560,#1951,#1952);
#1633=AXIS2_PLACEMENT_3D('',#2564,#1954,#1955);
#1634=AXIS2_PLACEMENT_3D('',#2566,#1957,#1958);
#1635=AXIS2_PLACEMENT_3D('',#2570,#1961,#1962);
#1636=AXIS2_PLACEMENT_3D('',#2573,#1964,#1965);
#1637=AXIS2_PLACEMENT_3D('',#2574,#1966,#1967);
#1638=AXIS2_PLACEMENT_3D('',#2578,#1970,#1971);
#1639=AXIS2_PLACEMENT_3D('',#2581,#1973,#1974);
#1640=AXIS2_PLACEMENT_3D('',#2582,#1975,#1976);
#1641=AXIS2_PLACEMENT_3D('',#2586,#1979,#1980);
#1642=AXIS2_PLACEMENT_3D('',#2589,#1982,#1983);
#1643=AXIS2_PLACEMENT_3D('',#2590,#1984,#1985);
#1644=AXIS2_PLACEMENT_3D('',#2594,#1988,#1989);
#1645=AXIS2_PLACEMENT_3D('',#2597,#1991,#1992);
#1646=AXIS2_PLACEMENT_3D('',#2598,#1993,#1994);
#1647=AXIS2_PLACEMENT_3D('',#2602,#1997,#1998);
#1648=AXIS2_PLACEMENT_3D('',#2605,#2000,#2001);
#1649=AXIS2_PLACEMENT_3D('',#2606,#2002,#2003);
#1650=AXIS2_PLACEMENT_3D('',#2610,#2006,#2007);
#1651=AXIS2_PLACEMENT_3D('',#2613,#2009,#2010);
#1652=AXIS2_PLACEMENT_3D('',#2614,#2011,#2012);
#1653=AXIS2_PLACEMENT_3D('',#2618,#2015,#2016);
#1654=AXIS2_PLACEMENT_3D('',#2621,#2018,#2019);
#1655=AXIS2_PLACEMENT_3D('',#2622,#2020,#2021);
#1656=AXIS2_PLACEMENT_3D('',#2624,#2022,#2023);
#1657=AXIS2_PLACEMENT_3D('',#2626,#2024,#2025);
#1658=AXIS2_PLACEMENT_3D('',#2628,#2026,#2027);
#1659=AXIS2_PLACEMENT_3D('',#2630,#2028,#2029);
#1660=AXIS2_PLACEMENT_3D('',#2632,#2030,#2031);
#1661=AXIS2_PLACEMENT_3D('',#2660,#2032,#2033);
#1662=AXIS2_PLACEMENT_3D('',#2662,#2034,#2035);
#1663=AXIS2_PLACEMENT_3D('',#2663,#2036,#2037);
#1664=AXIS2_PLACEMENT_3D('',#2664,#2038,#2039);
#1665=AXIS2_PLACEMENT_3D('',#2698,#2042,#2043);
#1666=AXIS2_PLACEMENT_3D('',#2699,#2044,#2045);
#1667=AXIS2_PLACEMENT_3D('',#2700,#2046,#2047);
#1668=AXIS2_PLACEMENT_3D('',#2702,#2048,#2049);
#1669=AXIS2_PLACEMENT_3D('',#2704,#2051,#2052);
#1670=AXIS2_PLACEMENT_3D('',#2706,#2053,#2054);
#1671=AXIS2_PLACEMENT_3D('',#2707,#2055,#2056);
#1672=AXIS2_PLACEMENT_3D('',#2708,#2057,#2058);
#1673=AXIS2_PLACEMENT_3D('',#2710,#2059,#2060);
#1674=AXIS2_PLACEMENT_3D('',#2712,#2062,#2063);
#1675=AXIS2_PLACEMENT_3D('',#2714,#2064,#2065);
#1676=AXIS2_PLACEMENT_3D('',#2715,#2066,#2067);
#1677=AXIS2_PLACEMENT_3D('',#2716,#2068,#2069);
#1678=AXIS2_PLACEMENT_3D('',#2718,#2070,#2071);
#1679=AXIS2_PLACEMENT_3D('',#2730,#2073,#2074);
#1680=AXIS2_PLACEMENT_3D('',#2731,#2075,#2076);
#1681=AXIS2_PLACEMENT_3D('',#2732,#2077,#2078);
#1682=AXIS2_PLACEMENT_3D('',#2734,#2079,#2080);
#1683=AXIS2_PLACEMENT_3D('',#2736,#2082,#2083);
#1684=AXIS2_PLACEMENT_3D('',#2738,#2084,#2085);
#1685=AXIS2_PLACEMENT_3D('',#2739,#2086,#2087);
#1686=AXIS2_PLACEMENT_3D('',#2740,#2088,#2089);
#1687=AXIS2_PLACEMENT_3D('',#2742,#2090,#2091);
#1688=AXIS2_PLACEMENT_3D('',#2744,#2093,#2094);
#1689=AXIS2_PLACEMENT_3D('',#2746,#2095,#2096);
#1690=AXIS2_PLACEMENT_3D('',#2747,#2097,#2098);
#1691=AXIS2_PLACEMENT_3D('',#2748,#2099,#2100);
#1692=AXIS2_PLACEMENT_3D('',#2750,#2101,#2102);
#1693=AXIS2_PLACEMENT_3D('',#2762,#2104,#2105);
#1694=AXIS2_PLACEMENT_3D('',#2763,#2106,#2107);
#1695=AXIS2_PLACEMENT_3D('',#2764,#2108,#2109);
#1696=AXIS2_PLACEMENT_3D('',#2766,#2110,#2111);
#1697=AXIS2_PLACEMENT_3D('',#2778,#2113,#2114);
#1698=AXIS2_PLACEMENT_3D('',#2779,#2115,#2116);
#1699=AXIS2_PLACEMENT_3D('',#2780,#2117,#2118);
#1700=AXIS2_PLACEMENT_3D('',#2783,#2119,#2120);
#1701=AXIS2_PLACEMENT_3D('',#2797,#2123,#2124);
#1702=AXIS2_PLACEMENT_3D('',#2798,#2125,#2126);
#1703=AXIS2_PLACEMENT_3D('',#2799,#2127,#2128);
#1704=AXIS2_PLACEMENT_3D('',#2800,#2129,#2130);
#1705=AXIS2_PLACEMENT_3D('',#2803,#2131,#2132);
#1706=AXIS2_PLACEMENT_3D('',#2806,#2135,#2136);
#1707=AXIS2_PLACEMENT_3D('',#2809,#2137,#2138);
#1708=AXIS2_PLACEMENT_3D('',#2810,#2139,#2140);
#1709=AXIS2_PLACEMENT_3D('',#2811,#2141,#2142);
#1710=AXIS2_PLACEMENT_3D('',#2812,#2143,#2144);
#1711=AXIS2_PLACEMENT_3D('',#2815,#2145,#2146);
#1712=AXIS2_PLACEMENT_3D('',#2835,#2149,#2150);
#1713=AXIS2_PLACEMENT_3D('',#2836,#2151,#2152);
#1714=AXIS2_PLACEMENT_3D('',#2837,#2153,#2154);
#1715=AXIS2_PLACEMENT_3D('',#2838,#2155,#2156);
#1716=AXIS2_PLACEMENT_3D('',#2841,#2157,#2158);
#1717=AXIS2_PLACEMENT_3D('',#2844,#2161,#2162);
#1718=AXIS2_PLACEMENT_3D('',#2847,#2163,#2164);
#1719=AXIS2_PLACEMENT_3D('',#2848,#2165,#2166);
#1720=AXIS2_PLACEMENT_3D('',#2849,#2167,#2168);
#1721=AXIS2_PLACEMENT_3D('',#2850,#2169,#2170);
#1722=AXIS2_PLACEMENT_3D('',#2853,#2171,#2172);
#1723=AXIS2_PLACEMENT_3D('',#2856,#2175,#2176);
#1724=AXIS2_PLACEMENT_3D('',#2859,#2177,#2178);
#1725=AXIS2_PLACEMENT_3D('',#2860,#2179,#2180);
#1726=AXIS2_PLACEMENT_3D('',#2861,#2181,#2182);
#1727=AXIS2_PLACEMENT_3D('',#2862,#2183,#2184);
#1728=AXIS2_PLACEMENT_3D('',#2865,#2185,#2186);
#1729=AXIS2_PLACEMENT_3D('',#2885,#2189,#2190);
#1730=AXIS2_PLACEMENT_3D('',#2886,#2191,#2192);
#1731=AXIS2_PLACEMENT_3D('',#2887,#2193,#2194);
#1732=AXIS2_PLACEMENT_3D('',#2888,#2195,#2196);
#1733=AXIS2_PLACEMENT_3D('',#2891,#2199,#2200);
#1734=AXIS2_PLACEMENT_3D('',#2893,#2202,#2203);
#1735=AXIS2_PLACEMENT_3D('',#2895,#2205,#2206);
#1736=AXIS2_PLACEMENT_3D('',#2897,#2208,#2209);
#1737=AXIS2_PLACEMENT_3D('',#2899,#2211,#2212);
#1738=AXIS2_PLACEMENT_3D('',#2901,#2214,#2215);
#1739=AXIS2_PLACEMENT_3D('',#2903,#2217,#2218);
#1740=AXIS2_PLACEMENT_3D('',#2905,#2220,#2221);
#1741=AXIS2_PLACEMENT_3D('',#2907,#2223,#2224);
#1742=AXIS2_PLACEMENT_3D('',#2909,#2226,#2227);
#1743=AXIS2_PLACEMENT_3D('',#2911,#2229,#2230);
#1744=AXIS2_PLACEMENT_3D('',#2913,#2232,#2233);
#1745=AXIS2_PLACEMENT_3D('',#2915,#2235,#2236);
#1746=AXIS2_PLACEMENT_3D('',#2917,#2238,#2239);
#1747=AXIS2_PLACEMENT_3D('',#2919,#2241,#2242);
#1748=AXIS2_PLACEMENT_3D('',#2921,#2243,#2244);
#1749=AXIS2_PLACEMENT_3D('',#2923,#2245,#2246);
#1750=AXIS2_PLACEMENT_3D('',#2925,#2247,#2248);
#1751=AXIS2_PLACEMENT_3D('',#2927,#2249,#2250);
#1752=AXIS2_PLACEMENT_3D('',#2929,#2251,#2252);
#1753=AXIS2_PLACEMENT_3D('',#2930,#2253,#2254);
#1754=AXIS2_PLACEMENT_3D('',#2932,#2256,#2257);
#1755=AXIS2_PLACEMENT_3D('',#2934,#2259,#2260);
#1756=AXIS2_PLACEMENT_3D('',#2936,#2262,#2263);
#1757=AXIS2_PLACEMENT_3D('',#2938,#2265,#2266);
#1758=AXIS2_PLACEMENT_3D('',#2940,#2268,#2269);
#1759=DIRECTION('axis',(0.,0.,1.));
#1760=DIRECTION('refdir',(1.,0.,0.));
#1761=DIRECTION('center_axis',(0.573462344363341,0.819231920519032,0.));
#1762=DIRECTION('ref_axis',(-0.819231920519032,0.573462344363341,0.));
#1763=DIRECTION('center_axis',(-0.819231920519032,-0.573462344363341,0.));
#1764=DIRECTION('ref_axis',(-0.573462344363341,0.819231920519032,0.));
#1765=DIRECTION('center_axis',(0.,0.,1.));
#1766=DIRECTION('ref_axis',(0.,1.,0.));
#1767=DIRECTION('center_axis',(0.,0.,1.));
#1768=DIRECTION('ref_axis',(-0.790569664786589,0.612372113276903,0.));
#1769=DIRECTION('center_axis',(1.77635683940026E-14,1.,0.));
#1770=DIRECTION('ref_axis',(-1.,1.77635683940026E-14,0.));
#1771=DIRECTION('center_axis',(0.,0.,-1.));
#1772=DIRECTION('ref_axis',(-0.790569664786589,0.612372113276903,0.));
#1773=DIRECTION('center_axis',(0.,-1.,0.));
#1774=DIRECTION('ref_axis',(-0.70710678118654,0.,0.707106781186555));
#1775=DIRECTION('center_axis',(0.,1.,0.));
#1776=DIRECTION('ref_axis',(-1.,0.,0.));
#1777=DIRECTION('',(0.,1.,0.));
#1778=DIRECTION('',(0.,-1.,0.));
#1779=DIRECTION('center_axis',(0.,0.,-1.));
#1780=DIRECTION('ref_axis',(-1.,0.,0.));
#1781=DIRECTION('center_axis',(1.,0.,0.));
#1782=DIRECTION('ref_axis',(0.,1.,0.));
#1783=DIRECTION('center_axis',(0.,0.,1.));
#1784=DIRECTION('ref_axis',(0.707106781186547,-0.707106781186547,0.));
#1785=DIRECTION('center_axis',(0.,0.,-1.));
#1786=DIRECTION('ref_axis',(0.707106781186548,-0.707106781186548,0.));
#1787=DIRECTION('center_axis',(-1.,0.,0.));
#1788=DIRECTION('ref_axis',(0.,0.70710678118654,0.707106781186555));
#1789=DIRECTION('center_axis',(1.,0.,0.));
#1790=DIRECTION('ref_axis',(0.,1.,0.));
#1791=DIRECTION('',(1.,0.,0.));
#1792=DIRECTION('',(-1.,0.,0.));
#1793=DIRECTION('center_axis',(0.,0.,-1.));
#1794=DIRECTION('ref_axis',(-1.,0.,0.));
#1795=DIRECTION('center_axis',(0.,-1.,0.));
#1796=DIRECTION('ref_axis',(1.,0.,0.));
#1797=DIRECTION('center_axis',(0.,0.,1.));
#1798=DIRECTION('ref_axis',(-0.707106781186547,-0.707106781186547,0.));
#1799=DIRECTION('center_axis',(0.,0.,-1.));
#1800=DIRECTION('ref_axis',(-0.707106781186548,-0.707106781186548,0.));
#1801=DIRECTION('center_axis',(0.,1.,0.));
#1802=DIRECTION('ref_axis',(0.70710678118654,0.,0.707106781186555));
#1803=DIRECTION('center_axis',(0.,-1.,0.));
#1804=DIRECTION('ref_axis',(1.,0.,0.));
#1805=DIRECTION('',(0.,-1.,0.));
#1806=DIRECTION('',(0.,1.,0.));
#1807=DIRECTION('center_axis',(1.,0.,0.));
#1808=DIRECTION('ref_axis',(0.,1.,0.));
#1809=DIRECTION('center_axis',(0.,0.,-1.));
#1810=DIRECTION('ref_axis',(0.707106781186548,0.707106781186548,0.));
#1811=DIRECTION('center_axis',(0.,0.,1.));
#1812=DIRECTION('ref_axis',(0.707106781186548,0.707106781186548,0.));
#1813=DIRECTION('center_axis',(-1.,0.,0.));
#1814=DIRECTION('ref_axis',(0.,0.70710678118654,0.707106781186555));
#1815=DIRECTION('center_axis',(1.,0.,0.));
#1816=DIRECTION('ref_axis',(0.,1.,0.));
#1817=DIRECTION('',(1.,0.,0.));
#1818=DIRECTION('',(-1.,0.,0.));
#1819=DIRECTION('center_axis',(0.,0.,1.));
#1820=DIRECTION('ref_axis',(1.,0.,0.));
#1821=DIRECTION('center_axis',(0.,1.,0.));
#1822=DIRECTION('ref_axis',(-1.,0.,0.));
#1823=DIRECTION('center_axis',(0.,0.,-1.));
#1824=DIRECTION('ref_axis',(-0.707106781186546,0.707106781186549,0.));
#1825=DIRECTION('center_axis',(0.,0.,1.));
#1826=DIRECTION('ref_axis',(-0.707106781186546,0.707106781186549,0.));
#1827=DIRECTION('center_axis',(0.,-1.,0.));
#1828=DIRECTION('ref_axis',(-0.707106781186552,0.,0.707106781186543));
#1829=DIRECTION('center_axis',(0.,1.,0.));
#1830=DIRECTION('ref_axis',(-1.,0.,0.));
#1831=DIRECTION('',(0.,1.,0.));
#1832=DIRECTION('',(0.,-1.,0.));
#1833=DIRECTION('center_axis',(0.,0.,-1.));
#1834=DIRECTION('ref_axis',(-1.,0.,0.));
#1835=DIRECTION('center_axis',(1.,0.,0.));
#1836=DIRECTION('ref_axis',(0.,1.,0.));
#1837=DIRECTION('center_axis',(0.,0.,1.));
#1838=DIRECTION('ref_axis',(0.70710678118655,-0.707106781186545,0.));
#1839=DIRECTION('center_axis',(0.,0.,-1.));
#1840=DIRECTION('ref_axis',(0.70710678118655,-0.707106781186545,0.));
#1841=DIRECTION('center_axis',(-1.,0.,0.));
#1842=DIRECTION('ref_axis',(0.,0.707106781186546,0.707106781186549));
#1843=DIRECTION('center_axis',(1.,0.,0.));
#1844=DIRECTION('ref_axis',(0.,1.,0.));
#1845=DIRECTION('',(1.,0.,0.));
#1846=DIRECTION('',(-1.,0.,0.));
#1847=DIRECTION('center_axis',(-8.88178419700144E-15,1.,0.));
#1848=DIRECTION('ref_axis',(-1.,-8.88178419700144E-15,0.));
#1849=DIRECTION('center_axis',(0.,0.,-1.));
#1850=DIRECTION('ref_axis',(-0.70710678118655,0.707106781186545,0.));
#1851=DIRECTION('center_axis',(0.,0.,1.));
#1852=DIRECTION('ref_axis',(-0.70710678118655,0.707106781186545,0.));
#1853=DIRECTION('center_axis',(0.,-1.,0.));
#1854=DIRECTION('ref_axis',(-0.707106781186552,0.,0.707106781186543));
#1855=DIRECTION('center_axis',(0.,1.,0.));
#1856=DIRECTION('ref_axis',(-1.,0.,0.));
#1857=DIRECTION('',(0.,1.,0.));
#1858=DIRECTION('',(0.,-1.,0.));
#1859=DIRECTION('center_axis',(-1.,0.,0.));
#1860=DIRECTION('ref_axis',(0.,-1.,0.));
#1861=DIRECTION('center_axis',(0.,0.,-1.));
#1862=DIRECTION('ref_axis',(-0.707106781186548,-0.707106781186548,0.));
#1863=DIRECTION('center_axis',(0.,0.,1.));
#1864=DIRECTION('ref_axis',(-0.707106781186548,-0.707106781186548,0.));
#1865=DIRECTION('center_axis',(1.,0.,0.));
#1866=DIRECTION('ref_axis',(0.,-0.707106781186546,0.707106781186549));
#1867=DIRECTION('center_axis',(-1.,0.,0.));
#1868=DIRECTION('ref_axis',(0.,-1.,0.));
#1869=DIRECTION('',(-1.,0.,0.));
#1870=DIRECTION('',(1.,0.,0.));
#1871=DIRECTION('center_axis',(0.,-1.,0.));
#1872=DIRECTION('ref_axis',(1.,0.,0.));
#1873=DIRECTION('center_axis',(0.,0.,-1.));
#1874=DIRECTION('ref_axis',(0.707106781186548,-0.707106781186548,0.));
#1875=DIRECTION('center_axis',(0.,0.,1.));
#1876=DIRECTION('ref_axis',(0.707106781186548,-0.707106781186548,0.));
#1877=DIRECTION('center_axis',(0.,1.,0.));
#1878=DIRECTION('ref_axis',(0.707106781186552,0.,0.707106781186543));
#1879=DIRECTION('center_axis',(0.,-1.,0.));
#1880=DIRECTION('ref_axis',(1.,0.,0.));
#1881=DIRECTION('',(0.,-1.,0.));
#1882=DIRECTION('',(0.,1.,0.));
#1883=DIRECTION('center_axis',(0.,0.,-1.));
#1884=DIRECTION('ref_axis',(-1.,0.,0.));
#1885=DIRECTION('center_axis',(-1.,0.,0.));
#1886=DIRECTION('ref_axis',(0.,-1.,0.));
#1887=DIRECTION('center_axis',(0.,0.,1.));
#1888=DIRECTION('ref_axis',(-0.70710678118655,0.707106781186545,0.));
#1889=DIRECTION('center_axis',(0.,0.,-1.));
#1890=DIRECTION('ref_axis',(-0.70710678118655,0.707106781186545,0.));
#1891=DIRECTION('center_axis',(1.,0.,0.));
#1892=DIRECTION('ref_axis',(0.,-0.707106781186546,0.707106781186549));
#1893=DIRECTION('center_axis',(-1.,0.,0.));
#1894=DIRECTION('ref_axis',(0.,-1.,0.));
#1895=DIRECTION('',(-1.,0.,0.));
#1896=DIRECTION('',(1.,0.,0.));
#1897=DIRECTION('center_axis',(0.866025403784438,-0.500000000000001,0.));
#1898=DIRECTION('ref_axis',(0.500000000000001,0.866025403784438,0.));
#1899=DIRECTION('center_axis',(0.,0.,-1.));
#1900=DIRECTION('ref_axis',(0.965925826289068,-0.258819045102521,0.));
#1901=DIRECTION('center_axis',(0.,0.,1.));
#1902=DIRECTION('ref_axis',(0.965925826289068,-0.258819045102521,0.));
#1903=DIRECTION('center_axis',(-0.866025403784439,0.5,0.));
#1904=DIRECTION('ref_axis',(0.353553390593279,0.612372435695791,0.707106781186548));
#1905=DIRECTION('center_axis',(0.866025403784434,-0.500000000000007,0.));
#1906=DIRECTION('ref_axis',(0.500000000000007,0.866025403784434,0.));
#1907=DIRECTION('',(0.866025403784439,-0.5,0.));
#1908=DIRECTION('',(-0.866025403784439,0.5,0.));
#1909=DIRECTION('center_axis',(0.,0.,1.));
#1910=DIRECTION('ref_axis',(1.,0.,0.));
#1911=DIRECTION('center_axis',(0.,-1.,0.));
#1912=DIRECTION('ref_axis',(1.,0.,0.));
#1913=DIRECTION('center_axis',(0.,0.,1.));
#1914=DIRECTION('ref_axis',(-0.866025403784439,-0.5,0.));
#1915=DIRECTION('center_axis',(0.,0.,-1.));
#1916=DIRECTION('ref_axis',(-0.866025403784439,-0.5,0.));
#1917=DIRECTION('center_axis',(2.089831575765E-16,1.,0.));
#1918=DIRECTION('ref_axis',(0.707106781186552,0.,0.707106781186543));
#1919=DIRECTION('center_axis',(0.,-1.,0.));
#1920=DIRECTION('ref_axis',(1.,0.,0.));
#1921=DIRECTION('',(-2.089831575765E-16,-1.,0.));
#1922=DIRECTION('',(2.089831575765E-16,1.,0.));
#1923=DIRECTION('center_axis',(0.,0.,1.));
#1924=DIRECTION('ref_axis',(1.,0.,0.));
#1925=DIRECTION('center_axis',(-0.866025403784442,-0.499999999999994,0.));
#1926=DIRECTION('ref_axis',(0.499999999999994,-0.866025403784442,0.));
#1927=DIRECTION('center_axis',(0.,0.,1.));
#1928=DIRECTION('ref_axis',(-0.866025403784439,0.5,0.));
#1929=DIRECTION('center_axis',(0.,0.,-1.));
#1930=DIRECTION('ref_axis',(-0.866025403784439,0.5,0.));
#1931=DIRECTION('center_axis',(0.866025403784438,0.5,0.));
#1932=DIRECTION('ref_axis',(0.353553390593273,-0.612372435695807,0.707106781186537));
#1933=DIRECTION('center_axis',(-0.866025403784443,-0.499999999999993,0.));
#1934=DIRECTION('ref_axis',(0.499999999999993,-0.866025403784443,0.));
#1935=DIRECTION('',(-0.866025403784438,-0.5,0.));
#1936=DIRECTION('',(0.866025403784438,0.5,0.));
#1937=DIRECTION('center_axis',(1.,-8.88178419700113E-15,0.));
#1938=DIRECTION('ref_axis',(8.88178419700113E-15,1.,0.));
#1939=DIRECTION('center_axis',(0.,0.,-1.));
#1940=DIRECTION('ref_axis',(0.965925826289067,0.258819045102525,0.));
#1941=DIRECTION('center_axis',(0.,0.,1.));
#1942=DIRECTION('ref_axis',(0.965925826289067,0.258819045102525,0.));
#1943=DIRECTION('center_axis',(-1.,0.,0.));
#1944=DIRECTION('ref_axis',(0.,0.70710678118654,0.707106781186555));
#1945=DIRECTION('',(1.,0.,0.));
#1946=DIRECTION('',(-1.,0.,0.));
#1947=DIRECTION('center_axis',(0.,-1.,0.));
#1948=DIRECTION('ref_axis',(-0.70710678118654,0.,0.707106781186555));
#1949=DIRECTION('',(0.,-1.,0.));
#1950=DIRECTION('',(0.,1.,0.));
#1951=DIRECTION('center_axis',(0.,0.,1.));
#1952=DIRECTION('ref_axis',(-1.,-2.22044604925032E-15,0.));
#1953=DIRECTION('',(0.,0.,1.));
#1954=DIRECTION('center_axis',(0.,0.,-1.));
#1955=DIRECTION('ref_axis',(-0.707106781186548,-0.707106781186548,0.));
#1956=DIRECTION('',(0.,0.,1.));
#1957=DIRECTION('center_axis',(-1.,0.,0.));
#1958=DIRECTION('ref_axis',(0.,-1.,0.));
#1959=DIRECTION('',(0.,0.,1.));
#1960=DIRECTION('',(0.,1.,0.));
#1961=DIRECTION('center_axis',(0.,0.,1.));
#1962=DIRECTION('ref_axis',(0.,1.,0.));
#1963=DIRECTION('',(0.,0.,1.));
#1964=DIRECTION('center_axis',(0.,0.,-1.));
#1965=DIRECTION('ref_axis',(-0.70710678118655,0.707106781186545,0.));
#1966=DIRECTION('center_axis',(0.,1.,0.));
#1967=DIRECTION('ref_axis',(-1.,0.,0.));
#1968=DIRECTION('',(0.,0.,1.));
#1969=DIRECTION('',(1.,0.,0.));
#1970=DIRECTION('center_axis',(0.,0.,1.));
#1971=DIRECTION('ref_axis',(0.,-1.,0.));
#1972=DIRECTION('',(0.,0.,1.));
#1973=DIRECTION('center_axis',(0.,0.,1.));
#1974=DIRECTION('ref_axis',(0.70710678118655,-0.707106781186545,0.));
#1975=DIRECTION('center_axis',(-1.,0.,0.));
#1976=DIRECTION('ref_axis',(0.,-1.,0.));
#1977=DIRECTION('',(0.,0.,1.));
#1978=DIRECTION('',(0.,1.,0.));
#1979=DIRECTION('center_axis',(0.,0.,1.));
#1980=DIRECTION('ref_axis',(4.73695157173401E-15,1.,0.));
#1981=DIRECTION('',(0.,0.,1.));
#1982=DIRECTION('center_axis',(0.,0.,-1.));
#1983=DIRECTION('ref_axis',(-0.707106781186546,0.707106781186549,0.));
#1984=DIRECTION('center_axis',(0.,1.,0.));
#1985=DIRECTION('ref_axis',(-1.,0.,0.));
#1986=DIRECTION('',(0.,0.,1.));
#1987=DIRECTION('',(1.,0.,0.));
#1988=DIRECTION('center_axis',(0.,0.,1.));
#1989=DIRECTION('ref_axis',(1.,0.,0.));
#1990=DIRECTION('',(0.,0.,1.));
#1991=DIRECTION('center_axis',(0.,0.,-1.));
#1992=DIRECTION('ref_axis',(0.707106781186548,0.707106781186548,0.));
#1993=DIRECTION('center_axis',(1.,0.,0.));
#1994=DIRECTION('ref_axis',(0.,1.,0.));
#1995=DIRECTION('',(0.,0.,1.));
#1996=DIRECTION('',(0.,-1.,0.));
#1997=DIRECTION('center_axis',(0.,0.,1.));
#1998=DIRECTION('ref_axis',(-1.,0.,0.));
#1999=DIRECTION('',(0.,0.,1.));
#2000=DIRECTION('center_axis',(0.,0.,1.));
#2001=DIRECTION('ref_axis',(-0.707106781186548,-0.707106781186548,0.));
#2002=DIRECTION('center_axis',(0.,1.,0.));
#2003=DIRECTION('ref_axis',(-1.,0.,0.));
#2004=DIRECTION('',(0.,0.,1.));
#2005=DIRECTION('',(1.,0.,0.));
#2006=DIRECTION('center_axis',(0.,0.,1.));
#2007=DIRECTION('ref_axis',(0.,-1.,0.));
#2008=DIRECTION('',(0.,0.,1.));
#2009=DIRECTION('center_axis',(0.,0.,1.));
#2010=DIRECTION('ref_axis',(0.707106781186548,-0.707106781186548,0.));
#2011=DIRECTION('center_axis',(-1.,0.,0.));
#2012=DIRECTION('ref_axis',(0.,-1.,0.));
#2013=DIRECTION('',(0.,0.,1.));
#2014=DIRECTION('',(0.,1.,0.));
#2015=DIRECTION('center_axis',(0.,0.,1.));
#2016=DIRECTION('ref_axis',(0.36363636363635,0.931540978723605,0.));
#2017=DIRECTION('',(0.,0.,1.));
#2018=DIRECTION('center_axis',(0.,0.,-1.));
#2019=DIRECTION('ref_axis',(-0.790569664786589,0.612372113276903,0.));
#2020=DIRECTION('center_axis',(0.,0.,1.));
#2021=DIRECTION('ref_axis',(1.,0.,0.));
#2022=DIRECTION('center_axis',(0.,0.,1.));
#2023=DIRECTION('ref_axis',(1.,0.,0.));
#2024=DIRECTION('center_axis',(0.,0.,1.));
#2025=DIRECTION('ref_axis',(1.,0.,0.));
#2026=DIRECTION('center_axis',(0.,0.,1.));
#2027=DIRECTION('ref_axis',(1.,0.,0.));
#2028=DIRECTION('center_axis',(0.,0.,1.));
#2029=DIRECTION('ref_axis',(1.,0.,0.));
#2030=DIRECTION('center_axis',(0.,0.,-1.));
#2031=DIRECTION('ref_axis',(1.,0.,0.));
#2032=DIRECTION('center_axis',(0.,0.,-1.));
#2033=DIRECTION('ref_axis',(-1.,0.,0.));
#2034=DIRECTION('center_axis',(-0.819231920519032,-0.573462344363341,0.));
#2035=DIRECTION('ref_axis',(-0.573462344363341,0.819231920519032,0.));
#2036=DIRECTION('center_axis',(0.573462344363341,0.819231920519032,0.));
#2037=DIRECTION('ref_axis',(-0.819231920519032,0.573462344363341,0.));
#2038=DIRECTION('center_axis',(0.,-1.,0.));
#2039=DIRECTION('ref_axis',(-0.70710678118654,0.,-0.707106781186555));
#2040=DIRECTION('',(0.,-1.,0.));
#2041=DIRECTION('',(0.,1.,0.));
#2042=DIRECTION('center_axis',(0.,0.,1.));
#2043=DIRECTION('ref_axis',(-0.790569664786589,0.612372113276903,0.));
#2044=DIRECTION('center_axis',(1.77635683940026E-14,1.,0.));
#2045=DIRECTION('ref_axis',(0.,0.,-1.));
#2046=DIRECTION('center_axis',(0.,1.,0.));
#2047=DIRECTION('ref_axis',(-0.70710678118654,0.,-0.707106781186555));
#2048=DIRECTION('center_axis',(0.,1.,0.));
#2049=DIRECTION('ref_axis',(0.,0.,-1.));
#2050=DIRECTION('',(0.,-1.,0.));
#2051=DIRECTION('center_axis',(0.,0.,1.));
#2052=DIRECTION('ref_axis',(1.,0.,0.));
#2053=DIRECTION('center_axis',(1.,0.,0.));
#2054=DIRECTION('ref_axis',(0.,0.,-1.));
#2055=DIRECTION('center_axis',(0.,0.,-1.));
#2056=DIRECTION('ref_axis',(0.707106781186547,-0.707106781186547,0.));
#2057=DIRECTION('center_axis',(1.,0.,0.));
#2058=DIRECTION('ref_axis',(0.,0.70710678118654,-0.707106781186555));
#2059=DIRECTION('center_axis',(1.,0.,0.));
#2060=DIRECTION('ref_axis',(0.,0.,-1.));
#2061=DIRECTION('',(-1.,0.,0.));
#2062=DIRECTION('center_axis',(0.,0.,1.));
#2063=DIRECTION('ref_axis',(1.,0.,0.));
#2064=DIRECTION('center_axis',(0.,-1.,0.));
#2065=DIRECTION('ref_axis',(0.,0.,-1.));
#2066=DIRECTION('center_axis',(0.,0.,-1.));
#2067=DIRECTION('ref_axis',(-0.707106781186547,-0.707106781186547,0.));
#2068=DIRECTION('center_axis',(0.,-1.,0.));
#2069=DIRECTION('ref_axis',(0.70710678118654,0.,-0.707106781186555));
#2070=DIRECTION('center_axis',(0.,-1.,0.));
#2071=DIRECTION('ref_axis',(0.,0.,-1.));
#2072=DIRECTION('',(0.,1.,0.));
#2073=DIRECTION('center_axis',(1.,0.,0.));
#2074=DIRECTION('ref_axis',(0.,0.,-1.));
#2075=DIRECTION('center_axis',(0.,0.,1.));
#2076=DIRECTION('ref_axis',(0.707106781186548,0.707106781186548,0.));
#2077=DIRECTION('center_axis',(1.,0.,0.));
#2078=DIRECTION('ref_axis',(0.,0.70710678118654,-0.707106781186555));
#2079=DIRECTION('center_axis',(1.,0.,0.));
#2080=DIRECTION('ref_axis',(0.,0.,-1.));
#2081=DIRECTION('',(-1.,0.,0.));
#2082=DIRECTION('center_axis',(0.,0.,1.));
#2083=DIRECTION('ref_axis',(1.,0.,0.));
#2084=DIRECTION('center_axis',(0.,1.,0.));
#2085=DIRECTION('ref_axis',(0.,0.,-1.));
#2086=DIRECTION('center_axis',(0.,0.,1.));
#2087=DIRECTION('ref_axis',(-0.707106781186546,0.707106781186549,0.));
#2088=DIRECTION('center_axis',(0.,1.,0.));
#2089=DIRECTION('ref_axis',(-0.707106781186553,0.,-0.707106781186543));
#2090=DIRECTION('center_axis',(0.,1.,0.));
#2091=DIRECTION('ref_axis',(0.,0.,-1.));
#2092=DIRECTION('',(0.,-1.,0.));
#2093=DIRECTION('center_axis',(0.,0.,1.));
#2094=DIRECTION('ref_axis',(1.,0.,0.));
#2095=DIRECTION('center_axis',(1.,0.,0.));
#2096=DIRECTION('ref_axis',(0.,0.,-1.));
#2097=DIRECTION('center_axis',(0.,0.,-1.));
#2098=DIRECTION('ref_axis',(0.70710678118655,-0.707106781186545,0.));
#2099=DIRECTION('center_axis',(1.,0.,0.));
#2100=DIRECTION('ref_axis',(0.,0.707106781186546,-0.707106781186549));
#2101=DIRECTION('center_axis',(1.,0.,0.));
#2102=DIRECTION('ref_axis',(0.,0.,-1.));
#2103=DIRECTION('',(-1.,0.,0.));
#2104=DIRECTION('center_axis',(-8.88178419700144E-15,1.,0.));
#2105=DIRECTION('ref_axis',(0.,0.,-1.));
#2106=DIRECTION('center_axis',(0.,0.,1.));
#2107=DIRECTION('ref_axis',(-0.70710678118655,0.707106781186545,0.));
#2108=DIRECTION('center_axis',(0.,1.,0.));
#2109=DIRECTION('ref_axis',(-0.707106781186553,0.,-0.707106781186543));
#2110=DIRECTION('center_axis',(0.,1.,0.));
#2111=DIRECTION('ref_axis',(0.,0.,-1.));
#2112=DIRECTION('',(0.,-1.,0.));
#2113=DIRECTION('center_axis',(-1.,0.,0.));
#2114=DIRECTION('ref_axis',(0.,0.,-1.));
#2115=DIRECTION('center_axis',(0.,0.,1.));
#2116=DIRECTION('ref_axis',(-0.707106781186548,-0.707106781186548,0.));
#2117=DIRECTION('center_axis',(-1.,0.,0.));
#2118=DIRECTION('ref_axis',(0.,-0.707106781186546,-0.707106781186549));
#2119=DIRECTION('center_axis',(-1.,0.,0.));
#2120=DIRECTION('ref_axis',(0.,0.,-1.));
#2121=DIRECTION('',(-1.,0.,0.));
#2122=DIRECTION('',(1.,0.,0.));
#2123=DIRECTION('center_axis',(0.,-1.,0.));
#2124=DIRECTION('ref_axis',(0.,0.,-1.));
#2125=DIRECTION('center_axis',(0.,0.,-1.));
#2126=DIRECTION('ref_axis',(0.707106781186548,-0.707106781186548,0.));
#2127=DIRECTION('center_axis',(0.,0.,1.));
#2128=DIRECTION('ref_axis',(0.707106781186548,-0.707106781186548,0.));
#2129=DIRECTION('center_axis',(0.,-1.,0.));
#2130=DIRECTION('ref_axis',(0.707106781186553,0.,-0.707106781186543));
#2131=DIRECTION('center_axis',(0.,-1.,0.));
#2132=DIRECTION('ref_axis',(0.,0.,-1.));
#2133=DIRECTION('',(0.,-1.,0.));
#2134=DIRECTION('',(0.,1.,0.));
#2135=DIRECTION('center_axis',(0.,0.,1.));
#2136=DIRECTION('ref_axis',(1.,0.,0.));
#2137=DIRECTION('center_axis',(-1.,0.,0.));
#2138=DIRECTION('ref_axis',(0.,0.,-1.));
#2139=DIRECTION('center_axis',(0.,0.,1.));
#2140=DIRECTION('ref_axis',(-0.70710678118655,0.707106781186545,0.));
#2141=DIRECTION('center_axis',(0.,0.,-1.));
#2142=DIRECTION('ref_axis',(-0.70710678118655,0.707106781186545,0.));
#2143=DIRECTION('center_axis',(-1.,0.,0.));
#2144=DIRECTION('ref_axis',(0.,-0.707106781186546,-0.707106781186549));
#2145=DIRECTION('center_axis',(-1.,0.,0.));
#2146=DIRECTION('ref_axis',(0.,0.,-1.));
#2147=DIRECTION('',(-1.,0.,0.));
#2148=DIRECTION('',(1.,0.,0.));
#2149=DIRECTION('center_axis',(0.866025403784438,-0.500000000000001,0.));
#2150=DIRECTION('ref_axis',(0.,0.,-1.));
#2151=DIRECTION('center_axis',(0.,0.,-1.));
#2152=DIRECTION('ref_axis',(0.965925826289068,-0.258819045102521,0.));
#2153=DIRECTION('center_axis',(0.,0.,1.));
#2154=DIRECTION('ref_axis',(0.965925826289068,-0.258819045102521,0.));
#2155=DIRECTION('center_axis',(-0.866025403784439,0.5,0.));
#2156=DIRECTION('ref_axis',(0.353553390593276,0.612372435695799,-0.707106781186542));
#2157=DIRECTION('center_axis',(0.866025403784434,-0.500000000000007,0.));
#2158=DIRECTION('ref_axis',(0.,0.,-1.));
#2159=DIRECTION('',(0.866025403784439,-0.5,0.));
#2160=DIRECTION('',(-0.866025403784439,0.5,0.));
#2161=DIRECTION('center_axis',(0.,0.,-1.));
#2162=DIRECTION('ref_axis',(-1.,0.,0.));
#2163=DIRECTION('center_axis',(0.,-1.,0.));
#2164=DIRECTION('ref_axis',(0.,0.,-1.));
#2165=DIRECTION('center_axis',(0.,0.,1.));
#2166=DIRECTION('ref_axis',(-0.866025403784439,-0.5,0.));
#2167=DIRECTION('center_axis',(0.,0.,-1.));
#2168=DIRECTION('ref_axis',(-0.866025403784439,-0.5,0.));
#2169=DIRECTION('center_axis',(-2.089831575765E-16,-1.,0.));
#2170=DIRECTION('ref_axis',(0.707106781186553,0.,-0.707106781186543));
#2171=DIRECTION('center_axis',(0.,-1.,0.));
#2172=DIRECTION('ref_axis',(0.,0.,-1.));
#2173=DIRECTION('',(-2.089831575765E-16,-1.,0.));
#2174=DIRECTION('',(2.089831575765E-16,1.,0.));
#2175=DIRECTION('center_axis',(0.,0.,-1.));
#2176=DIRECTION('ref_axis',(-1.,0.,0.));
#2177=DIRECTION('center_axis',(-0.866025403784442,-0.499999999999994,0.));
#2178=DIRECTION('ref_axis',(0.,0.,-1.));
#2179=DIRECTION('center_axis',(0.,0.,1.));
#2180=DIRECTION('ref_axis',(-0.866025403784439,0.5,0.));
#2181=DIRECTION('center_axis',(0.,0.,-1.));
#2182=DIRECTION('ref_axis',(-0.866025403784439,0.5,0.));
#2183=DIRECTION('center_axis',(-0.866025403784438,-0.5,0.));
#2184=DIRECTION('ref_axis',(0.353553390593274,-0.612372435695807,-0.707106781186537));
#2185=DIRECTION('center_axis',(-0.866025403784443,-0.499999999999993,0.));
#2186=DIRECTION('ref_axis',(0.,0.,-1.));
#2187=DIRECTION('',(-0.866025403784438,-0.5,0.));
#2188=DIRECTION('',(0.866025403784438,0.5,0.));
#2189=DIRECTION('center_axis',(1.,-8.88178419700113E-15,0.));
#2190=DIRECTION('ref_axis',(0.,0.,-1.));
#2191=DIRECTION('center_axis',(0.,0.,-1.));
#2192=DIRECTION('ref_axis',(0.965925826289067,0.258819045102525,0.));
#2193=DIRECTION('center_axis',(0.,0.,1.));
#2194=DIRECTION('ref_axis',(0.965925826289067,0.258819045102525,0.));
#2195=DIRECTION('center_axis',(-1.,0.,0.));
#2196=DIRECTION('ref_axis',(0.,0.707106781186553,-0.707106781186543));
#2197=DIRECTION('',(1.,0.,0.));
#2198=DIRECTION('',(-1.,0.,0.));
#2199=DIRECTION('center_axis',(0.,-1.,0.));
#2200=DIRECTION('ref_axis',(1.,0.,0.));
#2201=DIRECTION('',(0.,0.,1.));
#2202=DIRECTION('center_axis',(0.,0.,1.));
#2203=DIRECTION('ref_axis',(0.,-1.,0.));
#2204=DIRECTION('',(0.,0.,1.));
#2205=DIRECTION('center_axis',(1.,0.,0.));
#2206=DIRECTION('ref_axis',(0.,1.,0.));
#2207=DIRECTION('',(0.,0.,1.));
#2208=DIRECTION('center_axis',(0.,0.,1.));
#2209=DIRECTION('ref_axis',(0.,1.,0.));
#2210=DIRECTION('',(0.,0.,1.));
#2211=DIRECTION('center_axis',(0.,-1.,0.));
#2212=DIRECTION('ref_axis',(1.,0.,0.));
#2213=DIRECTION('',(0.,0.,1.));
#2214=DIRECTION('center_axis',(0.,0.,1.));
#2215=DIRECTION('ref_axis',(0.,-1.,0.));
#2216=DIRECTION('',(0.,0.,1.));
#2217=DIRECTION('center_axis',(0.5,0.866025403784439,0.));
#2218=DIRECTION('ref_axis',(-0.866025403784439,0.5,0.));
#2219=DIRECTION('',(0.,0.,-1.));
#2220=DIRECTION('center_axis',(0.,0.,1.));
#2221=DIRECTION('ref_axis',(-0.866025403784438,-0.500000000000001,0.));
#2222=DIRECTION('',(0.,0.,1.));
#2223=DIRECTION('center_axis',(1.,-2.089831575765E-16,0.));
#2224=DIRECTION('ref_axis',(2.089831575765E-16,1.,0.));
#2225=DIRECTION('',(0.,0.,-1.));
#2226=DIRECTION('center_axis',(0.,0.,1.));
#2227=DIRECTION('ref_axis',(-0.866025403784438,0.500000000000001,0.));
#2228=DIRECTION('',(0.,0.,1.));
#2229=DIRECTION('center_axis',(0.5,-0.866025403784438,0.));
#2230=DIRECTION('ref_axis',(0.866025403784438,0.5,0.));
#2231=DIRECTION('',(0.,0.,1.));
#2232=DIRECTION('center_axis',(0.,0.,1.));
#2233=DIRECTION('ref_axis',(0.500000000000007,-0.866025403784434,0.));
#2234=DIRECTION('',(0.,0.,1.));
#2235=DIRECTION('center_axis',(0.,1.,0.));
#2236=DIRECTION('ref_axis',(-1.,0.,0.));
#2237=DIRECTION('',(0.,0.,1.));
#2238=DIRECTION('center_axis',(0.,0.,1.));
#2239=DIRECTION('ref_axis',(5.92118946466798E-14,1.,0.));
#2240=DIRECTION('',(0.,0.,1.));
#2241=DIRECTION('center_axis',(0.,0.,1.));
#2242=DIRECTION('ref_axis',(1.,0.,0.));
#2243=DIRECTION('center_axis',(0.,0.,1.));
#2244=DIRECTION('ref_axis',(1.,0.,0.));
#2245=DIRECTION('center_axis',(0.,0.,1.));
#2246=DIRECTION('ref_axis',(1.,0.,0.));
#2247=DIRECTION('center_axis',(0.,0.,1.));
#2248=DIRECTION('ref_axis',(1.,0.,0.));
#2249=DIRECTION('center_axis',(0.,0.,1.));
#2250=DIRECTION('ref_axis',(1.,0.,0.));
#2251=DIRECTION('center_axis',(0.,0.,-1.));
#2252=DIRECTION('ref_axis',(1.,0.,0.));
#2253=DIRECTION('center_axis',(0.,0.,1.));
#2254=DIRECTION('ref_axis',(1.,0.,0.));
#2255=DIRECTION('',(0.,0.,-1.));
#2256=DIRECTION('center_axis',(0.,0.,1.));
#2257=DIRECTION('ref_axis',(1.,0.,0.));
#2258=DIRECTION('',(0.,0.,-1.));
#2259=DIRECTION('center_axis',(0.,0.,1.));
#2260=DIRECTION('ref_axis',(1.,0.,0.));
#2261=DIRECTION('',(0.,0.,-1.));
#2262=DIRECTION('center_axis',(0.,0.,1.));
#2263=DIRECTION('ref_axis',(1.,0.,0.));
#2264=DIRECTION('',(0.,0.,-1.));
#2265=DIRECTION('center_axis',(0.,0.,1.));
#2266=DIRECTION('ref_axis',(1.,0.,0.));
#2267=DIRECTION('',(0.,0.,-1.));
#2268=DIRECTION('center_axis',(-1.,0.,0.));
#2269=DIRECTION('ref_axis',(0.,-1.,0.));
#2270=CARTESIAN_POINT('',(0.,0.,0.));
#2271=CARTESIAN_POINT('Ctrl Pts',(-106.000001579523,149.7,19.));
#2272=CARTESIAN_POINT('Ctrl Pts',(-106.000001579523,149.7,19.2243994752564));
#2273=CARTESIAN_POINT('Ctrl Pts',(-105.817034460181,149.571923016461,19.7487315962085));
#2274=CARTESIAN_POINT('Ctrl Pts',(-105.299200879865,149.209439510239,20.));
#2275=CARTESIAN_POINT('Ctrl Pts',(-105.000001579523,149.,20.));
#2276=CARTESIAN_POINT('Ctrl Pts',(-106.000001579523,149.77853981634,19.));
#2277=CARTESIAN_POINT('Ctrl Pts',(-106.000001579523,149.77853981634,19.2421978695656));
#2278=CARTESIAN_POINT('Ctrl Pts',(-105.782212353712,149.615141036043,19.7843096810141));
#2279=CARTESIAN_POINT('Ctrl Pts',(-105.284240914848,149.224399475256,20.));
#2280=CARTESIAN_POINT('Ctrl Pts',(-105.000001579523,149.,20.));
#2281=CARTESIAN_POINT('Ctrl Pts',(-105.934887796373,149.934886216849,19.));
#2282=CARTESIAN_POINT('Ctrl Pts',(-105.934887796373,149.934886216849,19.2624010769978));
#2283=CARTESIAN_POINT('Ctrl Pts',(-105.702283060158,149.702281480635,19.8213538917462));
#2284=CARTESIAN_POINT('Ctrl Pts',(-105.254320984814,149.254319405291,20.));
#2285=CARTESIAN_POINT('Ctrl Pts',(-105.000001579523,149.,20.));
#2286=CARTESIAN_POINT('Ctrl Pts',(-105.778541395863,150.,19.));
#2287=CARTESIAN_POINT('Ctrl Pts',(-105.778541395863,150.,19.2421978695656));
#2288=CARTESIAN_POINT('Ctrl Pts',(-105.615142615566,149.782210774189,19.7843096810141));
#2289=CARTESIAN_POINT('Ctrl Pts',(-105.22440105478,149.284239335325,20.));
#2290=CARTESIAN_POINT('Ctrl Pts',(-105.000001579523,149.,20.));
#2291=CARTESIAN_POINT('Ctrl Pts',(-105.700001579523,150.,19.));
#2292=CARTESIAN_POINT('Ctrl Pts',(-105.700001579523,150.,19.2243994752564));
#2293=CARTESIAN_POINT('Ctrl Pts',(-105.571924595984,149.817032880658,19.7487315962085));
#2294=CARTESIAN_POINT('Ctrl Pts',(-105.209441089762,149.299199300342,20.));
#2295=CARTESIAN_POINT('Ctrl Pts',(-105.000001579523,149.,20.));
#2296=CARTESIAN_POINT('',(-106.000001579523,149.7,19.));
#2297=CARTESIAN_POINT('',(-105.000001579523,149.,20.));
#2298=CARTESIAN_POINT('Origin',(-105.000001579523,149.,19.));
#2299=CARTESIAN_POINT('',(-105.700001579523,150.,19.));
#2300=CARTESIAN_POINT('Origin',(-105.000001579523,149.,19.));
#2301=CARTESIAN_POINT('Origin',(-105.700001579523,149.7,19.));
#2302=CARTESIAN_POINT('Ctrl Pts',(-104.500003159046,149.355528014421,19.));
#2303=CARTESIAN_POINT('Ctrl Pts',(-105.500003159044,149.932875851778,19.));
#2304=CARTESIAN_POINT('Ctrl Pts',(-106.500001579522,149.35552527861,19.));
#2305=CARTESIAN_POINT('Ctrl Pts',(-107.5,148.778174705443,19.));
#2306=CARTESIAN_POINT('Ctrl Pts',(-107.5,147.62347538298,19.));
#2307=CARTESIAN_POINT('Ctrl Pts',(-104.500003159046,149.355528014421,20.));
#2308=CARTESIAN_POINT('Ctrl Pts',(-105.500003159044,149.932875851778,20.));
#2309=CARTESIAN_POINT('Ctrl Pts',(-106.500001579522,149.35552527861,20.));
#2310=CARTESIAN_POINT('Ctrl Pts',(-107.5,148.778174705443,20.));
#2311=CARTESIAN_POINT('Ctrl Pts',(-107.5,147.62347538298,20.));
#2312=CARTESIAN_POINT('Ctrl Pts',(-105.000001579523,148.4895016987,20.));
#2313=CARTESIAN_POINT('Ctrl Pts',(-105.500001579522,148.778175617379,20.));
#2314=CARTESIAN_POINT('Ctrl Pts',(-106.000000789761,148.489500330795,20.));
#2315=CARTESIAN_POINT('Ctrl Pts',(-106.5,148.200825044211,20.));
#2316=CARTESIAN_POINT('Ctrl Pts',(-106.5,147.62347538298,20.));
#2317=CARTESIAN_POINT('',(-106.000001579523,149.559966648252,19.));
#2318=CARTESIAN_POINT('',(-107.5,147.62347538298,19.));
#2319=CARTESIAN_POINT('Origin',(-105.5,147.62347538298,19.));
#2320=CARTESIAN_POINT('',(-106.5,147.62347538298,20.));
#2321=CARTESIAN_POINT('Origin',(-106.5,147.62347538298,19.));
#2322=CARTESIAN_POINT('',(-105.000001579523,148.4895016987,20.));
#2323=CARTESIAN_POINT('Origin',(-105.5,147.62347538298,20.));
#2324=CARTESIAN_POINT('Ctrl Pts',(-105.000001579523,148.4895016987,20.));
#2325=CARTESIAN_POINT('Ctrl Pts',(-105.0008032344,148.490890202754,20.));
#2326=CARTESIAN_POINT('Ctrl Pts',(-105.001606335006,148.492277871586,19.999999036023));
#2327=CARTESIAN_POINT('Ctrl Pts',(-105.05310300113,148.581045816557,19.9998749650161));
#2328=CARTESIAN_POINT('Ctrl Pts',(-105.109430211834,148.664995836647,19.9958700243156));
#2329=CARTESIAN_POINT('Ctrl Pts',(-105.301189633145,148.921357340285,19.9628632937908));
#2330=CARTESIAN_POINT('Ctrl Pts',(-105.442389200709,149.070064398406,19.910777299502));
#2331=CARTESIAN_POINT('Ctrl Pts',(-105.659465990015,149.277341699539,19.7591673885494));
#2332=CARTESIAN_POINT('Ctrl Pts',(-105.742342032591,149.349886935768,19.6807519143954));
#2333=CARTESIAN_POINT('Ctrl Pts',(-105.871459088366,149.458365982049,19.5007842440582));
#2334=CARTESIAN_POINT('Ctrl Pts',(-105.920109502273,149.497242519645,19.406619163237));
#2335=CARTESIAN_POINT('Ctrl Pts',(-105.983760693808,149.547497108437,19.2060436347037));
#2336=CARTESIAN_POINT('Ctrl Pts',(-106.000001579523,149.559966648252,19.1039357875543));
#2337=CARTESIAN_POINT('Ctrl Pts',(-106.000001579523,149.559966648252,19.));
#2338=CARTESIAN_POINT('Origin',(-106.5,120.06173769149,19.));
#2339=CARTESIAN_POINT('',(-107.5,142.000002086163,19.));
#2340=CARTESIAN_POINT('',(-106.5,142.000002086163,20.));
#2341=CARTESIAN_POINT('Origin',(-106.5,142.000002086163,19.));
#2342=CARTESIAN_POINT('',(-106.5,120.06173769149,20.));
#2343=CARTESIAN_POINT('',(-107.5,120.06173769149,19.));
#2344=CARTESIAN_POINT('Origin',(-109.5,142.000002086163,19.));
#2345=CARTESIAN_POINT('',(-109.5,140.000002086163,19.));
#2346=CARTESIAN_POINT('',(-109.5,139.000002086163,20.));
#2347=CARTESIAN_POINT('Origin',(-109.5,139.000002086163,19.));
#2348=CARTESIAN_POINT('Origin',(-109.5,142.000002086163,20.));
#2349=CARTESIAN_POINT('Origin',(-109.5,142.000002086163,19.));
#2350=CARTESIAN_POINT('Origin',(-117.403813177324,139.000002086163,19.));
#2351=CARTESIAN_POINT('',(-123.,140.000002086163,19.));
#2352=CARTESIAN_POINT('',(-123.,139.000002086163,20.));
#2353=CARTESIAN_POINT('Origin',(-123.,139.000002086163,19.));
#2354=CARTESIAN_POINT('',(-117.403813177324,139.000002086163,20.));
#2355=CARTESIAN_POINT('',(-117.403813177324,140.000002086163,19.));
#2356=CARTESIAN_POINT('Origin',(-123.,142.000002086163,19.));
#2357=CARTESIAN_POINT('',(-125.,142.000002086163,19.));
#2358=CARTESIAN_POINT('',(-126.,142.000002086163,20.));
#2359=CARTESIAN_POINT('Origin',(-126.,142.000002086163,19.));
#2360=CARTESIAN_POINT('Origin',(-123.,142.000002086163,20.));
#2361=CARTESIAN_POINT('Origin',(-123.,142.000002086163,19.));
#2362=CARTESIAN_POINT('Origin',(-126.,117.250001043081,19.));
#2363=CARTESIAN_POINT('',(-125.,148.,19.));
#2364=CARTESIAN_POINT('',(-126.,148.,20.));
#2365=CARTESIAN_POINT('Origin',(-126.,148.,19.));
#2366=CARTESIAN_POINT('',(-126.,117.250001043081,20.));
#2367=CARTESIAN_POINT('',(-125.,117.250001043081,19.));
#2368=CARTESIAN_POINT('Ctrl Pts',(-125.,148.,19.));
#2369=CARTESIAN_POINT('Ctrl Pts',(-125.,150.,19.));
#2370=CARTESIAN_POINT('Ctrl Pts',(-127.,150.,19.));
#2371=CARTESIAN_POINT('Ctrl Pts',(-125.,148.,20.));
#2372=CARTESIAN_POINT('Ctrl Pts',(-125.,150.,20.));
#2373=CARTESIAN_POINT('Ctrl Pts',(-127.,150.,20.));
#2374=CARTESIAN_POINT('Ctrl Pts',(-126.,148.,20.));
#2375=CARTESIAN_POINT('Ctrl Pts',(-126.,149.,20.));
#2376=CARTESIAN_POINT('Ctrl Pts',(-127.,149.,20.));
#2377=CARTESIAN_POINT('',(-127.,150.,19.));
#2378=CARTESIAN_POINT('',(-127.,149.,20.));
#2379=CARTESIAN_POINT('Origin',(-127.,149.,19.));
#2380=CARTESIAN_POINT('Origin',(-127.,148.,20.));
#2381=CARTESIAN_POINT('Origin',(-127.,148.,19.));
#2382=CARTESIAN_POINT('Origin',(-126.153813177324,149.,19.));
#2383=CARTESIAN_POINT('',(-192.5,150.,19.));
#2384=CARTESIAN_POINT('',(-192.5,149.,20.));
#2385=CARTESIAN_POINT('Origin',(-192.5,149.,19.));
#2386=CARTESIAN_POINT('',(-126.153813177324,149.,20.));
#2387=CARTESIAN_POINT('',(-126.153813177324,150.,19.));
#2388=CARTESIAN_POINT('Origin',(-192.5,142.5,19.));
#2389=CARTESIAN_POINT('',(-200.,142.5,19.));
#2390=CARTESIAN_POINT('',(-199.,142.5,20.));
#2391=CARTESIAN_POINT('Origin',(-199.,142.5,19.));
#2392=CARTESIAN_POINT('Origin',(-192.5,142.5,20.));
#2393=CARTESIAN_POINT('Origin',(-192.5,142.5,19.));
#2394=CARTESIAN_POINT('Origin',(-199.,117.5,19.));
#2395=CARTESIAN_POINT('',(-200.,59.5,19.));
#2396=CARTESIAN_POINT('',(-199.,59.5,20.));
#2397=CARTESIAN_POINT('Origin',(-199.,59.5,19.));
#2398=CARTESIAN_POINT('',(-199.,117.5,20.));
#2399=CARTESIAN_POINT('',(-200.,117.5,19.));
#2400=CARTESIAN_POINT('Origin',(-202.,59.5,19.));
#2401=CARTESIAN_POINT('',(-202.,57.5,19.));
#2402=CARTESIAN_POINT('',(-202.,56.5,20.));
#2403=CARTESIAN_POINT('Origin',(-202.,56.5,19.));
#2404=CARTESIAN_POINT('Origin',(-202.,59.5,20.));
#2405=CARTESIAN_POINT('Origin',(-202.,59.5,19.));
#2406=CARTESIAN_POINT('Origin',(-163.653813177324,56.5,19.));
#2407=CARTESIAN_POINT('',(-213.,57.5,19.));
#2408=CARTESIAN_POINT('',(-213.,56.5,20.));
#2409=CARTESIAN_POINT('Origin',(-213.,56.5,19.));
#2410=CARTESIAN_POINT('',(-163.653813177324,56.5,20.));
#2411=CARTESIAN_POINT('',(-163.653813177324,57.5,19.));
#2412=CARTESIAN_POINT('Ctrl Pts',(-213.,57.5,19.));
#2413=CARTESIAN_POINT('Ctrl Pts',(-215.,57.5,19.));
#2414=CARTESIAN_POINT('Ctrl Pts',(-215.,55.5,19.));
#2415=CARTESIAN_POINT('Ctrl Pts',(-213.,57.5,20.));
#2416=CARTESIAN_POINT('Ctrl Pts',(-215.,57.5,20.));
#2417=CARTESIAN_POINT('Ctrl Pts',(-215.,55.5,20.));
#2418=CARTESIAN_POINT('Ctrl Pts',(-213.,56.5,20.));
#2419=CARTESIAN_POINT('Ctrl Pts',(-214.,56.5,20.));
#2420=CARTESIAN_POINT('Ctrl Pts',(-214.,55.5,20.));
#2421=CARTESIAN_POINT('',(-215.,55.5,19.));
#2422=CARTESIAN_POINT('',(-214.,55.5,20.));
#2423=CARTESIAN_POINT('Origin',(-214.,55.5,19.));
#2424=CARTESIAN_POINT('Origin',(-213.,55.5,20.));
#2425=CARTESIAN_POINT('Origin',(-213.,55.5,19.));
#2426=CARTESIAN_POINT('Origin',(-214.,74.,19.));
#2427=CARTESIAN_POINT('',(-215.,37.,19.));
#2428=CARTESIAN_POINT('',(-214.,37.,20.));
#2429=CARTESIAN_POINT('Origin',(-214.,37.,19.));
#2430=CARTESIAN_POINT('',(-214.,74.,20.));
#2431=CARTESIAN_POINT('',(-215.,74.,19.));
#2432=CARTESIAN_POINT('Ctrl Pts',(-215.,37.,19.));
#2433=CARTESIAN_POINT('Ctrl Pts',(-215.,35.,19.));
#2434=CARTESIAN_POINT('Ctrl Pts',(-213.,35.,19.));
#2435=CARTESIAN_POINT('Ctrl Pts',(-215.,37.,20.));
#2436=CARTESIAN_POINT('Ctrl Pts',(-215.,35.,20.));
#2437=CARTESIAN_POINT('Ctrl Pts',(-213.,35.,20.));
#2438=CARTESIAN_POINT('Ctrl Pts',(-214.,37.,20.));
#2439=CARTESIAN_POINT('Ctrl Pts',(-214.,36.,20.));
#2440=CARTESIAN_POINT('Ctrl Pts',(-213.,36.,20.));
#2441=CARTESIAN_POINT('',(-213.,35.,19.));
#2442=CARTESIAN_POINT('',(-213.,36.,20.));
#2443=CARTESIAN_POINT('Origin',(-213.,36.,19.));
#2444=CARTESIAN_POINT('Origin',(-213.,37.,20.));
#2445=CARTESIAN_POINT('Origin',(-213.,37.,19.));
#2446=CARTESIAN_POINT('Origin',(-169.153813177324,36.,19.));
#2447=CARTESIAN_POINT('',(-202.,35.,19.));
#2448=CARTESIAN_POINT('',(-202.,36.,20.));
#2449=CARTESIAN_POINT('Origin',(-202.,36.,19.));
#2450=CARTESIAN_POINT('',(-169.153813177324,36.,20.));
#2451=CARTESIAN_POINT('',(-169.153813177324,35.,19.));
#2452=CARTESIAN_POINT('Ctrl Pts',(-202.,35.,19.));
#2453=CARTESIAN_POINT('Ctrl Pts',(-200.,35.,19.));
#2454=CARTESIAN_POINT('Ctrl Pts',(-200.,37.,19.));
#2455=CARTESIAN_POINT('Ctrl Pts',(-202.,35.,20.));
#2456=CARTESIAN_POINT('Ctrl Pts',(-200.,35.,20.));
#2457=CARTESIAN_POINT('Ctrl Pts',(-200.,37.,20.));
#2458=CARTESIAN_POINT('Ctrl Pts',(-202.,36.,20.));
#2459=CARTESIAN_POINT('Ctrl Pts',(-201.,36.,20.));
#2460=CARTESIAN_POINT('Ctrl Pts',(-201.,37.,20.));
#2461=CARTESIAN_POINT('',(-200.,37.,19.));
#2462=CARTESIAN_POINT('',(-201.,37.,20.));
#2463=CARTESIAN_POINT('Origin',(-201.,37.,19.));
#2464=CARTESIAN_POINT('Origin',(-202.,37.,20.));
#2465=CARTESIAN_POINT('Origin',(-202.,37.,19.));
#2466=CARTESIAN_POINT('Origin',(-201.,64.75,19.));
#2467=CARTESIAN_POINT('',(-200.,48.,19.));
#2468=CARTESIAN_POINT('',(-201.,48.,20.));
#2469=CARTESIAN_POINT('Origin',(-201.,48.,19.));
#2470=CARTESIAN_POINT('',(-201.,64.75,20.));
#2471=CARTESIAN_POINT('',(-200.,64.75,19.));
#2472=CARTESIAN_POINT('Origin',(-198.,48.,19.));
#2473=CARTESIAN_POINT('',(-198.,50.,19.));
#2474=CARTESIAN_POINT('',(-198.,51.,20.));
#2475=CARTESIAN_POINT('Origin',(-198.,51.,19.));
#2476=CARTESIAN_POINT('Origin',(-198.,48.,20.));
#2477=CARTESIAN_POINT('Origin',(-198.,48.,19.));
#2478=CARTESIAN_POINT('Origin',(-161.653813177324,51.,19.));
#2479=CARTESIAN_POINT('',(-40.3035065858966,50.,19.));
#2480=CARTESIAN_POINT('',(-40.3035065858966,51.,20.));
#2481=CARTESIAN_POINT('Origin',(-40.3035065858966,51.,19.));
#2482=CARTESIAN_POINT('',(-161.653813177324,51.,20.));
#2483=CARTESIAN_POINT('',(-161.653813177324,50.,19.));
#2484=CARTESIAN_POINT('Ctrl Pts',(-40.3035065858966,50.,19.));
#2485=CARTESIAN_POINT('Ctrl Pts',(-38.7688526099387,50.,19.));
#2486=CARTESIAN_POINT('Ctrl Pts',(-38.3716549333185,51.482361909795,19.));
#2487=CARTESIAN_POINT('Ctrl Pts',(-37.9744572566983,52.9647238195899,19.));
#2488=CARTESIAN_POINT('Ctrl Pts',(-39.3035065858967,53.7320508075689,19.));
#2489=CARTESIAN_POINT('Ctrl Pts',(-40.3035065858966,50.,20.));
#2490=CARTESIAN_POINT('Ctrl Pts',(-38.7688526099387,50.,20.));
#2491=CARTESIAN_POINT('Ctrl Pts',(-38.3716549333185,51.482361909795,20.));
#2492=CARTESIAN_POINT('Ctrl Pts',(-37.9744572566983,52.9647238195899,20.));
#2493=CARTESIAN_POINT('Ctrl Pts',(-39.3035065858967,53.7320508075689,20.));
#2494=CARTESIAN_POINT('Ctrl Pts',(-40.3035065858966,51.,20.));
#2495=CARTESIAN_POINT('Ctrl Pts',(-39.5361795979177,51.,20.));
#2496=CARTESIAN_POINT('Ctrl Pts',(-39.3375807596076,51.7411809548975,20.));
#2497=CARTESIAN_POINT('Ctrl Pts',(-39.1389819212975,52.482361909795,20.));
#2498=CARTESIAN_POINT('Ctrl Pts',(-39.8035065858967,52.8660254037844,20.));
#2499=CARTESIAN_POINT('',(-39.3035065858966,53.7320508075689,19.));
#2500=CARTESIAN_POINT('',(-39.8035065858966,52.8660254037844,20.));
#2501=CARTESIAN_POINT('Origin',(-39.8035065858966,52.8660254037844,19.));
#2502=CARTESIAN_POINT('Origin',(-40.3035065858966,52.,20.));
#2503=CARTESIAN_POINT('Origin',(-40.3035065858966,52.,19.));
#2504=CARTESIAN_POINT('Origin',(-80.4485587124956,76.3324571903027,19.));
#2505=CARTESIAN_POINT('',(-91.25,83.7233727636586,19.));
#2506=CARTESIAN_POINT('',(-91.75,82.8573473598741,20.));
#2507=CARTESIAN_POINT('Origin',(-91.75,82.8573473598741,19.));
#2508=CARTESIAN_POINT('',(-80.4485587124956,76.3324571903027,20.));
#2509=CARTESIAN_POINT('',(-79.9485587124956,77.1984825940871,19.));
#2510=CARTESIAN_POINT('Origin',(-82.5,98.8788173298862,19.));
#2511=CARTESIAN_POINT('',(-100.,98.8788173298862,19.));
#2512=CARTESIAN_POINT('',(-101.,98.8788173298862,20.));
#2513=CARTESIAN_POINT('Origin',(-101.,98.8788173298862,19.));
#2514=CARTESIAN_POINT('Origin',(-82.5,98.8788173298862,20.));
#2515=CARTESIAN_POINT('Origin',(-82.5,98.8788173298862,19.));
#2516=CARTESIAN_POINT('Origin',(-101.,90.6375938095339,19.));
#2517=CARTESIAN_POINT('',(-100.,99.5691185708075,19.));
#2518=CARTESIAN_POINT('',(-101.,99.5691185708075,20.));
#2519=CARTESIAN_POINT('Origin',(-101.,99.5691185708075,19.));
#2520=CARTESIAN_POINT('',(-101.,90.6375938095339,20.));
#2521=CARTESIAN_POINT('',(-100.,90.6375938095339,19.));
#2522=CARTESIAN_POINT('Origin',(-82.5,99.5691185708075,19.));
#2523=CARTESIAN_POINT('',(-91.25,114.724563137035,19.));
#2524=CARTESIAN_POINT('',(-91.75,115.59058854082,20.));
#2525=CARTESIAN_POINT('Origin',(-91.75,115.59058854082,19.));
#2526=CARTESIAN_POINT('Origin',(-82.5,99.5691185708075,20.));
#2527=CARTESIAN_POINT('Origin',(-82.5,99.5691185708075,19.));
#2528=CARTESIAN_POINT('Origin',(-113.708368949164,102.912918317055,19.));
#2529=CARTESIAN_POINT('',(-36.6152527092946,146.267949192431,19.));
#2530=CARTESIAN_POINT('',(-37.1152527092946,147.133974596216,20.));
#2531=CARTESIAN_POINT('Origin',(-37.1152527092946,147.133974596216,19.));
#2532=CARTESIAN_POINT('',(-113.708368949164,102.912918317055,20.));
#2533=CARTESIAN_POINT('',(-113.208368949164,102.04689291327,19.));
#2534=CARTESIAN_POINT('Ctrl Pts',(-36.6152527092946,146.267949192431,19.));
#2535=CARTESIAN_POINT('Ctrl Pts',(-35.2862033800963,147.03527618041,19.));
#2536=CARTESIAN_POINT('Ctrl Pts',(-35.6834010567165,148.517638090205,19.));
#2537=CARTESIAN_POINT('Ctrl Pts',(-36.0805987333367,150.,19.));
#2538=CARTESIAN_POINT('Ctrl Pts',(-37.6152527092946,150.,19.));
#2539=CARTESIAN_POINT('Ctrl Pts',(-36.6152527092946,146.267949192431,20.));
#2540=CARTESIAN_POINT('Ctrl Pts',(-35.2862033800963,147.03527618041,20.));
#2541=CARTESIAN_POINT('Ctrl Pts',(-35.6834010567165,148.517638090205,20.));
#2542=CARTESIAN_POINT('Ctrl Pts',(-36.0805987333367,150.,20.));
#2543=CARTESIAN_POINT('Ctrl Pts',(-37.6152527092946,150.,20.));
#2544=CARTESIAN_POINT('Ctrl Pts',(-37.1152527092946,147.133974596216,20.));
#2545=CARTESIAN_POINT('Ctrl Pts',(-36.4507280446955,147.517638090205,20.));
#2546=CARTESIAN_POINT('Ctrl Pts',(-36.6493268830056,148.258819045103,20.));
#2547=CARTESIAN_POINT('Ctrl Pts',(-36.8479257213157,149.,20.));
#2548=CARTESIAN_POINT('Ctrl Pts',(-37.6152527092946,149.,20.));
#2549=CARTESIAN_POINT('',(-37.6152527092946,150.,19.));
#2550=CARTESIAN_POINT('',(-37.6152527092946,149.,20.));
#2551=CARTESIAN_POINT('Origin',(-37.6152527092946,149.,19.));
#2552=CARTESIAN_POINT('Origin',(-37.6152527092946,148.,20.));
#2553=CARTESIAN_POINT('Origin',(-37.6152527092946,148.,19.));
#2554=CARTESIAN_POINT('Origin',(-81.461439531971,149.,19.));
#2555=CARTESIAN_POINT('',(-81.461439531971,149.,20.));
#2556=CARTESIAN_POINT('',(-81.461439531971,150.,19.));
#2557=CARTESIAN_POINT('Origin',(-105.000001579523,121.1,19.));
#2558=CARTESIAN_POINT('',(-106.000001579523,121.1,19.));
#2559=CARTESIAN_POINT('',(-105.000001579523,121.1,20.));
#2560=CARTESIAN_POINT('Origin',(-213.,37.,0.));
#2561=CARTESIAN_POINT('',(-215.,37.,1.));
#2562=CARTESIAN_POINT('',(-215.,37.,0.));
#2563=CARTESIAN_POINT('',(-213.,35.,1.));
#2564=CARTESIAN_POINT('Origin',(-213.,37.,1.));
#2565=CARTESIAN_POINT('',(-213.,35.,0.));
#2566=CARTESIAN_POINT('Origin',(-215.,55.5,0.));
#2567=CARTESIAN_POINT('',(-215.,55.5,1.));
#2568=CARTESIAN_POINT('',(-215.,55.5,0.));
#2569=CARTESIAN_POINT('',(-215.,74.,1.));
#2570=CARTESIAN_POINT('Origin',(-213.,55.5,0.));
#2571=CARTESIAN_POINT('',(-213.,57.5,1.));
#2572=CARTESIAN_POINT('',(-213.,57.5,0.));
#2573=CARTESIAN_POINT('Origin',(-213.,55.5,1.));
#2574=CARTESIAN_POINT('Origin',(-202.,57.5,0.));
#2575=CARTESIAN_POINT('',(-202.,57.5,1.));
#2576=CARTESIAN_POINT('',(-202.,57.5,0.));
#2577=CARTESIAN_POINT('',(-163.653813177324,57.5,1.));
#2578=CARTESIAN_POINT('Origin',(-202.,59.5,0.));
#2579=CARTESIAN_POINT('',(-200.,59.5,1.));
#2580=CARTESIAN_POINT('',(-200.,59.5,0.));
#2581=CARTESIAN_POINT('Origin',(-202.,59.5,1.));
#2582=CARTESIAN_POINT('Origin',(-200.,142.5,0.));
#2583=CARTESIAN_POINT('',(-200.,142.5,1.));
#2584=CARTESIAN_POINT('',(-200.,142.5,0.));
#2585=CARTESIAN_POINT('',(-200.,117.5,1.));
#2586=CARTESIAN_POINT('Origin',(-192.5,142.5,0.));
#2587=CARTESIAN_POINT('',(-192.5,150.,1.));
#2588=CARTESIAN_POINT('',(-192.5,150.,0.));
#2589=CARTESIAN_POINT('Origin',(-192.5,142.5,1.));
#2590=CARTESIAN_POINT('Origin',(-127.,150.,0.));
#2591=CARTESIAN_POINT('',(-127.,150.,1.));
#2592=CARTESIAN_POINT('',(-127.,150.,0.));
#2593=CARTESIAN_POINT('',(-126.153813177324,150.,1.));
#2594=CARTESIAN_POINT('Origin',(-127.,148.,0.));
#2595=CARTESIAN_POINT('',(-125.,148.,1.));
#2596=CARTESIAN_POINT('',(-125.,148.,0.));
#2597=CARTESIAN_POINT('Origin',(-127.,148.,1.));
#2598=CARTESIAN_POINT('Origin',(-125.,142.000002086163,0.));
#2599=CARTESIAN_POINT('',(-125.,142.000002086163,1.));
#2600=CARTESIAN_POINT('',(-125.,142.000002086163,0.));
#2601=CARTESIAN_POINT('',(-125.,117.250001043081,1.));
#2602=CARTESIAN_POINT('Origin',(-123.,142.000002086163,0.));
#2603=CARTESIAN_POINT('',(-123.,140.000002086163,1.));
#2604=CARTESIAN_POINT('',(-123.,140.000002086163,0.));
#2605=CARTESIAN_POINT('Origin',(-123.,142.000002086163,1.));
#2606=CARTESIAN_POINT('Origin',(-109.5,140.000002086163,0.));
#2607=CARTESIAN_POINT('',(-109.5,140.000002086163,1.));
#2608=CARTESIAN_POINT('',(-109.5,140.000002086163,0.));
#2609=CARTESIAN_POINT('',(-117.403813177324,140.000002086163,1.));
#2610=CARTESIAN_POINT('Origin',(-109.5,142.000002086163,0.));
#2611=CARTESIAN_POINT('',(-107.5,142.000002086163,1.));
#2612=CARTESIAN_POINT('',(-107.5,142.000002086163,0.));
#2613=CARTESIAN_POINT('Origin',(-109.5,142.000002086163,1.));
#2614=CARTESIAN_POINT('Origin',(-107.5,147.62347538298,0.));
#2615=CARTESIAN_POINT('',(-107.5,147.62347538298,1.));
#2616=CARTESIAN_POINT('',(-107.5,147.62347538298,0.));
#2617=CARTESIAN_POINT('',(-107.5,120.06173769149,1.));
#2618=CARTESIAN_POINT('Origin',(-105.5,147.62347538298,0.));
#2619=CARTESIAN_POINT('',(-106.000001579523,149.559966648252,1.));
#2620=CARTESIAN_POINT('',(-106.000001579523,149.559966648252,0.));
#2621=CARTESIAN_POINT('Origin',(-105.5,147.62347538298,1.));
#2622=CARTESIAN_POINT('Origin',(-125.307626354647,92.5,20.));
#2623=CARTESIAN_POINT('',(-57.5175008195639,55.0000008195639,20.));
#2624=CARTESIAN_POINT('Origin',(-55.0000008195639,55.0000008195639,20.));
#2625=CARTESIAN_POINT('',(-152.517502235174,145.000002160668,20.));
#2626=CARTESIAN_POINT('Origin',(-150.000002235174,145.000002160668,20.));
#2627=CARTESIAN_POINT('',(-57.5175008195639,143.000002130866,20.));
#2628=CARTESIAN_POINT('Origin',(-55.0000008195639,143.000002130866,20.));
#2629=CARTESIAN_POINT('',(-209.51750308454,45.0000006705523,20.));
#2630=CARTESIAN_POINT('Origin',(-207.00000308454,45.0000006705523,20.));
#2631=CARTESIAN_POINT('',(-180.,100.,20.));
#2632=CARTESIAN_POINT('Origin',(-150.,100.,20.));
#2633=CARTESIAN_POINT('Ctrl Pts',(-105.000001579523,149.,2.77555756156289E-16));
#2634=CARTESIAN_POINT('Ctrl Pts',(-105.224401054779,149.157079632679,2.93126597665256E-16));
#2635=CARTESIAN_POINT('Ctrl Pts',(-105.748738679944,149.524115970295,0.182960515063011));
#2636=CARTESIAN_POINT('Ctrl Pts',(-106.000001579523,149.7,0.700800699658115));
#2637=CARTESIAN_POINT('Ctrl Pts',(-106.000001579523,149.7,1.));
#2638=CARTESIAN_POINT('Ctrl Pts',(-105.000001579523,149.,2.77555756156289E-16));
#2639=CARTESIAN_POINT('Ctrl Pts',(-105.213181081017,149.168299606442,2.93126597665256E-16));
#2640=CARTESIAN_POINT('Ctrl Pts',(-105.710457238094,149.5601001242,0.154581161228535));
#2641=CARTESIAN_POINT('Ctrl Pts',(-106.000001579523,149.77853981634,0.677069507245812));
#2642=CARTESIAN_POINT('Ctrl Pts',(-106.000001579523,149.77853981634,1.));
#2643=CARTESIAN_POINT('Ctrl Pts',(-105.000001579523,149.,2.77555756156289E-16));
#2644=CARTESIAN_POINT('Ctrl Pts',(-105.190741133491,149.190739553968,2.93126597665256E-16));
#2645=CARTESIAN_POINT('Ctrl Pts',(-105.632719379262,149.632717799739,0.125741605684026));
#2646=CARTESIAN_POINT('Ctrl Pts',(-105.934889077971,149.934887498448,0.650131897336213));
#2647=CARTESIAN_POINT('Ctrl Pts',(-105.934889077971,149.934887498448,1.));
#2648=CARTESIAN_POINT('Ctrl Pts',(-105.000001579523,149.,2.77555756156289E-16));
#2649=CARTESIAN_POINT('Ctrl Pts',(-105.168301185965,149.213179501494,2.93126597665256E-16));
#2650=CARTESIAN_POINT('Ctrl Pts',(-105.560101703723,149.710455658571,0.154581161228539));
#2651=CARTESIAN_POINT('Ctrl Pts',(-105.778541395863,150.,0.677069507245812));
#2652=CARTESIAN_POINT('Ctrl Pts',(-105.778541395863,150.,1.));
#2653=CARTESIAN_POINT('Ctrl Pts',(-105.000001579523,149.,2.77555756156289E-16));
#2654=CARTESIAN_POINT('Ctrl Pts',(-105.157081212203,149.224399475256,2.93126597665256E-16));
#2655=CARTESIAN_POINT('Ctrl Pts',(-105.524117549818,149.748737100421,0.182960515063016));
#2656=CARTESIAN_POINT('Ctrl Pts',(-105.700001579523,150.,0.700800699658115));
#2657=CARTESIAN_POINT('Ctrl Pts',(-105.700001579523,150.,1.));
#2658=CARTESIAN_POINT('',(-106.000001579523,149.7,1.));
#2659=CARTESIAN_POINT('',(-105.700001579523,150.,1.));
#2660=CARTESIAN_POINT('Origin',(-105.700001579523,149.7,1.));
#2661=CARTESIAN_POINT('',(-105.000001579523,149.,1.38777878078145E-16));
#2662=CARTESIAN_POINT('Origin',(-105.000001579523,149.,1.));
#2663=CARTESIAN_POINT('Origin',(-105.000001579523,149.,1.));
#2664=CARTESIAN_POINT('Origin',(-105.000001579523,121.1,1.));
#2665=CARTESIAN_POINT('',(-105.000001579523,148.4895016987,0.));
#2666=CARTESIAN_POINT('',(-105.000001579523,121.1,0.));
#2667=CARTESIAN_POINT('Ctrl Pts',(-105.000001579523,148.4895016987,0.));
#2668=CARTESIAN_POINT('Ctrl Pts',(-105.000803234419,148.490890202787,-3.86698197903675E-18));
#2669=CARTESIAN_POINT('Ctrl Pts',(-105.001606334987,148.492277871552,9.63976911999355E-7));
#2670=CARTESIAN_POINT('Ctrl Pts',(-105.053103001585,148.581045817335,0.000125034984970114));
#2671=CARTESIAN_POINT('Ctrl Pts',(-105.109430211929,148.664995836773,0.00412997570070669));
#2672=CARTESIAN_POINT('Ctrl Pts',(-105.301189633145,148.921357340285,0.037136706209232));
#2673=CARTESIAN_POINT('Ctrl Pts',(-105.442389200709,149.070064398406,0.08922270049805));
#2674=CARTESIAN_POINT('Ctrl Pts',(-105.659465990014,149.277341699539,0.24083261145055));
#2675=CARTESIAN_POINT('Ctrl Pts',(-105.742342032591,149.349886935768,0.319248085604553));
#2676=CARTESIAN_POINT('Ctrl Pts',(-105.871459088366,149.458365982049,0.499215755941915));
#2677=CARTESIAN_POINT('Ctrl Pts',(-105.920109502273,149.497242519645,0.593380836763058));
#2678=CARTESIAN_POINT('Ctrl Pts',(-105.983760693808,149.547497108437,0.793956365296255));
#2679=CARTESIAN_POINT('Ctrl Pts',(-106.000001579523,149.559966648252,0.896064212445689));
#2680=CARTESIAN_POINT('Ctrl Pts',(-106.000001579523,149.559966648252,1.));
#2681=CARTESIAN_POINT('',(-106.000001579523,121.1,1.));
#2682=CARTESIAN_POINT('Ctrl Pts',(-105.000001579523,148.4895016987,0.));
#2683=CARTESIAN_POINT('Ctrl Pts',(-105.500001579522,148.778175617379,0.));
#2684=CARTESIAN_POINT('Ctrl Pts',(-106.000000789761,148.489500330795,0.));
#2685=CARTESIAN_POINT('Ctrl Pts',(-106.5,148.200825044211,0.));
#2686=CARTESIAN_POINT('Ctrl Pts',(-106.5,147.62347538298,0.));
#2687=CARTESIAN_POINT('Ctrl Pts',(-104.500003159046,149.355528014421,-4.84885656808828E-15));
#2688=CARTESIAN_POINT('Ctrl Pts',(-105.500003159044,149.932875851778,-4.8572257591737E-15));
#2689=CARTESIAN_POINT('Ctrl Pts',(-106.500001579522,149.35552527861,-4.86559493703982E-15));
#2690=CARTESIAN_POINT('Ctrl Pts',(-107.5,148.778174705443,-4.87396411490593E-15));
#2691=CARTESIAN_POINT('Ctrl Pts',(-107.5,147.62347538298,-4.87396411490593E-15));
#2692=CARTESIAN_POINT('Ctrl Pts',(-104.500003159046,149.355528014421,1.));
#2693=CARTESIAN_POINT('Ctrl Pts',(-105.500003159044,149.932875851778,1.));
#2694=CARTESIAN_POINT('Ctrl Pts',(-106.500001579522,149.35552527861,1.));
#2695=CARTESIAN_POINT('Ctrl Pts',(-107.5,148.778174705443,1.));
#2696=CARTESIAN_POINT('Ctrl Pts',(-107.5,147.62347538298,1.));
#2697=CARTESIAN_POINT('',(-106.5,147.62347538298,0.));
#2698=CARTESIAN_POINT('Origin',(-105.5,147.62347538298,0.));
#2699=CARTESIAN_POINT('Origin',(-106.5,147.62347538298,1.));
#2700=CARTESIAN_POINT('Origin',(-106.5,120.06173769149,1.));
#2701=CARTESIAN_POINT('',(-106.5,142.000002086163,0.));
#2702=CARTESIAN_POINT('Origin',(-106.5,142.000002086163,1.));
#2703=CARTESIAN_POINT('',(-106.5,120.06173769149,0.));
#2704=CARTESIAN_POINT('Origin',(-109.5,142.000002086163,1.));
#2705=CARTESIAN_POINT('',(-109.5,139.000002086163,0.));
#2706=CARTESIAN_POINT('Origin',(-109.5,139.000002086163,1.));
#2707=CARTESIAN_POINT('Origin',(-109.5,142.000002086163,0.));
#2708=CARTESIAN_POINT('Origin',(-117.403813177324,139.000002086163,1.));
#2709=CARTESIAN_POINT('',(-123.,139.000002086163,0.));
#2710=CARTESIAN_POINT('Origin',(-123.,139.000002086163,1.));
#2711=CARTESIAN_POINT('',(-117.403813177324,139.000002086163,0.));
#2712=CARTESIAN_POINT('Origin',(-123.,142.000002086163,1.));
#2713=CARTESIAN_POINT('',(-126.,142.000002086163,0.));
#2714=CARTESIAN_POINT('Origin',(-126.,142.000002086163,1.));
#2715=CARTESIAN_POINT('Origin',(-123.,142.000002086163,0.));
#2716=CARTESIAN_POINT('Origin',(-126.,117.250001043081,1.));
#2717=CARTESIAN_POINT('',(-126.,148.,0.));
#2718=CARTESIAN_POINT('Origin',(-126.,148.,1.));
#2719=CARTESIAN_POINT('',(-126.,117.250001043081,0.));
#2720=CARTESIAN_POINT('Ctrl Pts',(-126.,148.,0.));
#2721=CARTESIAN_POINT('Ctrl Pts',(-126.,149.,0.));
#2722=CARTESIAN_POINT('Ctrl Pts',(-127.,149.,0.));
#2723=CARTESIAN_POINT('Ctrl Pts',(-125.,148.,-1.41524829696078E-14));
#2724=CARTESIAN_POINT('Ctrl Pts',(-125.,150.,-1.41524829696078E-14));
#2725=CARTESIAN_POINT('Ctrl Pts',(-127.,150.,-1.41553435639707E-14));
#2726=CARTESIAN_POINT('Ctrl Pts',(-125.,148.,1.));
#2727=CARTESIAN_POINT('Ctrl Pts',(-125.,150.,1.));
#2728=CARTESIAN_POINT('Ctrl Pts',(-127.,150.,1.));
#2729=CARTESIAN_POINT('',(-127.,149.,0.));
#2730=CARTESIAN_POINT('Origin',(-127.,149.,1.));
#2731=CARTESIAN_POINT('Origin',(-127.,148.,0.));
#2732=CARTESIAN_POINT('Origin',(-126.153813177324,149.,1.));
#2733=CARTESIAN_POINT('',(-192.5,149.,0.));
#2734=CARTESIAN_POINT('Origin',(-192.5,149.,1.));
#2735=CARTESIAN_POINT('',(-126.153813177324,149.,0.));
#2736=CARTESIAN_POINT('Origin',(-192.5,142.5,1.));
#2737=CARTESIAN_POINT('',(-199.,142.5,0.));
#2738=CARTESIAN_POINT('Origin',(-199.,142.5,1.));
#2739=CARTESIAN_POINT('Origin',(-192.5,142.5,0.));
#2740=CARTESIAN_POINT('Origin',(-199.,117.5,1.));
#2741=CARTESIAN_POINT('',(-199.,59.5,0.));
#2742=CARTESIAN_POINT('Origin',(-199.,59.5,1.));
#2743=CARTESIAN_POINT('',(-199.,117.5,0.));
#2744=CARTESIAN_POINT('Origin',(-202.,59.5,1.));
#2745=CARTESIAN_POINT('',(-202.,56.5,0.));
#2746=CARTESIAN_POINT('Origin',(-202.,56.5,1.));
#2747=CARTESIAN_POINT('Origin',(-202.,59.5,0.));
#2748=CARTESIAN_POINT('Origin',(-163.653813177324,56.5,1.));
#2749=CARTESIAN_POINT('',(-213.,56.5,0.));
#2750=CARTESIAN_POINT('Origin',(-213.,56.5,1.));
#2751=CARTESIAN_POINT('',(-163.653813177324,56.5,0.));
#2752=CARTESIAN_POINT('Ctrl Pts',(-213.,56.5,0.));
#2753=CARTESIAN_POINT('Ctrl Pts',(-214.,56.5,0.));
#2754=CARTESIAN_POINT('Ctrl Pts',(-214.,55.5,0.));
#2755=CARTESIAN_POINT('Ctrl Pts',(-213.,57.5,-1.4432899320127E-14));
#2756=CARTESIAN_POINT('Ctrl Pts',(-215.,57.5,-1.44635154901056E-14));
#2757=CARTESIAN_POINT('Ctrl Pts',(-215.,55.5,-1.44635154901056E-14));
#2758=CARTESIAN_POINT('Ctrl Pts',(-213.,57.5,1.));
#2759=CARTESIAN_POINT('Ctrl Pts',(-215.,57.5,1.));
#2760=CARTESIAN_POINT('Ctrl Pts',(-215.,55.5,1.));
#2761=CARTESIAN_POINT('',(-214.,55.5,0.));
#2762=CARTESIAN_POINT('Origin',(-214.,55.5,1.));
#2763=CARTESIAN_POINT('Origin',(-213.,55.5,0.));
#2764=CARTESIAN_POINT('Origin',(-214.,74.,1.));
#2765=CARTESIAN_POINT('',(-214.,37.,0.));
#2766=CARTESIAN_POINT('Origin',(-214.,37.,1.));
#2767=CARTESIAN_POINT('',(-214.,74.,0.));
#2768=CARTESIAN_POINT('Ctrl Pts',(-214.,37.,0.));
#2769=CARTESIAN_POINT('Ctrl Pts',(-214.,36.,0.));
#2770=CARTESIAN_POINT('Ctrl Pts',(-213.,36.,0.));
#2771=CARTESIAN_POINT('Ctrl Pts',(-215.,37.,-1.41582041583337E-14));
#2772=CARTESIAN_POINT('Ctrl Pts',(-215.,35.,-1.41582041583337E-14));
#2773=CARTESIAN_POINT('Ctrl Pts',(-213.,35.,-1.41553435639707E-14));
#2774=CARTESIAN_POINT('Ctrl Pts',(-215.,37.,1.));
#2775=CARTESIAN_POINT('Ctrl Pts',(-215.,35.,1.));
#2776=CARTESIAN_POINT('Ctrl Pts',(-213.,35.,1.));
#2777=CARTESIAN_POINT('',(-213.,36.,0.));
#2778=CARTESIAN_POINT('Origin',(-213.,36.,1.));
#2779=CARTESIAN_POINT('Origin',(-213.,37.,0.));
#2780=CARTESIAN_POINT('Origin',(-169.153813177324,36.,1.));
#2781=CARTESIAN_POINT('',(-202.,36.,0.));
#2782=CARTESIAN_POINT('',(-202.,35.,1.));
#2783=CARTESIAN_POINT('Origin',(-202.,36.,1.));
#2784=CARTESIAN_POINT('',(-169.153813177324,35.,1.));
#2785=CARTESIAN_POINT('',(-169.153813177324,36.,0.));
#2786=CARTESIAN_POINT('Ctrl Pts',(-202.,36.,0.));
#2787=CARTESIAN_POINT('Ctrl Pts',(-201.,36.,0.));
#2788=CARTESIAN_POINT('Ctrl Pts',(-201.,37.,0.));
#2789=CARTESIAN_POINT('Ctrl Pts',(-202.,35.,-1.41553435639707E-14));
#2790=CARTESIAN_POINT('Ctrl Pts',(-200.,35.,-1.41524829696078E-14));
#2791=CARTESIAN_POINT('Ctrl Pts',(-200.,37.,-1.41524829696078E-14));
#2792=CARTESIAN_POINT('Ctrl Pts',(-202.,35.,1.));
#2793=CARTESIAN_POINT('Ctrl Pts',(-200.,35.,1.));
#2794=CARTESIAN_POINT('Ctrl Pts',(-200.,37.,1.));
#2795=CARTESIAN_POINT('',(-201.,37.,0.));
#2796=CARTESIAN_POINT('',(-200.,37.,1.));
#2797=CARTESIAN_POINT('Origin',(-201.,37.,1.));
#2798=CARTESIAN_POINT('Origin',(-202.,37.,1.));
#2799=CARTESIAN_POINT('Origin',(-202.,37.,0.));
#2800=CARTESIAN_POINT('Origin',(-201.,64.75,1.));
#2801=CARTESIAN_POINT('',(-201.,48.,0.));
#2802=CARTESIAN_POINT('',(-200.,48.,1.));
#2803=CARTESIAN_POINT('Origin',(-201.,48.,1.));
#2804=CARTESIAN_POINT('',(-200.,64.75,1.));
#2805=CARTESIAN_POINT('',(-201.,64.75,0.));
#2806=CARTESIAN_POINT('Origin',(-198.,48.,1.));
#2807=CARTESIAN_POINT('',(-198.,51.,0.));
#2808=CARTESIAN_POINT('',(-198.,50.,1.));
#2809=CARTESIAN_POINT('Origin',(-198.,51.,1.));
#2810=CARTESIAN_POINT('Origin',(-198.,48.,1.));
#2811=CARTESIAN_POINT('Origin',(-198.,48.,0.));
#2812=CARTESIAN_POINT('Origin',(-161.653813177324,51.,1.));
#2813=CARTESIAN_POINT('',(-40.3035065858966,51.,0.));
#2814=CARTESIAN_POINT('',(-40.3035065858966,50.,1.));
#2815=CARTESIAN_POINT('Origin',(-40.3035065858966,51.,1.));
#2816=CARTESIAN_POINT('',(-161.653813177324,50.,1.));
#2817=CARTESIAN_POINT('',(-161.653813177324,51.,0.));
#2818=CARTESIAN_POINT('Ctrl Pts',(-40.3035065858966,51.,0.));
#2819=CARTESIAN_POINT('Ctrl Pts',(-39.5361795979177,51.,0.));
#2820=CARTESIAN_POINT('Ctrl Pts',(-39.3375807596076,51.7411809548975,0.));
#2821=CARTESIAN_POINT('Ctrl Pts',(-39.1389819212975,52.482361909795,0.));
#2822=CARTESIAN_POINT('Ctrl Pts',(-39.8035065858967,52.8660254037844,0.));
#2823=CARTESIAN_POINT('Ctrl Pts',(-40.3035065858966,50.,-1.41553435639707E-14));
#2824=CARTESIAN_POINT('Ctrl Pts',(-38.7688526099387,50.,-1.41531485527144E-14));
#2825=CARTESIAN_POINT('Ctrl Pts',(-38.3716549333185,51.482361909795,-1.4152580441997E-14));
#2826=CARTESIAN_POINT('Ctrl Pts',(-37.9744572566983,52.9647238195899,-1.41520123312797E-14));
#2827=CARTESIAN_POINT('Ctrl Pts',(-39.3035065858967,53.7320508075689,-1.41539132667893E-14));
#2828=CARTESIAN_POINT('Ctrl Pts',(-40.3035065858966,50.,1.));
#2829=CARTESIAN_POINT('Ctrl Pts',(-38.7688526099387,50.,1.));
#2830=CARTESIAN_POINT('Ctrl Pts',(-38.3716549333185,51.482361909795,1.));
#2831=CARTESIAN_POINT('Ctrl Pts',(-37.9744572566983,52.9647238195899,1.));
#2832=CARTESIAN_POINT('Ctrl Pts',(-39.3035065858967,53.7320508075689,1.));
#2833=CARTESIAN_POINT('',(-39.8035065858966,52.8660254037844,0.));
#2834=CARTESIAN_POINT('',(-39.3035065858966,53.7320508075689,1.));
#2835=CARTESIAN_POINT('Origin',(-39.8035065858966,52.8660254037844,1.));
#2836=CARTESIAN_POINT('Origin',(-40.3035065858966,52.,1.));
#2837=CARTESIAN_POINT('Origin',(-40.3035065858966,52.,0.));
#2838=CARTESIAN_POINT('Origin',(-80.4485587124956,76.3324571903027,1.));
#2839=CARTESIAN_POINT('',(-91.75,82.8573473598741,0.));
#2840=CARTESIAN_POINT('',(-91.25,83.7233727636586,1.));
#2841=CARTESIAN_POINT('Origin',(-91.75,82.8573473598741,1.));
#2842=CARTESIAN_POINT('',(-79.9485587124956,77.1984825940871,1.));
#2843=CARTESIAN_POINT('',(-80.4485587124956,76.3324571903027,0.));
#2844=CARTESIAN_POINT('Origin',(-82.5,98.8788173298862,1.));
#2845=CARTESIAN_POINT('',(-101.,98.8788173298862,0.));
#2846=CARTESIAN_POINT('',(-100.,98.8788173298862,1.));
#2847=CARTESIAN_POINT('Origin',(-101.,98.8788173298862,1.));
#2848=CARTESIAN_POINT('Origin',(-82.5,98.8788173298862,1.));
#2849=CARTESIAN_POINT('Origin',(-82.5,98.8788173298862,0.));
#2850=CARTESIAN_POINT('Origin',(-101.,90.6375938095339,1.));
#2851=CARTESIAN_POINT('',(-101.,99.5691185708075,0.));
#2852=CARTESIAN_POINT('',(-100.,99.5691185708075,1.));
#2853=CARTESIAN_POINT('Origin',(-101.,99.5691185708075,1.));
#2854=CARTESIAN_POINT('',(-100.,90.6375938095339,1.));
#2855=CARTESIAN_POINT('',(-101.,90.6375938095339,0.));
#2856=CARTESIAN_POINT('Origin',(-82.5,99.5691185708075,1.));
#2857=CARTESIAN_POINT('',(-91.75,115.59058854082,0.));
#2858=CARTESIAN_POINT('',(-91.25,114.724563137035,1.));
#2859=CARTESIAN_POINT('Origin',(-91.75,115.59058854082,1.));
#2860=CARTESIAN_POINT('Origin',(-82.5,99.5691185708075,1.));
#2861=CARTESIAN_POINT('Origin',(-82.5,99.5691185708075,0.));
#2862=CARTESIAN_POINT('Origin',(-113.708368949164,102.912918317055,1.));
#2863=CARTESIAN_POINT('',(-37.1152527092946,147.133974596216,0.));
#2864=CARTESIAN_POINT('',(-36.6152527092946,146.267949192431,1.));
#2865=CARTESIAN_POINT('Origin',(-37.1152527092946,147.133974596216,1.));
#2866=CARTESIAN_POINT('',(-113.208368949164,102.04689291327,1.));
#2867=CARTESIAN_POINT('',(-113.708368949164,102.912918317055,0.));
#2868=CARTESIAN_POINT('Ctrl Pts',(-37.1152527092946,147.133974596216,0.));
#2869=CARTESIAN_POINT('Ctrl Pts',(-36.4507280446955,147.517638090205,0.));
#2870=CARTESIAN_POINT('Ctrl Pts',(-36.6493268830056,148.258819045103,0.));
#2871=CARTESIAN_POINT('Ctrl Pts',(-36.8479257213157,149.,0.));
#2872=CARTESIAN_POINT('Ctrl Pts',(-37.6152527092946,149.,0.));
#2873=CARTESIAN_POINT('Ctrl Pts',(-36.6152527092946,146.267949192431,-1.03999716647754E-14));
#2874=CARTESIAN_POINT('Ctrl Pts',(-35.2862033800963,147.03527618041,-1.03888485969774E-14));
#2875=CARTESIAN_POINT('Ctrl Pts',(-35.6834010567165,148.517638090205,-1.03921728202318E-14));
#2876=CARTESIAN_POINT('Ctrl Pts',(-36.0805987333367,150.,-1.03954970434861E-14));
#2877=CARTESIAN_POINT('Ctrl Pts',(-37.6152527092946,150.,-1.04083408558608E-14));
#2878=CARTESIAN_POINT('Ctrl Pts',(-36.6152527092946,146.267949192431,1.));
#2879=CARTESIAN_POINT('Ctrl Pts',(-35.2862033800963,147.03527618041,1.));
#2880=CARTESIAN_POINT('Ctrl Pts',(-35.6834010567165,148.517638090205,1.));
#2881=CARTESIAN_POINT('Ctrl Pts',(-36.0805987333367,150.,1.));
#2882=CARTESIAN_POINT('Ctrl Pts',(-37.6152527092946,150.,1.));
#2883=CARTESIAN_POINT('',(-37.6152527092946,149.,0.));
#2884=CARTESIAN_POINT('',(-37.6152527092946,150.,1.));
#2885=CARTESIAN_POINT('Origin',(-37.6152527092946,149.,1.));
#2886=CARTESIAN_POINT('Origin',(-37.6152527092946,148.,1.));
#2887=CARTESIAN_POINT('Origin',(-37.6152527092946,148.,0.));
#2888=CARTESIAN_POINT('Origin',(-81.461439531971,149.,1.));
#2889=CARTESIAN_POINT('',(-81.461439531971,150.,1.));
#2890=CARTESIAN_POINT('',(-81.461439531971,149.,0.));
#2891=CARTESIAN_POINT('Origin',(-213.,35.,0.));
#2892=CARTESIAN_POINT('',(-202.,35.,0.));
#2893=CARTESIAN_POINT('Origin',(-202.,37.,0.));
#2894=CARTESIAN_POINT('',(-200.,37.,0.));
#2895=CARTESIAN_POINT('Origin',(-200.,37.,0.));
#2896=CARTESIAN_POINT('',(-200.,48.,0.));
#2897=CARTESIAN_POINT('Origin',(-198.,48.,0.));
#2898=CARTESIAN_POINT('',(-198.,50.,0.));
#2899=CARTESIAN_POINT('Origin',(-198.,50.,0.));
#2900=CARTESIAN_POINT('',(-40.3035065858966,50.,0.));
#2901=CARTESIAN_POINT('Origin',(-40.3035065858966,52.,0.));
#2902=CARTESIAN_POINT('',(-39.3035065858966,53.7320508075689,0.));
#2903=CARTESIAN_POINT('Origin',(-39.3035065858966,53.7320508075689,0.));
#2904=CARTESIAN_POINT('',(-91.25,83.7233727636586,0.));
#2905=CARTESIAN_POINT('Origin',(-82.5,98.8788173298862,0.));
#2906=CARTESIAN_POINT('',(-100.,98.8788173298862,0.));
#2907=CARTESIAN_POINT('Origin',(-100.,88.7751876190678,0.));
#2908=CARTESIAN_POINT('',(-100.,99.5691185708075,0.));
#2909=CARTESIAN_POINT('Origin',(-82.5,99.5691185708075,0.));
#2910=CARTESIAN_POINT('',(-91.25,114.724563137035,0.));
#2911=CARTESIAN_POINT('Origin',(-100.,109.672748281626,0.));
#2912=CARTESIAN_POINT('',(-36.6152527092946,146.267949192431,0.));
#2913=CARTESIAN_POINT('Origin',(-37.6152527092946,148.,0.));
#2914=CARTESIAN_POINT('',(-37.6152527092946,150.,0.));
#2915=CARTESIAN_POINT('Origin',(-37.6152527092946,150.,0.));
#2916=CARTESIAN_POINT('',(-105.700001579523,150.,0.));
#2917=CARTESIAN_POINT('Origin',(-105.700001579523,149.7,0.));
#2918=CARTESIAN_POINT('',(-106.000001579523,149.7,0.));
#2919=CARTESIAN_POINT('Origin',(-125.307626354647,92.5,0.));
#2920=CARTESIAN_POINT('',(-57.5175008195639,55.0000008195639,0.));
#2921=CARTESIAN_POINT('Origin',(-55.0000008195639,55.0000008195639,0.));
#2922=CARTESIAN_POINT('',(-152.517502235174,145.000002160668,0.));
#2923=CARTESIAN_POINT('Origin',(-150.000002235174,145.000002160668,0.));
#2924=CARTESIAN_POINT('',(-57.5175008195639,143.000002130866,0.));
#2925=CARTESIAN_POINT('Origin',(-55.0000008195639,143.000002130866,0.));
#2926=CARTESIAN_POINT('',(-209.51750308454,45.0000006705523,0.));
#2927=CARTESIAN_POINT('Origin',(-207.00000308454,45.0000006705523,0.));
#2928=CARTESIAN_POINT('',(-180.,100.,0.));
#2929=CARTESIAN_POINT('Origin',(-150.,100.,0.));
#2930=CARTESIAN_POINT('Origin',(-55.0000008195639,55.0000008195639,0.));
#2931=CARTESIAN_POINT('',(-57.5175008195639,55.0000008195639,0.));
#2932=CARTESIAN_POINT('Origin',(-150.000002235174,145.000002160668,0.));
#2933=CARTESIAN_POINT('',(-152.517502235174,145.000002160668,0.));
#2934=CARTESIAN_POINT('Origin',(-55.0000008195639,143.000002130866,0.));
#2935=CARTESIAN_POINT('',(-57.5175008195639,143.000002130866,0.));
#2936=CARTESIAN_POINT('Origin',(-207.00000308454,45.0000006705523,0.));
#2937=CARTESIAN_POINT('',(-209.51750308454,45.0000006705523,0.));
#2938=CARTESIAN_POINT('Origin',(-150.,100.,0.));
#2939=CARTESIAN_POINT('',(-180.,100.,0.));
#2940=CARTESIAN_POINT('Origin',(-106.000001579523,149.7,0.));
#2941=UNCERTAINTY_MEASURE_WITH_UNIT(LENGTH_MEASURE(0.01),#2945,
'DISTANCE_ACCURACY_VALUE',
'Maximum model space distance between geometric entities at asserted c
onnectivities');
#2942=UNCERTAINTY_MEASURE_WITH_UNIT(LENGTH_MEASURE(0.01),#2945,
'DISTANCE_ACCURACY_VALUE',
'Maximum model space distance between geometric entities at asserted c
onnectivities');
#2943=(
GEOMETRIC_REPRESENTATION_CONTEXT(3)
GLOBAL_UNCERTAINTY_ASSIGNED_CONTEXT((#2941))
GLOBAL_UNIT_ASSIGNED_CONTEXT((#2945,#2947,#2948))
REPRESENTATION_CONTEXT('','3D')
);
#2944=(
GEOMETRIC_REPRESENTATION_CONTEXT(3)
GLOBAL_UNCERTAINTY_ASSIGNED_CONTEXT((#2942))
GLOBAL_UNIT_ASSIGNED_CONTEXT((#2945,#2947,#2948))
REPRESENTATION_CONTEXT('','3D')
);
#2945=(
LENGTH_UNIT()
NAMED_UNIT(*)
SI_UNIT(.MILLI.,.METRE.)
);
#2946=(
LENGTH_UNIT()
NAMED_UNIT(*)
SI_UNIT($,.METRE.)
);
#2947=(
NAMED_UNIT(*)
PLANE_ANGLE_UNIT()
SI_UNIT($,.RADIAN.)
);
#2948=(
NAMED_UNIT(*)
SI_UNIT($,.STERADIAN.)
SOLID_ANGLE_UNIT()
);
#2949=SHAPE_DEFINITION_REPRESENTATION(#2950,#2951);
#2950=PRODUCT_DEFINITION_SHAPE('',$,#2953);
#2951=SHAPE_REPRESENTATION('',(#1551),#2943);
#2952=PRODUCT_DEFINITION_CONTEXT('part definition',#2957,'design');
#2953=PRODUCT_DEFINITION('2026-09-27-15-45-59-217','Steering knuckle',#2954,
#2952);
#2954=PRODUCT_DEFINITION_FORMATION('',$,#2959);
#2955=PRODUCT_RELATED_PRODUCT_CATEGORY('Steering knuckle',
'Steering knuckle',(#2959));
#2956=APPLICATION_PROTOCOL_DEFINITION('international standard',
'automotive_design',2009,#2957);
#2957=APPLICATION_CONTEXT(
'Core Data for Automotive Mechanical Design Process');
#2958=PRODUCT_CONTEXT('part definition',#2957,'mechanical');
#2959=PRODUCT('2026-09-27-15-45-59-217','Steering knuckle',$,(#2958));
#2960=PRESENTATION_STYLE_ASSIGNMENT((#2961));
#2961=SURFACE_STYLE_USAGE(.BOTH.,#2962);
#2962=SURFACE_SIDE_STYLE('',(#2963));
#2963=SURFACE_STYLE_FILL_AREA(#2964);
#2964=FILL_AREA_STYLE('Steel - Satin',(#2965));
#2965=FILL_AREA_STYLE_COLOUR('Steel - Satin',#2966);
#2966=COLOUR_RGB('Steel - Satin',0.627450980392157,0.627450980392157,0.627450980392157);
ENDSEC;
END-ISO-10303-21;
