ISO-10303-21;
HEADER;
/* Generated by software containing ST-Developer
 * from STEP Tools, Inc. (www.steptools.com) 
 */

FILE_DESCRIPTION(
/* description */ (''),
/* implementation_level */ '2;1');

FILE_NAME(
/* name */ 'AgriRover_Suspension.step',
/* time_stamp */ '2026-09-20T16:26:41+05:30',
/* author */ (''),
/* organization */ (''),
/* preprocessor_version */ 'ST-DEVELOPER v20.1',
/* originating_system */ 'Autodesk Translation Framework v15.8.0.0',
/* authorisation */ '');

FILE_SCHEMA (('AUTOMOTIVE_DESIGN { 1 0 10303 214 3 1 1 }'));
ENDSEC;

DATA;
#10=MECHANICAL_DESIGN_GEOMETRIC_PRESENTATION_REPRESENTATION('',(#65,#66,
#67,#68,#69,#70),#4109);
#11=ITEM_DEFINED_TRANSFORMATION($,$,#2455,#2659);
#12=ITEM_DEFINED_TRANSFORMATION($,$,#2397,#2660);
#13=ITEM_DEFINED_TRANSFORMATION($,$,#2425,#2661);
#14=ITEM_DEFINED_TRANSFORMATION($,$,#2455,#2662);
#15=ITEM_DEFINED_TRANSFORMATION($,$,#2455,#2663);
#16=(
REPRESENTATION_RELATIONSHIP($,$,#4130,#4127)
REPRESENTATION_RELATIONSHIP_WITH_TRANSFORMATION(#11)
SHAPE_REPRESENTATION_RELATIONSHIP()
);
#17=(
REPRESENTATION_RELATIONSHIP($,$,#4128,#4127)
REPRESENTATION_RELATIONSHIP_WITH_TRANSFORMATION(#12)
SHAPE_REPRESENTATION_RELATIONSHIP()
);
#18=(
REPRESENTATION_RELATIONSHIP($,$,#4129,#4127)
REPRESENTATION_RELATIONSHIP_WITH_TRANSFORMATION(#13)
SHAPE_REPRESENTATION_RELATIONSHIP()
);
#19=(
REPRESENTATION_RELATIONSHIP($,$,#4130,#4127)
REPRESENTATION_RELATIONSHIP_WITH_TRANSFORMATION(#14)
SHAPE_REPRESENTATION_RELATIONSHIP()
);
#20=(
REPRESENTATION_RELATIONSHIP($,$,#4130,#4127)
REPRESENTATION_RELATIONSHIP_WITH_TRANSFORMATION(#15)
SHAPE_REPRESENTATION_RELATIONSHIP()
);
#21=CONTEXT_DEPENDENT_SHAPE_REPRESENTATION(#16,#4122);
#22=CONTEXT_DEPENDENT_SHAPE_REPRESENTATION(#17,#4123);
#23=CONTEXT_DEPENDENT_SHAPE_REPRESENTATION(#18,#4124);
#24=CONTEXT_DEPENDENT_SHAPE_REPRESENTATION(#19,#4125);
#25=CONTEXT_DEPENDENT_SHAPE_REPRESENTATION(#20,#4126);
#26=NEXT_ASSEMBLY_USAGE_OCCURRENCE('JGB37-3157 motor:1',
'JGB37-3157 motor:1','JGB37-3157 motor:1',#4132,#4135,
'JGB37-3157 motor:1');
#27=NEXT_ASSEMBLY_USAGE_OCCURRENCE('Component1:1','Component1:1',
'Component1:1',#4132,#4133,'Component1:1');
#28=NEXT_ASSEMBLY_USAGE_OCCURRENCE('Component2:1','Component2:1',
'Component2:1',#4132,#4134,'Component2:1');
#29=NEXT_ASSEMBLY_USAGE_OCCURRENCE('JGB37-3157 motor:2',
'JGB37-3157 motor:2','JGB37-3157 motor:2',#4132,#4135,
'JGB37-3157 motor:2');
#30=NEXT_ASSEMBLY_USAGE_OCCURRENCE('JGB37-3157 motor:3',
'JGB37-3157 motor:3','JGB37-3157 motor:3',#4132,#4135,
'JGB37-3157 motor:3');
#31=ELLIPSE('',#2569,399.44952582817,11.7262819364498);
#32=ELLIPSE('',#2570,399.449368067555,11.726279562292);
#33=CONICAL_SURFACE('',#2538,1.4645,0.785398163397447);
#34=CONICAL_SURFACE('',#2543,1.4645,0.785398163397448);
#35=CONICAL_SURFACE('',#2548,1.4645,0.785398163397448);
#36=CONICAL_SURFACE('',#2553,1.4645,0.785398163397447);
#37=CONICAL_SURFACE('',#2558,1.4645,0.785398163397448);
#38=CONICAL_SURFACE('',#2563,1.4645,0.785398163397448);
#39=CONICAL_SURFACE('',#2571,2.8,0.785398163397448);
#40=CONICAL_SURFACE('',#2577,5.8,0.785398163397448);
#41=CONICAL_SURFACE('',#2583,18.3,0.785398163397449);
#42=CONICAL_SURFACE('',#2589,18.3,0.785398163397448);
#43=CONICAL_SURFACE('',#2590,0.63225,1.02974425867665);
#44=CONICAL_SURFACE('',#2591,0.63225,1.02974425867665);
#45=CONICAL_SURFACE('',#2592,0.63225,1.02974425867665);
#46=CONICAL_SURFACE('',#2593,0.63225,1.02974425867665);
#47=CONICAL_SURFACE('',#2594,0.63225,1.02974425867665);
#48=CONICAL_SURFACE('',#2595,0.63225,1.02974425867665);
#49=(
BOUNDED_SURFACE()
B_SPLINE_SURFACE(2,2,((#3563,#3564,#3565,#3566,#3567,#3568,#3569,#3570,
#3571),(#3572,#3573,#3574,#3575,#3576,#3577,#3578,#3579,#3580),(#3581,#3582,
#3583,#3584,#3585,#3586,#3587,#3588,#3589)),.UNSPECIFIED.,.F.,.T.,.F.)
B_SPLINE_SURFACE_WITH_KNOTS((3,3),(3,2,2,2,3),(-5.29683303138796E-15,1.57079632679493),
(-3.14159265358979,-1.5707963267949,0.,1.5707963267949,3.14159265358979),
 .UNSPECIFIED.)
GEOMETRIC_REPRESENTATION_ITEM()
RATIONAL_B_SPLINE_SURFACE(((1.,0.707106781186548,1.,0.707106781186548,1.,
0.707106781186548,1.,0.707106781186548,1.),(0.707106781186544,0.499999999999998,
0.707106781186544,0.499999999999998,0.707106781186544,0.499999999999998,
0.707106781186544,0.499999999999998,0.707106781186544),(1.,0.707106781186548,
1.,0.707106781186548,1.,0.707106781186548,1.,0.707106781186548,1.)))
REPRESENTATION_ITEM('')
SURFACE()
);
#50=TOROIDAL_SURFACE('',#2456,14.5,1.);
#51=TOROIDAL_SURFACE('',#2489,0.3,0.2);
#52=TOROIDAL_SURFACE('',#2494,8.2,0.2);
#53=TOROIDAL_SURFACE('',#2498,0.3,0.2);
#54=TOROIDAL_SURFACE('',#2502,12.3,0.2);
#55=TOROIDAL_SURFACE('',#2510,0.7,0.2);
#56=TOROIDAL_SURFACE('',#2514,7.8,0.2);
#57=TOROIDAL_SURFACE('',#2517,0.7,0.2);
#58=TOROIDAL_SURFACE('',#2521,12.7,0.2);
#59=SHAPE_REPRESENTATION_RELATIONSHIP('SRR','None',#4128,#62);
#60=SHAPE_REPRESENTATION_RELATIONSHIP('SRR','None',#4129,#63);
#61=SHAPE_REPRESENTATION_RELATIONSHIP('SRR','None',#4130,#64);
#62=ADVANCED_BREP_SHAPE_REPRESENTATION('',(#71),#4106);
#63=ADVANCED_BREP_SHAPE_REPRESENTATION('',(#72),#4107);
#64=ADVANCED_BREP_SHAPE_REPRESENTATION('',(#73),#4108);
#65=STYLED_ITEM('',(#4151),#71);
#66=STYLED_ITEM('',(#4151),#72);
#67=STYLED_ITEM('',(#4153),#2249);
#68=STYLED_ITEM('',(#4153),#2258);
#69=STYLED_ITEM('',(#4153),#2262);
#70=STYLED_ITEM('',(#4152),#73);
#71=MANIFOLD_SOLID_BREP('Body1',#2359);
#72=MANIFOLD_SOLID_BREP('Body1',#2360);
#73=MANIFOLD_SOLID_BREP('Body1',#2361);
#74=FACE_BOUND('',#337,.T.);
#75=FACE_BOUND('',#338,.T.);
#76=FACE_BOUND('',#339,.T.);
#77=FACE_BOUND('',#341,.T.);
#78=FACE_BOUND('',#342,.T.);
#79=FACE_BOUND('',#343,.T.);
#80=FACE_BOUND('',#358,.T.);
#81=FACE_BOUND('',#359,.T.);
#82=FACE_BOUND('',#360,.T.);
#83=FACE_BOUND('',#362,.T.);
#84=FACE_BOUND('',#363,.T.);
#85=FACE_BOUND('',#364,.T.);
#86=FACE_BOUND('',#367,.T.);
#87=FACE_BOUND('',#374,.T.);
#88=FACE_BOUND('',#377,.T.);
#89=FACE_BOUND('',#379,.T.);
#90=FACE_BOUND('',#383,.T.);
#91=FACE_BOUND('',#385,.T.);
#92=FACE_BOUND('',#400,.T.);
#93=FACE_BOUND('',#401,.T.);
#94=FACE_BOUND('',#402,.T.);
#95=FACE_BOUND('',#403,.T.);
#96=FACE_BOUND('',#404,.T.);
#97=FACE_BOUND('',#405,.T.);
#98=FACE_BOUND('',#406,.T.);
#99=FACE_BOUND('',#407,.T.);
#100=FACE_BOUND('',#408,.T.);
#101=FACE_BOUND('',#409,.T.);
#102=FACE_BOUND('',#410,.T.);
#103=FACE_BOUND('',#431,.T.);
#104=FACE_BOUND('',#435,.T.);
#105=FACE_BOUND('',#446,.T.);
#106=FACE_BOUND('',#463,.T.);
#107=FACE_BOUND('',#478,.T.);
#108=FACE_BOUND('',#482,.T.);
#109=FACE_BOUND('',#497,.T.);
#110=FACE_BOUND('',#501,.T.);
#111=PLANE('',#2410);
#112=PLANE('',#2414);
#113=PLANE('',#2418);
#114=PLANE('',#2422);
#115=PLANE('',#2423);
#116=PLANE('',#2424);
#117=PLANE('',#2435);
#118=PLANE('',#2439);
#119=PLANE('',#2443);
#120=PLANE('',#2444);
#121=PLANE('',#2448);
#122=PLANE('',#2449);
#123=PLANE('',#2453);
#124=PLANE('',#2454);
#125=PLANE('',#2460);
#126=PLANE('',#2469);
#127=PLANE('',#2472);
#128=PLANE('',#2476);
#129=PLANE('',#2478);
#130=PLANE('',#2485);
#131=PLANE('',#2486);
#132=PLANE('',#2509);
#133=PLANE('',#2525);
#134=PLANE('',#2568);
#135=PLANE('',#2575);
#136=PLANE('',#2576);
#137=PLANE('',#2581);
#138=PLANE('',#2588);
#139=PLANE('',#2601);
#140=PLANE('',#2602);
#141=PLANE('',#2603);
#142=PLANE('',#2604);
#143=PLANE('',#2605);
#144=PLANE('',#2606);
#145=PLANE('',#2607);
#146=PLANE('',#2608);
#147=PLANE('',#2609);
#148=PLANE('',#2610);
#149=PLANE('',#2611);
#150=PLANE('',#2612);
#151=PLANE('',#2613);
#152=PLANE('',#2614);
#153=PLANE('',#2620);
#154=PLANE('',#2621);
#155=PLANE('',#2622);
#156=PLANE('',#2623);
#157=PLANE('',#2624);
#158=PLANE('',#2625);
#159=PLANE('',#2626);
#160=PLANE('',#2627);
#161=PLANE('',#2628);
#162=PLANE('',#2629);
#163=PLANE('',#2630);
#164=PLANE('',#2631);
#165=PLANE('',#2632);
#166=PLANE('',#2633);
#167=PLANE('',#2634);
#168=PLANE('',#2640);
#169=PLANE('',#2641);
#170=PLANE('',#2642);
#171=PLANE('',#2643);
#172=PLANE('',#2644);
#173=PLANE('',#2645);
#174=PLANE('',#2646);
#175=PLANE('',#2647);
#176=PLANE('',#2648);
#177=PLANE('',#2649);
#178=PLANE('',#2650);
#179=PLANE('',#2651);
#180=PLANE('',#2652);
#181=PLANE('',#2653);
#182=PLANE('',#2654);
#183=PLANE('',#2655);
#184=PLANE('',#2658);
#185=FACE_OUTER_BOUND('',#325,.T.);
#186=FACE_OUTER_BOUND('',#326,.T.);
#187=FACE_OUTER_BOUND('',#327,.T.);
#188=FACE_OUTER_BOUND('',#328,.T.);
#189=FACE_OUTER_BOUND('',#329,.T.);
#190=FACE_OUTER_BOUND('',#330,.T.);
#191=FACE_OUTER_BOUND('',#331,.T.);
#192=FACE_OUTER_BOUND('',#332,.T.);
#193=FACE_OUTER_BOUND('',#333,.T.);
#194=FACE_OUTER_BOUND('',#334,.T.);
#195=FACE_OUTER_BOUND('',#335,.T.);
#196=FACE_OUTER_BOUND('',#336,.T.);
#197=FACE_OUTER_BOUND('',#340,.T.);
#198=FACE_OUTER_BOUND('',#344,.T.);
#199=FACE_OUTER_BOUND('',#345,.T.);
#200=FACE_OUTER_BOUND('',#346,.T.);
#201=FACE_OUTER_BOUND('',#347,.T.);
#202=FACE_OUTER_BOUND('',#348,.T.);
#203=FACE_OUTER_BOUND('',#349,.T.);
#204=FACE_OUTER_BOUND('',#350,.T.);
#205=FACE_OUTER_BOUND('',#351,.T.);
#206=FACE_OUTER_BOUND('',#352,.T.);
#207=FACE_OUTER_BOUND('',#353,.T.);
#208=FACE_OUTER_BOUND('',#354,.T.);
#209=FACE_OUTER_BOUND('',#355,.T.);
#210=FACE_OUTER_BOUND('',#356,.T.);
#211=FACE_OUTER_BOUND('',#357,.T.);
#212=FACE_OUTER_BOUND('',#361,.T.);
#213=FACE_OUTER_BOUND('',#365,.T.);
#214=FACE_OUTER_BOUND('',#366,.T.);
#215=FACE_OUTER_BOUND('',#368,.T.);
#216=FACE_OUTER_BOUND('',#369,.T.);
#217=FACE_OUTER_BOUND('',#370,.T.);
#218=FACE_OUTER_BOUND('',#371,.T.);
#219=FACE_OUTER_BOUND('',#372,.T.);
#220=FACE_OUTER_BOUND('',#373,.T.);
#221=FACE_OUTER_BOUND('',#375,.T.);
#222=FACE_OUTER_BOUND('',#376,.T.);
#223=FACE_OUTER_BOUND('',#378,.T.);
#224=FACE_OUTER_BOUND('',#380,.T.);
#225=FACE_OUTER_BOUND('',#381,.T.);
#226=FACE_OUTER_BOUND('',#382,.T.);
#227=FACE_OUTER_BOUND('',#384,.T.);
#228=FACE_OUTER_BOUND('',#386,.T.);
#229=FACE_OUTER_BOUND('',#387,.T.);
#230=FACE_OUTER_BOUND('',#388,.T.);
#231=FACE_OUTER_BOUND('',#389,.T.);
#232=FACE_OUTER_BOUND('',#390,.T.);
#233=FACE_OUTER_BOUND('',#391,.T.);
#234=FACE_OUTER_BOUND('',#392,.T.);
#235=FACE_OUTER_BOUND('',#393,.T.);
#236=FACE_OUTER_BOUND('',#394,.T.);
#237=FACE_OUTER_BOUND('',#395,.T.);
#238=FACE_OUTER_BOUND('',#396,.T.);
#239=FACE_OUTER_BOUND('',#397,.T.);
#240=FACE_OUTER_BOUND('',#398,.T.);
#241=FACE_OUTER_BOUND('',#399,.T.);
#242=FACE_OUTER_BOUND('',#411,.T.);
#243=FACE_OUTER_BOUND('',#412,.T.);
#244=FACE_OUTER_BOUND('',#413,.T.);
#245=FACE_OUTER_BOUND('',#414,.T.);
#246=FACE_OUTER_BOUND('',#415,.T.);
#247=FACE_OUTER_BOUND('',#416,.T.);
#248=FACE_OUTER_BOUND('',#417,.T.);
#249=FACE_OUTER_BOUND('',#418,.T.);
#250=FACE_OUTER_BOUND('',#419,.T.);
#251=FACE_OUTER_BOUND('',#420,.T.);
#252=FACE_OUTER_BOUND('',#421,.T.);
#253=FACE_OUTER_BOUND('',#422,.T.);
#254=FACE_OUTER_BOUND('',#423,.T.);
#255=FACE_OUTER_BOUND('',#424,.T.);
#256=FACE_OUTER_BOUND('',#425,.T.);
#257=FACE_OUTER_BOUND('',#426,.T.);
#258=FACE_OUTER_BOUND('',#427,.T.);
#259=FACE_OUTER_BOUND('',#428,.T.);
#260=FACE_OUTER_BOUND('',#429,.T.);
#261=FACE_OUTER_BOUND('',#430,.T.);
#262=FACE_OUTER_BOUND('',#432,.T.);
#263=FACE_OUTER_BOUND('',#433,.T.);
#264=FACE_OUTER_BOUND('',#434,.T.);
#265=FACE_OUTER_BOUND('',#436,.T.);
#266=FACE_OUTER_BOUND('',#437,.T.);
#267=FACE_OUTER_BOUND('',#438,.T.);
#268=FACE_OUTER_BOUND('',#439,.T.);
#269=FACE_OUTER_BOUND('',#440,.T.);
#270=FACE_OUTER_BOUND('',#441,.T.);
#271=FACE_OUTER_BOUND('',#442,.T.);
#272=FACE_OUTER_BOUND('',#443,.T.);
#273=FACE_OUTER_BOUND('',#444,.T.);
#274=FACE_OUTER_BOUND('',#445,.T.);
#275=FACE_OUTER_BOUND('',#447,.T.);
#276=FACE_OUTER_BOUND('',#448,.T.);
#277=FACE_OUTER_BOUND('',#449,.T.);
#278=FACE_OUTER_BOUND('',#450,.T.);
#279=FACE_OUTER_BOUND('',#451,.T.);
#280=FACE_OUTER_BOUND('',#452,.T.);
#281=FACE_OUTER_BOUND('',#453,.T.);
#282=FACE_OUTER_BOUND('',#454,.T.);
#283=FACE_OUTER_BOUND('',#455,.T.);
#284=FACE_OUTER_BOUND('',#456,.T.);
#285=FACE_OUTER_BOUND('',#457,.T.);
#286=FACE_OUTER_BOUND('',#458,.T.);
#287=FACE_OUTER_BOUND('',#459,.T.);
#288=FACE_OUTER_BOUND('',#460,.T.);
#289=FACE_OUTER_BOUND('',#461,.T.);
#290=FACE_OUTER_BOUND('',#462,.T.);
#291=FACE_OUTER_BOUND('',#464,.T.);
#292=FACE_OUTER_BOUND('',#465,.T.);
#293=FACE_OUTER_BOUND('',#466,.T.);
#294=FACE_OUTER_BOUND('',#467,.T.);
#295=FACE_OUTER_BOUND('',#468,.T.);
#296=FACE_OUTER_BOUND('',#469,.T.);
#297=FACE_OUTER_BOUND('',#470,.T.);
#298=FACE_OUTER_BOUND('',#471,.T.);
#299=FACE_OUTER_BOUND('',#472,.T.);
#300=FACE_OUTER_BOUND('',#473,.T.);
#301=FACE_OUTER_BOUND('',#474,.T.);
#302=FACE_OUTER_BOUND('',#475,.T.);
#303=FACE_OUTER_BOUND('',#476,.T.);
#304=FACE_OUTER_BOUND('',#477,.T.);
#305=FACE_OUTER_BOUND('',#479,.T.);
#306=FACE_OUTER_BOUND('',#480,.T.);
#307=FACE_OUTER_BOUND('',#481,.T.);
#308=FACE_OUTER_BOUND('',#483,.T.);
#309=FACE_OUTER_BOUND('',#484,.T.);
#310=FACE_OUTER_BOUND('',#485,.T.);
#311=FACE_OUTER_BOUND('',#486,.T.);
#312=FACE_OUTER_BOUND('',#487,.T.);
#313=FACE_OUTER_BOUND('',#488,.T.);
#314=FACE_OUTER_BOUND('',#489,.T.);
#315=FACE_OUTER_BOUND('',#490,.T.);
#316=FACE_OUTER_BOUND('',#491,.T.);
#317=FACE_OUTER_BOUND('',#492,.T.);
#318=FACE_OUTER_BOUND('',#493,.T.);
#319=FACE_OUTER_BOUND('',#494,.T.);
#320=FACE_OUTER_BOUND('',#495,.T.);
#321=FACE_OUTER_BOUND('',#496,.T.);
#322=FACE_OUTER_BOUND('',#498,.T.);
#323=FACE_OUTER_BOUND('',#499,.T.);
#324=FACE_OUTER_BOUND('',#500,.T.);
#325=EDGE_LOOP('',(#1543,#1544,#1545,#1546));
#326=EDGE_LOOP('',(#1547,#1548,#1549,#1550));
#327=EDGE_LOOP('',(#1551,#1552,#1553,#1554));
#328=EDGE_LOOP('',(#1555,#1556,#1557,#1558));
#329=EDGE_LOOP('',(#1559,#1560,#1561,#1562));
#330=EDGE_LOOP('',(#1563,#1564,#1565,#1566));
#331=EDGE_LOOP('',(#1567,#1568,#1569,#1570));
#332=EDGE_LOOP('',(#1571,#1572,#1573,#1574));
#333=EDGE_LOOP('',(#1575,#1576,#1577,#1578));
#334=EDGE_LOOP('',(#1579,#1580,#1581,#1582));
#335=EDGE_LOOP('',(#1583,#1584,#1585,#1586));
#336=EDGE_LOOP('',(#1587,#1588,#1589,#1590,#1591,#1592,#1593,#1594));
#337=EDGE_LOOP('',(#1595));
#338=EDGE_LOOP('',(#1596));
#339=EDGE_LOOP('',(#1597));
#340=EDGE_LOOP('',(#1598,#1599,#1600,#1601,#1602,#1603,#1604,#1605));
#341=EDGE_LOOP('',(#1606));
#342=EDGE_LOOP('',(#1607));
#343=EDGE_LOOP('',(#1608));
#344=EDGE_LOOP('',(#1609,#1610,#1611,#1612));
#345=EDGE_LOOP('',(#1613,#1614,#1615,#1616));
#346=EDGE_LOOP('',(#1617,#1618,#1619,#1620));
#347=EDGE_LOOP('',(#1621,#1622,#1623,#1624));
#348=EDGE_LOOP('',(#1625,#1626,#1627,#1628));
#349=EDGE_LOOP('',(#1629,#1630,#1631,#1632));
#350=EDGE_LOOP('',(#1633,#1634,#1635,#1636));
#351=EDGE_LOOP('',(#1637,#1638,#1639,#1640));
#352=EDGE_LOOP('',(#1641,#1642,#1643,#1644));
#353=EDGE_LOOP('',(#1645,#1646,#1647,#1648));
#354=EDGE_LOOP('',(#1649,#1650,#1651,#1652));
#355=EDGE_LOOP('',(#1653,#1654,#1655,#1656));
#356=EDGE_LOOP('',(#1657,#1658,#1659,#1660));
#357=EDGE_LOOP('',(#1661,#1662,#1663,#1664,#1665,#1666,#1667,#1668,#1669,
#1670));
#358=EDGE_LOOP('',(#1671));
#359=EDGE_LOOP('',(#1672));
#360=EDGE_LOOP('',(#1673));
#361=EDGE_LOOP('',(#1674,#1675,#1676,#1677,#1678,#1679,#1680,#1681,#1682,
#1683));
#362=EDGE_LOOP('',(#1684));
#363=EDGE_LOOP('',(#1685));
#364=EDGE_LOOP('',(#1686));
#365=EDGE_LOOP('',(#1687,#1688,#1689,#1690));
#366=EDGE_LOOP('',(#1691));
#367=EDGE_LOOP('',(#1692));
#368=EDGE_LOOP('',(#1693,#1694,#1695,#1696));
#369=EDGE_LOOP('',(#1697,#1698,#1699,#1700));
#370=EDGE_LOOP('',(#1701,#1702,#1703,#1704));
#371=EDGE_LOOP('',(#1705));
#372=EDGE_LOOP('',(#1706,#1707,#1708,#1709));
#373=EDGE_LOOP('',(#1710));
#374=EDGE_LOOP('',(#1711));
#375=EDGE_LOOP('',(#1712,#1713,#1714,#1715));
#376=EDGE_LOOP('',(#1716));
#377=EDGE_LOOP('',(#1717));
#378=EDGE_LOOP('',(#1718));
#379=EDGE_LOOP('',(#1719));
#380=EDGE_LOOP('',(#1720,#1721,#1722,#1723));
#381=EDGE_LOOP('',(#1724,#1725,#1726,#1727));
#382=EDGE_LOOP('',(#1728));
#383=EDGE_LOOP('',(#1729));
#384=EDGE_LOOP('',(#1730));
#385=EDGE_LOOP('',(#1731));
#386=EDGE_LOOP('',(#1732,#1733,#1734,#1735));
#387=EDGE_LOOP('',(#1736,#1737,#1738,#1739));
#388=EDGE_LOOP('',(#1740,#1741,#1742,#1743));
#389=EDGE_LOOP('',(#1744,#1745,#1746,#1747));
#390=EDGE_LOOP('',(#1748,#1749,#1750,#1751));
#391=EDGE_LOOP('',(#1752,#1753,#1754,#1755));
#392=EDGE_LOOP('',(#1756,#1757,#1758,#1759));
#393=EDGE_LOOP('',(#1760,#1761,#1762,#1763));
#394=EDGE_LOOP('',(#1764,#1765,#1766,#1767));
#395=EDGE_LOOP('',(#1768,#1769,#1770,#1771));
#396=EDGE_LOOP('',(#1772,#1773,#1774,#1775));
#397=EDGE_LOOP('',(#1776,#1777,#1778,#1779));
#398=EDGE_LOOP('',(#1780,#1781,#1782,#1783));
#399=EDGE_LOOP('',(#1784));
#400=EDGE_LOOP('',(#1785));
#401=EDGE_LOOP('',(#1786));
#402=EDGE_LOOP('',(#1787));
#403=EDGE_LOOP('',(#1788));
#404=EDGE_LOOP('',(#1789));
#405=EDGE_LOOP('',(#1790));
#406=EDGE_LOOP('',(#1791));
#407=EDGE_LOOP('',(#1792));
#408=EDGE_LOOP('',(#1793));
#409=EDGE_LOOP('',(#1794));
#410=EDGE_LOOP('',(#1795,#1796,#1797,#1798));
#411=EDGE_LOOP('',(#1799,#1800,#1801,#1802));
#412=EDGE_LOOP('',(#1803,#1804,#1805,#1806,#1807));
#413=EDGE_LOOP('',(#1808,#1809,#1810,#1811,#1812));
#414=EDGE_LOOP('',(#1813,#1814,#1815,#1816,#1817));
#415=EDGE_LOOP('',(#1818,#1819,#1820,#1821,#1822));
#416=EDGE_LOOP('',(#1823,#1824,#1825,#1826,#1827));
#417=EDGE_LOOP('',(#1828,#1829,#1830,#1831,#1832));
#418=EDGE_LOOP('',(#1833,#1834,#1835,#1836,#1837));
#419=EDGE_LOOP('',(#1838,#1839,#1840,#1841,#1842));
#420=EDGE_LOOP('',(#1843,#1844,#1845,#1846,#1847));
#421=EDGE_LOOP('',(#1848,#1849,#1850,#1851,#1852));
#422=EDGE_LOOP('',(#1853,#1854,#1855,#1856,#1857));
#423=EDGE_LOOP('',(#1858,#1859,#1860,#1861,#1862));
#424=EDGE_LOOP('',(#1863,#1864,#1865,#1866));
#425=EDGE_LOOP('',(#1867,#1868,#1869,#1870,#1871));
#426=EDGE_LOOP('',(#1872,#1873,#1874,#1875));
#427=EDGE_LOOP('',(#1876,#1877));
#428=EDGE_LOOP('',(#1878,#1879,#1880,#1881));
#429=EDGE_LOOP('',(#1882,#1883,#1884,#1885));
#430=EDGE_LOOP('',(#1886));
#431=EDGE_LOOP('',(#1887));
#432=EDGE_LOOP('',(#1888,#1889,#1890,#1891));
#433=EDGE_LOOP('',(#1892,#1893,#1894,#1895));
#434=EDGE_LOOP('',(#1896));
#435=EDGE_LOOP('',(#1897));
#436=EDGE_LOOP('',(#1898,#1899,#1900,#1901));
#437=EDGE_LOOP('',(#1902,#1903,#1904));
#438=EDGE_LOOP('',(#1905,#1906,#1907));
#439=EDGE_LOOP('',(#1908,#1909,#1910));
#440=EDGE_LOOP('',(#1911,#1912,#1913));
#441=EDGE_LOOP('',(#1914,#1915,#1916));
#442=EDGE_LOOP('',(#1917,#1918,#1919));
#443=EDGE_LOOP('',(#1920,#1921,#1922,#1923));
#444=EDGE_LOOP('',(#1924,#1925,#1926,#1927));
#445=EDGE_LOOP('',(#1928));
#446=EDGE_LOOP('',(#1929));
#447=EDGE_LOOP('',(#1930,#1931,#1932,#1933));
#448=EDGE_LOOP('',(#1934,#1935,#1936,#1937));
#449=EDGE_LOOP('',(#1938,#1939,#1940,#1941));
#450=EDGE_LOOP('',(#1942,#1943,#1944,#1945));
#451=EDGE_LOOP('',(#1946,#1947,#1948,#1949));
#452=EDGE_LOOP('',(#1950,#1951,#1952,#1953));
#453=EDGE_LOOP('',(#1954,#1955,#1956,#1957));
#454=EDGE_LOOP('',(#1958,#1959,#1960,#1961));
#455=EDGE_LOOP('',(#1962,#1963,#1964,#1965));
#456=EDGE_LOOP('',(#1966,#1967,#1968,#1969));
#457=EDGE_LOOP('',(#1970,#1971,#1972,#1973));
#458=EDGE_LOOP('',(#1974,#1975,#1976,#1977));
#459=EDGE_LOOP('',(#1978,#1979,#1980,#1981,#1982,#1983,#1984,#1985,#1986,
#1987,#1988,#1989));
#460=EDGE_LOOP('',(#1990,#1991,#1992,#1993));
#461=EDGE_LOOP('',(#1994,#1995,#1996,#1997));
#462=EDGE_LOOP('',(#1998));
#463=EDGE_LOOP('',(#1999));
#464=EDGE_LOOP('',(#2000,#2001,#2002,#2003));
#465=EDGE_LOOP('',(#2004,#2005,#2006,#2007));
#466=EDGE_LOOP('',(#2008,#2009,#2010,#2011));
#467=EDGE_LOOP('',(#2012,#2013,#2014,#2015));
#468=EDGE_LOOP('',(#2016,#2017,#2018,#2019));
#469=EDGE_LOOP('',(#2020,#2021,#2022,#2023));
#470=EDGE_LOOP('',(#2024,#2025,#2026,#2027));
#471=EDGE_LOOP('',(#2028,#2029,#2030,#2031));
#472=EDGE_LOOP('',(#2032,#2033,#2034,#2035));
#473=EDGE_LOOP('',(#2036,#2037,#2038,#2039));
#474=EDGE_LOOP('',(#2040,#2041,#2042,#2043));
#475=EDGE_LOOP('',(#2044,#2045,#2046,#2047));
#476=EDGE_LOOP('',(#2048,#2049,#2050,#2051,#2052,#2053,#2054,#2055,#2056,
#2057,#2058,#2059));
#477=EDGE_LOOP('',(#2060));
#478=EDGE_LOOP('',(#2061,#2062,#2063,#2064,#2065,#2066,#2067,#2068,#2069,
#2070,#2071,#2072));
#479=EDGE_LOOP('',(#2073,#2074,#2075,#2076));
#480=EDGE_LOOP('',(#2077,#2078,#2079,#2080));
#481=EDGE_LOOP('',(#2081));
#482=EDGE_LOOP('',(#2082));
#483=EDGE_LOOP('',(#2083,#2084,#2085,#2086));
#484=EDGE_LOOP('',(#2087,#2088,#2089,#2090));
#485=EDGE_LOOP('',(#2091,#2092,#2093,#2094));
#486=EDGE_LOOP('',(#2095,#2096,#2097,#2098));
#487=EDGE_LOOP('',(#2099,#2100,#2101,#2102));
#488=EDGE_LOOP('',(#2103,#2104,#2105,#2106));
#489=EDGE_LOOP('',(#2107,#2108,#2109,#2110));
#490=EDGE_LOOP('',(#2111,#2112,#2113,#2114));
#491=EDGE_LOOP('',(#2115,#2116,#2117,#2118));
#492=EDGE_LOOP('',(#2119,#2120,#2121,#2122));
#493=EDGE_LOOP('',(#2123,#2124,#2125,#2126));
#494=EDGE_LOOP('',(#2127,#2128,#2129,#2130));
#495=EDGE_LOOP('',(#2131,#2132,#2133,#2134,#2135,#2136,#2137,#2138,#2139,
#2140,#2141,#2142));
#496=EDGE_LOOP('',(#2143));
#497=EDGE_LOOP('',(#2144,#2145,#2146,#2147,#2148,#2149,#2150,#2151,#2152,
#2153,#2154,#2155));
#498=EDGE_LOOP('',(#2156,#2157));
#499=EDGE_LOOP('',(#2158,#2159,#2160,#2161,#2162,#2163,#2164,#2165));
#500=EDGE_LOOP('',(#2166));
#501=EDGE_LOOP('',(#2167,#2168,#2169,#2170,#2171,#2172,#2173,#2174,#2175,
#2176,#2177,#2178));
#502=LINE('',#3404,#700);
#503=LINE('',#3410,#701);
#504=LINE('',#3416,#702);
#505=LINE('',#3423,#703);
#506=LINE('',#3426,#704);
#507=LINE('',#3429,#705);
#508=LINE('',#3431,#706);
#509=LINE('',#3432,#707);
#510=LINE('',#3438,#708);
#511=LINE('',#3441,#709);
#512=LINE('',#3443,#710);
#513=LINE('',#3444,#711);
#514=LINE('',#3450,#712);
#515=LINE('',#3453,#713);
#516=LINE('',#3455,#714);
#517=LINE('',#3456,#715);
#518=LINE('',#3462,#716);
#519=LINE('',#3464,#717);
#520=LINE('',#3465,#718);
#521=LINE('',#3473,#719);
#522=LINE('',#3479,#720);
#523=LINE('',#3485,#721);
#524=LINE('',#3490,#722);
#525=LINE('',#3492,#723);
#526=LINE('',#3494,#724);
#527=LINE('',#3495,#725);
#528=LINE('',#3501,#726);
#529=LINE('',#3504,#727);
#530=LINE('',#3506,#728);
#531=LINE('',#3507,#729);
#532=LINE('',#3513,#730);
#533=LINE('',#3516,#731);
#534=LINE('',#3518,#732);
#535=LINE('',#3519,#733);
#536=LINE('',#3522,#734);
#537=LINE('',#3524,#735);
#538=LINE('',#3525,#736);
#539=LINE('',#3531,#737);
#540=LINE('',#3534,#738);
#541=LINE('',#3536,#739);
#542=LINE('',#3537,#740);
#543=LINE('',#3540,#741);
#544=LINE('',#3542,#742);
#545=LINE('',#3543,#743);
#546=LINE('',#3561,#744);
#547=LINE('',#3597,#745);
#548=LINE('',#3603,#746);
#549=LINE('',#3609,#747);
#550=LINE('',#3619,#748);
#551=LINE('',#3625,#749);
#552=LINE('',#3632,#750);
#553=LINE('',#3659,#751);
#554=LINE('',#3662,#752);
#555=LINE('',#3665,#753);
#556=LINE('',#3688,#754);
#557=LINE('',#3717,#755);
#558=LINE('',#3721,#756);
#559=LINE('',#3727,#757);
#560=LINE('',#3731,#758);
#561=LINE('',#3737,#759);
#562=LINE('',#3741,#760);
#563=LINE('',#3747,#761);
#564=LINE('',#3751,#762);
#565=LINE('',#3757,#763);
#566=LINE('',#3761,#764);
#567=LINE('',#3767,#765);
#568=LINE('',#3771,#766);
#569=LINE('',#3776,#767);
#570=LINE('',#3780,#768);
#571=LINE('',#3789,#769);
#572=LINE('',#3791,#770);
#573=LINE('',#3792,#771);
#574=LINE('',#3798,#772);
#575=LINE('',#3801,#773);
#576=LINE('',#3809,#774);
#577=LINE('',#3814,#775);
#578=LINE('',#3817,#776);
#579=LINE('',#3820,#777);
#580=LINE('',#3823,#778);
#581=LINE('',#3826,#779);
#582=LINE('',#3829,#780);
#583=LINE('',#3832,#781);
#584=LINE('',#3835,#782);
#585=LINE('',#3840,#783);
#586=LINE('',#3844,#784);
#587=LINE('',#3850,#785);
#588=LINE('',#3852,#786);
#589=LINE('',#3854,#787);
#590=LINE('',#3855,#788);
#591=LINE('',#3858,#789);
#592=LINE('',#3860,#790);
#593=LINE('',#3861,#791);
#594=LINE('',#3864,#792);
#595=LINE('',#3866,#793);
#596=LINE('',#3867,#794);
#597=LINE('',#3870,#795);
#598=LINE('',#3872,#796);
#599=LINE('',#3873,#797);
#600=LINE('',#3876,#798);
#601=LINE('',#3878,#799);
#602=LINE('',#3879,#800);
#603=LINE('',#3882,#801);
#604=LINE('',#3884,#802);
#605=LINE('',#3885,#803);
#606=LINE('',#3888,#804);
#607=LINE('',#3890,#805);
#608=LINE('',#3891,#806);
#609=LINE('',#3894,#807);
#610=LINE('',#3896,#808);
#611=LINE('',#3897,#809);
#612=LINE('',#3900,#810);
#613=LINE('',#3902,#811);
#614=LINE('',#3903,#812);
#615=LINE('',#3906,#813);
#616=LINE('',#3908,#814);
#617=LINE('',#3909,#815);
#618=LINE('',#3912,#816);
#619=LINE('',#3914,#817);
#620=LINE('',#3915,#818);
#621=LINE('',#3917,#819);
#622=LINE('',#3918,#820);
#623=LINE('',#3924,#821);
#624=LINE('',#3928,#822);
#625=LINE('',#3934,#823);
#626=LINE('',#3936,#824);
#627=LINE('',#3938,#825);
#628=LINE('',#3939,#826);
#629=LINE('',#3942,#827);
#630=LINE('',#3944,#828);
#631=LINE('',#3945,#829);
#632=LINE('',#3948,#830);
#633=LINE('',#3950,#831);
#634=LINE('',#3951,#832);
#635=LINE('',#3954,#833);
#636=LINE('',#3956,#834);
#637=LINE('',#3957,#835);
#638=LINE('',#3960,#836);
#639=LINE('',#3962,#837);
#640=LINE('',#3963,#838);
#641=LINE('',#3966,#839);
#642=LINE('',#3968,#840);
#643=LINE('',#3969,#841);
#644=LINE('',#3972,#842);
#645=LINE('',#3974,#843);
#646=LINE('',#3975,#844);
#647=LINE('',#3978,#845);
#648=LINE('',#3980,#846);
#649=LINE('',#3981,#847);
#650=LINE('',#3984,#848);
#651=LINE('',#3986,#849);
#652=LINE('',#3987,#850);
#653=LINE('',#3990,#851);
#654=LINE('',#3992,#852);
#655=LINE('',#3993,#853);
#656=LINE('',#3996,#854);
#657=LINE('',#3998,#855);
#658=LINE('',#3999,#856);
#659=LINE('',#4001,#857);
#660=LINE('',#4002,#858);
#661=LINE('',#4009,#859);
#662=LINE('',#4013,#860);
#663=LINE('',#4019,#861);
#664=LINE('',#4021,#862);
#665=LINE('',#4023,#863);
#666=LINE('',#4024,#864);
#667=LINE('',#4027,#865);
#668=LINE('',#4029,#866);
#669=LINE('',#4030,#867);
#670=LINE('',#4033,#868);
#671=LINE('',#4035,#869);
#672=LINE('',#4036,#870);
#673=LINE('',#4039,#871);
#674=LINE('',#4041,#872);
#675=LINE('',#4042,#873);
#676=LINE('',#4045,#874);
#677=LINE('',#4047,#875);
#678=LINE('',#4048,#876);
#679=LINE('',#4051,#877);
#680=LINE('',#4053,#878);
#681=LINE('',#4054,#879);
#682=LINE('',#4057,#880);
#683=LINE('',#4059,#881);
#684=LINE('',#4060,#882);
#685=LINE('',#4063,#883);
#686=LINE('',#4065,#884);
#687=LINE('',#4066,#885);
#688=LINE('',#4069,#886);
#689=LINE('',#4071,#887);
#690=LINE('',#4072,#888);
#691=LINE('',#4075,#889);
#692=LINE('',#4077,#890);
#693=LINE('',#4078,#891);
#694=LINE('',#4081,#892);
#695=LINE('',#4083,#893);
#696=LINE('',#4084,#894);
#697=LINE('',#4086,#895);
#698=LINE('',#4087,#896);
#699=LINE('',#4093,#897);
#700=VECTOR('',#2672,2.5);
#701=VECTOR('',#2679,2.5);
#702=VECTOR('',#2686,4.5);
#703=VECTOR('',#2693,10.);
#704=VECTOR('',#2696,10.);
#705=VECTOR('',#2699,10.);
#706=VECTOR('',#2700,10.);
#707=VECTOR('',#2701,10.);
#708=VECTOR('',#2708,10.);
#709=VECTOR('',#2711,10.);
#710=VECTOR('',#2712,10.);
#711=VECTOR('',#2713,10.);
#712=VECTOR('',#2720,10.);
#713=VECTOR('',#2723,10.);
#714=VECTOR('',#2724,10.);
#715=VECTOR('',#2725,10.);
#716=VECTOR('',#2732,10.);
#717=VECTOR('',#2735,10.);
#718=VECTOR('',#2736,10.);
#719=VECTOR('',#2747,2.5);
#720=VECTOR('',#2754,4.49999999999999);
#721=VECTOR('',#2761,4.49999999999999);
#722=VECTOR('',#2766,10.);
#723=VECTOR('',#2767,10.);
#724=VECTOR('',#2768,10.);
#725=VECTOR('',#2769,10.);
#726=VECTOR('',#2776,10.);
#727=VECTOR('',#2779,10.);
#728=VECTOR('',#2780,10.);
#729=VECTOR('',#2781,10.);
#730=VECTOR('',#2788,10.);
#731=VECTOR('',#2791,10.);
#732=VECTOR('',#2792,10.);
#733=VECTOR('',#2793,10.);
#734=VECTOR('',#2796,10.);
#735=VECTOR('',#2797,10.);
#736=VECTOR('',#2798,10.);
#737=VECTOR('',#2805,10.);
#738=VECTOR('',#2808,10.);
#739=VECTOR('',#2809,10.);
#740=VECTOR('',#2810,10.);
#741=VECTOR('',#2813,10.);
#742=VECTOR('',#2814,10.);
#743=VECTOR('',#2815,10.);
#744=VECTOR('',#2842,15.5);
#745=VECTOR('',#2853,1.5);
#746=VECTOR('',#2862,6.);
#747=VECTOR('',#2869,15.25);
#748=VECTOR('',#2882,15.5);
#749=VECTOR('',#2889,15.25);
#750=VECTOR('',#2900,15.5);
#751=VECTOR('',#2935,10.);
#752=VECTOR('',#2938,10.);
#753=VECTOR('',#2941,10.);
#754=VECTOR('',#2976,10.);
#755=VECTOR('',#3007,1.4645);
#756=VECTOR('',#3012,1.2645);
#757=VECTOR('',#3019,1.4645);
#758=VECTOR('',#3024,1.2645);
#759=VECTOR('',#3031,1.4645);
#760=VECTOR('',#3036,1.2645);
#761=VECTOR('',#3043,1.4645);
#762=VECTOR('',#3048,1.2645);
#763=VECTOR('',#3055,1.4645);
#764=VECTOR('',#3060,1.2645);
#765=VECTOR('',#3067,1.4645);
#766=VECTOR('',#3072,1.2645);
#767=VECTOR('',#3077,10.);
#768=VECTOR('',#3080,10.);
#769=VECTOR('',#3093,10.);
#770=VECTOR('',#3094,10.);
#771=VECTOR('',#3095,10.);
#772=VECTOR('',#3102,5.8);
#773=VECTOR('',#3107,6.);
#774=VECTOR('',#3116,18.3);
#775=VECTOR('',#3123,18.5);
#776=VECTOR('',#3128,18.3);
#777=VECTOR('',#3131,0.63225);
#778=VECTOR('',#3134,0.63225);
#779=VECTOR('',#3137,0.63225);
#780=VECTOR('',#3140,0.63225);
#781=VECTOR('',#3143,0.63225);
#782=VECTOR('',#3146,0.63225);
#783=VECTOR('',#3151,2.2);
#784=VECTOR('',#3156,2.5);
#785=VECTOR('',#3163,9.99999999999999);
#786=VECTOR('',#3164,10.);
#787=VECTOR('',#3165,9.99999999999999);
#788=VECTOR('',#3166,10.);
#789=VECTOR('',#3169,10.);
#790=VECTOR('',#3170,10.);
#791=VECTOR('',#3171,10.);
#792=VECTOR('',#3174,9.99999999999999);
#793=VECTOR('',#3175,10.);
#794=VECTOR('',#3176,9.99999999999999);
#795=VECTOR('',#3179,10.);
#796=VECTOR('',#3180,10.);
#797=VECTOR('',#3181,10.);
#798=VECTOR('',#3184,10.);
#799=VECTOR('',#3185,10.);
#800=VECTOR('',#3186,10.);
#801=VECTOR('',#3189,10.);
#802=VECTOR('',#3190,10.);
#803=VECTOR('',#3191,10.);
#804=VECTOR('',#3194,9.99999999999999);
#805=VECTOR('',#3195,10.);
#806=VECTOR('',#3196,9.99999999999999);
#807=VECTOR('',#3199,10.);
#808=VECTOR('',#3200,10.);
#809=VECTOR('',#3201,10.);
#810=VECTOR('',#3204,10.);
#811=VECTOR('',#3205,10.);
#812=VECTOR('',#3206,10.);
#813=VECTOR('',#3209,9.99999999999999);
#814=VECTOR('',#3210,10.);
#815=VECTOR('',#3211,9.99999999999999);
#816=VECTOR('',#3214,9.99999999999999);
#817=VECTOR('',#3215,10.);
#818=VECTOR('',#3216,9.99999999999999);
#819=VECTOR('',#3219,10.);
#820=VECTOR('',#3220,10.);
#821=VECTOR('',#3227,2.2);
#822=VECTOR('',#3232,2.5);
#823=VECTOR('',#3239,10.);
#824=VECTOR('',#3240,10.);
#825=VECTOR('',#3241,10.);
#826=VECTOR('',#3242,10.);
#827=VECTOR('',#3245,9.99999999999999);
#828=VECTOR('',#3246,10.);
#829=VECTOR('',#3247,9.99999999999999);
#830=VECTOR('',#3250,10.);
#831=VECTOR('',#3251,10.);
#832=VECTOR('',#3252,10.);
#833=VECTOR('',#3255,10.);
#834=VECTOR('',#3256,10.);
#835=VECTOR('',#3257,10.);
#836=VECTOR('',#3260,10.);
#837=VECTOR('',#3261,10.);
#838=VECTOR('',#3262,10.);
#839=VECTOR('',#3265,9.99999999999999);
#840=VECTOR('',#3266,10.);
#841=VECTOR('',#3267,9.99999999999999);
#842=VECTOR('',#3270,10.);
#843=VECTOR('',#3271,10.);
#844=VECTOR('',#3272,10.);
#845=VECTOR('',#3275,9.99999999999999);
#846=VECTOR('',#3276,10.);
#847=VECTOR('',#3277,9.99999999999999);
#848=VECTOR('',#3280,10.);
#849=VECTOR('',#3281,10.);
#850=VECTOR('',#3282,10.);
#851=VECTOR('',#3285,10.);
#852=VECTOR('',#3286,10.);
#853=VECTOR('',#3287,10.);
#854=VECTOR('',#3290,10.);
#855=VECTOR('',#3291,10.);
#856=VECTOR('',#3292,10.);
#857=VECTOR('',#3295,9.99999999999999);
#858=VECTOR('',#3296,9.99999999999999);
#859=VECTOR('',#3305,2.2);
#860=VECTOR('',#3310,2.5);
#861=VECTOR('',#3317,10.);
#862=VECTOR('',#3318,10.);
#863=VECTOR('',#3319,10.);
#864=VECTOR('',#3320,10.);
#865=VECTOR('',#3323,10.);
#866=VECTOR('',#3324,10.);
#867=VECTOR('',#3325,10.);
#868=VECTOR('',#3328,10.);
#869=VECTOR('',#3329,10.);
#870=VECTOR('',#3330,10.);
#871=VECTOR('',#3333,10.);
#872=VECTOR('',#3334,10.);
#873=VECTOR('',#3335,10.);
#874=VECTOR('',#3338,10.);
#875=VECTOR('',#3339,10.);
#876=VECTOR('',#3340,10.);
#877=VECTOR('',#3343,10.);
#878=VECTOR('',#3344,10.);
#879=VECTOR('',#3345,10.);
#880=VECTOR('',#3348,10.);
#881=VECTOR('',#3349,10.);
#882=VECTOR('',#3350,10.);
#883=VECTOR('',#3353,10.);
#884=VECTOR('',#3354,10.);
#885=VECTOR('',#3355,10.);
#886=VECTOR('',#3358,10.);
#887=VECTOR('',#3359,10.);
#888=VECTOR('',#3360,10.);
#889=VECTOR('',#3363,10.);
#890=VECTOR('',#3364,10.);
#891=VECTOR('',#3365,10.);
#892=VECTOR('',#3368,10.);
#893=VECTOR('',#3369,10.);
#894=VECTOR('',#3370,10.);
#895=VECTOR('',#3373,10.);
#896=VECTOR('',#3374,10.);
#897=VECTOR('',#3385,3.);
#898=CIRCLE('',#2399,2.5);
#899=CIRCLE('',#2400,2.5);
#900=CIRCLE('',#2402,2.5);
#901=CIRCLE('',#2403,2.5);
#902=CIRCLE('',#2405,4.5);
#903=CIRCLE('',#2406,4.5);
#904=CIRCLE('',#2408,16.0000000000001);
#905=CIRCLE('',#2409,16.0000000000001);
#906=CIRCLE('',#2412,5.);
#907=CIRCLE('',#2413,5.);
#908=CIRCLE('',#2416,16.);
#909=CIRCLE('',#2417,16.);
#910=CIRCLE('',#2420,10.);
#911=CIRCLE('',#2421,10.);
#912=CIRCLE('',#2427,2.5);
#913=CIRCLE('',#2428,2.5);
#914=CIRCLE('',#2430,4.49999999999999);
#915=CIRCLE('',#2431,4.49999999999999);
#916=CIRCLE('',#2433,4.49999999999999);
#917=CIRCLE('',#2434,4.49999999999999);
#918=CIRCLE('',#2437,5.);
#919=CIRCLE('',#2438,5.);
#920=CIRCLE('',#2441,10.0332942733785);
#921=CIRCLE('',#2442,10.0332942733785);
#922=CIRCLE('',#2446,15.5);
#923=CIRCLE('',#2447,15.5);
#924=CIRCLE('',#2451,10.);
#925=CIRCLE('',#2452,10.);
#926=CIRCLE('',#2457,14.5);
#927=CIRCLE('',#2458,1.);
#928=CIRCLE('',#2459,15.5);
#929=CIRCLE('',#2461,6.);
#930=CIRCLE('',#2463,15.5);
#931=CIRCLE('',#2464,1.5);
#932=CIRCLE('',#2465,0.799999999999981);
#933=CIRCLE('',#2466,0.7);
#934=CIRCLE('',#2468,1.5);
#935=CIRCLE('',#2471,6.);
#936=CIRCLE('',#2474,15.25);
#937=CIRCLE('',#2475,15.25);
#938=CIRCLE('',#2477,15.5);
#939=CIRCLE('',#2479,15.5);
#940=CIRCLE('',#2481,15.5);
#941=CIRCLE('',#2483,15.25);
#942=CIRCLE('',#2484,15.25);
#943=CIRCLE('',#2487,15.5);
#944=CIRCLE('',#2490,0.2);
#945=CIRCLE('',#2491,0.5);
#946=CIRCLE('',#2492,0.199999999999999);
#947=CIRCLE('',#2493,0.3);
#948=CIRCLE('',#2495,0.199999999999999);
#949=CIRCLE('',#2496,8.2);
#950=CIRCLE('',#2497,8.);
#951=CIRCLE('',#2499,0.200000000000002);
#952=CIRCLE('',#2500,0.3);
#953=CIRCLE('',#2501,0.5);
#954=CIRCLE('',#2503,12.5);
#955=CIRCLE('',#2504,12.3);
#956=CIRCLE('',#2506,8.);
#957=CIRCLE('',#2508,0.5);
#958=CIRCLE('',#2511,0.199999999999999);
#959=CIRCLE('',#2512,0.7);
#960=CIRCLE('',#2513,0.2);
#961=CIRCLE('',#2515,0.2);
#962=CIRCLE('',#2516,7.8);
#963=CIRCLE('',#2518,0.2);
#964=CIRCLE('',#2519,0.5);
#965=CIRCLE('',#2520,0.7);
#966=CIRCLE('',#2522,12.7);
#967=CIRCLE('',#2523,12.5);
#968=CIRCLE('',#2526,18.1);
#969=CIRCLE('',#2527,1.6645);
#970=CIRCLE('',#2528,1.6645);
#971=CIRCLE('',#2529,1.6645);
#972=CIRCLE('',#2530,2.5);
#973=CIRCLE('',#2531,6.);
#974=CIRCLE('',#2532,2.5);
#975=CIRCLE('',#2533,2.5);
#976=CIRCLE('',#2534,1.6645);
#977=CIRCLE('',#2535,1.6645);
#978=CIRCLE('',#2536,1.6645);
#979=CIRCLE('',#2539,1.2645);
#980=CIRCLE('',#2540,1.2645);
#981=CIRCLE('',#2542,1.2645);
#982=CIRCLE('',#2544,1.2645);
#983=CIRCLE('',#2545,1.2645);
#984=CIRCLE('',#2547,1.2645);
#985=CIRCLE('',#2549,1.2645);
#986=CIRCLE('',#2550,1.2645);
#987=CIRCLE('',#2552,1.2645);
#988=CIRCLE('',#2554,1.2645);
#989=CIRCLE('',#2555,1.2645);
#990=CIRCLE('',#2557,1.2645);
#991=CIRCLE('',#2559,1.2645);
#992=CIRCLE('',#2560,1.2645);
#993=CIRCLE('',#2562,1.2645);
#994=CIRCLE('',#2564,1.2645);
#995=CIRCLE('',#2565,1.2645);
#996=CIRCLE('',#2567,1.2645);
#997=CIRCLE('',#2572,3.);
#998=CIRCLE('',#2573,3.);
#999=CIRCLE('',#2574,2.6);
#1000=CIRCLE('',#2578,6.);
#1001=CIRCLE('',#2579,5.6);
#1002=CIRCLE('',#2582,3.);
#1003=CIRCLE('',#2584,18.5);
#1004=CIRCLE('',#2585,18.1);
#1005=CIRCLE('',#2587,18.5);
#1006=CIRCLE('',#2597,2.2);
#1007=CIRCLE('',#2598,2.2);
#1008=CIRCLE('',#2600,2.5);
#1009=CIRCLE('',#2616,2.2);
#1010=CIRCLE('',#2617,2.2);
#1011=CIRCLE('',#2619,2.5);
#1012=CIRCLE('',#2636,2.2);
#1013=CIRCLE('',#2637,2.2);
#1014=CIRCLE('',#2639,2.5);
#1015=CIRCLE('',#2656,3.);
#1016=VERTEX_POINT('',#3401);
#1017=VERTEX_POINT('',#3403);
#1018=VERTEX_POINT('',#3407);
#1019=VERTEX_POINT('',#3409);
#1020=VERTEX_POINT('',#3413);
#1021=VERTEX_POINT('',#3415);
#1022=VERTEX_POINT('',#3419);
#1023=VERTEX_POINT('',#3420);
#1024=VERTEX_POINT('',#3422);
#1025=VERTEX_POINT('',#3424);
#1026=VERTEX_POINT('',#3428);
#1027=VERTEX_POINT('',#3430);
#1028=VERTEX_POINT('',#3434);
#1029=VERTEX_POINT('',#3436);
#1030=VERTEX_POINT('',#3440);
#1031=VERTEX_POINT('',#3442);
#1032=VERTEX_POINT('',#3446);
#1033=VERTEX_POINT('',#3448);
#1034=VERTEX_POINT('',#3452);
#1035=VERTEX_POINT('',#3454);
#1036=VERTEX_POINT('',#3458);
#1037=VERTEX_POINT('',#3460);
#1038=VERTEX_POINT('',#3470);
#1039=VERTEX_POINT('',#3472);
#1040=VERTEX_POINT('',#3476);
#1041=VERTEX_POINT('',#3478);
#1042=VERTEX_POINT('',#3482);
#1043=VERTEX_POINT('',#3484);
#1044=VERTEX_POINT('',#3488);
#1045=VERTEX_POINT('',#3489);
#1046=VERTEX_POINT('',#3491);
#1047=VERTEX_POINT('',#3493);
#1048=VERTEX_POINT('',#3497);
#1049=VERTEX_POINT('',#3499);
#1050=VERTEX_POINT('',#3503);
#1051=VERTEX_POINT('',#3505);
#1052=VERTEX_POINT('',#3509);
#1053=VERTEX_POINT('',#3511);
#1054=VERTEX_POINT('',#3515);
#1055=VERTEX_POINT('',#3517);
#1056=VERTEX_POINT('',#3521);
#1057=VERTEX_POINT('',#3523);
#1058=VERTEX_POINT('',#3527);
#1059=VERTEX_POINT('',#3529);
#1060=VERTEX_POINT('',#3533);
#1061=VERTEX_POINT('',#3535);
#1062=VERTEX_POINT('',#3539);
#1063=VERTEX_POINT('',#3541);
#1064=VERTEX_POINT('',#3551);
#1065=VERTEX_POINT('',#3553);
#1066=VERTEX_POINT('',#3557);
#1067=VERTEX_POINT('',#3560);
#1068=VERTEX_POINT('',#3590);
#1069=VERTEX_POINT('',#3592);
#1070=VERTEX_POINT('',#3596);
#1071=VERTEX_POINT('',#3601);
#1072=VERTEX_POINT('',#3606);
#1073=VERTEX_POINT('',#3608);
#1074=VERTEX_POINT('',#3612);
#1075=VERTEX_POINT('',#3615);
#1076=VERTEX_POINT('',#3618);
#1077=VERTEX_POINT('',#3622);
#1078=VERTEX_POINT('',#3624);
#1079=VERTEX_POINT('',#3629);
#1080=VERTEX_POINT('',#3634);
#1081=VERTEX_POINT('',#3635);
#1082=VERTEX_POINT('',#3637);
#1083=VERTEX_POINT('',#3639);
#1084=VERTEX_POINT('',#3643);
#1085=VERTEX_POINT('',#3644);
#1086=VERTEX_POINT('',#3649);
#1087=VERTEX_POINT('',#3650);
#1088=VERTEX_POINT('',#3658);
#1089=VERTEX_POINT('',#3660);
#1090=VERTEX_POINT('',#3664);
#1091=VERTEX_POINT('',#3669);
#1092=VERTEX_POINT('',#3671);
#1093=VERTEX_POINT('',#3675);
#1094=VERTEX_POINT('',#3679);
#1095=VERTEX_POINT('',#3680);
#1096=VERTEX_POINT('',#3690);
#1097=VERTEX_POINT('',#3692);
#1098=VERTEX_POINT('',#3694);
#1099=VERTEX_POINT('',#3696);
#1100=VERTEX_POINT('',#3698);
#1101=VERTEX_POINT('',#3700);
#1102=VERTEX_POINT('',#3702);
#1103=VERTEX_POINT('',#3704);
#1104=VERTEX_POINT('',#3706);
#1105=VERTEX_POINT('',#3708);
#1106=VERTEX_POINT('',#3710);
#1107=VERTEX_POINT('',#3714);
#1108=VERTEX_POINT('',#3715);
#1109=VERTEX_POINT('',#3720);
#1110=VERTEX_POINT('',#3724);
#1111=VERTEX_POINT('',#3725);
#1112=VERTEX_POINT('',#3730);
#1113=VERTEX_POINT('',#3734);
#1114=VERTEX_POINT('',#3735);
#1115=VERTEX_POINT('',#3740);
#1116=VERTEX_POINT('',#3744);
#1117=VERTEX_POINT('',#3745);
#1118=VERTEX_POINT('',#3750);
#1119=VERTEX_POINT('',#3754);
#1120=VERTEX_POINT('',#3755);
#1121=VERTEX_POINT('',#3760);
#1122=VERTEX_POINT('',#3764);
#1123=VERTEX_POINT('',#3765);
#1124=VERTEX_POINT('',#3770);
#1125=VERTEX_POINT('',#3774);
#1126=VERTEX_POINT('',#3775);
#1127=VERTEX_POINT('',#3777);
#1128=VERTEX_POINT('',#3779);
#1129=VERTEX_POINT('',#3783);
#1130=VERTEX_POINT('',#3788);
#1131=VERTEX_POINT('',#3790);
#1132=VERTEX_POINT('',#3795);
#1133=VERTEX_POINT('',#3797);
#1134=VERTEX_POINT('',#3803);
#1135=VERTEX_POINT('',#3806);
#1136=VERTEX_POINT('',#3808);
#1137=VERTEX_POINT('',#3812);
#1138=VERTEX_POINT('',#3819);
#1139=VERTEX_POINT('',#3822);
#1140=VERTEX_POINT('',#3825);
#1141=VERTEX_POINT('',#3828);
#1142=VERTEX_POINT('',#3831);
#1143=VERTEX_POINT('',#3834);
#1144=VERTEX_POINT('',#3837);
#1145=VERTEX_POINT('',#3839);
#1146=VERTEX_POINT('',#3843);
#1147=VERTEX_POINT('',#3848);
#1148=VERTEX_POINT('',#3849);
#1149=VERTEX_POINT('',#3851);
#1150=VERTEX_POINT('',#3853);
#1151=VERTEX_POINT('',#3857);
#1152=VERTEX_POINT('',#3859);
#1153=VERTEX_POINT('',#3863);
#1154=VERTEX_POINT('',#3865);
#1155=VERTEX_POINT('',#3869);
#1156=VERTEX_POINT('',#3871);
#1157=VERTEX_POINT('',#3875);
#1158=VERTEX_POINT('',#3877);
#1159=VERTEX_POINT('',#3881);
#1160=VERTEX_POINT('',#3883);
#1161=VERTEX_POINT('',#3887);
#1162=VERTEX_POINT('',#3889);
#1163=VERTEX_POINT('',#3893);
#1164=VERTEX_POINT('',#3895);
#1165=VERTEX_POINT('',#3899);
#1166=VERTEX_POINT('',#3901);
#1167=VERTEX_POINT('',#3905);
#1168=VERTEX_POINT('',#3907);
#1169=VERTEX_POINT('',#3911);
#1170=VERTEX_POINT('',#3913);
#1171=VERTEX_POINT('',#3921);
#1172=VERTEX_POINT('',#3923);
#1173=VERTEX_POINT('',#3927);
#1174=VERTEX_POINT('',#3932);
#1175=VERTEX_POINT('',#3933);
#1176=VERTEX_POINT('',#3935);
#1177=VERTEX_POINT('',#3937);
#1178=VERTEX_POINT('',#3941);
#1179=VERTEX_POINT('',#3943);
#1180=VERTEX_POINT('',#3947);
#1181=VERTEX_POINT('',#3949);
#1182=VERTEX_POINT('',#3953);
#1183=VERTEX_POINT('',#3955);
#1184=VERTEX_POINT('',#3959);
#1185=VERTEX_POINT('',#3961);
#1186=VERTEX_POINT('',#3965);
#1187=VERTEX_POINT('',#3967);
#1188=VERTEX_POINT('',#3971);
#1189=VERTEX_POINT('',#3973);
#1190=VERTEX_POINT('',#3977);
#1191=VERTEX_POINT('',#3979);
#1192=VERTEX_POINT('',#3983);
#1193=VERTEX_POINT('',#3985);
#1194=VERTEX_POINT('',#3989);
#1195=VERTEX_POINT('',#3991);
#1196=VERTEX_POINT('',#3995);
#1197=VERTEX_POINT('',#3997);
#1198=VERTEX_POINT('',#4006);
#1199=VERTEX_POINT('',#4008);
#1200=VERTEX_POINT('',#4012);
#1201=VERTEX_POINT('',#4017);
#1202=VERTEX_POINT('',#4018);
#1203=VERTEX_POINT('',#4020);
#1204=VERTEX_POINT('',#4022);
#1205=VERTEX_POINT('',#4026);
#1206=VERTEX_POINT('',#4028);
#1207=VERTEX_POINT('',#4032);
#1208=VERTEX_POINT('',#4034);
#1209=VERTEX_POINT('',#4038);
#1210=VERTEX_POINT('',#4040);
#1211=VERTEX_POINT('',#4044);
#1212=VERTEX_POINT('',#4046);
#1213=VERTEX_POINT('',#4050);
#1214=VERTEX_POINT('',#4052);
#1215=VERTEX_POINT('',#4056);
#1216=VERTEX_POINT('',#4058);
#1217=VERTEX_POINT('',#4062);
#1218=VERTEX_POINT('',#4064);
#1219=VERTEX_POINT('',#4068);
#1220=VERTEX_POINT('',#4070);
#1221=VERTEX_POINT('',#4074);
#1222=VERTEX_POINT('',#4076);
#1223=VERTEX_POINT('',#4080);
#1224=VERTEX_POINT('',#4082);
#1225=EDGE_CURVE('',#1016,#1016,#898,.T.);
#1226=EDGE_CURVE('',#1016,#1017,#502,.T.);
#1227=EDGE_CURVE('',#1017,#1017,#899,.T.);
#1228=EDGE_CURVE('',#1018,#1018,#900,.T.);
#1229=EDGE_CURVE('',#1018,#1019,#503,.T.);
#1230=EDGE_CURVE('',#1019,#1019,#901,.T.);
#1231=EDGE_CURVE('',#1020,#1020,#902,.T.);
#1232=EDGE_CURVE('',#1020,#1021,#504,.T.);
#1233=EDGE_CURVE('',#1021,#1021,#903,.T.);
#1234=EDGE_CURVE('',#1022,#1023,#904,.T.);
#1235=EDGE_CURVE('',#1022,#1024,#505,.T.);
#1236=EDGE_CURVE('',#1025,#1024,#905,.T.);
#1237=EDGE_CURVE('',#1023,#1025,#506,.T.);
#1238=EDGE_CURVE('',#1026,#1023,#507,.T.);
#1239=EDGE_CURVE('',#1027,#1025,#508,.T.);
#1240=EDGE_CURVE('',#1026,#1027,#509,.T.);
#1241=EDGE_CURVE('',#1028,#1026,#906,.T.);
#1242=EDGE_CURVE('',#1029,#1027,#907,.T.);
#1243=EDGE_CURVE('',#1028,#1029,#510,.T.);
#1244=EDGE_CURVE('',#1030,#1028,#511,.T.);
#1245=EDGE_CURVE('',#1031,#1029,#512,.T.);
#1246=EDGE_CURVE('',#1030,#1031,#513,.T.);
#1247=EDGE_CURVE('',#1032,#1030,#908,.T.);
#1248=EDGE_CURVE('',#1033,#1031,#909,.T.);
#1249=EDGE_CURVE('',#1032,#1033,#514,.T.);
#1250=EDGE_CURVE('',#1034,#1032,#515,.T.);
#1251=EDGE_CURVE('',#1035,#1033,#516,.T.);
#1252=EDGE_CURVE('',#1034,#1035,#517,.T.);
#1253=EDGE_CURVE('',#1036,#1034,#910,.T.);
#1254=EDGE_CURVE('',#1037,#1035,#911,.T.);
#1255=EDGE_CURVE('',#1036,#1037,#518,.T.);
#1256=EDGE_CURVE('',#1022,#1036,#519,.T.);
#1257=EDGE_CURVE('',#1024,#1037,#520,.T.);
#1258=EDGE_CURVE('',#1038,#1038,#912,.T.);
#1259=EDGE_CURVE('',#1038,#1039,#521,.T.);
#1260=EDGE_CURVE('',#1039,#1039,#913,.T.);
#1261=EDGE_CURVE('',#1040,#1040,#914,.T.);
#1262=EDGE_CURVE('',#1040,#1041,#522,.T.);
#1263=EDGE_CURVE('',#1041,#1041,#915,.T.);
#1264=EDGE_CURVE('',#1042,#1042,#916,.T.);
#1265=EDGE_CURVE('',#1042,#1043,#523,.T.);
#1266=EDGE_CURVE('',#1043,#1043,#917,.T.);
#1267=EDGE_CURVE('',#1044,#1045,#524,.T.);
#1268=EDGE_CURVE('',#1045,#1046,#525,.T.);
#1269=EDGE_CURVE('',#1047,#1046,#526,.T.);
#1270=EDGE_CURVE('',#1044,#1047,#527,.T.);
#1271=EDGE_CURVE('',#1044,#1048,#918,.T.);
#1272=EDGE_CURVE('',#1049,#1047,#919,.T.);
#1273=EDGE_CURVE('',#1048,#1049,#528,.T.);
#1274=EDGE_CURVE('',#1048,#1050,#529,.T.);
#1275=EDGE_CURVE('',#1051,#1049,#530,.T.);
#1276=EDGE_CURVE('',#1050,#1051,#531,.T.);
#1277=EDGE_CURVE('',#1052,#1050,#920,.T.);
#1278=EDGE_CURVE('',#1053,#1051,#921,.T.);
#1279=EDGE_CURVE('',#1052,#1053,#532,.T.);
#1280=EDGE_CURVE('',#1052,#1054,#533,.T.);
#1281=EDGE_CURVE('',#1055,#1053,#534,.T.);
#1282=EDGE_CURVE('',#1054,#1055,#535,.T.);
#1283=EDGE_CURVE('',#1054,#1056,#536,.T.);
#1284=EDGE_CURVE('',#1057,#1055,#537,.T.);
#1285=EDGE_CURVE('',#1056,#1057,#538,.T.);
#1286=EDGE_CURVE('',#1058,#1056,#922,.T.);
#1287=EDGE_CURVE('',#1059,#1057,#923,.T.);
#1288=EDGE_CURVE('',#1058,#1059,#539,.T.);
#1289=EDGE_CURVE('',#1058,#1060,#540,.T.);
#1290=EDGE_CURVE('',#1061,#1059,#541,.T.);
#1291=EDGE_CURVE('',#1060,#1061,#542,.T.);
#1292=EDGE_CURVE('',#1062,#1060,#543,.T.);
#1293=EDGE_CURVE('',#1063,#1061,#544,.T.);
#1294=EDGE_CURVE('',#1062,#1063,#545,.T.);
#1295=EDGE_CURVE('',#1045,#1062,#924,.T.);
#1296=EDGE_CURVE('',#1046,#1063,#925,.T.);
#1297=EDGE_CURVE('',#1064,#1064,#926,.T.);
#1298=EDGE_CURVE('',#1064,#1065,#927,.T.);
#1299=EDGE_CURVE('',#1065,#1065,#928,.T.);
#1300=EDGE_CURVE('',#1066,#1066,#929,.T.);
#1301=EDGE_CURVE('',#1065,#1067,#546,.T.);
#1302=EDGE_CURVE('',#1067,#1067,#930,.T.);
#1303=EDGE_CURVE('',#1068,#1068,#931,.T.);
#1304=EDGE_CURVE('',#1068,#1069,#932,.T.);
#1305=EDGE_CURVE('',#1069,#1069,#933,.T.);
#1306=EDGE_CURVE('',#1068,#1070,#547,.T.);
#1307=EDGE_CURVE('',#1070,#1070,#934,.T.);
#1308=EDGE_CURVE('',#1071,#1071,#935,.T.);
#1309=EDGE_CURVE('',#1071,#1066,#548,.T.);
#1310=EDGE_CURVE('',#1072,#1072,#936,.T.);
#1311=EDGE_CURVE('',#1072,#1073,#549,.T.);
#1312=EDGE_CURVE('',#1073,#1073,#937,.T.);
#1313=EDGE_CURVE('',#1074,#1074,#938,.T.);
#1314=EDGE_CURVE('',#1075,#1075,#939,.T.);
#1315=EDGE_CURVE('',#1075,#1076,#550,.T.);
#1316=EDGE_CURVE('',#1076,#1076,#940,.T.);
#1317=EDGE_CURVE('',#1077,#1077,#941,.T.);
#1318=EDGE_CURVE('',#1077,#1078,#551,.T.);
#1319=EDGE_CURVE('',#1078,#1078,#942,.T.);
#1320=EDGE_CURVE('',#1079,#1079,#943,.T.);
#1321=EDGE_CURVE('',#1079,#1074,#552,.T.);
#1322=EDGE_CURVE('',#1080,#1081,#944,.T.);
#1323=EDGE_CURVE('',#1081,#1082,#945,.T.);
#1324=EDGE_CURVE('',#1082,#1083,#946,.T.);
#1325=EDGE_CURVE('',#1083,#1080,#947,.T.);
#1326=EDGE_CURVE('',#1084,#1085,#948,.T.);
#1327=EDGE_CURVE('',#1085,#1083,#949,.T.);
#1328=EDGE_CURVE('',#1082,#1084,#950,.T.);
#1329=EDGE_CURVE('',#1086,#1087,#951,.T.);
#1330=EDGE_CURVE('',#1087,#1085,#952,.T.);
#1331=EDGE_CURVE('',#1084,#1086,#953,.T.);
#1332=EDGE_CURVE('',#1086,#1081,#954,.T.);
#1333=EDGE_CURVE('',#1080,#1087,#955,.T.);
#1334=EDGE_CURVE('',#1088,#1082,#553,.T.);
#1335=EDGE_CURVE('',#1089,#1088,#956,.T.);
#1336=EDGE_CURVE('',#1084,#1089,#554,.T.);
#1337=EDGE_CURVE('',#1081,#1090,#555,.T.);
#1338=EDGE_CURVE('',#1088,#1090,#957,.T.);
#1339=EDGE_CURVE('',#1090,#1091,#958,.T.);
#1340=EDGE_CURVE('',#1091,#1092,#959,.T.);
#1341=EDGE_CURVE('',#1092,#1088,#960,.T.);
#1342=EDGE_CURVE('',#1093,#1089,#961,.T.);
#1343=EDGE_CURVE('',#1092,#1093,#962,.T.);
#1344=EDGE_CURVE('',#1094,#1095,#963,.T.);
#1345=EDGE_CURVE('',#1095,#1089,#964,.T.);
#1346=EDGE_CURVE('',#1093,#1094,#965,.T.);
#1347=EDGE_CURVE('',#1094,#1091,#966,.T.);
#1348=EDGE_CURVE('',#1090,#1095,#967,.T.);
#1349=EDGE_CURVE('',#1095,#1086,#556,.T.);
#1350=EDGE_CURVE('',#1096,#1096,#968,.T.);
#1351=EDGE_CURVE('',#1097,#1097,#969,.T.);
#1352=EDGE_CURVE('',#1098,#1098,#970,.T.);
#1353=EDGE_CURVE('',#1099,#1099,#971,.T.);
#1354=EDGE_CURVE('',#1100,#1100,#972,.T.);
#1355=EDGE_CURVE('',#1101,#1101,#973,.T.);
#1356=EDGE_CURVE('',#1102,#1102,#974,.T.);
#1357=EDGE_CURVE('',#1103,#1103,#975,.T.);
#1358=EDGE_CURVE('',#1104,#1104,#976,.T.);
#1359=EDGE_CURVE('',#1105,#1105,#977,.T.);
#1360=EDGE_CURVE('',#1106,#1106,#978,.T.);
#1361=EDGE_CURVE('',#1107,#1108,#979,.T.);
#1362=EDGE_CURVE('',#1108,#1097,#557,.T.);
#1363=EDGE_CURVE('',#1108,#1107,#980,.T.);
#1364=EDGE_CURVE('',#1107,#1109,#558,.T.);
#1365=EDGE_CURVE('',#1109,#1109,#981,.T.);
#1366=EDGE_CURVE('',#1110,#1111,#982,.T.);
#1367=EDGE_CURVE('',#1111,#1106,#559,.T.);
#1368=EDGE_CURVE('',#1111,#1110,#983,.T.);
#1369=EDGE_CURVE('',#1110,#1112,#560,.T.);
#1370=EDGE_CURVE('',#1112,#1112,#984,.T.);
#1371=EDGE_CURVE('',#1113,#1114,#985,.T.);
#1372=EDGE_CURVE('',#1114,#1098,#561,.T.);
#1373=EDGE_CURVE('',#1114,#1113,#986,.T.);
#1374=EDGE_CURVE('',#1113,#1115,#562,.T.);
#1375=EDGE_CURVE('',#1115,#1115,#987,.T.);
#1376=EDGE_CURVE('',#1116,#1117,#988,.T.);
#1377=EDGE_CURVE('',#1117,#1105,#563,.T.);
#1378=EDGE_CURVE('',#1117,#1116,#989,.T.);
#1379=EDGE_CURVE('',#1116,#1118,#564,.T.);
#1380=EDGE_CURVE('',#1118,#1118,#990,.T.);
#1381=EDGE_CURVE('',#1119,#1120,#991,.T.);
#1382=EDGE_CURVE('',#1120,#1099,#565,.T.);
#1383=EDGE_CURVE('',#1120,#1119,#992,.T.);
#1384=EDGE_CURVE('',#1119,#1121,#566,.T.);
#1385=EDGE_CURVE('',#1121,#1121,#993,.T.);
#1386=EDGE_CURVE('',#1122,#1123,#994,.T.);
#1387=EDGE_CURVE('',#1123,#1104,#567,.T.);
#1388=EDGE_CURVE('',#1123,#1122,#995,.T.);
#1389=EDGE_CURVE('',#1122,#1124,#568,.T.);
#1390=EDGE_CURVE('',#1124,#1124,#996,.T.);
#1391=EDGE_CURVE('',#1125,#1126,#569,.T.);
#1392=EDGE_CURVE('',#1126,#1127,#31,.T.);
#1393=EDGE_CURVE('',#1127,#1128,#570,.T.);
#1394=EDGE_CURVE('',#1125,#1128,#32,.T.);
#1395=EDGE_CURVE('',#1128,#1129,#997,.T.);
#1396=EDGE_CURVE('',#1129,#1127,#998,.T.);
#1397=EDGE_CURVE('',#1126,#1125,#999,.T.);
#1398=EDGE_CURVE('',#1130,#1127,#571,.T.);
#1399=EDGE_CURVE('',#1130,#1131,#572,.T.);
#1400=EDGE_CURVE('',#1128,#1131,#573,.T.);
#1401=EDGE_CURVE('',#1132,#1132,#1000,.T.);
#1402=EDGE_CURVE('',#1132,#1133,#574,.T.);
#1403=EDGE_CURVE('',#1133,#1133,#1001,.T.);
#1404=EDGE_CURVE('',#1132,#1101,#575,.T.);
#1405=EDGE_CURVE('',#1134,#1134,#1002,.T.);
#1406=EDGE_CURVE('',#1135,#1135,#1003,.T.);
#1407=EDGE_CURVE('',#1135,#1136,#576,.T.);
#1408=EDGE_CURVE('',#1136,#1136,#1004,.T.);
#1409=EDGE_CURVE('',#1137,#1137,#1005,.T.);
#1410=EDGE_CURVE('',#1137,#1135,#577,.T.);
#1411=EDGE_CURVE('',#1137,#1096,#578,.T.);
#1412=EDGE_CURVE('',#1138,#1118,#579,.T.);
#1413=EDGE_CURVE('',#1139,#1109,#580,.T.);
#1414=EDGE_CURVE('',#1140,#1115,#581,.T.);
#1415=EDGE_CURVE('',#1141,#1112,#582,.T.);
#1416=EDGE_CURVE('',#1142,#1124,#583,.T.);
#1417=EDGE_CURVE('',#1143,#1121,#584,.T.);
#1418=EDGE_CURVE('',#1144,#1144,#1006,.T.);
#1419=EDGE_CURVE('',#1144,#1145,#585,.T.);
#1420=EDGE_CURVE('',#1145,#1145,#1007,.T.);
#1421=EDGE_CURVE('',#1103,#1146,#586,.T.);
#1422=EDGE_CURVE('',#1146,#1146,#1008,.T.);
#1423=EDGE_CURVE('',#1147,#1148,#587,.T.);
#1424=EDGE_CURVE('',#1147,#1149,#588,.T.);
#1425=EDGE_CURVE('',#1149,#1150,#589,.T.);
#1426=EDGE_CURVE('',#1148,#1150,#590,.T.);
#1427=EDGE_CURVE('',#1151,#1147,#591,.T.);
#1428=EDGE_CURVE('',#1151,#1152,#592,.T.);
#1429=EDGE_CURVE('',#1152,#1149,#593,.T.);
#1430=EDGE_CURVE('',#1153,#1151,#594,.T.);
#1431=EDGE_CURVE('',#1153,#1154,#595,.T.);
#1432=EDGE_CURVE('',#1154,#1152,#596,.T.);
#1433=EDGE_CURVE('',#1155,#1153,#597,.T.);
#1434=EDGE_CURVE('',#1155,#1156,#598,.T.);
#1435=EDGE_CURVE('',#1156,#1154,#599,.T.);
#1436=EDGE_CURVE('',#1157,#1155,#600,.T.);
#1437=EDGE_CURVE('',#1157,#1158,#601,.T.);
#1438=EDGE_CURVE('',#1158,#1156,#602,.T.);
#1439=EDGE_CURVE('',#1159,#1157,#603,.T.);
#1440=EDGE_CURVE('',#1159,#1160,#604,.T.);
#1441=EDGE_CURVE('',#1160,#1158,#605,.T.);
#1442=EDGE_CURVE('',#1161,#1159,#606,.T.);
#1443=EDGE_CURVE('',#1161,#1162,#607,.T.);
#1444=EDGE_CURVE('',#1162,#1160,#608,.T.);
#1445=EDGE_CURVE('',#1163,#1161,#609,.T.);
#1446=EDGE_CURVE('',#1163,#1164,#610,.T.);
#1447=EDGE_CURVE('',#1164,#1162,#611,.T.);
#1448=EDGE_CURVE('',#1165,#1163,#612,.T.);
#1449=EDGE_CURVE('',#1165,#1166,#613,.T.);
#1450=EDGE_CURVE('',#1166,#1164,#614,.T.);
#1451=EDGE_CURVE('',#1167,#1165,#615,.T.);
#1452=EDGE_CURVE('',#1167,#1168,#616,.T.);
#1453=EDGE_CURVE('',#1168,#1166,#617,.T.);
#1454=EDGE_CURVE('',#1169,#1167,#618,.T.);
#1455=EDGE_CURVE('',#1169,#1170,#619,.T.);
#1456=EDGE_CURVE('',#1170,#1168,#620,.T.);
#1457=EDGE_CURVE('',#1148,#1169,#621,.T.);
#1458=EDGE_CURVE('',#1150,#1170,#622,.T.);
#1459=EDGE_CURVE('',#1171,#1171,#1009,.T.);
#1460=EDGE_CURVE('',#1171,#1172,#623,.T.);
#1461=EDGE_CURVE('',#1172,#1172,#1010,.T.);
#1462=EDGE_CURVE('',#1100,#1173,#624,.T.);
#1463=EDGE_CURVE('',#1173,#1173,#1011,.T.);
#1464=EDGE_CURVE('',#1174,#1175,#625,.T.);
#1465=EDGE_CURVE('',#1174,#1176,#626,.T.);
#1466=EDGE_CURVE('',#1176,#1177,#627,.T.);
#1467=EDGE_CURVE('',#1175,#1177,#628,.T.);
#1468=EDGE_CURVE('',#1178,#1174,#629,.T.);
#1469=EDGE_CURVE('',#1178,#1179,#630,.T.);
#1470=EDGE_CURVE('',#1179,#1176,#631,.T.);
#1471=EDGE_CURVE('',#1180,#1178,#632,.T.);
#1472=EDGE_CURVE('',#1180,#1181,#633,.T.);
#1473=EDGE_CURVE('',#1181,#1179,#634,.T.);
#1474=EDGE_CURVE('',#1182,#1180,#635,.T.);
#1475=EDGE_CURVE('',#1182,#1183,#636,.T.);
#1476=EDGE_CURVE('',#1183,#1181,#637,.T.);
#1477=EDGE_CURVE('',#1184,#1182,#638,.T.);
#1478=EDGE_CURVE('',#1184,#1185,#639,.T.);
#1479=EDGE_CURVE('',#1185,#1183,#640,.T.);
#1480=EDGE_CURVE('',#1186,#1184,#641,.T.);
#1481=EDGE_CURVE('',#1186,#1187,#642,.T.);
#1482=EDGE_CURVE('',#1187,#1185,#643,.T.);
#1483=EDGE_CURVE('',#1188,#1186,#644,.T.);
#1484=EDGE_CURVE('',#1188,#1189,#645,.T.);
#1485=EDGE_CURVE('',#1189,#1187,#646,.T.);
#1486=EDGE_CURVE('',#1190,#1188,#647,.T.);
#1487=EDGE_CURVE('',#1190,#1191,#648,.T.);
#1488=EDGE_CURVE('',#1191,#1189,#649,.T.);
#1489=EDGE_CURVE('',#1192,#1190,#650,.T.);
#1490=EDGE_CURVE('',#1192,#1193,#651,.T.);
#1491=EDGE_CURVE('',#1193,#1191,#652,.T.);
#1492=EDGE_CURVE('',#1194,#1192,#653,.T.);
#1493=EDGE_CURVE('',#1194,#1195,#654,.T.);
#1494=EDGE_CURVE('',#1195,#1193,#655,.T.);
#1495=EDGE_CURVE('',#1196,#1194,#656,.T.);
#1496=EDGE_CURVE('',#1196,#1197,#657,.T.);
#1497=EDGE_CURVE('',#1197,#1195,#658,.T.);
#1498=EDGE_CURVE('',#1175,#1196,#659,.T.);
#1499=EDGE_CURVE('',#1177,#1197,#660,.T.);
#1500=EDGE_CURVE('',#1198,#1198,#1012,.T.);
#1501=EDGE_CURVE('',#1198,#1199,#661,.T.);
#1502=EDGE_CURVE('',#1199,#1199,#1013,.T.);
#1503=EDGE_CURVE('',#1102,#1200,#662,.T.);
#1504=EDGE_CURVE('',#1200,#1200,#1014,.T.);
#1505=EDGE_CURVE('',#1201,#1202,#663,.T.);
#1506=EDGE_CURVE('',#1201,#1203,#664,.T.);
#1507=EDGE_CURVE('',#1203,#1204,#665,.T.);
#1508=EDGE_CURVE('',#1202,#1204,#666,.T.);
#1509=EDGE_CURVE('',#1205,#1201,#667,.T.);
#1510=EDGE_CURVE('',#1205,#1206,#668,.T.);
#1511=EDGE_CURVE('',#1206,#1203,#669,.T.);
#1512=EDGE_CURVE('',#1207,#1205,#670,.T.);
#1513=EDGE_CURVE('',#1207,#1208,#671,.T.);
#1514=EDGE_CURVE('',#1208,#1206,#672,.T.);
#1515=EDGE_CURVE('',#1209,#1207,#673,.T.);
#1516=EDGE_CURVE('',#1209,#1210,#674,.T.);
#1517=EDGE_CURVE('',#1210,#1208,#675,.T.);
#1518=EDGE_CURVE('',#1211,#1209,#676,.T.);
#1519=EDGE_CURVE('',#1211,#1212,#677,.T.);
#1520=EDGE_CURVE('',#1212,#1210,#678,.T.);
#1521=EDGE_CURVE('',#1213,#1211,#679,.T.);
#1522=EDGE_CURVE('',#1213,#1214,#680,.T.);
#1523=EDGE_CURVE('',#1214,#1212,#681,.T.);
#1524=EDGE_CURVE('',#1215,#1213,#682,.T.);
#1525=EDGE_CURVE('',#1215,#1216,#683,.T.);
#1526=EDGE_CURVE('',#1216,#1214,#684,.T.);
#1527=EDGE_CURVE('',#1217,#1215,#685,.T.);
#1528=EDGE_CURVE('',#1217,#1218,#686,.T.);
#1529=EDGE_CURVE('',#1218,#1216,#687,.T.);
#1530=EDGE_CURVE('',#1219,#1217,#688,.T.);
#1531=EDGE_CURVE('',#1219,#1220,#689,.T.);
#1532=EDGE_CURVE('',#1220,#1218,#690,.T.);
#1533=EDGE_CURVE('',#1221,#1219,#691,.T.);
#1534=EDGE_CURVE('',#1221,#1222,#692,.T.);
#1535=EDGE_CURVE('',#1222,#1220,#693,.T.);
#1536=EDGE_CURVE('',#1223,#1221,#694,.T.);
#1537=EDGE_CURVE('',#1223,#1224,#695,.T.);
#1538=EDGE_CURVE('',#1224,#1222,#696,.T.);
#1539=EDGE_CURVE('',#1202,#1223,#697,.T.);
#1540=EDGE_CURVE('',#1204,#1224,#698,.T.);
#1541=EDGE_CURVE('',#1131,#1130,#1015,.T.);
#1542=EDGE_CURVE('',#1129,#1134,#699,.T.);
#1543=ORIENTED_EDGE('',*,*,#1225,.F.);
#1544=ORIENTED_EDGE('',*,*,#1226,.T.);
#1545=ORIENTED_EDGE('',*,*,#1227,.F.);
#1546=ORIENTED_EDGE('',*,*,#1226,.F.);
#1547=ORIENTED_EDGE('',*,*,#1228,.F.);
#1548=ORIENTED_EDGE('',*,*,#1229,.T.);
#1549=ORIENTED_EDGE('',*,*,#1230,.F.);
#1550=ORIENTED_EDGE('',*,*,#1229,.F.);
#1551=ORIENTED_EDGE('',*,*,#1231,.F.);
#1552=ORIENTED_EDGE('',*,*,#1232,.T.);
#1553=ORIENTED_EDGE('',*,*,#1233,.F.);
#1554=ORIENTED_EDGE('',*,*,#1232,.F.);
#1555=ORIENTED_EDGE('',*,*,#1234,.F.);
#1556=ORIENTED_EDGE('',*,*,#1235,.T.);
#1557=ORIENTED_EDGE('',*,*,#1236,.F.);
#1558=ORIENTED_EDGE('',*,*,#1237,.F.);
#1559=ORIENTED_EDGE('',*,*,#1238,.T.);
#1560=ORIENTED_EDGE('',*,*,#1237,.T.);
#1561=ORIENTED_EDGE('',*,*,#1239,.F.);
#1562=ORIENTED_EDGE('',*,*,#1240,.F.);
#1563=ORIENTED_EDGE('',*,*,#1241,.T.);
#1564=ORIENTED_EDGE('',*,*,#1240,.T.);
#1565=ORIENTED_EDGE('',*,*,#1242,.F.);
#1566=ORIENTED_EDGE('',*,*,#1243,.F.);
#1567=ORIENTED_EDGE('',*,*,#1244,.T.);
#1568=ORIENTED_EDGE('',*,*,#1243,.T.);
#1569=ORIENTED_EDGE('',*,*,#1245,.F.);
#1570=ORIENTED_EDGE('',*,*,#1246,.F.);
#1571=ORIENTED_EDGE('',*,*,#1247,.T.);
#1572=ORIENTED_EDGE('',*,*,#1246,.T.);
#1573=ORIENTED_EDGE('',*,*,#1248,.F.);
#1574=ORIENTED_EDGE('',*,*,#1249,.F.);
#1575=ORIENTED_EDGE('',*,*,#1250,.T.);
#1576=ORIENTED_EDGE('',*,*,#1249,.T.);
#1577=ORIENTED_EDGE('',*,*,#1251,.F.);
#1578=ORIENTED_EDGE('',*,*,#1252,.F.);
#1579=ORIENTED_EDGE('',*,*,#1253,.T.);
#1580=ORIENTED_EDGE('',*,*,#1252,.T.);
#1581=ORIENTED_EDGE('',*,*,#1254,.F.);
#1582=ORIENTED_EDGE('',*,*,#1255,.F.);
#1583=ORIENTED_EDGE('',*,*,#1256,.T.);
#1584=ORIENTED_EDGE('',*,*,#1255,.T.);
#1585=ORIENTED_EDGE('',*,*,#1257,.F.);
#1586=ORIENTED_EDGE('',*,*,#1235,.F.);
#1587=ORIENTED_EDGE('',*,*,#1257,.T.);
#1588=ORIENTED_EDGE('',*,*,#1254,.T.);
#1589=ORIENTED_EDGE('',*,*,#1251,.T.);
#1590=ORIENTED_EDGE('',*,*,#1248,.T.);
#1591=ORIENTED_EDGE('',*,*,#1245,.T.);
#1592=ORIENTED_EDGE('',*,*,#1242,.T.);
#1593=ORIENTED_EDGE('',*,*,#1239,.T.);
#1594=ORIENTED_EDGE('',*,*,#1236,.T.);
#1595=ORIENTED_EDGE('',*,*,#1225,.T.);
#1596=ORIENTED_EDGE('',*,*,#1228,.T.);
#1597=ORIENTED_EDGE('',*,*,#1231,.T.);
#1598=ORIENTED_EDGE('',*,*,#1256,.F.);
#1599=ORIENTED_EDGE('',*,*,#1234,.T.);
#1600=ORIENTED_EDGE('',*,*,#1238,.F.);
#1601=ORIENTED_EDGE('',*,*,#1241,.F.);
#1602=ORIENTED_EDGE('',*,*,#1244,.F.);
#1603=ORIENTED_EDGE('',*,*,#1247,.F.);
#1604=ORIENTED_EDGE('',*,*,#1250,.F.);
#1605=ORIENTED_EDGE('',*,*,#1253,.F.);
#1606=ORIENTED_EDGE('',*,*,#1227,.T.);
#1607=ORIENTED_EDGE('',*,*,#1230,.T.);
#1608=ORIENTED_EDGE('',*,*,#1233,.T.);
#1609=ORIENTED_EDGE('',*,*,#1258,.F.);
#1610=ORIENTED_EDGE('',*,*,#1259,.T.);
#1611=ORIENTED_EDGE('',*,*,#1260,.F.);
#1612=ORIENTED_EDGE('',*,*,#1259,.F.);
#1613=ORIENTED_EDGE('',*,*,#1261,.F.);
#1614=ORIENTED_EDGE('',*,*,#1262,.T.);
#1615=ORIENTED_EDGE('',*,*,#1263,.F.);
#1616=ORIENTED_EDGE('',*,*,#1262,.F.);
#1617=ORIENTED_EDGE('',*,*,#1264,.F.);
#1618=ORIENTED_EDGE('',*,*,#1265,.T.);
#1619=ORIENTED_EDGE('',*,*,#1266,.F.);
#1620=ORIENTED_EDGE('',*,*,#1265,.F.);
#1621=ORIENTED_EDGE('',*,*,#1267,.T.);
#1622=ORIENTED_EDGE('',*,*,#1268,.T.);
#1623=ORIENTED_EDGE('',*,*,#1269,.F.);
#1624=ORIENTED_EDGE('',*,*,#1270,.F.);
#1625=ORIENTED_EDGE('',*,*,#1271,.F.);
#1626=ORIENTED_EDGE('',*,*,#1270,.T.);
#1627=ORIENTED_EDGE('',*,*,#1272,.F.);
#1628=ORIENTED_EDGE('',*,*,#1273,.F.);
#1629=ORIENTED_EDGE('',*,*,#1274,.F.);
#1630=ORIENTED_EDGE('',*,*,#1273,.T.);
#1631=ORIENTED_EDGE('',*,*,#1275,.F.);
#1632=ORIENTED_EDGE('',*,*,#1276,.F.);
#1633=ORIENTED_EDGE('',*,*,#1277,.T.);
#1634=ORIENTED_EDGE('',*,*,#1276,.T.);
#1635=ORIENTED_EDGE('',*,*,#1278,.F.);
#1636=ORIENTED_EDGE('',*,*,#1279,.F.);
#1637=ORIENTED_EDGE('',*,*,#1280,.F.);
#1638=ORIENTED_EDGE('',*,*,#1279,.T.);
#1639=ORIENTED_EDGE('',*,*,#1281,.F.);
#1640=ORIENTED_EDGE('',*,*,#1282,.F.);
#1641=ORIENTED_EDGE('',*,*,#1283,.F.);
#1642=ORIENTED_EDGE('',*,*,#1282,.T.);
#1643=ORIENTED_EDGE('',*,*,#1284,.F.);
#1644=ORIENTED_EDGE('',*,*,#1285,.F.);
#1645=ORIENTED_EDGE('',*,*,#1286,.T.);
#1646=ORIENTED_EDGE('',*,*,#1285,.T.);
#1647=ORIENTED_EDGE('',*,*,#1287,.F.);
#1648=ORIENTED_EDGE('',*,*,#1288,.F.);
#1649=ORIENTED_EDGE('',*,*,#1289,.F.);
#1650=ORIENTED_EDGE('',*,*,#1288,.T.);
#1651=ORIENTED_EDGE('',*,*,#1290,.F.);
#1652=ORIENTED_EDGE('',*,*,#1291,.F.);
#1653=ORIENTED_EDGE('',*,*,#1292,.T.);
#1654=ORIENTED_EDGE('',*,*,#1291,.T.);
#1655=ORIENTED_EDGE('',*,*,#1293,.F.);
#1656=ORIENTED_EDGE('',*,*,#1294,.F.);
#1657=ORIENTED_EDGE('',*,*,#1295,.T.);
#1658=ORIENTED_EDGE('',*,*,#1294,.T.);
#1659=ORIENTED_EDGE('',*,*,#1296,.F.);
#1660=ORIENTED_EDGE('',*,*,#1268,.F.);
#1661=ORIENTED_EDGE('',*,*,#1296,.T.);
#1662=ORIENTED_EDGE('',*,*,#1293,.T.);
#1663=ORIENTED_EDGE('',*,*,#1290,.T.);
#1664=ORIENTED_EDGE('',*,*,#1287,.T.);
#1665=ORIENTED_EDGE('',*,*,#1284,.T.);
#1666=ORIENTED_EDGE('',*,*,#1281,.T.);
#1667=ORIENTED_EDGE('',*,*,#1278,.T.);
#1668=ORIENTED_EDGE('',*,*,#1275,.T.);
#1669=ORIENTED_EDGE('',*,*,#1272,.T.);
#1670=ORIENTED_EDGE('',*,*,#1269,.T.);
#1671=ORIENTED_EDGE('',*,*,#1258,.T.);
#1672=ORIENTED_EDGE('',*,*,#1261,.T.);
#1673=ORIENTED_EDGE('',*,*,#1264,.T.);
#1674=ORIENTED_EDGE('',*,*,#1295,.F.);
#1675=ORIENTED_EDGE('',*,*,#1267,.F.);
#1676=ORIENTED_EDGE('',*,*,#1271,.T.);
#1677=ORIENTED_EDGE('',*,*,#1274,.T.);
#1678=ORIENTED_EDGE('',*,*,#1277,.F.);
#1679=ORIENTED_EDGE('',*,*,#1280,.T.);
#1680=ORIENTED_EDGE('',*,*,#1283,.T.);
#1681=ORIENTED_EDGE('',*,*,#1286,.F.);
#1682=ORIENTED_EDGE('',*,*,#1289,.T.);
#1683=ORIENTED_EDGE('',*,*,#1292,.F.);
#1684=ORIENTED_EDGE('',*,*,#1260,.T.);
#1685=ORIENTED_EDGE('',*,*,#1263,.T.);
#1686=ORIENTED_EDGE('',*,*,#1266,.T.);
#1687=ORIENTED_EDGE('',*,*,#1297,.T.);
#1688=ORIENTED_EDGE('',*,*,#1298,.T.);
#1689=ORIENTED_EDGE('',*,*,#1299,.T.);
#1690=ORIENTED_EDGE('',*,*,#1298,.F.);
#1691=ORIENTED_EDGE('',*,*,#1297,.F.);
#1692=ORIENTED_EDGE('',*,*,#1300,.T.);
#1693=ORIENTED_EDGE('',*,*,#1299,.F.);
#1694=ORIENTED_EDGE('',*,*,#1301,.T.);
#1695=ORIENTED_EDGE('',*,*,#1302,.T.);
#1696=ORIENTED_EDGE('',*,*,#1301,.F.);
#1697=ORIENTED_EDGE('',*,*,#1303,.T.);
#1698=ORIENTED_EDGE('',*,*,#1304,.T.);
#1699=ORIENTED_EDGE('',*,*,#1305,.T.);
#1700=ORIENTED_EDGE('',*,*,#1304,.F.);
#1701=ORIENTED_EDGE('',*,*,#1303,.F.);
#1702=ORIENTED_EDGE('',*,*,#1306,.T.);
#1703=ORIENTED_EDGE('',*,*,#1307,.F.);
#1704=ORIENTED_EDGE('',*,*,#1306,.F.);
#1705=ORIENTED_EDGE('',*,*,#1305,.F.);
#1706=ORIENTED_EDGE('',*,*,#1308,.F.);
#1707=ORIENTED_EDGE('',*,*,#1309,.T.);
#1708=ORIENTED_EDGE('',*,*,#1300,.F.);
#1709=ORIENTED_EDGE('',*,*,#1309,.F.);
#1710=ORIENTED_EDGE('',*,*,#1308,.T.);
#1711=ORIENTED_EDGE('',*,*,#1307,.T.);
#1712=ORIENTED_EDGE('',*,*,#1310,.T.);
#1713=ORIENTED_EDGE('',*,*,#1311,.T.);
#1714=ORIENTED_EDGE('',*,*,#1312,.F.);
#1715=ORIENTED_EDGE('',*,*,#1311,.F.);
#1716=ORIENTED_EDGE('',*,*,#1313,.F.);
#1717=ORIENTED_EDGE('',*,*,#1310,.F.);
#1718=ORIENTED_EDGE('',*,*,#1314,.F.);
#1719=ORIENTED_EDGE('',*,*,#1312,.T.);
#1720=ORIENTED_EDGE('',*,*,#1314,.T.);
#1721=ORIENTED_EDGE('',*,*,#1315,.T.);
#1722=ORIENTED_EDGE('',*,*,#1316,.T.);
#1723=ORIENTED_EDGE('',*,*,#1315,.F.);
#1724=ORIENTED_EDGE('',*,*,#1317,.T.);
#1725=ORIENTED_EDGE('',*,*,#1318,.T.);
#1726=ORIENTED_EDGE('',*,*,#1319,.T.);
#1727=ORIENTED_EDGE('',*,*,#1318,.F.);
#1728=ORIENTED_EDGE('',*,*,#1302,.F.);
#1729=ORIENTED_EDGE('',*,*,#1319,.F.);
#1730=ORIENTED_EDGE('',*,*,#1320,.F.);
#1731=ORIENTED_EDGE('',*,*,#1317,.F.);
#1732=ORIENTED_EDGE('',*,*,#1320,.T.);
#1733=ORIENTED_EDGE('',*,*,#1321,.T.);
#1734=ORIENTED_EDGE('',*,*,#1313,.T.);
#1735=ORIENTED_EDGE('',*,*,#1321,.F.);
#1736=ORIENTED_EDGE('',*,*,#1322,.T.);
#1737=ORIENTED_EDGE('',*,*,#1323,.T.);
#1738=ORIENTED_EDGE('',*,*,#1324,.T.);
#1739=ORIENTED_EDGE('',*,*,#1325,.T.);
#1740=ORIENTED_EDGE('',*,*,#1326,.T.);
#1741=ORIENTED_EDGE('',*,*,#1327,.T.);
#1742=ORIENTED_EDGE('',*,*,#1324,.F.);
#1743=ORIENTED_EDGE('',*,*,#1328,.T.);
#1744=ORIENTED_EDGE('',*,*,#1329,.T.);
#1745=ORIENTED_EDGE('',*,*,#1330,.T.);
#1746=ORIENTED_EDGE('',*,*,#1326,.F.);
#1747=ORIENTED_EDGE('',*,*,#1331,.T.);
#1748=ORIENTED_EDGE('',*,*,#1329,.F.);
#1749=ORIENTED_EDGE('',*,*,#1332,.T.);
#1750=ORIENTED_EDGE('',*,*,#1322,.F.);
#1751=ORIENTED_EDGE('',*,*,#1333,.T.);
#1752=ORIENTED_EDGE('',*,*,#1328,.F.);
#1753=ORIENTED_EDGE('',*,*,#1334,.F.);
#1754=ORIENTED_EDGE('',*,*,#1335,.F.);
#1755=ORIENTED_EDGE('',*,*,#1336,.F.);
#1756=ORIENTED_EDGE('',*,*,#1323,.F.);
#1757=ORIENTED_EDGE('',*,*,#1337,.T.);
#1758=ORIENTED_EDGE('',*,*,#1338,.F.);
#1759=ORIENTED_EDGE('',*,*,#1334,.T.);
#1760=ORIENTED_EDGE('',*,*,#1325,.F.);
#1761=ORIENTED_EDGE('',*,*,#1327,.F.);
#1762=ORIENTED_EDGE('',*,*,#1330,.F.);
#1763=ORIENTED_EDGE('',*,*,#1333,.F.);
#1764=ORIENTED_EDGE('',*,*,#1339,.T.);
#1765=ORIENTED_EDGE('',*,*,#1340,.T.);
#1766=ORIENTED_EDGE('',*,*,#1341,.T.);
#1767=ORIENTED_EDGE('',*,*,#1338,.T.);
#1768=ORIENTED_EDGE('',*,*,#1342,.T.);
#1769=ORIENTED_EDGE('',*,*,#1335,.T.);
#1770=ORIENTED_EDGE('',*,*,#1341,.F.);
#1771=ORIENTED_EDGE('',*,*,#1343,.T.);
#1772=ORIENTED_EDGE('',*,*,#1344,.T.);
#1773=ORIENTED_EDGE('',*,*,#1345,.T.);
#1774=ORIENTED_EDGE('',*,*,#1342,.F.);
#1775=ORIENTED_EDGE('',*,*,#1346,.T.);
#1776=ORIENTED_EDGE('',*,*,#1344,.F.);
#1777=ORIENTED_EDGE('',*,*,#1347,.T.);
#1778=ORIENTED_EDGE('',*,*,#1339,.F.);
#1779=ORIENTED_EDGE('',*,*,#1348,.T.);
#1780=ORIENTED_EDGE('',*,*,#1332,.F.);
#1781=ORIENTED_EDGE('',*,*,#1349,.F.);
#1782=ORIENTED_EDGE('',*,*,#1348,.F.);
#1783=ORIENTED_EDGE('',*,*,#1337,.F.);
#1784=ORIENTED_EDGE('',*,*,#1350,.F.);
#1785=ORIENTED_EDGE('',*,*,#1351,.F.);
#1786=ORIENTED_EDGE('',*,*,#1352,.F.);
#1787=ORIENTED_EDGE('',*,*,#1353,.F.);
#1788=ORIENTED_EDGE('',*,*,#1354,.T.);
#1789=ORIENTED_EDGE('',*,*,#1355,.T.);
#1790=ORIENTED_EDGE('',*,*,#1356,.T.);
#1791=ORIENTED_EDGE('',*,*,#1357,.T.);
#1792=ORIENTED_EDGE('',*,*,#1358,.F.);
#1793=ORIENTED_EDGE('',*,*,#1359,.F.);
#1794=ORIENTED_EDGE('',*,*,#1360,.F.);
#1795=ORIENTED_EDGE('',*,*,#1340,.F.);
#1796=ORIENTED_EDGE('',*,*,#1347,.F.);
#1797=ORIENTED_EDGE('',*,*,#1346,.F.);
#1798=ORIENTED_EDGE('',*,*,#1343,.F.);
#1799=ORIENTED_EDGE('',*,*,#1331,.F.);
#1800=ORIENTED_EDGE('',*,*,#1336,.T.);
#1801=ORIENTED_EDGE('',*,*,#1345,.F.);
#1802=ORIENTED_EDGE('',*,*,#1349,.T.);
#1803=ORIENTED_EDGE('',*,*,#1361,.T.);
#1804=ORIENTED_EDGE('',*,*,#1362,.T.);
#1805=ORIENTED_EDGE('',*,*,#1351,.T.);
#1806=ORIENTED_EDGE('',*,*,#1362,.F.);
#1807=ORIENTED_EDGE('',*,*,#1363,.T.);
#1808=ORIENTED_EDGE('',*,*,#1361,.F.);
#1809=ORIENTED_EDGE('',*,*,#1364,.T.);
#1810=ORIENTED_EDGE('',*,*,#1365,.T.);
#1811=ORIENTED_EDGE('',*,*,#1364,.F.);
#1812=ORIENTED_EDGE('',*,*,#1363,.F.);
#1813=ORIENTED_EDGE('',*,*,#1366,.T.);
#1814=ORIENTED_EDGE('',*,*,#1367,.T.);
#1815=ORIENTED_EDGE('',*,*,#1360,.T.);
#1816=ORIENTED_EDGE('',*,*,#1367,.F.);
#1817=ORIENTED_EDGE('',*,*,#1368,.T.);
#1818=ORIENTED_EDGE('',*,*,#1366,.F.);
#1819=ORIENTED_EDGE('',*,*,#1369,.T.);
#1820=ORIENTED_EDGE('',*,*,#1370,.T.);
#1821=ORIENTED_EDGE('',*,*,#1369,.F.);
#1822=ORIENTED_EDGE('',*,*,#1368,.F.);
#1823=ORIENTED_EDGE('',*,*,#1371,.T.);
#1824=ORIENTED_EDGE('',*,*,#1372,.T.);
#1825=ORIENTED_EDGE('',*,*,#1352,.T.);
#1826=ORIENTED_EDGE('',*,*,#1372,.F.);
#1827=ORIENTED_EDGE('',*,*,#1373,.T.);
#1828=ORIENTED_EDGE('',*,*,#1371,.F.);
#1829=ORIENTED_EDGE('',*,*,#1374,.T.);
#1830=ORIENTED_EDGE('',*,*,#1375,.T.);
#1831=ORIENTED_EDGE('',*,*,#1374,.F.);
#1832=ORIENTED_EDGE('',*,*,#1373,.F.);
#1833=ORIENTED_EDGE('',*,*,#1376,.T.);
#1834=ORIENTED_EDGE('',*,*,#1377,.T.);
#1835=ORIENTED_EDGE('',*,*,#1359,.T.);
#1836=ORIENTED_EDGE('',*,*,#1377,.F.);
#1837=ORIENTED_EDGE('',*,*,#1378,.T.);
#1838=ORIENTED_EDGE('',*,*,#1376,.F.);
#1839=ORIENTED_EDGE('',*,*,#1379,.T.);
#1840=ORIENTED_EDGE('',*,*,#1380,.T.);
#1841=ORIENTED_EDGE('',*,*,#1379,.F.);
#1842=ORIENTED_EDGE('',*,*,#1378,.F.);
#1843=ORIENTED_EDGE('',*,*,#1381,.T.);
#1844=ORIENTED_EDGE('',*,*,#1382,.T.);
#1845=ORIENTED_EDGE('',*,*,#1353,.T.);
#1846=ORIENTED_EDGE('',*,*,#1382,.F.);
#1847=ORIENTED_EDGE('',*,*,#1383,.T.);
#1848=ORIENTED_EDGE('',*,*,#1381,.F.);
#1849=ORIENTED_EDGE('',*,*,#1384,.T.);
#1850=ORIENTED_EDGE('',*,*,#1385,.T.);
#1851=ORIENTED_EDGE('',*,*,#1384,.F.);
#1852=ORIENTED_EDGE('',*,*,#1383,.F.);
#1853=ORIENTED_EDGE('',*,*,#1386,.T.);
#1854=ORIENTED_EDGE('',*,*,#1387,.T.);
#1855=ORIENTED_EDGE('',*,*,#1358,.T.);
#1856=ORIENTED_EDGE('',*,*,#1387,.F.);
#1857=ORIENTED_EDGE('',*,*,#1388,.T.);
#1858=ORIENTED_EDGE('',*,*,#1386,.F.);
#1859=ORIENTED_EDGE('',*,*,#1389,.T.);
#1860=ORIENTED_EDGE('',*,*,#1390,.T.);
#1861=ORIENTED_EDGE('',*,*,#1389,.F.);
#1862=ORIENTED_EDGE('',*,*,#1388,.F.);
#1863=ORIENTED_EDGE('',*,*,#1391,.T.);
#1864=ORIENTED_EDGE('',*,*,#1392,.T.);
#1865=ORIENTED_EDGE('',*,*,#1393,.T.);
#1866=ORIENTED_EDGE('',*,*,#1394,.F.);
#1867=ORIENTED_EDGE('',*,*,#1395,.T.);
#1868=ORIENTED_EDGE('',*,*,#1396,.T.);
#1869=ORIENTED_EDGE('',*,*,#1392,.F.);
#1870=ORIENTED_EDGE('',*,*,#1397,.T.);
#1871=ORIENTED_EDGE('',*,*,#1394,.T.);
#1872=ORIENTED_EDGE('',*,*,#1393,.F.);
#1873=ORIENTED_EDGE('',*,*,#1398,.F.);
#1874=ORIENTED_EDGE('',*,*,#1399,.T.);
#1875=ORIENTED_EDGE('',*,*,#1400,.F.);
#1876=ORIENTED_EDGE('',*,*,#1391,.F.);
#1877=ORIENTED_EDGE('',*,*,#1397,.F.);
#1878=ORIENTED_EDGE('',*,*,#1401,.T.);
#1879=ORIENTED_EDGE('',*,*,#1402,.T.);
#1880=ORIENTED_EDGE('',*,*,#1403,.T.);
#1881=ORIENTED_EDGE('',*,*,#1402,.F.);
#1882=ORIENTED_EDGE('',*,*,#1401,.F.);
#1883=ORIENTED_EDGE('',*,*,#1404,.T.);
#1884=ORIENTED_EDGE('',*,*,#1355,.F.);
#1885=ORIENTED_EDGE('',*,*,#1404,.F.);
#1886=ORIENTED_EDGE('',*,*,#1403,.F.);
#1887=ORIENTED_EDGE('',*,*,#1405,.F.);
#1888=ORIENTED_EDGE('',*,*,#1406,.T.);
#1889=ORIENTED_EDGE('',*,*,#1407,.T.);
#1890=ORIENTED_EDGE('',*,*,#1408,.T.);
#1891=ORIENTED_EDGE('',*,*,#1407,.F.);
#1892=ORIENTED_EDGE('',*,*,#1409,.F.);
#1893=ORIENTED_EDGE('',*,*,#1410,.T.);
#1894=ORIENTED_EDGE('',*,*,#1406,.F.);
#1895=ORIENTED_EDGE('',*,*,#1410,.F.);
#1896=ORIENTED_EDGE('',*,*,#1408,.F.);
#1897=ORIENTED_EDGE('',*,*,#1316,.F.);
#1898=ORIENTED_EDGE('',*,*,#1409,.T.);
#1899=ORIENTED_EDGE('',*,*,#1411,.T.);
#1900=ORIENTED_EDGE('',*,*,#1350,.T.);
#1901=ORIENTED_EDGE('',*,*,#1411,.F.);
#1902=ORIENTED_EDGE('',*,*,#1412,.T.);
#1903=ORIENTED_EDGE('',*,*,#1380,.F.);
#1904=ORIENTED_EDGE('',*,*,#1412,.F.);
#1905=ORIENTED_EDGE('',*,*,#1413,.T.);
#1906=ORIENTED_EDGE('',*,*,#1365,.F.);
#1907=ORIENTED_EDGE('',*,*,#1413,.F.);
#1908=ORIENTED_EDGE('',*,*,#1414,.T.);
#1909=ORIENTED_EDGE('',*,*,#1375,.F.);
#1910=ORIENTED_EDGE('',*,*,#1414,.F.);
#1911=ORIENTED_EDGE('',*,*,#1415,.T.);
#1912=ORIENTED_EDGE('',*,*,#1370,.F.);
#1913=ORIENTED_EDGE('',*,*,#1415,.F.);
#1914=ORIENTED_EDGE('',*,*,#1416,.T.);
#1915=ORIENTED_EDGE('',*,*,#1390,.F.);
#1916=ORIENTED_EDGE('',*,*,#1416,.F.);
#1917=ORIENTED_EDGE('',*,*,#1417,.T.);
#1918=ORIENTED_EDGE('',*,*,#1385,.F.);
#1919=ORIENTED_EDGE('',*,*,#1417,.F.);
#1920=ORIENTED_EDGE('',*,*,#1418,.T.);
#1921=ORIENTED_EDGE('',*,*,#1419,.T.);
#1922=ORIENTED_EDGE('',*,*,#1420,.F.);
#1923=ORIENTED_EDGE('',*,*,#1419,.F.);
#1924=ORIENTED_EDGE('',*,*,#1357,.F.);
#1925=ORIENTED_EDGE('',*,*,#1421,.T.);
#1926=ORIENTED_EDGE('',*,*,#1422,.T.);
#1927=ORIENTED_EDGE('',*,*,#1421,.F.);
#1928=ORIENTED_EDGE('',*,*,#1422,.F.);
#1929=ORIENTED_EDGE('',*,*,#1418,.F.);
#1930=ORIENTED_EDGE('',*,*,#1423,.F.);
#1931=ORIENTED_EDGE('',*,*,#1424,.T.);
#1932=ORIENTED_EDGE('',*,*,#1425,.T.);
#1933=ORIENTED_EDGE('',*,*,#1426,.F.);
#1934=ORIENTED_EDGE('',*,*,#1427,.F.);
#1935=ORIENTED_EDGE('',*,*,#1428,.T.);
#1936=ORIENTED_EDGE('',*,*,#1429,.T.);
#1937=ORIENTED_EDGE('',*,*,#1424,.F.);
#1938=ORIENTED_EDGE('',*,*,#1430,.F.);
#1939=ORIENTED_EDGE('',*,*,#1431,.T.);
#1940=ORIENTED_EDGE('',*,*,#1432,.T.);
#1941=ORIENTED_EDGE('',*,*,#1428,.F.);
#1942=ORIENTED_EDGE('',*,*,#1433,.F.);
#1943=ORIENTED_EDGE('',*,*,#1434,.T.);
#1944=ORIENTED_EDGE('',*,*,#1435,.T.);
#1945=ORIENTED_EDGE('',*,*,#1431,.F.);
#1946=ORIENTED_EDGE('',*,*,#1436,.F.);
#1947=ORIENTED_EDGE('',*,*,#1437,.T.);
#1948=ORIENTED_EDGE('',*,*,#1438,.T.);
#1949=ORIENTED_EDGE('',*,*,#1434,.F.);
#1950=ORIENTED_EDGE('',*,*,#1439,.F.);
#1951=ORIENTED_EDGE('',*,*,#1440,.T.);
#1952=ORIENTED_EDGE('',*,*,#1441,.T.);
#1953=ORIENTED_EDGE('',*,*,#1437,.F.);
#1954=ORIENTED_EDGE('',*,*,#1442,.F.);
#1955=ORIENTED_EDGE('',*,*,#1443,.T.);
#1956=ORIENTED_EDGE('',*,*,#1444,.T.);
#1957=ORIENTED_EDGE('',*,*,#1440,.F.);
#1958=ORIENTED_EDGE('',*,*,#1445,.F.);
#1959=ORIENTED_EDGE('',*,*,#1446,.T.);
#1960=ORIENTED_EDGE('',*,*,#1447,.T.);
#1961=ORIENTED_EDGE('',*,*,#1443,.F.);
#1962=ORIENTED_EDGE('',*,*,#1448,.F.);
#1963=ORIENTED_EDGE('',*,*,#1449,.T.);
#1964=ORIENTED_EDGE('',*,*,#1450,.T.);
#1965=ORIENTED_EDGE('',*,*,#1446,.F.);
#1966=ORIENTED_EDGE('',*,*,#1451,.F.);
#1967=ORIENTED_EDGE('',*,*,#1452,.T.);
#1968=ORIENTED_EDGE('',*,*,#1453,.T.);
#1969=ORIENTED_EDGE('',*,*,#1449,.F.);
#1970=ORIENTED_EDGE('',*,*,#1454,.F.);
#1971=ORIENTED_EDGE('',*,*,#1455,.T.);
#1972=ORIENTED_EDGE('',*,*,#1456,.T.);
#1973=ORIENTED_EDGE('',*,*,#1452,.F.);
#1974=ORIENTED_EDGE('',*,*,#1457,.F.);
#1975=ORIENTED_EDGE('',*,*,#1426,.T.);
#1976=ORIENTED_EDGE('',*,*,#1458,.T.);
#1977=ORIENTED_EDGE('',*,*,#1455,.F.);
#1978=ORIENTED_EDGE('',*,*,#1458,.F.);
#1979=ORIENTED_EDGE('',*,*,#1425,.F.);
#1980=ORIENTED_EDGE('',*,*,#1429,.F.);
#1981=ORIENTED_EDGE('',*,*,#1432,.F.);
#1982=ORIENTED_EDGE('',*,*,#1435,.F.);
#1983=ORIENTED_EDGE('',*,*,#1438,.F.);
#1984=ORIENTED_EDGE('',*,*,#1441,.F.);
#1985=ORIENTED_EDGE('',*,*,#1444,.F.);
#1986=ORIENTED_EDGE('',*,*,#1447,.F.);
#1987=ORIENTED_EDGE('',*,*,#1450,.F.);
#1988=ORIENTED_EDGE('',*,*,#1453,.F.);
#1989=ORIENTED_EDGE('',*,*,#1456,.F.);
#1990=ORIENTED_EDGE('',*,*,#1459,.T.);
#1991=ORIENTED_EDGE('',*,*,#1460,.T.);
#1992=ORIENTED_EDGE('',*,*,#1461,.F.);
#1993=ORIENTED_EDGE('',*,*,#1460,.F.);
#1994=ORIENTED_EDGE('',*,*,#1354,.F.);
#1995=ORIENTED_EDGE('',*,*,#1462,.T.);
#1996=ORIENTED_EDGE('',*,*,#1463,.T.);
#1997=ORIENTED_EDGE('',*,*,#1462,.F.);
#1998=ORIENTED_EDGE('',*,*,#1463,.F.);
#1999=ORIENTED_EDGE('',*,*,#1459,.F.);
#2000=ORIENTED_EDGE('',*,*,#1464,.F.);
#2001=ORIENTED_EDGE('',*,*,#1465,.T.);
#2002=ORIENTED_EDGE('',*,*,#1466,.T.);
#2003=ORIENTED_EDGE('',*,*,#1467,.F.);
#2004=ORIENTED_EDGE('',*,*,#1468,.F.);
#2005=ORIENTED_EDGE('',*,*,#1469,.T.);
#2006=ORIENTED_EDGE('',*,*,#1470,.T.);
#2007=ORIENTED_EDGE('',*,*,#1465,.F.);
#2008=ORIENTED_EDGE('',*,*,#1471,.F.);
#2009=ORIENTED_EDGE('',*,*,#1472,.T.);
#2010=ORIENTED_EDGE('',*,*,#1473,.T.);
#2011=ORIENTED_EDGE('',*,*,#1469,.F.);
#2012=ORIENTED_EDGE('',*,*,#1474,.F.);
#2013=ORIENTED_EDGE('',*,*,#1475,.T.);
#2014=ORIENTED_EDGE('',*,*,#1476,.T.);
#2015=ORIENTED_EDGE('',*,*,#1472,.F.);
#2016=ORIENTED_EDGE('',*,*,#1477,.F.);
#2017=ORIENTED_EDGE('',*,*,#1478,.T.);
#2018=ORIENTED_EDGE('',*,*,#1479,.T.);
#2019=ORIENTED_EDGE('',*,*,#1475,.F.);
#2020=ORIENTED_EDGE('',*,*,#1480,.F.);
#2021=ORIENTED_EDGE('',*,*,#1481,.T.);
#2022=ORIENTED_EDGE('',*,*,#1482,.T.);
#2023=ORIENTED_EDGE('',*,*,#1478,.F.);
#2024=ORIENTED_EDGE('',*,*,#1483,.F.);
#2025=ORIENTED_EDGE('',*,*,#1484,.T.);
#2026=ORIENTED_EDGE('',*,*,#1485,.T.);
#2027=ORIENTED_EDGE('',*,*,#1481,.F.);
#2028=ORIENTED_EDGE('',*,*,#1486,.F.);
#2029=ORIENTED_EDGE('',*,*,#1487,.T.);
#2030=ORIENTED_EDGE('',*,*,#1488,.T.);
#2031=ORIENTED_EDGE('',*,*,#1484,.F.);
#2032=ORIENTED_EDGE('',*,*,#1489,.F.);
#2033=ORIENTED_EDGE('',*,*,#1490,.T.);
#2034=ORIENTED_EDGE('',*,*,#1491,.T.);
#2035=ORIENTED_EDGE('',*,*,#1487,.F.);
#2036=ORIENTED_EDGE('',*,*,#1492,.F.);
#2037=ORIENTED_EDGE('',*,*,#1493,.T.);
#2038=ORIENTED_EDGE('',*,*,#1494,.T.);
#2039=ORIENTED_EDGE('',*,*,#1490,.F.);
#2040=ORIENTED_EDGE('',*,*,#1495,.F.);
#2041=ORIENTED_EDGE('',*,*,#1496,.T.);
#2042=ORIENTED_EDGE('',*,*,#1497,.T.);
#2043=ORIENTED_EDGE('',*,*,#1493,.F.);
#2044=ORIENTED_EDGE('',*,*,#1498,.F.);
#2045=ORIENTED_EDGE('',*,*,#1467,.T.);
#2046=ORIENTED_EDGE('',*,*,#1499,.T.);
#2047=ORIENTED_EDGE('',*,*,#1496,.F.);
#2048=ORIENTED_EDGE('',*,*,#1499,.F.);
#2049=ORIENTED_EDGE('',*,*,#1466,.F.);
#2050=ORIENTED_EDGE('',*,*,#1470,.F.);
#2051=ORIENTED_EDGE('',*,*,#1473,.F.);
#2052=ORIENTED_EDGE('',*,*,#1476,.F.);
#2053=ORIENTED_EDGE('',*,*,#1479,.F.);
#2054=ORIENTED_EDGE('',*,*,#1482,.F.);
#2055=ORIENTED_EDGE('',*,*,#1485,.F.);
#2056=ORIENTED_EDGE('',*,*,#1488,.F.);
#2057=ORIENTED_EDGE('',*,*,#1491,.F.);
#2058=ORIENTED_EDGE('',*,*,#1494,.F.);
#2059=ORIENTED_EDGE('',*,*,#1497,.F.);
#2060=ORIENTED_EDGE('',*,*,#1420,.T.);
#2061=ORIENTED_EDGE('',*,*,#1423,.T.);
#2062=ORIENTED_EDGE('',*,*,#1457,.T.);
#2063=ORIENTED_EDGE('',*,*,#1454,.T.);
#2064=ORIENTED_EDGE('',*,*,#1451,.T.);
#2065=ORIENTED_EDGE('',*,*,#1448,.T.);
#2066=ORIENTED_EDGE('',*,*,#1445,.T.);
#2067=ORIENTED_EDGE('',*,*,#1442,.T.);
#2068=ORIENTED_EDGE('',*,*,#1439,.T.);
#2069=ORIENTED_EDGE('',*,*,#1436,.T.);
#2070=ORIENTED_EDGE('',*,*,#1433,.T.);
#2071=ORIENTED_EDGE('',*,*,#1430,.T.);
#2072=ORIENTED_EDGE('',*,*,#1427,.T.);
#2073=ORIENTED_EDGE('',*,*,#1500,.T.);
#2074=ORIENTED_EDGE('',*,*,#1501,.T.);
#2075=ORIENTED_EDGE('',*,*,#1502,.F.);
#2076=ORIENTED_EDGE('',*,*,#1501,.F.);
#2077=ORIENTED_EDGE('',*,*,#1356,.F.);
#2078=ORIENTED_EDGE('',*,*,#1503,.T.);
#2079=ORIENTED_EDGE('',*,*,#1504,.T.);
#2080=ORIENTED_EDGE('',*,*,#1503,.F.);
#2081=ORIENTED_EDGE('',*,*,#1504,.F.);
#2082=ORIENTED_EDGE('',*,*,#1500,.F.);
#2083=ORIENTED_EDGE('',*,*,#1505,.F.);
#2084=ORIENTED_EDGE('',*,*,#1506,.T.);
#2085=ORIENTED_EDGE('',*,*,#1507,.T.);
#2086=ORIENTED_EDGE('',*,*,#1508,.F.);
#2087=ORIENTED_EDGE('',*,*,#1509,.F.);
#2088=ORIENTED_EDGE('',*,*,#1510,.T.);
#2089=ORIENTED_EDGE('',*,*,#1511,.T.);
#2090=ORIENTED_EDGE('',*,*,#1506,.F.);
#2091=ORIENTED_EDGE('',*,*,#1512,.F.);
#2092=ORIENTED_EDGE('',*,*,#1513,.T.);
#2093=ORIENTED_EDGE('',*,*,#1514,.T.);
#2094=ORIENTED_EDGE('',*,*,#1510,.F.);
#2095=ORIENTED_EDGE('',*,*,#1515,.F.);
#2096=ORIENTED_EDGE('',*,*,#1516,.T.);
#2097=ORIENTED_EDGE('',*,*,#1517,.T.);
#2098=ORIENTED_EDGE('',*,*,#1513,.F.);
#2099=ORIENTED_EDGE('',*,*,#1518,.F.);
#2100=ORIENTED_EDGE('',*,*,#1519,.T.);
#2101=ORIENTED_EDGE('',*,*,#1520,.T.);
#2102=ORIENTED_EDGE('',*,*,#1516,.F.);
#2103=ORIENTED_EDGE('',*,*,#1521,.F.);
#2104=ORIENTED_EDGE('',*,*,#1522,.T.);
#2105=ORIENTED_EDGE('',*,*,#1523,.T.);
#2106=ORIENTED_EDGE('',*,*,#1519,.F.);
#2107=ORIENTED_EDGE('',*,*,#1524,.F.);
#2108=ORIENTED_EDGE('',*,*,#1525,.T.);
#2109=ORIENTED_EDGE('',*,*,#1526,.T.);
#2110=ORIENTED_EDGE('',*,*,#1522,.F.);
#2111=ORIENTED_EDGE('',*,*,#1527,.F.);
#2112=ORIENTED_EDGE('',*,*,#1528,.T.);
#2113=ORIENTED_EDGE('',*,*,#1529,.T.);
#2114=ORIENTED_EDGE('',*,*,#1525,.F.);
#2115=ORIENTED_EDGE('',*,*,#1530,.F.);
#2116=ORIENTED_EDGE('',*,*,#1531,.T.);
#2117=ORIENTED_EDGE('',*,*,#1532,.T.);
#2118=ORIENTED_EDGE('',*,*,#1528,.F.);
#2119=ORIENTED_EDGE('',*,*,#1533,.F.);
#2120=ORIENTED_EDGE('',*,*,#1534,.T.);
#2121=ORIENTED_EDGE('',*,*,#1535,.T.);
#2122=ORIENTED_EDGE('',*,*,#1531,.F.);
#2123=ORIENTED_EDGE('',*,*,#1536,.F.);
#2124=ORIENTED_EDGE('',*,*,#1537,.T.);
#2125=ORIENTED_EDGE('',*,*,#1538,.T.);
#2126=ORIENTED_EDGE('',*,*,#1534,.F.);
#2127=ORIENTED_EDGE('',*,*,#1539,.F.);
#2128=ORIENTED_EDGE('',*,*,#1508,.T.);
#2129=ORIENTED_EDGE('',*,*,#1540,.T.);
#2130=ORIENTED_EDGE('',*,*,#1537,.F.);
#2131=ORIENTED_EDGE('',*,*,#1540,.F.);
#2132=ORIENTED_EDGE('',*,*,#1507,.F.);
#2133=ORIENTED_EDGE('',*,*,#1511,.F.);
#2134=ORIENTED_EDGE('',*,*,#1514,.F.);
#2135=ORIENTED_EDGE('',*,*,#1517,.F.);
#2136=ORIENTED_EDGE('',*,*,#1520,.F.);
#2137=ORIENTED_EDGE('',*,*,#1523,.F.);
#2138=ORIENTED_EDGE('',*,*,#1526,.F.);
#2139=ORIENTED_EDGE('',*,*,#1529,.F.);
#2140=ORIENTED_EDGE('',*,*,#1532,.F.);
#2141=ORIENTED_EDGE('',*,*,#1535,.F.);
#2142=ORIENTED_EDGE('',*,*,#1538,.F.);
#2143=ORIENTED_EDGE('',*,*,#1461,.T.);
#2144=ORIENTED_EDGE('',*,*,#1464,.T.);
#2145=ORIENTED_EDGE('',*,*,#1498,.T.);
#2146=ORIENTED_EDGE('',*,*,#1495,.T.);
#2147=ORIENTED_EDGE('',*,*,#1492,.T.);
#2148=ORIENTED_EDGE('',*,*,#1489,.T.);
#2149=ORIENTED_EDGE('',*,*,#1486,.T.);
#2150=ORIENTED_EDGE('',*,*,#1483,.T.);
#2151=ORIENTED_EDGE('',*,*,#1480,.T.);
#2152=ORIENTED_EDGE('',*,*,#1477,.T.);
#2153=ORIENTED_EDGE('',*,*,#1474,.T.);
#2154=ORIENTED_EDGE('',*,*,#1471,.T.);
#2155=ORIENTED_EDGE('',*,*,#1468,.T.);
#2156=ORIENTED_EDGE('',*,*,#1541,.F.);
#2157=ORIENTED_EDGE('',*,*,#1399,.F.);
#2158=ORIENTED_EDGE('',*,*,#1395,.F.);
#2159=ORIENTED_EDGE('',*,*,#1400,.T.);
#2160=ORIENTED_EDGE('',*,*,#1541,.T.);
#2161=ORIENTED_EDGE('',*,*,#1398,.T.);
#2162=ORIENTED_EDGE('',*,*,#1396,.F.);
#2163=ORIENTED_EDGE('',*,*,#1542,.T.);
#2164=ORIENTED_EDGE('',*,*,#1405,.T.);
#2165=ORIENTED_EDGE('',*,*,#1542,.F.);
#2166=ORIENTED_EDGE('',*,*,#1502,.T.);
#2167=ORIENTED_EDGE('',*,*,#1505,.T.);
#2168=ORIENTED_EDGE('',*,*,#1539,.T.);
#2169=ORIENTED_EDGE('',*,*,#1536,.T.);
#2170=ORIENTED_EDGE('',*,*,#1533,.T.);
#2171=ORIENTED_EDGE('',*,*,#1530,.T.);
#2172=ORIENTED_EDGE('',*,*,#1527,.T.);
#2173=ORIENTED_EDGE('',*,*,#1524,.T.);
#2174=ORIENTED_EDGE('',*,*,#1521,.T.);
#2175=ORIENTED_EDGE('',*,*,#1518,.T.);
#2176=ORIENTED_EDGE('',*,*,#1515,.T.);
#2177=ORIENTED_EDGE('',*,*,#1512,.T.);
#2178=ORIENTED_EDGE('',*,*,#1509,.T.);
#2179=CYLINDRICAL_SURFACE('',#2398,2.5);
#2180=CYLINDRICAL_SURFACE('',#2401,2.5);
#2181=CYLINDRICAL_SURFACE('',#2404,4.5);
#2182=CYLINDRICAL_SURFACE('',#2407,16.0000000000001);
#2183=CYLINDRICAL_SURFACE('',#2411,5.);
#2184=CYLINDRICAL_SURFACE('',#2415,16.);
#2185=CYLINDRICAL_SURFACE('',#2419,10.);
#2186=CYLINDRICAL_SURFACE('',#2426,2.5);
#2187=CYLINDRICAL_SURFACE('',#2429,4.49999999999999);
#2188=CYLINDRICAL_SURFACE('',#2432,4.49999999999999);
#2189=CYLINDRICAL_SURFACE('',#2436,5.);
#2190=CYLINDRICAL_SURFACE('',#2440,10.0332942733785);
#2191=CYLINDRICAL_SURFACE('',#2445,15.5);
#2192=CYLINDRICAL_SURFACE('',#2450,10.);
#2193=CYLINDRICAL_SURFACE('',#2462,15.5);
#2194=CYLINDRICAL_SURFACE('',#2467,1.5);
#2195=CYLINDRICAL_SURFACE('',#2470,6.);
#2196=CYLINDRICAL_SURFACE('',#2473,15.25);
#2197=CYLINDRICAL_SURFACE('',#2480,15.5);
#2198=CYLINDRICAL_SURFACE('',#2482,15.25);
#2199=CYLINDRICAL_SURFACE('',#2488,15.5);
#2200=CYLINDRICAL_SURFACE('',#2505,8.);
#2201=CYLINDRICAL_SURFACE('',#2507,0.5);
#2202=CYLINDRICAL_SURFACE('',#2524,12.5);
#2203=CYLINDRICAL_SURFACE('',#2537,0.5);
#2204=CYLINDRICAL_SURFACE('',#2541,1.2645);
#2205=CYLINDRICAL_SURFACE('',#2546,1.2645);
#2206=CYLINDRICAL_SURFACE('',#2551,1.2645);
#2207=CYLINDRICAL_SURFACE('',#2556,1.2645);
#2208=CYLINDRICAL_SURFACE('',#2561,1.2645);
#2209=CYLINDRICAL_SURFACE('',#2566,1.2645);
#2210=CYLINDRICAL_SURFACE('',#2580,6.);
#2211=CYLINDRICAL_SURFACE('',#2586,18.5);
#2212=CYLINDRICAL_SURFACE('',#2596,2.2);
#2213=CYLINDRICAL_SURFACE('',#2599,2.5);
#2214=CYLINDRICAL_SURFACE('',#2615,2.2);
#2215=CYLINDRICAL_SURFACE('',#2618,2.5);
#2216=CYLINDRICAL_SURFACE('',#2635,2.2);
#2217=CYLINDRICAL_SURFACE('',#2638,2.5);
#2218=CYLINDRICAL_SURFACE('',#2657,3.);
#2219=ADVANCED_FACE('',(#185),#2179,.F.);
#2220=ADVANCED_FACE('',(#186),#2180,.F.);
#2221=ADVANCED_FACE('',(#187),#2181,.F.);
#2222=ADVANCED_FACE('',(#188),#2182,.F.);
#2223=ADVANCED_FACE('',(#189),#111,.T.);
#2224=ADVANCED_FACE('',(#190),#2183,.T.);
#2225=ADVANCED_FACE('',(#191),#112,.T.);
#2226=ADVANCED_FACE('',(#192),#2184,.T.);
#2227=ADVANCED_FACE('',(#193),#113,.T.);
#2228=ADVANCED_FACE('',(#194),#2185,.T.);
#2229=ADVANCED_FACE('',(#195),#114,.T.);
#2230=ADVANCED_FACE('',(#196,#74,#75,#76),#115,.T.);
#2231=ADVANCED_FACE('',(#197,#77,#78,#79),#116,.F.);
#2232=ADVANCED_FACE('',(#198),#2186,.F.);
#2233=ADVANCED_FACE('',(#199),#2187,.F.);
#2234=ADVANCED_FACE('',(#200),#2188,.F.);
#2235=ADVANCED_FACE('',(#201),#117,.T.);
#2236=ADVANCED_FACE('',(#202),#2189,.F.);
#2237=ADVANCED_FACE('',(#203),#118,.T.);
#2238=ADVANCED_FACE('',(#204),#2190,.T.);
#2239=ADVANCED_FACE('',(#205),#119,.T.);
#2240=ADVANCED_FACE('',(#206),#120,.T.);
#2241=ADVANCED_FACE('',(#207),#2191,.T.);
#2242=ADVANCED_FACE('',(#208),#121,.T.);
#2243=ADVANCED_FACE('',(#209),#122,.T.);
#2244=ADVANCED_FACE('',(#210),#2192,.T.);
#2245=ADVANCED_FACE('',(#211,#80,#81,#82),#123,.T.);
#2246=ADVANCED_FACE('',(#212,#83,#84,#85),#124,.F.);
#2247=ADVANCED_FACE('',(#213),#50,.T.);
#2248=ADVANCED_FACE('',(#214,#86),#125,.T.);
#2249=ADVANCED_FACE('',(#215),#2193,.T.);
#2250=ADVANCED_FACE('',(#216),#49,.F.);
#2251=ADVANCED_FACE('',(#217),#2194,.T.);
#2252=ADVANCED_FACE('',(#218),#126,.T.);
#2253=ADVANCED_FACE('',(#219),#2195,.T.);
#2254=ADVANCED_FACE('',(#220,#87),#127,.T.);
#2255=ADVANCED_FACE('',(#221),#2196,.T.);
#2256=ADVANCED_FACE('',(#222,#88),#128,.F.);
#2257=ADVANCED_FACE('',(#223,#89),#129,.T.);
#2258=ADVANCED_FACE('',(#224),#2197,.T.);
#2259=ADVANCED_FACE('',(#225),#2198,.T.);
#2260=ADVANCED_FACE('',(#226,#90),#130,.F.);
#2261=ADVANCED_FACE('',(#227,#91),#131,.T.);
#2262=ADVANCED_FACE('',(#228),#2199,.T.);
#2263=ADVANCED_FACE('',(#229),#51,.F.);
#2264=ADVANCED_FACE('',(#230),#52,.F.);
#2265=ADVANCED_FACE('',(#231),#53,.F.);
#2266=ADVANCED_FACE('',(#232),#54,.F.);
#2267=ADVANCED_FACE('',(#233),#2200,.T.);
#2268=ADVANCED_FACE('',(#234),#2201,.F.);
#2269=ADVANCED_FACE('',(#235),#132,.T.);
#2270=ADVANCED_FACE('',(#236),#55,.T.);
#2271=ADVANCED_FACE('',(#237),#56,.T.);
#2272=ADVANCED_FACE('',(#238),#57,.T.);
#2273=ADVANCED_FACE('',(#239),#58,.T.);
#2274=ADVANCED_FACE('',(#240),#2202,.F.);
#2275=ADVANCED_FACE('',(#241,#92,#93,#94,#95,#96,#97,#98,#99,#100,#101,
#102),#133,.F.);
#2276=ADVANCED_FACE('',(#242),#2203,.F.);
#2277=ADVANCED_FACE('',(#243),#33,.F.);
#2278=ADVANCED_FACE('',(#244),#2204,.F.);
#2279=ADVANCED_FACE('',(#245),#34,.F.);
#2280=ADVANCED_FACE('',(#246),#2205,.F.);
#2281=ADVANCED_FACE('',(#247),#35,.F.);
#2282=ADVANCED_FACE('',(#248),#2206,.F.);
#2283=ADVANCED_FACE('',(#249),#36,.F.);
#2284=ADVANCED_FACE('',(#250),#2207,.F.);
#2285=ADVANCED_FACE('',(#251),#37,.F.);
#2286=ADVANCED_FACE('',(#252),#2208,.F.);
#2287=ADVANCED_FACE('',(#253),#38,.F.);
#2288=ADVANCED_FACE('',(#254),#2209,.F.);
#2289=ADVANCED_FACE('',(#255),#134,.T.);
#2290=ADVANCED_FACE('',(#256),#39,.T.);
#2291=ADVANCED_FACE('',(#257),#135,.F.);
#2292=ADVANCED_FACE('',(#258),#136,.T.);
#2293=ADVANCED_FACE('',(#259),#40,.T.);
#2294=ADVANCED_FACE('',(#260),#2210,.T.);
#2295=ADVANCED_FACE('',(#261,#103),#137,.T.);
#2296=ADVANCED_FACE('',(#262),#41,.T.);
#2297=ADVANCED_FACE('',(#263),#2211,.T.);
#2298=ADVANCED_FACE('',(#264,#104),#138,.T.);
#2299=ADVANCED_FACE('',(#265),#42,.T.);
#2300=ADVANCED_FACE('',(#266),#43,.F.);
#2301=ADVANCED_FACE('',(#267),#44,.F.);
#2302=ADVANCED_FACE('',(#268),#45,.F.);
#2303=ADVANCED_FACE('',(#269),#46,.F.);
#2304=ADVANCED_FACE('',(#270),#47,.F.);
#2305=ADVANCED_FACE('',(#271),#48,.F.);
#2306=ADVANCED_FACE('',(#272),#2212,.T.);
#2307=ADVANCED_FACE('',(#273),#2213,.F.);
#2308=ADVANCED_FACE('',(#274,#105),#139,.T.);
#2309=ADVANCED_FACE('',(#275),#140,.F.);
#2310=ADVANCED_FACE('',(#276),#141,.F.);
#2311=ADVANCED_FACE('',(#277),#142,.F.);
#2312=ADVANCED_FACE('',(#278),#143,.F.);
#2313=ADVANCED_FACE('',(#279),#144,.F.);
#2314=ADVANCED_FACE('',(#280),#145,.F.);
#2315=ADVANCED_FACE('',(#281),#146,.F.);
#2316=ADVANCED_FACE('',(#282),#147,.F.);
#2317=ADVANCED_FACE('',(#283),#148,.F.);
#2318=ADVANCED_FACE('',(#284),#149,.F.);
#2319=ADVANCED_FACE('',(#285),#150,.F.);
#2320=ADVANCED_FACE('',(#286),#151,.F.);
#2321=ADVANCED_FACE('',(#287),#152,.F.);
#2322=ADVANCED_FACE('',(#288),#2214,.T.);
#2323=ADVANCED_FACE('',(#289),#2215,.F.);
#2324=ADVANCED_FACE('',(#290,#106),#153,.T.);
#2325=ADVANCED_FACE('',(#291),#154,.F.);
#2326=ADVANCED_FACE('',(#292),#155,.F.);
#2327=ADVANCED_FACE('',(#293),#156,.F.);
#2328=ADVANCED_FACE('',(#294),#157,.F.);
#2329=ADVANCED_FACE('',(#295),#158,.F.);
#2330=ADVANCED_FACE('',(#296),#159,.F.);
#2331=ADVANCED_FACE('',(#297),#160,.F.);
#2332=ADVANCED_FACE('',(#298),#161,.F.);
#2333=ADVANCED_FACE('',(#299),#162,.F.);
#2334=ADVANCED_FACE('',(#300),#163,.F.);
#2335=ADVANCED_FACE('',(#301),#164,.F.);
#2336=ADVANCED_FACE('',(#302),#165,.F.);
#2337=ADVANCED_FACE('',(#303),#166,.F.);
#2338=ADVANCED_FACE('',(#304,#107),#167,.F.);
#2339=ADVANCED_FACE('',(#305),#2216,.T.);
#2340=ADVANCED_FACE('',(#306),#2217,.F.);
#2341=ADVANCED_FACE('',(#307,#108),#168,.T.);
#2342=ADVANCED_FACE('',(#308),#169,.F.);
#2343=ADVANCED_FACE('',(#309),#170,.F.);
#2344=ADVANCED_FACE('',(#310),#171,.F.);
#2345=ADVANCED_FACE('',(#311),#172,.F.);
#2346=ADVANCED_FACE('',(#312),#173,.F.);
#2347=ADVANCED_FACE('',(#313),#174,.F.);
#2348=ADVANCED_FACE('',(#314),#175,.F.);
#2349=ADVANCED_FACE('',(#315),#176,.F.);
#2350=ADVANCED_FACE('',(#316),#177,.F.);
#2351=ADVANCED_FACE('',(#317),#178,.F.);
#2352=ADVANCED_FACE('',(#318),#179,.F.);
#2353=ADVANCED_FACE('',(#319),#180,.F.);
#2354=ADVANCED_FACE('',(#320),#181,.F.);
#2355=ADVANCED_FACE('',(#321,#109),#182,.F.);
#2356=ADVANCED_FACE('',(#322),#183,.T.);
#2357=ADVANCED_FACE('',(#323),#2218,.T.);
#2358=ADVANCED_FACE('',(#324,#110),#184,.F.);
#2359=CLOSED_SHELL('',(#2219,#2220,#2221,#2222,#2223,#2224,#2225,#2226,
#2227,#2228,#2229,#2230,#2231));
#2360=CLOSED_SHELL('',(#2232,#2233,#2234,#2235,#2236,#2237,#2238,#2239,
#2240,#2241,#2242,#2243,#2244,#2245,#2246));
#2361=CLOSED_SHELL('',(#2247,#2248,#2249,#2250,#2251,#2252,#2253,#2254,
#2255,#2256,#2257,#2258,#2259,#2260,#2261,#2262,#2263,#2264,#2265,#2266,
#2267,#2268,#2269,#2270,#2271,#2272,#2273,#2274,#2275,#2276,#2277,#2278,
#2279,#2280,#2281,#2282,#2283,#2284,#2285,#2286,#2287,#2288,#2289,#2290,
#2291,#2292,#2293,#2294,#2295,#2296,#2297,#2298,#2299,#2300,#2301,#2302,
#2303,#2304,#2305,#2306,#2307,#2308,#2309,#2310,#2311,#2312,#2313,#2314,
#2315,#2316,#2317,#2318,#2319,#2320,#2321,#2322,#2323,#2324,#2325,#2326,
#2327,#2328,#2329,#2330,#2331,#2332,#2333,#2334,#2335,#2336,#2337,#2338,
#2339,#2340,#2341,#2342,#2343,#2344,#2345,#2346,#2347,#2348,#2349,#2350,
#2351,#2352,#2353,#2354,#2355,#2356,#2357,#2358));
#2362=DERIVED_UNIT_ELEMENT(#2368,1.);
#2363=DERIVED_UNIT_ELEMENT(#4111,-3.);
#2364=DERIVED_UNIT_ELEMENT(#2368,1.);
#2365=DERIVED_UNIT_ELEMENT(#4111,-3.);
#2366=DERIVED_UNIT_ELEMENT(#2368,1.);
#2367=DERIVED_UNIT_ELEMENT(#4111,-3.);
#2368=(
MASS_UNIT()
NAMED_UNIT(*)
SI_UNIT(.KILO.,.GRAM.)
);
#2369=DERIVED_UNIT((#2362,#2363));
#2370=DERIVED_UNIT((#2364,#2365));
#2371=DERIVED_UNIT((#2366,#2367));
#2372=MEASURE_REPRESENTATION_ITEM('density measure',
POSITIVE_RATIO_MEASURE(7850.),#2369);
#2373=MEASURE_REPRESENTATION_ITEM('density measure',
POSITIVE_RATIO_MEASURE(7850.),#2370);
#2374=MEASURE_REPRESENTATION_ITEM('density measure',
POSITIVE_RATIO_MEASURE(7850.),#2371);
#2375=PROPERTY_DEFINITION_REPRESENTATION(#2390,#2381);
#2376=PROPERTY_DEFINITION_REPRESENTATION(#2391,#2382);
#2377=PROPERTY_DEFINITION_REPRESENTATION(#2392,#2383);
#2378=PROPERTY_DEFINITION_REPRESENTATION(#2393,#2384);
#2379=PROPERTY_DEFINITION_REPRESENTATION(#2394,#2385);
#2380=PROPERTY_DEFINITION_REPRESENTATION(#2395,#2386);
#2381=REPRESENTATION('material name',(#2387),#4106);
#2382=REPRESENTATION('density',(#2372),#4106);
#2383=REPRESENTATION('material name',(#2388),#4107);
#2384=REPRESENTATION('density',(#2373),#4107);
#2385=REPRESENTATION('material name',(#2389),#4108);
#2386=REPRESENTATION('density',(#2374),#4108);
#2387=DESCRIPTIVE_REPRESENTATION_ITEM('Steel','Steel');
#2388=DESCRIPTIVE_REPRESENTATION_ITEM('Steel','Steel');
#2389=DESCRIPTIVE_REPRESENTATION_ITEM('Steel','Steel');
#2390=PROPERTY_DEFINITION('material property','material name',#4133);
#2391=PROPERTY_DEFINITION('material property','density of part',#4133);
#2392=PROPERTY_DEFINITION('material property','material name',#4134);
#2393=PROPERTY_DEFINITION('material property','density of part',#4134);
#2394=PROPERTY_DEFINITION('material property','material name',#4135);
#2395=PROPERTY_DEFINITION('material property','density of part',#4135);
#2396=AXIS2_PLACEMENT_3D('',#3398,#2664,#2665);
#2397=AXIS2_PLACEMENT_3D('',#3399,#2666,#2667);
#2398=AXIS2_PLACEMENT_3D('',#3400,#2668,#2669);
#2399=AXIS2_PLACEMENT_3D('',#3402,#2670,#2671);
#2400=AXIS2_PLACEMENT_3D('',#3405,#2673,#2674);
#2401=AXIS2_PLACEMENT_3D('',#3406,#2675,#2676);
#2402=AXIS2_PLACEMENT_3D('',#3408,#2677,#2678);
#2403=AXIS2_PLACEMENT_3D('',#3411,#2680,#2681);
#2404=AXIS2_PLACEMENT_3D('',#3412,#2682,#2683);
#2405=AXIS2_PLACEMENT_3D('',#3414,#2684,#2685);
#2406=AXIS2_PLACEMENT_3D('',#3417,#2687,#2688);
#2407=AXIS2_PLACEMENT_3D('',#3418,#2689,#2690);
#2408=AXIS2_PLACEMENT_3D('',#3421,#2691,#2692);
#2409=AXIS2_PLACEMENT_3D('',#3425,#2694,#2695);
#2410=AXIS2_PLACEMENT_3D('',#3427,#2697,#2698);
#2411=AXIS2_PLACEMENT_3D('',#3433,#2702,#2703);
#2412=AXIS2_PLACEMENT_3D('',#3435,#2704,#2705);
#2413=AXIS2_PLACEMENT_3D('',#3437,#2706,#2707);
#2414=AXIS2_PLACEMENT_3D('',#3439,#2709,#2710);
#2415=AXIS2_PLACEMENT_3D('',#3445,#2714,#2715);
#2416=AXIS2_PLACEMENT_3D('',#3447,#2716,#2717);
#2417=AXIS2_PLACEMENT_3D('',#3449,#2718,#2719);
#2418=AXIS2_PLACEMENT_3D('',#3451,#2721,#2722);
#2419=AXIS2_PLACEMENT_3D('',#3457,#2726,#2727);
#2420=AXIS2_PLACEMENT_3D('',#3459,#2728,#2729);
#2421=AXIS2_PLACEMENT_3D('',#3461,#2730,#2731);
#2422=AXIS2_PLACEMENT_3D('',#3463,#2733,#2734);
#2423=AXIS2_PLACEMENT_3D('',#3466,#2737,#2738);
#2424=AXIS2_PLACEMENT_3D('',#3467,#2739,#2740);
#2425=AXIS2_PLACEMENT_3D('',#3468,#2741,#2742);
#2426=AXIS2_PLACEMENT_3D('',#3469,#2743,#2744);
#2427=AXIS2_PLACEMENT_3D('',#3471,#2745,#2746);
#2428=AXIS2_PLACEMENT_3D('',#3474,#2748,#2749);
#2429=AXIS2_PLACEMENT_3D('',#3475,#2750,#2751);
#2430=AXIS2_PLACEMENT_3D('',#3477,#2752,#2753);
#2431=AXIS2_PLACEMENT_3D('',#3480,#2755,#2756);
#2432=AXIS2_PLACEMENT_3D('',#3481,#2757,#2758);
#2433=AXIS2_PLACEMENT_3D('',#3483,#2759,#2760);
#2434=AXIS2_PLACEMENT_3D('',#3486,#2762,#2763);
#2435=AXIS2_PLACEMENT_3D('',#3487,#2764,#2765);
#2436=AXIS2_PLACEMENT_3D('',#3496,#2770,#2771);
#2437=AXIS2_PLACEMENT_3D('',#3498,#2772,#2773);
#2438=AXIS2_PLACEMENT_3D('',#3500,#2774,#2775);
#2439=AXIS2_PLACEMENT_3D('',#3502,#2777,#2778);
#2440=AXIS2_PLACEMENT_3D('',#3508,#2782,#2783);
#2441=AXIS2_PLACEMENT_3D('',#3510,#2784,#2785);
#2442=AXIS2_PLACEMENT_3D('',#3512,#2786,#2787);
#2443=AXIS2_PLACEMENT_3D('',#3514,#2789,#2790);
#2444=AXIS2_PLACEMENT_3D('',#3520,#2794,#2795);
#2445=AXIS2_PLACEMENT_3D('',#3526,#2799,#2800);
#2446=AXIS2_PLACEMENT_3D('',#3528,#2801,#2802);
#2447=AXIS2_PLACEMENT_3D('',#3530,#2803,#2804);
#2448=AXIS2_PLACEMENT_3D('',#3532,#2806,#2807);
#2449=AXIS2_PLACEMENT_3D('',#3538,#2811,#2812);
#2450=AXIS2_PLACEMENT_3D('',#3544,#2816,#2817);
#2451=AXIS2_PLACEMENT_3D('',#3545,#2818,#2819);
#2452=AXIS2_PLACEMENT_3D('',#3546,#2820,#2821);
#2453=AXIS2_PLACEMENT_3D('',#3547,#2822,#2823);
#2454=AXIS2_PLACEMENT_3D('',#3548,#2824,#2825);
#2455=AXIS2_PLACEMENT_3D('',#3549,#2826,#2827);
#2456=AXIS2_PLACEMENT_3D('',#3550,#2828,#2829);
#2457=AXIS2_PLACEMENT_3D('',#3552,#2830,#2831);
#2458=AXIS2_PLACEMENT_3D('',#3554,#2832,#2833);
#2459=AXIS2_PLACEMENT_3D('',#3555,#2834,#2835);
#2460=AXIS2_PLACEMENT_3D('',#3556,#2836,#2837);
#2461=AXIS2_PLACEMENT_3D('',#3558,#2838,#2839);
#2462=AXIS2_PLACEMENT_3D('',#3559,#2840,#2841);
#2463=AXIS2_PLACEMENT_3D('',#3562,#2843,#2844);
#2464=AXIS2_PLACEMENT_3D('',#3591,#2845,#2846);
#2465=AXIS2_PLACEMENT_3D('',#3593,#2847,#2848);
#2466=AXIS2_PLACEMENT_3D('',#3594,#2849,#2850);
#2467=AXIS2_PLACEMENT_3D('',#3595,#2851,#2852);
#2468=AXIS2_PLACEMENT_3D('',#3598,#2854,#2855);
#2469=AXIS2_PLACEMENT_3D('',#3599,#2856,#2857);
#2470=AXIS2_PLACEMENT_3D('',#3600,#2858,#2859);
#2471=AXIS2_PLACEMENT_3D('',#3602,#2860,#2861);
#2472=AXIS2_PLACEMENT_3D('',#3604,#2863,#2864);
#2473=AXIS2_PLACEMENT_3D('',#3605,#2865,#2866);
#2474=AXIS2_PLACEMENT_3D('',#3607,#2867,#2868);
#2475=AXIS2_PLACEMENT_3D('',#3610,#2870,#2871);
#2476=AXIS2_PLACEMENT_3D('',#3611,#2872,#2873);
#2477=AXIS2_PLACEMENT_3D('',#3613,#2874,#2875);
#2478=AXIS2_PLACEMENT_3D('',#3614,#2876,#2877);
#2479=AXIS2_PLACEMENT_3D('',#3616,#2878,#2879);
#2480=AXIS2_PLACEMENT_3D('',#3617,#2880,#2881);
#2481=AXIS2_PLACEMENT_3D('',#3620,#2883,#2884);
#2482=AXIS2_PLACEMENT_3D('',#3621,#2885,#2886);
#2483=AXIS2_PLACEMENT_3D('',#3623,#2887,#2888);
#2484=AXIS2_PLACEMENT_3D('',#3626,#2890,#2891);
#2485=AXIS2_PLACEMENT_3D('',#3627,#2892,#2893);
#2486=AXIS2_PLACEMENT_3D('',#3628,#2894,#2895);
#2487=AXIS2_PLACEMENT_3D('',#3630,#2896,#2897);
#2488=AXIS2_PLACEMENT_3D('',#3631,#2898,#2899);
#2489=AXIS2_PLACEMENT_3D('',#3633,#2901,#2902);
#2490=AXIS2_PLACEMENT_3D('',#3636,#2903,#2904);
#2491=AXIS2_PLACEMENT_3D('',#3638,#2905,#2906);
#2492=AXIS2_PLACEMENT_3D('',#3640,#2907,#2908);
#2493=AXIS2_PLACEMENT_3D('',#3641,#2909,#2910);
#2494=AXIS2_PLACEMENT_3D('',#3642,#2911,#2912);
#2495=AXIS2_PLACEMENT_3D('',#3645,#2913,#2914);
#2496=AXIS2_PLACEMENT_3D('',#3646,#2915,#2916);
#2497=AXIS2_PLACEMENT_3D('',#3647,#2917,#2918);
#2498=AXIS2_PLACEMENT_3D('',#3648,#2919,#2920);
#2499=AXIS2_PLACEMENT_3D('',#3651,#2921,#2922);
#2500=AXIS2_PLACEMENT_3D('',#3652,#2923,#2924);
#2501=AXIS2_PLACEMENT_3D('',#3653,#2925,#2926);
#2502=AXIS2_PLACEMENT_3D('',#3654,#2927,#2928);
#2503=AXIS2_PLACEMENT_3D('',#3655,#2929,#2930);
#2504=AXIS2_PLACEMENT_3D('',#3656,#2931,#2932);
#2505=AXIS2_PLACEMENT_3D('',#3657,#2933,#2934);
#2506=AXIS2_PLACEMENT_3D('',#3661,#2936,#2937);
#2507=AXIS2_PLACEMENT_3D('',#3663,#2939,#2940);
#2508=AXIS2_PLACEMENT_3D('',#3666,#2942,#2943);
#2509=AXIS2_PLACEMENT_3D('',#3667,#2944,#2945);
#2510=AXIS2_PLACEMENT_3D('',#3668,#2946,#2947);
#2511=AXIS2_PLACEMENT_3D('',#3670,#2948,#2949);
#2512=AXIS2_PLACEMENT_3D('',#3672,#2950,#2951);
#2513=AXIS2_PLACEMENT_3D('',#3673,#2952,#2953);
#2514=AXIS2_PLACEMENT_3D('',#3674,#2954,#2955);
#2515=AXIS2_PLACEMENT_3D('',#3676,#2956,#2957);
#2516=AXIS2_PLACEMENT_3D('',#3677,#2958,#2959);
#2517=AXIS2_PLACEMENT_3D('',#3678,#2960,#2961);
#2518=AXIS2_PLACEMENT_3D('',#3681,#2962,#2963);
#2519=AXIS2_PLACEMENT_3D('',#3682,#2964,#2965);
#2520=AXIS2_PLACEMENT_3D('',#3683,#2966,#2967);
#2521=AXIS2_PLACEMENT_3D('',#3684,#2968,#2969);
#2522=AXIS2_PLACEMENT_3D('',#3685,#2970,#2971);
#2523=AXIS2_PLACEMENT_3D('',#3686,#2972,#2973);
#2524=AXIS2_PLACEMENT_3D('',#3687,#2974,#2975);
#2525=AXIS2_PLACEMENT_3D('',#3689,#2977,#2978);
#2526=AXIS2_PLACEMENT_3D('',#3691,#2979,#2980);
#2527=AXIS2_PLACEMENT_3D('',#3693,#2981,#2982);
#2528=AXIS2_PLACEMENT_3D('',#3695,#2983,#2984);
#2529=AXIS2_PLACEMENT_3D('',#3697,#2985,#2986);
#2530=AXIS2_PLACEMENT_3D('',#3699,#2987,#2988);
#2531=AXIS2_PLACEMENT_3D('',#3701,#2989,#2990);
#2532=AXIS2_PLACEMENT_3D('',#3703,#2991,#2992);
#2533=AXIS2_PLACEMENT_3D('',#3705,#2993,#2994);
#2534=AXIS2_PLACEMENT_3D('',#3707,#2995,#2996);
#2535=AXIS2_PLACEMENT_3D('',#3709,#2997,#2998);
#2536=AXIS2_PLACEMENT_3D('',#3711,#2999,#3000);
#2537=AXIS2_PLACEMENT_3D('',#3712,#3001,#3002);
#2538=AXIS2_PLACEMENT_3D('',#3713,#3003,#3004);
#2539=AXIS2_PLACEMENT_3D('',#3716,#3005,#3006);
#2540=AXIS2_PLACEMENT_3D('',#3718,#3008,#3009);
#2541=AXIS2_PLACEMENT_3D('',#3719,#3010,#3011);
#2542=AXIS2_PLACEMENT_3D('',#3722,#3013,#3014);
#2543=AXIS2_PLACEMENT_3D('',#3723,#3015,#3016);
#2544=AXIS2_PLACEMENT_3D('',#3726,#3017,#3018);
#2545=AXIS2_PLACEMENT_3D('',#3728,#3020,#3021);
#2546=AXIS2_PLACEMENT_3D('',#3729,#3022,#3023);
#2547=AXIS2_PLACEMENT_3D('',#3732,#3025,#3026);
#2548=AXIS2_PLACEMENT_3D('',#3733,#3027,#3028);
#2549=AXIS2_PLACEMENT_3D('',#3736,#3029,#3030);
#2550=AXIS2_PLACEMENT_3D('',#3738,#3032,#3033);
#2551=AXIS2_PLACEMENT_3D('',#3739,#3034,#3035);
#2552=AXIS2_PLACEMENT_3D('',#3742,#3037,#3038);
#2553=AXIS2_PLACEMENT_3D('',#3743,#3039,#3040);
#2554=AXIS2_PLACEMENT_3D('',#3746,#3041,#3042);
#2555=AXIS2_PLACEMENT_3D('',#3748,#3044,#3045);
#2556=AXIS2_PLACEMENT_3D('',#3749,#3046,#3047);
#2557=AXIS2_PLACEMENT_3D('',#3752,#3049,#3050);
#2558=AXIS2_PLACEMENT_3D('',#3753,#3051,#3052);
#2559=AXIS2_PLACEMENT_3D('',#3756,#3053,#3054);
#2560=AXIS2_PLACEMENT_3D('',#3758,#3056,#3057);
#2561=AXIS2_PLACEMENT_3D('',#3759,#3058,#3059);
#2562=AXIS2_PLACEMENT_3D('',#3762,#3061,#3062);
#2563=AXIS2_PLACEMENT_3D('',#3763,#3063,#3064);
#2564=AXIS2_PLACEMENT_3D('',#3766,#3065,#3066);
#2565=AXIS2_PLACEMENT_3D('',#3768,#3068,#3069);
#2566=AXIS2_PLACEMENT_3D('',#3769,#3070,#3071);
#2567=AXIS2_PLACEMENT_3D('',#3772,#3073,#3074);
#2568=AXIS2_PLACEMENT_3D('',#3773,#3075,#3076);
#2569=AXIS2_PLACEMENT_3D('',#3778,#3078,#3079);
#2570=AXIS2_PLACEMENT_3D('',#3781,#3081,#3082);
#2571=AXIS2_PLACEMENT_3D('',#3782,#3083,#3084);
#2572=AXIS2_PLACEMENT_3D('',#3784,#3085,#3086);
#2573=AXIS2_PLACEMENT_3D('',#3785,#3087,#3088);
#2574=AXIS2_PLACEMENT_3D('',#3786,#3089,#3090);
#2575=AXIS2_PLACEMENT_3D('',#3787,#3091,#3092);
#2576=AXIS2_PLACEMENT_3D('',#3793,#3096,#3097);
#2577=AXIS2_PLACEMENT_3D('',#3794,#3098,#3099);
#2578=AXIS2_PLACEMENT_3D('',#3796,#3100,#3101);
#2579=AXIS2_PLACEMENT_3D('',#3799,#3103,#3104);
#2580=AXIS2_PLACEMENT_3D('',#3800,#3105,#3106);
#2581=AXIS2_PLACEMENT_3D('',#3802,#3108,#3109);
#2582=AXIS2_PLACEMENT_3D('',#3804,#3110,#3111);
#2583=AXIS2_PLACEMENT_3D('',#3805,#3112,#3113);
#2584=AXIS2_PLACEMENT_3D('',#3807,#3114,#3115);
#2585=AXIS2_PLACEMENT_3D('',#3810,#3117,#3118);
#2586=AXIS2_PLACEMENT_3D('',#3811,#3119,#3120);
#2587=AXIS2_PLACEMENT_3D('',#3813,#3121,#3122);
#2588=AXIS2_PLACEMENT_3D('',#3815,#3124,#3125);
#2589=AXIS2_PLACEMENT_3D('',#3816,#3126,#3127);
#2590=AXIS2_PLACEMENT_3D('',#3818,#3129,#3130);
#2591=AXIS2_PLACEMENT_3D('',#3821,#3132,#3133);
#2592=AXIS2_PLACEMENT_3D('',#3824,#3135,#3136);
#2593=AXIS2_PLACEMENT_3D('',#3827,#3138,#3139);
#2594=AXIS2_PLACEMENT_3D('',#3830,#3141,#3142);
#2595=AXIS2_PLACEMENT_3D('',#3833,#3144,#3145);
#2596=AXIS2_PLACEMENT_3D('',#3836,#3147,#3148);
#2597=AXIS2_PLACEMENT_3D('',#3838,#3149,#3150);
#2598=AXIS2_PLACEMENT_3D('',#3841,#3152,#3153);
#2599=AXIS2_PLACEMENT_3D('',#3842,#3154,#3155);
#2600=AXIS2_PLACEMENT_3D('',#3845,#3157,#3158);
#2601=AXIS2_PLACEMENT_3D('',#3846,#3159,#3160);
#2602=AXIS2_PLACEMENT_3D('',#3847,#3161,#3162);
#2603=AXIS2_PLACEMENT_3D('',#3856,#3167,#3168);
#2604=AXIS2_PLACEMENT_3D('',#3862,#3172,#3173);
#2605=AXIS2_PLACEMENT_3D('',#3868,#3177,#3178);
#2606=AXIS2_PLACEMENT_3D('',#3874,#3182,#3183);
#2607=AXIS2_PLACEMENT_3D('',#3880,#3187,#3188);
#2608=AXIS2_PLACEMENT_3D('',#3886,#3192,#3193);
#2609=AXIS2_PLACEMENT_3D('',#3892,#3197,#3198);
#2610=AXIS2_PLACEMENT_3D('',#3898,#3202,#3203);
#2611=AXIS2_PLACEMENT_3D('',#3904,#3207,#3208);
#2612=AXIS2_PLACEMENT_3D('',#3910,#3212,#3213);
#2613=AXIS2_PLACEMENT_3D('',#3916,#3217,#3218);
#2614=AXIS2_PLACEMENT_3D('',#3919,#3221,#3222);
#2615=AXIS2_PLACEMENT_3D('',#3920,#3223,#3224);
#2616=AXIS2_PLACEMENT_3D('',#3922,#3225,#3226);
#2617=AXIS2_PLACEMENT_3D('',#3925,#3228,#3229);
#2618=AXIS2_PLACEMENT_3D('',#3926,#3230,#3231);
#2619=AXIS2_PLACEMENT_3D('',#3929,#3233,#3234);
#2620=AXIS2_PLACEMENT_3D('',#3930,#3235,#3236);
#2621=AXIS2_PLACEMENT_3D('',#3931,#3237,#3238);
#2622=AXIS2_PLACEMENT_3D('',#3940,#3243,#3244);
#2623=AXIS2_PLACEMENT_3D('',#3946,#3248,#3249);
#2624=AXIS2_PLACEMENT_3D('',#3952,#3253,#3254);
#2625=AXIS2_PLACEMENT_3D('',#3958,#3258,#3259);
#2626=AXIS2_PLACEMENT_3D('',#3964,#3263,#3264);
#2627=AXIS2_PLACEMENT_3D('',#3970,#3268,#3269);
#2628=AXIS2_PLACEMENT_3D('',#3976,#3273,#3274);
#2629=AXIS2_PLACEMENT_3D('',#3982,#3278,#3279);
#2630=AXIS2_PLACEMENT_3D('',#3988,#3283,#3284);
#2631=AXIS2_PLACEMENT_3D('',#3994,#3288,#3289);
#2632=AXIS2_PLACEMENT_3D('',#4000,#3293,#3294);
#2633=AXIS2_PLACEMENT_3D('',#4003,#3297,#3298);
#2634=AXIS2_PLACEMENT_3D('',#4004,#3299,#3300);
#2635=AXIS2_PLACEMENT_3D('',#4005,#3301,#3302);
#2636=AXIS2_PLACEMENT_3D('',#4007,#3303,#3304);
#2637=AXIS2_PLACEMENT_3D('',#4010,#3306,#3307);
#2638=AXIS2_PLACEMENT_3D('',#4011,#3308,#3309);
#2639=AXIS2_PLACEMENT_3D('',#4014,#3311,#3312);
#2640=AXIS2_PLACEMENT_3D('',#4015,#3313,#3314);
#2641=AXIS2_PLACEMENT_3D('',#4016,#3315,#3316);
#2642=AXIS2_PLACEMENT_3D('',#4025,#3321,#3322);
#2643=AXIS2_PLACEMENT_3D('',#4031,#3326,#3327);
#2644=AXIS2_PLACEMENT_3D('',#4037,#3331,#3332);
#2645=AXIS2_PLACEMENT_3D('',#4043,#3336,#3337);
#2646=AXIS2_PLACEMENT_3D('',#4049,#3341,#3342);
#2647=AXIS2_PLACEMENT_3D('',#4055,#3346,#3347);
#2648=AXIS2_PLACEMENT_3D('',#4061,#3351,#3352);
#2649=AXIS2_PLACEMENT_3D('',#4067,#3356,#3357);
#2650=AXIS2_PLACEMENT_3D('',#4073,#3361,#3362);
#2651=AXIS2_PLACEMENT_3D('',#4079,#3366,#3367);
#2652=AXIS2_PLACEMENT_3D('',#4085,#3371,#3372);
#2653=AXIS2_PLACEMENT_3D('',#4088,#3375,#3376);
#2654=AXIS2_PLACEMENT_3D('',#4089,#3377,#3378);
#2655=AXIS2_PLACEMENT_3D('',#4090,#3379,#3380);
#2656=AXIS2_PLACEMENT_3D('',#4091,#3381,#3382);
#2657=AXIS2_PLACEMENT_3D('',#4092,#3383,#3384);
#2658=AXIS2_PLACEMENT_3D('',#4094,#3386,#3387);
#2659=AXIS2_PLACEMENT_3D('',#4095,#3388,#3389);
#2660=AXIS2_PLACEMENT_3D('',#4096,#3390,#3391);
#2661=AXIS2_PLACEMENT_3D('',#4097,#3392,#3393);
#2662=AXIS2_PLACEMENT_3D('',#4098,#3394,#3395);
#2663=AXIS2_PLACEMENT_3D('',#4099,#3396,#3397);
#2664=DIRECTION('axis',(0.,0.,1.));
#2665=DIRECTION('refdir',(1.,0.,0.));
#2666=DIRECTION('axis',(0.,0.,1.));
#2667=DIRECTION('refdir',(1.,0.,0.));
#2668=DIRECTION('center_axis',(0.,0.,-1.));
#2669=DIRECTION('ref_axis',(-1.,0.,0.));
#2670=DIRECTION('center_axis',(0.,0.,-1.));
#2671=DIRECTION('ref_axis',(-1.,0.,0.));
#2672=DIRECTION('',(0.,0.,-1.));
#2673=DIRECTION('center_axis',(0.,0.,1.));
#2674=DIRECTION('ref_axis',(-1.,0.,0.));
#2675=DIRECTION('center_axis',(0.,0.,-1.));
#2676=DIRECTION('ref_axis',(-1.,0.,0.));
#2677=DIRECTION('center_axis',(0.,0.,-1.));
#2678=DIRECTION('ref_axis',(-1.,0.,0.));
#2679=DIRECTION('',(0.,0.,-1.));
#2680=DIRECTION('center_axis',(0.,0.,1.));
#2681=DIRECTION('ref_axis',(-1.,0.,0.));
#2682=DIRECTION('center_axis',(0.,0.,-1.));
#2683=DIRECTION('ref_axis',(-1.,0.,0.));
#2684=DIRECTION('center_axis',(0.,0.,-1.));
#2685=DIRECTION('ref_axis',(-1.,0.,0.));
#2686=DIRECTION('',(0.,0.,-1.));
#2687=DIRECTION('center_axis',(0.,0.,1.));
#2688=DIRECTION('ref_axis',(-1.,0.,0.));
#2689=DIRECTION('center_axis',(0.,0.,1.));
#2690=DIRECTION('ref_axis',(0.731055268242868,0.682318250360012,0.));
#2691=DIRECTION('center_axis',(0.,0.,1.));
#2692=DIRECTION('ref_axis',(0.731055268242868,0.682318250360012,0.));
#2693=DIRECTION('',(0.,0.,1.));
#2694=DIRECTION('center_axis',(0.,0.,-1.));
#2695=DIRECTION('ref_axis',(0.731055268242868,0.682318250360012,0.));
#2696=DIRECTION('',(0.,0.,1.));
#2697=DIRECTION('center_axis',(0.,-1.,0.));
#2698=DIRECTION('ref_axis',(1.,0.,0.));
#2699=DIRECTION('',(1.,0.,0.));
#2700=DIRECTION('',(1.,0.,0.));
#2701=DIRECTION('',(0.,0.,1.));
#2702=DIRECTION('center_axis',(0.,0.,1.));
#2703=DIRECTION('ref_axis',(-1.,1.22464679914735E-16,0.));
#2704=DIRECTION('center_axis',(0.,0.,1.));
#2705=DIRECTION('ref_axis',(1.,0.,0.));
#2706=DIRECTION('center_axis',(0.,0.,1.));
#2707=DIRECTION('ref_axis',(1.,0.,0.));
#2708=DIRECTION('',(0.,0.,1.));
#2709=DIRECTION('center_axis',(0.,1.,0.));
#2710=DIRECTION('ref_axis',(-1.,0.,0.));
#2711=DIRECTION('',(-1.,0.,0.));
#2712=DIRECTION('',(-1.,0.,0.));
#2713=DIRECTION('',(0.,0.,1.));
#2714=DIRECTION('center_axis',(0.,0.,1.));
#2715=DIRECTION('ref_axis',(0.7157428238721,0.698363952445708,0.));
#2716=DIRECTION('center_axis',(0.,0.,1.));
#2717=DIRECTION('ref_axis',(0.7157428238721,0.698363952445708,0.));
#2718=DIRECTION('center_axis',(0.,0.,1.));
#2719=DIRECTION('ref_axis',(0.7157428238721,0.698363952445708,0.));
#2720=DIRECTION('',(0.,0.,1.));
#2721=DIRECTION('center_axis',(0.7157428238721,0.698363952445708,0.));
#2722=DIRECTION('ref_axis',(-0.698363952445708,0.7157428238721,0.));
#2723=DIRECTION('',(-0.698363952445708,0.7157428238721,0.));
#2724=DIRECTION('',(-0.698363952445708,0.7157428238721,0.));
#2725=DIRECTION('',(0.,0.,1.));
#2726=DIRECTION('center_axis',(0.,0.,1.));
#2727=DIRECTION('ref_axis',(1.,0.,0.));
#2728=DIRECTION('center_axis',(0.,0.,1.));
#2729=DIRECTION('ref_axis',(1.,0.,0.));
#2730=DIRECTION('center_axis',(0.,0.,1.));
#2731=DIRECTION('ref_axis',(1.,0.,0.));
#2732=DIRECTION('',(0.,0.,1.));
#2733=DIRECTION('center_axis',(-0.731055268242869,-0.682318250360011,0.));
#2734=DIRECTION('ref_axis',(0.682318250360011,-0.731055268242869,0.));
#2735=DIRECTION('',(0.682318250360011,-0.731055268242869,0.));
#2736=DIRECTION('',(0.682318250360011,-0.731055268242869,0.));
#2737=DIRECTION('center_axis',(0.,0.,1.));
#2738=DIRECTION('ref_axis',(1.,0.,0.));
#2739=DIRECTION('center_axis',(0.,0.,1.));
#2740=DIRECTION('ref_axis',(1.,0.,0.));
#2741=DIRECTION('axis',(0.,0.,1.));
#2742=DIRECTION('refdir',(1.,0.,0.));
#2743=DIRECTION('center_axis',(0.,0.,-1.));
#2744=DIRECTION('ref_axis',(-1.,0.,0.));
#2745=DIRECTION('center_axis',(0.,0.,-1.));
#2746=DIRECTION('ref_axis',(-1.,0.,0.));
#2747=DIRECTION('',(0.,0.,-1.));
#2748=DIRECTION('center_axis',(0.,0.,1.));
#2749=DIRECTION('ref_axis',(-1.,0.,0.));
#2750=DIRECTION('center_axis',(0.,0.,-1.));
#2751=DIRECTION('ref_axis',(-1.,0.,0.));
#2752=DIRECTION('center_axis',(0.,0.,-1.));
#2753=DIRECTION('ref_axis',(-1.,0.,0.));
#2754=DIRECTION('',(0.,0.,-1.));
#2755=DIRECTION('center_axis',(0.,0.,1.));
#2756=DIRECTION('ref_axis',(-1.,0.,0.));
#2757=DIRECTION('center_axis',(0.,0.,-1.));
#2758=DIRECTION('ref_axis',(-1.,0.,0.));
#2759=DIRECTION('center_axis',(0.,0.,-1.));
#2760=DIRECTION('ref_axis',(-1.,0.,0.));
#2761=DIRECTION('',(0.,0.,-1.));
#2762=DIRECTION('center_axis',(0.,0.,1.));
#2763=DIRECTION('ref_axis',(-1.,0.,0.));
#2764=DIRECTION('center_axis',(-0.766008501552043,-0.642830440746231,0.));
#2765=DIRECTION('ref_axis',(0.642830440746231,-0.766008501552043,0.));
#2766=DIRECTION('',(0.642830440746231,-0.766008501552043,0.));
#2767=DIRECTION('',(0.,0.,1.));
#2768=DIRECTION('',(0.642830440746231,-0.766008501552043,0.));
#2769=DIRECTION('',(0.,0.,1.));
#2770=DIRECTION('center_axis',(0.,0.,1.));
#2771=DIRECTION('ref_axis',(0.766008501552043,0.642830440746231,0.));
#2772=DIRECTION('center_axis',(0.,0.,1.));
#2773=DIRECTION('ref_axis',(0.766008501552043,0.642830440746231,0.));
#2774=DIRECTION('center_axis',(0.,0.,-1.));
#2775=DIRECTION('ref_axis',(0.766008501552043,0.642830440746231,0.));
#2776=DIRECTION('',(0.,0.,1.));
#2777=DIRECTION('center_axis',(0.768221279597376,-0.640184399664479,0.));
#2778=DIRECTION('ref_axis',(0.640184399664479,0.768221279597376,0.));
#2779=DIRECTION('',(-0.640184399664479,-0.768221279597376,0.));
#2780=DIRECTION('',(0.640184399664479,0.768221279597376,0.));
#2781=DIRECTION('',(0.,0.,1.));
#2782=DIRECTION('center_axis',(0.,0.,1.));
#2783=DIRECTION('ref_axis',(-0.640184399664532,-0.768221279597332,0.));
#2784=DIRECTION('center_axis',(0.,0.,1.));
#2785=DIRECTION('ref_axis',(1.,0.,0.));
#2786=DIRECTION('center_axis',(0.,0.,1.));
#2787=DIRECTION('ref_axis',(1.,0.,0.));
#2788=DIRECTION('',(0.,0.,1.));
#2789=DIRECTION('center_axis',(-0.768221279597376,0.64018439966448,0.));
#2790=DIRECTION('ref_axis',(-0.64018439966448,-0.768221279597376,0.));
#2791=DIRECTION('',(0.64018439966448,0.768221279597376,0.));
#2792=DIRECTION('',(-0.64018439966448,-0.768221279597376,0.));
#2793=DIRECTION('',(0.,0.,1.));
#2794=DIRECTION('center_axis',(-0.731055350837364,0.682318161865898,0.));
#2795=DIRECTION('ref_axis',(-0.682318161865898,-0.731055350837364,0.));
#2796=DIRECTION('',(0.682318161865898,0.731055350837364,0.));
#2797=DIRECTION('',(-0.682318161865898,-0.731055350837364,0.));
#2798=DIRECTION('',(0.,0.,1.));
#2799=DIRECTION('center_axis',(0.,0.,1.));
#2800=DIRECTION('ref_axis',(0.657917781493466,0.753089764101675,0.));
#2801=DIRECTION('center_axis',(0.,0.,1.));
#2802=DIRECTION('ref_axis',(0.657917781493466,0.753089764101675,0.));
#2803=DIRECTION('center_axis',(0.,0.,1.));
#2804=DIRECTION('ref_axis',(0.657917781493466,0.753089764101675,0.));
#2805=DIRECTION('',(0.,0.,1.));
#2806=DIRECTION('center_axis',(0.657917781493464,0.753089764101676,0.));
#2807=DIRECTION('ref_axis',(-0.753089764101676,0.657917781493464,0.));
#2808=DIRECTION('',(0.753089764101676,-0.657917781493464,0.));
#2809=DIRECTION('',(-0.753089764101676,0.657917781493464,0.));
#2810=DIRECTION('',(0.,0.,1.));
#2811=DIRECTION('center_axis',(0.766008501552044,0.64283044074623,0.));
#2812=DIRECTION('ref_axis',(-0.64283044074623,0.766008501552044,0.));
#2813=DIRECTION('',(-0.64283044074623,0.766008501552044,0.));
#2814=DIRECTION('',(-0.64283044074623,0.766008501552044,0.));
#2815=DIRECTION('',(0.,0.,1.));
#2816=DIRECTION('center_axis',(0.,0.,1.));
#2817=DIRECTION('ref_axis',(1.,0.,0.));
#2818=DIRECTION('center_axis',(0.,0.,1.));
#2819=DIRECTION('ref_axis',(1.,0.,0.));
#2820=DIRECTION('center_axis',(0.,0.,1.));
#2821=DIRECTION('ref_axis',(1.,0.,0.));
#2822=DIRECTION('center_axis',(0.,0.,1.));
#2823=DIRECTION('ref_axis',(1.,0.,0.));
#2824=DIRECTION('center_axis',(0.,0.,1.));
#2825=DIRECTION('ref_axis',(1.,0.,0.));
#2826=DIRECTION('axis',(0.,0.,1.));
#2827=DIRECTION('refdir',(1.,0.,0.));
#2828=DIRECTION('center_axis',(0.,0.,1.));
#2829=DIRECTION('ref_axis',(1.,0.,0.));
#2830=DIRECTION('center_axis',(0.,0.,-1.));
#2831=DIRECTION('ref_axis',(1.,0.,0.));
#2832=DIRECTION('center_axis',(1.22464679914735E-16,-1.,0.));
#2833=DIRECTION('ref_axis',(-1.,-1.22464679914735E-16,0.));
#2834=DIRECTION('center_axis',(0.,0.,1.));
#2835=DIRECTION('ref_axis',(1.,0.,0.));
#2836=DIRECTION('center_axis',(0.,0.,1.));
#2837=DIRECTION('ref_axis',(1.,0.,0.));
#2838=DIRECTION('center_axis',(0.,0.,-1.));
#2839=DIRECTION('ref_axis',(1.,0.,0.));
#2840=DIRECTION('center_axis',(0.,0.,1.));
#2841=DIRECTION('ref_axis',(1.,0.,0.));
#2842=DIRECTION('',(0.,0.,-1.));
#2843=DIRECTION('center_axis',(0.,0.,1.));
#2844=DIRECTION('ref_axis',(1.,0.,0.));
#2845=DIRECTION('center_axis',(0.,0.,1.));
#2846=DIRECTION('ref_axis',(1.,0.,0.));
#2847=DIRECTION('center_axis',(-1.22464679914773E-16,1.,-6.35005135542563E-15));
#2848=DIRECTION('ref_axis',(-1.,-1.22464679914735E-16,5.92118946466751E-15));
#2849=DIRECTION('center_axis',(0.,0.,-1.));
#2850=DIRECTION('ref_axis',(1.,0.,0.));
#2851=DIRECTION('center_axis',(0.,0.,1.));
#2852=DIRECTION('ref_axis',(1.,0.,0.));
#2853=DIRECTION('',(0.,0.,-1.));
#2854=DIRECTION('center_axis',(0.,0.,-1.));
#2855=DIRECTION('ref_axis',(1.,0.,0.));
#2856=DIRECTION('center_axis',(0.,0.,1.));
#2857=DIRECTION('ref_axis',(1.,0.,0.));
#2858=DIRECTION('center_axis',(0.,0.,1.));
#2859=DIRECTION('ref_axis',(1.,0.,0.));
#2860=DIRECTION('center_axis',(0.,0.,1.));
#2861=DIRECTION('ref_axis',(1.,0.,0.));
#2862=DIRECTION('',(0.,0.,-1.));
#2863=DIRECTION('center_axis',(0.,0.,1.));
#2864=DIRECTION('ref_axis',(1.,0.,0.));
#2865=DIRECTION('center_axis',(0.,0.,1.));
#2866=DIRECTION('ref_axis',(1.,0.,0.));
#2867=DIRECTION('center_axis',(0.,0.,-1.));
#2868=DIRECTION('ref_axis',(1.,0.,0.));
#2869=DIRECTION('',(0.,0.,-1.));
#2870=DIRECTION('center_axis',(0.,0.,-1.));
#2871=DIRECTION('ref_axis',(1.,0.,0.));
#2872=DIRECTION('center_axis',(0.,0.,1.));
#2873=DIRECTION('ref_axis',(1.,0.,0.));
#2874=DIRECTION('center_axis',(0.,0.,1.));
#2875=DIRECTION('ref_axis',(1.,0.,0.));
#2876=DIRECTION('center_axis',(0.,0.,1.));
#2877=DIRECTION('ref_axis',(1.,0.,0.));
#2878=DIRECTION('center_axis',(0.,0.,-1.));
#2879=DIRECTION('ref_axis',(1.,0.,0.));
#2880=DIRECTION('center_axis',(0.,0.,1.));
#2881=DIRECTION('ref_axis',(1.,0.,0.));
#2882=DIRECTION('',(0.,0.,-1.));
#2883=DIRECTION('center_axis',(0.,0.,1.));
#2884=DIRECTION('ref_axis',(1.,0.,0.));
#2885=DIRECTION('center_axis',(0.,0.,-1.));
#2886=DIRECTION('ref_axis',(1.,0.,0.));
#2887=DIRECTION('center_axis',(0.,0.,1.));
#2888=DIRECTION('ref_axis',(1.,0.,0.));
#2889=DIRECTION('',(0.,0.,1.));
#2890=DIRECTION('center_axis',(0.,0.,-1.));
#2891=DIRECTION('ref_axis',(1.,0.,0.));
#2892=DIRECTION('center_axis',(0.,0.,1.));
#2893=DIRECTION('ref_axis',(1.,0.,0.));
#2894=DIRECTION('center_axis',(0.,0.,1.));
#2895=DIRECTION('ref_axis',(1.,0.,0.));
#2896=DIRECTION('center_axis',(0.,0.,-1.));
#2897=DIRECTION('ref_axis',(1.,0.,0.));
#2898=DIRECTION('center_axis',(0.,0.,1.));
#2899=DIRECTION('ref_axis',(1.,0.,0.));
#2900=DIRECTION('',(0.,0.,-1.));
#2901=DIRECTION('center_axis',(0.,0.,-1.));
#2902=DIRECTION('ref_axis',(-1.,0.,0.));
#2903=DIRECTION('center_axis',(0.718750000000001,0.695268608165217,0.));
#2904=DIRECTION('ref_axis',(0.,0.,1.));
#2905=DIRECTION('center_axis',(0.,0.,-1.));
#2906=DIRECTION('ref_axis',(-0.476950330377344,-0.878930248855359,0.));
#2907=DIRECTION('center_axis',(0.19117647058824,0.981555682115602,0.));
#2908=DIRECTION('ref_axis',(-0.981555682115602,0.19117647058824,0.));
#2909=DIRECTION('center_axis',(0.,0.,1.));
#2910=DIRECTION('ref_axis',(-0.476950330377344,-0.878930248855359,0.));
#2911=DIRECTION('center_axis',(0.,0.,-1.));
#2912=DIRECTION('ref_axis',(-6.12323399573677E-17,1.,0.));
#2913=DIRECTION('center_axis',(0.191176470588234,-0.981555682115603,0.));
#2914=DIRECTION('ref_axis',(0.981555682115603,0.191176470588234,0.));
#2915=DIRECTION('center_axis',(0.,0.,-1.));
#2916=DIRECTION('ref_axis',(1.38777878078145E-16,1.,0.));
#2917=DIRECTION('center_axis',(0.,0.,1.));
#2918=DIRECTION('ref_axis',(1.38777878078145E-16,1.,0.));
#2919=DIRECTION('center_axis',(0.,0.,-1.));
#2920=DIRECTION('ref_axis',(0.476950330377345,-0.878930248855358,0.));
#2921=DIRECTION('center_axis',(-0.718750000000001,0.695268608165217,0.));
#2922=DIRECTION('ref_axis',(-0.695268608165217,-0.718750000000001,0.));
#2923=DIRECTION('center_axis',(0.,0.,1.));
#2924=DIRECTION('ref_axis',(0.476950330377344,-0.878930248855359,0.));
#2925=DIRECTION('center_axis',(0.,0.,-1.));
#2926=DIRECTION('ref_axis',(0.476950330377344,-0.878930248855359,0.));
#2927=DIRECTION('center_axis',(0.,0.,1.));
#2928=DIRECTION('ref_axis',(-1.83697019872103E-16,1.,0.));
#2929=DIRECTION('center_axis',(0.,0.,-1.));
#2930=DIRECTION('ref_axis',(2.66453525910038E-16,1.,0.));
#2931=DIRECTION('center_axis',(0.,0.,1.));
#2932=DIRECTION('ref_axis',(2.66453525910038E-16,1.,0.));
#2933=DIRECTION('center_axis',(0.,0.,1.));
#2934=DIRECTION('ref_axis',(2.77555756156289E-16,1.,0.));
#2935=DIRECTION('',(0.,0.,1.));
#2936=DIRECTION('center_axis',(0.,0.,-1.));
#2937=DIRECTION('ref_axis',(1.38777878078145E-16,1.,0.));
#2938=DIRECTION('',(0.,0.,-1.));
#2939=DIRECTION('center_axis',(0.,0.,1.));
#2940=DIRECTION('ref_axis',(-0.47695033037734,-0.878930248855361,0.));
#2941=DIRECTION('',(0.,0.,-1.));
#2942=DIRECTION('center_axis',(0.,0.,1.));
#2943=DIRECTION('ref_axis',(-0.476950330377344,-0.878930248855359,0.));
#2944=DIRECTION('center_axis',(0.,0.,-1.));
#2945=DIRECTION('ref_axis',(-1.,0.,0.));
#2946=DIRECTION('center_axis',(0.,0.,-1.));
#2947=DIRECTION('ref_axis',(-1.,0.,0.));
#2948=DIRECTION('center_axis',(-0.718749999999999,-0.69526860816522,0.));
#2949=DIRECTION('ref_axis',(-0.69526860816522,0.718749999999999,0.));
#2950=DIRECTION('center_axis',(0.,0.,-1.));
#2951=DIRECTION('ref_axis',(-0.476950330377344,-0.878930248855359,0.));
#2952=DIRECTION('center_axis',(-0.191176470588232,-0.981555682115603,0.));
#2953=DIRECTION('ref_axis',(0.,0.,-1.));
#2954=DIRECTION('center_axis',(0.,0.,-1.));
#2955=DIRECTION('ref_axis',(-6.12323399573677E-17,1.,0.));
#2956=DIRECTION('center_axis',(-0.191176470588238,0.981555682115602,0.));
#2957=DIRECTION('ref_axis',(0.,0.,-1.));
#2958=DIRECTION('center_axis',(0.,0.,1.));
#2959=DIRECTION('ref_axis',(1.38777878078145E-16,1.,0.));
#2960=DIRECTION('center_axis',(0.,0.,-1.));
#2961=DIRECTION('ref_axis',(0.476950330377345,-0.878930248855358,0.));
#2962=DIRECTION('center_axis',(0.718749999999999,-0.69526860816522,0.));
#2963=DIRECTION('ref_axis',(0.,0.,-1.));
#2964=DIRECTION('center_axis',(0.,0.,1.));
#2965=DIRECTION('ref_axis',(0.476950330377344,-0.878930248855359,0.));
#2966=DIRECTION('center_axis',(0.,0.,-1.));
#2967=DIRECTION('ref_axis',(0.476950330377344,-0.878930248855359,0.));
#2968=DIRECTION('center_axis',(0.,0.,1.));
#2969=DIRECTION('ref_axis',(-1.83697019872103E-16,1.,0.));
#2970=DIRECTION('center_axis',(0.,0.,-1.));
#2971=DIRECTION('ref_axis',(2.66453525910038E-16,1.,0.));
#2972=DIRECTION('center_axis',(0.,0.,1.));
#2973=DIRECTION('ref_axis',(2.66453525910038E-16,1.,0.));
#2974=DIRECTION('center_axis',(0.,0.,1.));
#2975=DIRECTION('ref_axis',(2.66453525910038E-16,1.,0.));
#2976=DIRECTION('',(0.,0.,1.));
#2977=DIRECTION('center_axis',(0.,0.,1.));
#2978=DIRECTION('ref_axis',(1.,0.,0.));
#2979=DIRECTION('center_axis',(0.,0.,1.));
#2980=DIRECTION('ref_axis',(1.,0.,0.));
#2981=DIRECTION('center_axis',(0.,0.,-1.));
#2982=DIRECTION('ref_axis',(-0.5,-0.866025403784438,0.));
#2983=DIRECTION('center_axis',(0.,0.,-1.));
#2984=DIRECTION('ref_axis',(-1.,1.22464679914735E-16,0.));
#2985=DIRECTION('center_axis',(0.,0.,-1.));
#2986=DIRECTION('ref_axis',(1.,0.,0.));
#2987=DIRECTION('center_axis',(0.,0.,1.));
#2988=DIRECTION('ref_axis',(-0.5,0.866025403784439,0.));
#2989=DIRECTION('center_axis',(0.,0.,1.));
#2990=DIRECTION('ref_axis',(1.,0.,0.));
#2991=DIRECTION('center_axis',(0.,0.,1.));
#2992=DIRECTION('ref_axis',(1.,0.,0.));
#2993=DIRECTION('center_axis',(0.,0.,1.));
#2994=DIRECTION('ref_axis',(-0.5,-0.866025403784438,0.));
#2995=DIRECTION('center_axis',(0.,0.,-1.));
#2996=DIRECTION('ref_axis',(0.5,0.866025403784439,0.));
#2997=DIRECTION('center_axis',(0.,0.,-1.));
#2998=DIRECTION('ref_axis',(0.499999999999999,-0.866025403784439,0.));
#2999=DIRECTION('center_axis',(0.,0.,-1.));
#3000=DIRECTION('ref_axis',(-0.5,0.866025403784439,0.));
#3001=DIRECTION('center_axis',(0.,0.,1.));
#3002=DIRECTION('ref_axis',(0.47695033037734,-0.878930248855361,0.));
#3003=DIRECTION('center_axis',(0.,0.,-1.));
#3004=DIRECTION('ref_axis',(-0.5,-0.866025403784439,0.));
#3005=DIRECTION('center_axis',(0.,0.,1.));
#3006=DIRECTION('ref_axis',(-0.500000000000001,-0.866025403784438,0.));
#3007=DIRECTION('',(0.353553390593274,0.612372435695794,-0.707106781186548));
#3008=DIRECTION('center_axis',(0.,0.,1.));
#3009=DIRECTION('ref_axis',(-0.500000000000001,-0.866025403784438,0.));
#3010=DIRECTION('center_axis',(0.,0.,1.));
#3011=DIRECTION('ref_axis',(0.500000000000001,0.866025403784438,0.));
#3012=DIRECTION('',(0.,0.,1.));
#3013=DIRECTION('center_axis',(0.,0.,1.));
#3014=DIRECTION('ref_axis',(0.500000000000001,0.866025403784438,0.));
#3015=DIRECTION('center_axis',(0.,0.,-1.));
#3016=DIRECTION('ref_axis',(-0.5,0.866025403784439,0.));
#3017=DIRECTION('center_axis',(0.,0.,1.));
#3018=DIRECTION('ref_axis',(-0.5,0.866025403784439,0.));
#3019=DIRECTION('',(0.353553390593273,-0.612372435695794,-0.707106781186548));
#3020=DIRECTION('center_axis',(0.,0.,1.));
#3021=DIRECTION('ref_axis',(-0.5,0.866025403784439,0.));
#3022=DIRECTION('center_axis',(0.,0.,1.));
#3023=DIRECTION('ref_axis',(0.5,-0.866025403784439,0.));
#3024=DIRECTION('',(0.,0.,1.));
#3025=DIRECTION('center_axis',(0.,0.,1.));
#3026=DIRECTION('ref_axis',(0.5,-0.866025403784439,0.));
#3027=DIRECTION('center_axis',(0.,0.,-1.));
#3028=DIRECTION('ref_axis',(-1.,1.22464679914735E-16,0.));
#3029=DIRECTION('center_axis',(0.,0.,1.));
#3030=DIRECTION('ref_axis',(-1.,1.22464679914735E-16,0.));
#3031=DIRECTION('',(0.707106781186547,-1.73191211247098E-16,-0.707106781186548));
#3032=DIRECTION('center_axis',(0.,0.,1.));
#3033=DIRECTION('ref_axis',(-1.,1.22464679914735E-16,0.));
#3034=DIRECTION('center_axis',(0.,0.,1.));
#3035=DIRECTION('ref_axis',(1.,-1.22464679914735E-16,0.));
#3036=DIRECTION('',(0.,0.,1.));
#3037=DIRECTION('center_axis',(0.,0.,1.));
#3038=DIRECTION('ref_axis',(1.,-1.22464679914735E-16,0.));
#3039=DIRECTION('center_axis',(0.,0.,-1.));
#3040=DIRECTION('ref_axis',(0.499999999999999,-0.866025403784439,0.));
#3041=DIRECTION('center_axis',(0.,0.,1.));
#3042=DIRECTION('ref_axis',(0.499999999999999,-0.866025403784439,0.));
#3043=DIRECTION('',(-0.353553390593273,0.612372435695794,-0.707106781186549));
#3044=DIRECTION('center_axis',(0.,0.,1.));
#3045=DIRECTION('ref_axis',(0.499999999999999,-0.866025403784439,0.));
#3046=DIRECTION('center_axis',(0.,0.,1.));
#3047=DIRECTION('ref_axis',(-0.499999999999999,0.866025403784439,0.));
#3048=DIRECTION('',(0.,0.,1.));
#3049=DIRECTION('center_axis',(0.,0.,1.));
#3050=DIRECTION('ref_axis',(-0.499999999999999,0.866025403784439,0.));
#3051=DIRECTION('center_axis',(0.,0.,-1.));
#3052=DIRECTION('ref_axis',(1.,0.,0.));
#3053=DIRECTION('center_axis',(0.,0.,1.));
#3054=DIRECTION('ref_axis',(1.,0.,0.));
#3055=DIRECTION('',(-0.707106781186547,8.65956056235493E-17,-0.707106781186548));
#3056=DIRECTION('center_axis',(0.,0.,1.));
#3057=DIRECTION('ref_axis',(1.,0.,0.));
#3058=DIRECTION('center_axis',(0.,0.,1.));
#3059=DIRECTION('ref_axis',(-1.,0.,0.));
#3060=DIRECTION('',(0.,0.,1.));
#3061=DIRECTION('center_axis',(0.,0.,1.));
#3062=DIRECTION('ref_axis',(-1.,0.,0.));
#3063=DIRECTION('center_axis',(0.,0.,-1.));
#3064=DIRECTION('ref_axis',(0.5,0.866025403784439,0.));
#3065=DIRECTION('center_axis',(0.,0.,1.));
#3066=DIRECTION('ref_axis',(0.5,0.866025403784439,0.));
#3067=DIRECTION('',(-0.353553390593274,-0.612372435695794,-0.707106781186548));
#3068=DIRECTION('center_axis',(0.,0.,1.));
#3069=DIRECTION('ref_axis',(0.5,0.866025403784439,0.));
#3070=DIRECTION('center_axis',(0.,0.,1.));
#3071=DIRECTION('ref_axis',(-0.5,-0.866025403784439,0.));
#3072=DIRECTION('',(0.,0.,1.));
#3073=DIRECTION('center_axis',(0.,0.,1.));
#3074=DIRECTION('ref_axis',(-0.5,-0.866025403784439,0.));
#3075=DIRECTION('center_axis',(0.,0.70710678118654,-0.707106781186555));
#3076=DIRECTION('ref_axis',(-1.,0.,0.));
#3077=DIRECTION('',(-1.,0.,0.));
#3078=DIRECTION('center_axis',(3.50941920600157E-12,0.7071067811871,-0.707106781185995));
#3079=DIRECTION('ref_axis',(-0.00393699694416123,0.707101301106683,0.707101301107768));
#3080=DIRECTION('',(1.,0.,0.));
#3081=DIRECTION('center_axis',(2.55624361919056E-12,-0.707106781186948,
0.707106781186147));
#3082=DIRECTION('ref_axis',(-0.0039369984454215,-0.707101301102652,-0.707101301103439));
#3083=DIRECTION('center_axis',(0.,0.,1.));
#3084=DIRECTION('ref_axis',(9.49410759657493E-16,-1.,0.));
#3085=DIRECTION('center_axis',(0.,0.,-1.));
#3086=DIRECTION('ref_axis',(1.,0.,0.));
#3087=DIRECTION('center_axis',(0.,0.,-1.));
#3088=DIRECTION('ref_axis',(1.,0.,0.));
#3089=DIRECTION('center_axis',(0.,0.,1.));
#3090=DIRECTION('ref_axis',(1.,0.,0.));
#3091=DIRECTION('center_axis',(0.,-1.,0.));
#3092=DIRECTION('ref_axis',(1.,0.,0.));
#3093=DIRECTION('',(0.,0.,-1.));
#3094=DIRECTION('',(1.,0.,0.));
#3095=DIRECTION('',(0.,0.,1.));
#3096=DIRECTION('center_axis',(0.,0.,-1.));
#3097=DIRECTION('ref_axis',(-1.,0.,0.));
#3098=DIRECTION('center_axis',(0.,0.,1.));
#3099=DIRECTION('ref_axis',(1.,0.,0.));
#3100=DIRECTION('center_axis',(0.,0.,-1.));
#3101=DIRECTION('ref_axis',(1.,0.,0.));
#3102=DIRECTION('',(0.707106781186547,8.65956056235493E-17,-0.707106781186548));
#3103=DIRECTION('center_axis',(0.,0.,1.));
#3104=DIRECTION('ref_axis',(1.,0.,0.));
#3105=DIRECTION('center_axis',(0.,0.,-1.));
#3106=DIRECTION('ref_axis',(1.,0.,0.));
#3107=DIRECTION('',(0.,0.,1.));
#3108=DIRECTION('center_axis',(0.,0.,-1.));
#3109=DIRECTION('ref_axis',(-1.,0.,0.));
#3110=DIRECTION('center_axis',(0.,0.,-1.));
#3111=DIRECTION('ref_axis',(1.,0.,0.));
#3112=DIRECTION('center_axis',(0.,0.,-1.));
#3113=DIRECTION('ref_axis',(1.,0.,0.));
#3114=DIRECTION('center_axis',(0.,0.,1.));
#3115=DIRECTION('ref_axis',(1.,0.,0.));
#3116=DIRECTION('',(0.707106781186548,-8.65956056235494E-17,0.707106781186547));
#3117=DIRECTION('center_axis',(0.,0.,-1.));
#3118=DIRECTION('ref_axis',(1.,0.,0.));
#3119=DIRECTION('center_axis',(0.,0.,-1.));
#3120=DIRECTION('ref_axis',(1.,0.,0.));
#3121=DIRECTION('center_axis',(0.,0.,-1.));
#3122=DIRECTION('ref_axis',(1.,0.,0.));
#3123=DIRECTION('',(0.,0.,1.));
#3124=DIRECTION('center_axis',(0.,0.,1.));
#3125=DIRECTION('ref_axis',(1.,0.,0.));
#3126=DIRECTION('center_axis',(0.,0.,1.));
#3127=DIRECTION('ref_axis',(1.,0.,0.));
#3128=DIRECTION('',(0.707106781186547,8.65956056235493E-17,-0.707106781186548));
#3129=DIRECTION('center_axis',(0.,0.,-1.));
#3130=DIRECTION('ref_axis',(-0.499999999999999,0.866025403784439,0.));
#3131=DIRECTION('',(0.428583650351054,-0.742328657701363,-0.515038074910058));
#3132=DIRECTION('center_axis',(0.,0.,-1.));
#3133=DIRECTION('ref_axis',(0.500000000000001,0.866025403784438,0.));
#3134=DIRECTION('',(-0.428583650351056,-0.742328657701362,-0.515038074910058));
#3135=DIRECTION('center_axis',(0.,0.,-1.));
#3136=DIRECTION('ref_axis',(1.,-1.22464679914735E-16,0.));
#3137=DIRECTION('',(-0.85716730070211,2.09945438227723E-16,-0.515038074910058));
#3138=DIRECTION('center_axis',(0.,0.,-1.));
#3139=DIRECTION('ref_axis',(0.5,-0.866025403784439,0.));
#3140=DIRECTION('',(-0.428583650351055,0.742328657701362,-0.515038074910058));
#3141=DIRECTION('center_axis',(0.,0.,-1.));
#3142=DIRECTION('ref_axis',(-0.5,-0.866025403784439,0.));
#3143=DIRECTION('',(0.428583650351055,0.742328657701362,-0.515038074910058));
#3144=DIRECTION('center_axis',(0.,0.,-1.));
#3145=DIRECTION('ref_axis',(-1.,0.,0.));
#3146=DIRECTION('',(0.85716730070211,-1.04972719113862E-16,-0.515038074910058));
#3147=DIRECTION('center_axis',(0.,0.,1.));
#3148=DIRECTION('ref_axis',(-0.5,-0.866025403784439,0.));
#3149=DIRECTION('center_axis',(0.,0.,-1.));
#3150=DIRECTION('ref_axis',(-0.5,-0.866025403784439,0.));
#3151=DIRECTION('',(0.,0.,-1.));
#3152=DIRECTION('center_axis',(0.,0.,-1.));
#3153=DIRECTION('ref_axis',(-0.5,-0.866025403784439,0.));
#3154=DIRECTION('center_axis',(0.,0.,1.));
#3155=DIRECTION('ref_axis',(-0.5,-0.866025403784438,0.));
#3156=DIRECTION('',(0.,0.,1.));
#3157=DIRECTION('center_axis',(0.,0.,1.));
#3158=DIRECTION('ref_axis',(-0.5,-0.866025403784438,0.));
#3159=DIRECTION('center_axis',(0.,0.,-1.));
#3160=DIRECTION('ref_axis',(-1.,0.,0.));
#3161=DIRECTION('center_axis',(0.5,0.866025403784438,0.));
#3162=DIRECTION('ref_axis',(-0.866025403784438,0.5,0.));
#3163=DIRECTION('',(-0.866025403784438,0.5,0.));
#3164=DIRECTION('',(0.,0.,1.));
#3165=DIRECTION('',(-0.866025403784438,0.5,0.));
#3166=DIRECTION('',(0.,0.,1.));
#3167=DIRECTION('center_axis',(0.866025403784439,-0.5,0.));
#3168=DIRECTION('ref_axis',(0.5,0.866025403784439,0.));
#3169=DIRECTION('',(0.5,0.866025403784439,0.));
#3170=DIRECTION('',(0.,0.,1.));
#3171=DIRECTION('',(0.5,0.866025403784439,0.));
#3172=DIRECTION('center_axis',(0.5,0.866025403784438,0.));
#3173=DIRECTION('ref_axis',(-0.866025403784438,0.5,0.));
#3174=DIRECTION('',(-0.866025403784438,0.5,0.));
#3175=DIRECTION('',(0.,0.,1.));
#3176=DIRECTION('',(-0.866025403784438,0.5,0.));
#3177=DIRECTION('center_axis',(0.866025403784436,-0.500000000000004,0.));
#3178=DIRECTION('ref_axis',(0.500000000000004,0.866025403784436,0.));
#3179=DIRECTION('',(0.500000000000004,0.866025403784436,0.));
#3180=DIRECTION('',(0.,0.,1.));
#3181=DIRECTION('',(0.500000000000004,0.866025403784436,0.));
#3182=DIRECTION('center_axis',(-0.500000000000001,-0.866025403784438,0.));
#3183=DIRECTION('ref_axis',(0.866025403784438,-0.500000000000001,0.));
#3184=DIRECTION('',(0.866025403784438,-0.500000000000001,0.));
#3185=DIRECTION('',(0.,0.,1.));
#3186=DIRECTION('',(0.866025403784438,-0.500000000000001,0.));
#3187=DIRECTION('center_axis',(0.866025403784439,-0.5,0.));
#3188=DIRECTION('ref_axis',(0.5,0.866025403784439,0.));
#3189=DIRECTION('',(0.5,0.866025403784439,0.));
#3190=DIRECTION('',(0.,0.,1.));
#3191=DIRECTION('',(0.5,0.866025403784439,0.));
#3192=DIRECTION('center_axis',(-0.5,-0.866025403784438,0.));
#3193=DIRECTION('ref_axis',(0.866025403784438,-0.5,0.));
#3194=DIRECTION('',(0.866025403784438,-0.5,0.));
#3195=DIRECTION('',(0.,0.,1.));
#3196=DIRECTION('',(0.866025403784438,-0.5,0.));
#3197=DIRECTION('center_axis',(-0.866025403784439,0.5,0.));
#3198=DIRECTION('ref_axis',(-0.5,-0.866025403784439,0.));
#3199=DIRECTION('',(-0.5,-0.866025403784439,0.));
#3200=DIRECTION('',(0.,0.,1.));
#3201=DIRECTION('',(-0.5,-0.866025403784439,0.));
#3202=DIRECTION('center_axis',(-0.500000000000001,-0.866025403784438,0.));
#3203=DIRECTION('ref_axis',(0.866025403784438,-0.500000000000001,0.));
#3204=DIRECTION('',(0.866025403784438,-0.500000000000001,0.));
#3205=DIRECTION('',(0.,0.,1.));
#3206=DIRECTION('',(0.866025403784438,-0.500000000000001,0.));
#3207=DIRECTION('center_axis',(-0.866025403784438,0.5,0.));
#3208=DIRECTION('ref_axis',(-0.5,-0.866025403784438,0.));
#3209=DIRECTION('',(-0.5,-0.866025403784438,0.));
#3210=DIRECTION('',(0.,0.,1.));
#3211=DIRECTION('',(-0.5,-0.866025403784438,0.));
#3212=DIRECTION('center_axis',(0.5,0.866025403784438,0.));
#3213=DIRECTION('ref_axis',(-0.866025403784438,0.5,0.));
#3214=DIRECTION('',(-0.866025403784438,0.5,0.));
#3215=DIRECTION('',(0.,0.,1.));
#3216=DIRECTION('',(-0.866025403784438,0.5,0.));
#3217=DIRECTION('center_axis',(-0.866025403784439,0.5,0.));
#3218=DIRECTION('ref_axis',(-0.5,-0.866025403784439,0.));
#3219=DIRECTION('',(-0.5,-0.866025403784439,0.));
#3220=DIRECTION('',(-0.5,-0.866025403784439,0.));
#3221=DIRECTION('center_axis',(0.,0.,1.));
#3222=DIRECTION('ref_axis',(1.,0.,0.));
#3223=DIRECTION('center_axis',(0.,0.,1.));
#3224=DIRECTION('ref_axis',(-0.5,0.866025403784439,0.));
#3225=DIRECTION('center_axis',(0.,0.,-1.));
#3226=DIRECTION('ref_axis',(-0.5,0.866025403784439,0.));
#3227=DIRECTION('',(0.,0.,-1.));
#3228=DIRECTION('center_axis',(0.,0.,-1.));
#3229=DIRECTION('ref_axis',(-0.5,0.866025403784439,0.));
#3230=DIRECTION('center_axis',(0.,0.,1.));
#3231=DIRECTION('ref_axis',(-0.5,0.866025403784439,0.));
#3232=DIRECTION('',(0.,0.,1.));
#3233=DIRECTION('center_axis',(0.,0.,1.));
#3234=DIRECTION('ref_axis',(-0.5,0.866025403784439,0.));
#3235=DIRECTION('center_axis',(0.,0.,-1.));
#3236=DIRECTION('ref_axis',(-1.,0.,0.));
#3237=DIRECTION('center_axis',(0.5,-0.866025403784439,0.));
#3238=DIRECTION('ref_axis',(0.866025403784439,0.5,0.));
#3239=DIRECTION('',(0.866025403784439,0.5,0.));
#3240=DIRECTION('',(0.,0.,1.));
#3241=DIRECTION('',(0.866025403784439,0.5,0.));
#3242=DIRECTION('',(0.,0.,1.));
#3243=DIRECTION('center_axis',(-0.866025403784438,-0.5,0.));
#3244=DIRECTION('ref_axis',(0.5,-0.866025403784438,0.));
#3245=DIRECTION('',(0.5,-0.866025403784438,0.));
#3246=DIRECTION('',(0.,0.,1.));
#3247=DIRECTION('',(0.5,-0.866025403784438,0.));
#3248=DIRECTION('center_axis',(0.5,-0.866025403784439,0.));
#3249=DIRECTION('ref_axis',(0.866025403784439,0.5,0.));
#3250=DIRECTION('',(0.866025403784439,0.5,0.));
#3251=DIRECTION('',(0.,0.,1.));
#3252=DIRECTION('',(0.866025403784439,0.5,0.));
#3253=DIRECTION('center_axis',(-0.866025403784441,-0.499999999999996,0.));
#3254=DIRECTION('ref_axis',(0.499999999999996,-0.866025403784441,0.));
#3255=DIRECTION('',(0.499999999999996,-0.866025403784441,0.));
#3256=DIRECTION('',(0.,0.,1.));
#3257=DIRECTION('',(0.499999999999996,-0.866025403784441,0.));
#3258=DIRECTION('center_axis',(-0.5,0.866025403784439,0.));
#3259=DIRECTION('ref_axis',(-0.866025403784439,-0.5,0.));
#3260=DIRECTION('',(-0.866025403784439,-0.5,0.));
#3261=DIRECTION('',(0.,0.,1.));
#3262=DIRECTION('',(-0.866025403784439,-0.5,0.));
#3263=DIRECTION('center_axis',(-0.866025403784438,-0.5,0.));
#3264=DIRECTION('ref_axis',(0.5,-0.866025403784438,0.));
#3265=DIRECTION('',(0.5,-0.866025403784438,0.));
#3266=DIRECTION('',(0.,0.,1.));
#3267=DIRECTION('',(0.5,-0.866025403784438,0.));
#3268=DIRECTION('center_axis',(-0.5,0.866025403784439,0.));
#3269=DIRECTION('ref_axis',(-0.866025403784439,-0.5,0.));
#3270=DIRECTION('',(-0.866025403784439,-0.5,0.));
#3271=DIRECTION('',(0.,0.,1.));
#3272=DIRECTION('',(-0.866025403784439,-0.5,0.));
#3273=DIRECTION('center_axis',(0.866025403784438,0.5,0.));
#3274=DIRECTION('ref_axis',(-0.5,0.866025403784438,0.));
#3275=DIRECTION('',(-0.5,0.866025403784438,0.));
#3276=DIRECTION('',(0.,0.,1.));
#3277=DIRECTION('',(-0.5,0.866025403784438,0.));
#3278=DIRECTION('center_axis',(-0.5,0.866025403784439,0.));
#3279=DIRECTION('ref_axis',(-0.866025403784439,-0.5,0.));
#3280=DIRECTION('',(-0.866025403784439,-0.5,0.));
#3281=DIRECTION('',(0.,0.,1.));
#3282=DIRECTION('',(-0.866025403784439,-0.5,0.));
#3283=DIRECTION('center_axis',(0.866025403784439,0.5,0.));
#3284=DIRECTION('ref_axis',(-0.5,0.866025403784439,0.));
#3285=DIRECTION('',(-0.5,0.866025403784439,0.));
#3286=DIRECTION('',(0.,0.,1.));
#3287=DIRECTION('',(-0.5,0.866025403784439,0.));
#3288=DIRECTION('center_axis',(0.5,-0.866025403784439,0.));
#3289=DIRECTION('ref_axis',(0.866025403784439,0.5,0.));
#3290=DIRECTION('',(0.866025403784439,0.5,0.));
#3291=DIRECTION('',(0.,0.,1.));
#3292=DIRECTION('',(0.866025403784439,0.5,0.));
#3293=DIRECTION('center_axis',(0.866025403784438,0.5,0.));
#3294=DIRECTION('ref_axis',(-0.5,0.866025403784438,0.));
#3295=DIRECTION('',(-0.5,0.866025403784438,0.));
#3296=DIRECTION('',(-0.5,0.866025403784438,0.));
#3297=DIRECTION('center_axis',(0.,0.,1.));
#3298=DIRECTION('ref_axis',(1.,0.,0.));
#3299=DIRECTION('center_axis',(0.,0.,1.));
#3300=DIRECTION('ref_axis',(1.,0.,0.));
#3301=DIRECTION('center_axis',(0.,0.,1.));
#3302=DIRECTION('ref_axis',(1.,0.,0.));
#3303=DIRECTION('center_axis',(0.,0.,-1.));
#3304=DIRECTION('ref_axis',(1.,0.,0.));
#3305=DIRECTION('',(0.,0.,-1.));
#3306=DIRECTION('center_axis',(0.,0.,-1.));
#3307=DIRECTION('ref_axis',(1.,0.,0.));
#3308=DIRECTION('center_axis',(0.,0.,1.));
#3309=DIRECTION('ref_axis',(1.,0.,0.));
#3310=DIRECTION('',(0.,0.,1.));
#3311=DIRECTION('center_axis',(0.,0.,1.));
#3312=DIRECTION('ref_axis',(1.,0.,0.));
#3313=DIRECTION('center_axis',(0.,0.,-1.));
#3314=DIRECTION('ref_axis',(-1.,0.,0.));
#3315=DIRECTION('center_axis',(-1.,0.,0.));
#3316=DIRECTION('ref_axis',(0.,-1.,0.));
#3317=DIRECTION('',(0.,-1.,0.));
#3318=DIRECTION('',(0.,0.,1.));
#3319=DIRECTION('',(0.,-1.,0.));
#3320=DIRECTION('',(0.,0.,1.));
#3321=DIRECTION('center_axis',(-7.40148683083438E-16,1.,0.));
#3322=DIRECTION('ref_axis',(-1.,-7.40148683083438E-16,0.));
#3323=DIRECTION('',(-1.,-7.40148683083438E-16,0.));
#3324=DIRECTION('',(0.,0.,1.));
#3325=DIRECTION('',(-1.,-7.40148683083438E-16,0.));
#3326=DIRECTION('center_axis',(-1.,0.,0.));
#3327=DIRECTION('ref_axis',(0.,-1.,0.));
#3328=DIRECTION('',(0.,-1.,0.));
#3329=DIRECTION('',(0.,0.,1.));
#3330=DIRECTION('',(0.,-1.,0.));
#3331=DIRECTION('center_axis',(4.44089209850064E-15,1.,0.));
#3332=DIRECTION('ref_axis',(-1.,4.44089209850064E-15,0.));
#3333=DIRECTION('',(-1.,4.44089209850064E-15,0.));
#3334=DIRECTION('',(0.,0.,1.));
#3335=DIRECTION('',(-1.,4.44089209850064E-15,0.));
#3336=DIRECTION('center_axis',(1.,-2.08166817117217E-16,0.));
#3337=DIRECTION('ref_axis',(2.08166817117217E-16,1.,0.));
#3338=DIRECTION('',(2.08166817117217E-16,1.,0.));
#3339=DIRECTION('',(0.,0.,1.));
#3340=DIRECTION('',(2.08166817117217E-16,1.,0.));
#3341=DIRECTION('center_axis',(-7.40148683083438E-16,1.,0.));
#3342=DIRECTION('ref_axis',(-1.,-7.40148683083438E-16,0.));
#3343=DIRECTION('',(-1.,-7.40148683083438E-16,0.));
#3344=DIRECTION('',(0.,0.,1.));
#3345=DIRECTION('',(-1.,-7.40148683083438E-16,0.));
#3346=DIRECTION('center_axis',(1.,0.,0.));
#3347=DIRECTION('ref_axis',(0.,1.,0.));
#3348=DIRECTION('',(0.,1.,0.));
#3349=DIRECTION('',(0.,0.,1.));
#3350=DIRECTION('',(0.,1.,0.));
#3351=DIRECTION('center_axis',(7.40148683083438E-16,-1.,0.));
#3352=DIRECTION('ref_axis',(1.,7.40148683083438E-16,0.));
#3353=DIRECTION('',(1.,7.40148683083438E-16,0.));
#3354=DIRECTION('',(0.,0.,1.));
#3355=DIRECTION('',(1.,7.40148683083438E-16,0.));
#3356=DIRECTION('center_axis',(1.,-2.08166817117217E-16,0.));
#3357=DIRECTION('ref_axis',(2.08166817117217E-16,1.,0.));
#3358=DIRECTION('',(2.08166817117217E-16,1.,0.));
#3359=DIRECTION('',(0.,0.,1.));
#3360=DIRECTION('',(2.08166817117217E-16,1.,0.));
#3361=DIRECTION('center_axis',(0.,-1.,0.));
#3362=DIRECTION('ref_axis',(1.,0.,0.));
#3363=DIRECTION('',(1.,0.,0.));
#3364=DIRECTION('',(0.,0.,1.));
#3365=DIRECTION('',(1.,0.,0.));
#3366=DIRECTION('center_axis',(-1.,0.,0.));
#3367=DIRECTION('ref_axis',(0.,-1.,0.));
#3368=DIRECTION('',(0.,-1.,0.));
#3369=DIRECTION('',(0.,0.,1.));
#3370=DIRECTION('',(0.,-1.,0.));
#3371=DIRECTION('center_axis',(7.40148683083438E-16,-1.,0.));
#3372=DIRECTION('ref_axis',(1.,7.40148683083438E-16,0.));
#3373=DIRECTION('',(1.,7.40148683083438E-16,0.));
#3374=DIRECTION('',(1.,7.40148683083438E-16,0.));
#3375=DIRECTION('center_axis',(0.,0.,1.));
#3376=DIRECTION('ref_axis',(1.,0.,0.));
#3377=DIRECTION('center_axis',(0.,0.,1.));
#3378=DIRECTION('ref_axis',(1.,0.,0.));
#3379=DIRECTION('center_axis',(0.,0.,-1.));
#3380=DIRECTION('ref_axis',(-1.,0.,0.));
#3381=DIRECTION('center_axis',(0.,0.,1.));
#3382=DIRECTION('ref_axis',(1.,0.,0.));
#3383=DIRECTION('center_axis',(0.,0.,-1.));
#3384=DIRECTION('ref_axis',(1.,0.,0.));
#3385=DIRECTION('',(0.,0.,1.));
#3386=DIRECTION('center_axis',(0.,0.,1.));
#3387=DIRECTION('ref_axis',(1.,0.,0.));
#3388=DIRECTION('',(-2.24090330517593E-16,1.,-1.17961196366423E-15));
#3389=DIRECTION('',(-1.,3.58332468652704E-16,1.2484548627545E-16));
#3390=DIRECTION('',(-2.47310166190186E-16,-1.,1.2490009027033E-15));
#3391=DIRECTION('',(1.,-2.47310166190187E-16,-2.3808063607147E-18));
#3392=DIRECTION('',(-2.47310166190186E-16,-1.,1.2490009027033E-15));
#3393=DIRECTION('',(1.,-2.47310166190187E-16,-2.3808063607147E-18));
#3394=DIRECTION('',(-4.59958119255561E-16,1.,-4.9960036108132E-16));
#3395=DIRECTION('',(-1.,1.22464679914736E-16,1.2484548627545E-16));
#3396=DIRECTION('',(-4.59958119255561E-16,1.,-4.9960036108132E-16));
#3397=DIRECTION('',(-1.,1.22464679914736E-16,1.2484548627545E-16));
#3398=CARTESIAN_POINT('',(0.,0.,0.));
#3399=CARTESIAN_POINT('',(0.,0.,0.));
#3400=CARTESIAN_POINT('Origin',(-15.0000002235174,28.0000004172325,5.));
#3401=CARTESIAN_POINT('',(-12.5000002235174,28.0000004172325,5.));
#3402=CARTESIAN_POINT('Origin',(-15.0000002235174,28.0000004172325,5.));
#3403=CARTESIAN_POINT('',(-12.5000002235174,28.0000004172325,0.));
#3404=CARTESIAN_POINT('',(-12.5000002235174,28.0000004172325,5.));
#3405=CARTESIAN_POINT('Origin',(-15.0000002235174,28.0000004172325,0.));
#3406=CARTESIAN_POINT('Origin',(-75.,30.,5.));
#3407=CARTESIAN_POINT('',(-72.5,30.,5.));
#3408=CARTESIAN_POINT('Origin',(-75.,30.,5.));
#3409=CARTESIAN_POINT('',(-72.5,30.,0.));
#3410=CARTESIAN_POINT('',(-72.5,30.,5.));
#3411=CARTESIAN_POINT('Origin',(-75.,30.,0.));
#3412=CARTESIAN_POINT('Origin',(52.4994851189041,-43.1093902705528,5.));
#3413=CARTESIAN_POINT('',(56.9994851189041,-43.1093902705528,5.));
#3414=CARTESIAN_POINT('Origin',(52.4994851189041,-43.1093902705528,5.));
#3415=CARTESIAN_POINT('',(56.9994851189041,-43.1093902705528,0.));
#3416=CARTESIAN_POINT('',(56.9994851189041,-43.1093902705528,5.));
#3417=CARTESIAN_POINT('Origin',(52.4994851189041,-43.1093902705528,0.));
#3418=CARTESIAN_POINT('Origin',(-31.9528368305954,8.99999999999994,0.));
#3419=CARTESIAN_POINT('',(-20.2559525387095,19.9170920057602,0.));
#3420=CARTESIAN_POINT('',(-31.9528368305954,25.,0.));
#3421=CARTESIAN_POINT('Origin',(-31.9528368305954,8.99999999999994,0.));
#3422=CARTESIAN_POINT('',(-20.2559525387095,19.9170920057602,5.));
#3423=CARTESIAN_POINT('',(-20.2559525387095,19.9170920057602,0.));
#3424=CARTESIAN_POINT('',(-31.9528368305954,25.,5.));
#3425=CARTESIAN_POINT('Origin',(-31.9528368305954,8.99999999999994,5.));
#3426=CARTESIAN_POINT('',(-31.9528368305954,25.,0.));
#3427=CARTESIAN_POINT('Origin',(-75.,25.,0.));
#3428=CARTESIAN_POINT('',(-75.,25.,0.));
#3429=CARTESIAN_POINT('',(-75.,25.,0.));
#3430=CARTESIAN_POINT('',(-75.,25.,5.));
#3431=CARTESIAN_POINT('',(-75.,25.,5.));
#3432=CARTESIAN_POINT('',(-75.,25.,0.));
#3433=CARTESIAN_POINT('Origin',(-75.,30.,0.));
#3434=CARTESIAN_POINT('',(-75.,35.,0.));
#3435=CARTESIAN_POINT('Origin',(-75.,30.,0.));
#3436=CARTESIAN_POINT('',(-75.,35.,5.));
#3437=CARTESIAN_POINT('Origin',(-75.,30.,5.));
#3438=CARTESIAN_POINT('',(-75.,35.,0.));
#3439=CARTESIAN_POINT('Origin',(-16.7428922790445,35.,0.));
#3440=CARTESIAN_POINT('',(-16.7428922790445,35.,0.));
#3441=CARTESIAN_POINT('',(-16.7428922790445,35.,0.));
#3442=CARTESIAN_POINT('',(-16.7428922790445,35.,5.));
#3443=CARTESIAN_POINT('',(-16.7428922790445,35.,5.));
#3444=CARTESIAN_POINT('',(-16.7428922790445,35.,0.));
#3445=CARTESIAN_POINT('Origin',(-16.7428922790445,19.,0.));
#3446=CARTESIAN_POINT('',(-5.29100709709087,30.1738232391313,0.));
#3447=CARTESIAN_POINT('Origin',(-16.7428922790445,19.,0.));
#3448=CARTESIAN_POINT('',(-5.29100709709087,30.1738232391313,5.));
#3449=CARTESIAN_POINT('Origin',(-16.7428922790445,19.,5.));
#3450=CARTESIAN_POINT('',(-5.29100709709087,30.1738232391313,0.));
#3451=CARTESIAN_POINT('Origin',(59.3113354843478,-36.0361564513459,0.));
#3452=CARTESIAN_POINT('',(59.3113354843479,-36.0361564513458,0.));
#3453=CARTESIAN_POINT('',(59.6211053648574,-36.3536349927998,0.));
#3454=CARTESIAN_POINT('',(59.3113354843479,-36.0361564513458,5.));
#3455=CARTESIAN_POINT('',(59.6211053648574,-36.3536349927998,5.));
#3456=CARTESIAN_POINT('',(59.3113354843479,-36.0361564513458,0.));
#3457=CARTESIAN_POINT('Origin',(52.3105526824287,-43.1768174963999,0.));
#3458=CARTESIAN_POINT('',(45.,-50.,0.));
#3459=CARTESIAN_POINT('Origin',(52.3105526824287,-43.1768174963999,0.));
#3460=CARTESIAN_POINT('',(45.,-50.,5.));
#3461=CARTESIAN_POINT('Origin',(52.3105526824287,-43.1768174963999,5.));
#3462=CARTESIAN_POINT('',(45.,-50.,0.));
#3463=CARTESIAN_POINT('Origin',(-20.2559525387095,19.9170920057602,0.));
#3464=CARTESIAN_POINT('',(-20.2559525387095,19.9170920057602,0.));
#3465=CARTESIAN_POINT('',(-20.2559525387095,19.9170920057602,5.));
#3466=CARTESIAN_POINT('Origin',(-8.84472365878565,-9.08840874819995,5.));
#3467=CARTESIAN_POINT('Origin',(-8.84472365878565,-9.08840874819995,0.));
#3468=CARTESIAN_POINT('',(0.,0.,0.));
#3469=CARTESIAN_POINT('Origin',(-185.000002756715,26.0000003874302,5.));
#3470=CARTESIAN_POINT('',(-182.500002756715,26.0000003874302,5.));
#3471=CARTESIAN_POINT('Origin',(-185.000002756715,26.0000003874302,5.));
#3472=CARTESIAN_POINT('',(-182.500002756715,26.0000003874302,0.));
#3473=CARTESIAN_POINT('',(-182.500002756715,26.0000003874302,5.));
#3474=CARTESIAN_POINT('Origin',(-185.000002756715,26.0000003874302,0.));
#3475=CARTESIAN_POINT('Origin',(-127.000001892447,-35.0000005215406,5.));
#3476=CARTESIAN_POINT('',(-122.500001892447,-35.0000005215406,5.));
#3477=CARTESIAN_POINT('Origin',(-127.000001892447,-35.0000005215406,5.));
#3478=CARTESIAN_POINT('',(-122.500001892447,-35.0000005215406,0.));
#3479=CARTESIAN_POINT('',(-122.500001892447,-35.0000005215406,5.));
#3480=CARTESIAN_POINT('Origin',(-127.000001892447,-35.0000005215406,0.));
#3481=CARTESIAN_POINT('Origin',(-242.000003606081,-36.0000005364418,5.));
#3482=CARTESIAN_POINT('',(-237.500003606081,-36.0000005364418,5.));
#3483=CARTESIAN_POINT('Origin',(-242.000003606081,-36.0000005364418,5.));
#3484=CARTESIAN_POINT('',(-237.500003606081,-36.0000005364418,0.));
#3485=CARTESIAN_POINT('',(-237.500003606081,-36.0000005364418,5.));
#3486=CARTESIAN_POINT('Origin',(-242.000003606081,-36.0000005364418,0.));
#3487=CARTESIAN_POINT('Origin',(-180.792089612091,12.6163452803763,0.));
#3488=CARTESIAN_POINT('',(-180.792089612091,12.6163452803763,0.));
#3489=CARTESIAN_POINT('',(-135.336907907224,-41.5488799773158,0.));
#3490=CARTESIAN_POINT('',(-180.792089612091,12.6163452803763,0.));
#3491=CARTESIAN_POINT('',(-135.336907907224,-41.5488799773158,5.));
#3492=CARTESIAN_POINT('',(-135.336907907224,-41.5488799773158,0.));
#3493=CARTESIAN_POINT('',(-180.792089612091,12.6163452803763,5.));
#3494=CARTESIAN_POINT('',(-180.792089612091,12.6163452803763,5.));
#3495=CARTESIAN_POINT('',(-180.792089612091,12.6163452803763,0.));
#3496=CARTESIAN_POINT('Origin',(-184.622132119851,9.40219307664512,0.));
#3497=CARTESIAN_POINT('',(-188.463238517838,12.6031150749675,0.));
#3498=CARTESIAN_POINT('Origin',(-184.622132119851,9.40219307664512,0.));
#3499=CARTESIAN_POINT('',(-188.463238517838,12.6031150749675,5.));
#3500=CARTESIAN_POINT('Origin',(-184.622132119851,9.40219307664512,5.));
#3501=CARTESIAN_POINT('',(-188.463238517838,12.6031150749675,0.));
#3502=CARTESIAN_POINT('Origin',(-233.589901061408,-41.5488799773158,0.));
#3503=CARTESIAN_POINT('',(-233.589901061408,-41.5488799773158,0.));
#3504=CARTESIAN_POINT('',(-188.463238517838,12.6031150749675,0.));
#3505=CARTESIAN_POINT('',(-233.589901061408,-41.5488799773158,5.));
#3506=CARTESIAN_POINT('',(-188.463238517838,12.6031150749675,5.));
#3507=CARTESIAN_POINT('',(-233.589901061408,-41.5488799773158,0.));
#3508=CARTESIAN_POINT('Origin',(-241.794950530704,-35.7744399886579,0.));
#3509=CARTESIAN_POINT('',(-248.954326653354,-28.7451919840252,0.));
#3510=CARTESIAN_POINT('Origin',(-241.794950530704,-35.7744399886579,0.));
#3511=CARTESIAN_POINT('',(-248.954326653354,-28.7451919840252,5.));
#3512=CARTESIAN_POINT('Origin',(-241.794950530704,-35.7744399886579,5.));
#3513=CARTESIAN_POINT('',(-248.954326653354,-28.7451919840252,0.));
#3514=CARTESIAN_POINT('Origin',(-200.,30.,0.));
#3515=CARTESIAN_POINT('',(-200.,30.,0.));
#3516=CARTESIAN_POINT('',(-250.,-30.,0.));
#3517=CARTESIAN_POINT('',(-200.,30.,5.));
#3518=CARTESIAN_POINT('',(-250.,-30.,5.));
#3519=CARTESIAN_POINT('',(-200.,30.,0.));
#3520=CARTESIAN_POINT('Origin',(-196.233807705751,34.035207008801,0.));
#3521=CARTESIAN_POINT('',(-196.233807705751,34.035207008801,0.));
#3522=CARTESIAN_POINT('',(-200.,30.,0.));
#3523=CARTESIAN_POINT('',(-196.233807705751,34.035207008801,5.));
#3524=CARTESIAN_POINT('',(-200.,30.,5.));
#3525=CARTESIAN_POINT('',(-196.233807705751,34.035207008801,0.));
#3526=CARTESIAN_POINT('Origin',(-184.902449767771,23.4592754998797,0.));
#3527=CARTESIAN_POINT('',(-174.704724154623,35.1321668434556,0.));
#3528=CARTESIAN_POINT('Origin',(-184.902449767771,23.4592754998797,0.));
#3529=CARTESIAN_POINT('',(-174.704724154623,35.1321668434556,5.));
#3530=CARTESIAN_POINT('Origin',(-184.902449767771,23.4592754998797,5.));
#3531=CARTESIAN_POINT('',(-174.704724154623,35.1321668434556,0.));
#3532=CARTESIAN_POINT('Origin',(-170.482105177114,31.4431828176418,0.));
#3533=CARTESIAN_POINT('',(-170.482105177114,31.4431828176418,0.));
#3534=CARTESIAN_POINT('',(-174.704724154623,35.1321668434556,0.));
#3535=CARTESIAN_POINT('',(-170.482105177114,31.4431828176418,5.));
#3536=CARTESIAN_POINT('',(-174.704724154623,35.1321668434556,5.));
#3537=CARTESIAN_POINT('',(-170.482105177114,31.4431828176418,0.));
#3538=CARTESIAN_POINT('Origin',(-120.016737876183,-28.6922711623912,0.));
#3539=CARTESIAN_POINT('',(-120.016737876183,-28.6922711623912,0.));
#3540=CARTESIAN_POINT('',(-120.016737876183,-28.6922711623912,0.));
#3541=CARTESIAN_POINT('',(-120.016737876183,-28.6922711623912,5.));
#3542=CARTESIAN_POINT('',(-120.016737876183,-28.6922711623912,5.));
#3543=CARTESIAN_POINT('',(-120.016737876183,-28.6922711623912,0.));
#3544=CARTESIAN_POINT('Origin',(-127.676822891704,-35.1205755698535,0.));
#3545=CARTESIAN_POINT('Origin',(-127.676822891704,-35.1205755698535,0.));
#3546=CARTESIAN_POINT('Origin',(-127.676822891704,-35.1205755698535,5.));
#3547=CARTESIAN_POINT('Origin',(-184.752533847893,-3.42422938107839,5.));
#3548=CARTESIAN_POINT('Origin',(-184.752533847893,-3.42422938107839,0.));
#3549=CARTESIAN_POINT('',(0.,0.,0.));
#3550=CARTESIAN_POINT('Origin',(0.,0.,56.));
#3551=CARTESIAN_POINT('',(-14.5,1.77573785876366E-15,57.));
#3552=CARTESIAN_POINT('Origin',(0.,0.,57.));
#3553=CARTESIAN_POINT('',(-15.5,-1.8982025386784E-15,56.));
#3554=CARTESIAN_POINT('Origin',(-14.5,-1.77573785876366E-15,56.));
#3555=CARTESIAN_POINT('Origin',(0.,0.,56.));
#3556=CARTESIAN_POINT('Origin',(0.,0.,57.));
#3557=CARTESIAN_POINT('',(-6.,-7.34788079488412E-16,57.));
#3558=CARTESIAN_POINT('Origin',(0.,0.,57.));
#3559=CARTESIAN_POINT('Origin',(0.,0.,0.));
#3560=CARTESIAN_POINT('',(-15.5,-1.8982025386784E-15,55.));
#3561=CARTESIAN_POINT('',(-15.5,-1.8982025386784E-15,0.));
#3562=CARTESIAN_POINT('Origin',(0.,0.,55.));
#3563=CARTESIAN_POINT('Ctrl Pts',(-1.5,2.13370987545147E-15,59.2));
#3564=CARTESIAN_POINT('Ctrl Pts',(-1.5,-1.49999999999999,59.2));
#3565=CARTESIAN_POINT('Ctrl Pts',(-6.10622663543833E-15,-1.49999999999999,
59.2));
#3566=CARTESIAN_POINT('Ctrl Pts',(1.49999999999999,-1.49999999999999,59.2));
#3567=CARTESIAN_POINT('Ctrl Pts',(1.49999999999999,2.13370987545145E-15,
59.2));
#3568=CARTESIAN_POINT('Ctrl Pts',(1.49999999999999,1.5,59.2));
#3569=CARTESIAN_POINT('Ctrl Pts',(-6.10622663543841E-15,1.5,59.2));
#3570=CARTESIAN_POINT('Ctrl Pts',(-1.5,1.5,59.2));
#3571=CARTESIAN_POINT('Ctrl Pts',(-1.5,2.13370987545147E-15,59.2));
#3572=CARTESIAN_POINT('Ctrl Pts',(-1.5,7.21375095979203E-15,60.));
#3573=CARTESIAN_POINT('Ctrl Pts',(-1.5,-1.49999999999999,60.));
#3574=CARTESIAN_POINT('Ctrl Pts',(-2.44523148013963E-15,-1.49999999999999,
60.));
#3575=CARTESIAN_POINT('Ctrl Pts',(1.5,-1.49999999999999,60.));
#3576=CARTESIAN_POINT('Ctrl Pts',(1.5,7.21375095979201E-15,60.));
#3577=CARTESIAN_POINT('Ctrl Pts',(1.5,1.50000000000001,60.));
#3578=CARTESIAN_POINT('Ctrl Pts',(-2.44523148013972E-15,1.50000000000001,
60.));
#3579=CARTESIAN_POINT('Ctrl Pts',(-1.5,1.50000000000001,60.));
#3580=CARTESIAN_POINT('Ctrl Pts',(-1.5,7.21375095979203E-15,60.));
#3581=CARTESIAN_POINT('Ctrl Pts',(-0.699999999999995,7.21375095979192E-15,
60.));
#3582=CARTESIAN_POINT('Ctrl Pts',(-0.699999999999995,-0.699999999999985,
60.));
#3583=CARTESIAN_POINT('Ctrl Pts',(-2.4452314801398E-15,-0.699999999999986,
60.));
#3584=CARTESIAN_POINT('Ctrl Pts',(0.69999999999999,-0.699999999999985,60.));
#3585=CARTESIAN_POINT('Ctrl Pts',(0.69999999999999,7.21375095979186E-15,
60.));
#3586=CARTESIAN_POINT('Ctrl Pts',(0.69999999999999,0.7,60.));
#3587=CARTESIAN_POINT('Ctrl Pts',(-2.44523148013974E-15,0.7,60.));
#3588=CARTESIAN_POINT('Ctrl Pts',(-0.699999999999995,0.7,60.));
#3589=CARTESIAN_POINT('Ctrl Pts',(-0.699999999999995,7.21375095979192E-15,
60.));
#3590=CARTESIAN_POINT('',(-1.5,-1.83697019872103E-16,59.2));
#3591=CARTESIAN_POINT('Origin',(0.,0.,59.2));
#3592=CARTESIAN_POINT('',(-0.7,8.57252759403147E-17,60.));
#3593=CARTESIAN_POINT('Origin',(-0.700000000000022,2.04798459951116E-15,
59.2));
#3594=CARTESIAN_POINT('Origin',(0.,0.,60.));
#3595=CARTESIAN_POINT('Origin',(0.,0.,57.));
#3596=CARTESIAN_POINT('',(-1.5,-1.83697019872103E-16,59.));
#3597=CARTESIAN_POINT('',(-1.5,-1.83697019872103E-16,57.));
#3598=CARTESIAN_POINT('Origin',(0.,0.,59.));
#3599=CARTESIAN_POINT('Origin',(0.,0.,60.));
#3600=CARTESIAN_POINT('Origin',(0.,0.,57.));
#3601=CARTESIAN_POINT('',(-6.,-7.34788079488412E-16,59.));
#3602=CARTESIAN_POINT('Origin',(0.,0.,59.));
#3603=CARTESIAN_POINT('',(-6.,-7.34788079488412E-16,57.));
#3604=CARTESIAN_POINT('Origin',(0.,0.,59.));
#3605=CARTESIAN_POINT('Origin',(0.,0.,3.99999999999999));
#3606=CARTESIAN_POINT('',(-15.25,-1.86758636869971E-15,4.49999999999999));
#3607=CARTESIAN_POINT('Origin',(0.,0.,4.49999999999999));
#3608=CARTESIAN_POINT('',(-15.25,-1.86758636869971E-15,3.99999999999999));
#3609=CARTESIAN_POINT('',(-15.25,-1.86758636869971E-15,3.99999999999999));
#3610=CARTESIAN_POINT('Origin',(0.,0.,3.99999999999999));
#3611=CARTESIAN_POINT('Origin',(0.,0.,4.49999999999999));
#3612=CARTESIAN_POINT('',(-15.5,-1.8982025386784E-15,4.49999999999999));
#3613=CARTESIAN_POINT('Origin',(0.,0.,4.49999999999999));
#3614=CARTESIAN_POINT('Origin',(0.,0.,3.99999999999999));
#3615=CARTESIAN_POINT('',(-15.5,-1.8982025386784E-15,3.99999999999999));
#3616=CARTESIAN_POINT('Origin',(0.,0.,3.99999999999999));
#3617=CARTESIAN_POINT('Origin',(0.,0.,0.));
#3618=CARTESIAN_POINT('',(-15.5,-1.8982025386784E-15,0.));
#3619=CARTESIAN_POINT('',(-15.5,-1.8982025386784E-15,0.));
#3620=CARTESIAN_POINT('Origin',(0.,0.,0.));
#3621=CARTESIAN_POINT('Origin',(0.,0.,55.));
#3622=CARTESIAN_POINT('',(-15.25,-1.86758636869971E-15,54.5));
#3623=CARTESIAN_POINT('Origin',(0.,0.,54.5));
#3624=CARTESIAN_POINT('',(-15.25,-1.86758636869971E-15,55.));
#3625=CARTESIAN_POINT('',(-15.25,1.86758636869971E-15,55.));
#3626=CARTESIAN_POINT('Origin',(0.,0.,55.));
#3627=CARTESIAN_POINT('Origin',(0.,0.,55.));
#3628=CARTESIAN_POINT('Origin',(0.,0.,54.5));
#3629=CARTESIAN_POINT('',(-15.5,-1.8982025386784E-15,54.5));
#3630=CARTESIAN_POINT('Origin',(0.,0.,54.5));
#3631=CARTESIAN_POINT('Origin',(0.,0.,0.));
#3632=CARTESIAN_POINT('',(-15.5,-1.8982025386784E-15,0.));
#3633=CARTESIAN_POINT('Origin',(8.34322329798262,-8.625,-25.7));
#3634=CARTESIAN_POINT('',(8.55180388043219,-8.840625,-25.5));
#3635=CARTESIAN_POINT('',(8.69085760206523,-8.984375,-25.7));
#3636=CARTESIAN_POINT('Origin',(8.55180388043219,-8.840625,-25.7));
#3637=CARTESIAN_POINT('',(7.85244545692482,-8.52941176470588,-25.7));
#3638=CARTESIAN_POINT('Origin',(8.34322329798262,-8.625,-25.7));
#3639=CARTESIAN_POINT('',(8.04875659334794,-8.56764705882353,-25.5));
#3640=CARTESIAN_POINT('Origin',(8.04875659334794,-8.56764705882353,-25.7));
#3641=CARTESIAN_POINT('Origin',(8.34322329798262,-8.625,-25.5));
#3642=CARTESIAN_POINT('Origin',(0.,-7.,-25.7));
#3643=CARTESIAN_POINT('',(-7.85244545692482,-8.52941176470588,-25.7));
#3644=CARTESIAN_POINT('',(-8.04875659334794,-8.56764705882353,-25.5));
#3645=CARTESIAN_POINT('Origin',(-8.04875659334794,-8.56764705882353,-25.7));
#3646=CARTESIAN_POINT('Origin',(0.,-7.,-25.5));
#3647=CARTESIAN_POINT('Origin',(0.,-7.,-25.7));
#3648=CARTESIAN_POINT('Origin',(-8.34322329798262,-8.625,-25.7));
#3649=CARTESIAN_POINT('',(-8.69085760206523,-8.984375,-25.7));
#3650=CARTESIAN_POINT('',(-8.55180388043219,-8.840625,-25.5));
#3651=CARTESIAN_POINT('Origin',(-8.55180388043219,-8.840625,-25.7));
#3652=CARTESIAN_POINT('Origin',(-8.34322329798262,-8.625,-25.5));
#3653=CARTESIAN_POINT('Origin',(-8.34322329798262,-8.625,-25.7));
#3654=CARTESIAN_POINT('Origin',(0.,0.,-25.7));
#3655=CARTESIAN_POINT('Origin',(0.,0.,-25.7));
#3656=CARTESIAN_POINT('Origin',(0.,0.,-25.5));
#3657=CARTESIAN_POINT('Origin',(0.,-7.,-26.5));
#3658=CARTESIAN_POINT('',(7.85244545692482,-8.52941176470588,-26.3));
#3659=CARTESIAN_POINT('',(7.85244545692482,-8.52941176470588,-26.5));
#3660=CARTESIAN_POINT('',(-7.85244545692482,-8.52941176470588,-26.3));
#3661=CARTESIAN_POINT('Origin',(0.,-7.,-26.3));
#3662=CARTESIAN_POINT('',(-7.85244545692482,-8.52941176470588,-26.5));
#3663=CARTESIAN_POINT('Origin',(8.34322329798262,-8.625,-26.5));
#3664=CARTESIAN_POINT('',(8.69085760206523,-8.984375,-26.3));
#3665=CARTESIAN_POINT('',(8.69085760206523,-8.984375,-26.5));
#3666=CARTESIAN_POINT('Origin',(8.34322329798262,-8.625,-26.3));
#3667=CARTESIAN_POINT('Origin',(0.,1.20535714285714,-25.5));
#3668=CARTESIAN_POINT('Origin',(8.34322329798262,-8.625,-26.3));
#3669=CARTESIAN_POINT('',(8.82991132369827,-9.128125,-26.5));
#3670=CARTESIAN_POINT('Origin',(8.82991132369827,-9.128125,-26.3));
#3671=CARTESIAN_POINT('',(7.6561343205017,-8.49117647058824,-26.5));
#3672=CARTESIAN_POINT('Origin',(8.34322329798262,-8.625,-26.5));
#3673=CARTESIAN_POINT('Origin',(7.6561343205017,-8.49117647058824,-26.3));
#3674=CARTESIAN_POINT('Origin',(0.,-7.,-26.3));
#3675=CARTESIAN_POINT('',(-7.6561343205017,-8.49117647058824,-26.5));
#3676=CARTESIAN_POINT('Origin',(-7.6561343205017,-8.49117647058824,-26.3));
#3677=CARTESIAN_POINT('Origin',(0.,-7.,-26.5));
#3678=CARTESIAN_POINT('Origin',(-8.34322329798262,-8.625,-26.3));
#3679=CARTESIAN_POINT('',(-8.82991132369827,-9.128125,-26.5));
#3680=CARTESIAN_POINT('',(-8.69085760206523,-8.984375,-26.3));
#3681=CARTESIAN_POINT('Origin',(-8.82991132369827,-9.128125,-26.3));
#3682=CARTESIAN_POINT('Origin',(-8.34322329798262,-8.625,-26.3));
#3683=CARTESIAN_POINT('Origin',(-8.34322329798262,-8.625,-26.5));
#3684=CARTESIAN_POINT('Origin',(0.,0.,-26.3));
#3685=CARTESIAN_POINT('Origin',(0.,0.,-26.5));
#3686=CARTESIAN_POINT('Origin',(0.,0.,-26.3));
#3687=CARTESIAN_POINT('Origin',(0.,0.,-26.5));
#3688=CARTESIAN_POINT('',(-8.69085760206523,-8.984375,-26.5));
#3689=CARTESIAN_POINT('Origin',(0.,0.,-26.5));
#3690=CARTESIAN_POINT('',(-18.1,-2.21661070645671E-15,-26.5));
#3691=CARTESIAN_POINT('Origin',(0.,0.,-26.5));
#3692=CARTESIAN_POINT('',(-6.91775000000001,-11.9818944740596,-26.5));
#3693=CARTESIAN_POINT('Origin',(-7.75000000000001,-13.4233937586588,-26.5));
#3694=CARTESIAN_POINT('',(-13.8355,1.49051761924224E-15,-26.5));
#3695=CARTESIAN_POINT('Origin',(-15.5,1.8982025386784E-15,-26.5));
#3696=CARTESIAN_POINT('',(13.8355,2.03842459718077E-16,-26.5));
#3697=CARTESIAN_POINT('Origin',(15.5,0.,-26.5));
#3698=CARTESIAN_POINT('',(-12.1733937586588,-9.9150635094611,-26.5));
#3699=CARTESIAN_POINT('Origin',(-13.4233937586588,-7.75,-26.5));
#3700=CARTESIAN_POINT('',(-6.,-7.,-26.5));
#3701=CARTESIAN_POINT('Origin',(0.,-7.,-26.5));
#3702=CARTESIAN_POINT('',(-2.5,15.5,-26.5));
#3703=CARTESIAN_POINT('Origin',(0.,15.5,-26.5));
#3704=CARTESIAN_POINT('',(14.6733937586588,-5.58493649053891,-26.5));
#3705=CARTESIAN_POINT('Origin',(13.4233937586588,-7.75000000000001,-26.5));
#3706=CARTESIAN_POINT('',(6.91775,11.9818944740596,-26.5));
#3707=CARTESIAN_POINT('Origin',(7.75,13.4233937586588,-26.5));
#3708=CARTESIAN_POINT('',(6.91774999999999,-11.9818944740596,-26.5));
#3709=CARTESIAN_POINT('Origin',(7.74999999999999,-13.4233937586588,-26.5));
#3710=CARTESIAN_POINT('',(-6.91775,11.9818944740596,-26.5));
#3711=CARTESIAN_POINT('Origin',(-7.75,13.4233937586588,-26.5));
#3712=CARTESIAN_POINT('Origin',(-8.34322329798262,-8.625,-26.5));
#3713=CARTESIAN_POINT('Origin',(-7.75000000000001,-13.4233937586588,-26.3));
#3714=CARTESIAN_POINT('',(-8.38225000000001,-14.5184828817442,-26.1));
#3715=CARTESIAN_POINT('',(-7.11775000000001,-12.3283046355734,-26.1));
#3716=CARTESIAN_POINT('Origin',(-7.75000000000001,-13.4233937586588,-26.1));
#3717=CARTESIAN_POINT('',(-7.01775000000001,-12.1550995548165,-26.3));
#3718=CARTESIAN_POINT('Origin',(-7.75000000000001,-13.4233937586588,-26.1));
#3719=CARTESIAN_POINT('Origin',(-7.75000000000001,-13.4233937586588,-23.5));
#3720=CARTESIAN_POINT('',(-8.38225000000001,-14.5184828817442,-20.5));
#3721=CARTESIAN_POINT('',(-8.38225000000001,-14.5184828817442,-23.5));
#3722=CARTESIAN_POINT('Origin',(-7.75000000000001,-13.4233937586588,-20.5));
#3723=CARTESIAN_POINT('Origin',(-7.75,13.4233937586588,-26.3));
#3724=CARTESIAN_POINT('',(-8.38225,14.5184828817442,-26.1));
#3725=CARTESIAN_POINT('',(-7.11775,12.3283046355734,-26.1));
#3726=CARTESIAN_POINT('Origin',(-7.75,13.4233937586588,-26.1));
#3727=CARTESIAN_POINT('',(-7.01775,12.1550995548165,-26.3));
#3728=CARTESIAN_POINT('Origin',(-7.75,13.4233937586588,-26.1));
#3729=CARTESIAN_POINT('Origin',(-7.75,13.4233937586588,-23.5));
#3730=CARTESIAN_POINT('',(-8.38225,14.5184828817442,-20.5));
#3731=CARTESIAN_POINT('',(-8.38225,14.5184828817442,-23.5));
#3732=CARTESIAN_POINT('Origin',(-7.75,13.4233937586588,-20.5));
#3733=CARTESIAN_POINT('Origin',(-15.5,1.8982025386784E-15,-26.3));
#3734=CARTESIAN_POINT('',(-16.7645,1.8982025386784E-15,-26.1));
#3735=CARTESIAN_POINT('',(-14.2355,1.58848936317403E-15,-26.1));
#3736=CARTESIAN_POINT('Origin',(-15.5,1.8982025386784E-15,-26.1));
#3737=CARTESIAN_POINT('',(-14.0355,1.53950349120814E-15,-26.3));
#3738=CARTESIAN_POINT('Origin',(-15.5,1.8982025386784E-15,-26.1));
#3739=CARTESIAN_POINT('Origin',(-15.5,1.8982025386784E-15,-23.5));
#3740=CARTESIAN_POINT('',(-16.7645,1.8982025386784E-15,-20.5));
#3741=CARTESIAN_POINT('',(-16.7645,1.8982025386784E-15,-23.5));
#3742=CARTESIAN_POINT('Origin',(-15.5,1.8982025386784E-15,-20.5));
#3743=CARTESIAN_POINT('Origin',(7.74999999999999,-13.4233937586588,-26.3));
#3744=CARTESIAN_POINT('',(8.38224999999999,-14.5184828817442,-26.1));
#3745=CARTESIAN_POINT('',(7.11774999999999,-12.3283046355734,-26.1));
#3746=CARTESIAN_POINT('Origin',(7.74999999999999,-13.4233937586588,-26.1));
#3747=CARTESIAN_POINT('',(7.01774999999999,-12.1550995548165,-26.3));
#3748=CARTESIAN_POINT('Origin',(7.74999999999999,-13.4233937586588,-26.1));
#3749=CARTESIAN_POINT('Origin',(7.74999999999999,-13.4233937586588,-23.5));
#3750=CARTESIAN_POINT('',(8.38224999999999,-14.5184828817442,-20.5));
#3751=CARTESIAN_POINT('',(8.38224999999999,-14.5184828817442,-23.5));
#3752=CARTESIAN_POINT('Origin',(7.74999999999999,-13.4233937586588,-20.5));
#3753=CARTESIAN_POINT('Origin',(15.5,0.,-26.3));
#3754=CARTESIAN_POINT('',(16.7645,1.54856587752183E-16,-26.1));
#3755=CARTESIAN_POINT('',(14.2355,1.54856587752183E-16,-26.1));
#3756=CARTESIAN_POINT('Origin',(15.5,0.,-26.1));
#3757=CARTESIAN_POINT('',(14.0355,1.7934952373513E-16,-26.3));
#3758=CARTESIAN_POINT('Origin',(15.5,0.,-26.1));
#3759=CARTESIAN_POINT('Origin',(15.5,0.,-23.5));
#3760=CARTESIAN_POINT('',(16.7645,1.54856587752183E-16,-20.5));
#3761=CARTESIAN_POINT('',(16.7645,1.54856587752183E-16,-23.5));
#3762=CARTESIAN_POINT('Origin',(15.5,0.,-20.5));
#3763=CARTESIAN_POINT('Origin',(7.75,13.4233937586588,-26.3));
#3764=CARTESIAN_POINT('',(8.38225,14.5184828817442,-26.1));
#3765=CARTESIAN_POINT('',(7.11775,12.3283046355734,-26.1));
#3766=CARTESIAN_POINT('Origin',(7.75,13.4233937586588,-26.1));
#3767=CARTESIAN_POINT('',(7.01775,12.1550995548165,-26.3));
#3768=CARTESIAN_POINT('Origin',(7.75,13.4233937586588,-26.1));
#3769=CARTESIAN_POINT('Origin',(7.75,13.4233937586588,-23.5));
#3770=CARTESIAN_POINT('',(8.38225,14.5184828817442,-20.5));
#3771=CARTESIAN_POINT('',(8.38225,14.5184828817442,-23.5));
#3772=CARTESIAN_POINT('Origin',(7.75,13.4233937586588,-20.5));
#3773=CARTESIAN_POINT('Origin',(-0.82915619758885,-4.7,-47.3));
#3774=CARTESIAN_POINT('',(1.53297097167559,-4.9,-47.5));
#3775=CARTESIAN_POINT('',(-1.53297097167559,-4.9,-47.5));
#3776=CARTESIAN_POINT('',(-0.82915619758885,-4.9,-47.5));
#3777=CARTESIAN_POINT('',(-1.6583123951777,-4.5,-47.1));
#3778=CARTESIAN_POINT('Origin',(-1.58529567595416,275.212424485115,232.612424485552));
#3779=CARTESIAN_POINT('',(1.6583123951777,-4.5,-47.1));
#3780=CARTESIAN_POINT('',(-0.82915619758885,-4.5,-47.1));
#3781=CARTESIAN_POINT('Origin',(1.58529565908789,275.212312934692,232.612312935009));
#3782=CARTESIAN_POINT('Origin',(0.,-7.,-47.3));
#3783=CARTESIAN_POINT('',(-3.,-7.,-47.1));
#3784=CARTESIAN_POINT('Origin',(0.,-7.,-47.1));
#3785=CARTESIAN_POINT('Origin',(0.,-7.,-47.1));
#3786=CARTESIAN_POINT('Origin',(0.,-7.,-47.5));
#3787=CARTESIAN_POINT('Origin',(-1.6583123951777,-4.5,-47.5));
#3788=CARTESIAN_POINT('',(-1.6583123951777,-4.5,-33.5));
#3789=CARTESIAN_POINT('',(-1.6583123951777,-4.5,-26.5));
#3790=CARTESIAN_POINT('',(1.6583123951777,-4.5,-33.5));
#3791=CARTESIAN_POINT('',(0.82915619758885,-4.5,-33.5));
#3792=CARTESIAN_POINT('',(1.6583123951777,-4.5,-26.5));
#3793=CARTESIAN_POINT('Origin',(0.,-7.,-47.5));
#3794=CARTESIAN_POINT('Origin',(0.,-7.,-32.3));
#3795=CARTESIAN_POINT('',(-6.,-7.,-32.1));
#3796=CARTESIAN_POINT('Origin',(0.,-7.,-32.1));
#3797=CARTESIAN_POINT('',(-5.6,-7.,-32.5));
#3798=CARTESIAN_POINT('',(-5.8,-7.,-32.3));
#3799=CARTESIAN_POINT('Origin',(0.,-7.,-32.5));
#3800=CARTESIAN_POINT('Origin',(0.,-7.,-26.5));
#3801=CARTESIAN_POINT('',(-6.,-7.,-26.5));
#3802=CARTESIAN_POINT('Origin',(0.,-7.,-32.5));
#3803=CARTESIAN_POINT('',(-3.,-7.,-32.5));
#3804=CARTESIAN_POINT('Origin',(0.,-7.,-32.5));
#3805=CARTESIAN_POINT('Origin',(0.,0.,-0.2));
#3806=CARTESIAN_POINT('',(-18.5,-2.2655965784226E-15,-0.4));
#3807=CARTESIAN_POINT('Origin',(0.,0.,-0.4));
#3808=CARTESIAN_POINT('',(-18.1,2.21661070645671E-15,0.));
#3809=CARTESIAN_POINT('',(-18.3,2.24110364243966E-15,-0.2));
#3810=CARTESIAN_POINT('Origin',(0.,0.,0.));
#3811=CARTESIAN_POINT('Origin',(0.,0.,0.));
#3812=CARTESIAN_POINT('',(-18.5,2.2655965784226E-15,-26.1));
#3813=CARTESIAN_POINT('Origin',(0.,0.,-26.1));
#3814=CARTESIAN_POINT('',(-18.5,2.2655965784226E-15,0.));
#3815=CARTESIAN_POINT('Origin',(0.,0.,0.));
#3816=CARTESIAN_POINT('Origin',(0.,0.,-26.3));
#3817=CARTESIAN_POINT('',(-18.3,-2.24110364243966E-15,-26.3));
#3818=CARTESIAN_POINT('Origin',(7.74999999999999,-13.4233937586588,-20.1201058736198));
#3819=CARTESIAN_POINT('',(7.74999999999999,-13.4233937586588,-19.7402117472397));
#3820=CARTESIAN_POINT('',(8.06612499999999,-13.9709383202015,-20.1201058736198));
#3821=CARTESIAN_POINT('Origin',(-7.75000000000001,-13.4233937586588,-20.1201058736198));
#3822=CARTESIAN_POINT('',(-7.75000000000001,-13.4233937586588,-19.7402117472397));
#3823=CARTESIAN_POINT('',(-8.06612500000001,-13.9709383202015,-20.1201058736198));
#3824=CARTESIAN_POINT('Origin',(-15.5,1.8982025386784E-15,-20.1201058736198));
#3825=CARTESIAN_POINT('',(-15.5,1.8982025386784E-15,-19.7402117472397));
#3826=CARTESIAN_POINT('',(-16.13225,2.05305912643058E-15,-20.1201058736198));
#3827=CARTESIAN_POINT('Origin',(-7.75,13.4233937586588,-20.1201058736198));
#3828=CARTESIAN_POINT('',(-7.75,13.4233937586588,-19.7402117472397));
#3829=CARTESIAN_POINT('',(-8.066125,13.9709383202015,-20.1201058736198));
#3830=CARTESIAN_POINT('Origin',(7.75,13.4233937586588,-20.1201058736198));
#3831=CARTESIAN_POINT('',(7.75,13.4233937586588,-19.7402117472397));
#3832=CARTESIAN_POINT('',(8.066125,13.9709383202015,-20.1201058736198));
#3833=CARTESIAN_POINT('Origin',(15.5,0.,-20.1201058736198));
#3834=CARTESIAN_POINT('',(15.5,0.,-19.7402117472397));
#3835=CARTESIAN_POINT('',(16.13225,-7.74282938760914E-17,-20.1201058736198));
#3836=CARTESIAN_POINT('Origin',(13.4233937586588,-7.75000000000001,-26.5));
#3837=CARTESIAN_POINT('',(14.5233937586588,-5.84474411167424,-26.2));
#3838=CARTESIAN_POINT('Origin',(13.4233937586588,-7.75000000000001,-26.2));
#3839=CARTESIAN_POINT('',(14.5233937586588,-5.84474411167424,-26.5));
#3840=CARTESIAN_POINT('',(14.5233937586588,-5.84474411167425,-26.5));
#3841=CARTESIAN_POINT('Origin',(13.4233937586588,-7.75000000000001,-26.5));
#3842=CARTESIAN_POINT('Origin',(13.4233937586588,-7.75000000000001,-26.5));
#3843=CARTESIAN_POINT('',(14.6733937586588,-5.58493649053891,-26.2));
#3844=CARTESIAN_POINT('',(14.6733937586588,-5.58493649053891,-26.5));
#3845=CARTESIAN_POINT('Origin',(13.4233937586588,-7.75000000000001,-26.2));
#3846=CARTESIAN_POINT('Origin',(13.4233937586588,-7.75000000000001,-26.2));
#3847=CARTESIAN_POINT('Origin',(14.3899001096049,-6.57596189432334,-26.5));
#3848=CARTESIAN_POINT('',(14.3899001096049,-6.57596189432334,-26.5));
#3849=CARTESIAN_POINT('',(13.9568874077127,-6.32596189432334,-26.5));
#3850=CARTESIAN_POINT('',(7.56995005480245,-2.63846189432334,-26.5));
#3851=CARTESIAN_POINT('',(14.3899001096049,-6.57596189432334,-26.2));
#3852=CARTESIAN_POINT('',(14.3899001096049,-6.57596189432334,-26.5));
#3853=CARTESIAN_POINT('',(13.9568874077127,-6.32596189432334,-26.2));
#3854=CARTESIAN_POINT('',(14.0651405831857,-6.38846189432335,-26.2));
#3855=CARTESIAN_POINT('',(13.9568874077127,-6.32596189432334,-26.5));
#3856=CARTESIAN_POINT('Origin',(13.7649001096049,-7.6584936490539,-26.5));
#3857=CARTESIAN_POINT('',(13.7649001096049,-7.6584936490539,-26.5));
#3858=CARTESIAN_POINT('',(13.7024001096049,-7.76674682452695,-26.5));
#3859=CARTESIAN_POINT('',(13.7649001096049,-7.6584936490539,-26.2));
#3860=CARTESIAN_POINT('',(13.7649001096049,-7.6584936490539,-26.5));
#3861=CARTESIAN_POINT('',(14.0149001096049,-7.22548094716168,-26.2));
#3862=CARTESIAN_POINT('Origin',(14.8474318643355,-8.2834936490539,-26.5));
#3863=CARTESIAN_POINT('',(14.8474318643355,-8.2834936490539,-26.5));
#3864=CARTESIAN_POINT('',(7.48621593216773,-4.0334936490539,-26.5));
#3865=CARTESIAN_POINT('',(14.8474318643355,-8.2834936490539,-26.2));
#3866=CARTESIAN_POINT('',(14.8474318643355,-8.2834936490539,-26.5));
#3867=CARTESIAN_POINT('',(13.6566469341318,-7.5959936490539,-26.2));
#3868=CARTESIAN_POINT('Origin',(14.5974318643355,-8.71650635094612,-26.5));
#3869=CARTESIAN_POINT('',(14.5974318643355,-8.71650635094612,-26.5));
#3870=CARTESIAN_POINT('',(14.6599318643354,-8.6082531754731,-26.5));
#3871=CARTESIAN_POINT('',(14.5974318643355,-8.71650635094612,-26.2));
#3872=CARTESIAN_POINT('',(14.5974318643355,-8.71650635094612,-26.5));
#3873=CARTESIAN_POINT('',(14.7849318643355,-8.39174682452696,-26.2));
#3874=CARTESIAN_POINT('Origin',(13.5149001096049,-8.09150635094611,-26.5));
#3875=CARTESIAN_POINT('',(13.5149001096049,-8.09150635094611,-26.5));
#3876=CARTESIAN_POINT('',(6.69495005480245,-4.15400635094611,-26.5));
#3877=CARTESIAN_POINT('',(13.5149001096049,-8.09150635094611,-26.2));
#3878=CARTESIAN_POINT('',(13.5149001096049,-8.09150635094611,-26.5));
#3879=CARTESIAN_POINT('',(13.9479128114971,-8.34150635094612,-26.2));
#3880=CARTESIAN_POINT('Origin',(12.8899001096049,-9.17403810567666,-26.5));
#3881=CARTESIAN_POINT('',(12.8899001096049,-9.17403810567666,-26.5));
#3882=CARTESIAN_POINT('',(13.2649001096049,-8.52451905283833,-26.5));
#3883=CARTESIAN_POINT('',(12.8899001096049,-9.17403810567666,-26.2));
#3884=CARTESIAN_POINT('',(12.8899001096049,-9.17403810567666,-26.5));
#3885=CARTESIAN_POINT('',(13.5774001096049,-7.98325317547306,-26.2));
#3886=CARTESIAN_POINT('Origin',(12.4568874077127,-8.92403810567666,-26.5));
#3887=CARTESIAN_POINT('',(12.4568874077127,-8.92403810567666,-26.5));
#3888=CARTESIAN_POINT('',(5.85344370385634,-5.11153810567666,-26.5));
#3889=CARTESIAN_POINT('',(12.4568874077127,-8.92403810567666,-26.2));
#3890=CARTESIAN_POINT('',(12.4568874077127,-8.92403810567666,-26.5));
#3891=CARTESIAN_POINT('',(12.7816469341318,-9.11153810567666,-26.2));
#3892=CARTESIAN_POINT('Origin',(13.0818874077127,-7.84150635094611,-26.5));
#3893=CARTESIAN_POINT('',(13.0818874077127,-7.84150635094611,-26.5));
#3894=CARTESIAN_POINT('',(13.1443874077127,-7.73325317547305,-26.5));
#3895=CARTESIAN_POINT('',(13.0818874077127,-7.84150635094611,-26.2));
#3896=CARTESIAN_POINT('',(13.0818874077127,-7.84150635094611,-26.5));
#3897=CARTESIAN_POINT('',(12.8318874077127,-8.27451905283833,-26.2));
#3898=CARTESIAN_POINT('Origin',(11.9993556529821,-7.21650635094611,-26.5));
#3899=CARTESIAN_POINT('',(11.9993556529821,-7.21650635094611,-26.5));
#3900=CARTESIAN_POINT('',(5.93717782649107,-3.71650635094611,-26.5));
#3901=CARTESIAN_POINT('',(11.9993556529821,-7.21650635094611,-26.2));
#3902=CARTESIAN_POINT('',(11.9993556529821,-7.21650635094611,-26.5));
#3903=CARTESIAN_POINT('',(13.1901405831857,-7.90400635094611,-26.2));
#3904=CARTESIAN_POINT('Origin',(12.2493556529821,-6.7834936490539,-26.5));
#3905=CARTESIAN_POINT('',(12.2493556529821,-6.7834936490539,-26.5));
#3906=CARTESIAN_POINT('',(12.1868556529821,-6.89174682452695,-26.5));
#3907=CARTESIAN_POINT('',(12.2493556529821,-6.7834936490539,-26.2));
#3908=CARTESIAN_POINT('',(12.2493556529821,-6.7834936490539,-26.5));
#3909=CARTESIAN_POINT('',(12.0618556529821,-7.10825317547306,-26.2));
#3910=CARTESIAN_POINT('Origin',(13.3318874077127,-7.4084936490539,-26.5));
#3911=CARTESIAN_POINT('',(13.3318874077127,-7.4084936490539,-26.5));
#3912=CARTESIAN_POINT('',(6.72844370385634,-3.59599364905389,-26.5));
#3913=CARTESIAN_POINT('',(13.3318874077127,-7.4084936490539,-26.2));
#3914=CARTESIAN_POINT('',(13.3318874077127,-7.4084936490539,-26.5));
#3915=CARTESIAN_POINT('',(12.8988747058205,-7.1584936490539,-26.2));
#3916=CARTESIAN_POINT('Origin',(13.9568874077127,-6.32596189432334,-26.5));
#3917=CARTESIAN_POINT('',(13.5818874077127,-6.97548094716167,-26.5));
#3918=CARTESIAN_POINT('',(13.2693874077127,-7.51674682452695,-26.2));
#3919=CARTESIAN_POINT('Origin',(13.4233937586588,-7.75000000000001,-26.2));
#3920=CARTESIAN_POINT('Origin',(-13.4233937586588,-7.75,-26.5));
#3921=CARTESIAN_POINT('',(-12.3233937586588,-9.65525588832576,-26.2));
#3922=CARTESIAN_POINT('Origin',(-13.4233937586588,-7.75,-26.2));
#3923=CARTESIAN_POINT('',(-12.3233937586588,-9.65525588832576,-26.5));
#3924=CARTESIAN_POINT('',(-12.3233937586588,-9.65525588832577,-26.5));
#3925=CARTESIAN_POINT('Origin',(-13.4233937586588,-7.75,-26.5));
#3926=CARTESIAN_POINT('Origin',(-13.4233937586588,-7.75,-26.5));
#3927=CARTESIAN_POINT('',(-12.1733937586588,-9.9150635094611,-26.2));
#3928=CARTESIAN_POINT('',(-12.1733937586588,-9.9150635094611,-26.5));
#3929=CARTESIAN_POINT('Origin',(-13.4233937586588,-7.75,-26.2));
#3930=CARTESIAN_POINT('Origin',(-13.4233937586588,-7.75,-26.2));
#3931=CARTESIAN_POINT('Origin',(-12.8899001096049,-9.17403810567666,-26.5));
#3932=CARTESIAN_POINT('',(-12.8899001096049,-9.17403810567666,-26.5));
#3933=CARTESIAN_POINT('',(-12.4568874077127,-8.92403810567666,-26.5));
#3934=CARTESIAN_POINT('',(-6.06995005480245,-5.23653810567666,-26.5));
#3935=CARTESIAN_POINT('',(-12.8899001096049,-9.17403810567666,-26.2));
#3936=CARTESIAN_POINT('',(-12.8899001096049,-9.17403810567666,-26.5));
#3937=CARTESIAN_POINT('',(-12.4568874077127,-8.92403810567666,-26.2));
#3938=CARTESIAN_POINT('',(-12.5651405831857,-8.98653810567666,-26.2));
#3939=CARTESIAN_POINT('',(-12.4568874077127,-8.92403810567666,-26.5));
#3940=CARTESIAN_POINT('Origin',(-13.5149001096049,-8.0915063509461,-26.5));
#3941=CARTESIAN_POINT('',(-13.5149001096049,-8.0915063509461,-26.5));
#3942=CARTESIAN_POINT('',(-13.5774001096049,-7.98325317547306,-26.5));
#3943=CARTESIAN_POINT('',(-13.5149001096049,-8.0915063509461,-26.2));
#3944=CARTESIAN_POINT('',(-13.5149001096049,-8.0915063509461,-26.5));
#3945=CARTESIAN_POINT('',(-13.2649001096049,-8.52451905283833,-26.2));
#3946=CARTESIAN_POINT('Origin',(-14.5974318643355,-8.71650635094611,-26.5));
#3947=CARTESIAN_POINT('',(-14.5974318643355,-8.71650635094611,-26.5));
#3948=CARTESIAN_POINT('',(-7.23621593216773,-4.46650635094611,-26.5));
#3949=CARTESIAN_POINT('',(-14.5974318643355,-8.71650635094611,-26.2));
#3950=CARTESIAN_POINT('',(-14.5974318643355,-8.71650635094611,-26.5));
#3951=CARTESIAN_POINT('',(-13.4066469341319,-8.02900635094611,-26.2));
#3952=CARTESIAN_POINT('Origin',(-14.8474318643355,-8.28349364905389,-26.5));
#3953=CARTESIAN_POINT('',(-14.8474318643355,-8.28349364905389,-26.5));
#3954=CARTESIAN_POINT('',(-14.7849318643355,-8.39174682452691,-26.5));
#3955=CARTESIAN_POINT('',(-14.8474318643355,-8.28349364905389,-26.2));
#3956=CARTESIAN_POINT('',(-14.8474318643355,-8.28349364905389,-26.5));
#3957=CARTESIAN_POINT('',(-14.6599318643355,-8.60825317547305,-26.2));
#3958=CARTESIAN_POINT('Origin',(-13.7649001096049,-7.65849364905389,-26.5));
#3959=CARTESIAN_POINT('',(-13.7649001096049,-7.65849364905389,-26.5));
#3960=CARTESIAN_POINT('',(-6.94495005480245,-3.72099364905389,-26.5));
#3961=CARTESIAN_POINT('',(-13.7649001096049,-7.65849364905389,-26.2));
#3962=CARTESIAN_POINT('',(-13.7649001096049,-7.65849364905389,-26.5));
#3963=CARTESIAN_POINT('',(-14.1979128114971,-7.90849364905389,-26.2));
#3964=CARTESIAN_POINT('Origin',(-14.3899001096049,-6.57596189432334,-26.5));
#3965=CARTESIAN_POINT('',(-14.3899001096049,-6.57596189432334,-26.5));
#3966=CARTESIAN_POINT('',(-14.0149001096049,-7.22548094716167,-26.5));
#3967=CARTESIAN_POINT('',(-14.3899001096049,-6.57596189432334,-26.2));
#3968=CARTESIAN_POINT('',(-14.3899001096049,-6.57596189432334,-26.5));
#3969=CARTESIAN_POINT('',(-13.7024001096049,-7.76674682452694,-26.2));
#3970=CARTESIAN_POINT('Origin',(-13.9568874077127,-6.32596189432334,-26.5));
#3971=CARTESIAN_POINT('',(-13.9568874077127,-6.32596189432334,-26.5));
#3972=CARTESIAN_POINT('',(-7.35344370385634,-2.51346189432334,-26.5));
#3973=CARTESIAN_POINT('',(-13.9568874077127,-6.32596189432334,-26.2));
#3974=CARTESIAN_POINT('',(-13.9568874077127,-6.32596189432334,-26.5));
#3975=CARTESIAN_POINT('',(-14.2816469341319,-6.51346189432334,-26.2));
#3976=CARTESIAN_POINT('Origin',(-13.3318874077127,-7.40849364905389,-26.5));
#3977=CARTESIAN_POINT('',(-13.3318874077127,-7.40849364905389,-26.5));
#3978=CARTESIAN_POINT('',(-13.2693874077127,-7.51674682452695,-26.5));
#3979=CARTESIAN_POINT('',(-13.3318874077127,-7.40849364905389,-26.2));
#3980=CARTESIAN_POINT('',(-13.3318874077127,-7.40849364905389,-26.5));
#3981=CARTESIAN_POINT('',(-13.5818874077127,-6.97548094716167,-26.2));
#3982=CARTESIAN_POINT('Origin',(-12.2493556529821,-6.78349364905389,-26.5));
#3983=CARTESIAN_POINT('',(-12.2493556529821,-6.78349364905389,-26.5));
#3984=CARTESIAN_POINT('',(-6.18717782649107,-3.28349364905389,-26.5));
#3985=CARTESIAN_POINT('',(-12.2493556529821,-6.78349364905389,-26.2));
#3986=CARTESIAN_POINT('',(-12.2493556529821,-6.78349364905389,-26.5));
#3987=CARTESIAN_POINT('',(-13.4401405831857,-7.47099364905389,-26.2));
#3988=CARTESIAN_POINT('Origin',(-11.9993556529821,-7.21650635094611,-26.5));
#3989=CARTESIAN_POINT('',(-11.9993556529821,-7.21650635094611,-26.5));
#3990=CARTESIAN_POINT('',(-12.0618556529821,-7.10825317547305,-26.5));
#3991=CARTESIAN_POINT('',(-11.9993556529821,-7.21650635094611,-26.2));
#3992=CARTESIAN_POINT('',(-11.9993556529821,-7.21650635094611,-26.5));
#3993=CARTESIAN_POINT('',(-12.1868556529821,-6.89174682452694,-26.2));
#3994=CARTESIAN_POINT('Origin',(-13.0818874077127,-7.84150635094611,-26.5));
#3995=CARTESIAN_POINT('',(-13.0818874077127,-7.84150635094611,-26.5));
#3996=CARTESIAN_POINT('',(-6.47844370385634,-4.02900635094611,-26.5));
#3997=CARTESIAN_POINT('',(-13.0818874077127,-7.84150635094611,-26.2));
#3998=CARTESIAN_POINT('',(-13.0818874077127,-7.84150635094611,-26.5));
#3999=CARTESIAN_POINT('',(-12.6488747058205,-7.59150635094611,-26.2));
#4000=CARTESIAN_POINT('Origin',(-12.4568874077127,-8.92403810567666,-26.5));
#4001=CARTESIAN_POINT('',(-12.8318874077127,-8.27451905283833,-26.5));
#4002=CARTESIAN_POINT('',(-13.1443874077127,-7.73325317547305,-26.2));
#4003=CARTESIAN_POINT('Origin',(-13.4233937586588,-7.75,-26.2));
#4004=CARTESIAN_POINT('Origin',(0.,0.,-26.5));
#4005=CARTESIAN_POINT('Origin',(0.,15.5,-26.5));
#4006=CARTESIAN_POINT('',(-2.2,15.5,-26.2));
#4007=CARTESIAN_POINT('Origin',(0.,15.5,-26.2));
#4008=CARTESIAN_POINT('',(-2.2,15.5,-26.5));
#4009=CARTESIAN_POINT('',(-2.2,15.5,-26.5));
#4010=CARTESIAN_POINT('Origin',(0.,15.5,-26.5));
#4011=CARTESIAN_POINT('Origin',(0.,15.5,-26.5));
#4012=CARTESIAN_POINT('',(-2.5,15.5,-26.2));
#4013=CARTESIAN_POINT('',(-2.5,15.5,-26.5));
#4014=CARTESIAN_POINT('Origin',(0.,15.5,-26.2));
#4015=CARTESIAN_POINT('Origin',(0.,15.5,-26.2));
#4016=CARTESIAN_POINT('Origin',(-1.5,15.75,-26.5));
#4017=CARTESIAN_POINT('',(-1.5,15.75,-26.5));
#4018=CARTESIAN_POINT('',(-1.5,15.25,-26.5));
#4019=CARTESIAN_POINT('',(-1.5,7.875,-26.5));
#4020=CARTESIAN_POINT('',(-1.5,15.75,-26.2));
#4021=CARTESIAN_POINT('',(-1.5,15.75,-26.5));
#4022=CARTESIAN_POINT('',(-1.5,15.25,-26.2));
#4023=CARTESIAN_POINT('',(-1.5,15.375,-26.2));
#4024=CARTESIAN_POINT('',(-1.5,15.25,-26.5));
#4025=CARTESIAN_POINT('Origin',(-0.249999999999999,15.75,-26.5));
#4026=CARTESIAN_POINT('',(-0.249999999999999,15.75,-26.5));
#4027=CARTESIAN_POINT('',(-0.125000000000006,15.75,-26.5));
#4028=CARTESIAN_POINT('',(-0.249999999999999,15.75,-26.2));
#4029=CARTESIAN_POINT('',(-0.249999999999999,15.75,-26.5));
#4030=CARTESIAN_POINT('',(-0.750000000000002,15.75,-26.2));
#4031=CARTESIAN_POINT('Origin',(-0.249999999999999,17.,-26.5));
#4032=CARTESIAN_POINT('',(-0.249999999999999,17.,-26.5));
#4033=CARTESIAN_POINT('',(-0.249999999999999,8.5,-26.5));
#4034=CARTESIAN_POINT('',(-0.249999999999999,17.,-26.2));
#4035=CARTESIAN_POINT('',(-0.249999999999999,17.,-26.5));
#4036=CARTESIAN_POINT('',(-0.249999999999999,15.625,-26.2));
#4037=CARTESIAN_POINT('Origin',(0.249999999999999,17.,-26.5));
#4038=CARTESIAN_POINT('',(0.249999999999999,17.,-26.5));
#4039=CARTESIAN_POINT('',(0.125000000000037,17.,-26.5));
#4040=CARTESIAN_POINT('',(0.249999999999999,17.,-26.2));
#4041=CARTESIAN_POINT('',(0.249999999999999,17.,-26.5));
#4042=CARTESIAN_POINT('',(-0.124999999999996,17.,-26.2));
#4043=CARTESIAN_POINT('Origin',(0.249999999999999,15.75,-26.5));
#4044=CARTESIAN_POINT('',(0.249999999999999,15.75,-26.5));
#4045=CARTESIAN_POINT('',(0.249999999999997,7.875,-26.5));
#4046=CARTESIAN_POINT('',(0.249999999999999,15.75,-26.2));
#4047=CARTESIAN_POINT('',(0.249999999999999,15.75,-26.5));
#4048=CARTESIAN_POINT('',(0.249999999999999,16.25,-26.2));
#4049=CARTESIAN_POINT('Origin',(1.5,15.75,-26.5));
#4050=CARTESIAN_POINT('',(1.5,15.75,-26.5));
#4051=CARTESIAN_POINT('',(0.749999999999993,15.75,-26.5));
#4052=CARTESIAN_POINT('',(1.5,15.75,-26.2));
#4053=CARTESIAN_POINT('',(1.5,15.75,-26.5));
#4054=CARTESIAN_POINT('',(0.124999999999999,15.75,-26.2));
#4055=CARTESIAN_POINT('Origin',(1.5,15.25,-26.5));
#4056=CARTESIAN_POINT('',(1.5,15.25,-26.5));
#4057=CARTESIAN_POINT('',(1.5,7.625,-26.5));
#4058=CARTESIAN_POINT('',(1.5,15.25,-26.2));
#4059=CARTESIAN_POINT('',(1.5,15.25,-26.5));
#4060=CARTESIAN_POINT('',(1.5,15.625,-26.2));
#4061=CARTESIAN_POINT('Origin',(0.249999999999999,15.25,-26.5));
#4062=CARTESIAN_POINT('',(0.249999999999999,15.25,-26.5));
#4063=CARTESIAN_POINT('',(0.124999999999994,15.25,-26.5));
#4064=CARTESIAN_POINT('',(0.249999999999999,15.25,-26.2));
#4065=CARTESIAN_POINT('',(0.249999999999999,15.25,-26.5));
#4066=CARTESIAN_POINT('',(0.749999999999999,15.25,-26.2));
#4067=CARTESIAN_POINT('Origin',(0.249999999999998,14.,-26.5));
#4068=CARTESIAN_POINT('',(0.249999999999998,14.,-26.5));
#4069=CARTESIAN_POINT('',(0.249999999999997,7.,-26.5));
#4070=CARTESIAN_POINT('',(0.249999999999998,14.,-26.2));
#4071=CARTESIAN_POINT('',(0.249999999999998,14.,-26.5));
#4072=CARTESIAN_POINT('',(0.249999999999999,15.375,-26.2));
#4073=CARTESIAN_POINT('Origin',(-0.249999999999999,14.,-26.5));
#4074=CARTESIAN_POINT('',(-0.249999999999999,14.,-26.5));
#4075=CARTESIAN_POINT('',(-0.125,14.,-26.5));
#4076=CARTESIAN_POINT('',(-0.249999999999999,14.,-26.2));
#4077=CARTESIAN_POINT('',(-0.249999999999999,14.,-26.5));
#4078=CARTESIAN_POINT('',(0.124999999999999,14.,-26.2));
#4079=CARTESIAN_POINT('Origin',(-0.249999999999999,15.25,-26.5));
#4080=CARTESIAN_POINT('',(-0.249999999999999,15.25,-26.5));
#4081=CARTESIAN_POINT('',(-0.249999999999999,7.625,-26.5));
#4082=CARTESIAN_POINT('',(-0.249999999999999,15.25,-26.2));
#4083=CARTESIAN_POINT('',(-0.249999999999999,15.25,-26.5));
#4084=CARTESIAN_POINT('',(-0.249999999999999,14.75,-26.2));
#4085=CARTESIAN_POINT('Origin',(-1.5,15.25,-26.5));
#4086=CARTESIAN_POINT('',(-0.750000000000007,15.25,-26.5));
#4087=CARTESIAN_POINT('',(-0.125,15.25,-26.2));
#4088=CARTESIAN_POINT('Origin',(0.,15.5,-26.2));
#4089=CARTESIAN_POINT('Origin',(0.,0.,-26.5));
#4090=CARTESIAN_POINT('Origin',(0.,-4.25,-33.5));
#4091=CARTESIAN_POINT('Origin',(0.,-7.,-33.5));
#4092=CARTESIAN_POINT('Origin',(0.,-7.,-26.5));
#4093=CARTESIAN_POINT('',(-3.,-7.,-26.5));
#4094=CARTESIAN_POINT('Origin',(0.,0.,-26.5));
#4095=CARTESIAN_POINT('',(52.4994851189041,1.5906097294472,-18.8));
#4096=CARTESIAN_POINT('',(-4.66111020468065E-15,-30.9093902705528,17.3093902705528));
#4097=CARTESIAN_POINT('',(110.000002756715,-35.9093902705528,21.3093898831226));
#4098=CARTESIAN_POINT('',(-17.5005148810959,1.59060972944726,-6.8));
#4099=CARTESIAN_POINT('',(-132.500514881096,1.59060972944728,-6.8));
#4100=UNCERTAINTY_MEASURE_WITH_UNIT(LENGTH_MEASURE(0.01),#4110,
'DISTANCE_ACCURACY_VALUE',
'Maximum model space distance between geometric entities at asserted c
onnectivities');
#4101=UNCERTAINTY_MEASURE_WITH_UNIT(LENGTH_MEASURE(0.01),#4110,
'DISTANCE_ACCURACY_VALUE',
'Maximum model space distance between geometric entities at asserted c
onnectivities');
#4102=UNCERTAINTY_MEASURE_WITH_UNIT(LENGTH_MEASURE(0.01),#4110,
'DISTANCE_ACCURACY_VALUE',
'Maximum model space distance between geometric entities at asserted c
onnectivities');
#4103=UNCERTAINTY_MEASURE_WITH_UNIT(LENGTH_MEASURE(0.01),#4110,
'DISTANCE_ACCURACY_VALUE',
'Maximum model space distance between geometric entities at asserted c
onnectivities');
#4104=UNCERTAINTY_MEASURE_WITH_UNIT(LENGTH_MEASURE(0.01),#4110,
'DISTANCE_ACCURACY_VALUE',
'Maximum model space distance between geometric entities at asserted c
onnectivities');
#4105=(
GEOMETRIC_REPRESENTATION_CONTEXT(3)
GLOBAL_UNCERTAINTY_ASSIGNED_CONTEXT((#4100))
GLOBAL_UNIT_ASSIGNED_CONTEXT((#4110,#4112,#4113))
REPRESENTATION_CONTEXT('','3D')
);
#4106=(
GEOMETRIC_REPRESENTATION_CONTEXT(3)
GLOBAL_UNCERTAINTY_ASSIGNED_CONTEXT((#4101))
GLOBAL_UNIT_ASSIGNED_CONTEXT((#4110,#4112,#4113))
REPRESENTATION_CONTEXT('','3D')
);
#4107=(
GEOMETRIC_REPRESENTATION_CONTEXT(3)
GLOBAL_UNCERTAINTY_ASSIGNED_CONTEXT((#4102))
GLOBAL_UNIT_ASSIGNED_CONTEXT((#4110,#4112,#4113))
REPRESENTATION_CONTEXT('','3D')
);
#4108=(
GEOMETRIC_REPRESENTATION_CONTEXT(3)
GLOBAL_UNCERTAINTY_ASSIGNED_CONTEXT((#4103))
GLOBAL_UNIT_ASSIGNED_CONTEXT((#4110,#4112,#4113))
REPRESENTATION_CONTEXT('','3D')
);
#4109=(
GEOMETRIC_REPRESENTATION_CONTEXT(3)
GLOBAL_UNCERTAINTY_ASSIGNED_CONTEXT((#4104))
GLOBAL_UNIT_ASSIGNED_CONTEXT((#4110,#4112,#4113))
REPRESENTATION_CONTEXT('','3D')
);
#4110=(
LENGTH_UNIT()
NAMED_UNIT(*)
SI_UNIT(.MILLI.,.METRE.)
);
#4111=(
LENGTH_UNIT()
NAMED_UNIT(*)
SI_UNIT($,.METRE.)
);
#4112=(
NAMED_UNIT(*)
PLANE_ANGLE_UNIT()
SI_UNIT($,.RADIAN.)
);
#4113=(
NAMED_UNIT(*)
SI_UNIT($,.STERADIAN.)
SOLID_ANGLE_UNIT()
);
#4114=SHAPE_DEFINITION_REPRESENTATION(#4118,#4127);
#4115=SHAPE_DEFINITION_REPRESENTATION(#4119,#4128);
#4116=SHAPE_DEFINITION_REPRESENTATION(#4120,#4129);
#4117=SHAPE_DEFINITION_REPRESENTATION(#4121,#4130);
#4118=PRODUCT_DEFINITION_SHAPE('',$,#4132);
#4119=PRODUCT_DEFINITION_SHAPE('',$,#4133);
#4120=PRODUCT_DEFINITION_SHAPE('',$,#4134);
#4121=PRODUCT_DEFINITION_SHAPE('',$,#4135);
#4122=PRODUCT_DEFINITION_SHAPE($,$,#26);
#4123=PRODUCT_DEFINITION_SHAPE($,$,#27);
#4124=PRODUCT_DEFINITION_SHAPE($,$,#28);
#4125=PRODUCT_DEFINITION_SHAPE($,$,#29);
#4126=PRODUCT_DEFINITION_SHAPE($,$,#30);
#4127=SHAPE_REPRESENTATION('',(#2396,#2659,#2660,#2661,#2662,#2663),#4105);
#4128=SHAPE_REPRESENTATION('',(#2397),#4106);
#4129=SHAPE_REPRESENTATION('',(#2425),#4107);
#4130=SHAPE_REPRESENTATION('',(#2455),#4108);
#4131=PRODUCT_DEFINITION_CONTEXT('part definition',#4145,'design');
#4132=PRODUCT_DEFINITION('2026-09-20-12-24-28-357',
'AgriRover_Suspension',#4136,#4131);
#4133=PRODUCT_DEFINITION('2026-09-20-12-43-01-786','Component1',#4137,#4131);
#4134=PRODUCT_DEFINITION('2026-09-20-12-43-01-801','Component2',#4138,#4131);
#4135=PRODUCT_DEFINITION('JGB37-3157 motor','JGB37-3157 motor',#4139,#4131);
#4136=PRODUCT_DEFINITION_FORMATION('',$,#4147);
#4137=PRODUCT_DEFINITION_FORMATION('',$,#4148);
#4138=PRODUCT_DEFINITION_FORMATION('',$,#4149);
#4139=PRODUCT_DEFINITION_FORMATION('',$,#4150);
#4140=PRODUCT_RELATED_PRODUCT_CATEGORY('AgriRover_Suspension',
'AgriRover_Suspension',(#4147));
#4141=PRODUCT_RELATED_PRODUCT_CATEGORY('Component1','Component1',(#4148));
#4142=PRODUCT_RELATED_PRODUCT_CATEGORY('Component2','Component2',(#4149));
#4143=PRODUCT_RELATED_PRODUCT_CATEGORY('JGB37-3157 motor',
'JGB37-3157 motor',(#4150));
#4144=APPLICATION_PROTOCOL_DEFINITION('international standard',
'automotive_design',2009,#4145);
#4145=APPLICATION_CONTEXT(
'Core Data for Automotive Mechanical Design Process');
#4146=PRODUCT_CONTEXT('part definition',#4145,'mechanical');
#4147=PRODUCT('2026-09-20-12-24-28-357','AgriRover_Suspension',$,(#4146));
#4148=PRODUCT('2026-09-20-12-43-01-786','Component1',$,(#4146));
#4149=PRODUCT('2026-09-20-12-43-01-801','Component2',$,(#4146));
#4150=PRODUCT('JGB37-3157 motor','JGB37-3157 motor',$,(#4146));
#4151=PRESENTATION_STYLE_ASSIGNMENT((#4154));
#4152=PRESENTATION_STYLE_ASSIGNMENT((#4155));
#4153=PRESENTATION_STYLE_ASSIGNMENT((#4156));
#4154=SURFACE_STYLE_USAGE(.BOTH.,#4157);
#4155=SURFACE_STYLE_USAGE(.BOTH.,#4158);
#4156=SURFACE_STYLE_USAGE(.BOTH.,#4159);
#4157=SURFACE_SIDE_STYLE('',(#4160));
#4158=SURFACE_SIDE_STYLE('',(#4161));
#4159=SURFACE_SIDE_STYLE('',(#4162));
#4160=SURFACE_STYLE_FILL_AREA(#4163);
#4161=SURFACE_STYLE_FILL_AREA(#4164);
#4162=SURFACE_STYLE_FILL_AREA(#4165);
#4163=FILL_AREA_STYLE('Steel - Satin',(#4166));
#4164=FILL_AREA_STYLE('Opaque(245,245,246)',(#4167));
#4165=FILL_AREA_STYLE('Opaque(63,63,63)',(#4168));
#4166=FILL_AREA_STYLE_COLOUR('Steel - Satin',#4169);
#4167=FILL_AREA_STYLE_COLOUR('Opaque(245,245,246)',#4170);
#4168=FILL_AREA_STYLE_COLOUR('Opaque(63,63,63)',#4171);
#4169=COLOUR_RGB('Steel - Satin',0.627450980392157,0.627450980392157,0.627450980392157);
#4170=COLOUR_RGB('Opaque(245,245,246)',0.96078431372549,0.96078431372549,
0.964705882352941);
#4171=COLOUR_RGB('Opaque(63,63,63)',0.247058823529412,0.247058823529412,
0.247058823529412);
ENDSEC;
END-ISO-10303-21;
