ISO-10303-21;
HEADER;
/* Generated by software containing ST-Developer
 * from STEP Tools, Inc. (www.steptools.com) 
 */

FILE_DESCRIPTION(
/* description */ (''),
/* implementation_level */ '2;1');

FILE_NAME(
/* name */ 'omniwheel_rim.step',
/* time_stamp */ '2026-09-23T19:52:44+05:30',
/* author */ (''),
/* organization */ (''),
/* preprocessor_version */ 'ST-DEVELOPER v20.2',
/* originating_system */ 'Autodesk Translation Framework v15.15.0.0',
/* authorisation */ '');

FILE_SCHEMA (('AUTOMOTIVE_DESIGN { 1 0 10303 214 3 1 1 }'));
ENDSEC;

DATA;
#10=MECHANICAL_DESIGN_GEOMETRIC_PRESENTATION_REPRESENTATION('',(#13),#3559);
#11=SHAPE_REPRESENTATION_RELATIONSHIP('SRR','None',#3566,#12);
#12=ADVANCED_BREP_SHAPE_REPRESENTATION('',(#14),#3558);
#13=STYLED_ITEM('',(#3575),#14);
#14=MANIFOLD_SOLID_BREP('Body2',#1564);
#15=B_SPLINE_CURVE_WITH_KNOTS('',3,(#2493,#2494,#2495,#2496,#2497,#2498,
#2499,#2500,#2501,#2502,#2503,#2504,#2505,#2506,#2507,#2508,#2509,#2510,
#2511,#2512,#2513,#2514,#2515,#2516,#2517,#2518,#2519,#2520,#2521,#2522,
#2523,#2524,#2525,#2526,#2527,#2528,#2529,#2530,#2531,#2532,#2533,#2534,
#2535,#2536,#2537,#2538,#2539,#2540,#2541,#2542,#2543,#2544,#2545,#2546,
#2547,#2548,#2549,#2550,#2551,#2552,#2553,#2554,#2555,#2556,#2557,#2558,
#2559,#2560,#2561,#2562,#2563,#2564,#2565,#2566,#2567,#2568,#2569,#2570,
#2571,#2572,#2573,#2574,#2575,#2576,#2577,#2578,#2579,#2580,#2581,#2582,
#2583,#2584,#2585,#2586,#2587,#2588,#2589,#2590,#2591,#2592,#2593,#2594,
#2595,#2596,#2597,#2598,#2599,#2600,#2601,#2602,#2603,#2604,#2605,#2606,
#2607,#2608,#2609,#2610,#2611,#2612,#2613,#2614,#2615,#2616,#2617,#2618,
#2619,#2620,#2621,#2622,#2623,#2624,#2625,#2626,#2627,#2628,#2629,#2630,
#2631,#2632,#2633,#2634,#2635,#2636,#2637,#2638,#2639,#2640,#2641,#2642,
#2643,#2644,#2645,#2646,#2647,#2648,#2649,#2650,#2651,#2652,#2653,#2654,
#2655,#2656,#2657,#2658,#2659,#2660,#2661,#2662,#2663,#2664,#2665,#2666,
#2667,#2668,#2669,#2670,#2671,#2672,#2673,#2674,#2675,#2676,#2677,#2678,
#2679,#2680,#2681,#2682,#2683,#2684,#2685,#2686,#2687,#2688,#2689,#2690,
#2691,#2692,#2693,#2694),.UNSPECIFIED.,.F.,.F.,(4,3,3,3,3,3,3,3,3,3,3,3,
3,3,3,3,3,3,3,3,3,3,3,3,3,3,3,3,3,3,3,3,3,3,3,3,3,3,3,3,3,3,3,3,3,3,3,3,
3,3,3,3,3,3,3,3,3,3,3,3,3,3,3,3,3,3,3,4),(0.,0.0259741644046604,0.0529782374463041,
0.0810614592157359,0.11086222798998,0.141873827075045,0.174155568421399,
0.207770193768963,0.242784108960895,0.279267638497731,0.317295303025397,
0.356946123095771,0.398303953413823,0.44145785299957,0.486502498389235,
0.533538649412703,0.582673680551017,0.635163161941939,0.690036125476205,
0.747426630056577,0.807479008830449,0.870349342327585,0.936207381531811,
1.00523912188978,1.07765032818456,1.15367145143223,1.23356455888793,1.31980418557136,
1.41070929714357,1.50673061607606,1.608382716639,1.71613642028805,1.82994879014737,
1.94796508470801,2.06889286360941,2.18226265632947,2.28854683700452,2.38818825638739,
2.48160208705882,2.56917755331329,2.65127955292686,2.72893841165058,2.80288782275077,
2.87337318409716,2.94061153902158,3.00479760823852,3.06610806196564,3.12470459649819,
3.18073619905552,3.23434085684738,3.28564688046291,3.33477395513169,3.38183399630818,
3.42693186162042,3.4701659550652,3.51162874854163,3.55140723854015,3.58958335084932,
3.62623662538445,3.66074172321377,3.69399005765161,3.72603584585025,3.75693055839897,
3.78672308123168,3.81496282815189,3.84235915490546,3.86852883821268,3.88280954713036),
 .UNSPECIFIED.);
#16=B_SPLINE_CURVE_WITH_KNOTS('',3,(#2701,#2702,#2703,#2704,#2705,#2706,
#2707,#2708,#2709,#2710,#2711,#2712,#2713,#2714,#2715,#2716,#2717,#2718,
#2719,#2720,#2721,#2722,#2723,#2724,#2725,#2726,#2727,#2728,#2729,#2730,
#2731,#2732,#2733,#2734,#2735,#2736,#2737,#2738,#2739,#2740,#2741,#2742,
#2743,#2744,#2745,#2746,#2747,#2748,#2749,#2750,#2751,#2752,#2753,#2754,
#2755,#2756,#2757,#2758,#2759,#2760,#2761,#2762,#2763,#2764,#2765,#2766,
#2767,#2768,#2769,#2770,#2771,#2772,#2773,#2774,#2775,#2776,#2777,#2778,
#2779,#2780,#2781,#2782,#2783,#2784,#2785,#2786,#2787,#2788,#2789,#2790,
#2791,#2792,#2793,#2794,#2795,#2796,#2797,#2798,#2799,#2800,#2801,#2802,
#2803,#2804,#2805,#2806,#2807,#2808,#2809,#2810,#2811,#2812,#2813,#2814,
#2815,#2816,#2817,#2818,#2819,#2820,#2821,#2822,#2823,#2824,#2825,#2826,
#2827,#2828,#2829,#2830,#2831,#2832,#2833,#2834,#2835,#2836,#2837,#2838,
#2839,#2840,#2841,#2842,#2843,#2844,#2845,#2846,#2847,#2848,#2849,#2850,
#2851,#2852,#2853,#2854,#2855,#2856,#2857,#2858,#2859,#2860,#2861,#2862,
#2863,#2864,#2865,#2866,#2867,#2868,#2869,#2870,#2871,#2872,#2873,#2874,
#2875,#2876,#2877,#2878,#2879,#2880,#2881,#2882,#2883,#2884,#2885,#2886,
#2887,#2888,#2889,#2890,#2891,#2892,#2893,#2894,#2895,#2896,#2897,#2898,
#2899,#2900,#2901,#2902),.UNSPECIFIED.,.F.,.F.,(4,3,3,3,3,3,3,3,3,3,3,3,
3,3,3,3,3,3,3,3,3,3,3,3,3,3,3,3,3,3,3,3,3,3,3,3,3,3,3,3,3,3,3,3,3,3,3,3,
3,3,3,3,3,3,3,3,3,3,3,3,3,3,3,3,3,3,3,4),(0.,0.0259741644046463,0.0529782374463664,
0.0810614592157022,0.110862227989941,0.141873827075037,0.174155568421372,
0.207770193768867,0.242784108960842,0.279267638497739,0.317295303025475,
0.356946123095852,0.398303953413945,0.441457852999822,0.486502498389567,
0.53353864941309,0.582673680551077,0.635163161941919,0.69003612547618,0.747426630056559,
0.807479008830547,0.870349342327704,0.936207381531887,1.00523912188982,
1.07765032818479,1.15367145143254,1.23356455888862,1.31980418557213,1.41070929714433,
1.50673061607687,1.60838271664002,1.71613642028919,1.82994879014811,1.94796508470918,
2.06889286361051,2.18226265633051,2.28854683700551,2.38818825638832,2.4816020870597,
2.56917755331412,2.65127955292765,2.72893841165131,2.80288782275147,2.87337318409785,
2.94061153902222,3.00479760823908,3.06610806196621,3.12470459649865,3.18073619905599,
3.23434085684781,3.28564688046332,3.33477395513198,3.38183399630855,3.42693186162069,
3.47016595506535,3.5116287485417,3.55140723854006,3.58958335084919,3.62623662538435,
3.66074172321372,3.69399005765156,3.72603584585023,3.75693055839894,3.78672308123188,
3.81496282815206,3.84235915490574,3.86852883821292,3.88280954713046),
 .UNSPECIFIED.);
#17=B_SPLINE_CURVE_WITH_KNOTS('',3,(#2910,#2911,#2912,#2913,#2914,#2915,
#2916,#2917,#2918,#2919,#2920,#2921,#2922,#2923,#2924,#2925,#2926,#2927,
#2928,#2929,#2930,#2931,#2932,#2933,#2934,#2935,#2936,#2937,#2938,#2939,
#2940,#2941,#2942,#2943,#2944,#2945,#2946,#2947,#2948,#2949,#2950,#2951,
#2952,#2953,#2954,#2955,#2956,#2957,#2958,#2959,#2960,#2961,#2962,#2963,
#2964,#2965,#2966,#2967,#2968,#2969,#2970,#2971,#2972,#2973,#2974,#2975,
#2976,#2977,#2978,#2979,#2980,#2981,#2982,#2983,#2984,#2985,#2986,#2987,
#2988,#2989,#2990,#2991,#2992,#2993,#2994,#2995,#2996,#2997,#2998,#2999,
#3000,#3001,#3002,#3003,#3004,#3005,#3006,#3007,#3008,#3009,#3010,#3011,
#3012,#3013,#3014,#3015,#3016,#3017,#3018,#3019,#3020,#3021,#3022,#3023,
#3024,#3025,#3026,#3027,#3028,#3029,#3030,#3031,#3032,#3033,#3034,#3035,
#3036,#3037,#3038,#3039,#3040,#3041,#3042,#3043,#3044,#3045,#3046,#3047,
#3048,#3049,#3050,#3051,#3052,#3053,#3054,#3055,#3056,#3057,#3058,#3059,
#3060,#3061,#3062,#3063,#3064,#3065,#3066,#3067,#3068,#3069,#3070,#3071,
#3072,#3073,#3074,#3075,#3076,#3077,#3078,#3079,#3080,#3081,#3082,#3083,
#3084,#3085,#3086,#3087,#3088,#3089,#3090,#3091,#3092,#3093,#3094,#3095,
#3096,#3097,#3098,#3099,#3100,#3101,#3102,#3103,#3104,#3105,#3106,#3107,
#3108,#3109,#3110,#3111),.UNSPECIFIED.,.F.,.F.,(4,3,3,3,3,3,3,3,3,3,3,3,
3,3,3,3,3,3,3,3,3,3,3,3,3,3,3,3,3,3,3,3,3,3,3,3,3,3,3,3,3,3,3,3,3,3,3,3,
3,3,3,3,3,3,3,3,3,3,3,3,3,3,3,3,3,3,3,4),(0.,0.0259741644046942,0.0529782374462561,
0.0810614592156154,0.110862227989865,0.141873827074951,0.174155568421288,
0.207770193768846,0.242784108960787,0.279267638497672,0.317295303025424,
0.356946123095744,0.398303953413817,0.44145785299961,0.486502498389311,
0.5335386494127,0.58267368055068,0.635163161941547,0.690036125475827,0.747426630056191,
0.807479008830094,0.870349342327221,0.936207381531426,1.00523912188942,
1.07765032818442,1.15367145143182,1.23356455888801,1.31980418557152,1.41070929714373,
1.50673061607624,1.60838271663929,1.71613642028835,1.82994879014729,1.94796508470795,
2.0688928636093,2.18226265632931,2.28854683700433,2.38818825638715,2.48160208705855,
2.56917755331298,2.65127955292652,2.72893841165016,2.80288782275034,2.87337318409673,
2.94061153902107,3.00479760823795,3.06610806196506,3.12470459649764,3.18073619905496,
3.23434085684685,3.2856468804623,3.33477395513111,3.38183399630763,3.42693186161988,
3.4701659550646,3.51162874854104,3.55140723853943,3.58958335084848,3.62623662538361,
3.66074172321294,3.69399005765075,3.72603584584936,3.75693055839808,3.78672308123083,
3.81496282815104,3.84235915490467,3.86852883821183,3.88280954712951),
 .UNSPECIFIED.);
#18=B_SPLINE_CURVE_WITH_KNOTS('',3,(#3124,#3125,#3126,#3127,#3128,#3129,
#3130,#3131,#3132,#3133,#3134,#3135,#3136,#3137,#3138,#3139,#3140,#3141,
#3142,#3143,#3144,#3145,#3146,#3147,#3148,#3149,#3150,#3151,#3152,#3153,
#3154,#3155,#3156,#3157,#3158,#3159,#3160,#3161,#3162,#3163,#3164,#3165,
#3166,#3167,#3168,#3169,#3170,#3171,#3172,#3173,#3174,#3175,#3176,#3177,
#3178,#3179,#3180,#3181,#3182,#3183,#3184,#3185,#3186,#3187,#3188,#3189,
#3190,#3191,#3192,#3193,#3194,#3195,#3196,#3197,#3198,#3199,#3200,#3201,
#3202,#3203,#3204,#3205,#3206,#3207,#3208,#3209,#3210,#3211,#3212,#3213,
#3214,#3215,#3216,#3217,#3218,#3219,#3220,#3221,#3222,#3223,#3224,#3225,
#3226,#3227,#3228,#3229,#3230,#3231,#3232,#3233,#3234,#3235,#3236,#3237,
#3238,#3239,#3240,#3241,#3242,#3243,#3244,#3245,#3246,#3247,#3248,#3249,
#3250,#3251,#3252,#3253,#3254,#3255,#3256,#3257,#3258,#3259,#3260,#3261,
#3262,#3263,#3264,#3265,#3266,#3267,#3268,#3269,#3270,#3271,#3272,#3273,
#3274,#3275,#3276,#3277,#3278,#3279,#3280,#3281,#3282,#3283,#3284,#3285,
#3286,#3287,#3288,#3289,#3290,#3291,#3292,#3293,#3294,#3295,#3296,#3297,
#3298,#3299,#3300,#3301,#3302,#3303,#3304,#3305,#3306,#3307,#3308,#3309,
#3310,#3311,#3312,#3313,#3314,#3315,#3316,#3317,#3318,#3319,#3320,#3321,
#3322,#3323,#3324,#3325),.UNSPECIFIED.,.F.,.F.,(4,3,3,3,3,3,3,3,3,3,3,3,
3,3,3,3,3,3,3,3,3,3,3,3,3,3,3,3,3,3,3,3,3,3,3,3,3,3,3,3,3,3,3,3,3,3,3,3,
3,3,3,3,3,3,3,3,3,3,3,3,3,3,3,3,3,3,3,4),(0.,0.0259741644046616,0.0529782374463611,
0.081061459215625,0.110862227989878,0.141873827074946,0.174155568421264,
0.207770193768806,0.242784108960742,0.279267638497638,0.317295303025412,
0.356946123095793,0.39830395341375,0.441457852999372,0.486502498389094,
0.533538649412406,0.582673680550291,0.635163161941086,0.690036125475337,
0.747426630055657,0.80747900882959,0.870349342326672,0.936207381530792,
1.00523912188896,1.07765032818374,1.15367145143126,1.23356455888735,1.31980418557074,
1.41070929714288,1.50673061607535,1.60838271663842,1.71613642028739,1.82994879014614,
1.94796508470698,2.06889286360842,2.18226265632852,2.28854683700362,2.38818825638652,
2.48160208705799,2.56917755331249,2.65127955292608,2.72893841164983,2.80288782275003,
2.87337318409645,2.94061153902085,3.00479760823781,3.0661080619649,3.12470459649741,
3.18073619905476,3.23434085684666,3.28564688046216,3.33477395513099,3.38183399630749,
3.42693186161972,3.47016595506445,3.51162874854093,3.55140723853934,3.5895833508487,
3.62623662538387,3.66074172321322,3.69399005765108,3.72603584584968,3.75693055839829,
3.78672308123116,3.81496282815141,3.84235915490513,3.86852883821234,3.88280954713003),
 .UNSPECIFIED.);
#19=B_SPLINE_CURVE_WITH_KNOTS('',3,(#3338,#3339,#3340,#3341,#3342,#3343,
#3344,#3345,#3346,#3347,#3348,#3349,#3350,#3351,#3352,#3353,#3354,#3355,
#3356,#3357,#3358,#3359,#3360,#3361,#3362,#3363,#3364,#3365,#3366,#3367,
#3368,#3369,#3370,#3371,#3372,#3373,#3374,#3375,#3376,#3377,#3378,#3379,
#3380,#3381,#3382,#3383,#3384,#3385,#3386,#3387,#3388,#3389,#3390,#3391,
#3392,#3393,#3394,#3395,#3396,#3397,#3398,#3399,#3400,#3401,#3402,#3403,
#3404,#3405,#3406,#3407,#3408,#3409,#3410,#3411,#3412,#3413,#3414,#3415,
#3416,#3417,#3418,#3419,#3420,#3421,#3422,#3423,#3424,#3425,#3426,#3427,
#3428,#3429,#3430,#3431,#3432,#3433,#3434,#3435,#3436,#3437,#3438,#3439,
#3440,#3441,#3442,#3443,#3444,#3445,#3446,#3447,#3448,#3449,#3450,#3451,
#3452,#3453,#3454,#3455,#3456,#3457,#3458,#3459,#3460,#3461,#3462,#3463,
#3464,#3465,#3466,#3467,#3468,#3469,#3470,#3471,#3472,#3473,#3474,#3475,
#3476,#3477,#3478,#3479,#3480,#3481,#3482,#3483,#3484,#3485,#3486,#3487,
#3488,#3489,#3490,#3491,#3492,#3493,#3494,#3495,#3496,#3497,#3498,#3499,
#3500,#3501,#3502,#3503,#3504,#3505,#3506,#3507,#3508,#3509,#3510,#3511,
#3512,#3513,#3514,#3515,#3516,#3517,#3518,#3519,#3520,#3521,#3522,#3523,
#3524,#3525,#3526,#3527,#3528,#3529,#3530,#3531,#3532,#3533,#3534,#3535,
#3536,#3537,#3538,#3539),.UNSPECIFIED.,.F.,.F.,(4,3,3,3,3,3,3,3,3,3,3,3,
3,3,3,3,3,3,3,3,3,3,3,3,3,3,3,3,3,3,3,3,3,3,3,3,3,3,3,3,3,3,3,3,3,3,3,3,
3,3,3,3,3,3,3,3,3,3,3,3,3,3,3,3,3,3,3,4),(0.,0.0259741644045575,0.0529782374462758,
0.081061459215616,0.110862227989828,0.141873827074901,0.174155568421265,
0.207770193768788,0.24278410896071,0.279267638497609,0.317295303025523,
0.356946123095929,0.398303953413986,0.441457852999695,0.486502498389326,
0.533538649412881,0.582673680550915,0.635163161941748,0.690036125476078,
0.7474266300564,0.807479008830312,0.870349342327495,0.936207381531794,1.00523912188993,
1.0776503281849,1.15367145143236,1.23356455888835,1.31980418557182,1.41070929714402,
1.50673061607654,1.60838271663969,1.71613642028887,1.82994879014775,1.94796508470847,
2.06889286360979,2.18226265632977,2.28854683700476,2.38818825638756,2.48160208705893,
2.56917755331334,2.65127955292686,2.72893841165054,2.80288782275068,2.87337318409703,
2.94061153902141,3.0047976082383,3.06610806196541,3.12470459649793,3.18073619905518,
3.23434085684705,3.28564688046253,3.33477395513125,3.38183399630774,3.42693186161997,
3.47016595506474,3.51162874854112,3.55140723853951,3.58958335084871,3.62623662538381,
3.66074172321315,3.69399005765101,3.72603584584962,3.75693055839831,3.78672308123119,
3.81496282815137,3.84235915490505,3.86852883821218,3.88280954712955),
 .UNSPECIFIED.);
#20=(
BOUNDED_SURFACE()
B_SPLINE_SURFACE(2,1,((#2487,#2488),(#2489,#2490),(#2491,#2492)),
 .UNSPECIFIED.,.F.,.F.,.F.)
B_SPLINE_SURFACE_WITH_KNOTS((3,3),(2,2),(-2.04266985176438,0.),(0.,3.),
 .UNSPECIFIED.)
GEOMETRIC_REPRESENTATION_ITEM()
RATIONAL_B_SPLINE_SURFACE(((1.,1.),(3.,3.),(1.,1.)))
REPRESENTATION_ITEM('')
SURFACE()
);
#21=(
BOUNDED_SURFACE()
B_SPLINE_SURFACE(2,1,((#2695,#2696),(#2697,#2698),(#2699,#2700)),
 .UNSPECIFIED.,.F.,.F.,.F.)
B_SPLINE_SURFACE_WITH_KNOTS((3,3),(2,2),(-2.04266985176438,0.),(0.,3.),
 .UNSPECIFIED.)
GEOMETRIC_REPRESENTATION_ITEM()
RATIONAL_B_SPLINE_SURFACE(((1.,1.),(3.,3.),(1.,1.)))
REPRESENTATION_ITEM('')
SURFACE()
);
#22=(
BOUNDED_SURFACE()
B_SPLINE_SURFACE(2,1,((#2903,#2904),(#2905,#2906),(#2907,#2908)),
 .UNSPECIFIED.,.F.,.F.,.F.)
B_SPLINE_SURFACE_WITH_KNOTS((3,3),(2,2),(-2.04266985176438,0.),(0.,3.),
 .UNSPECIFIED.)
GEOMETRIC_REPRESENTATION_ITEM()
RATIONAL_B_SPLINE_SURFACE(((1.,1.),(3.,3.),(1.,1.)))
REPRESENTATION_ITEM('')
SURFACE()
);
#23=(
BOUNDED_SURFACE()
B_SPLINE_SURFACE(2,1,((#3117,#3118),(#3119,#3120),(#3121,#3122)),
 .UNSPECIFIED.,.F.,.F.,.F.)
B_SPLINE_SURFACE_WITH_KNOTS((3,3),(2,2),(-2.04266985176438,0.),(0.,3.),
 .UNSPECIFIED.)
GEOMETRIC_REPRESENTATION_ITEM()
RATIONAL_B_SPLINE_SURFACE(((1.,1.),(3.,3.),(1.,1.)))
REPRESENTATION_ITEM('')
SURFACE()
);
#24=(
BOUNDED_SURFACE()
B_SPLINE_SURFACE(2,1,((#3331,#3332),(#3333,#3334),(#3335,#3336)),
 .UNSPECIFIED.,.F.,.F.,.F.)
B_SPLINE_SURFACE_WITH_KNOTS((3,3),(2,2),(-2.04266985176438,0.),(0.,3.),
 .UNSPECIFIED.)
GEOMETRIC_REPRESENTATION_ITEM()
RATIONAL_B_SPLINE_SURFACE(((1.,1.),(3.,3.),(1.,1.)))
REPRESENTATION_ITEM('')
SURFACE()
);
#25=CYLINDRICAL_SURFACE('',#1636,14.);
#26=CYLINDRICAL_SURFACE('',#1646,1.5);
#27=CYLINDRICAL_SURFACE('',#1648,1.5);
#28=CYLINDRICAL_SURFACE('',#1650,1.5);
#29=CYLINDRICAL_SURFACE('',#1652,1.5);
#30=CYLINDRICAL_SURFACE('',#1654,1.5);
#31=CYLINDRICAL_SURFACE('',#1656,1.5);
#32=CYLINDRICAL_SURFACE('',#1658,1.5);
#33=CYLINDRICAL_SURFACE('',#1660,1.5);
#34=CYLINDRICAL_SURFACE('',#1662,5.99999934434892);
#35=CYLINDRICAL_SURFACE('',#1664,1.5);
#36=CYLINDRICAL_SURFACE('',#1666,1.5);
#37=CYLINDRICAL_SURFACE('',#1668,1.5);
#38=CYLINDRICAL_SURFACE('',#1680,27.5);
#39=CYLINDRICAL_SURFACE('',#1681,27.5);
#40=CYLINDRICAL_SURFACE('',#1682,27.5);
#41=CYLINDRICAL_SURFACE('',#1683,27.5);
#42=CYLINDRICAL_SURFACE('',#1684,27.5);
#43=FACE_BOUND('',#231,.T.);
#44=FACE_BOUND('',#232,.T.);
#45=FACE_BOUND('',#233,.T.);
#46=FACE_BOUND('',#234,.T.);
#47=FACE_BOUND('',#235,.T.);
#48=FACE_BOUND('',#236,.T.);
#49=FACE_BOUND('',#240,.T.);
#50=FACE_BOUND('',#241,.T.);
#51=FACE_BOUND('',#242,.T.);
#52=FACE_BOUND('',#243,.T.);
#53=FACE_BOUND('',#244,.T.);
#54=FACE_BOUND('',#245,.T.);
#55=FACE_BOUND('',#246,.T.);
#56=FACE_BOUND('',#269,.T.);
#57=FACE_BOUND('',#270,.T.);
#58=FACE_BOUND('',#271,.T.);
#59=FACE_BOUND('',#272,.T.);
#60=FACE_BOUND('',#273,.T.);
#61=FACE_BOUND('',#274,.T.);
#62=FACE_BOUND('',#275,.T.);
#63=FACE_BOUND('',#276,.T.);
#64=FACE_BOUND('',#277,.T.);
#65=FACE_BOUND('',#278,.T.);
#66=FACE_BOUND('',#279,.T.);
#67=FACE_BOUND('',#280,.T.);
#68=(
BOUNDED_CURVE()
B_SPLINE_CURVE(2,(#2360,#2361,#2362),.UNSPECIFIED.,.F.,.F.)
B_SPLINE_CURVE_WITH_KNOTS((3,3),(-2.04266985176438,0.),.UNSPECIFIED.)
CURVE()
GEOMETRIC_REPRESENTATION_ITEM()
RATIONAL_B_SPLINE_CURVE((1.,3.,1.))
REPRESENTATION_ITEM('')
);
#69=(
BOUNDED_CURVE()
B_SPLINE_CURVE(2,(#2372,#2373,#2374),.UNSPECIFIED.,.F.,.F.)
B_SPLINE_CURVE_WITH_KNOTS((3,3),(-2.04266985176438,0.),.UNSPECIFIED.)
CURVE()
GEOMETRIC_REPRESENTATION_ITEM()
RATIONAL_B_SPLINE_CURVE((1.,3.,1.))
REPRESENTATION_ITEM('')
);
#70=(
BOUNDED_CURVE()
B_SPLINE_CURVE(2,(#2380,#2381,#2382),.UNSPECIFIED.,.F.,.F.)
B_SPLINE_CURVE_WITH_KNOTS((3,3),(-2.04266985176438,0.),.UNSPECIFIED.)
CURVE()
GEOMETRIC_REPRESENTATION_ITEM()
RATIONAL_B_SPLINE_CURVE((1.,3.,1.))
REPRESENTATION_ITEM('')
);
#71=(
BOUNDED_CURVE()
B_SPLINE_CURVE(2,(#2387,#2388,#2389),.UNSPECIFIED.,.F.,.F.)
B_SPLINE_CURVE_WITH_KNOTS((3,3),(-2.04266985176438,0.),.UNSPECIFIED.)
CURVE()
GEOMETRIC_REPRESENTATION_ITEM()
RATIONAL_B_SPLINE_CURVE((1.,3.,1.))
REPRESENTATION_ITEM('')
);
#72=(
BOUNDED_CURVE()
B_SPLINE_CURVE(2,(#2392,#2393,#2394),.UNSPECIFIED.,.F.,.F.)
B_SPLINE_CURVE_WITH_KNOTS((3,3),(-2.04266985176438,0.),.UNSPECIFIED.)
CURVE()
GEOMETRIC_REPRESENTATION_ITEM()
RATIONAL_B_SPLINE_CURVE((1.,3.,1.))
REPRESENTATION_ITEM('')
);
#73=CIRCLE('',#1624,27.5);
#74=CIRCLE('',#1625,27.5);
#75=CIRCLE('',#1626,27.5);
#76=CIRCLE('',#1627,27.5);
#77=CIRCLE('',#1628,27.5);
#78=CIRCLE('',#1629,14.);
#79=CIRCLE('',#1630,1.5);
#80=CIRCLE('',#1631,1.5);
#81=CIRCLE('',#1632,1.5);
#82=CIRCLE('',#1633,1.5);
#83=CIRCLE('',#1634,1.5);
#84=CIRCLE('',#1637,14.);
#85=CIRCLE('',#1639,1.5);
#86=CIRCLE('',#1640,1.5);
#87=CIRCLE('',#1641,1.5);
#88=CIRCLE('',#1642,1.5);
#89=CIRCLE('',#1643,5.99999934434892);
#90=CIRCLE('',#1644,1.5);
#91=CIRCLE('',#1645,1.5);
#92=CIRCLE('',#1647,1.5);
#93=CIRCLE('',#1649,1.5);
#94=CIRCLE('',#1651,1.5);
#95=CIRCLE('',#1653,1.5);
#96=CIRCLE('',#1655,1.5);
#97=CIRCLE('',#1657,1.5);
#98=CIRCLE('',#1659,1.5);
#99=CIRCLE('',#1661,1.5);
#100=CIRCLE('',#1663,5.99999934434892);
#101=CIRCLE('',#1665,1.5);
#102=CIRCLE('',#1667,1.5);
#103=CIRCLE('',#1669,1.5);
#104=CIRCLE('',#1675,27.5);
#105=CIRCLE('',#1676,27.5);
#106=CIRCLE('',#1677,27.5);
#107=CIRCLE('',#1678,27.5);
#108=CIRCLE('',#1679,27.5);
#109=FACE_OUTER_BOUND('',#185,.T.);
#110=FACE_OUTER_BOUND('',#186,.T.);
#111=FACE_OUTER_BOUND('',#187,.T.);
#112=FACE_OUTER_BOUND('',#188,.T.);
#113=FACE_OUTER_BOUND('',#189,.T.);
#114=FACE_OUTER_BOUND('',#190,.T.);
#115=FACE_OUTER_BOUND('',#191,.T.);
#116=FACE_OUTER_BOUND('',#192,.T.);
#117=FACE_OUTER_BOUND('',#193,.T.);
#118=FACE_OUTER_BOUND('',#194,.T.);
#119=FACE_OUTER_BOUND('',#195,.T.);
#120=FACE_OUTER_BOUND('',#196,.T.);
#121=FACE_OUTER_BOUND('',#197,.T.);
#122=FACE_OUTER_BOUND('',#198,.T.);
#123=FACE_OUTER_BOUND('',#199,.T.);
#124=FACE_OUTER_BOUND('',#200,.T.);
#125=FACE_OUTER_BOUND('',#201,.T.);
#126=FACE_OUTER_BOUND('',#202,.T.);
#127=FACE_OUTER_BOUND('',#203,.T.);
#128=FACE_OUTER_BOUND('',#204,.T.);
#129=FACE_OUTER_BOUND('',#205,.T.);
#130=FACE_OUTER_BOUND('',#206,.T.);
#131=FACE_OUTER_BOUND('',#207,.T.);
#132=FACE_OUTER_BOUND('',#208,.T.);
#133=FACE_OUTER_BOUND('',#209,.T.);
#134=FACE_OUTER_BOUND('',#210,.T.);
#135=FACE_OUTER_BOUND('',#211,.T.);
#136=FACE_OUTER_BOUND('',#212,.T.);
#137=FACE_OUTER_BOUND('',#213,.T.);
#138=FACE_OUTER_BOUND('',#214,.T.);
#139=FACE_OUTER_BOUND('',#215,.T.);
#140=FACE_OUTER_BOUND('',#216,.T.);
#141=FACE_OUTER_BOUND('',#217,.T.);
#142=FACE_OUTER_BOUND('',#218,.T.);
#143=FACE_OUTER_BOUND('',#219,.T.);
#144=FACE_OUTER_BOUND('',#220,.T.);
#145=FACE_OUTER_BOUND('',#221,.T.);
#146=FACE_OUTER_BOUND('',#222,.T.);
#147=FACE_OUTER_BOUND('',#223,.T.);
#148=FACE_OUTER_BOUND('',#224,.T.);
#149=FACE_OUTER_BOUND('',#225,.T.);
#150=FACE_OUTER_BOUND('',#226,.T.);
#151=FACE_OUTER_BOUND('',#227,.T.);
#152=FACE_OUTER_BOUND('',#228,.T.);
#153=FACE_OUTER_BOUND('',#229,.T.);
#154=FACE_OUTER_BOUND('',#230,.T.);
#155=FACE_OUTER_BOUND('',#237,.T.);
#156=FACE_OUTER_BOUND('',#238,.T.);
#157=FACE_OUTER_BOUND('',#239,.T.);
#158=FACE_OUTER_BOUND('',#247,.T.);
#159=FACE_OUTER_BOUND('',#248,.T.);
#160=FACE_OUTER_BOUND('',#249,.T.);
#161=FACE_OUTER_BOUND('',#250,.T.);
#162=FACE_OUTER_BOUND('',#251,.T.);
#163=FACE_OUTER_BOUND('',#252,.T.);
#164=FACE_OUTER_BOUND('',#253,.T.);
#165=FACE_OUTER_BOUND('',#254,.T.);
#166=FACE_OUTER_BOUND('',#255,.T.);
#167=FACE_OUTER_BOUND('',#256,.T.);
#168=FACE_OUTER_BOUND('',#257,.T.);
#169=FACE_OUTER_BOUND('',#258,.T.);
#170=FACE_OUTER_BOUND('',#259,.T.);
#171=FACE_OUTER_BOUND('',#260,.T.);
#172=FACE_OUTER_BOUND('',#261,.T.);
#173=FACE_OUTER_BOUND('',#262,.T.);
#174=FACE_OUTER_BOUND('',#263,.T.);
#175=FACE_OUTER_BOUND('',#264,.T.);
#176=FACE_OUTER_BOUND('',#265,.T.);
#177=FACE_OUTER_BOUND('',#266,.T.);
#178=FACE_OUTER_BOUND('',#267,.T.);
#179=FACE_OUTER_BOUND('',#268,.T.);
#180=FACE_OUTER_BOUND('',#281,.T.);
#181=FACE_OUTER_BOUND('',#282,.T.);
#182=FACE_OUTER_BOUND('',#283,.T.);
#183=FACE_OUTER_BOUND('',#284,.T.);
#184=FACE_OUTER_BOUND('',#285,.T.);
#185=EDGE_LOOP('',(#997,#998,#999,#1000));
#186=EDGE_LOOP('',(#1001,#1002,#1003,#1004));
#187=EDGE_LOOP('',(#1005,#1006,#1007,#1008));
#188=EDGE_LOOP('',(#1009,#1010,#1011,#1012));
#189=EDGE_LOOP('',(#1013,#1014,#1015,#1016));
#190=EDGE_LOOP('',(#1017,#1018,#1019,#1020));
#191=EDGE_LOOP('',(#1021,#1022,#1023,#1024));
#192=EDGE_LOOP('',(#1025,#1026,#1027,#1028));
#193=EDGE_LOOP('',(#1029,#1030,#1031,#1032));
#194=EDGE_LOOP('',(#1033,#1034,#1035,#1036));
#195=EDGE_LOOP('',(#1037,#1038,#1039,#1040));
#196=EDGE_LOOP('',(#1041,#1042,#1043,#1044));
#197=EDGE_LOOP('',(#1045,#1046,#1047,#1048));
#198=EDGE_LOOP('',(#1049,#1050,#1051,#1052));
#199=EDGE_LOOP('',(#1053,#1054,#1055,#1056));
#200=EDGE_LOOP('',(#1057,#1058,#1059,#1060));
#201=EDGE_LOOP('',(#1061,#1062,#1063,#1064));
#202=EDGE_LOOP('',(#1065,#1066,#1067,#1068));
#203=EDGE_LOOP('',(#1069,#1070,#1071,#1072));
#204=EDGE_LOOP('',(#1073,#1074,#1075,#1076));
#205=EDGE_LOOP('',(#1077,#1078,#1079,#1080));
#206=EDGE_LOOP('',(#1081,#1082,#1083,#1084));
#207=EDGE_LOOP('',(#1085,#1086,#1087,#1088));
#208=EDGE_LOOP('',(#1089,#1090,#1091,#1092));
#209=EDGE_LOOP('',(#1093,#1094,#1095,#1096));
#210=EDGE_LOOP('',(#1097,#1098,#1099,#1100));
#211=EDGE_LOOP('',(#1101,#1102,#1103,#1104));
#212=EDGE_LOOP('',(#1105,#1106,#1107,#1108));
#213=EDGE_LOOP('',(#1109,#1110,#1111,#1112));
#214=EDGE_LOOP('',(#1113,#1114,#1115,#1116));
#215=EDGE_LOOP('',(#1117,#1118,#1119,#1120));
#216=EDGE_LOOP('',(#1121,#1122,#1123,#1124));
#217=EDGE_LOOP('',(#1125,#1126,#1127,#1128));
#218=EDGE_LOOP('',(#1129,#1130,#1131,#1132));
#219=EDGE_LOOP('',(#1133,#1134,#1135,#1136));
#220=EDGE_LOOP('',(#1137,#1138,#1139,#1140));
#221=EDGE_LOOP('',(#1141,#1142,#1143,#1144));
#222=EDGE_LOOP('',(#1145,#1146,#1147,#1148));
#223=EDGE_LOOP('',(#1149,#1150,#1151,#1152));
#224=EDGE_LOOP('',(#1153,#1154,#1155,#1156));
#225=EDGE_LOOP('',(#1157,#1158,#1159,#1160,#1161,#1162,#1163,#1164));
#226=EDGE_LOOP('',(#1165,#1166,#1167,#1168,#1169,#1170,#1171,#1172));
#227=EDGE_LOOP('',(#1173,#1174,#1175,#1176,#1177,#1178,#1179,#1180));
#228=EDGE_LOOP('',(#1181,#1182,#1183,#1184,#1185,#1186,#1187,#1188));
#229=EDGE_LOOP('',(#1189,#1190,#1191,#1192,#1193,#1194,#1195,#1196));
#230=EDGE_LOOP('',(#1197,#1198,#1199,#1200,#1201,#1202,#1203,#1204,#1205,
#1206,#1207,#1208,#1209,#1210,#1211,#1212,#1213,#1214,#1215,#1216,#1217,
#1218,#1219,#1220,#1221,#1222,#1223,#1224,#1225,#1226,#1227,#1228,#1229,
#1230,#1231,#1232,#1233,#1234,#1235,#1236,#1237,#1238,#1239,#1240,#1241,
#1242,#1243,#1244,#1245,#1246,#1247,#1248,#1249,#1250,#1251,#1252,#1253,
#1254,#1255,#1256));
#231=EDGE_LOOP('',(#1257));
#232=EDGE_LOOP('',(#1258));
#233=EDGE_LOOP('',(#1259));
#234=EDGE_LOOP('',(#1260));
#235=EDGE_LOOP('',(#1261));
#236=EDGE_LOOP('',(#1262));
#237=EDGE_LOOP('',(#1263,#1264,#1265,#1266,#1267,#1268,#1269,#1270));
#238=EDGE_LOOP('',(#1271,#1272,#1273,#1274));
#239=EDGE_LOOP('',(#1275));
#240=EDGE_LOOP('',(#1276));
#241=EDGE_LOOP('',(#1277));
#242=EDGE_LOOP('',(#1278));
#243=EDGE_LOOP('',(#1279));
#244=EDGE_LOOP('',(#1280));
#245=EDGE_LOOP('',(#1281));
#246=EDGE_LOOP('',(#1282));
#247=EDGE_LOOP('',(#1283,#1284,#1285,#1286));
#248=EDGE_LOOP('',(#1287,#1288,#1289,#1290));
#249=EDGE_LOOP('',(#1291,#1292,#1293,#1294));
#250=EDGE_LOOP('',(#1295,#1296,#1297,#1298));
#251=EDGE_LOOP('',(#1299,#1300,#1301,#1302));
#252=EDGE_LOOP('',(#1303,#1304,#1305,#1306));
#253=EDGE_LOOP('',(#1307,#1308,#1309,#1310));
#254=EDGE_LOOP('',(#1311,#1312,#1313,#1314));
#255=EDGE_LOOP('',(#1315,#1316,#1317,#1318));
#256=EDGE_LOOP('',(#1319,#1320,#1321,#1322));
#257=EDGE_LOOP('',(#1323,#1324,#1325,#1326));
#258=EDGE_LOOP('',(#1327,#1328,#1329,#1330));
#259=EDGE_LOOP('',(#1331,#1332,#1333,#1334,#1335,#1336,#1337,#1338));
#260=EDGE_LOOP('',(#1339,#1340,#1341,#1342));
#261=EDGE_LOOP('',(#1343,#1344,#1345,#1346));
#262=EDGE_LOOP('',(#1347,#1348,#1349,#1350));
#263=EDGE_LOOP('',(#1351,#1352,#1353,#1354,#1355,#1356,#1357,#1358));
#264=EDGE_LOOP('',(#1359,#1360,#1361,#1362));
#265=EDGE_LOOP('',(#1363,#1364,#1365,#1366,#1367,#1368,#1369,#1370));
#266=EDGE_LOOP('',(#1371,#1372,#1373,#1374));
#267=EDGE_LOOP('',(#1375,#1376,#1377,#1378,#1379,#1380,#1381,#1382));
#268=EDGE_LOOP('',(#1383,#1384,#1385,#1386,#1387,#1388,#1389,#1390,#1391,
#1392,#1393,#1394,#1395,#1396,#1397,#1398,#1399,#1400,#1401,#1402));
#269=EDGE_LOOP('',(#1403));
#270=EDGE_LOOP('',(#1404));
#271=EDGE_LOOP('',(#1405));
#272=EDGE_LOOP('',(#1406));
#273=EDGE_LOOP('',(#1407));
#274=EDGE_LOOP('',(#1408));
#275=EDGE_LOOP('',(#1409));
#276=EDGE_LOOP('',(#1410));
#277=EDGE_LOOP('',(#1411));
#278=EDGE_LOOP('',(#1412));
#279=EDGE_LOOP('',(#1413));
#280=EDGE_LOOP('',(#1414));
#281=EDGE_LOOP('',(#1415,#1416,#1417,#1418));
#282=EDGE_LOOP('',(#1419,#1420,#1421,#1422));
#283=EDGE_LOOP('',(#1423,#1424,#1425,#1426));
#284=EDGE_LOOP('',(#1427,#1428,#1429,#1430));
#285=EDGE_LOOP('',(#1431,#1432,#1433,#1434));
#286=LINE('',#2078,#459);
#287=LINE('',#2080,#460);
#288=LINE('',#2082,#461);
#289=LINE('',#2083,#462);
#290=LINE('',#2086,#463);
#291=LINE('',#2088,#464);
#292=LINE('',#2089,#465);
#293=LINE('',#2092,#466);
#294=LINE('',#2094,#467);
#295=LINE('',#2095,#468);
#296=LINE('',#2097,#469);
#297=LINE('',#2101,#470);
#298=LINE('',#2103,#471);
#299=LINE('',#2105,#472);
#300=LINE('',#2106,#473);
#301=LINE('',#2109,#474);
#302=LINE('',#2111,#475);
#303=LINE('',#2112,#476);
#304=LINE('',#2115,#477);
#305=LINE('',#2117,#478);
#306=LINE('',#2118,#479);
#307=LINE('',#2120,#480);
#308=LINE('',#2124,#481);
#309=LINE('',#2126,#482);
#310=LINE('',#2128,#483);
#311=LINE('',#2129,#484);
#312=LINE('',#2132,#485);
#313=LINE('',#2134,#486);
#314=LINE('',#2135,#487);
#315=LINE('',#2138,#488);
#316=LINE('',#2140,#489);
#317=LINE('',#2141,#490);
#318=LINE('',#2143,#491);
#319=LINE('',#2147,#492);
#320=LINE('',#2149,#493);
#321=LINE('',#2151,#494);
#322=LINE('',#2152,#495);
#323=LINE('',#2155,#496);
#324=LINE('',#2157,#497);
#325=LINE('',#2158,#498);
#326=LINE('',#2161,#499);
#327=LINE('',#2163,#500);
#328=LINE('',#2164,#501);
#329=LINE('',#2166,#502);
#330=LINE('',#2170,#503);
#331=LINE('',#2172,#504);
#332=LINE('',#2174,#505);
#333=LINE('',#2175,#506);
#334=LINE('',#2178,#507);
#335=LINE('',#2180,#508);
#336=LINE('',#2181,#509);
#337=LINE('',#2184,#510);
#338=LINE('',#2186,#511);
#339=LINE('',#2187,#512);
#340=LINE('',#2189,#513);
#341=LINE('',#2193,#514);
#342=LINE('',#2195,#515);
#343=LINE('',#2197,#516);
#344=LINE('',#2198,#517);
#345=LINE('',#2201,#518);
#346=LINE('',#2203,#519);
#347=LINE('',#2204,#520);
#348=LINE('',#2207,#521);
#349=LINE('',#2209,#522);
#350=LINE('',#2210,#523);
#351=LINE('',#2212,#524);
#352=LINE('',#2216,#525);
#353=LINE('',#2218,#526);
#354=LINE('',#2220,#527);
#355=LINE('',#2221,#528);
#356=LINE('',#2224,#529);
#357=LINE('',#2226,#530);
#358=LINE('',#2227,#531);
#359=LINE('',#2230,#532);
#360=LINE('',#2232,#533);
#361=LINE('',#2233,#534);
#362=LINE('',#2235,#535);
#363=LINE('',#2239,#536);
#364=LINE('',#2241,#537);
#365=LINE('',#2243,#538);
#366=LINE('',#2244,#539);
#367=LINE('',#2247,#540);
#368=LINE('',#2249,#541);
#369=LINE('',#2250,#542);
#370=LINE('',#2253,#543);
#371=LINE('',#2255,#544);
#372=LINE('',#2256,#545);
#373=LINE('',#2258,#546);
#374=LINE('',#2262,#547);
#375=LINE('',#2264,#548);
#376=LINE('',#2266,#549);
#377=LINE('',#2267,#550);
#378=LINE('',#2271,#551);
#379=LINE('',#2273,#552);
#380=LINE('',#2275,#553);
#381=LINE('',#2276,#554);
#382=LINE('',#2278,#555);
#383=LINE('',#2279,#556);
#384=LINE('',#2281,#557);
#385=LINE('',#2285,#558);
#386=LINE('',#2287,#559);
#387=LINE('',#2289,#560);
#388=LINE('',#2290,#561);
#389=LINE('',#2293,#562);
#390=LINE('',#2295,#563);
#391=LINE('',#2296,#564);
#392=LINE('',#2299,#565);
#393=LINE('',#2301,#566);
#394=LINE('',#2302,#567);
#395=LINE('',#2304,#568);
#396=LINE('',#2307,#569);
#397=LINE('',#2309,#570);
#398=LINE('',#2311,#571);
#399=LINE('',#2313,#572);
#400=LINE('',#2314,#573);
#401=LINE('',#2317,#574);
#402=LINE('',#2319,#575);
#403=LINE('',#2321,#576);
#404=LINE('',#2323,#577);
#405=LINE('',#2324,#578);
#406=LINE('',#2327,#579);
#407=LINE('',#2329,#580);
#408=LINE('',#2331,#581);
#409=LINE('',#2333,#582);
#410=LINE('',#2334,#583);
#411=LINE('',#2337,#584);
#412=LINE('',#2339,#585);
#413=LINE('',#2341,#586);
#414=LINE('',#2343,#587);
#415=LINE('',#2344,#588);
#416=LINE('',#2347,#589);
#417=LINE('',#2349,#590);
#418=LINE('',#2351,#591);
#419=LINE('',#2353,#592);
#420=LINE('',#2354,#593);
#421=LINE('',#2357,#594);
#422=LINE('',#2363,#595);
#423=LINE('',#2365,#596);
#424=LINE('',#2368,#597);
#425=LINE('',#2370,#598);
#426=LINE('',#2375,#599);
#427=LINE('',#2377,#600);
#428=LINE('',#2383,#601);
#429=LINE('',#2385,#602);
#430=LINE('',#2395,#603);
#431=LINE('',#2410,#604);
#432=LINE('',#2412,#605);
#433=LINE('',#2413,#606);
#434=LINE('',#2416,#607);
#435=LINE('',#2435,#608);
#436=LINE('',#2439,#609);
#437=LINE('',#2443,#610);
#438=LINE('',#2447,#611);
#439=LINE('',#2451,#612);
#440=LINE('',#2455,#613);
#441=LINE('',#2459,#614);
#442=LINE('',#2463,#615);
#443=LINE('',#2467,#616);
#444=LINE('',#2471,#617);
#445=LINE('',#2475,#618);
#446=LINE('',#2479,#619);
#447=LINE('',#2483,#620);
#448=LINE('',#2485,#621);
#449=LINE('',#2486,#622);
#450=LINE('',#3112,#623);
#451=LINE('',#3115,#624);
#452=LINE('',#3116,#625);
#453=LINE('',#3326,#626);
#454=LINE('',#3329,#627);
#455=LINE('',#3330,#628);
#456=LINE('',#3540,#629);
#457=LINE('',#3543,#630);
#458=LINE('',#3544,#631);
#459=VECTOR('',#1689,10.);
#460=VECTOR('',#1690,10.);
#461=VECTOR('',#1691,10.);
#462=VECTOR('',#1692,10.);
#463=VECTOR('',#1695,10.);
#464=VECTOR('',#1696,10.);
#465=VECTOR('',#1697,10.);
#466=VECTOR('',#1700,10.);
#467=VECTOR('',#1701,10.);
#468=VECTOR('',#1702,10.);
#469=VECTOR('',#1705,10.);
#470=VECTOR('',#1708,10.);
#471=VECTOR('',#1709,10.);
#472=VECTOR('',#1710,10.);
#473=VECTOR('',#1711,10.);
#474=VECTOR('',#1714,10.);
#475=VECTOR('',#1715,10.);
#476=VECTOR('',#1716,10.);
#477=VECTOR('',#1719,10.);
#478=VECTOR('',#1720,10.);
#479=VECTOR('',#1721,10.);
#480=VECTOR('',#1724,10.);
#481=VECTOR('',#1727,10.);
#482=VECTOR('',#1728,10.);
#483=VECTOR('',#1729,10.);
#484=VECTOR('',#1730,10.);
#485=VECTOR('',#1733,10.);
#486=VECTOR('',#1734,10.);
#487=VECTOR('',#1735,10.);
#488=VECTOR('',#1738,10.);
#489=VECTOR('',#1739,10.);
#490=VECTOR('',#1740,10.);
#491=VECTOR('',#1743,10.);
#492=VECTOR('',#1746,10.);
#493=VECTOR('',#1747,10.);
#494=VECTOR('',#1748,10.);
#495=VECTOR('',#1749,10.);
#496=VECTOR('',#1752,10.);
#497=VECTOR('',#1753,10.);
#498=VECTOR('',#1754,10.);
#499=VECTOR('',#1757,10.);
#500=VECTOR('',#1758,10.);
#501=VECTOR('',#1759,10.);
#502=VECTOR('',#1762,10.);
#503=VECTOR('',#1765,10.);
#504=VECTOR('',#1766,10.);
#505=VECTOR('',#1767,10.);
#506=VECTOR('',#1768,10.);
#507=VECTOR('',#1771,10.);
#508=VECTOR('',#1772,10.);
#509=VECTOR('',#1773,10.);
#510=VECTOR('',#1776,10.);
#511=VECTOR('',#1777,10.);
#512=VECTOR('',#1778,10.);
#513=VECTOR('',#1781,10.);
#514=VECTOR('',#1784,10.);
#515=VECTOR('',#1785,10.);
#516=VECTOR('',#1786,10.);
#517=VECTOR('',#1787,10.);
#518=VECTOR('',#1790,10.);
#519=VECTOR('',#1791,10.);
#520=VECTOR('',#1792,10.);
#521=VECTOR('',#1795,10.);
#522=VECTOR('',#1796,10.);
#523=VECTOR('',#1797,10.);
#524=VECTOR('',#1800,10.);
#525=VECTOR('',#1803,10.);
#526=VECTOR('',#1804,10.);
#527=VECTOR('',#1805,10.);
#528=VECTOR('',#1806,10.);
#529=VECTOR('',#1809,10.);
#530=VECTOR('',#1810,10.);
#531=VECTOR('',#1811,10.);
#532=VECTOR('',#1814,10.);
#533=VECTOR('',#1815,10.);
#534=VECTOR('',#1816,10.);
#535=VECTOR('',#1819,10.);
#536=VECTOR('',#1822,10.);
#537=VECTOR('',#1823,10.);
#538=VECTOR('',#1824,10.);
#539=VECTOR('',#1825,10.);
#540=VECTOR('',#1828,10.);
#541=VECTOR('',#1829,10.);
#542=VECTOR('',#1830,10.);
#543=VECTOR('',#1833,10.);
#544=VECTOR('',#1834,10.);
#545=VECTOR('',#1835,10.);
#546=VECTOR('',#1838,10.);
#547=VECTOR('',#1841,10.);
#548=VECTOR('',#1842,10.);
#549=VECTOR('',#1843,10.);
#550=VECTOR('',#1844,10.);
#551=VECTOR('',#1847,10.);
#552=VECTOR('',#1848,10.);
#553=VECTOR('',#1849,10.);
#554=VECTOR('',#1850,10.);
#555=VECTOR('',#1853,10.);
#556=VECTOR('',#1854,10.);
#557=VECTOR('',#1857,10.);
#558=VECTOR('',#1860,10.);
#559=VECTOR('',#1861,10.);
#560=VECTOR('',#1862,10.);
#561=VECTOR('',#1863,10.);
#562=VECTOR('',#1866,10.);
#563=VECTOR('',#1867,10.);
#564=VECTOR('',#1868,10.);
#565=VECTOR('',#1871,10.);
#566=VECTOR('',#1872,10.);
#567=VECTOR('',#1873,10.);
#568=VECTOR('',#1876,10.);
#569=VECTOR('',#1879,10.);
#570=VECTOR('',#1880,10.);
#571=VECTOR('',#1881,10.);
#572=VECTOR('',#1882,10.);
#573=VECTOR('',#1883,10.);
#574=VECTOR('',#1886,10.);
#575=VECTOR('',#1887,10.);
#576=VECTOR('',#1888,10.);
#577=VECTOR('',#1889,10.);
#578=VECTOR('',#1890,10.);
#579=VECTOR('',#1893,10.);
#580=VECTOR('',#1894,10.);
#581=VECTOR('',#1895,10.);
#582=VECTOR('',#1896,10.);
#583=VECTOR('',#1897,10.);
#584=VECTOR('',#1900,10.);
#585=VECTOR('',#1901,10.);
#586=VECTOR('',#1902,10.);
#587=VECTOR('',#1903,10.);
#588=VECTOR('',#1904,10.);
#589=VECTOR('',#1907,10.);
#590=VECTOR('',#1908,10.);
#591=VECTOR('',#1909,10.);
#592=VECTOR('',#1910,10.);
#593=VECTOR('',#1911,10.);
#594=VECTOR('',#1914,10.);
#595=VECTOR('',#1917,10.);
#596=VECTOR('',#1918,10.);
#597=VECTOR('',#1921,10.);
#598=VECTOR('',#1922,10.);
#599=VECTOR('',#1923,10.);
#600=VECTOR('',#1924,10.);
#601=VECTOR('',#1927,10.);
#602=VECTOR('',#1928,10.);
#603=VECTOR('',#1933,10.);
#604=VECTOR('',#1948,10.);
#605=VECTOR('',#1949,10.);
#606=VECTOR('',#1950,10.);
#607=VECTOR('',#1953,14.);
#608=VECTOR('',#1974,1.5);
#609=VECTOR('',#1979,1.5);
#610=VECTOR('',#1984,1.5);
#611=VECTOR('',#1989,1.5);
#612=VECTOR('',#1994,1.5);
#613=VECTOR('',#1999,1.5);
#614=VECTOR('',#2004,1.5);
#615=VECTOR('',#2009,1.5);
#616=VECTOR('',#2014,5.99999934434892);
#617=VECTOR('',#2019,1.5);
#618=VECTOR('',#2024,1.5);
#619=VECTOR('',#2029,1.5);
#620=VECTOR('',#2034,10.);
#621=VECTOR('',#2035,10.);
#622=VECTOR('',#2036,10.);
#623=VECTOR('',#2037,10.);
#624=VECTOR('',#2040,10.);
#625=VECTOR('',#2041,10.);
#626=VECTOR('',#2042,10.);
#627=VECTOR('',#2045,10.);
#628=VECTOR('',#2046,10.);
#629=VECTOR('',#2047,10.);
#630=VECTOR('',#2050,10.);
#631=VECTOR('',#2051,10.);
#632=VERTEX_POINT('',#2076);
#633=VERTEX_POINT('',#2077);
#634=VERTEX_POINT('',#2079);
#635=VERTEX_POINT('',#2081);
#636=VERTEX_POINT('',#2085);
#637=VERTEX_POINT('',#2087);
#638=VERTEX_POINT('',#2091);
#639=VERTEX_POINT('',#2093);
#640=VERTEX_POINT('',#2099);
#641=VERTEX_POINT('',#2100);
#642=VERTEX_POINT('',#2102);
#643=VERTEX_POINT('',#2104);
#644=VERTEX_POINT('',#2108);
#645=VERTEX_POINT('',#2110);
#646=VERTEX_POINT('',#2114);
#647=VERTEX_POINT('',#2116);
#648=VERTEX_POINT('',#2122);
#649=VERTEX_POINT('',#2123);
#650=VERTEX_POINT('',#2125);
#651=VERTEX_POINT('',#2127);
#652=VERTEX_POINT('',#2131);
#653=VERTEX_POINT('',#2133);
#654=VERTEX_POINT('',#2137);
#655=VERTEX_POINT('',#2139);
#656=VERTEX_POINT('',#2145);
#657=VERTEX_POINT('',#2146);
#658=VERTEX_POINT('',#2148);
#659=VERTEX_POINT('',#2150);
#660=VERTEX_POINT('',#2154);
#661=VERTEX_POINT('',#2156);
#662=VERTEX_POINT('',#2160);
#663=VERTEX_POINT('',#2162);
#664=VERTEX_POINT('',#2168);
#665=VERTEX_POINT('',#2169);
#666=VERTEX_POINT('',#2171);
#667=VERTEX_POINT('',#2173);
#668=VERTEX_POINT('',#2177);
#669=VERTEX_POINT('',#2179);
#670=VERTEX_POINT('',#2183);
#671=VERTEX_POINT('',#2185);
#672=VERTEX_POINT('',#2191);
#673=VERTEX_POINT('',#2192);
#674=VERTEX_POINT('',#2194);
#675=VERTEX_POINT('',#2196);
#676=VERTEX_POINT('',#2200);
#677=VERTEX_POINT('',#2202);
#678=VERTEX_POINT('',#2206);
#679=VERTEX_POINT('',#2208);
#680=VERTEX_POINT('',#2214);
#681=VERTEX_POINT('',#2215);
#682=VERTEX_POINT('',#2217);
#683=VERTEX_POINT('',#2219);
#684=VERTEX_POINT('',#2223);
#685=VERTEX_POINT('',#2225);
#686=VERTEX_POINT('',#2229);
#687=VERTEX_POINT('',#2231);
#688=VERTEX_POINT('',#2237);
#689=VERTEX_POINT('',#2238);
#690=VERTEX_POINT('',#2240);
#691=VERTEX_POINT('',#2242);
#692=VERTEX_POINT('',#2246);
#693=VERTEX_POINT('',#2248);
#694=VERTEX_POINT('',#2252);
#695=VERTEX_POINT('',#2254);
#696=VERTEX_POINT('',#2260);
#697=VERTEX_POINT('',#2261);
#698=VERTEX_POINT('',#2263);
#699=VERTEX_POINT('',#2265);
#700=VERTEX_POINT('',#2269);
#701=VERTEX_POINT('',#2270);
#702=VERTEX_POINT('',#2272);
#703=VERTEX_POINT('',#2274);
#704=VERTEX_POINT('',#2283);
#705=VERTEX_POINT('',#2284);
#706=VERTEX_POINT('',#2286);
#707=VERTEX_POINT('',#2288);
#708=VERTEX_POINT('',#2292);
#709=VERTEX_POINT('',#2294);
#710=VERTEX_POINT('',#2298);
#711=VERTEX_POINT('',#2300);
#712=VERTEX_POINT('',#2306);
#713=VERTEX_POINT('',#2308);
#714=VERTEX_POINT('',#2310);
#715=VERTEX_POINT('',#2312);
#716=VERTEX_POINT('',#2316);
#717=VERTEX_POINT('',#2318);
#718=VERTEX_POINT('',#2320);
#719=VERTEX_POINT('',#2322);
#720=VERTEX_POINT('',#2326);
#721=VERTEX_POINT('',#2328);
#722=VERTEX_POINT('',#2330);
#723=VERTEX_POINT('',#2332);
#724=VERTEX_POINT('',#2336);
#725=VERTEX_POINT('',#2338);
#726=VERTEX_POINT('',#2340);
#727=VERTEX_POINT('',#2342);
#728=VERTEX_POINT('',#2346);
#729=VERTEX_POINT('',#2348);
#730=VERTEX_POINT('',#2350);
#731=VERTEX_POINT('',#2352);
#732=VERTEX_POINT('',#2356);
#733=VERTEX_POINT('',#2359);
#734=VERTEX_POINT('',#2364);
#735=VERTEX_POINT('',#2366);
#736=VERTEX_POINT('',#2369);
#737=VERTEX_POINT('',#2371);
#738=VERTEX_POINT('',#2376);
#739=VERTEX_POINT('',#2379);
#740=VERTEX_POINT('',#2384);
#741=VERTEX_POINT('',#2391);
#742=VERTEX_POINT('',#2396);
#743=VERTEX_POINT('',#2398);
#744=VERTEX_POINT('',#2400);
#745=VERTEX_POINT('',#2402);
#746=VERTEX_POINT('',#2404);
#747=VERTEX_POINT('',#2406);
#748=VERTEX_POINT('',#2409);
#749=VERTEX_POINT('',#2411);
#750=VERTEX_POINT('',#2415);
#751=VERTEX_POINT('',#2419);
#752=VERTEX_POINT('',#2421);
#753=VERTEX_POINT('',#2423);
#754=VERTEX_POINT('',#2425);
#755=VERTEX_POINT('',#2427);
#756=VERTEX_POINT('',#2429);
#757=VERTEX_POINT('',#2431);
#758=VERTEX_POINT('',#2434);
#759=VERTEX_POINT('',#2438);
#760=VERTEX_POINT('',#2442);
#761=VERTEX_POINT('',#2446);
#762=VERTEX_POINT('',#2450);
#763=VERTEX_POINT('',#2454);
#764=VERTEX_POINT('',#2458);
#765=VERTEX_POINT('',#2462);
#766=VERTEX_POINT('',#2466);
#767=VERTEX_POINT('',#2470);
#768=VERTEX_POINT('',#2474);
#769=VERTEX_POINT('',#2478);
#770=VERTEX_POINT('',#2482);
#771=VERTEX_POINT('',#2484);
#772=VERTEX_POINT('',#2909);
#773=VERTEX_POINT('',#3114);
#774=VERTEX_POINT('',#3123);
#775=VERTEX_POINT('',#3328);
#776=VERTEX_POINT('',#3337);
#777=VERTEX_POINT('',#3542);
#778=EDGE_CURVE('',#632,#633,#286,.T.);
#779=EDGE_CURVE('',#632,#634,#287,.T.);
#780=EDGE_CURVE('',#634,#635,#288,.T.);
#781=EDGE_CURVE('',#633,#635,#289,.T.);
#782=EDGE_CURVE('',#636,#632,#290,.T.);
#783=EDGE_CURVE('',#636,#637,#291,.T.);
#784=EDGE_CURVE('',#637,#634,#292,.T.);
#785=EDGE_CURVE('',#638,#636,#293,.T.);
#786=EDGE_CURVE('',#639,#638,#294,.T.);
#787=EDGE_CURVE('',#639,#637,#295,.T.);
#788=EDGE_CURVE('',#635,#639,#296,.T.);
#789=EDGE_CURVE('',#640,#641,#297,.T.);
#790=EDGE_CURVE('',#640,#642,#298,.T.);
#791=EDGE_CURVE('',#642,#643,#299,.T.);
#792=EDGE_CURVE('',#641,#643,#300,.T.);
#793=EDGE_CURVE('',#644,#640,#301,.T.);
#794=EDGE_CURVE('',#644,#645,#302,.T.);
#795=EDGE_CURVE('',#645,#642,#303,.T.);
#796=EDGE_CURVE('',#646,#644,#304,.T.);
#797=EDGE_CURVE('',#647,#646,#305,.T.);
#798=EDGE_CURVE('',#647,#645,#306,.T.);
#799=EDGE_CURVE('',#643,#647,#307,.T.);
#800=EDGE_CURVE('',#648,#649,#308,.T.);
#801=EDGE_CURVE('',#648,#650,#309,.T.);
#802=EDGE_CURVE('',#650,#651,#310,.T.);
#803=EDGE_CURVE('',#649,#651,#311,.T.);
#804=EDGE_CURVE('',#652,#648,#312,.T.);
#805=EDGE_CURVE('',#652,#653,#313,.T.);
#806=EDGE_CURVE('',#653,#650,#314,.T.);
#807=EDGE_CURVE('',#654,#652,#315,.T.);
#808=EDGE_CURVE('',#655,#654,#316,.T.);
#809=EDGE_CURVE('',#655,#653,#317,.T.);
#810=EDGE_CURVE('',#651,#655,#318,.T.);
#811=EDGE_CURVE('',#656,#657,#319,.T.);
#812=EDGE_CURVE('',#656,#658,#320,.T.);
#813=EDGE_CURVE('',#658,#659,#321,.T.);
#814=EDGE_CURVE('',#657,#659,#322,.T.);
#815=EDGE_CURVE('',#660,#656,#323,.T.);
#816=EDGE_CURVE('',#660,#661,#324,.T.);
#817=EDGE_CURVE('',#661,#658,#325,.T.);
#818=EDGE_CURVE('',#662,#660,#326,.T.);
#819=EDGE_CURVE('',#663,#662,#327,.T.);
#820=EDGE_CURVE('',#663,#661,#328,.T.);
#821=EDGE_CURVE('',#659,#663,#329,.T.);
#822=EDGE_CURVE('',#664,#665,#330,.T.);
#823=EDGE_CURVE('',#664,#666,#331,.T.);
#824=EDGE_CURVE('',#666,#667,#332,.T.);
#825=EDGE_CURVE('',#665,#667,#333,.T.);
#826=EDGE_CURVE('',#668,#664,#334,.T.);
#827=EDGE_CURVE('',#668,#669,#335,.T.);
#828=EDGE_CURVE('',#669,#666,#336,.T.);
#829=EDGE_CURVE('',#670,#668,#337,.T.);
#830=EDGE_CURVE('',#671,#670,#338,.T.);
#831=EDGE_CURVE('',#671,#669,#339,.T.);
#832=EDGE_CURVE('',#667,#671,#340,.T.);
#833=EDGE_CURVE('',#672,#673,#341,.T.);
#834=EDGE_CURVE('',#672,#674,#342,.T.);
#835=EDGE_CURVE('',#674,#675,#343,.T.);
#836=EDGE_CURVE('',#673,#675,#344,.T.);
#837=EDGE_CURVE('',#676,#672,#345,.T.);
#838=EDGE_CURVE('',#676,#677,#346,.T.);
#839=EDGE_CURVE('',#677,#674,#347,.T.);
#840=EDGE_CURVE('',#678,#676,#348,.T.);
#841=EDGE_CURVE('',#679,#678,#349,.T.);
#842=EDGE_CURVE('',#679,#677,#350,.T.);
#843=EDGE_CURVE('',#675,#679,#351,.T.);
#844=EDGE_CURVE('',#680,#681,#352,.T.);
#845=EDGE_CURVE('',#680,#682,#353,.T.);
#846=EDGE_CURVE('',#682,#683,#354,.T.);
#847=EDGE_CURVE('',#681,#683,#355,.T.);
#848=EDGE_CURVE('',#684,#680,#356,.T.);
#849=EDGE_CURVE('',#684,#685,#357,.T.);
#850=EDGE_CURVE('',#685,#682,#358,.T.);
#851=EDGE_CURVE('',#686,#684,#359,.T.);
#852=EDGE_CURVE('',#687,#686,#360,.T.);
#853=EDGE_CURVE('',#687,#685,#361,.T.);
#854=EDGE_CURVE('',#683,#687,#362,.T.);
#855=EDGE_CURVE('',#688,#689,#363,.T.);
#856=EDGE_CURVE('',#688,#690,#364,.T.);
#857=EDGE_CURVE('',#690,#691,#365,.T.);
#858=EDGE_CURVE('',#689,#691,#366,.T.);
#859=EDGE_CURVE('',#692,#688,#367,.T.);
#860=EDGE_CURVE('',#692,#693,#368,.T.);
#861=EDGE_CURVE('',#693,#690,#369,.T.);
#862=EDGE_CURVE('',#694,#692,#370,.T.);
#863=EDGE_CURVE('',#695,#694,#371,.T.);
#864=EDGE_CURVE('',#695,#693,#372,.T.);
#865=EDGE_CURVE('',#691,#695,#373,.T.);
#866=EDGE_CURVE('',#696,#697,#374,.T.);
#867=EDGE_CURVE('',#698,#696,#375,.T.);
#868=EDGE_CURVE('',#698,#699,#376,.T.);
#869=EDGE_CURVE('',#697,#699,#377,.T.);
#870=EDGE_CURVE('',#700,#701,#378,.T.);
#871=EDGE_CURVE('',#700,#702,#379,.T.);
#872=EDGE_CURVE('',#702,#703,#380,.T.);
#873=EDGE_CURVE('',#701,#703,#381,.T.);
#874=EDGE_CURVE('',#697,#700,#382,.T.);
#875=EDGE_CURVE('',#699,#702,#383,.T.);
#876=EDGE_CURVE('',#703,#698,#384,.T.);
#877=EDGE_CURVE('',#704,#705,#385,.T.);
#878=EDGE_CURVE('',#704,#706,#386,.T.);
#879=EDGE_CURVE('',#706,#707,#387,.T.);
#880=EDGE_CURVE('',#705,#707,#388,.T.);
#881=EDGE_CURVE('',#708,#704,#389,.T.);
#882=EDGE_CURVE('',#708,#709,#390,.T.);
#883=EDGE_CURVE('',#709,#706,#391,.T.);
#884=EDGE_CURVE('',#710,#708,#392,.T.);
#885=EDGE_CURVE('',#711,#710,#393,.T.);
#886=EDGE_CURVE('',#711,#709,#394,.T.);
#887=EDGE_CURVE('',#707,#711,#395,.T.);
#888=EDGE_CURVE('',#712,#662,#396,.T.);
#889=EDGE_CURVE('',#713,#712,#397,.T.);
#890=EDGE_CURVE('',#714,#713,#398,.T.);
#891=EDGE_CURVE('',#715,#714,#399,.T.);
#892=EDGE_CURVE('',#657,#715,#400,.T.);
#893=EDGE_CURVE('',#716,#670,#401,.T.);
#894=EDGE_CURVE('',#717,#716,#402,.T.);
#895=EDGE_CURVE('',#718,#717,#403,.T.);
#896=EDGE_CURVE('',#719,#718,#404,.T.);
#897=EDGE_CURVE('',#665,#719,#405,.T.);
#898=EDGE_CURVE('',#720,#678,#406,.T.);
#899=EDGE_CURVE('',#721,#720,#407,.T.);
#900=EDGE_CURVE('',#722,#721,#408,.T.);
#901=EDGE_CURVE('',#723,#722,#409,.T.);
#902=EDGE_CURVE('',#673,#723,#410,.T.);
#903=EDGE_CURVE('',#724,#686,#411,.T.);
#904=EDGE_CURVE('',#725,#724,#412,.T.);
#905=EDGE_CURVE('',#726,#725,#413,.T.);
#906=EDGE_CURVE('',#727,#726,#414,.T.);
#907=EDGE_CURVE('',#681,#727,#415,.T.);
#908=EDGE_CURVE('',#728,#696,#416,.T.);
#909=EDGE_CURVE('',#728,#729,#417,.T.);
#910=EDGE_CURVE('',#730,#729,#418,.T.);
#911=EDGE_CURVE('',#731,#730,#419,.T.);
#912=EDGE_CURVE('',#701,#731,#420,.T.);
#913=EDGE_CURVE('',#633,#732,#421,.T.);
#914=EDGE_CURVE('',#732,#716,#73,.T.);
#915=EDGE_CURVE('',#719,#733,#68,.T.);
#916=EDGE_CURVE('',#733,#654,#422,.T.);
#917=EDGE_CURVE('',#649,#734,#423,.T.);
#918=EDGE_CURVE('',#734,#735,#74,.T.);
#919=EDGE_CURVE('',#735,#710,#424,.T.);
#920=EDGE_CURVE('',#705,#736,#425,.T.);
#921=EDGE_CURVE('',#736,#737,#69,.T.);
#922=EDGE_CURVE('',#737,#694,#426,.T.);
#923=EDGE_CURVE('',#689,#738,#427,.T.);
#924=EDGE_CURVE('',#738,#724,#75,.T.);
#925=EDGE_CURVE('',#727,#739,#70,.T.);
#926=EDGE_CURVE('',#739,#646,#428,.T.);
#927=EDGE_CURVE('',#641,#740,#429,.T.);
#928=EDGE_CURVE('',#740,#712,#76,.T.);
#929=EDGE_CURVE('',#715,#728,#71,.T.);
#930=EDGE_CURVE('',#731,#720,#77,.T.);
#931=EDGE_CURVE('',#723,#741,#72,.T.);
#932=EDGE_CURVE('',#741,#638,#430,.T.);
#933=EDGE_CURVE('',#742,#742,#78,.T.);
#934=EDGE_CURVE('',#743,#743,#79,.T.);
#935=EDGE_CURVE('',#744,#744,#80,.T.);
#936=EDGE_CURVE('',#745,#745,#81,.T.);
#937=EDGE_CURVE('',#746,#746,#82,.T.);
#938=EDGE_CURVE('',#747,#747,#83,.T.);
#939=EDGE_CURVE('',#748,#735,#431,.T.);
#940=EDGE_CURVE('',#749,#748,#432,.T.);
#941=EDGE_CURVE('',#736,#749,#433,.T.);
#942=EDGE_CURVE('',#742,#750,#434,.T.);
#943=EDGE_CURVE('',#750,#750,#84,.T.);
#944=EDGE_CURVE('',#751,#751,#85,.T.);
#945=EDGE_CURVE('',#752,#752,#86,.T.);
#946=EDGE_CURVE('',#753,#753,#87,.T.);
#947=EDGE_CURVE('',#754,#754,#88,.T.);
#948=EDGE_CURVE('',#755,#755,#89,.T.);
#949=EDGE_CURVE('',#756,#756,#90,.T.);
#950=EDGE_CURVE('',#757,#757,#91,.T.);
#951=EDGE_CURVE('',#747,#758,#435,.T.);
#952=EDGE_CURVE('',#758,#758,#92,.T.);
#953=EDGE_CURVE('',#753,#759,#436,.T.);
#954=EDGE_CURVE('',#759,#759,#93,.T.);
#955=EDGE_CURVE('',#751,#760,#437,.T.);
#956=EDGE_CURVE('',#760,#760,#94,.T.);
#957=EDGE_CURVE('',#752,#761,#438,.T.);
#958=EDGE_CURVE('',#761,#761,#95,.T.);
#959=EDGE_CURVE('',#757,#762,#439,.T.);
#960=EDGE_CURVE('',#762,#762,#96,.T.);
#961=EDGE_CURVE('',#746,#763,#440,.T.);
#962=EDGE_CURVE('',#763,#763,#97,.T.);
#963=EDGE_CURVE('',#745,#764,#441,.T.);
#964=EDGE_CURVE('',#764,#764,#98,.T.);
#965=EDGE_CURVE('',#754,#765,#442,.T.);
#966=EDGE_CURVE('',#765,#765,#99,.T.);
#967=EDGE_CURVE('',#755,#766,#443,.T.);
#968=EDGE_CURVE('',#766,#766,#100,.T.);
#969=EDGE_CURVE('',#756,#767,#444,.T.);
#970=EDGE_CURVE('',#767,#767,#101,.T.);
#971=EDGE_CURVE('',#744,#768,#445,.T.);
#972=EDGE_CURVE('',#768,#768,#102,.T.);
#973=EDGE_CURVE('',#743,#769,#446,.T.);
#974=EDGE_CURVE('',#769,#769,#103,.T.);
#975=EDGE_CURVE('',#741,#770,#447,.T.);
#976=EDGE_CURVE('',#771,#770,#448,.T.);
#977=EDGE_CURVE('',#732,#771,#449,.T.);
#978=EDGE_CURVE('',#770,#722,#15,.T.);
#979=EDGE_CURVE('',#729,#714,#16,.T.);
#980=EDGE_CURVE('',#772,#718,#17,.T.);
#981=EDGE_CURVE('',#733,#772,#450,.T.);
#982=EDGE_CURVE('',#773,#772,#451,.T.);
#983=EDGE_CURVE('',#734,#773,#452,.T.);
#984=EDGE_CURVE('',#774,#726,#18,.T.);
#985=EDGE_CURVE('',#739,#774,#453,.T.);
#986=EDGE_CURVE('',#775,#774,#454,.T.);
#987=EDGE_CURVE('',#740,#775,#455,.T.);
#988=EDGE_CURVE('',#776,#749,#19,.T.);
#989=EDGE_CURVE('',#737,#776,#456,.T.);
#990=EDGE_CURVE('',#777,#776,#457,.T.);
#991=EDGE_CURVE('',#738,#777,#458,.T.);
#992=EDGE_CURVE('',#730,#721,#104,.T.);
#993=EDGE_CURVE('',#775,#713,#105,.T.);
#994=EDGE_CURVE('',#777,#725,#106,.T.);
#995=EDGE_CURVE('',#773,#748,#107,.T.);
#996=EDGE_CURVE('',#771,#717,#108,.T.);
#997=ORIENTED_EDGE('',*,*,#778,.F.);
#998=ORIENTED_EDGE('',*,*,#779,.T.);
#999=ORIENTED_EDGE('',*,*,#780,.T.);
#1000=ORIENTED_EDGE('',*,*,#781,.F.);
#1001=ORIENTED_EDGE('',*,*,#782,.F.);
#1002=ORIENTED_EDGE('',*,*,#783,.T.);
#1003=ORIENTED_EDGE('',*,*,#784,.T.);
#1004=ORIENTED_EDGE('',*,*,#779,.F.);
#1005=ORIENTED_EDGE('',*,*,#785,.F.);
#1006=ORIENTED_EDGE('',*,*,#786,.F.);
#1007=ORIENTED_EDGE('',*,*,#787,.T.);
#1008=ORIENTED_EDGE('',*,*,#783,.F.);
#1009=ORIENTED_EDGE('',*,*,#787,.F.);
#1010=ORIENTED_EDGE('',*,*,#788,.F.);
#1011=ORIENTED_EDGE('',*,*,#780,.F.);
#1012=ORIENTED_EDGE('',*,*,#784,.F.);
#1013=ORIENTED_EDGE('',*,*,#789,.F.);
#1014=ORIENTED_EDGE('',*,*,#790,.T.);
#1015=ORIENTED_EDGE('',*,*,#791,.T.);
#1016=ORIENTED_EDGE('',*,*,#792,.F.);
#1017=ORIENTED_EDGE('',*,*,#793,.F.);
#1018=ORIENTED_EDGE('',*,*,#794,.T.);
#1019=ORIENTED_EDGE('',*,*,#795,.T.);
#1020=ORIENTED_EDGE('',*,*,#790,.F.);
#1021=ORIENTED_EDGE('',*,*,#796,.F.);
#1022=ORIENTED_EDGE('',*,*,#797,.F.);
#1023=ORIENTED_EDGE('',*,*,#798,.T.);
#1024=ORIENTED_EDGE('',*,*,#794,.F.);
#1025=ORIENTED_EDGE('',*,*,#798,.F.);
#1026=ORIENTED_EDGE('',*,*,#799,.F.);
#1027=ORIENTED_EDGE('',*,*,#791,.F.);
#1028=ORIENTED_EDGE('',*,*,#795,.F.);
#1029=ORIENTED_EDGE('',*,*,#800,.F.);
#1030=ORIENTED_EDGE('',*,*,#801,.T.);
#1031=ORIENTED_EDGE('',*,*,#802,.T.);
#1032=ORIENTED_EDGE('',*,*,#803,.F.);
#1033=ORIENTED_EDGE('',*,*,#804,.F.);
#1034=ORIENTED_EDGE('',*,*,#805,.T.);
#1035=ORIENTED_EDGE('',*,*,#806,.T.);
#1036=ORIENTED_EDGE('',*,*,#801,.F.);
#1037=ORIENTED_EDGE('',*,*,#807,.F.);
#1038=ORIENTED_EDGE('',*,*,#808,.F.);
#1039=ORIENTED_EDGE('',*,*,#809,.T.);
#1040=ORIENTED_EDGE('',*,*,#805,.F.);
#1041=ORIENTED_EDGE('',*,*,#809,.F.);
#1042=ORIENTED_EDGE('',*,*,#810,.F.);
#1043=ORIENTED_EDGE('',*,*,#802,.F.);
#1044=ORIENTED_EDGE('',*,*,#806,.F.);
#1045=ORIENTED_EDGE('',*,*,#811,.F.);
#1046=ORIENTED_EDGE('',*,*,#812,.T.);
#1047=ORIENTED_EDGE('',*,*,#813,.T.);
#1048=ORIENTED_EDGE('',*,*,#814,.F.);
#1049=ORIENTED_EDGE('',*,*,#815,.F.);
#1050=ORIENTED_EDGE('',*,*,#816,.T.);
#1051=ORIENTED_EDGE('',*,*,#817,.T.);
#1052=ORIENTED_EDGE('',*,*,#812,.F.);
#1053=ORIENTED_EDGE('',*,*,#818,.F.);
#1054=ORIENTED_EDGE('',*,*,#819,.F.);
#1055=ORIENTED_EDGE('',*,*,#820,.T.);
#1056=ORIENTED_EDGE('',*,*,#816,.F.);
#1057=ORIENTED_EDGE('',*,*,#821,.F.);
#1058=ORIENTED_EDGE('',*,*,#813,.F.);
#1059=ORIENTED_EDGE('',*,*,#817,.F.);
#1060=ORIENTED_EDGE('',*,*,#820,.F.);
#1061=ORIENTED_EDGE('',*,*,#822,.F.);
#1062=ORIENTED_EDGE('',*,*,#823,.T.);
#1063=ORIENTED_EDGE('',*,*,#824,.T.);
#1064=ORIENTED_EDGE('',*,*,#825,.F.);
#1065=ORIENTED_EDGE('',*,*,#826,.F.);
#1066=ORIENTED_EDGE('',*,*,#827,.T.);
#1067=ORIENTED_EDGE('',*,*,#828,.T.);
#1068=ORIENTED_EDGE('',*,*,#823,.F.);
#1069=ORIENTED_EDGE('',*,*,#829,.F.);
#1070=ORIENTED_EDGE('',*,*,#830,.F.);
#1071=ORIENTED_EDGE('',*,*,#831,.T.);
#1072=ORIENTED_EDGE('',*,*,#827,.F.);
#1073=ORIENTED_EDGE('',*,*,#832,.F.);
#1074=ORIENTED_EDGE('',*,*,#824,.F.);
#1075=ORIENTED_EDGE('',*,*,#828,.F.);
#1076=ORIENTED_EDGE('',*,*,#831,.F.);
#1077=ORIENTED_EDGE('',*,*,#833,.F.);
#1078=ORIENTED_EDGE('',*,*,#834,.T.);
#1079=ORIENTED_EDGE('',*,*,#835,.T.);
#1080=ORIENTED_EDGE('',*,*,#836,.F.);
#1081=ORIENTED_EDGE('',*,*,#837,.F.);
#1082=ORIENTED_EDGE('',*,*,#838,.T.);
#1083=ORIENTED_EDGE('',*,*,#839,.T.);
#1084=ORIENTED_EDGE('',*,*,#834,.F.);
#1085=ORIENTED_EDGE('',*,*,#840,.F.);
#1086=ORIENTED_EDGE('',*,*,#841,.F.);
#1087=ORIENTED_EDGE('',*,*,#842,.T.);
#1088=ORIENTED_EDGE('',*,*,#838,.F.);
#1089=ORIENTED_EDGE('',*,*,#843,.F.);
#1090=ORIENTED_EDGE('',*,*,#835,.F.);
#1091=ORIENTED_EDGE('',*,*,#839,.F.);
#1092=ORIENTED_EDGE('',*,*,#842,.F.);
#1093=ORIENTED_EDGE('',*,*,#844,.F.);
#1094=ORIENTED_EDGE('',*,*,#845,.T.);
#1095=ORIENTED_EDGE('',*,*,#846,.T.);
#1096=ORIENTED_EDGE('',*,*,#847,.F.);
#1097=ORIENTED_EDGE('',*,*,#848,.F.);
#1098=ORIENTED_EDGE('',*,*,#849,.T.);
#1099=ORIENTED_EDGE('',*,*,#850,.T.);
#1100=ORIENTED_EDGE('',*,*,#845,.F.);
#1101=ORIENTED_EDGE('',*,*,#851,.F.);
#1102=ORIENTED_EDGE('',*,*,#852,.F.);
#1103=ORIENTED_EDGE('',*,*,#853,.T.);
#1104=ORIENTED_EDGE('',*,*,#849,.F.);
#1105=ORIENTED_EDGE('',*,*,#854,.F.);
#1106=ORIENTED_EDGE('',*,*,#846,.F.);
#1107=ORIENTED_EDGE('',*,*,#850,.F.);
#1108=ORIENTED_EDGE('',*,*,#853,.F.);
#1109=ORIENTED_EDGE('',*,*,#855,.F.);
#1110=ORIENTED_EDGE('',*,*,#856,.T.);
#1111=ORIENTED_EDGE('',*,*,#857,.T.);
#1112=ORIENTED_EDGE('',*,*,#858,.F.);
#1113=ORIENTED_EDGE('',*,*,#859,.F.);
#1114=ORIENTED_EDGE('',*,*,#860,.T.);
#1115=ORIENTED_EDGE('',*,*,#861,.T.);
#1116=ORIENTED_EDGE('',*,*,#856,.F.);
#1117=ORIENTED_EDGE('',*,*,#862,.F.);
#1118=ORIENTED_EDGE('',*,*,#863,.F.);
#1119=ORIENTED_EDGE('',*,*,#864,.T.);
#1120=ORIENTED_EDGE('',*,*,#860,.F.);
#1121=ORIENTED_EDGE('',*,*,#864,.F.);
#1122=ORIENTED_EDGE('',*,*,#865,.F.);
#1123=ORIENTED_EDGE('',*,*,#857,.F.);
#1124=ORIENTED_EDGE('',*,*,#861,.F.);
#1125=ORIENTED_EDGE('',*,*,#866,.F.);
#1126=ORIENTED_EDGE('',*,*,#867,.F.);
#1127=ORIENTED_EDGE('',*,*,#868,.T.);
#1128=ORIENTED_EDGE('',*,*,#869,.F.);
#1129=ORIENTED_EDGE('',*,*,#870,.F.);
#1130=ORIENTED_EDGE('',*,*,#871,.T.);
#1131=ORIENTED_EDGE('',*,*,#872,.T.);
#1132=ORIENTED_EDGE('',*,*,#873,.F.);
#1133=ORIENTED_EDGE('',*,*,#874,.F.);
#1134=ORIENTED_EDGE('',*,*,#869,.T.);
#1135=ORIENTED_EDGE('',*,*,#875,.T.);
#1136=ORIENTED_EDGE('',*,*,#871,.F.);
#1137=ORIENTED_EDGE('',*,*,#875,.F.);
#1138=ORIENTED_EDGE('',*,*,#868,.F.);
#1139=ORIENTED_EDGE('',*,*,#876,.F.);
#1140=ORIENTED_EDGE('',*,*,#872,.F.);
#1141=ORIENTED_EDGE('',*,*,#877,.F.);
#1142=ORIENTED_EDGE('',*,*,#878,.T.);
#1143=ORIENTED_EDGE('',*,*,#879,.T.);
#1144=ORIENTED_EDGE('',*,*,#880,.F.);
#1145=ORIENTED_EDGE('',*,*,#881,.F.);
#1146=ORIENTED_EDGE('',*,*,#882,.T.);
#1147=ORIENTED_EDGE('',*,*,#883,.T.);
#1148=ORIENTED_EDGE('',*,*,#878,.F.);
#1149=ORIENTED_EDGE('',*,*,#884,.F.);
#1150=ORIENTED_EDGE('',*,*,#885,.F.);
#1151=ORIENTED_EDGE('',*,*,#886,.T.);
#1152=ORIENTED_EDGE('',*,*,#882,.F.);
#1153=ORIENTED_EDGE('',*,*,#887,.F.);
#1154=ORIENTED_EDGE('',*,*,#879,.F.);
#1155=ORIENTED_EDGE('',*,*,#883,.F.);
#1156=ORIENTED_EDGE('',*,*,#886,.F.);
#1157=ORIENTED_EDGE('',*,*,#814,.T.);
#1158=ORIENTED_EDGE('',*,*,#821,.T.);
#1159=ORIENTED_EDGE('',*,*,#819,.T.);
#1160=ORIENTED_EDGE('',*,*,#888,.F.);
#1161=ORIENTED_EDGE('',*,*,#889,.F.);
#1162=ORIENTED_EDGE('',*,*,#890,.F.);
#1163=ORIENTED_EDGE('',*,*,#891,.F.);
#1164=ORIENTED_EDGE('',*,*,#892,.F.);
#1165=ORIENTED_EDGE('',*,*,#825,.T.);
#1166=ORIENTED_EDGE('',*,*,#832,.T.);
#1167=ORIENTED_EDGE('',*,*,#830,.T.);
#1168=ORIENTED_EDGE('',*,*,#893,.F.);
#1169=ORIENTED_EDGE('',*,*,#894,.F.);
#1170=ORIENTED_EDGE('',*,*,#895,.F.);
#1171=ORIENTED_EDGE('',*,*,#896,.F.);
#1172=ORIENTED_EDGE('',*,*,#897,.F.);
#1173=ORIENTED_EDGE('',*,*,#836,.T.);
#1174=ORIENTED_EDGE('',*,*,#843,.T.);
#1175=ORIENTED_EDGE('',*,*,#841,.T.);
#1176=ORIENTED_EDGE('',*,*,#898,.F.);
#1177=ORIENTED_EDGE('',*,*,#899,.F.);
#1178=ORIENTED_EDGE('',*,*,#900,.F.);
#1179=ORIENTED_EDGE('',*,*,#901,.F.);
#1180=ORIENTED_EDGE('',*,*,#902,.F.);
#1181=ORIENTED_EDGE('',*,*,#847,.T.);
#1182=ORIENTED_EDGE('',*,*,#854,.T.);
#1183=ORIENTED_EDGE('',*,*,#852,.T.);
#1184=ORIENTED_EDGE('',*,*,#903,.F.);
#1185=ORIENTED_EDGE('',*,*,#904,.F.);
#1186=ORIENTED_EDGE('',*,*,#905,.F.);
#1187=ORIENTED_EDGE('',*,*,#906,.F.);
#1188=ORIENTED_EDGE('',*,*,#907,.F.);
#1189=ORIENTED_EDGE('',*,*,#873,.T.);
#1190=ORIENTED_EDGE('',*,*,#876,.T.);
#1191=ORIENTED_EDGE('',*,*,#867,.T.);
#1192=ORIENTED_EDGE('',*,*,#908,.F.);
#1193=ORIENTED_EDGE('',*,*,#909,.T.);
#1194=ORIENTED_EDGE('',*,*,#910,.F.);
#1195=ORIENTED_EDGE('',*,*,#911,.F.);
#1196=ORIENTED_EDGE('',*,*,#912,.F.);
#1197=ORIENTED_EDGE('',*,*,#785,.T.);
#1198=ORIENTED_EDGE('',*,*,#782,.T.);
#1199=ORIENTED_EDGE('',*,*,#778,.T.);
#1200=ORIENTED_EDGE('',*,*,#913,.T.);
#1201=ORIENTED_EDGE('',*,*,#914,.T.);
#1202=ORIENTED_EDGE('',*,*,#893,.T.);
#1203=ORIENTED_EDGE('',*,*,#829,.T.);
#1204=ORIENTED_EDGE('',*,*,#826,.T.);
#1205=ORIENTED_EDGE('',*,*,#822,.T.);
#1206=ORIENTED_EDGE('',*,*,#897,.T.);
#1207=ORIENTED_EDGE('',*,*,#915,.T.);
#1208=ORIENTED_EDGE('',*,*,#916,.T.);
#1209=ORIENTED_EDGE('',*,*,#807,.T.);
#1210=ORIENTED_EDGE('',*,*,#804,.T.);
#1211=ORIENTED_EDGE('',*,*,#800,.T.);
#1212=ORIENTED_EDGE('',*,*,#917,.T.);
#1213=ORIENTED_EDGE('',*,*,#918,.T.);
#1214=ORIENTED_EDGE('',*,*,#919,.T.);
#1215=ORIENTED_EDGE('',*,*,#884,.T.);
#1216=ORIENTED_EDGE('',*,*,#881,.T.);
#1217=ORIENTED_EDGE('',*,*,#877,.T.);
#1218=ORIENTED_EDGE('',*,*,#920,.T.);
#1219=ORIENTED_EDGE('',*,*,#921,.T.);
#1220=ORIENTED_EDGE('',*,*,#922,.T.);
#1221=ORIENTED_EDGE('',*,*,#862,.T.);
#1222=ORIENTED_EDGE('',*,*,#859,.T.);
#1223=ORIENTED_EDGE('',*,*,#855,.T.);
#1224=ORIENTED_EDGE('',*,*,#923,.T.);
#1225=ORIENTED_EDGE('',*,*,#924,.T.);
#1226=ORIENTED_EDGE('',*,*,#903,.T.);
#1227=ORIENTED_EDGE('',*,*,#851,.T.);
#1228=ORIENTED_EDGE('',*,*,#848,.T.);
#1229=ORIENTED_EDGE('',*,*,#844,.T.);
#1230=ORIENTED_EDGE('',*,*,#907,.T.);
#1231=ORIENTED_EDGE('',*,*,#925,.T.);
#1232=ORIENTED_EDGE('',*,*,#926,.T.);
#1233=ORIENTED_EDGE('',*,*,#796,.T.);
#1234=ORIENTED_EDGE('',*,*,#793,.T.);
#1235=ORIENTED_EDGE('',*,*,#789,.T.);
#1236=ORIENTED_EDGE('',*,*,#927,.T.);
#1237=ORIENTED_EDGE('',*,*,#928,.T.);
#1238=ORIENTED_EDGE('',*,*,#888,.T.);
#1239=ORIENTED_EDGE('',*,*,#818,.T.);
#1240=ORIENTED_EDGE('',*,*,#815,.T.);
#1241=ORIENTED_EDGE('',*,*,#811,.T.);
#1242=ORIENTED_EDGE('',*,*,#892,.T.);
#1243=ORIENTED_EDGE('',*,*,#929,.T.);
#1244=ORIENTED_EDGE('',*,*,#908,.T.);
#1245=ORIENTED_EDGE('',*,*,#866,.T.);
#1246=ORIENTED_EDGE('',*,*,#874,.T.);
#1247=ORIENTED_EDGE('',*,*,#870,.T.);
#1248=ORIENTED_EDGE('',*,*,#912,.T.);
#1249=ORIENTED_EDGE('',*,*,#930,.T.);
#1250=ORIENTED_EDGE('',*,*,#898,.T.);
#1251=ORIENTED_EDGE('',*,*,#840,.T.);
#1252=ORIENTED_EDGE('',*,*,#837,.T.);
#1253=ORIENTED_EDGE('',*,*,#833,.T.);
#1254=ORIENTED_EDGE('',*,*,#902,.T.);
#1255=ORIENTED_EDGE('',*,*,#931,.T.);
#1256=ORIENTED_EDGE('',*,*,#932,.T.);
#1257=ORIENTED_EDGE('',*,*,#933,.T.);
#1258=ORIENTED_EDGE('',*,*,#934,.T.);
#1259=ORIENTED_EDGE('',*,*,#935,.T.);
#1260=ORIENTED_EDGE('',*,*,#936,.T.);
#1261=ORIENTED_EDGE('',*,*,#937,.T.);
#1262=ORIENTED_EDGE('',*,*,#938,.T.);
#1263=ORIENTED_EDGE('',*,*,#880,.T.);
#1264=ORIENTED_EDGE('',*,*,#887,.T.);
#1265=ORIENTED_EDGE('',*,*,#885,.T.);
#1266=ORIENTED_EDGE('',*,*,#919,.F.);
#1267=ORIENTED_EDGE('',*,*,#939,.F.);
#1268=ORIENTED_EDGE('',*,*,#940,.F.);
#1269=ORIENTED_EDGE('',*,*,#941,.F.);
#1270=ORIENTED_EDGE('',*,*,#920,.F.);
#1271=ORIENTED_EDGE('',*,*,#933,.F.);
#1272=ORIENTED_EDGE('',*,*,#942,.T.);
#1273=ORIENTED_EDGE('',*,*,#943,.T.);
#1274=ORIENTED_EDGE('',*,*,#942,.F.);
#1275=ORIENTED_EDGE('',*,*,#943,.F.);
#1276=ORIENTED_EDGE('',*,*,#944,.F.);
#1277=ORIENTED_EDGE('',*,*,#945,.F.);
#1278=ORIENTED_EDGE('',*,*,#946,.F.);
#1279=ORIENTED_EDGE('',*,*,#947,.F.);
#1280=ORIENTED_EDGE('',*,*,#948,.F.);
#1281=ORIENTED_EDGE('',*,*,#949,.F.);
#1282=ORIENTED_EDGE('',*,*,#950,.F.);
#1283=ORIENTED_EDGE('',*,*,#938,.F.);
#1284=ORIENTED_EDGE('',*,*,#951,.T.);
#1285=ORIENTED_EDGE('',*,*,#952,.F.);
#1286=ORIENTED_EDGE('',*,*,#951,.F.);
#1287=ORIENTED_EDGE('',*,*,#946,.T.);
#1288=ORIENTED_EDGE('',*,*,#953,.T.);
#1289=ORIENTED_EDGE('',*,*,#954,.F.);
#1290=ORIENTED_EDGE('',*,*,#953,.F.);
#1291=ORIENTED_EDGE('',*,*,#944,.T.);
#1292=ORIENTED_EDGE('',*,*,#955,.T.);
#1293=ORIENTED_EDGE('',*,*,#956,.F.);
#1294=ORIENTED_EDGE('',*,*,#955,.F.);
#1295=ORIENTED_EDGE('',*,*,#945,.T.);
#1296=ORIENTED_EDGE('',*,*,#957,.T.);
#1297=ORIENTED_EDGE('',*,*,#958,.F.);
#1298=ORIENTED_EDGE('',*,*,#957,.F.);
#1299=ORIENTED_EDGE('',*,*,#950,.T.);
#1300=ORIENTED_EDGE('',*,*,#959,.T.);
#1301=ORIENTED_EDGE('',*,*,#960,.F.);
#1302=ORIENTED_EDGE('',*,*,#959,.F.);
#1303=ORIENTED_EDGE('',*,*,#937,.F.);
#1304=ORIENTED_EDGE('',*,*,#961,.T.);
#1305=ORIENTED_EDGE('',*,*,#962,.F.);
#1306=ORIENTED_EDGE('',*,*,#961,.F.);
#1307=ORIENTED_EDGE('',*,*,#936,.F.);
#1308=ORIENTED_EDGE('',*,*,#963,.T.);
#1309=ORIENTED_EDGE('',*,*,#964,.F.);
#1310=ORIENTED_EDGE('',*,*,#963,.F.);
#1311=ORIENTED_EDGE('',*,*,#947,.T.);
#1312=ORIENTED_EDGE('',*,*,#965,.T.);
#1313=ORIENTED_EDGE('',*,*,#966,.F.);
#1314=ORIENTED_EDGE('',*,*,#965,.F.);
#1315=ORIENTED_EDGE('',*,*,#948,.T.);
#1316=ORIENTED_EDGE('',*,*,#967,.T.);
#1317=ORIENTED_EDGE('',*,*,#968,.F.);
#1318=ORIENTED_EDGE('',*,*,#967,.F.);
#1319=ORIENTED_EDGE('',*,*,#949,.T.);
#1320=ORIENTED_EDGE('',*,*,#969,.T.);
#1321=ORIENTED_EDGE('',*,*,#970,.F.);
#1322=ORIENTED_EDGE('',*,*,#969,.F.);
#1323=ORIENTED_EDGE('',*,*,#935,.F.);
#1324=ORIENTED_EDGE('',*,*,#971,.T.);
#1325=ORIENTED_EDGE('',*,*,#972,.F.);
#1326=ORIENTED_EDGE('',*,*,#971,.F.);
#1327=ORIENTED_EDGE('',*,*,#934,.F.);
#1328=ORIENTED_EDGE('',*,*,#973,.T.);
#1329=ORIENTED_EDGE('',*,*,#974,.F.);
#1330=ORIENTED_EDGE('',*,*,#973,.F.);
#1331=ORIENTED_EDGE('',*,*,#786,.T.);
#1332=ORIENTED_EDGE('',*,*,#932,.F.);
#1333=ORIENTED_EDGE('',*,*,#975,.T.);
#1334=ORIENTED_EDGE('',*,*,#976,.F.);
#1335=ORIENTED_EDGE('',*,*,#977,.F.);
#1336=ORIENTED_EDGE('',*,*,#913,.F.);
#1337=ORIENTED_EDGE('',*,*,#781,.T.);
#1338=ORIENTED_EDGE('',*,*,#788,.T.);
#1339=ORIENTED_EDGE('',*,*,#978,.F.);
#1340=ORIENTED_EDGE('',*,*,#975,.F.);
#1341=ORIENTED_EDGE('',*,*,#931,.F.);
#1342=ORIENTED_EDGE('',*,*,#901,.T.);
#1343=ORIENTED_EDGE('',*,*,#979,.F.);
#1344=ORIENTED_EDGE('',*,*,#909,.F.);
#1345=ORIENTED_EDGE('',*,*,#929,.F.);
#1346=ORIENTED_EDGE('',*,*,#891,.T.);
#1347=ORIENTED_EDGE('',*,*,#980,.F.);
#1348=ORIENTED_EDGE('',*,*,#981,.F.);
#1349=ORIENTED_EDGE('',*,*,#915,.F.);
#1350=ORIENTED_EDGE('',*,*,#896,.T.);
#1351=ORIENTED_EDGE('',*,*,#808,.T.);
#1352=ORIENTED_EDGE('',*,*,#916,.F.);
#1353=ORIENTED_EDGE('',*,*,#981,.T.);
#1354=ORIENTED_EDGE('',*,*,#982,.F.);
#1355=ORIENTED_EDGE('',*,*,#983,.F.);
#1356=ORIENTED_EDGE('',*,*,#917,.F.);
#1357=ORIENTED_EDGE('',*,*,#803,.T.);
#1358=ORIENTED_EDGE('',*,*,#810,.T.);
#1359=ORIENTED_EDGE('',*,*,#984,.F.);
#1360=ORIENTED_EDGE('',*,*,#985,.F.);
#1361=ORIENTED_EDGE('',*,*,#925,.F.);
#1362=ORIENTED_EDGE('',*,*,#906,.T.);
#1363=ORIENTED_EDGE('',*,*,#797,.T.);
#1364=ORIENTED_EDGE('',*,*,#926,.F.);
#1365=ORIENTED_EDGE('',*,*,#985,.T.);
#1366=ORIENTED_EDGE('',*,*,#986,.F.);
#1367=ORIENTED_EDGE('',*,*,#987,.F.);
#1368=ORIENTED_EDGE('',*,*,#927,.F.);
#1369=ORIENTED_EDGE('',*,*,#792,.T.);
#1370=ORIENTED_EDGE('',*,*,#799,.T.);
#1371=ORIENTED_EDGE('',*,*,#988,.F.);
#1372=ORIENTED_EDGE('',*,*,#989,.F.);
#1373=ORIENTED_EDGE('',*,*,#921,.F.);
#1374=ORIENTED_EDGE('',*,*,#941,.T.);
#1375=ORIENTED_EDGE('',*,*,#863,.T.);
#1376=ORIENTED_EDGE('',*,*,#922,.F.);
#1377=ORIENTED_EDGE('',*,*,#989,.T.);
#1378=ORIENTED_EDGE('',*,*,#990,.F.);
#1379=ORIENTED_EDGE('',*,*,#991,.F.);
#1380=ORIENTED_EDGE('',*,*,#923,.F.);
#1381=ORIENTED_EDGE('',*,*,#858,.T.);
#1382=ORIENTED_EDGE('',*,*,#865,.T.);
#1383=ORIENTED_EDGE('',*,*,#976,.T.);
#1384=ORIENTED_EDGE('',*,*,#978,.T.);
#1385=ORIENTED_EDGE('',*,*,#900,.T.);
#1386=ORIENTED_EDGE('',*,*,#992,.F.);
#1387=ORIENTED_EDGE('',*,*,#910,.T.);
#1388=ORIENTED_EDGE('',*,*,#979,.T.);
#1389=ORIENTED_EDGE('',*,*,#890,.T.);
#1390=ORIENTED_EDGE('',*,*,#993,.F.);
#1391=ORIENTED_EDGE('',*,*,#986,.T.);
#1392=ORIENTED_EDGE('',*,*,#984,.T.);
#1393=ORIENTED_EDGE('',*,*,#905,.T.);
#1394=ORIENTED_EDGE('',*,*,#994,.F.);
#1395=ORIENTED_EDGE('',*,*,#990,.T.);
#1396=ORIENTED_EDGE('',*,*,#988,.T.);
#1397=ORIENTED_EDGE('',*,*,#940,.T.);
#1398=ORIENTED_EDGE('',*,*,#995,.F.);
#1399=ORIENTED_EDGE('',*,*,#982,.T.);
#1400=ORIENTED_EDGE('',*,*,#980,.T.);
#1401=ORIENTED_EDGE('',*,*,#895,.T.);
#1402=ORIENTED_EDGE('',*,*,#996,.F.);
#1403=ORIENTED_EDGE('',*,*,#974,.T.);
#1404=ORIENTED_EDGE('',*,*,#972,.T.);
#1405=ORIENTED_EDGE('',*,*,#970,.T.);
#1406=ORIENTED_EDGE('',*,*,#968,.T.);
#1407=ORIENTED_EDGE('',*,*,#966,.T.);
#1408=ORIENTED_EDGE('',*,*,#964,.T.);
#1409=ORIENTED_EDGE('',*,*,#962,.T.);
#1410=ORIENTED_EDGE('',*,*,#960,.T.);
#1411=ORIENTED_EDGE('',*,*,#958,.T.);
#1412=ORIENTED_EDGE('',*,*,#956,.T.);
#1413=ORIENTED_EDGE('',*,*,#954,.T.);
#1414=ORIENTED_EDGE('',*,*,#952,.T.);
#1415=ORIENTED_EDGE('',*,*,#904,.T.);
#1416=ORIENTED_EDGE('',*,*,#924,.F.);
#1417=ORIENTED_EDGE('',*,*,#991,.T.);
#1418=ORIENTED_EDGE('',*,*,#994,.T.);
#1419=ORIENTED_EDGE('',*,*,#983,.T.);
#1420=ORIENTED_EDGE('',*,*,#995,.T.);
#1421=ORIENTED_EDGE('',*,*,#939,.T.);
#1422=ORIENTED_EDGE('',*,*,#918,.F.);
#1423=ORIENTED_EDGE('',*,*,#889,.T.);
#1424=ORIENTED_EDGE('',*,*,#928,.F.);
#1425=ORIENTED_EDGE('',*,*,#987,.T.);
#1426=ORIENTED_EDGE('',*,*,#993,.T.);
#1427=ORIENTED_EDGE('',*,*,#899,.T.);
#1428=ORIENTED_EDGE('',*,*,#930,.F.);
#1429=ORIENTED_EDGE('',*,*,#911,.T.);
#1430=ORIENTED_EDGE('',*,*,#992,.T.);
#1431=ORIENTED_EDGE('',*,*,#977,.T.);
#1432=ORIENTED_EDGE('',*,*,#996,.T.);
#1433=ORIENTED_EDGE('',*,*,#894,.T.);
#1434=ORIENTED_EDGE('',*,*,#914,.F.);
#1435=PLANE('',#1578);
#1436=PLANE('',#1579);
#1437=PLANE('',#1580);
#1438=PLANE('',#1581);
#1439=PLANE('',#1582);
#1440=PLANE('',#1583);
#1441=PLANE('',#1584);
#1442=PLANE('',#1585);
#1443=PLANE('',#1586);
#1444=PLANE('',#1587);
#1445=PLANE('',#1588);
#1446=PLANE('',#1589);
#1447=PLANE('',#1590);
#1448=PLANE('',#1591);
#1449=PLANE('',#1592);
#1450=PLANE('',#1593);
#1451=PLANE('',#1594);
#1452=PLANE('',#1595);
#1453=PLANE('',#1596);
#1454=PLANE('',#1597);
#1455=PLANE('',#1598);
#1456=PLANE('',#1599);
#1457=PLANE('',#1600);
#1458=PLANE('',#1601);
#1459=PLANE('',#1602);
#1460=PLANE('',#1603);
#1461=PLANE('',#1604);
#1462=PLANE('',#1605);
#1463=PLANE('',#1606);
#1464=PLANE('',#1607);
#1465=PLANE('',#1608);
#1466=PLANE('',#1609);
#1467=PLANE('',#1610);
#1468=PLANE('',#1611);
#1469=PLANE('',#1612);
#1470=PLANE('',#1613);
#1471=PLANE('',#1614);
#1472=PLANE('',#1615);
#1473=PLANE('',#1616);
#1474=PLANE('',#1617);
#1475=PLANE('',#1618);
#1476=PLANE('',#1619);
#1477=PLANE('',#1620);
#1478=PLANE('',#1621);
#1479=PLANE('',#1622);
#1480=PLANE('',#1623);
#1481=PLANE('',#1635);
#1482=PLANE('',#1638);
#1483=PLANE('',#1670);
#1484=PLANE('',#1671);
#1485=PLANE('',#1672);
#1486=PLANE('',#1673);
#1487=PLANE('',#1674);
#1488=ADVANCED_FACE('',(#109),#1435,.F.);
#1489=ADVANCED_FACE('',(#110),#1436,.F.);
#1490=ADVANCED_FACE('',(#111),#1437,.F.);
#1491=ADVANCED_FACE('',(#112),#1438,.F.);
#1492=ADVANCED_FACE('',(#113),#1439,.F.);
#1493=ADVANCED_FACE('',(#114),#1440,.F.);
#1494=ADVANCED_FACE('',(#115),#1441,.F.);
#1495=ADVANCED_FACE('',(#116),#1442,.F.);
#1496=ADVANCED_FACE('',(#117),#1443,.F.);
#1497=ADVANCED_FACE('',(#118),#1444,.F.);
#1498=ADVANCED_FACE('',(#119),#1445,.F.);
#1499=ADVANCED_FACE('',(#120),#1446,.F.);
#1500=ADVANCED_FACE('',(#121),#1447,.F.);
#1501=ADVANCED_FACE('',(#122),#1448,.F.);
#1502=ADVANCED_FACE('',(#123),#1449,.F.);
#1503=ADVANCED_FACE('',(#124),#1450,.F.);
#1504=ADVANCED_FACE('',(#125),#1451,.F.);
#1505=ADVANCED_FACE('',(#126),#1452,.F.);
#1506=ADVANCED_FACE('',(#127),#1453,.F.);
#1507=ADVANCED_FACE('',(#128),#1454,.F.);
#1508=ADVANCED_FACE('',(#129),#1455,.F.);
#1509=ADVANCED_FACE('',(#130),#1456,.F.);
#1510=ADVANCED_FACE('',(#131),#1457,.F.);
#1511=ADVANCED_FACE('',(#132),#1458,.F.);
#1512=ADVANCED_FACE('',(#133),#1459,.F.);
#1513=ADVANCED_FACE('',(#134),#1460,.F.);
#1514=ADVANCED_FACE('',(#135),#1461,.F.);
#1515=ADVANCED_FACE('',(#136),#1462,.F.);
#1516=ADVANCED_FACE('',(#137),#1463,.F.);
#1517=ADVANCED_FACE('',(#138),#1464,.F.);
#1518=ADVANCED_FACE('',(#139),#1465,.F.);
#1519=ADVANCED_FACE('',(#140),#1466,.F.);
#1520=ADVANCED_FACE('',(#141),#1467,.F.);
#1521=ADVANCED_FACE('',(#142),#1468,.F.);
#1522=ADVANCED_FACE('',(#143),#1469,.F.);
#1523=ADVANCED_FACE('',(#144),#1470,.F.);
#1524=ADVANCED_FACE('',(#145),#1471,.F.);
#1525=ADVANCED_FACE('',(#146),#1472,.F.);
#1526=ADVANCED_FACE('',(#147),#1473,.F.);
#1527=ADVANCED_FACE('',(#148),#1474,.F.);
#1528=ADVANCED_FACE('',(#149),#1475,.F.);
#1529=ADVANCED_FACE('',(#150),#1476,.F.);
#1530=ADVANCED_FACE('',(#151),#1477,.F.);
#1531=ADVANCED_FACE('',(#152),#1478,.F.);
#1532=ADVANCED_FACE('',(#153),#1479,.F.);
#1533=ADVANCED_FACE('',(#154,#43,#44,#45,#46,#47,#48),#1480,.T.);
#1534=ADVANCED_FACE('',(#155),#1481,.F.);
#1535=ADVANCED_FACE('',(#156),#25,.F.);
#1536=ADVANCED_FACE('',(#157,#49,#50,#51,#52,#53,#54,#55),#1482,.T.);
#1537=ADVANCED_FACE('',(#158),#26,.F.);
#1538=ADVANCED_FACE('',(#159),#27,.F.);
#1539=ADVANCED_FACE('',(#160),#28,.F.);
#1540=ADVANCED_FACE('',(#161),#29,.F.);
#1541=ADVANCED_FACE('',(#162),#30,.F.);
#1542=ADVANCED_FACE('',(#163),#31,.F.);
#1543=ADVANCED_FACE('',(#164),#32,.F.);
#1544=ADVANCED_FACE('',(#165),#33,.F.);
#1545=ADVANCED_FACE('',(#166),#34,.F.);
#1546=ADVANCED_FACE('',(#167),#35,.F.);
#1547=ADVANCED_FACE('',(#168),#36,.F.);
#1548=ADVANCED_FACE('',(#169),#37,.F.);
#1549=ADVANCED_FACE('',(#170),#1483,.F.);
#1550=ADVANCED_FACE('',(#171),#20,.F.);
#1551=ADVANCED_FACE('',(#172),#21,.F.);
#1552=ADVANCED_FACE('',(#173),#22,.F.);
#1553=ADVANCED_FACE('',(#174),#1484,.F.);
#1554=ADVANCED_FACE('',(#175),#23,.F.);
#1555=ADVANCED_FACE('',(#176),#1485,.F.);
#1556=ADVANCED_FACE('',(#177),#24,.F.);
#1557=ADVANCED_FACE('',(#178),#1486,.F.);
#1558=ADVANCED_FACE('',(#179,#56,#57,#58,#59,#60,#61,#62,#63,#64,#65,#66,
#67),#1487,.F.);
#1559=ADVANCED_FACE('',(#180),#38,.T.);
#1560=ADVANCED_FACE('',(#181),#39,.T.);
#1561=ADVANCED_FACE('',(#182),#40,.T.);
#1562=ADVANCED_FACE('',(#183),#41,.T.);
#1563=ADVANCED_FACE('',(#184),#42,.T.);
#1564=CLOSED_SHELL('',(#1488,#1489,#1490,#1491,#1492,#1493,#1494,#1495,
#1496,#1497,#1498,#1499,#1500,#1501,#1502,#1503,#1504,#1505,#1506,#1507,
#1508,#1509,#1510,#1511,#1512,#1513,#1514,#1515,#1516,#1517,#1518,#1519,
#1520,#1521,#1522,#1523,#1524,#1525,#1526,#1527,#1528,#1529,#1530,#1531,
#1532,#1533,#1534,#1535,#1536,#1537,#1538,#1539,#1540,#1541,#1542,#1543,
#1544,#1545,#1546,#1547,#1548,#1549,#1550,#1551,#1552,#1553,#1554,#1555,
#1556,#1557,#1558,#1559,#1560,#1561,#1562,#1563));
#1565=DERIVED_UNIT_ELEMENT(#1567,1.);
#1566=DERIVED_UNIT_ELEMENT(#3561,-3.);
#1567=(
MASS_UNIT()
NAMED_UNIT(*)
SI_UNIT(.KILO.,.GRAM.)
);
#1568=DERIVED_UNIT((#1565,#1566));
#1569=MEASURE_REPRESENTATION_ITEM('density measure',
POSITIVE_RATIO_MEASURE(7850.),#1568);
#1570=PROPERTY_DEFINITION_REPRESENTATION(#1575,#1572);
#1571=PROPERTY_DEFINITION_REPRESENTATION(#1576,#1573);
#1572=REPRESENTATION('material name',(#1574),#3558);
#1573=REPRESENTATION('density',(#1569),#3558);
#1574=DESCRIPTIVE_REPRESENTATION_ITEM('Steel','Steel');
#1575=PROPERTY_DEFINITION('material property','material name',#3568);
#1576=PROPERTY_DEFINITION('material property','density of part',#3568);
#1577=AXIS2_PLACEMENT_3D('',#2074,#1685,#1686);
#1578=AXIS2_PLACEMENT_3D('',#2075,#1687,#1688);
#1579=AXIS2_PLACEMENT_3D('',#2084,#1693,#1694);
#1580=AXIS2_PLACEMENT_3D('',#2090,#1698,#1699);
#1581=AXIS2_PLACEMENT_3D('',#2096,#1703,#1704);
#1582=AXIS2_PLACEMENT_3D('',#2098,#1706,#1707);
#1583=AXIS2_PLACEMENT_3D('',#2107,#1712,#1713);
#1584=AXIS2_PLACEMENT_3D('',#2113,#1717,#1718);
#1585=AXIS2_PLACEMENT_3D('',#2119,#1722,#1723);
#1586=AXIS2_PLACEMENT_3D('',#2121,#1725,#1726);
#1587=AXIS2_PLACEMENT_3D('',#2130,#1731,#1732);
#1588=AXIS2_PLACEMENT_3D('',#2136,#1736,#1737);
#1589=AXIS2_PLACEMENT_3D('',#2142,#1741,#1742);
#1590=AXIS2_PLACEMENT_3D('',#2144,#1744,#1745);
#1591=AXIS2_PLACEMENT_3D('',#2153,#1750,#1751);
#1592=AXIS2_PLACEMENT_3D('',#2159,#1755,#1756);
#1593=AXIS2_PLACEMENT_3D('',#2165,#1760,#1761);
#1594=AXIS2_PLACEMENT_3D('',#2167,#1763,#1764);
#1595=AXIS2_PLACEMENT_3D('',#2176,#1769,#1770);
#1596=AXIS2_PLACEMENT_3D('',#2182,#1774,#1775);
#1597=AXIS2_PLACEMENT_3D('',#2188,#1779,#1780);
#1598=AXIS2_PLACEMENT_3D('',#2190,#1782,#1783);
#1599=AXIS2_PLACEMENT_3D('',#2199,#1788,#1789);
#1600=AXIS2_PLACEMENT_3D('',#2205,#1793,#1794);
#1601=AXIS2_PLACEMENT_3D('',#2211,#1798,#1799);
#1602=AXIS2_PLACEMENT_3D('',#2213,#1801,#1802);
#1603=AXIS2_PLACEMENT_3D('',#2222,#1807,#1808);
#1604=AXIS2_PLACEMENT_3D('',#2228,#1812,#1813);
#1605=AXIS2_PLACEMENT_3D('',#2234,#1817,#1818);
#1606=AXIS2_PLACEMENT_3D('',#2236,#1820,#1821);
#1607=AXIS2_PLACEMENT_3D('',#2245,#1826,#1827);
#1608=AXIS2_PLACEMENT_3D('',#2251,#1831,#1832);
#1609=AXIS2_PLACEMENT_3D('',#2257,#1836,#1837);
#1610=AXIS2_PLACEMENT_3D('',#2259,#1839,#1840);
#1611=AXIS2_PLACEMENT_3D('',#2268,#1845,#1846);
#1612=AXIS2_PLACEMENT_3D('',#2277,#1851,#1852);
#1613=AXIS2_PLACEMENT_3D('',#2280,#1855,#1856);
#1614=AXIS2_PLACEMENT_3D('',#2282,#1858,#1859);
#1615=AXIS2_PLACEMENT_3D('',#2291,#1864,#1865);
#1616=AXIS2_PLACEMENT_3D('',#2297,#1869,#1870);
#1617=AXIS2_PLACEMENT_3D('',#2303,#1874,#1875);
#1618=AXIS2_PLACEMENT_3D('',#2305,#1877,#1878);
#1619=AXIS2_PLACEMENT_3D('',#2315,#1884,#1885);
#1620=AXIS2_PLACEMENT_3D('',#2325,#1891,#1892);
#1621=AXIS2_PLACEMENT_3D('',#2335,#1898,#1899);
#1622=AXIS2_PLACEMENT_3D('',#2345,#1905,#1906);
#1623=AXIS2_PLACEMENT_3D('',#2355,#1912,#1913);
#1624=AXIS2_PLACEMENT_3D('',#2358,#1915,#1916);
#1625=AXIS2_PLACEMENT_3D('',#2367,#1919,#1920);
#1626=AXIS2_PLACEMENT_3D('',#2378,#1925,#1926);
#1627=AXIS2_PLACEMENT_3D('',#2386,#1929,#1930);
#1628=AXIS2_PLACEMENT_3D('',#2390,#1931,#1932);
#1629=AXIS2_PLACEMENT_3D('',#2397,#1934,#1935);
#1630=AXIS2_PLACEMENT_3D('',#2399,#1936,#1937);
#1631=AXIS2_PLACEMENT_3D('',#2401,#1938,#1939);
#1632=AXIS2_PLACEMENT_3D('',#2403,#1940,#1941);
#1633=AXIS2_PLACEMENT_3D('',#2405,#1942,#1943);
#1634=AXIS2_PLACEMENT_3D('',#2407,#1944,#1945);
#1635=AXIS2_PLACEMENT_3D('',#2408,#1946,#1947);
#1636=AXIS2_PLACEMENT_3D('',#2414,#1951,#1952);
#1637=AXIS2_PLACEMENT_3D('',#2417,#1954,#1955);
#1638=AXIS2_PLACEMENT_3D('',#2418,#1956,#1957);
#1639=AXIS2_PLACEMENT_3D('',#2420,#1958,#1959);
#1640=AXIS2_PLACEMENT_3D('',#2422,#1960,#1961);
#1641=AXIS2_PLACEMENT_3D('',#2424,#1962,#1963);
#1642=AXIS2_PLACEMENT_3D('',#2426,#1964,#1965);
#1643=AXIS2_PLACEMENT_3D('',#2428,#1966,#1967);
#1644=AXIS2_PLACEMENT_3D('',#2430,#1968,#1969);
#1645=AXIS2_PLACEMENT_3D('',#2432,#1970,#1971);
#1646=AXIS2_PLACEMENT_3D('',#2433,#1972,#1973);
#1647=AXIS2_PLACEMENT_3D('',#2436,#1975,#1976);
#1648=AXIS2_PLACEMENT_3D('',#2437,#1977,#1978);
#1649=AXIS2_PLACEMENT_3D('',#2440,#1980,#1981);
#1650=AXIS2_PLACEMENT_3D('',#2441,#1982,#1983);
#1651=AXIS2_PLACEMENT_3D('',#2444,#1985,#1986);
#1652=AXIS2_PLACEMENT_3D('',#2445,#1987,#1988);
#1653=AXIS2_PLACEMENT_3D('',#2448,#1990,#1991);
#1654=AXIS2_PLACEMENT_3D('',#2449,#1992,#1993);
#1655=AXIS2_PLACEMENT_3D('',#2452,#1995,#1996);
#1656=AXIS2_PLACEMENT_3D('',#2453,#1997,#1998);
#1657=AXIS2_PLACEMENT_3D('',#2456,#2000,#2001);
#1658=AXIS2_PLACEMENT_3D('',#2457,#2002,#2003);
#1659=AXIS2_PLACEMENT_3D('',#2460,#2005,#2006);
#1660=AXIS2_PLACEMENT_3D('',#2461,#2007,#2008);
#1661=AXIS2_PLACEMENT_3D('',#2464,#2010,#2011);
#1662=AXIS2_PLACEMENT_3D('',#2465,#2012,#2013);
#1663=AXIS2_PLACEMENT_3D('',#2468,#2015,#2016);
#1664=AXIS2_PLACEMENT_3D('',#2469,#2017,#2018);
#1665=AXIS2_PLACEMENT_3D('',#2472,#2020,#2021);
#1666=AXIS2_PLACEMENT_3D('',#2473,#2022,#2023);
#1667=AXIS2_PLACEMENT_3D('',#2476,#2025,#2026);
#1668=AXIS2_PLACEMENT_3D('',#2477,#2027,#2028);
#1669=AXIS2_PLACEMENT_3D('',#2480,#2030,#2031);
#1670=AXIS2_PLACEMENT_3D('',#2481,#2032,#2033);
#1671=AXIS2_PLACEMENT_3D('',#3113,#2038,#2039);
#1672=AXIS2_PLACEMENT_3D('',#3327,#2043,#2044);
#1673=AXIS2_PLACEMENT_3D('',#3541,#2048,#2049);
#1674=AXIS2_PLACEMENT_3D('',#3545,#2052,#2053);
#1675=AXIS2_PLACEMENT_3D('',#3546,#2054,#2055);
#1676=AXIS2_PLACEMENT_3D('',#3547,#2056,#2057);
#1677=AXIS2_PLACEMENT_3D('',#3548,#2058,#2059);
#1678=AXIS2_PLACEMENT_3D('',#3549,#2060,#2061);
#1679=AXIS2_PLACEMENT_3D('',#3550,#2062,#2063);
#1680=AXIS2_PLACEMENT_3D('',#3551,#2064,#2065);
#1681=AXIS2_PLACEMENT_3D('',#3552,#2066,#2067);
#1682=AXIS2_PLACEMENT_3D('',#3553,#2068,#2069);
#1683=AXIS2_PLACEMENT_3D('',#3554,#2070,#2071);
#1684=AXIS2_PLACEMENT_3D('',#3555,#2072,#2073);
#1685=DIRECTION('axis',(0.,0.,1.));
#1686=DIRECTION('refdir',(1.,0.,0.));
#1687=DIRECTION('center_axis',(-0.951056516295153,0.309016994374949,0.));
#1688=DIRECTION('ref_axis',(0.309016994374949,0.951056516295153,0.));
#1689=DIRECTION('',(0.309016994374949,0.951056516295153,0.));
#1690=DIRECTION('',(0.,0.,-1.));
#1691=DIRECTION('',(0.309016994374949,0.951056516295153,0.));
#1692=DIRECTION('',(0.,0.,-1.));
#1693=DIRECTION('center_axis',(-0.309016994374949,-0.951056516295153,0.));
#1694=DIRECTION('ref_axis',(-0.951056516295153,0.309016994374949,0.));
#1695=DIRECTION('',(-0.951056516295153,0.309016994374949,0.));
#1696=DIRECTION('',(0.,0.,-1.));
#1697=DIRECTION('',(-0.951056516295153,0.309016994374949,0.));
#1698=DIRECTION('center_axis',(0.951056516295154,-0.309016994374948,0.));
#1699=DIRECTION('ref_axis',(-0.309016994374948,-0.951056516295154,0.));
#1700=DIRECTION('',(-0.309016994374948,-0.951056516295154,0.));
#1701=DIRECTION('',(0.,0.,1.));
#1702=DIRECTION('',(-0.309016994374948,-0.951056516295154,0.));
#1703=DIRECTION('center_axis',(0.,0.,-1.));
#1704=DIRECTION('ref_axis',(-1.,0.,0.));
#1705=DIRECTION('',(0.951056516295153,-0.309016994374948,0.));
#1706=DIRECTION('center_axis',(0.951056516295154,0.309016994374946,0.));
#1707=DIRECTION('ref_axis',(0.309016994374946,-0.951056516295154,0.));
#1708=DIRECTION('',(0.309016994374946,-0.951056516295154,0.));
#1709=DIRECTION('',(0.,0.,-1.));
#1710=DIRECTION('',(0.309016994374946,-0.951056516295154,0.));
#1711=DIRECTION('',(0.,0.,-1.));
#1712=DIRECTION('center_axis',(-0.309016994374949,0.951056516295153,0.));
#1713=DIRECTION('ref_axis',(0.951056516295153,0.309016994374949,0.));
#1714=DIRECTION('',(0.951056516295153,0.309016994374949,0.));
#1715=DIRECTION('',(0.,0.,-1.));
#1716=DIRECTION('',(0.951056516295153,0.309016994374949,0.));
#1717=DIRECTION('center_axis',(-0.951056516295154,-0.309016994374947,0.));
#1718=DIRECTION('ref_axis',(-0.309016994374947,0.951056516295154,0.));
#1719=DIRECTION('',(-0.309016994374947,0.951056516295154,0.));
#1720=DIRECTION('',(0.,0.,1.));
#1721=DIRECTION('',(-0.309016994374947,0.951056516295154,0.));
#1722=DIRECTION('center_axis',(0.,0.,-1.));
#1723=DIRECTION('ref_axis',(-1.,0.,0.));
#1724=DIRECTION('',(-0.951056516295154,-0.309016994374947,0.));
#1725=DIRECTION('center_axis',(-0.587785252292475,-0.809016994374946,0.));
#1726=DIRECTION('ref_axis',(-0.809016994374946,0.587785252292475,0.));
#1727=DIRECTION('',(-0.809016994374946,0.587785252292475,0.));
#1728=DIRECTION('',(0.,0.,-1.));
#1729=DIRECTION('',(-0.809016994374946,0.587785252292474,0.));
#1730=DIRECTION('',(0.,0.,-1.));
#1731=DIRECTION('center_axis',(0.809016994374946,-0.587785252292475,0.));
#1732=DIRECTION('ref_axis',(-0.587785252292475,-0.809016994374946,0.));
#1733=DIRECTION('',(-0.587785252292475,-0.809016994374946,0.));
#1734=DIRECTION('',(0.,0.,-1.));
#1735=DIRECTION('',(-0.587785252292475,-0.809016994374946,0.));
#1736=DIRECTION('center_axis',(0.587785252292473,0.809016994374947,0.));
#1737=DIRECTION('ref_axis',(0.809016994374947,-0.587785252292473,0.));
#1738=DIRECTION('',(0.809016994374947,-0.587785252292473,0.));
#1739=DIRECTION('',(0.,0.,1.));
#1740=DIRECTION('',(0.809016994374947,-0.587785252292473,0.));
#1741=DIRECTION('center_axis',(0.,0.,-1.));
#1742=DIRECTION('ref_axis',(-1.,0.,0.));
#1743=DIRECTION('',(0.587785252292473,0.809016994374947,0.));
#1744=DIRECTION('center_axis',(0.,-1.,0.));
#1745=DIRECTION('ref_axis',(-1.,0.,0.));
#1746=DIRECTION('',(-1.,0.,0.));
#1747=DIRECTION('',(0.,0.,-1.));
#1748=DIRECTION('',(-1.,0.,0.));
#1749=DIRECTION('',(0.,0.,-1.));
#1750=DIRECTION('center_axis',(1.,0.,0.));
#1751=DIRECTION('ref_axis',(0.,-1.,0.));
#1752=DIRECTION('',(0.,-1.,0.));
#1753=DIRECTION('',(0.,0.,-1.));
#1754=DIRECTION('',(0.,-1.,0.));
#1755=DIRECTION('center_axis',(1.61486982993679E-15,1.,0.));
#1756=DIRECTION('ref_axis',(1.,-1.61486982993679E-15,0.));
#1757=DIRECTION('',(1.,-1.61486982993679E-15,0.));
#1758=DIRECTION('',(0.,0.,1.));
#1759=DIRECTION('',(1.,-1.61486982993679E-15,0.));
#1760=DIRECTION('center_axis',(0.,0.,-1.));
#1761=DIRECTION('ref_axis',(-1.,0.,0.));
#1762=DIRECTION('',(0.,1.,0.));
#1763=DIRECTION('center_axis',(0.587785252292473,0.809016994374947,0.));
#1764=DIRECTION('ref_axis',(0.809016994374947,-0.587785252292473,0.));
#1765=DIRECTION('',(0.809016994374947,-0.587785252292473,0.));
#1766=DIRECTION('',(0.,0.,-1.));
#1767=DIRECTION('',(0.809016994374947,-0.587785252292473,0.));
#1768=DIRECTION('',(0.,0.,-1.));
#1769=DIRECTION('center_axis',(-0.80901699437495,0.58778525229247,0.));
#1770=DIRECTION('ref_axis',(0.58778525229247,0.80901699437495,0.));
#1771=DIRECTION('',(0.58778525229247,0.80901699437495,0.));
#1772=DIRECTION('',(0.,0.,-1.));
#1773=DIRECTION('',(0.58778525229247,0.80901699437495,0.));
#1774=DIRECTION('center_axis',(-0.587785252292475,-0.809016994374946,0.));
#1775=DIRECTION('ref_axis',(-0.809016994374946,0.587785252292475,0.));
#1776=DIRECTION('',(-0.809016994374946,0.587785252292475,0.));
#1777=DIRECTION('',(0.,0.,1.));
#1778=DIRECTION('',(-0.809016994374946,0.587785252292474,0.));
#1779=DIRECTION('center_axis',(0.,0.,-1.));
#1780=DIRECTION('ref_axis',(-1.,0.,0.));
#1781=DIRECTION('',(-0.587785252292473,-0.809016994374947,0.));
#1782=DIRECTION('center_axis',(0.951056516295154,-0.309016994374948,0.));
#1783=DIRECTION('ref_axis',(-0.309016994374948,-0.951056516295154,0.));
#1784=DIRECTION('',(-0.309016994374948,-0.951056516295154,0.));
#1785=DIRECTION('',(0.,0.,-1.));
#1786=DIRECTION('',(-0.309016994374948,-0.951056516295154,0.));
#1787=DIRECTION('',(0.,0.,-1.));
#1788=DIRECTION('center_axis',(0.309016994374952,0.951056516295152,0.));
#1789=DIRECTION('ref_axis',(0.951056516295152,-0.309016994374952,0.));
#1790=DIRECTION('',(0.951056516295152,-0.309016994374952,0.));
#1791=DIRECTION('',(0.,0.,-1.));
#1792=DIRECTION('',(0.951056516295152,-0.309016994374952,0.));
#1793=DIRECTION('center_axis',(-0.951056516295153,0.309016994374949,0.));
#1794=DIRECTION('ref_axis',(0.309016994374949,0.951056516295153,0.));
#1795=DIRECTION('',(0.309016994374949,0.951056516295153,0.));
#1796=DIRECTION('',(0.,0.,1.));
#1797=DIRECTION('',(0.309016994374949,0.951056516295153,0.));
#1798=DIRECTION('center_axis',(0.,0.,-1.));
#1799=DIRECTION('ref_axis',(-1.,0.,0.));
#1800=DIRECTION('',(-0.951056516295153,0.309016994374948,0.));
#1801=DIRECTION('center_axis',(-0.951056516295154,-0.309016994374947,0.));
#1802=DIRECTION('ref_axis',(-0.309016994374947,0.951056516295154,0.));
#1803=DIRECTION('',(-0.309016994374947,0.951056516295154,0.));
#1804=DIRECTION('',(0.,0.,-1.));
#1805=DIRECTION('',(-0.309016994374947,0.951056516295154,0.));
#1806=DIRECTION('',(0.,0.,-1.));
#1807=DIRECTION('center_axis',(0.309016994374952,-0.951056516295152,0.));
#1808=DIRECTION('ref_axis',(-0.951056516295152,-0.309016994374952,0.));
#1809=DIRECTION('',(-0.951056516295152,-0.309016994374952,0.));
#1810=DIRECTION('',(0.,0.,-1.));
#1811=DIRECTION('',(-0.951056516295152,-0.309016994374952,0.));
#1812=DIRECTION('center_axis',(0.951056516295154,0.309016994374946,0.));
#1813=DIRECTION('ref_axis',(0.309016994374946,-0.951056516295154,0.));
#1814=DIRECTION('',(0.309016994374946,-0.951056516295154,0.));
#1815=DIRECTION('',(0.,0.,1.));
#1816=DIRECTION('',(0.309016994374946,-0.951056516295154,0.));
#1817=DIRECTION('center_axis',(0.,0.,-1.));
#1818=DIRECTION('ref_axis',(-1.,0.,0.));
#1819=DIRECTION('',(0.951056516295154,0.309016994374947,0.));
#1820=DIRECTION('center_axis',(0.587785252292472,-0.809016994374949,0.));
#1821=DIRECTION('ref_axis',(-0.809016994374949,-0.587785252292472,0.));
#1822=DIRECTION('',(-0.809016994374949,-0.587785252292472,0.));
#1823=DIRECTION('',(0.,0.,-1.));
#1824=DIRECTION('',(-0.809016994374949,-0.587785252292472,0.));
#1825=DIRECTION('',(0.,0.,-1.));
#1826=DIRECTION('center_axis',(0.809016994374945,0.587785252292477,0.));
#1827=DIRECTION('ref_axis',(0.587785252292477,-0.809016994374945,0.));
#1828=DIRECTION('',(0.587785252292477,-0.809016994374945,0.));
#1829=DIRECTION('',(0.,0.,-1.));
#1830=DIRECTION('',(0.587785252292477,-0.809016994374945,0.));
#1831=DIRECTION('center_axis',(-0.587785252292473,0.809016994374947,0.));
#1832=DIRECTION('ref_axis',(0.809016994374947,0.587785252292473,0.));
#1833=DIRECTION('',(0.809016994374947,0.587785252292473,0.));
#1834=DIRECTION('',(0.,0.,1.));
#1835=DIRECTION('',(0.809016994374947,0.587785252292473,0.));
#1836=DIRECTION('center_axis',(0.,0.,-1.));
#1837=DIRECTION('ref_axis',(-1.,0.,0.));
#1838=DIRECTION('',(-0.587785252292473,0.809016994374947,0.));
#1839=DIRECTION('center_axis',(0.,-1.,0.));
#1840=DIRECTION('ref_axis',(-1.,0.,0.));
#1841=DIRECTION('',(-1.,0.,0.));
#1842=DIRECTION('',(0.,0.,1.));
#1843=DIRECTION('',(-1.,0.,0.));
#1844=DIRECTION('',(0.,0.,-1.));
#1845=DIRECTION('center_axis',(1.61486982993679E-15,1.,0.));
#1846=DIRECTION('ref_axis',(1.,-1.61486982993679E-15,0.));
#1847=DIRECTION('',(1.,-1.61486982993679E-15,0.));
#1848=DIRECTION('',(0.,0.,-1.));
#1849=DIRECTION('',(1.,-1.61486982993679E-15,0.));
#1850=DIRECTION('',(0.,0.,-1.));
#1851=DIRECTION('center_axis',(-1.,0.,0.));
#1852=DIRECTION('ref_axis',(0.,1.,0.));
#1853=DIRECTION('',(0.,1.,0.));
#1854=DIRECTION('',(0.,1.,0.));
#1855=DIRECTION('center_axis',(0.,0.,-1.));
#1856=DIRECTION('ref_axis',(-1.,0.,0.));
#1857=DIRECTION('',(0.,-1.,0.));
#1858=DIRECTION('center_axis',(-0.587785252292473,0.809016994374947,0.));
#1859=DIRECTION('ref_axis',(0.809016994374947,0.587785252292473,0.));
#1860=DIRECTION('',(0.809016994374947,0.587785252292473,0.));
#1861=DIRECTION('',(0.,0.,-1.));
#1862=DIRECTION('',(0.809016994374947,0.587785252292473,0.));
#1863=DIRECTION('',(0.,0.,-1.));
#1864=DIRECTION('center_axis',(-0.809016994374947,-0.587785252292474,0.));
#1865=DIRECTION('ref_axis',(-0.587785252292474,0.809016994374947,0.));
#1866=DIRECTION('',(-0.587785252292474,0.809016994374947,0.));
#1867=DIRECTION('',(0.,0.,-1.));
#1868=DIRECTION('',(-0.587785252292474,0.809016994374947,0.));
#1869=DIRECTION('center_axis',(0.587785252292472,-0.809016994374949,0.));
#1870=DIRECTION('ref_axis',(-0.809016994374949,-0.587785252292472,0.));
#1871=DIRECTION('',(-0.809016994374949,-0.587785252292472,0.));
#1872=DIRECTION('',(0.,0.,1.));
#1873=DIRECTION('',(-0.809016994374949,-0.587785252292472,0.));
#1874=DIRECTION('center_axis',(0.,0.,-1.));
#1875=DIRECTION('ref_axis',(-1.,0.,0.));
#1876=DIRECTION('',(0.587785252292473,-0.809016994374948,0.));
#1877=DIRECTION('center_axis',(1.,0.,0.));
#1878=DIRECTION('ref_axis',(0.,-1.,0.));
#1879=DIRECTION('',(0.,-1.,0.));
#1880=DIRECTION('',(0.,0.,1.));
#1881=DIRECTION('',(0.,1.,0.));
#1882=DIRECTION('',(0.,0.,-1.));
#1883=DIRECTION('',(0.,-1.,0.));
#1884=DIRECTION('center_axis',(-0.809016994374947,0.587785252292473,0.));
#1885=DIRECTION('ref_axis',(0.587785252292473,0.809016994374947,0.));
#1886=DIRECTION('',(0.587785252292473,0.809016994374947,0.));
#1887=DIRECTION('',(0.,0.,1.));
#1888=DIRECTION('',(-0.587785252292473,-0.809016994374947,0.));
#1889=DIRECTION('',(0.,0.,-1.));
#1890=DIRECTION('',(0.587785252292473,0.809016994374947,0.));
#1891=DIRECTION('center_axis',(0.309016994374948,0.951056516295154,0.));
#1892=DIRECTION('ref_axis',(0.951056516295153,-0.309016994374948,0.));
#1893=DIRECTION('',(0.951056516295153,-0.309016994374948,0.));
#1894=DIRECTION('',(0.,0.,1.));
#1895=DIRECTION('',(-0.951056516295153,0.309016994374948,0.));
#1896=DIRECTION('',(0.,0.,-1.));
#1897=DIRECTION('',(0.951056516295153,-0.309016994374948,0.));
#1898=DIRECTION('center_axis',(0.309016994374947,-0.951056516295154,0.));
#1899=DIRECTION('ref_axis',(-0.951056516295154,-0.309016994374947,0.));
#1900=DIRECTION('',(-0.951056516295154,-0.309016994374947,0.));
#1901=DIRECTION('',(0.,0.,1.));
#1902=DIRECTION('',(0.951056516295154,0.309016994374947,0.));
#1903=DIRECTION('',(0.,0.,-1.));
#1904=DIRECTION('',(-0.951056516295154,-0.309016994374947,0.));
#1905=DIRECTION('center_axis',(-1.,0.,0.));
#1906=DIRECTION('ref_axis',(0.,1.,0.));
#1907=DIRECTION('',(0.,1.,0.));
#1908=DIRECTION('',(0.,0.,-1.));
#1909=DIRECTION('',(0.,-1.,0.));
#1910=DIRECTION('',(0.,0.,-1.));
#1911=DIRECTION('',(0.,1.,0.));
#1912=DIRECTION('center_axis',(0.,0.,1.));
#1913=DIRECTION('ref_axis',(1.,0.,0.));
#1914=DIRECTION('',(-0.951056516295153,0.309016994374948,0.));
#1915=DIRECTION('center_axis',(0.,0.,1.));
#1916=DIRECTION('ref_axis',(1.,0.,0.));
#1917=DIRECTION('',(-0.587785252292473,-0.809016994374947,0.));
#1918=DIRECTION('',(-0.587785252292473,-0.809016994374947,0.));
#1919=DIRECTION('center_axis',(0.,0.,1.));
#1920=DIRECTION('ref_axis',(1.,0.,0.));
#1921=DIRECTION('',(-0.587785252292473,0.809016994374948,0.));
#1922=DIRECTION('',(-0.587785252292473,0.809016994374948,0.));
#1923=DIRECTION('',(0.587785252292473,-0.809016994374947,0.));
#1924=DIRECTION('',(0.587785252292473,-0.809016994374947,0.));
#1925=DIRECTION('center_axis',(0.,0.,1.));
#1926=DIRECTION('ref_axis',(1.,0.,0.));
#1927=DIRECTION('',(0.951056516295154,0.309016994374947,0.));
#1928=DIRECTION('',(0.951056516295154,0.309016994374947,0.));
#1929=DIRECTION('center_axis',(0.,0.,1.));
#1930=DIRECTION('ref_axis',(1.,0.,0.));
#1931=DIRECTION('center_axis',(0.,0.,1.));
#1932=DIRECTION('ref_axis',(1.,0.,0.));
#1933=DIRECTION('',(-0.951056516295153,0.309016994374948,0.));
#1934=DIRECTION('center_axis',(0.,0.,-1.));
#1935=DIRECTION('ref_axis',(-1.,0.,0.));
#1936=DIRECTION('center_axis',(0.,0.,-1.));
#1937=DIRECTION('ref_axis',(-1.,0.,0.));
#1938=DIRECTION('center_axis',(0.,0.,-1.));
#1939=DIRECTION('ref_axis',(-1.,0.,0.));
#1940=DIRECTION('center_axis',(0.,0.,-1.));
#1941=DIRECTION('ref_axis',(-1.,0.,0.));
#1942=DIRECTION('center_axis',(0.,0.,-1.));
#1943=DIRECTION('ref_axis',(-1.,0.,0.));
#1944=DIRECTION('center_axis',(0.,0.,-1.));
#1945=DIRECTION('ref_axis',(-1.,0.,0.));
#1946=DIRECTION('center_axis',(-0.809016994374948,-0.587785252292473,0.));
#1947=DIRECTION('ref_axis',(-0.587785252292473,0.809016994374948,0.));
#1948=DIRECTION('',(0.,0.,1.));
#1949=DIRECTION('',(0.587785252292473,-0.809016994374948,0.));
#1950=DIRECTION('',(0.,0.,-1.));
#1951=DIRECTION('center_axis',(0.,0.,-1.));
#1952=DIRECTION('ref_axis',(-1.,0.,0.));
#1953=DIRECTION('',(0.,0.,-1.));
#1954=DIRECTION('center_axis',(0.,0.,-1.));
#1955=DIRECTION('ref_axis',(-1.,0.,0.));
#1956=DIRECTION('center_axis',(0.,0.,1.));
#1957=DIRECTION('ref_axis',(-1.,0.,0.));
#1958=DIRECTION('center_axis',(0.,0.,1.));
#1959=DIRECTION('ref_axis',(-1.,0.,0.));
#1960=DIRECTION('center_axis',(0.,0.,1.));
#1961=DIRECTION('ref_axis',(-1.,0.,0.));
#1962=DIRECTION('center_axis',(0.,0.,1.));
#1963=DIRECTION('ref_axis',(-1.,0.,0.));
#1964=DIRECTION('center_axis',(0.,0.,1.));
#1965=DIRECTION('ref_axis',(-1.,0.,0.));
#1966=DIRECTION('center_axis',(0.,0.,1.));
#1967=DIRECTION('ref_axis',(-1.,0.,0.));
#1968=DIRECTION('center_axis',(0.,0.,1.));
#1969=DIRECTION('ref_axis',(-1.,0.,0.));
#1970=DIRECTION('center_axis',(0.,0.,1.));
#1971=DIRECTION('ref_axis',(-1.,0.,0.));
#1972=DIRECTION('center_axis',(0.,0.,-1.));
#1973=DIRECTION('ref_axis',(-1.,0.,0.));
#1974=DIRECTION('',(0.,0.,-1.));
#1975=DIRECTION('center_axis',(0.,0.,1.));
#1976=DIRECTION('ref_axis',(-1.,0.,0.));
#1977=DIRECTION('center_axis',(0.,0.,-1.));
#1978=DIRECTION('ref_axis',(-1.,0.,0.));
#1979=DIRECTION('',(0.,0.,-1.));
#1980=DIRECTION('center_axis',(0.,0.,1.));
#1981=DIRECTION('ref_axis',(-1.,0.,0.));
#1982=DIRECTION('center_axis',(0.,0.,-1.));
#1983=DIRECTION('ref_axis',(-1.,0.,0.));
#1984=DIRECTION('',(0.,0.,-1.));
#1985=DIRECTION('center_axis',(0.,0.,1.));
#1986=DIRECTION('ref_axis',(-1.,0.,0.));
#1987=DIRECTION('center_axis',(0.,0.,-1.));
#1988=DIRECTION('ref_axis',(-1.,0.,0.));
#1989=DIRECTION('',(0.,0.,-1.));
#1990=DIRECTION('center_axis',(0.,0.,1.));
#1991=DIRECTION('ref_axis',(-1.,0.,0.));
#1992=DIRECTION('center_axis',(0.,0.,-1.));
#1993=DIRECTION('ref_axis',(-1.,0.,0.));
#1994=DIRECTION('',(0.,0.,-1.));
#1995=DIRECTION('center_axis',(0.,0.,1.));
#1996=DIRECTION('ref_axis',(-1.,0.,0.));
#1997=DIRECTION('center_axis',(0.,0.,-1.));
#1998=DIRECTION('ref_axis',(-1.,0.,0.));
#1999=DIRECTION('',(0.,0.,-1.));
#2000=DIRECTION('center_axis',(0.,0.,1.));
#2001=DIRECTION('ref_axis',(-1.,0.,0.));
#2002=DIRECTION('center_axis',(0.,0.,-1.));
#2003=DIRECTION('ref_axis',(-1.,0.,0.));
#2004=DIRECTION('',(0.,0.,-1.));
#2005=DIRECTION('center_axis',(0.,0.,1.));
#2006=DIRECTION('ref_axis',(-1.,0.,0.));
#2007=DIRECTION('center_axis',(0.,0.,-1.));
#2008=DIRECTION('ref_axis',(-1.,0.,0.));
#2009=DIRECTION('',(0.,0.,-1.));
#2010=DIRECTION('center_axis',(0.,0.,1.));
#2011=DIRECTION('ref_axis',(-1.,0.,0.));
#2012=DIRECTION('center_axis',(0.,0.,-1.));
#2013=DIRECTION('ref_axis',(-1.,0.,0.));
#2014=DIRECTION('',(0.,0.,-1.));
#2015=DIRECTION('center_axis',(0.,0.,1.));
#2016=DIRECTION('ref_axis',(-1.,0.,0.));
#2017=DIRECTION('center_axis',(0.,0.,-1.));
#2018=DIRECTION('ref_axis',(-1.,0.,0.));
#2019=DIRECTION('',(0.,0.,-1.));
#2020=DIRECTION('center_axis',(0.,0.,1.));
#2021=DIRECTION('ref_axis',(-1.,0.,0.));
#2022=DIRECTION('center_axis',(0.,0.,-1.));
#2023=DIRECTION('ref_axis',(-1.,0.,0.));
#2024=DIRECTION('',(0.,0.,-1.));
#2025=DIRECTION('center_axis',(0.,0.,1.));
#2026=DIRECTION('ref_axis',(-1.,0.,0.));
#2027=DIRECTION('center_axis',(0.,0.,-1.));
#2028=DIRECTION('ref_axis',(-1.,0.,0.));
#2029=DIRECTION('',(0.,0.,-1.));
#2030=DIRECTION('center_axis',(0.,0.,1.));
#2031=DIRECTION('ref_axis',(-1.,0.,0.));
#2032=DIRECTION('center_axis',(-0.309016994374948,-0.951056516295154,0.));
#2033=DIRECTION('ref_axis',(-0.951056516295153,0.309016994374948,0.));
#2034=DIRECTION('',(0.,0.,-1.));
#2035=DIRECTION('',(0.951056516295153,-0.309016994374948,0.));
#2036=DIRECTION('',(0.,0.,-1.));
#2037=DIRECTION('',(0.,0.,-1.));
#2038=DIRECTION('center_axis',(0.809016994374947,-0.587785252292473,0.));
#2039=DIRECTION('ref_axis',(-0.587785252292473,-0.809016994374947,0.));
#2040=DIRECTION('',(0.587785252292473,0.809016994374947,0.));
#2041=DIRECTION('',(0.,0.,-1.));
#2042=DIRECTION('',(0.,0.,-1.));
#2043=DIRECTION('center_axis',(-0.309016994374947,0.951056516295154,0.));
#2044=DIRECTION('ref_axis',(0.951056516295154,0.309016994374947,0.));
#2045=DIRECTION('',(-0.951056516295154,-0.309016994374947,0.));
#2046=DIRECTION('',(0.,0.,-1.));
#2047=DIRECTION('',(0.,0.,-1.));
#2048=DIRECTION('center_axis',(0.809016994374947,0.587785252292473,0.));
#2049=DIRECTION('ref_axis',(0.587785252292473,-0.809016994374947,0.));
#2050=DIRECTION('',(-0.587785252292473,0.809016994374947,0.));
#2051=DIRECTION('',(0.,0.,-1.));
#2052=DIRECTION('center_axis',(0.,0.,1.));
#2053=DIRECTION('ref_axis',(1.,0.,0.));
#2054=DIRECTION('center_axis',(0.,0.,1.));
#2055=DIRECTION('ref_axis',(1.,0.,0.));
#2056=DIRECTION('center_axis',(0.,0.,1.));
#2057=DIRECTION('ref_axis',(1.,0.,0.));
#2058=DIRECTION('center_axis',(0.,0.,1.));
#2059=DIRECTION('ref_axis',(1.,0.,0.));
#2060=DIRECTION('center_axis',(0.,0.,1.));
#2061=DIRECTION('ref_axis',(1.,0.,0.));
#2062=DIRECTION('center_axis',(0.,0.,1.));
#2063=DIRECTION('ref_axis',(1.,0.,0.));
#2064=DIRECTION('center_axis',(0.,0.,1.));
#2065=DIRECTION('ref_axis',(1.,0.,0.));
#2066=DIRECTION('center_axis',(0.,0.,1.));
#2067=DIRECTION('ref_axis',(1.,0.,0.));
#2068=DIRECTION('center_axis',(0.,0.,1.));
#2069=DIRECTION('ref_axis',(1.,0.,0.));
#2070=DIRECTION('center_axis',(0.,0.,1.));
#2071=DIRECTION('ref_axis',(1.,0.,0.));
#2072=DIRECTION('center_axis',(0.,0.,1.));
#2073=DIRECTION('ref_axis',(1.,0.,0.));
#2074=CARTESIAN_POINT('',(0.,0.,0.));
#2075=CARTESIAN_POINT('Origin',(-76.224544304516,21.9547855469003,5.));
#2076=CARTESIAN_POINT('',(-76.224544304516,21.9547855469003,5.));
#2077=CARTESIAN_POINT('',(-75.7610188083489,23.3813703355149,5.));
#2078=CARTESIAN_POINT('',(-74.5249506950101,27.185596818765,5.));
#2079=CARTESIAN_POINT('',(-76.224544304516,21.9547855469003,3.5));
#2080=CARTESIAN_POINT('',(-76.224544304516,21.9547855469003,5.));
#2081=CARTESIAN_POINT('',(-75.7610188083489,23.3813703355149,3.5));
#2082=CARTESIAN_POINT('',(-76.224544304516,21.9547855469003,3.5));
#2083=CARTESIAN_POINT('',(-75.7610188083489,23.3813703355149,5.));
#2084=CARTESIAN_POINT('Origin',(-75.273487774049,21.6457685479206,5.));
#2085=CARTESIAN_POINT('',(-75.273487774049,21.6457685479206,5.));
#2086=CARTESIAN_POINT('',(-64.3363374965305,18.0920730020956,5.));
#2087=CARTESIAN_POINT('',(-75.273487774049,21.6457685479206,3.5));
#2088=CARTESIAN_POINT('',(-75.273487774049,21.6457685479206,5.));
#2089=CARTESIAN_POINT('',(-76.224544304516,21.9547855469003,3.5));
#2090=CARTESIAN_POINT('Origin',(-74.8099622778819,23.0723533365352,5.));
#2091=CARTESIAN_POINT('',(-74.8099622778819,23.0723533365352,5.));
#2092=CARTESIAN_POINT('',(-73.3421314164595,27.5898722140926,5.));
#2093=CARTESIAN_POINT('',(-74.8099622778819,23.0723533365352,3.5));
#2094=CARTESIAN_POINT('',(-74.8099622778819,23.0723533365352,5.));
#2095=CARTESIAN_POINT('',(-75.273487774049,21.6457685479206,3.5));
#2096=CARTESIAN_POINT('Origin',(-75.517253291199,22.5135694417178,3.5));
#2097=CARTESIAN_POINT('',(-73.6211416006263,22.6860820832059,3.5));
#2098=CARTESIAN_POINT('Origin',(-30.5738301335077,42.8780306343589,5.));
#2099=CARTESIAN_POINT('',(-30.5738301335077,42.8780306343589,5.));
#2100=CARTESIAN_POINT('',(-30.1103046373406,41.4514458457444,5.));
#2101=CARTESIAN_POINT('',(-28.8742365240018,37.6472193624943,5.));
#2102=CARTESIAN_POINT('',(-30.5738301335077,42.8780306343589,3.5));
#2103=CARTESIAN_POINT('',(-30.5738301335077,42.8780306343589,5.));
#2104=CARTESIAN_POINT('',(-30.1103046373406,41.4514458457444,3.5));
#2105=CARTESIAN_POINT('',(-30.5738301335077,42.8780306343589,3.5));
#2106=CARTESIAN_POINT('',(-30.1103046373406,41.4514458457444,5.));
#2107=CARTESIAN_POINT('Origin',(-31.5248866639747,42.5690136353793,5.));
#2108=CARTESIAN_POINT('',(-31.5248866639747,42.5690136353793,5.));
#2109=CARTESIAN_POINT('',(-42.4620369414933,39.0153180895543,5.));
#2110=CARTESIAN_POINT('',(-31.5248866639747,42.5690136353793,3.5));
#2111=CARTESIAN_POINT('',(-31.5248866639747,42.5690136353793,5.));
#2112=CARTESIAN_POINT('',(-30.5738301335077,42.8780306343589,3.5));
#2113=CARTESIAN_POINT('Origin',(-31.0613611678076,41.1424288467647,5.));
#2114=CARTESIAN_POINT('',(-31.0613611678076,41.1424288467647,5.));
#2115=CARTESIAN_POINT('',(-29.5935303063852,36.6249099692073,5.));
#2116=CARTESIAN_POINT('',(-31.0613611678076,41.1424288467647,3.5));
#2117=CARTESIAN_POINT('',(-31.0613611678076,41.1424288467647,5.));
#2118=CARTESIAN_POINT('',(-31.5248866639747,42.5690136353793,3.5));
#2119=CARTESIAN_POINT('Origin',(-30.8175956506576,42.0102297405618,3.5));
#2120=CARTESIAN_POINT('',(-32.2501818450632,40.7561575934354,3.5));
#2121=CARTESIAN_POINT('Origin',(-55.2076588106975,-0.882046765204922,5.));
#2122=CARTESIAN_POINT('',(-55.2076588106975,-0.882046765204922,5.));
#2123=CARTESIAN_POINT('',(-56.4211843143152,-0.000368878007534351,5.));
#2124=CARTESIAN_POINT('',(-59.6572526474462,2.35077238954352,5.));
#2125=CARTESIAN_POINT('',(-55.2076588106975,-0.882046765204922,3.5));
#2126=CARTESIAN_POINT('',(-55.2076588106975,-0.882046765204922,5.));
#2127=CARTESIAN_POINT('',(-56.4211843143152,-0.000368878007534351,3.5));
#2128=CARTESIAN_POINT('',(-55.2076588106975,-0.882046765204922,3.5));
#2129=CARTESIAN_POINT('',(-56.4211843143152,-0.000368878007529702,5.));
#2130=CARTESIAN_POINT('Origin',(-54.6198735496464,-0.0730297587746787,5.));
#2131=CARTESIAN_POINT('',(-54.6198735496464,-0.0730297587746787,5.));
#2132=CARTESIAN_POINT('',(-47.8603429380745,9.23066596586421,5.));
#2133=CARTESIAN_POINT('',(-54.6198735496464,-0.0730297587746787,3.5));
#2134=CARTESIAN_POINT('',(-54.6198735496464,-0.0730297587746787,5.));
#2135=CARTESIAN_POINT('',(-55.2076588106975,-0.882046765204922,3.5));
#2136=CARTESIAN_POINT('Origin',(-55.8333990532641,0.808648128422706,5.));
#2137=CARTESIAN_POINT('',(-55.8333990532641,0.808648128422707,5.));
#2138=CARTESIAN_POINT('',(-59.6762301382039,3.60062833957244,5.));
#2139=CARTESIAN_POINT('',(-55.8333990532641,0.808648128422707,3.5));
#2140=CARTESIAN_POINT('',(-55.8333990532641,0.808648128422713,5.));
#2141=CARTESIAN_POINT('',(-54.6198735496464,-0.0730297587746787,3.5));
#2142=CARTESIAN_POINT('Origin',(-55.5205289319808,-0.0366993183911071,3.5));
#2143=CARTESIAN_POINT('',(-55.0986674681915,1.8199193985158,3.5));
#2144=CARTESIAN_POINT('Origin',(-39.0000005811453,48.0000007152557,5.));
#2145=CARTESIAN_POINT('',(-39.0000005811453,48.0000007152557,5.));
#2146=CARTESIAN_POINT('',(-40.5000005960464,48.0000007152557,5.));
#2147=CARTESIAN_POINT('',(-44.5000002905726,48.0000007152557,5.));
#2148=CARTESIAN_POINT('',(-39.0000005811453,48.0000007152557,3.5));
#2149=CARTESIAN_POINT('',(-39.0000005811453,48.0000007152557,5.));
#2150=CARTESIAN_POINT('',(-40.5000005960464,48.0000007152557,3.5));
#2151=CARTESIAN_POINT('',(-61.0000009089708,48.0000007152557,3.5));
#2152=CARTESIAN_POINT('',(-40.5000005960464,48.0000007152557,5.));
#2153=CARTESIAN_POINT('Origin',(-39.0000005811453,49.0000007301569,5.));
#2154=CARTESIAN_POINT('',(-39.0000005811453,49.0000007301569,5.));
#2155=CARTESIAN_POINT('',(-39.0000005811453,37.0000003650784,5.));
#2156=CARTESIAN_POINT('',(-39.0000005811453,49.0000007301569,3.5));
#2157=CARTESIAN_POINT('',(-39.0000005811453,49.0000007301569,5.));
#2158=CARTESIAN_POINT('',(-39.0000005811453,49.0000007301569,3.5));
#2159=CARTESIAN_POINT('Origin',(-40.5000005960464,49.0000007301569,5.));
#2160=CARTESIAN_POINT('',(-40.5000005960464,49.0000007301569,5.));
#2161=CARTESIAN_POINT('',(-45.2500002980232,49.0000007301569,5.));
#2162=CARTESIAN_POINT('',(-40.5000005960464,49.0000007301569,3.5));
#2163=CARTESIAN_POINT('',(-40.5000005960464,49.0000007301569,5.));
#2164=CARTESIAN_POINT('',(-61.0000009089708,49.0000007301569,3.5));
#2165=CARTESIAN_POINT('Origin',(-39.7500005885959,48.5000007227063,3.5));
#2166=CARTESIAN_POINT('',(-40.5000005960464,49.6534883716247,3.5));
#2167=CARTESIAN_POINT('Origin',(-72.4182476911116,12.8582459843507,5.));
#2168=CARTESIAN_POINT('',(-72.4182476911116,12.8582459843507,5.));
#2169=CARTESIAN_POINT('',(-71.204722187494,11.9765680971534,5.));
#2170=CARTESIAN_POINT('',(-67.9686544571277,9.62542726753646,5.));
#2171=CARTESIAN_POINT('',(-72.4182476911116,12.8582459843507,3.5));
#2172=CARTESIAN_POINT('',(-72.4182476911116,12.8582459843507,5.));
#2173=CARTESIAN_POINT('',(-71.204722187494,11.9765680971534,3.5));
#2174=CARTESIAN_POINT('',(-54.6198735496464,-0.0730297587746787,3.5));
#2175=CARTESIAN_POINT('',(-71.204722187494,11.9765680971534,5.));
#2176=CARTESIAN_POINT('Origin',(-73.0060329521628,12.0492289779205,5.));
#2177=CARTESIAN_POINT('',(-73.0060329521628,12.0492289779205,5.));
#2178=CARTESIAN_POINT('',(-65.9526097100654,21.7574332057746,5.));
#2179=CARTESIAN_POINT('',(-73.0060329521628,12.0492289779205,3.5));
#2180=CARTESIAN_POINT('',(-73.0060329521628,12.0492289779205,5.));
#2181=CARTESIAN_POINT('',(-73.0060329521628,12.0492289779205,3.5));
#2182=CARTESIAN_POINT('Origin',(-71.7925074485451,11.1675510907232,5.));
#2183=CARTESIAN_POINT('',(-71.7925074485451,11.1675510907231,5.));
#2184=CARTESIAN_POINT('',(-67.94967696637,8.37557131750756,5.));
#2185=CARTESIAN_POINT('',(-71.7925074485451,11.1675510907231,3.5));
#2186=CARTESIAN_POINT('',(-71.7925074485451,11.1675510907231,5.));
#2187=CARTESIAN_POINT('',(-55.2076588106975,-0.882046765204922,3.5));
#2188=CARTESIAN_POINT('Origin',(-72.1053775698284,12.0128985375369,3.5));
#2189=CARTESIAN_POINT('',(-72.1766178467552,10.6388684831617,3.5));
#2190=CARTESIAN_POINT('Origin',(-68.4751137964965,42.5690122181947,5.));
#2191=CARTESIAN_POINT('',(-68.4751137964965,42.5690122181947,5.));
#2192=CARTESIAN_POINT('',(-68.9386392926636,41.1424274295801,5.));
#2193=CARTESIAN_POINT('',(-70.1747071757668,37.3382016549223,5.));
#2194=CARTESIAN_POINT('',(-68.4751137964965,42.5690122181947,3.5));
#2195=CARTESIAN_POINT('',(-68.4751137964965,42.5690122181947,5.));
#2196=CARTESIAN_POINT('',(-68.9386392926636,41.1424274295801,3.5));
#2197=CARTESIAN_POINT('',(-75.273487774049,21.6457685479206,3.5));
#2198=CARTESIAN_POINT('',(-68.9386392926637,41.1424274295801,5.));
#2199=CARTESIAN_POINT('Origin',(-69.4261703269635,42.8780292171743,5.));
#2200=CARTESIAN_POINT('',(-69.4261703269635,42.8780292171743,5.));
#2201=CARTESIAN_POINT('',(-58.0134917842114,39.1698251718594,5.));
#2202=CARTESIAN_POINT('',(-69.4261703269635,42.8780292171743,3.5));
#2203=CARTESIAN_POINT('',(-69.4261703269635,42.8780292171743,5.));
#2204=CARTESIAN_POINT('',(-69.4261703269635,42.8780292171743,3.5));
#2205=CARTESIAN_POINT('Origin',(-69.8896958231306,41.4514444285597,5.));
#2206=CARTESIAN_POINT('',(-69.8896958231306,41.4514444285597,5.));
#2207=CARTESIAN_POINT('',(-71.3575264543174,36.9339262595947,5.));
#2208=CARTESIAN_POINT('',(-69.8896958231306,41.4514444285597,3.5));
#2209=CARTESIAN_POINT('',(-69.8896958231306,41.4514444285597,5.));
#2210=CARTESIAN_POINT('',(-76.224544304516,21.9547855469003,3.5));
#2211=CARTESIAN_POINT('Origin',(-69.1824048098136,42.0102283233772,3.5));
#2212=CARTESIAN_POINT('',(-70.5111995028669,41.6533832153873,3.5));
#2213=CARTESIAN_POINT('Origin',(-24.7265126864222,21.6457699651053,5.));
#2214=CARTESIAN_POINT('',(-24.7265126864222,21.6457699651053,5.));
#2215=CARTESIAN_POINT('',(-25.1900381825893,23.0723547537198,5.));
#2216=CARTESIAN_POINT('',(-26.4261060656925,26.8765805283776,5.));
#2217=CARTESIAN_POINT('',(-24.7265126864222,21.6457699651053,3.5));
#2218=CARTESIAN_POINT('',(-24.7265126864222,21.6457699651053,5.));
#2219=CARTESIAN_POINT('',(-25.1900381825893,23.0723547537198,3.5));
#2220=CARTESIAN_POINT('',(-31.5248866639747,42.5690136353793,3.5));
#2221=CARTESIAN_POINT('',(-25.1900381825893,23.0723547537198,5.));
#2222=CARTESIAN_POINT('Origin',(-23.7754561559552,21.9547869640849,5.));
#2223=CARTESIAN_POINT('',(-23.7754561559552,21.9547869640849,5.));
#2224=CARTESIAN_POINT('',(-35.1881346987072,18.2465829187701,5.));
#2225=CARTESIAN_POINT('',(-23.7754561559552,21.9547869640849,3.5));
#2226=CARTESIAN_POINT('',(-23.7754561559552,21.9547869640849,5.));
#2227=CARTESIAN_POINT('',(-23.7754561559552,21.9547869640849,3.5));
#2228=CARTESIAN_POINT('Origin',(-24.2389816521223,23.3813717526995,5.));
#2229=CARTESIAN_POINT('',(-24.2389816521223,23.3813717526995,5.));
#2230=CARTESIAN_POINT('',(-25.7068122833091,27.8988899216645,5.));
#2231=CARTESIAN_POINT('',(-24.2389816521223,23.3813717526995,3.5));
#2232=CARTESIAN_POINT('',(-24.2389816521223,23.3813717526995,5.));
#2233=CARTESIAN_POINT('',(-30.5738301335077,42.8780306343589,3.5));
#2234=CARTESIAN_POINT('Origin',(-24.4827471692723,22.5135708589024,3.5));
#2235=CARTESIAN_POINT('',(-23.6174779723861,23.583310539527,3.5));
#2236=CARTESIAN_POINT('Origin',(-26.9939658423079,12.0492298537888,5.));
#2237=CARTESIAN_POINT('',(-26.9939658423079,12.0492298537888,5.));
#2238=CARTESIAN_POINT('',(-28.2074913459256,11.1675519665914,5.));
#2239=CARTESIAN_POINT('',(-31.4435596790566,8.81641069904034,5.));
#2240=CARTESIAN_POINT('',(-26.9939658423079,12.0492298537888,3.5));
#2241=CARTESIAN_POINT('',(-26.9939658423079,12.0492298537888,5.));
#2242=CARTESIAN_POINT('',(-28.2074913459256,11.1675519665914,3.5));
#2243=CARTESIAN_POINT('',(-26.9939658423079,12.0492298537888,3.5));
#2244=CARTESIAN_POINT('',(-28.2074913459256,11.1675519665914,5.));
#2245=CARTESIAN_POINT('Origin',(-27.5817511033591,12.858246860219,5.));
#2246=CARTESIAN_POINT('',(-27.5817511033591,12.858246860219,5.));
#2247=CARTESIAN_POINT('',(-34.341281714931,22.1619425848579,5.));
#2248=CARTESIAN_POINT('',(-27.5817511033591,12.858246860219,3.5));
#2249=CARTESIAN_POINT('',(-27.5817511033591,12.858246860219,5.));
#2250=CARTESIAN_POINT('',(-26.9939658423079,12.0492298537888,3.5));
#2251=CARTESIAN_POINT('Origin',(-28.7952766069768,11.9765689730216,5.));
#2252=CARTESIAN_POINT('',(-28.7952766069768,11.9765689730216,5.));
#2253=CARTESIAN_POINT('',(-32.6381076919166,9.18458876187189,5.));
#2254=CARTESIAN_POINT('',(-28.7952766069768,11.9765689730216,3.5));
#2255=CARTESIAN_POINT('',(-28.7952766069768,11.9765689730216,5.));
#2256=CARTESIAN_POINT('',(-27.5817511033591,12.858246860219,3.5));
#2257=CARTESIAN_POINT('Origin',(-27.8946212246423,12.0128994134052,3.5));
#2258=CARTESIAN_POINT('',(-29.5300081920494,12.9878402431147,3.5));
#2259=CARTESIAN_POINT('Origin',(-59.5000008940697,48.0000007152557,5.));
#2260=CARTESIAN_POINT('',(-59.5000008940697,48.0000007152557,5.));
#2261=CARTESIAN_POINT('',(-61.0000009089708,48.0000007152557,5.));
#2262=CARTESIAN_POINT('',(-54.7500004470348,48.0000007152557,5.));
#2263=CARTESIAN_POINT('',(-59.5000008940697,48.0000007152557,3.5));
#2264=CARTESIAN_POINT('',(-59.5000008940697,48.0000007152557,5.));
#2265=CARTESIAN_POINT('',(-61.0000009089708,48.0000007152557,3.5));
#2266=CARTESIAN_POINT('',(-61.0000009089708,48.0000007152557,3.5));
#2267=CARTESIAN_POINT('',(-61.0000009089708,48.0000007152557,5.));
#2268=CARTESIAN_POINT('Origin',(-61.0000009089708,49.0000007301569,5.));
#2269=CARTESIAN_POINT('',(-61.0000009089708,49.0000007301569,5.));
#2270=CARTESIAN_POINT('',(-59.5000008940697,49.0000007301569,5.));
#2271=CARTESIAN_POINT('',(-55.5000004544854,49.0000007301569,5.));
#2272=CARTESIAN_POINT('',(-61.0000009089708,49.0000007301569,3.5));
#2273=CARTESIAN_POINT('',(-61.0000009089708,49.0000007301569,5.));
#2274=CARTESIAN_POINT('',(-59.5000008940697,49.0000007301569,3.5));
#2275=CARTESIAN_POINT('',(-61.0000009089708,49.0000007301569,3.5));
#2276=CARTESIAN_POINT('',(-59.5000008940697,49.0000007301569,5.));
#2277=CARTESIAN_POINT('Origin',(-61.0000009089708,48.0000007152557,5.));
#2278=CARTESIAN_POINT('',(-61.0000009089708,36.5000003576279,5.));
#2279=CARTESIAN_POINT('',(-61.0000009089708,49.0000007301569,3.5));
#2280=CARTESIAN_POINT('Origin',(-60.2500009015203,48.5000007227063,3.5));
#2281=CARTESIAN_POINT('',(-59.5000008940697,46.7500006817281,3.5));
#2282=CARTESIAN_POINT('Origin',(-45.3801252448244,-0.0730288829064207,5.));
#2283=CARTESIAN_POINT('',(-45.3801252448244,-0.0730288829064207,5.));
#2284=CARTESIAN_POINT('',(-44.1665997412067,0.808649004290962,5.));
#2285=CARTESIAN_POINT('',(-40.9305320108404,3.15978983390787,5.));
#2286=CARTESIAN_POINT('',(-45.3801252448244,-0.0730288829064207,3.5));
#2287=CARTESIAN_POINT('',(-45.3801252448244,-0.0730288829064207,5.));
#2288=CARTESIAN_POINT('',(-44.1665997412067,0.808649004290962,3.5));
#2289=CARTESIAN_POINT('',(-27.5817511033591,12.858246860219,3.5));
#2290=CARTESIAN_POINT('',(-44.1665997412067,0.808649004290969,5.));
#2291=CARTESIAN_POINT('Origin',(-44.7923399837732,-0.882045889336629,5.));
#2292=CARTESIAN_POINT('',(-44.7923399837732,-0.882045889336629,5.));
#2293=CARTESIAN_POINT('',(-51.8457632258706,8.82615833851738,5.));
#2294=CARTESIAN_POINT('',(-44.7923399837732,-0.882045889336629,3.5));
#2295=CARTESIAN_POINT('',(-44.7923399837732,-0.882045889336629,5.));
#2296=CARTESIAN_POINT('',(-44.7923399837732,-0.882045889336629,3.5));
#2297=CARTESIAN_POINT('Origin',(-43.5788144801555,-0.000368002139248258,
5.));
#2298=CARTESIAN_POINT('',(-43.5788144801555,-0.000368002139248258,5.));
#2299=CARTESIAN_POINT('',(-39.7359839979804,2.79161177107633,5.));
#2300=CARTESIAN_POINT('',(-43.5788144801555,-0.000368002139248258,3.5));
#2301=CARTESIAN_POINT('',(-43.5788144801555,-0.000368002139242128,5.));
#2302=CARTESIAN_POINT('',(-26.9939658423079,12.0492298537888,3.5));
#2303=CARTESIAN_POINT('Origin',(-44.4794698624899,-0.0366984425228321,3.5));
#2304=CARTESIAN_POINT('',(-43.1947040819454,-0.529050609700682,3.5));
#2305=CARTESIAN_POINT('Origin',(-40.5000005960464,50.806976020543,5.));
#2306=CARTESIAN_POINT('',(-40.5000005960464,50.806976020543,5.));
#2307=CARTESIAN_POINT('',(-40.5000005960465,37.9034880102715,5.));
#2308=CARTESIAN_POINT('',(-40.5000005960464,50.806976020543,0.));
#2309=CARTESIAN_POINT('',(-40.5000005960464,50.806976020543,0.));
#2310=CARTESIAN_POINT('',(-40.5000005960464,45.0000006407499,0.));
#2311=CARTESIAN_POINT('',(-40.5000005960465,37.9034880102715,0.));
#2312=CARTESIAN_POINT('',(-40.5000005960464,45.0000006407499,5.));
#2313=CARTESIAN_POINT('',(-40.5000005960464,45.0000006407499,5.));
#2314=CARTESIAN_POINT('',(-40.5000005960465,37.9034880102715,5.));
#2315=CARTESIAN_POINT('Origin',(-72.854620875491,9.70567737238514,5.));
#2316=CARTESIAN_POINT('',(-72.854620875491,9.70567737238514,5.));
#2317=CARTESIAN_POINT('',(-65.2701409199206,20.1448184594082,5.));
#2318=CARTESIAN_POINT('',(-72.854620875491,9.70567737238513,0.));
#2319=CARTESIAN_POINT('',(-72.854620875491,9.70567737238513,0.));
#2320=CARTESIAN_POINT('',(-69.4413663868231,14.4036191405547,0.));
#2321=CARTESIAN_POINT('',(-65.2701409199206,20.1448184594082,0.));
#2322=CARTESIAN_POINT('',(-69.4413663868231,14.4036191405547,5.));
#2323=CARTESIAN_POINT('',(-69.4413663868231,14.4036191405547,5.));
#2324=CARTESIAN_POINT('',(-65.2701409199206,20.1448184594082,5.));
#2325=CARTESIAN_POINT('Origin',(-71.6082314478367,42.0098305017046,5.));
#2326=CARTESIAN_POINT('',(-71.6082314478367,42.0098305017046,5.));
#2327=CARTESIAN_POINT('',(-59.3362850927316,38.0224334198174,5.));
#2328=CARTESIAN_POINT('',(-71.6082314478367,42.0098305017046,0.));
#2329=CARTESIAN_POINT('',(-71.6082314478367,42.0098305017046,0.));
#2330=CARTESIAN_POINT('',(-66.085469672919,40.2153764234317,0.));
#2331=CARTESIAN_POINT('',(-59.3362850927316,38.0224334198174,0.));
#2332=CARTESIAN_POINT('',(-66.085469672919,40.2153764234317,5.));
#2333=CARTESIAN_POINT('',(-66.085469672919,40.2153764234317,5.));
#2334=CARTESIAN_POINT('',(-59.3362850927316,38.0224334198174,5.));
#2335=CARTESIAN_POINT('Origin',(-22.5204460274163,23.9397578258444,5.));
#2336=CARTESIAN_POINT('',(-22.5204460274163,23.9397578258444,5.));
#2337=CARTESIAN_POINT('',(-34.7923923825214,19.9523607439572,5.));
#2338=CARTESIAN_POINT('',(-22.5204460274163,23.9397578258444,0.));
#2339=CARTESIAN_POINT('',(-22.5204460274163,23.9397578258444,0.));
#2340=CARTESIAN_POINT('',(-28.043207802334,22.1453037475715,0.));
#2341=CARTESIAN_POINT('',(-34.7923923825214,19.9523607439572,0.));
#2342=CARTESIAN_POINT('',(-28.043207802334,22.1453037475715,5.));
#2343=CARTESIAN_POINT('',(-28.043207802334,22.1453037475715,5.));
#2344=CARTESIAN_POINT('',(-34.7923923825214,19.9523607439572,5.));
#2345=CARTESIAN_POINT('Origin',(-59.5000008940697,45.0000006407499,5.));
#2346=CARTESIAN_POINT('',(-59.5000008940697,45.0000006407499,5.));
#2347=CARTESIAN_POINT('',(-59.5000008940697,35.000000320375,5.));
#2348=CARTESIAN_POINT('',(-59.5000008940697,45.0000006407499,0.));
#2349=CARTESIAN_POINT('',(-59.5000008940697,45.0000006407499,5.));
#2350=CARTESIAN_POINT('',(-59.5000008940697,50.8069754720051,0.));
#2351=CARTESIAN_POINT('',(-59.5000008940697,35.000000320375,0.));
#2352=CARTESIAN_POINT('',(-59.5000008940697,50.8069754720051,5.));
#2353=CARTESIAN_POINT('',(-59.5000008940697,50.8069754720051,0.));
#2354=CARTESIAN_POINT('',(-59.5000008940697,35.000000320375,5.));
#2355=CARTESIAN_POINT('Origin',(-50.,25.,5.));
#2356=CARTESIAN_POINT('',(-77.4795539113644,23.9397562391523,5.));
#2357=CARTESIAN_POINT('',(-62.446227190491,19.055132287636,5.));
#2358=CARTESIAN_POINT('Origin',(-50.,25.,5.));
#2359=CARTESIAN_POINT('',(-54.0700432525933,3.23569917182401,5.));
#2360=CARTESIAN_POINT('Ctrl Pts',(-69.4413663868231,14.4036191405547,5.));
#2361=CARTESIAN_POINT('Ctrl Pts',(-58.8167785319698,12.8647441642299,5.));
#2362=CARTESIAN_POINT('Ctrl Pts',(-54.0700432525933,3.23569917182401,5.));
#2363=CARTESIAN_POINT('',(-48.1921905413569,11.3258693747623,5.));
#2364=CARTESIAN_POINT('',(-57.4832974188387,-1.46224215256906,5.));
#2365=CARTESIAN_POINT('',(-48.1921905413569,11.3258693747623,5.));
#2366=CARTESIAN_POINT('',(-42.5167010532096,-1.46224172047724,5.));
#2367=CARTESIAN_POINT('Origin',(-50.,25.,5.));
#2368=CARTESIAN_POINT('',(-50.10118100878,8.97689936654579,5.));
#2369=CARTESIAN_POINT('',(-45.9299555418775,3.23570004769228,5.));
#2370=CARTESIAN_POINT('',(-50.10118100878,8.97689936654579,5.));
#2371=CARTESIAN_POINT('',(-30.5586324076476,14.4036200164229,5.));
#2372=CARTESIAN_POINT('Ctrl Pts',(-45.9299555418775,3.23570004769228,5.));
#2373=CARTESIAN_POINT('Ctrl Pts',(-41.183220262501,12.8647450400982,5.));
#2374=CARTESIAN_POINT('Ctrl Pts',(-30.5586324076476,14.4036200164229,5.));
#2375=CARTESIAN_POINT('',(-36.436485118884,22.4937902193612,5.));
#2376=CARTESIAN_POINT('',(-27.1453782414022,9.70567869202986,5.));
#2377=CARTESIAN_POINT('',(-36.436485118884,22.4937902193612,5.));
#2378=CARTESIAN_POINT('Origin',(-50.,25.,5.));
#2379=CARTESIAN_POINT('',(-33.9145307875523,40.2153778406163,5.));
#2380=CARTESIAN_POINT('Ctrl Pts',(-28.043207802334,22.1453037475715,5.));
#2381=CARTESIAN_POINT('Ctrl Pts',(-35.7341519189344,29.635255808405,5.));
#2382=CARTESIAN_POINT('Ctrl Pts',(-33.9145307875523,40.2153778406163,5.));
#2383=CARTESIAN_POINT('',(-43.4250962551985,37.1252077978655,5.));
#2384=CARTESIAN_POINT('',(-28.391769534325,42.0098317493818,5.));
#2385=CARTESIAN_POINT('',(-43.4250962551985,37.1252077978655,5.));
#2386=CARTESIAN_POINT('Origin',(-50.,25.,5.));
#2387=CARTESIAN_POINT('Ctrl Pts',(-40.5000005960464,45.0000006407499,5.));
#2388=CARTESIAN_POINT('Ctrl Pts',(-50.0000007450581,40.0000005960464,5.));
#2389=CARTESIAN_POINT('Ctrl Pts',(-59.5000008940697,45.0000006407499,5.));
#2390=CARTESIAN_POINT('Origin',(-50.,25.,5.));
#2391=CARTESIAN_POINT('',(-71.9567926581372,22.1453023303868,5.));
#2392=CARTESIAN_POINT('Ctrl Pts',(-66.085469672919,40.2153764234317,5.));
#2393=CARTESIAN_POINT('Ctrl Pts',(-64.2658485415368,29.6352543912204,5.));
#2394=CARTESIAN_POINT('Ctrl Pts',(-71.9567926581372,22.1453023303868,5.));
#2395=CARTESIAN_POINT('',(-62.446227190491,19.055132287636,5.));
#2396=CARTESIAN_POINT('',(-36.,25.,5.));
#2397=CARTESIAN_POINT('Origin',(-50.,25.,5.));
#2398=CARTESIAN_POINT('',(-48.499999292126,0.480988085504364,5.));
#2399=CARTESIAN_POINT('Origin',(-49.999999292126,0.480988085504364,5.));
#2400=CARTESIAN_POINT('',(-34.0880869685581,44.8362977401867,5.));
#2401=CARTESIAN_POINT('Origin',(-35.5880869685581,44.8362977401867,5.));
#2402=CARTESIAN_POINT('',(-62.9119141768061,44.8362969080309,5.));
#2403=CARTESIAN_POINT('Origin',(-64.4119141768061,44.8362969080309,5.));
#2404=CARTESIAN_POINT('',(-25.1810337268553,17.4232093063672,5.));
#2405=CARTESIAN_POINT('Origin',(-26.6810337268553,17.4232093063672,5.));
#2406=CARTESIAN_POINT('',(-71.8189658356545,17.4232079599109,5.));
#2407=CARTESIAN_POINT('Origin',(-73.3189658356545,17.4232079599109,5.));
#2408=CARTESIAN_POINT('Origin',(-42.5167010532096,-1.46224172047723,5.));
#2409=CARTESIAN_POINT('',(-42.5167010532096,-1.46224172047724,0.));
#2410=CARTESIAN_POINT('',(-42.5167010532096,-1.46224172047724,0.));
#2411=CARTESIAN_POINT('',(-45.9299555418775,3.23570004769228,0.));
#2412=CARTESIAN_POINT('',(-50.10118100878,8.97689936654579,0.));
#2413=CARTESIAN_POINT('',(-45.9299555418775,3.23570004769228,5.));
#2414=CARTESIAN_POINT('Origin',(-50.,25.,5.));
#2415=CARTESIAN_POINT('',(-36.,25.,3.5));
#2416=CARTESIAN_POINT('',(-36.,25.,5.));
#2417=CARTESIAN_POINT('Origin',(-50.,25.,3.5));
#2418=CARTESIAN_POINT('Origin',(-50.,25.,3.5));
#2419=CARTESIAN_POINT('',(-39.8397458830172,30.0000009060095,3.5));
#2420=CARTESIAN_POINT('Origin',(-41.3397458830172,30.0000009060095,3.5));
#2421=CARTESIAN_POINT('',(-48.5000007450581,35.0000005215406,3.5));
#2422=CARTESIAN_POINT('Origin',(-50.0000007450581,35.0000005215406,3.5));
#2423=CARTESIAN_POINT('',(-48.4999992549419,14.9999994784594,3.5));
#2424=CARTESIAN_POINT('Origin',(-49.9999992549419,14.9999994784594,3.5));
#2425=CARTESIAN_POINT('',(-57.1602541169828,19.9999990939905,3.5));
#2426=CARTESIAN_POINT('Origin',(-58.6602541169828,19.9999990939905,3.5));
#2427=CARTESIAN_POINT('',(-44.0000006556511,25.,3.5));
#2428=CARTESIAN_POINT('Origin',(-50.,25.,3.5));
#2429=CARTESIAN_POINT('',(-57.1602548620409,29.9999996155311,3.5));
#2430=CARTESIAN_POINT('Origin',(-58.6602548620409,29.9999996155311,3.5));
#2431=CARTESIAN_POINT('',(-39.8397451379591,20.0000003844689,3.5));
#2432=CARTESIAN_POINT('Origin',(-41.3397451379591,20.0000003844689,3.5));
#2433=CARTESIAN_POINT('Origin',(-73.3189658356545,17.4232079599109,5.));
#2434=CARTESIAN_POINT('',(-71.8189658356545,17.4232079599109,0.));
#2435=CARTESIAN_POINT('',(-71.8189658356545,17.4232079599109,5.));
#2436=CARTESIAN_POINT('Origin',(-73.3189658356545,17.4232079599109,0.));
#2437=CARTESIAN_POINT('Origin',(-49.9999992549419,14.9999994784594,5.));
#2438=CARTESIAN_POINT('',(-48.4999992549419,14.9999994784594,0.));
#2439=CARTESIAN_POINT('',(-48.4999992549419,14.9999994784594,5.));
#2440=CARTESIAN_POINT('Origin',(-49.9999992549419,14.9999994784594,0.));
#2441=CARTESIAN_POINT('Origin',(-41.3397458830172,30.0000009060095,5.));
#2442=CARTESIAN_POINT('',(-39.8397458830172,30.0000009060095,0.));
#2443=CARTESIAN_POINT('',(-39.8397458830172,30.0000009060095,5.));
#2444=CARTESIAN_POINT('Origin',(-41.3397458830172,30.0000009060095,0.));
#2445=CARTESIAN_POINT('Origin',(-50.0000007450581,35.0000005215406,5.));
#2446=CARTESIAN_POINT('',(-48.5000007450581,35.0000005215406,0.));
#2447=CARTESIAN_POINT('',(-48.5000007450581,35.0000005215406,5.));
#2448=CARTESIAN_POINT('Origin',(-50.0000007450581,35.0000005215406,0.));
#2449=CARTESIAN_POINT('Origin',(-41.3397451379591,20.0000003844689,5.));
#2450=CARTESIAN_POINT('',(-39.8397451379591,20.0000003844689,0.));
#2451=CARTESIAN_POINT('',(-39.8397451379591,20.0000003844689,5.));
#2452=CARTESIAN_POINT('Origin',(-41.3397451379591,20.0000003844689,0.));
#2453=CARTESIAN_POINT('Origin',(-26.6810337268553,17.4232093063672,5.));
#2454=CARTESIAN_POINT('',(-25.1810337268553,17.4232093063672,0.));
#2455=CARTESIAN_POINT('',(-25.1810337268553,17.4232093063672,5.));
#2456=CARTESIAN_POINT('Origin',(-26.6810337268553,17.4232093063672,0.));
#2457=CARTESIAN_POINT('Origin',(-64.4119141768061,44.8362969080309,5.));
#2458=CARTESIAN_POINT('',(-62.9119141768061,44.8362969080309,0.));
#2459=CARTESIAN_POINT('',(-62.9119141768061,44.8362969080309,5.));
#2460=CARTESIAN_POINT('Origin',(-64.4119141768061,44.8362969080309,0.));
#2461=CARTESIAN_POINT('Origin',(-58.6602541169828,19.9999990939905,5.));
#2462=CARTESIAN_POINT('',(-57.1602541169828,19.9999990939905,0.));
#2463=CARTESIAN_POINT('',(-57.1602541169828,19.9999990939905,5.));
#2464=CARTESIAN_POINT('Origin',(-58.6602541169828,19.9999990939905,0.));
#2465=CARTESIAN_POINT('Origin',(-50.,25.,5.));
#2466=CARTESIAN_POINT('',(-44.0000006556511,25.,0.));
#2467=CARTESIAN_POINT('',(-44.0000006556511,25.,5.));
#2468=CARTESIAN_POINT('Origin',(-50.,25.,0.));
#2469=CARTESIAN_POINT('Origin',(-58.6602548620409,29.9999996155311,5.));
#2470=CARTESIAN_POINT('',(-57.1602548620409,29.9999996155311,0.));
#2471=CARTESIAN_POINT('',(-57.1602548620409,29.9999996155311,5.));
#2472=CARTESIAN_POINT('Origin',(-58.6602548620409,29.9999996155311,0.));
#2473=CARTESIAN_POINT('Origin',(-35.5880869685581,44.8362977401867,5.));
#2474=CARTESIAN_POINT('',(-34.0880869685581,44.8362977401867,0.));
#2475=CARTESIAN_POINT('',(-34.0880869685581,44.8362977401867,5.));
#2476=CARTESIAN_POINT('Origin',(-35.5880869685581,44.8362977401867,0.));
#2477=CARTESIAN_POINT('Origin',(-49.999999292126,0.480988085504364,5.));
#2478=CARTESIAN_POINT('',(-48.499999292126,0.480988085504364,0.));
#2479=CARTESIAN_POINT('',(-48.499999292126,0.480988085504363,5.));
#2480=CARTESIAN_POINT('Origin',(-49.999999292126,0.480988085504364,0.));
#2481=CARTESIAN_POINT('Origin',(-71.9567926581372,22.1453023303868,5.));
#2482=CARTESIAN_POINT('',(-71.9567926581372,22.1453023303868,0.));
#2483=CARTESIAN_POINT('',(-71.9567926581372,22.1453023303868,5.));
#2484=CARTESIAN_POINT('',(-77.4795539113644,23.9397562391523,0.));
#2485=CARTESIAN_POINT('',(-62.446227190491,19.055132287636,0.));
#2486=CARTESIAN_POINT('',(-77.4795539113644,23.9397562391523,0.));
#2487=CARTESIAN_POINT('Ctrl Pts',(-66.085469672919,40.2153764234317,5.));
#2488=CARTESIAN_POINT('Ctrl Pts',(-66.085469672919,40.2153764234317,-25.));
#2489=CARTESIAN_POINT('Ctrl Pts',(-64.2658485415368,29.6352543912204,5.));
#2490=CARTESIAN_POINT('Ctrl Pts',(-64.2658485415368,29.6352543912204,-25.));
#2491=CARTESIAN_POINT('Ctrl Pts',(-71.9567926581372,22.1453023303868,5.));
#2492=CARTESIAN_POINT('Ctrl Pts',(-71.9567926581372,22.1453023303868,-25.));
#2493=CARTESIAN_POINT('Ctrl Pts',(-71.9567926581372,22.1453023303868,0.));
#2494=CARTESIAN_POINT('Ctrl Pts',(-71.8538950812734,22.2455108231546,0.));
#2495=CARTESIAN_POINT('Ctrl Pts',(-71.7543483260364,22.3426401611506,0.));
#2496=CARTESIAN_POINT('Ctrl Pts',(-71.6578478831273,22.436973048742,0.));
#2497=CARTESIAN_POINT('Ctrl Pts',(-71.5575210749856,22.5350463552424,0.));
#2498=CARTESIAN_POINT('Ctrl Pts',(-71.460487115864,22.6300968942728,0.));
#2499=CARTESIAN_POINT('Ctrl Pts',(-71.3664448236457,22.7224043535069,0.));
#2500=CARTESIAN_POINT('Ctrl Pts',(-71.2686443716916,22.8184006443126,0.));
#2501=CARTESIAN_POINT('Ctrl Pts',(-71.1740796402515,22.91143007911,0.));
#2502=CARTESIAN_POINT('Ctrl Pts',(-71.0824527405626,23.0017693714604,0.));
#2503=CARTESIAN_POINT('Ctrl Pts',(-70.9852220142041,23.0976337414627,0.));
#2504=CARTESIAN_POINT('Ctrl Pts',(-70.8912995014037,23.1904688135056,0.));
#2505=CARTESIAN_POINT('Ctrl Pts',(-70.8003728751967,23.2805648184371,0.));
#2506=CARTESIAN_POINT('Ctrl Pts',(-70.7057518236576,23.3743214998592,0.));
#2507=CARTESIAN_POINT('Ctrl Pts',(-70.6143752456752,23.465111834485,0.));
#2508=CARTESIAN_POINT('Ctrl Pts',(-70.5259349924018,23.5532222952499,0.));
#2509=CARTESIAN_POINT('Ctrl Pts',(-70.4338724911116,23.6449414967176,0.));
#2510=CARTESIAN_POINT('Ctrl Pts',(-70.3449919563586,23.733756633258,0.));
#2511=CARTESIAN_POINT('Ctrl Pts',(-70.2589893492304,23.819950503322,0.));
#2512=CARTESIAN_POINT('Ctrl Pts',(-70.1694357719772,23.9097032405852,0.));
#2513=CARTESIAN_POINT('Ctrl Pts',(-70.0830028725073,23.9966136069599,0.));
#2514=CARTESIAN_POINT('Ctrl Pts',(-69.9993906561735,24.0809608115025,0.));
#2515=CARTESIAN_POINT('Ctrl Pts',(-69.9122978796975,24.168819171844,0.));
#2516=CARTESIAN_POINT('Ctrl Pts',(-69.8282656992475,24.2538963570888,0.));
#2517=CARTESIAN_POINT('Ctrl Pts',(-69.746998101261,24.3364680745522,0.));
#2518=CARTESIAN_POINT('Ctrl Pts',(-69.6623195157537,24.4225055164227,0.));
#2519=CARTESIAN_POINT('Ctrl Pts',(-69.5806426441951,24.5058225801647,0.));
#2520=CARTESIAN_POINT('Ctrl Pts',(-69.5016753934047,24.5866915626784,0.));
#2521=CARTESIAN_POINT('Ctrl Pts',(-69.4193659195173,24.6709832574997,0.));
#2522=CARTESIAN_POINT('Ctrl Pts',(-69.3400004744597,24.7526150836843,0.));
#2523=CARTESIAN_POINT('Ctrl Pts',(-69.263290827207,24.8318560240921,0.));
#2524=CARTESIAN_POINT('Ctrl Pts',(-69.1833069402484,24.9144792487719,0.));
#2525=CARTESIAN_POINT('Ctrl Pts',(-69.1062105966475,24.9945029526375,0.));
#2526=CARTESIAN_POINT('Ctrl Pts',(-69.0317173717981,25.0721929076548,0.));
#2527=CARTESIAN_POINT('Ctrl Pts',(-68.9540171338788,25.1532274983977,0.));
#2528=CARTESIAN_POINT('Ctrl Pts',(-68.8791491626368,25.2317228978522,0.));
#2529=CARTESIAN_POINT('Ctrl Pts',(-68.80683278666,25.307941779178,0.));
#2530=CARTESIAN_POINT('Ctrl Pts',(-68.7313758876082,25.3874706598272,0.));
#2531=CARTESIAN_POINT('Ctrl Pts',(-68.6586972042874,25.4645208251791,0.));
#2532=CARTESIAN_POINT('Ctrl Pts',(-68.588519767805,25.5393519733721,0.));
#2533=CARTESIAN_POINT('Ctrl Pts',(-68.5152675757423,25.6174617749616,0.));
#2534=CARTESIAN_POINT('Ctrl Pts',(-68.4447408006729,25.6931536745986,0.));
#2535=CARTESIAN_POINT('Ctrl Pts',(-68.3766661281499,25.7666845344083,0.));
#2536=CARTESIAN_POINT('Ctrl Pts',(-68.3055817506402,25.8434663271603,0.));
#2537=CARTESIAN_POINT('Ctrl Pts',(-68.2371712818592,25.917891591583,0.));
#2538=CARTESIAN_POINT('Ctrl Pts',(-68.1711650163949,25.9902145125667,0.));
#2539=CARTESIAN_POINT('Ctrl Pts',(-68.1022133730665,26.0657646776467,0.));
#2540=CARTESIAN_POINT('Ctrl Pts',(-68.0358854736891,26.1390205106875,0.));
#2541=CARTESIAN_POINT('Ctrl Pts',(-67.9719151792096,26.2102337038015,0.));
#2542=CARTESIAN_POINT('Ctrl Pts',(-67.9035776305429,26.2863086240397,0.));
#2543=CARTESIAN_POINT('Ctrl Pts',(-67.8379306331831,26.3600524304253,0.));
#2544=CARTESIAN_POINT('Ctrl Pts',(-67.7746941237753,26.4317311279412,0.));
#2545=CARTESIAN_POINT('Ctrl Pts',(-67.7085861230327,26.5066646660664,0.));
#2546=CARTESIAN_POINT('Ctrl Pts',(-67.645112712928,26.5793410825734,0.));
#2547=CARTESIAN_POINT('Ctrl Pts',(-67.5839984857054,26.6500233792849,0.));
#2548=CARTESIAN_POINT('Ctrl Pts',(-67.52008037173,26.7239485404553,0.));
#2549=CARTESIAN_POINT('Ctrl Pts',(-67.4587430990106,26.7956921994174,0.));
#2550=CARTESIAN_POINT('Ctrl Pts',(-67.3997158235814,26.8655147508143,0.));
#2551=CARTESIAN_POINT('Ctrl Pts',(-67.3379507576009,26.9385757969596,0.));
#2552=CARTESIAN_POINT('Ctrl Pts',(-67.2787151570062,27.00953318651,0.));
#2553=CARTESIAN_POINT('Ctrl Pts',(-67.2217426543067,27.078645184459,0.));
#2554=CARTESIAN_POINT('Ctrl Pts',(-67.1620967199071,27.1510002592858,0.));
#2555=CARTESIAN_POINT('Ctrl Pts',(-67.104931471659,27.2213324805361,0.));
#2556=CARTESIAN_POINT('Ctrl Pts',(-67.0499849353081,27.289898570755,0.));
#2557=CARTESIAN_POINT('Ctrl Pts',(-66.992427245634,27.3617230387757,0.));
#2558=CARTESIAN_POINT('Ctrl Pts',(-66.9373043641569,27.4316093172858,0.));
#2559=CARTESIAN_POINT('Ctrl Pts',(-66.8843586301111,27.4998133222036,0.));
#2560=CARTESIAN_POINT('Ctrl Pts',(-66.8288614393371,27.5713040804429,0.));
#2561=CARTESIAN_POINT('Ctrl Pts',(-66.7757564952833,27.6409463064861,0.));
#2562=CARTESIAN_POINT('Ctrl Pts',(-66.7247903736487,27.7089960487971,0.));
#2563=CARTESIAN_POINT('Ctrl Pts',(-66.6713291929138,27.7803771830875,0.));
#2564=CARTESIAN_POINT('Ctrl Pts',(-66.6202215808407,27.8500058768255,0.));
#2565=CARTESIAN_POINT('Ctrl Pts',(-66.5712182744358,27.9181395317012,0.));
#2566=CARTESIAN_POINT('Ctrl Pts',(-66.5197720054622,27.9896698546947,0.));
#2567=CARTESIAN_POINT('Ctrl Pts',(-66.4706452877595,28.0595521316939,0.));
#2568=CARTESIAN_POINT('Ctrl Pts',(-66.4235929458288,28.1280467333976,0.));
#2569=CARTESIAN_POINT('Ctrl Pts',(-66.3741440867575,28.2000299709541,0.));
#2570=CARTESIAN_POINT('Ctrl Pts',(-66.3269864922606,28.2704803376733,0.));
#2571=CARTESIAN_POINT('Ctrl Pts',(-66.2818790030361,28.3396633523562,0.));
#2572=CARTESIAN_POINT('Ctrl Pts',(-66.2331882817056,28.4143421018641,0.));
#2573=CARTESIAN_POINT('Ctrl Pts',(-66.1868863333479,28.4875440258868,0.));
#2574=CARTESIAN_POINT('Ctrl Pts',(-66.1427176516578,28.5595641023487,0.));
#2575=CARTESIAN_POINT('Ctrl Pts',(-66.0961594847055,28.6354803990442,0.));
#2576=CARTESIAN_POINT('Ctrl Pts',(-66.0519718591503,28.7100831861921,0.));
#2577=CARTESIAN_POINT('Ctrl Pts',(-66.0099044803392,28.7836801310267,0.));
#2578=CARTESIAN_POINT('Ctrl Pts',(-65.9654695181285,28.8614191667112,0.));
#2579=CARTESIAN_POINT('Ctrl Pts',(-65.923400374696,28.9380355756574,0.));
#2580=CARTESIAN_POINT('Ctrl Pts',(-65.8834519755095,29.0138564853553,0.));
#2581=CARTESIAN_POINT('Ctrl Pts',(-65.8411609641322,29.0941236054394,0.));
#2582=CARTESIAN_POINT('Ctrl Pts',(-65.8012468891211,29.1734987277634,0.));
#2583=CARTESIAN_POINT('Ctrl Pts',(-65.7634704162001,29.2523380160982,0.));
#2584=CARTESIAN_POINT('Ctrl Pts',(-65.7234264343691,29.3359095828841,0.));
#2585=CARTESIAN_POINT('Ctrl Pts',(-65.6857845214124,29.4188784432252,0.));
#2586=CARTESIAN_POINT('Ctrl Pts',(-65.6503131623739,29.5016425309801,0.));
#2587=CARTESIAN_POINT('Ctrl Pts',(-65.6128473556537,29.5890601941104,0.));
#2588=CARTESIAN_POINT('Ctrl Pts',(-65.5778031979189,29.6762485445243,0.));
#2589=CARTESIAN_POINT('Ctrl Pts',(-65.5449634710825,29.7636597685874,0.));
#2590=CARTESIAN_POINT('Ctrl Pts',(-65.5109107325233,29.8542997296012,0.));
#2591=CARTESIAN_POINT('Ctrl Pts',(-65.4792285199981,29.945178165441,0.));
#2592=CARTESIAN_POINT('Ctrl Pts',(-65.4497295012649,30.0367977443486,0.));
#2593=CARTESIAN_POINT('Ctrl Pts',(-65.419502736152,30.130677595622,0.));
#2594=CARTESIAN_POINT('Ctrl Pts',(-65.3915684327714,30.2253341636272,0.));
#2595=CARTESIAN_POINT('Ctrl Pts',(-65.365777878285,30.3213268397498,0.));
#2596=CARTESIAN_POINT('Ctrl Pts',(-65.341599233454,30.4113199736147,0.));
#2597=CARTESIAN_POINT('Ctrl Pts',(-65.3193053794301,30.5024865401822,0.));
#2598=CARTESIAN_POINT('Ctrl Pts',(-65.2988123503813,30.5953197354856,0.));
#2599=CARTESIAN_POINT('Ctrl Pts',(-65.279600135648,30.6823508560826,0.));
#2600=CARTESIAN_POINT('Ctrl Pts',(-65.2619710455538,30.7708461853699,0.));
#2601=CARTESIAN_POINT('Ctrl Pts',(-65.2458841450108,30.8612514777889,0.));
#2602=CARTESIAN_POINT('Ctrl Pts',(-65.2308026757518,30.9460064394316,0.));
#2603=CARTESIAN_POINT('Ctrl Pts',(-65.217076861497,31.0324396504378,0.));
#2604=CARTESIAN_POINT('Ctrl Pts',(-65.2046946878641,31.120961172339,0.));
#2605=CARTESIAN_POINT('Ctrl Pts',(-65.1930864000833,31.2039500991215,0.));
#2606=CARTESIAN_POINT('Ctrl Pts',(-65.1826591721302,31.2887741387038,0.));
#2607=CARTESIAN_POINT('Ctrl Pts',(-65.1734205199755,31.3758150964141,0.));
#2608=CARTESIAN_POINT('Ctrl Pts',(-65.1647592835804,31.4574159942675,0.));
#2609=CARTESIAN_POINT('Ctrl Pts',(-65.1571427669981,31.5409651160353,0.));
#2610=CARTESIAN_POINT('Ctrl Pts',(-65.1505916319181,31.6268207411381,0.));
#2611=CARTESIAN_POINT('Ctrl Pts',(-65.1444499427806,31.707310389672,0.));
#2612=CARTESIAN_POINT('Ctrl Pts',(-65.1392446661564,31.7898270552569,0.));
#2613=CARTESIAN_POINT('Ctrl Pts',(-65.1350051847277,31.8747085004208,0.));
#2614=CARTESIAN_POINT('Ctrl Pts',(-65.1309951327085,31.9549963885268,0.));
#2615=CARTESIAN_POINT('Ctrl Pts',(-65.1278491789149,32.0373998194718,0.));
#2616=CARTESIAN_POINT('Ctrl Pts',(-65.1256033072571,32.1222467904876,0.));
#2617=CARTESIAN_POINT('Ctrl Pts',(-65.1234647117482,32.20304096701,0.));
#2618=CARTESIAN_POINT('Ctrl Pts',(-65.1221422502724,32.2860505832742,0.));
#2619=CARTESIAN_POINT('Ctrl Pts',(-65.1216774419329,32.371601392103,0.));
#2620=CARTESIAN_POINT('Ctrl Pts',(-65.1212344068461,32.4531447010227,0.));
#2621=CARTESIAN_POINT('Ctrl Pts',(-65.1215705326021,32.5369964681945,0.));
#2622=CARTESIAN_POINT('Ctrl Pts',(-65.1227317795075,32.6234817429721,0.));
#2623=CARTESIAN_POINT('Ctrl Pts',(-65.1238395319555,32.7059829530128,0.));
#2624=CARTESIAN_POINT('Ctrl Pts',(-65.1256981069772,32.790880397122,0.));
#2625=CARTESIAN_POINT('Ctrl Pts',(-65.1283571021835,32.8784995717538,0.));
#2626=CARTESIAN_POINT('Ctrl Pts',(-65.1308953922792,32.9621412731901,0.));
#2627=CARTESIAN_POINT('Ctrl Pts',(-65.1341630490681,33.0482629809444,0.));
#2628=CARTESIAN_POINT('Ctrl Pts',(-65.1382127086085,33.1371915136516,0.));
#2629=CARTESIAN_POINT('Ctrl Pts',(-65.14208093838,33.2221359378246,0.));
#2630=CARTESIAN_POINT('Ctrl Pts',(-65.1466626355881,33.3096410972474,0.));
#2631=CARTESIAN_POINT('Ctrl Pts',(-65.1520130237307,33.4000358106804,0.));
#2632=CARTESIAN_POINT('Ctrl Pts',(-65.1571265758983,33.4864291844893,0.));
#2633=CARTESIAN_POINT('Ctrl Pts',(-65.1629422351511,33.5754617372274,0.));
#2634=CARTESIAN_POINT('Ctrl Pts',(-65.1695174698614,33.6674648229193,0.));
#2635=CARTESIAN_POINT('Ctrl Pts',(-65.1758048884084,33.7554406797282,0.));
#2636=CARTESIAN_POINT('Ctrl Pts',(-65.1827868013974,33.8461324817659,0.));
#2637=CARTESIAN_POINT('Ctrl Pts',(-65.1905226602312,33.9398745489215,0.));
#2638=CARTESIAN_POINT('Ctrl Pts',(-65.1979234491893,34.0295562856778,0.));
#2639=CARTESIAN_POINT('Ctrl Pts',(-65.2060142458004,34.1220295506977,0.));
#2640=CARTESIAN_POINT('Ctrl Pts',(-65.2148562835231,34.2176319831476,0.));
#2641=CARTESIAN_POINT('Ctrl Pts',(-65.2233191637074,34.3091348647819,0.));
#2642=CARTESIAN_POINT('Ctrl Pts',(-65.2324701972092,34.4035040810584,0.));
#2643=CARTESIAN_POINT('Ctrl Pts',(-65.242372245001,34.5010808864578,0.));
#2644=CARTESIAN_POINT('Ctrl Pts',(-65.2518537562731,34.5945136389299,0.));
#2645=CARTESIAN_POINT('Ctrl Pts',(-65.2620238042803,34.6908870942194,0.));
#2646=CARTESIAN_POINT('Ctrl Pts',(-65.2729467587607,34.7905463753109,0.));
#2647=CARTESIAN_POINT('Ctrl Pts',(-65.283410127302,34.8860124681609,0.));
#2648=CARTESIAN_POINT('Ctrl Pts',(-65.2945643357584,34.9844934786361,0.));
#2649=CARTESIAN_POINT('Ctrl Pts',(-65.3064751717497,35.0863386193432,0.));
#2650=CARTESIAN_POINT('Ctrl Pts',(-65.3178893835493,35.1839373107913,0.));
#2651=CARTESIAN_POINT('Ctrl Pts',(-65.3299984004501,35.2846252236213,0.));
#2652=CARTESIAN_POINT('Ctrl Pts',(-65.3428693589606,35.3887558571892,0.));
#2653=CARTESIAN_POINT('Ctrl Pts',(-65.3552083958333,35.4885830554605,0.));
#2654=CARTESIAN_POINT('Ctrl Pts',(-65.3682476549784,35.5915740762022,0.));
#2655=CARTESIAN_POINT('Ctrl Pts',(-65.3820555701541,35.6980868847729,0.));
#2656=CARTESIAN_POINT('Ctrl Pts',(-65.3952977753133,35.800235865646,0.));
#2657=CARTESIAN_POINT('Ctrl Pts',(-65.4092469000323,35.905623748576,0.));
#2658=CARTESIAN_POINT('Ctrl Pts',(-65.4239726375568,36.0146131309853,0.));
#2659=CARTESIAN_POINT('Ctrl Pts',(-65.4381001855034,36.119175141757,0.));
#2660=CARTESIAN_POINT('Ctrl Pts',(-65.4529424892727,36.22705177193,0.));
#2661=CARTESIAN_POINT('Ctrl Pts',(-65.4685704750325,36.3386104074745,0.));
#2662=CARTESIAN_POINT('Ctrl Pts',(-65.4835689261942,36.445675180415,0.));
#2663=CARTESIAN_POINT('Ctrl Pts',(-65.4992909922065,36.5561310694474,0.));
#2664=CARTESIAN_POINT('Ctrl Pts',(-65.5158088147091,36.6703503988161,0.));
#2665=CARTESIAN_POINT('Ctrl Pts',(-65.5316677444505,36.7800135411147,0.));
#2666=CARTESIAN_POINT('Ctrl Pts',(-65.5482601678356,36.8931456419438,0.));
#2667=CARTESIAN_POINT('Ctrl Pts',(-65.5656594462902,37.0101241824145,0.));
#2668=CARTESIAN_POINT('Ctrl Pts',(-65.5820389870774,37.120246839505,0.));
#2669=CARTESIAN_POINT('Ctrl Pts',(-65.5991335682001,37.2337782320259,0.));
#2670=CARTESIAN_POINT('Ctrl Pts',(-65.6170133226529,37.3510783362609,0.));
#2671=CARTESIAN_POINT('Ctrl Pts',(-65.6342418509895,37.4641060724665,0.));
#2672=CARTESIAN_POINT('Ctrl Pts',(-65.6521993545084,37.5806327652044,0.));
#2673=CARTESIAN_POINT('Ctrl Pts',(-65.6709575577996,37.7010258060772,0.));
#2674=CARTESIAN_POINT('Ctrl Pts',(-65.6890373028401,37.8170643972918,0.));
#2675=CARTESIAN_POINT('Ctrl Pts',(-65.7078608301682,37.9366944871422,0.));
#2676=CARTESIAN_POINT('Ctrl Pts',(-65.7275014906923,38.0602911510951,0.));
#2677=CARTESIAN_POINT('Ctrl Pts',(-65.7464366642446,38.1794482578304,0.));
#2678=CARTESIAN_POINT('Ctrl Pts',(-65.7661312775445,38.3022918696194,0.));
#2679=CARTESIAN_POINT('Ctrl Pts',(-65.7866603470895,38.4292050228261,0.));
#2680=CARTESIAN_POINT('Ctrl Pts',(-65.8064570282268,38.5515904636592,0.));
#2681=CARTESIAN_POINT('Ctrl Pts',(-65.8270296418873,38.6777600236013,0.));
#2682=CARTESIAN_POINT('Ctrl Pts',(-65.8484549136881,38.808104986448,0.));
#2683=CARTESIAN_POINT('Ctrl Pts',(-65.8687635077857,38.9316564152339,0.));
#2684=CARTESIAN_POINT('Ctrl Pts',(-65.8898381789896,39.0589592626386,0.));
#2685=CARTESIAN_POINT('Ctrl Pts',(-65.9117533218975,39.1903925351513,0.));
#2686=CARTESIAN_POINT('Ctrl Pts',(-65.933013937924,39.3179003662316,0.));
#2687=CARTESIAN_POINT('Ctrl Pts',(-65.9550655190517,39.4492953183399,0.));
#2688=CARTESIAN_POINT('Ctrl Pts',(-65.977985291512,39.5849704828558,0.));
#2689=CARTESIAN_POINT('Ctrl Pts',(-65.9998788538188,39.7145709260091,0.));
#2690=CARTESIAN_POINT('Ctrl Pts',(-66.0225645757806,39.8480767388023,0.));
#2691=CARTESIAN_POINT('Ctrl Pts',(-66.0461189147399,39.9858768124186,0.));
#2692=CARTESIAN_POINT('Ctrl Pts',(-66.0589724389679,40.0610738530954,0.));
#2693=CARTESIAN_POINT('Ctrl Pts',(-66.0720847878751,40.1375504877418,0.));
#2694=CARTESIAN_POINT('Ctrl Pts',(-66.085469672919,40.2153764234317,0.));
#2695=CARTESIAN_POINT('Ctrl Pts',(-40.5000005960464,45.0000006407499,5.));
#2696=CARTESIAN_POINT('Ctrl Pts',(-40.5000005960464,45.0000006407499,-25.));
#2697=CARTESIAN_POINT('Ctrl Pts',(-50.0000007450581,40.0000005960464,5.));
#2698=CARTESIAN_POINT('Ctrl Pts',(-50.0000007450581,40.0000005960464,-25.));
#2699=CARTESIAN_POINT('Ctrl Pts',(-59.5000008940697,45.0000006407499,5.));
#2700=CARTESIAN_POINT('Ctrl Pts',(-59.5000008940697,45.0000006407499,-25.));
#2701=CARTESIAN_POINT('Ctrl Pts',(-59.5000008940697,45.0000006407499,0.));
#2702=CARTESIAN_POINT('Ctrl Pts',(-59.3728998541039,44.9331053570086,0.));
#2703=CARTESIAN_POINT('Ctrl Pts',(-59.2497627251764,44.8684453828576,0.));
#2704=CARTESIAN_POINT('Ctrl Pts',(-59.130226540908,44.8058184731978,0.));
#2705=CARTESIAN_POINT('Ctrl Pts',(-59.0059505949787,44.7407083269585,0.));
#2706=CARTESIAN_POINT('Ctrl Pts',(-58.8855670180561,44.6777957797186,0.));
#2707=CARTESIAN_POINT('Ctrl Pts',(-58.7687167409631,44.6168808185078,0.));
#2708=CARTESIAN_POINT('Ctrl Pts',(-58.6471968413413,44.5535315466365,0.));
#2709=CARTESIAN_POINT('Ctrl Pts',(-58.5294984820868,44.4923428189184,0.));
#2710=CARTESIAN_POINT('Ctrl Pts',(-58.4152664402741,44.4331168354976,0.));
#2711=CARTESIAN_POINT('Ctrl Pts',(-58.2940480596827,44.370268639096,0.));
#2712=CARTESIAN_POINT('Ctrl Pts',(-58.1767330068659,44.3096306362057,0.));
#2713=CARTESIAN_POINT('Ctrl Pts',(-58.0629487415445,44.2509954724959,0.));
#2714=CARTESIAN_POINT('Ctrl Pts',(-57.9445413257804,44.1899779127466,0.));
#2715=CARTESIAN_POINT('Ctrl Pts',(-57.8299576709334,44.1311293791439,0.));
#2716=CARTESIAN_POINT('Ctrl Pts',(-57.7188301018208,44.0742453297239,0.));
#2717=CARTESIAN_POINT('Ctrl Pts',(-57.6031510801523,44.0150314799295,0.));
#2718=CARTESIAN_POINT('Ctrl Pts',(-57.4912172700921,43.9579464547296,0.));
#2719=CARTESIAN_POINT('Ctrl Pts',(-57.3826657611399,43.9027884854627,0.));
#2720=CARTESIAN_POINT('Ctrl Pts',(-57.2696322582323,43.8453530933646,0.));
#2721=CARTESIAN_POINT('Ctrl Pts',(-57.160266353149,43.7900073012987,0.));
#2722=CARTESIAN_POINT('Ctrl Pts',(-57.0542097988533,43.7365520777444,0.));
#2723=CARTESIAN_POINT('Ctrl Pts',(-56.9437383847209,43.6808716515981,0.));
#2724=CARTESIAN_POINT('Ctrl Pts',(-56.8368578014722,43.6272425948768,0.));
#2725=CARTESIAN_POINT('Ctrl Pts',(-56.733214362647,43.5754685801989,0.));
#2726=CARTESIAN_POINT('Ctrl Pts',(-56.6252207709291,43.5215214913519,0.));
#2727=CARTESIAN_POINT('Ctrl Pts',(-56.5207419931795,43.4695885590431,0.));
#2728=CARTESIAN_POINT('Ctrl Pts',(-56.4194287979003,43.4194761305194,0.));
#2729=CARTESIAN_POINT('Ctrl Pts',(-56.3138276060414,43.3672427352104,0.));
#2730=CARTESIAN_POINT('Ctrl Pts',(-56.2116658545224,43.3169873330925,0.));
#2731=CARTESIAN_POINT('Ctrl Pts',(-56.1125986571564,43.2685189204463,0.));
#2732=CARTESIAN_POINT('Ctrl Pts',(-56.009302920581,43.2179817041118,0.));
#2733=CARTESIAN_POINT('Ctrl Pts',(-55.9093717751847,43.169387408595,0.));
#2734=CARTESIAN_POINT('Ctrl Pts',(-55.8124645647706,43.1225476580747,0.));
#2735=CARTESIAN_POINT('Ctrl Pts',(-55.7113853952152,43.0736914061555,0.));
#2736=CARTESIAN_POINT('Ctrl Pts',(-55.6135963586165,43.0267441466557,0.));
#2737=CARTESIAN_POINT('Ctrl Pts',(-55.5187609057183,42.98152011567,0.));
#2738=CARTESIAN_POINT('Ctrl Pts',(-55.4198069813932,42.9343321157915,0.));
#2739=CARTESIAN_POINT('Ctrl Pts',(-55.3240689712784,42.8890203909365,0.));
#2740=CARTESIAN_POINT('Ctrl Pts',(-55.2312142996727,42.8454017791731,0.));
#2741=CARTESIAN_POINT('Ctrl Pts',(-55.1342912916618,42.7998720606974,0.));
#2742=CARTESIAN_POINT('Ctrl Pts',(-55.0405100452262,42.7561871950186,0.));
#2743=CARTESIAN_POINT('Ctrl Pts',(-54.9495418111591,42.7141666194131,0.));
#2744=CARTESIAN_POINT('Ctrl Pts',(-54.8545517061444,42.6702882377946,0.));
#2745=CARTESIAN_POINT('Ctrl Pts',(-54.7626290759917,42.6282246871951,0.));
#2746=CARTESIAN_POINT('Ctrl Pts',(-54.6734488329488,42.5877980099758,0.));
#2747=CARTESIAN_POINT('Ctrl Pts',(-54.5802891265644,42.5455673852169,0.));
#2748=CARTESIAN_POINT('Ctrl Pts',(-54.4901222410862,42.5051231016488,0.));
#2749=CARTESIAN_POINT('Ctrl Pts',(-54.4026265616001,42.4662898231309,0.));
#2750=CARTESIAN_POINT('Ctrl Pts',(-54.3091575490892,42.4248053953633,0.));
#2751=CARTESIAN_POINT('Ctrl Pts',(-54.218736983676,42.3851594801522,0.));
#2752=CARTESIAN_POINT('Ctrl Pts',(-54.1310253352521,42.3471679214792,0.));
#2753=CARTESIAN_POINT('Ctrl Pts',(-54.0393308098356,42.3074512133231,0.));
#2754=CARTESIAN_POINT('Ctrl Pts',(-53.9505970679223,42.2695426608225,0.));
#2755=CARTESIAN_POINT('Ctrl Pts',(-53.8644888742382,42.2332616076693,0.));
#2756=CARTESIAN_POINT('Ctrl Pts',(-53.7744300845221,42.1953159999773,0.));
#2757=CARTESIAN_POINT('Ctrl Pts',(-53.6872435505045,42.1591507969236,0.));
#2758=CARTESIAN_POINT('Ctrl Pts',(-53.6025979267748,42.1245888769598,0.));
#2759=CARTESIAN_POINT('Ctrl Pts',(-53.5140262877042,42.0884239133653,0.));
#2760=CARTESIAN_POINT('Ctrl Pts',(-53.428236992737,42.0540145486706,0.));
#2761=CARTESIAN_POINT('Ctrl Pts',(-53.3449021051871,42.0211872606099,0.));
#2762=CARTESIAN_POINT('Ctrl Pts',(-53.2576567324112,41.9868195537794,0.));
#2763=CARTESIAN_POINT('Ctrl Pts',(-53.1731017818892,41.9541860235459,0.));
#2764=CARTESIAN_POINT('Ctrl Pts',(-53.0909121414752,41.923116849217,0.));
#2765=CARTESIAN_POINT('Ctrl Pts',(-53.0048167088685,41.89057121462,0.));
#2766=CARTESIAN_POINT('Ctrl Pts',(-52.9213170011365,41.8597422867274,0.));
#2767=CARTESIAN_POINT('Ctrl Pts',(-52.8400900062222,41.8304640979572,0.));
#2768=CARTESIAN_POINT('Ctrl Pts',(-52.7549486796547,41.7997749922723,0.));
#2769=CARTESIAN_POINT('Ctrl Pts',(-52.6723046565692,41.7707898205558,0.));
#2770=CARTESIAN_POINT('Ctrl Pts',(-52.5918361079896,41.743346685302,0.));
#2771=CARTESIAN_POINT('Ctrl Pts',(-52.5074282016956,41.7145600645686,0.));
#2772=CARTESIAN_POINT('Ctrl Pts',(-52.4254142581222,41.6874702867353,0.));
#2773=CARTESIAN_POINT('Ctrl Pts',(-52.3454724472138,41.6619198301043,0.));
#2774=CARTESIAN_POINT('Ctrl Pts',(-52.261545296008,41.635095606176,0.));
#2775=CARTESIAN_POINT('Ctrl Pts',(-52.1799023104463,41.609968132379,0.));
#2776=CARTESIAN_POINT('Ctrl Pts',(-52.1002200998832,41.5863846919282,0.));
#2777=CARTESIAN_POINT('Ctrl Pts',(-52.0164794349352,41.5616000760001,0.));
#2778=CARTESIAN_POINT('Ctrl Pts',(-51.9349046564778,41.5385208990371,0.));
#2779=CARTESIAN_POINT('Ctrl Pts',(-51.8551687188023,41.5169998547354,0.));
#2780=CARTESIAN_POINT('Ctrl Pts',(-51.7690987470945,41.4937692296476,0.));
#2781=CARTESIAN_POINT('Ctrl Pts',(-51.6851714913321,41.4723540984888,0.));
#2782=CARTESIAN_POINT('Ctrl Pts',(-51.6030274550476,41.4526026135142,0.));
#2783=CARTESIAN_POINT('Ctrl Pts',(-51.5164395015672,41.4317825912764,0.));
#2784=CARTESIAN_POINT('Ctrl Pts',(-51.4318333074787,41.412811191109,0.));
#2785=CARTESIAN_POINT('Ctrl Pts',(-51.348838918553,41.3955454430552,0.));
#2786=CARTESIAN_POINT('Ctrl Pts',(-51.2611735436272,41.3773079658462,0.));
#2787=CARTESIAN_POINT('Ctrl Pts',(-51.1753069283844,41.3609736052622,0.));
#2788=CARTESIAN_POINT('Ctrl Pts',(-51.090852223898,41.346410369526,0.));
#2789=CARTESIAN_POINT('Ctrl Pts',(-51.0014450150728,41.3309931317704,0.));
#2790=CARTESIAN_POINT('Ctrl Pts',(-50.9136206602614,41.3175608523679,0.));
#2791=CARTESIAN_POINT('Ctrl Pts',(-50.8269664692303,41.3059959715537,0.));
#2792=CARTESIAN_POINT('Ctrl Pts',(-50.7351109151532,41.2937369160783,0.));
#2793=CARTESIAN_POINT('Ctrl Pts',(-50.6445708490718,41.2835761173243,0.));
#2794=CARTESIAN_POINT('Ctrl Pts',(-50.5548962713407,41.2754163598092,0.));
#2795=CARTESIAN_POINT('Ctrl Pts',(-50.4601795621972,41.2667978037056,0.));
#2796=CARTESIAN_POINT('Ctrl Pts',(-50.3664292730977,41.2604115111232,0.));
#2797=CARTESIAN_POINT('Ctrl Pts',(-50.2731482251724,41.2561906286568,0.));
#2798=CARTESIAN_POINT('Ctrl Pts',(-50.1764216246934,41.2518138380752,0.));
#2799=CARTESIAN_POINT('Ctrl Pts',(-50.0802007540072,41.2497652444991,0.));
#2800=CARTESIAN_POINT('Ctrl Pts',(-49.9839496583606,41.2500220174085,0.));
#2801=CARTESIAN_POINT('Ctrl Pts',(-49.8853240299535,41.2502851249543,0.));
#2802=CARTESIAN_POINT('Ctrl Pts',(-49.7866681096714,41.2529685118389,0.));
#2803=CARTESIAN_POINT('Ctrl Pts',(-49.6874039298978,41.2581036051932,0.));
#2804=CARTESIAN_POINT('Ctrl Pts',(-49.59434376136,41.2629177552129,0.));
#2805=CARTESIAN_POINT('Ctrl Pts',(-49.5007500243943,41.2698870584583,0.));
#2806=CARTESIAN_POINT('Ctrl Pts',(-49.4061277148302,41.2790840646337,0.));
#2807=CARTESIAN_POINT('Ctrl Pts',(-49.3174192996139,41.2877062579232,0.));
#2808=CARTESIAN_POINT('Ctrl Pts',(-49.227807551599,41.2982865575853,0.));
#2809=CARTESIAN_POINT('Ctrl Pts',(-49.1368558834818,41.3109237777359,0.));
#2810=CARTESIAN_POINT('Ctrl Pts',(-49.051588694622,41.322771171627,0.));
#2811=CARTESIAN_POINT('Ctrl Pts',(-48.9651443162039,41.3364264776179,0.));
#2812=CARTESIAN_POINT('Ctrl Pts',(-48.8771290438875,41.3520049853338,0.));
#2813=CARTESIAN_POINT('Ctrl Pts',(-48.7946147260909,41.3666098363176,0.));
#2814=CARTESIAN_POINT('Ctrl Pts',(-48.7107200798659,41.3829050229884,0.));
#2815=CARTESIAN_POINT('Ctrl Pts',(-48.6250843093301,41.401015677794,0.));
#2816=CARTESIAN_POINT('Ctrl Pts',(-48.5448007744528,41.4179944166743,0.));
#2817=CARTESIAN_POINT('Ctrl Pts',(-48.4629872047028,41.4365687774386,0.));
#2818=CARTESIAN_POINT('Ctrl Pts',(-48.3793092409161,41.4568691249511,0.));
#2819=CARTESIAN_POINT('Ctrl Pts',(-48.300861149866,41.4759007007441,0.));
#2820=CARTESIAN_POINT('Ctrl Pts',(-48.2207746184212,41.4964492404764,0.));
#2821=CARTESIAN_POINT('Ctrl Pts',(-48.1387374950768,41.5186470631008,0.));
#2822=CARTESIAN_POINT('Ctrl Pts',(-48.0611400016918,41.5396435988645,0.));
#2823=CARTESIAN_POINT('Ctrl Pts',(-47.9817975285407,41.5621156795659,0.));
#2824=CARTESIAN_POINT('Ctrl Pts',(-47.9004092513589,41.5861988846561,0.));
#2825=CARTESIAN_POINT('Ctrl Pts',(-47.8229085609422,41.6091317330536,0.));
#2826=CARTESIAN_POINT('Ctrl Pts',(-47.7435530614084,41.6335253795716,0.));
#2827=CARTESIAN_POINT('Ctrl Pts',(-47.6620457735215,41.6595199743822,0.));
#2828=CARTESIAN_POINT('Ctrl Pts',(-47.5843565728422,41.6842968912098,0.));
#2829=CARTESIAN_POINT('Ctrl Pts',(-47.5047126718414,41.7105281868648,0.));
#2830=CARTESIAN_POINT('Ctrl Pts',(-47.422819132729,41.7383580179706,0.));
#2831=CARTESIAN_POINT('Ctrl Pts',(-47.3446981336496,41.7649058291138,0.));
#2832=CARTESIAN_POINT('Ctrl Pts',(-47.2645301974798,41.792908192008,0.));
#2833=CARTESIAN_POINT('Ctrl Pts',(-47.1820210852005,41.8225128607201,0.));
#2834=CARTESIAN_POINT('Ctrl Pts',(-47.1032574747919,41.8507736252381,0.));
#2835=CARTESIAN_POINT('Ctrl Pts',(-47.0223606249172,41.8804944228009,0.));
#2836=CARTESIAN_POINT('Ctrl Pts',(-46.939035978021,41.9118263057869,0.));
#2837=CARTESIAN_POINT('Ctrl Pts',(-46.8594443786258,41.9417544815645,0.));
#2838=CARTESIAN_POINT('Ctrl Pts',(-46.7776378488476,41.9731525159071,0.));
#2839=CARTESIAN_POINT('Ctrl Pts',(-46.693320728461,42.0061745400673,0.));
#2840=CARTESIAN_POINT('Ctrl Pts',(-46.6127359218569,42.037734837886,0.));
#2841=CARTESIAN_POINT('Ctrl Pts',(-46.5298580699557,42.0707784303636,0.));
#2842=CARTESIAN_POINT('Ctrl Pts',(-46.4443897950568,42.1054623671947,0.));
#2843=CARTESIAN_POINT('Ctrl Pts',(-46.3626627023437,42.1386280924231,0.));
#2844=CARTESIAN_POINT('Ctrl Pts',(-46.278567202808,42.1732935943476,0.));
#2845=CARTESIAN_POINT('Ctrl Pts',(-46.1918037108344,42.2096187251396,0.));
#2846=CARTESIAN_POINT('Ctrl Pts',(-46.1087982802596,42.2443704744467,0.));
#2847=CARTESIAN_POINT('Ctrl Pts',(-46.0233511726302,42.2806410897022,0.));
#2848=CARTESIAN_POINT('Ctrl Pts',(-45.9351601961963,42.3185931436263,0.));
#2849=CARTESIAN_POINT('Ctrl Pts',(-45.8507509581565,42.3549177664314,0.));
#2850=CARTESIAN_POINT('Ctrl Pts',(-45.7638283249472,42.3927826080495,0.));
#2851=CARTESIAN_POINT('Ctrl Pts',(-45.6740871693795,42.4323529062518,0.));
#2852=CARTESIAN_POINT('Ctrl Pts',(-45.5881572894212,42.4702426676765,0.));
#2853=CARTESIAN_POINT('Ctrl Pts',(-45.4996434044382,42.5096959935958,0.));
#2854=CARTESIAN_POINT('Ctrl Pts',(-45.4082371743104,42.5508807521359,0.));
#2855=CARTESIAN_POINT('Ctrl Pts',(-45.3206768833176,42.5903326520469,0.));
#2856=CARTESIAN_POINT('Ctrl Pts',(-45.2304627165455,42.6313732405435,0.));
#2857=CARTESIAN_POINT('Ctrl Pts',(-45.1372828825613,42.6741729980007,0.));
#2858=CARTESIAN_POINT('Ctrl Pts',(-45.0479881965014,42.7151882127972,0.));
#2859=CARTESIAN_POINT('Ctrl Pts',(-44.9559701928999,42.7578188484192,0.));
#2860=CARTESIAN_POINT('Ctrl Pts',(-44.8609134202131,42.802237992789,0.));
#2861=CARTESIAN_POINT('Ctrl Pts',(-44.7697850848818,42.8448214149781,0.));
#2862=CARTESIAN_POINT('Ctrl Pts',(-44.6758641561557,42.8890484630328,0.));
#2863=CARTESIAN_POINT('Ctrl Pts',(-44.5788313359421,42.9350948387039,0.));
#2864=CARTESIAN_POINT('Ctrl Pts',(-44.4857739484871,42.9792546952586,0.));
#2865=CARTESIAN_POINT('Ctrl Pts',(-44.389854632283,43.0250877480457,0.));
#2866=CARTESIAN_POINT('Ctrl Pts',(-44.2907500730857,43.0727723280463,0.));
#2867=CARTESIAN_POINT('Ctrl Pts',(-44.195671343789,43.1185198628745,0.));
#2868=CARTESIAN_POINT('Ctrl Pts',(-44.0976610958079,43.1659714446103,0.));
#2869=CARTESIAN_POINT('Ctrl Pts',(-43.9963918417123,43.215308056556,0.));
#2870=CARTESIAN_POINT('Ctrl Pts',(-43.89920196804,43.2626572656051,0.));
#2871=CARTESIAN_POINT('Ctrl Pts',(-43.7990105605972,43.3117425857755,0.));
#2872=CARTESIAN_POINT('Ctrl Pts',(-43.6954858109777,43.3627476823626,0.));
#2873=CARTESIAN_POINT('Ctrl Pts',(-43.5960906436999,43.4117181954615,0.));
#2874=CARTESIAN_POINT('Ctrl Pts',(-43.4936229628081,43.4624582696085,0.));
#2875=CARTESIAN_POINT('Ctrl Pts',(-43.387746432359,43.5151543237442,0.));
#2876=CARTESIAN_POINT('Ctrl Pts',(-43.2880751182046,43.5647619652506,0.));
#2877=CARTESIAN_POINT('Ctrl Pts',(-43.185382863622,43.6161030077048,0.));
#2878=CARTESIAN_POINT('Ctrl Pts',(-43.0793489831082,43.6693553903374,0.));
#2879=CARTESIAN_POINT('Ctrl Pts',(-42.9771771261119,43.7206681858014,0.));
#2880=CARTESIAN_POINT('Ctrl Pts',(-42.8719028294252,43.7737555148938,0.));
#2881=CARTESIAN_POINT('Ctrl Pts',(-42.7631988469875,43.828799122002,0.));
#2882=CARTESIAN_POINT('Ctrl Pts',(-42.6584265371425,43.8818518780244,0.));
#2883=CARTESIAN_POINT('Ctrl Pts',(-42.5504683504837,43.9367218471518,0.));
#2884=CARTESIAN_POINT('Ctrl Pts',(-42.4389902357216,43.9935946949371,0.));
#2885=CARTESIAN_POINT('Ctrl Pts',(-42.3315163833173,44.0484246861129,0.));
#2886=CARTESIAN_POINT('Ctrl Pts',(-42.2207711360475,44.1051161401209,0.));
#2887=CARTESIAN_POINT('Ctrl Pts',(-42.1064133860548,44.1638587666357,0.));
#2888=CARTESIAN_POINT('Ctrl Pts',(-41.9961354259537,44.2205057103143,0.));
#2889=CARTESIAN_POINT('Ctrl Pts',(-41.8824983310516,44.2790599667887,0.));
#2890=CARTESIAN_POINT('Ctrl Pts',(-41.7651536778646,44.3397154197996,0.));
#2891=CARTESIAN_POINT('Ctrl Pts',(-41.6539249871284,44.3972095317269,0.));
#2892=CARTESIAN_POINT('Ctrl Pts',(-41.5393652161142,44.4565914783844,0.));
#2893=CARTESIAN_POINT('Ctrl Pts',(-41.4211368974257,44.5180491326852,0.));
#2894=CARTESIAN_POINT('Ctrl Pts',(-41.3064396354608,44.5776712668176,0.));
#2895=CARTESIAN_POINT('Ctrl Pts',(-41.1882899233707,44.6392468399206,0.));
#2896=CARTESIAN_POINT('Ctrl Pts',(-41.0663377732553,44.7029707704212,0.));
#2897=CARTESIAN_POINT('Ctrl Pts',(-40.9498459101,44.7638415249309,0.));
#2898=CARTESIAN_POINT('Ctrl Pts',(-40.8298846104957,44.8266724936303,0.));
#2899=CARTESIAN_POINT('Ctrl Pts',(-40.7061076435668,44.8916565657581,0.));
#2900=CARTESIAN_POINT('Ctrl Pts',(-40.6385629654498,44.927118157228,0.));
#2901=CARTESIAN_POINT('Ctrl Pts',(-40.5698813023741,44.9632213218782,0.));
#2902=CARTESIAN_POINT('Ctrl Pts',(-40.5000005960464,45.0000006407499,0.));
#2903=CARTESIAN_POINT('Ctrl Pts',(-69.4413663868231,14.4036191405547,5.));
#2904=CARTESIAN_POINT('Ctrl Pts',(-69.4413663868231,14.4036191405547,-25.));
#2905=CARTESIAN_POINT('Ctrl Pts',(-58.8167785319698,12.8647441642299,5.));
#2906=CARTESIAN_POINT('Ctrl Pts',(-58.8167785319698,12.8647441642299,-25.));
#2907=CARTESIAN_POINT('Ctrl Pts',(-54.0700432525933,3.23569917182401,5.));
#2908=CARTESIAN_POINT('Ctrl Pts',(-54.0700432525933,3.23569917182401,-25.));
#2909=CARTESIAN_POINT('',(-54.0700432525933,3.23569917182401,0.));
#2910=CARTESIAN_POINT('Ctrl Pts',(-54.0700432525932,3.23569917182401,0.));
#2911=CARTESIAN_POINT('Ctrl Pts',(-54.1335500926973,3.36452671005743,0.));
#2912=CARTESIAN_POINT('Ctrl Pts',(-54.1951639434188,3.48921591639498,0.));
#2913=CARTESIAN_POINT('Ctrl Pts',(-54.2550595740401,3.6101437568434,0.));
#2914=CARTESIAN_POINT('Ctrl Pts',(-54.3173301425545,3.73586653988843,0.));
#2915=CARTESIAN_POINT('Ctrl Pts',(-54.3777434346765,3.85752355089761,0.));
#2916=CARTESIAN_POINT('Ctrl Pts',(-54.4364723787981,3.97548765932974,0.));
#2917=CARTESIAN_POINT('Ctrl Pts',(-54.4975482749975,4.09816590171286,0.));
#2918=CARTESIAN_POINT('Ctrl Pts',(-54.5568024160853,4.21684998208996,0.));
#2919=CARTESIAN_POINT('Ctrl Pts',(-54.6144059196067,4.33190871870281,0.));
#2920=CARTESIAN_POINT('Ctrl Pts',(-54.6755324065577,4.45400435407601,0.));
#2921=CARTESIAN_POINT('Ctrl Pts',(-54.7348001541552,4.57201758683695,0.));
#2922=CARTESIAN_POINT('Ctrl Pts',(-54.7923886739984,4.68633514384509,0.));
#2923=CARTESIAN_POINT('Ctrl Pts',(-54.8523170638599,4.80529751938576,0.));
#2924=CARTESIAN_POINT('Ctrl Pts',(-54.9104268877382,4.92025756563717,0.));
#2925=CARTESIAN_POINT('Ctrl Pts',(-54.9668953743541,5.03159687457432,0.));
#2926=CARTESIAN_POINT('Ctrl Pts',(-55.025676641136,5.14749630829678,0.));
#2927=CARTESIAN_POINT('Ctrl Pts',(-55.0826792597806,5.25947210659416,0.));
#2928=CARTESIAN_POINT('Ctrl Pts',(-55.1380782344064,5.36790081718252,0.));
#2929=CARTESIAN_POINT('Ctrl Pts',(-55.1957645827577,5.48080645149274,0.));
#2930=CARTESIAN_POINT('Ctrl Pts',(-55.2517120182226,5.58986580395306,0.));
#2931=CARTESIAN_POINT('Ctrl Pts',(-55.3060933809496,5.69545046677084,0.));
#2932=CARTESIAN_POINT('Ctrl Pts',(-55.3627384990451,5.80543034580406,0.));
#2933=CARTESIAN_POINT('Ctrl Pts',(-55.4176843386268,5.9116399946738,0.));
#2934=CARTESIAN_POINT('Ctrl Pts',(-55.4711016397122,6.0144461372535,0.));
#2935=CARTESIAN_POINT('Ctrl Pts',(-55.5267609874672,6.12156728948165,0.));
#2936=CARTESIAN_POINT('Ctrl Pts',(-55.5807606824987,6.22499299902587,0.));
#2937=CARTESIAN_POINT('Ctrl Pts',(-55.6332694327913,6.32508520737872,0.));
#2938=CARTESIAN_POINT('Ctrl Pts',(-55.6880005721915,6.42941373505684,0.));
#2939=CARTESIAN_POINT('Ctrl Pts',(-55.7411117811327,6.53012038032071,0.));
#2940=CARTESIAN_POINT('Ctrl Pts',(-55.7927698092314,6.62756238743961,0.));
#2941=CARTESIAN_POINT('Ctrl Pts',(-55.846632785114,6.72916356488617,0.));
#2942=CARTESIAN_POINT('Ctrl Pts',(-55.8989157697565,6.82721522929748,0.));
#2943=CARTESIAN_POINT('Ctrl Pts',(-55.9497836352821,6.92207001260277,0.));
#2944=CARTESIAN_POINT('Ctrl Pts',(-56.0028414168694,7.02100839586547,0.));
#2945=CARTESIAN_POINT('Ctrl Pts',(-56.0543595025717,7.11646848018872,0.));
#2946=CARTESIAN_POINT('Ctrl Pts',(-56.1045009771729,7.20879837041831,0.));
#2947=CARTESIAN_POINT('Ctrl Pts',(-56.1568199731982,7.30513792162523,0.));
#2948=CARTESIAN_POINT('Ctrl Pts',(-56.207640086763,7.39806926750646,0.));
#2949=CARTESIAN_POINT('Ctrl Pts',(-56.257122717379,7.48793607227031,0.));
#2950=CARTESIAN_POINT('Ctrl Pts',(-56.3087733809447,7.58174030298288,0.));
#2951=CARTESIAN_POINT('Ctrl Pts',(-56.3589666832703,7.67220533531033,0.));
#2952=CARTESIAN_POINT('Ctrl Pts',(-56.4078624559451,7.75967048150033,0.));
#2953=CARTESIAN_POINT('Ctrl Pts',(-56.4589199995895,7.85100262075647,0.));
#2954=CARTESIAN_POINT('Ctrl Pts',(-56.5085626348492,7.93906351439075,0.));
#2955=CARTESIAN_POINT('Ctrl Pts',(-56.5569487623645,8.02418821494354,0.));
#2956=CARTESIAN_POINT('Ctrl Pts',(-56.6074940095921,8.11311140957722,0.));
#2957=CARTESIAN_POINT('Ctrl Pts',(-56.656667998853,8.19883028783846,0.));
#2958=CARTESIAN_POINT('Ctrl Pts',(-56.7046278620807,8.28167574014791,0.));
#2959=CARTESIAN_POINT('Ctrl Pts',(-56.7558619468079,8.37017705431424,0.));
#2960=CARTESIAN_POINT('Ctrl Pts',(-56.8057104365935,8.45539914833146,0.));
#2961=CARTESIAN_POINT('Ctrl Pts',(-56.8543397728735,8.53769057833857,0.));
#2962=CARTESIAN_POINT('Ctrl Pts',(-56.9051773069029,8.62371875995344,0.));
#2963=CARTESIAN_POINT('Ctrl Pts',(-56.9546823239896,8.70654380803601,0.));
#2964=CARTESIAN_POINT('Ctrl Pts',(-57.0030198480539,8.78650892295985,0.));
#2965=CARTESIAN_POINT('Ctrl Pts',(-57.0535750708365,8.87014279287903,0.));
#2966=CARTESIAN_POINT('Ctrl Pts',(-57.1028530855363,8.95064801564852,0.));
#2967=CARTESIAN_POINT('Ctrl Pts',(-57.1510178467875,9.02836264555687,0.));
#2968=CARTESIAN_POINT('Ctrl Pts',(-57.2014165757646,9.10968181892281,0.));
#2969=CARTESIAN_POINT('Ctrl Pts',(-57.2505962562202,9.18794526211268,0.));
#2970=CARTESIAN_POINT('Ctrl Pts',(-57.2987202006776,9.26348611393626,0.));
#2971=CARTESIAN_POINT('Ctrl Pts',(-57.3491023587037,9.34257171626829,0.));
#2972=CARTESIAN_POINT('Ctrl Pts',(-57.3983272428331,9.41867294973875,0.));
#2973=CARTESIAN_POINT('Ctrl Pts',(-57.4465580562181,9.49211829829861,0.));
#2974=CARTESIAN_POINT('Ctrl Pts',(-57.4970808802924,9.56905389535636,0.));
#2975=CARTESIAN_POINT('Ctrl Pts',(-57.5465127737137,9.64307491871544,0.));
#2976=CARTESIAN_POINT('Ctrl Pts',(-57.5950175054284,9.71450550069381,0.));
#2977=CARTESIAN_POINT('Ctrl Pts',(-57.6458596818176,9.78937832485217,0.));
#2978=CARTESIAN_POINT('Ctrl Pts',(-57.6956830445073,9.86140475931555,0.));
#2979=CARTESIAN_POINT('Ctrl Pts',(-57.744652797642,9.93090494824338,0.));
#2980=CARTESIAN_POINT('Ctrl Pts',(-57.7960198771631,10.0038075361239,0.));
#2981=CARTESIAN_POINT('Ctrl Pts',(-57.8464475793914,10.0739302132798,0.));
#2982=CARTESIAN_POINT('Ctrl Pts',(-57.8961036813805,10.1415895844018,0.));
#2983=CARTESIAN_POINT('Ctrl Pts',(-57.9482352897659,10.2126219791661,0.));
#2984=CARTESIAN_POINT('Ctrl Pts',(-57.9995162940314,10.2809390753596,0.));
#2985=CARTESIAN_POINT('Ctrl Pts',(-58.0501185580308,10.3468545077089,0.));
#2986=CARTESIAN_POINT('Ctrl Pts',(-58.1032981473678,10.4161272110675,0.));
#2987=CARTESIAN_POINT('Ctrl Pts',(-58.1557279295984,10.4827471091833,0.));
#2988=CARTESIAN_POINT('Ctrl Pts',(-58.207585905786,10.5470256080035,0.));
#2989=CARTESIAN_POINT('Ctrl Pts',(-58.2635633567748,10.6164102385245,0.));
#2990=CARTESIAN_POINT('Ctrl Pts',(-58.3188744347068,10.6830666467713,0.));
#2991=CARTESIAN_POINT('Ctrl Pts',(-58.3737207244686,10.7473289868718,0.));
#2992=CARTESIAN_POINT('Ctrl Pts',(-58.4315341483186,10.8150678607675,0.));
#2993=CARTESIAN_POINT('Ctrl Pts',(-58.4888308879318,10.8801463190478,0.));
#2994=CARTESIAN_POINT('Ctrl Pts',(-58.5458262069347,10.9428974804775,0.));
#2995=CARTESIAN_POINT('Ctrl Pts',(-58.6060292649254,11.0091803239921,0.));
#2996=CARTESIAN_POINT('Ctrl Pts',(-58.6658957196494,11.0728662294009,0.));
#2997=CARTESIAN_POINT('Ctrl Pts',(-58.7256609556424,11.1342893643884,0.));
#2998=CARTESIAN_POINT('Ctrl Pts',(-58.7889308820178,11.1993144105351,0.));
#2999=CARTESIAN_POINT('Ctrl Pts',(-58.8520869818427,11.2618032133951,0.));
#3000=CARTESIAN_POINT('Ctrl Pts',(-58.9153940286335,11.3220934540491,0.));
#3001=CARTESIAN_POINT('Ctrl Pts',(-58.9825010408941,11.3860025782913,0.));
#3002=CARTESIAN_POINT('Ctrl Pts',(-59.0497771253667,11.4474409527439,0.));
#3003=CARTESIAN_POINT('Ctrl Pts',(-59.1175291975848,11.5067517295395,0.));
#3004=CARTESIAN_POINT('Ctrl Pts',(-59.1890907647594,11.5693973726746,0.));
#3005=CARTESIAN_POINT('Ctrl Pts',(-59.2611825732718,11.6296690292356,0.));
#3006=CARTESIAN_POINT('Ctrl Pts',(-59.334167553831,11.6879130191711,0.));
#3007=CARTESIAN_POINT('Ctrl Pts',(-59.4098484044701,11.7483083863982,0.));
#3008=CARTESIAN_POINT('Ctrl Pts',(-59.4864885909766,11.8065229421678,0.));
#3009=CARTESIAN_POINT('Ctrl Pts',(-59.564508290411,11.8628901830583,0.));
#3010=CARTESIAN_POINT('Ctrl Pts',(-59.6444527506085,11.9206480144582,0.));
#3011=CARTESIAN_POINT('Ctrl Pts',(-59.7258443219494,11.9764656038593,0.));
#3012=CARTESIAN_POINT('Ctrl Pts',(-59.8091690624617,12.0306572470198,0.));
#3013=CARTESIAN_POINT('Ctrl Pts',(-59.8872860066921,12.0814619124828,0.));
#3014=CARTESIAN_POINT('Ctrl Pts',(-59.9671013841308,12.1308366460138,0.));
#3015=CARTESIAN_POINT('Ctrl Pts',(-60.0490583052103,12.1790137098201,0.));
#3016=CARTESIAN_POINT('Ctrl Pts',(-60.1258929187224,12.2241797071386,0.));
#3017=CARTESIAN_POINT('Ctrl Pts',(-60.2046092898683,12.2682925288217,0.));
#3018=CARTESIAN_POINT('Ctrl Pts',(-60.2856187066763,12.3115288521489,0.));
#3019=CARTESIAN_POINT('Ctrl Pts',(-60.3615650349338,12.3520629052682,0.));
#3020=CARTESIAN_POINT('Ctrl Pts',(-60.4395263936192,12.3918262614359,0.));
#3021=CARTESIAN_POINT('Ctrl Pts',(-60.5198890617759,12.4309570629908,0.));
#3022=CARTESIAN_POINT('Ctrl Pts',(-60.5952290631728,12.4676421894485,0.));
#3023=CARTESIAN_POINT('Ctrl Pts',(-60.6726793281143,12.5037711423027,0.));
#3024=CARTESIAN_POINT('Ctrl Pts',(-60.7526052976083,12.5394547577753,0.));
#3025=CARTESIAN_POINT('Ctrl Pts',(-60.8275358940089,12.572908147281,0.));
#3026=CARTESIAN_POINT('Ctrl Pts',(-60.9046421976351,12.6059699834994,0.));
#3027=CARTESIAN_POINT('Ctrl Pts',(-60.9842713372775,12.6387313304258,0.));
#3028=CARTESIAN_POINT('Ctrl Pts',(-61.0589236556923,12.6694450931693,0.));
#3029=CARTESIAN_POINT('Ctrl Pts',(-61.1357931492625,12.6998946574068,0.));
#3030=CARTESIAN_POINT('Ctrl Pts',(-61.2152101289894,12.730156452908,0.));
#3031=CARTESIAN_POINT('Ctrl Pts',(-61.2903292739299,12.7587805608787,0.));
#3032=CARTESIAN_POINT('Ctrl Pts',(-61.3677274407094,12.7872366012909,0.));
#3033=CARTESIAN_POINT('Ctrl Pts',(-61.4477276928724,12.8155917081309,0.));
#3034=CARTESIAN_POINT('Ctrl Pts',(-61.5239066585763,12.8425924069173,0.));
#3035=CARTESIAN_POINT('Ctrl Pts',(-61.6024448319692,12.8695015246437,0.));
#3036=CARTESIAN_POINT('Ctrl Pts',(-61.6836648525041,12.8963802374543,0.));
#3037=CARTESIAN_POINT('Ctrl Pts',(-61.7610802424416,12.9219998570943,0.));
#3038=CARTESIAN_POINT('Ctrl Pts',(-61.8409318805841,12.9475918035683,0.));
#3039=CARTESIAN_POINT('Ctrl Pts',(-61.9235431097534,12.9732128118013,0.));
#3040=CARTESIAN_POINT('Ctrl Pts',(-62.0023487374967,12.9976535525763,0.));
#3041=CARTESIAN_POINT('Ctrl Pts',(-62.0836653362006,13.0221206956996,0.));
#3042=CARTESIAN_POINT('Ctrl Pts',(-62.1678177978932,13.0466676549762,0.));
#3043=CARTESIAN_POINT('Ctrl Pts',(-62.2481501578543,13.0701003048226,0.));
#3044=CARTESIAN_POINT('Ctrl Pts',(-62.331066530688,13.0936056498212,0.));
#3045=CARTESIAN_POINT('Ctrl Pts',(-62.4168940048231,13.1172346226178,0.));
#3046=CARTESIAN_POINT('Ctrl Pts',(-62.4988763016934,13.1398049881339,0.));
#3047=CARTESIAN_POINT('Ctrl Pts',(-62.5835144760723,13.1624881165056,0.));
#3048=CARTESIAN_POINT('Ctrl Pts',(-62.671138318184,13.1853330976504,0.));
#3049=CARTESIAN_POINT('Ctrl Pts',(-62.7548834738311,13.2071668412483,0.));
#3050=CARTESIAN_POINT('Ctrl Pts',(-62.8413556008177,13.229148392468,0.));
#3051=CARTESIAN_POINT('Ctrl Pts',(-62.9308875942518,13.2513254896644,0.));
#3052=CARTESIAN_POINT('Ctrl Pts',(-63.0165005253284,13.2725318341333,0.));
#3053=CARTESIAN_POINT('Ctrl Pts',(-63.1049110843978,13.2939169483691,0.));
#3054=CARTESIAN_POINT('Ctrl Pts',(-63.1964556000629,13.315527601255,0.));
#3055=CARTESIAN_POINT('Ctrl Pts',(-63.2840349697575,13.3362022134334,0.));
#3056=CARTESIAN_POINT('Ctrl Pts',(-63.3744824646887,13.3570832190109,0.));
#3057=CARTESIAN_POINT('Ctrl Pts',(-63.4681381209651,13.378216717748,0.));
#3058=CARTESIAN_POINT('Ctrl Pts',(-63.5577777066014,13.3984439858613,0.));
#3059=CARTESIAN_POINT('Ctrl Pts',(-63.650355989547,13.4189025273939,0.));
#3060=CARTESIAN_POINT('Ctrl Pts',(-63.746216947208,13.4396380114421,0.));
#3061=CARTESIAN_POINT('Ctrl Pts',(-63.8380067233975,13.4594928667075,0.));
#3062=CARTESIAN_POINT('Ctrl Pts',(-63.9328060437164,13.4796016117703,0.));
#3063=CARTESIAN_POINT('Ctrl Pts',(-64.030963030971,13.500009676239,0.));
#3064=CARTESIAN_POINT('Ctrl Pts',(-64.1249900393591,13.5195590664826,0.));
#3065=CARTESIAN_POINT('Ctrl Pts',(-64.2220978860747,13.5393830897061,0.));
#3066=CARTESIAN_POINT('Ctrl Pts',(-64.3226390215359,13.5595270907952,0.));
#3067=CARTESIAN_POINT('Ctrl Pts',(-64.418988078443,13.5788311845709,0.));
#3068=CARTESIAN_POINT('Ctrl Pts',(-64.5184898660598,13.5984291013342,0.));
#3069=CARTESIAN_POINT('Ctrl Pts',(-64.6215013285742,13.6183662277793,0.));
#3070=CARTESIAN_POINT('Ctrl Pts',(-64.7202556080814,13.6374794071234,0.));
#3071=CARTESIAN_POINT('Ctrl Pts',(-64.8222352421475,13.656904310423,0.));
#3072=CARTESIAN_POINT('Ctrl Pts',(-64.9278018232536,13.6766864706856,0.));
#3073=CARTESIAN_POINT('Ctrl Pts',(-65.0290433435832,13.6956581562267,0.));
#3074=CARTESIAN_POINT('Ctrl Pts',(-65.1335836929772,13.7149583970926,0.));
#3075=CARTESIAN_POINT('Ctrl Pts',(-65.2417892584743,13.7346329598336,0.));
#3076=CARTESIAN_POINT('Ctrl Pts',(-65.3455992925798,13.7535083015942,0.));
#3077=CARTESIAN_POINT('Ctrl Pts',(-65.4527825887618,13.7727281438968,0.));
#3078=CARTESIAN_POINT('Ctrl Pts',(-65.5637104692328,13.7923385604559,0.));
#3079=CARTESIAN_POINT('Ctrl Pts',(-65.6701698955014,13.8111590200817,0.));
#3080=CARTESIAN_POINT('Ctrl Pts',(-65.780078074113,13.8303391935908,0.));
#3081=CARTESIAN_POINT('Ctrl Pts',(-65.893811399459,13.8499255247257,0.));
#3082=CARTESIAN_POINT('Ctrl Pts',(-66.0030079243422,13.8687305608805,0.));
#3083=CARTESIAN_POINT('Ctrl Pts',(-66.1157302868417,13.8879099702645,0.));
#3084=CARTESIAN_POINT('Ctrl Pts',(-66.2323601627555,13.9075106300941,0.));
#3085=CARTESIAN_POINT('Ctrl Pts',(-66.3421545898364,13.9259625336011,0.));
#3086=CARTESIAN_POINT('Ctrl Pts',(-66.4554118765762,13.944787750515,0.));
#3087=CARTESIAN_POINT('Ctrl Pts',(-66.5724960530522,13.9640308191836,0.));
#3088=CARTESIAN_POINT('Ctrl Pts',(-66.6853157261366,13.9825730063661,0.));
#3089=CARTESIAN_POINT('Ctrl Pts',(-66.8016883703511,14.0015031339823,0.));
#3090=CARTESIAN_POINT('Ctrl Pts',(-66.9219855599906,14.0208665181424,0.));
#3091=CARTESIAN_POINT('Ctrl Pts',(-67.0379317667784,14.0395295554974,0.));
#3092=CARTESIAN_POINT('Ctrl Pts',(-67.157523533114,14.0585950479747,0.));
#3093=CARTESIAN_POINT('Ctrl Pts',(-67.2811402436412,14.0781091394083,0.));
#3094=CARTESIAN_POINT('Ctrl Pts',(-67.4003166768838,14.0969222901961,0.));
#3095=CARTESIAN_POINT('Ctrl Pts',(-67.5232338645683,14.1161523635744,0.));
#3096=CARTESIAN_POINT('Ctrl Pts',(-67.6502792772973,14.1358463793608,0.));
#3097=CARTESIAN_POINT('Ctrl Pts',(-67.772792259205,14.1548377978456,0.));
#3098=CARTESIAN_POINT('Ctrl Pts',(-67.899143928586,14.1742606177615,0.));
#3099=CARTESIAN_POINT('Ctrl Pts',(-68.0297301279634,14.1941627820528,0.));
#3100=CARTESIAN_POINT('Ctrl Pts',(-68.1535102201158,14.2130276524736,0.));
#3101=CARTESIAN_POINT('Ctrl Pts',(-68.2810948542359,14.2323231923768,0.));
#3102=CARTESIAN_POINT('Ctrl Pts',(-68.4128674761099,14.2520957677415,0.));
#3103=CARTESIAN_POINT('Ctrl Pts',(-68.5407045214008,14.2712778070488,0.));
#3104=CARTESIAN_POINT('Ctrl Pts',(-68.6724828601333,14.2909087802992,0.));
#3105=CARTESIAN_POINT('Ctrl Pts',(-68.8086002086434,14.311036712899,0.));
#3106=CARTESIAN_POINT('Ctrl Pts',(-68.938623037439,14.330263437215,0.));
#3107=CARTESIAN_POINT('Ctrl Pts',(-69.0726048842749,14.3499435985173,0.));
#3108=CARTESIAN_POINT('Ctrl Pts',(-69.2109392332631,14.3701246555365,0.));
#3109=CARTESIAN_POINT('Ctrl Pts',(-69.2864278262289,14.381137391058,0.));
#3110=CARTESIAN_POINT('Ctrl Pts',(-69.3632133666021,14.3922993859642,0.));
#3111=CARTESIAN_POINT('Ctrl Pts',(-69.4413663868231,14.4036191405547,0.));
#3112=CARTESIAN_POINT('',(-54.0700432525933,3.23569917182401,5.));
#3113=CARTESIAN_POINT('Origin',(-54.0700432525933,3.23569917182401,5.));
#3114=CARTESIAN_POINT('',(-57.4832974188387,-1.46224215256906,0.));
#3115=CARTESIAN_POINT('',(-48.1921905413569,11.3258693747623,0.));
#3116=CARTESIAN_POINT('',(-57.4832974188387,-1.46224215256906,0.));
#3117=CARTESIAN_POINT('Ctrl Pts',(-28.043207802334,22.1453037475715,5.));
#3118=CARTESIAN_POINT('Ctrl Pts',(-28.043207802334,22.1453037475715,-25.));
#3119=CARTESIAN_POINT('Ctrl Pts',(-35.7341519189344,29.635255808405,5.));
#3120=CARTESIAN_POINT('Ctrl Pts',(-35.7341519189344,29.635255808405,-25.));
#3121=CARTESIAN_POINT('Ctrl Pts',(-33.9145307875523,40.2153778406163,5.));
#3122=CARTESIAN_POINT('Ctrl Pts',(-33.9145307875523,40.2153778406163,-25.));
#3123=CARTESIAN_POINT('',(-33.9145307875523,40.2153778406163,0.));
#3124=CARTESIAN_POINT('Ctrl Pts',(-33.9145307875522,40.2153778406163,0.));
#3125=CARTESIAN_POINT('Ctrl Pts',(-33.9388756017117,40.0738257888093,0.));
#3126=CARTESIAN_POINT('Ctrl Pts',(-33.9623194259944,39.9367343890763,0.));
#3127=CARTESIAN_POINT('Ctrl Pts',(-33.9849424441401,39.8036959427047,0.));
#3128=CARTESIAN_POINT('Ctrl Pts',(-34.0084624937137,39.6653823528158,0.));
#3129=CARTESIAN_POINT('Ctrl Pts',(-34.0310953106102,39.5314497212721,0.));
#3130=CARTESIAN_POINT('Ctrl Pts',(-34.0529201599904,39.4014947455862,0.));
#3131=CARTESIAN_POINT('Ctrl Pts',(-34.0756171836683,39.2663464516021,0.));
#3132=CARTESIAN_POINT('Ctrl Pts',(-34.0974403286686,39.1355003033471,0.));
#3133=CARTESIAN_POINT('Ctrl Pts',(-34.1184679439127,39.0085573402262,0.));
#3134=CARTESIAN_POINT('Ctrl Pts',(-34.1407815910045,38.873850648716,0.));
#3135=CARTESIAN_POINT('Ctrl Pts',(-34.162199413772,38.7435392298769,0.));
#3136=CARTESIAN_POINT('Ctrl Pts',(-34.1828034966255,38.6172047008367,0.));
#3137=CARTESIAN_POINT('Ctrl Pts',(-34.2042447407024,38.4857370935789,0.));
#3138=CARTESIAN_POINT('Ctrl Pts',(-34.2248047254343,38.3585763649986,0.));
#3139=CARTESIAN_POINT('Ctrl Pts',(-34.244564363909,38.2353096282744,0.));
#3140=CARTESIAN_POINT('Ctrl Pts',(-34.2651332980227,38.1069942550291,0.));
#3141=CARTESIAN_POINT('Ctrl Pts',(-34.2848349336682,37.9828986326666,0.));
#3142=CARTESIAN_POINT('Ctrl Pts',(-34.3037490187338,37.8626152628453,0.));
#3143=CARTESIAN_POINT('Ctrl Pts',(-34.3234440493225,37.7373655011083,0.));
#3144=CARTESIAN_POINT('Ctrl Pts',(-34.3422851022404,37.6162495541025,0.));
#3145=CARTESIAN_POINT('Ctrl Pts',(-34.3603507632895,37.4988652045271,0.));
#3146=CARTESIAN_POINT('Ctrl Pts',(-34.3791684510466,37.3765944483191,0.));
#3147=CARTESIAN_POINT('Ctrl Pts',(-34.3971447983116,37.2583726832359,0.));
#3148=CARTESIAN_POINT('Ctrl Pts',(-34.4143572283932,37.1438028649676,0.));
#3149=CARTESIAN_POINT('Ctrl Pts',(-34.432292103652,37.0244242885954,0.));
#3150=CARTESIAN_POINT('Ctrl Pts',(-34.4493975394583,36.9090109075509,0.));
#3151=CARTESIAN_POINT('Ctrl Pts',(-34.4657497920575,36.7971707409507,0.));
#3152=CARTESIAN_POINT('Ctrl Pts',(-34.4827941401238,36.6805970324803,0.));
#3153=CARTESIAN_POINT('Ctrl Pts',(-34.4990201503925,36.5679056596682,0.));
#3154=CARTESIAN_POINT('Ctrl Pts',(-34.514502902503,36.458709592864,0.));
#3155=CARTESIAN_POINT('Ctrl Pts',(-34.5306465133651,36.3448526507927,0.));
#3156=CARTESIAN_POINT('Ctrl Pts',(-34.5459820125763,36.2347960206383,0.));
#3157=CARTESIAN_POINT('Ctrl Pts',(-34.5605832876348,36.1281575077749,0.));
#3158=CARTESIAN_POINT('Ctrl Pts',(-34.5758131632143,36.0169280927833,0.));
#3159=CARTESIAN_POINT('Ctrl Pts',(-34.5902441861113,35.9094176912795,0.));
#3160=CARTESIAN_POINT('Ctrl Pts',(-34.6039490288585,35.8052488216965,0.));
#3161=CARTESIAN_POINT('Ctrl Pts',(-34.6182490393573,35.6965561532617,0.));
#3162=CARTESIAN_POINT('Ctrl Pts',(-34.631758378412,35.5915018018608,0.));
#3163=CARTESIAN_POINT('Ctrl Pts',(-34.644548471828,35.4897128690563,0.));
#3164=CARTESIAN_POINT('Ctrl Pts',(-34.6578989506482,35.3834641539505,0.));
#3165=CARTESIAN_POINT('Ctrl Pts',(-34.6704657279132,35.2807735225299,0.));
#3166=CARTESIAN_POINT('Ctrl Pts',(-34.6823189398863,35.181272518769,0.));
#3167=CARTESIAN_POINT('Ctrl Pts',(-34.694696203902,35.0773723948058,0.));
#3168=CARTESIAN_POINT('Ctrl Pts',(-34.7062953629133,34.9769504264254,0.));
#3169=CARTESIAN_POINT('Ctrl Pts',(-34.7171852070521,34.8796424448682,0.));
#3170=CARTESIAN_POINT('Ctrl Pts',(-34.7285609854525,34.7779923183218,0.));
#3171=CARTESIAN_POINT('Ctrl Pts',(-34.7391626849442,34.6797405433858,0.));
#3172=CARTESIAN_POINT('Ctrl Pts',(-34.7490576756321,34.5845270642538,0.));
#3173=CARTESIAN_POINT('Ctrl Pts',(-34.7596281976721,34.4828133576514,0.));
#3174=CARTESIAN_POINT('Ctrl Pts',(-34.7693922123244,34.3845670281504,0.));
#3175=CARTESIAN_POINT('Ctrl Pts',(-34.7784199417969,34.2894082560891,0.));
#3176=CARTESIAN_POINT('Ctrl Pts',(-34.7878576092498,34.1899284424021,0.));
#3177=CARTESIAN_POINT('Ctrl Pts',(-34.7964905509031,34.0938232519853,0.));
#3178=CARTESIAN_POINT('Ctrl Pts',(-34.8043869877192,34.0007180312774,0.));
#3179=CARTESIAN_POINT('Ctrl Pts',(-34.8126457086644,33.9033411948295,0.));
#3180=CARTESIAN_POINT('Ctrl Pts',(-34.8200987399996,33.8092462111703,0.));
#3181=CARTESIAN_POINT('Ctrl Pts',(-34.8268121429649,33.7180632185193,0.));
#3182=CARTESIAN_POINT('Ctrl Pts',(-34.8338369255606,33.6226509956706,0.));
#3183=CARTESIAN_POINT('Ctrl Pts',(-34.8400518259948,33.5304274492073,0.));
#3184=CARTESIAN_POINT('Ctrl Pts',(-34.84552053574,33.4410270714782,0.));
#3185=CARTESIAN_POINT('Ctrl Pts',(-34.851245864403,33.3474315857148,0.));
#3186=CARTESIAN_POINT('Ctrl Pts',(-34.8561532793114,33.2569307336073,0.));
#3187=CARTESIAN_POINT('Ctrl Pts',(-34.8603038243633,33.1691628376508,0.));
#3188=CARTESIAN_POINT('Ctrl Pts',(-34.8646516104103,33.0772240612637,0.));
#3189=CARTESIAN_POINT('Ctrl Pts',(-34.8681688344584,32.9882844574793,0.));
#3190=CARTESIAN_POINT('Ctrl Pts',(-34.8709135248432,32.9019855367725,0.));
#3191=CARTESIAN_POINT('Ctrl Pts',(-34.8737904819511,32.8115278681352,0.));
#3192=CARTESIAN_POINT('Ctrl Pts',(-34.8758186107711,32.7239718208012,0.));
#3193=CARTESIAN_POINT('Ctrl Pts',(-34.8770524343581,32.6389612881451,0.));
#3194=CARTESIAN_POINT('Ctrl Pts',(-34.8783466600842,32.5497890438202,0.));
#3195=CARTESIAN_POINT('Ctrl Pts',(-34.8787668674777,32.4634179466335,0.));
#3196=CARTESIAN_POINT('Ctrl Pts',(-34.8783634176191,32.3794932411318,0.));
#3197=CARTESIAN_POINT('Ctrl Pts',(-34.8779398545687,32.2913846360289,0.));
#3198=CARTESIAN_POINT('Ctrl Pts',(-34.8766084322513,32.2059727261718,0.));
#3199=CARTESIAN_POINT('Ctrl Pts',(-34.8744144597553,32.122902756698,0.));
#3200=CARTESIAN_POINT('Ctrl Pts',(-34.8721087416485,32.0356017840994,0.));
#3201=CARTESIAN_POINT('Ctrl Pts',(-34.8688503504342,31.9508877015843,0.));
#3202=CARTESIAN_POINT('Ctrl Pts',(-34.8646783200507,31.8684039500492,0.));
#3203=CARTESIAN_POINT('Ctrl Pts',(-34.860174873455,31.7793678846571,0.));
#3204=CARTESIAN_POINT('Ctrl Pts',(-34.8546069251691,31.6929306817047,0.));
#3205=CARTESIAN_POINT('Ctrl Pts',(-34.8480078004622,31.6087035162002,0.));
#3206=CARTESIAN_POINT('Ctrl Pts',(-34.8410516691474,31.5199197381152,0.));
#3207=CARTESIAN_POINT('Ctrl Pts',(-34.8329497910971,31.4335919808497,0.));
#3208=CARTESIAN_POINT('Ctrl Pts',(-34.8237238166766,31.3493242168767,0.));
#3209=CARTESIAN_POINT('Ctrl Pts',(-34.8139785975467,31.260313800408,0.));
#3210=CARTESIAN_POINT('Ctrl Pts',(-34.8029792542603,31.1736022014363,0.));
#3211=CARTESIAN_POINT('Ctrl Pts',(-34.7907317755644,31.0887807170672,0.));
#3212=CARTESIAN_POINT('Ctrl Pts',(-34.7777660930485,30.9989852200374,0.));
#3213=CARTESIAN_POINT('Ctrl Pts',(-34.7634017317463,30.9113084924961,0.));
#3214=CARTESIAN_POINT('Ctrl Pts',(-34.7476229693424,30.8253217147422,0.));
#3215=CARTESIAN_POINT('Ctrl Pts',(-34.7308970966984,30.7341736350025,0.));
#3216=CARTESIAN_POINT('Ctrl Pts',(-34.7125821714733,30.6449250556787,0.));
#3217=CARTESIAN_POINT('Ctrl Pts',(-34.6926315935472,30.5571179604394,0.));
#3218=CARTESIAN_POINT('Ctrl Pts',(-34.6715592547141,30.4643737367036,0.));
#3219=CARTESIAN_POINT('Ctrl Pts',(-34.6486625473302,30.3732384404121,0.));
#3220=CARTESIAN_POINT('Ctrl Pts',(-34.6238514160425,30.2832185675226,0.));
#3221=CARTESIAN_POINT('Ctrl Pts',(-34.5981238278896,30.1898736011676,0.));
#3222=CARTESIAN_POINT('Ctrl Pts',(-34.5703382719039,30.0977290648684,0.));
#3223=CARTESIAN_POINT('Ctrl Pts',(-34.5403508420733,30.006268180346,0.));
#3224=CARTESIAN_POINT('Ctrl Pts',(-34.5096236166687,29.9125509384785,0.));
#3225=CARTESIAN_POINT('Ctrl Pts',(-34.4765852081236,29.8195527947729,0.));
#3226=CARTESIAN_POINT('Ctrl Pts',(-34.4410271256445,29.7267337808786,0.));
#3227=CARTESIAN_POINT('Ctrl Pts',(-34.4076914233204,29.6397159553527,0.));
#3228=CARTESIAN_POINT('Ctrl Pts',(-34.3721411667654,29.5528566550687,0.));
#3229=CARTESIAN_POINT('Ctrl Pts',(-34.3341543924095,29.4657075221764,0.));
#3230=CARTESIAN_POINT('Ctrl Pts',(-34.2985417914509,29.3840052100898,0.));
#3231=CARTESIAN_POINT('Ctrl Pts',(-34.2607877754807,29.3020488656048,0.));
#3232=CARTESIAN_POINT('Ctrl Pts',(-34.2206634537937,29.2194538047622,0.));
#3233=CARTESIAN_POINT('Ctrl Pts',(-34.1830469022122,29.1420209352222,0.));
#3234=CARTESIAN_POINT('Ctrl Pts',(-34.1433471524682,29.0640271674452,0.));
#3235=CARTESIAN_POINT('Ctrl Pts',(-34.1013328962805,28.9851336928063,0.));
#3236=CARTESIAN_POINT('Ctrl Pts',(-34.0619445311046,28.9111710603324,0.));
#3237=CARTESIAN_POINT('Ctrl Pts',(-34.0205220162165,28.8364179999656,0.));
#3238=CARTESIAN_POINT('Ctrl Pts',(-33.9768348515273,28.7605700424837,0.));
#3239=CARTESIAN_POINT('Ctrl Pts',(-33.9358781346311,28.6894625823445,0.));
#3240=CARTESIAN_POINT('Ctrl Pts',(-33.892931084367,28.6173930468482,0.));
#3241=CARTESIAN_POINT('Ctrl Pts',(-33.8477663937174,28.5440837264915,0.));
#3242=CARTESIAN_POINT('Ctrl Pts',(-33.8054244962334,28.4753562386572,0.));
#3243=CARTESIAN_POINT('Ctrl Pts',(-33.7611335743837,28.405539269046,0.));
#3244=CARTESIAN_POINT('Ctrl Pts',(-33.7146713252462,28.3343768327401,0.));
#3245=CARTESIAN_POINT('Ctrl Pts',(-33.6707234889117,28.2670655173821,0.));
#3246=CARTESIAN_POINT('Ctrl Pts',(-33.6248330975465,28.1985505961085,0.));
#3247=CARTESIAN_POINT('Ctrl Pts',(-33.57677824762,28.1285878643965,0.));
#3248=CARTESIAN_POINT('Ctrl Pts',(-33.5310187822999,28.0619669676426,0.));
#3249=CARTESIAN_POINT('Ctrl Pts',(-33.4832968478697,27.994033454036,0.));
#3250=CARTESIAN_POINT('Ctrl Pts',(-33.4333873819642,27.924548188324,0.));
#3251=CARTESIAN_POINT('Ctrl Pts',(-33.3858158504724,27.8583178561401,0.));
#3252=CARTESIAN_POINT('Ctrl Pts',(-33.3362570869013,27.790677921252,0.));
#3253=CARTESIAN_POINT('Ctrl Pts',(-33.2844828493655,27.721392427999,0.));
#3254=CARTESIAN_POINT('Ctrl Pts',(-33.2350936642513,27.6552986675717,0.));
#3255=CARTESIAN_POINT('Ctrl Pts',(-33.1836885798687,27.5877076354964,0.));
#3256=CARTESIAN_POINT('Ctrl Pts',(-33.1300361488923,27.5183851523544,0.));
#3257=CARTESIAN_POINT('Ctrl Pts',(-33.0788192704873,27.4522095639384,0.));
#3258=CARTESIAN_POINT('Ctrl Pts',(-33.0255546108931,27.3844563192506,0.));
#3259=CARTESIAN_POINT('Ctrl Pts',(-32.9700074874702,27.3148919551604,0.));
#3260=CARTESIAN_POINT('Ctrl Pts',(-32.9169489440536,27.2484441608392,0.));
#3261=CARTESIAN_POINT('Ctrl Pts',(-32.861808030941,27.1803440538201,0.));
#3262=CARTESIAN_POINT('Ctrl Pts',(-32.8043467965661,27.1103580736954,0.));
#3263=CARTESIAN_POINT('Ctrl Pts',(-32.7494290949402,27.0434700366337,0.));
#3264=CARTESIAN_POINT('Ctrl Pts',(-32.6923921062979,26.9748595471572,0.));
#3265=CARTESIAN_POINT('Ctrl Pts',(-32.6329945727403,26.9042923132907,0.));
#3266=CARTESIAN_POINT('Ctrl Pts',(-32.5761970330949,26.8368140019345,0.));
#3267=CARTESIAN_POINT('Ctrl Pts',(-32.517241243092,26.7675466583231,0.));
#3268=CARTESIAN_POINT('Ctrl Pts',(-32.4558825972359,26.6962547566428,0.));
#3269=CARTESIAN_POINT('Ctrl Pts',(-32.3971816309317,26.6280507821268,0.));
#3270=CARTESIAN_POINT('Ctrl Pts',(-32.3362816175653,26.5579939901276,0.));
#3271=CARTESIAN_POINT('Ctrl Pts',(-32.2729345589054,26.4858472169457,0.));
#3272=CARTESIAN_POINT('Ctrl Pts',(-32.2123039006481,26.4167941868336,0.));
#3273=CARTESIAN_POINT('Ctrl Pts',(-32.1494317254313,26.3458267296557,0.));
#3274=CARTESIAN_POINT('Ctrl Pts',(-32.0840665933092,26.2727057134903,0.));
#3275=CARTESIAN_POINT('Ctrl Pts',(-32.0214774955734,26.2026901214043,0.));
#3276=CARTESIAN_POINT('Ctrl Pts',(-31.9566028581703,26.1307001625021,0.));
#3277=CARTESIAN_POINT('Ctrl Pts',(-31.8891877466873,26.056494462007,0.));
#3278=CARTESIAN_POINT('Ctrl Pts',(-31.8246091422477,25.9854109842226,0.));
#3279=CARTESIAN_POINT('Ctrl Pts',(-31.7576995124596,25.9122944523567,0.));
#3280=CARTESIAN_POINT('Ctrl Pts',(-31.6882003720002,25.8369010164683,0.));
#3281=CARTESIAN_POINT('Ctrl Pts',(-31.6215990092007,25.7646511218205,0.));
#3282=CARTESIAN_POINT('Ctrl Pts',(-31.5526197384972,25.6903103907669,0.));
#3283=CARTESIAN_POINT('Ctrl Pts',(-31.4810004636053,25.6136322981708,0.));
#3284=CARTESIAN_POINT('Ctrl Pts',(-31.4123410181597,25.5401231021699,0.));
#3285=CARTESIAN_POINT('Ctrl Pts',(-31.3412554328068,25.4644659003483,0.));
#3286=CARTESIAN_POINT('Ctrl Pts',(-31.2674779367148,25.3864113170013,0.));
#3287=CARTESIAN_POINT('Ctrl Pts',(-31.196723103204,25.3115546284172,0.));
#3288=CARTESIAN_POINT('Ctrl Pts',(-31.1234925808931,25.2344931299178,0.));
#3289=CARTESIAN_POINT('Ctrl Pts',(-31.0475168573444,25.1549744386883,0.));
#3290=CARTESIAN_POINT('Ctrl Pts',(-30.9746274230853,25.0786859593422,0.));
#3291=CARTESIAN_POINT('Ctrl Pts',(-30.8992114548178,25.0001360195023,0.));
#3292=CARTESIAN_POINT('Ctrl Pts',(-30.8209956280117,24.9190690870304,0.));
#3293=CARTESIAN_POINT('Ctrl Pts',(-30.7459305315578,24.8412677346224,0.));
#3294=CARTESIAN_POINT('Ctrl Pts',(-30.6682867703647,24.7611482418036,0.));
#3295=CARTESIAN_POINT('Ctrl Pts',(-30.58778713392,24.6784517957249,0.));
#3296=CARTESIAN_POINT('Ctrl Pts',(-30.5104986124834,24.5990540949679,0.));
#3297=CARTESIAN_POINT('Ctrl Pts',(-30.4305776795588,24.5172810845534,0.));
#3298=CARTESIAN_POINT('Ctrl Pts',(-30.3477431066757,24.4328704966114,0.));
#3299=CARTESIAN_POINT('Ctrl Pts',(-30.2697633060377,24.3534070480735,0.));
#3300=CARTESIAN_POINT('Ctrl Pts',(-30.1892014212016,24.271606164807,0.));
#3301=CARTESIAN_POINT('Ctrl Pts',(-30.1057891246323,24.1872178430208,0.));
#3302=CARTESIAN_POINT('Ctrl Pts',(-30.0254149159782,24.1059031584697,0.));
#3303=CARTESIAN_POINT('Ctrl Pts',(-29.9423943189651,24.0221862394828,0.));
#3304=CARTESIAN_POINT('Ctrl Pts',(-29.8564533598149,23.9358120186663,0.));
#3305=CARTESIAN_POINT('Ctrl Pts',(-29.7736207662106,23.8525618338705,0.));
#3306=CARTESIAN_POINT('Ctrl Pts',(-29.6880754101637,23.7668432499026,0.));
#3307=CARTESIAN_POINT('Ctrl Pts',(-29.5995374857151,23.6783959389182,0.));
#3308=CARTESIAN_POINT('Ctrl Pts',(-29.5141798184754,23.5931256303327,0.));
#3309=CARTESIAN_POINT('Ctrl Pts',(-29.4260408782705,23.5053192639927,0.));
#3310=CARTESIAN_POINT('Ctrl Pts',(-29.3348348323534,23.4147110505609,0.));
#3311=CARTESIAN_POINT('Ctrl Pts',(-29.2468826236637,23.3273353462794,0.));
#3312=CARTESIAN_POINT('Ctrl Pts',(-29.1560784229711,23.2373543070237,0.));
#3313=CARTESIAN_POINT('Ctrl Pts',(-29.0621301671027,23.14449647574,0.));
#3314=CARTESIAN_POINT('Ctrl Pts',(-28.9730784616058,23.0564783622782,0.));
#3315=CARTESIAN_POINT('Ctrl Pts',(-28.8812019581716,22.9658755762259,0.));
#3316=CARTESIAN_POINT('Ctrl Pts',(-28.7862176958814,22.8724252229398,0.));
#3317=CARTESIAN_POINT('Ctrl Pts',(-28.6940702735438,22.7817658972346,0.));
#3318=CARTESIAN_POINT('Ctrl Pts',(-28.5989981545831,22.68842674218,0.));
#3319=CARTESIAN_POINT('Ctrl Pts',(-28.5007078083502,22.5921351326095,0.));
#3320=CARTESIAN_POINT('Ctrl Pts',(-28.4068183152005,22.5001548846641,0.));
#3321=CARTESIAN_POINT('Ctrl Pts',(-28.3099924327486,22.4054807460732,0.));
#3322=CARTESIAN_POINT('Ctrl Pts',(-28.2099397212028,22.3078430377593,0.));
#3323=CARTESIAN_POINT('Ctrl Pts',(-28.1553412901389,22.2545624659063,0.));
#3324=CARTESIAN_POINT('Ctrl Pts',(-28.0997813390466,22.2003988141153,0.));
#3325=CARTESIAN_POINT('Ctrl Pts',(-28.043207802334,22.1453037475715,0.));
#3326=CARTESIAN_POINT('',(-33.9145307875523,40.2153778406163,5.));
#3327=CARTESIAN_POINT('Origin',(-33.9145307875523,40.2153778406163,5.));
#3328=CARTESIAN_POINT('',(-28.391769534325,42.0098317493818,0.));
#3329=CARTESIAN_POINT('',(-43.4250962551985,37.1252077978655,0.));
#3330=CARTESIAN_POINT('',(-28.391769534325,42.0098317493818,0.));
#3331=CARTESIAN_POINT('Ctrl Pts',(-45.9299555418775,3.23570004769228,5.));
#3332=CARTESIAN_POINT('Ctrl Pts',(-45.9299555418775,3.23570004769228,-25.));
#3333=CARTESIAN_POINT('Ctrl Pts',(-41.183220262501,12.8647450400982,5.));
#3334=CARTESIAN_POINT('Ctrl Pts',(-41.183220262501,12.8647450400982,-25.));
#3335=CARTESIAN_POINT('Ctrl Pts',(-30.5586324076476,14.4036200164229,5.));
#3336=CARTESIAN_POINT('Ctrl Pts',(-30.5586324076476,14.4036200164229,-25.));
#3337=CARTESIAN_POINT('',(-30.5586324076476,14.4036200164229,0.));
#3338=CARTESIAN_POINT('Ctrl Pts',(-30.5586324076476,14.4036200164229,0.));
#3339=CARTESIAN_POINT('Ctrl Pts',(-30.7007793702133,14.3830313209703,0.));
#3340=CARTESIAN_POINT('Ctrl Pts',(-30.8384055793734,14.3629641505212,0.));
#3341=CARTESIAN_POINT('Ctrl Pts',(-30.9719235577835,14.3433687785129,0.));
#3342=CARTESIAN_POINT('Ctrl Pts',(-31.1107356937664,14.3229964250948,0.));
#3343=CARTESIAN_POINT('Ctrl Pts',(-31.2451071207923,14.3031340538379,0.));
#3344=CARTESIAN_POINT('Ctrl Pts',(-31.3754458966016,14.2837324230676,0.));
#3345=CARTESIAN_POINT('Ctrl Pts',(-31.5109933282999,14.263555455735,0.));
#3346=CARTESIAN_POINT('Ctrl Pts',(-31.6421791329062,14.2438768165343,0.));
#3347=CARTESIAN_POINT('Ctrl Pts',(-31.7694069556421,14.2246477341136,0.));
#3348=CARTESIAN_POINT('Ctrl Pts',(-31.9044159285491,14.2042426166499,0.));
#3349=CARTESIAN_POINT('Ctrl Pts',(-32.0349679238013,14.1843437335754,0.));
#3350=CARTESIAN_POINT('Ctrl Pts',(-32.1614862126331,14.1648998643858,0.));
#3351=CARTESIAN_POINT('Ctrl Pts',(-32.2931450459977,14.1446659744302,0.));
#3352=CARTESIAN_POINT('Ctrl Pts',(-32.4204354702171,14.1249248557359,0.));
#3353=CARTESIAN_POINT('Ctrl Pts',(-32.5437751675125,14.105625872178,0.));
#3354=CARTESIAN_POINT('Ctrl Pts',(-32.6721664895758,14.0855364600277,0.));
#3355=CARTESIAN_POINT('Ctrl Pts',(-32.7962765800991,14.0659261727524,0.));
#3356=CARTESIAN_POINT('Ctrl Pts',(-32.9165176364881,14.0467449311883,0.));
#3357=CARTESIAN_POINT('Ctrl Pts',(-33.0417233377091,14.0267717134502,0.));
#3358=CARTESIAN_POINT('Ctrl Pts',(-33.1627336538796,14.0072637336871,0.));
#3359=CARTESIAN_POINT('Ctrl Pts',(-33.2799554007331,13.9881714394566,0.));
#3360=CARTESIAN_POINT('Ctrl Pts',(-33.4020567854888,13.9682843824361,0.));
#3361=CARTESIAN_POINT('Ctrl Pts',(-33.5200473623407,13.948848370126,0.));
#3362=CARTESIAN_POINT('Ctrl Pts',(-33.6343286679853,13.9298143430291,0.));
#3363=CARTESIAN_POINT('Ctrl Pts',(-33.7534066221971,13.9099814141495,0.));
#3364=CARTESIAN_POINT('Ctrl Pts',(-33.8684571406674,13.8905849542162,0.));
#3365=CARTESIAN_POINT('Ctrl Pts',(-33.9798765838456,13.8715763584736,0.));
#3366=CARTESIAN_POINT('Ctrl Pts',(-34.096011762126,13.8517632397533,0.));
#3367=CARTESIAN_POINT('Ctrl Pts',(-34.2082017394936,13.8323715432344,0.));
#3368=CARTESIAN_POINT('Ctrl Pts',(-34.3168378039037,13.8133530751578,0.));
#3369=CARTESIAN_POINT('Ctrl Pts',(-34.4301108406931,13.7935228314371,0.));
#3370=CARTESIAN_POINT('Ctrl Pts',(-34.5395198458365,13.7740983888312,0.));
#3371=CARTESIAN_POINT('Ctrl Pts',(-34.6454511405159,13.7550319138922,0.));
#3372=CARTESIAN_POINT('Ctrl Pts',(-34.7559428908238,13.7351446067976,0.));
#3373=CARTESIAN_POINT('Ctrl Pts',(-34.8626507900652,13.7156467840237,0.));
#3374=CARTESIAN_POINT('Ctrl Pts',(-34.9659563015916,13.6964909130373,0.));
#3375=CARTESIAN_POINT('Ctrl Pts',(-35.0737481184441,13.6765031494949,0.));
#3376=CARTESIAN_POINT('Ctrl Pts',(-35.1778353592598,13.6568877145177,0.));
#3377=CARTESIAN_POINT('Ctrl Pts',(-35.2785947433156,13.6375973061291,0.));
#3378=CARTESIAN_POINT('Ctrl Pts',(-35.3837688010032,13.6174617074086,0.));
#3379=CARTESIAN_POINT('Ctrl Pts',(-35.4853167429174,13.5976802725432,0.));
#3380=CARTESIAN_POINT('Ctrl Pts',(-35.5836106648595,13.5782058459099,0.));
#3381=CARTESIAN_POINT('Ctrl Pts',(-35.6862503397238,13.5578704194835,0.));
#3382=CARTESIAN_POINT('Ctrl Pts',(-35.7853416443865,13.5378697804065,0.));
#3383=CARTESIAN_POINT('Ctrl Pts',(-35.8812521812395,13.5181568176466,0.));
#3384=CARTESIAN_POINT('Ctrl Pts',(-35.9814425053239,13.497564209239,0.));
#3385=CARTESIAN_POINT('Ctrl Pts',(-36.0781616014267,13.4772855564416,0.));
#3386=CARTESIAN_POINT('Ctrl Pts',(-36.1717727214763,13.4572736686686,0.));
#3387=CARTESIAN_POINT('Ctrl Pts',(-36.2717746758868,13.4358955686343,0.));
#3388=CARTESIAN_POINT('Ctrl Pts',(-36.3682297342217,13.4148219129438,0.));
#3389=CARTESIAN_POINT('Ctrl Pts',(-36.4615208263009,13.3940021161552,0.));
#3390=CARTESIAN_POINT('Ctrl Pts',(-36.559048150978,13.3722369182583,0.));
#3391=CARTESIAN_POINT('Ctrl Pts',(-36.6531173442561,13.3507491965861,0.));
#3392=CARTESIAN_POINT('Ctrl Pts',(-36.7441058042826,13.3294880588117,0.));
#3393=CARTESIAN_POINT('Ctrl Pts',(-36.8392687642463,13.307251471862,0.));
#3394=CARTESIAN_POINT('Ctrl Pts',(-36.9310615249483,13.2852627768434,0.));
#3395=CARTESIAN_POINT('Ctrl Pts',(-37.0198562598906,13.263470508153,0.));
#3396=CARTESIAN_POINT('Ctrl Pts',(-37.1127694533688,13.2406674750848,0.));
#3397=CARTESIAN_POINT('Ctrl Pts',(-37.2023997680409,13.2180795535022,0.));
#3398=CARTESIAN_POINT('Ctrl Pts',(-37.2891145040879,13.1956543695193,0.));
#3399=CARTESIAN_POINT('Ctrl Pts',(-37.3798983245743,13.1721768849544,0.));
#3400=CARTESIAN_POINT('Ctrl Pts',(-37.4674862243067,13.1488778125746,0.));
#3401=CARTESIAN_POINT('Ctrl Pts',(-37.5522410426347,13.1257034440813,0.));
#3402=CARTESIAN_POINT('Ctrl Pts',(-37.6410235547944,13.101427789987,0.));
#3403=CARTESIAN_POINT('Ctrl Pts',(-37.7266970265343,13.0772890197948,0.));
#3404=CARTESIAN_POINT('Ctrl Pts',(-37.8096203333951,13.0532315423757,0.));
#3405=CARTESIAN_POINT('Ctrl Pts',(-37.8965397172397,13.0280147342999,0.));
#3406=CARTESIAN_POINT('Ctrl Pts',(-37.9804371928698,13.0028872928435,0.));
#3407=CARTESIAN_POINT('Ctrl Pts',(-38.0616682863625,12.9777910295143,0.));
#3408=CARTESIAN_POINT('Ctrl Pts',(-38.1468760681444,12.9514661724017,0.));
#3409=CARTESIAN_POINT('Ctrl Pts',(-38.2291497141693,12.9251756765279,0.));
#3410=CARTESIAN_POINT('Ctrl Pts',(-38.3088421793522,12.8988578126629,0.));
#3411=CARTESIAN_POINT('Ctrl Pts',(-38.3925075541962,12.8712279239362,0.));
#3412=CARTESIAN_POINT('Ctrl Pts',(-38.473327675512,12.8435679343975,0.));
#3413=CARTESIAN_POINT('Ctrl Pts',(-38.5516539365019,12.815811310269,0.));
#3414=CARTESIAN_POINT('Ctrl Pts',(-38.6339695892913,12.7866409578804,0.));
#3415=CARTESIAN_POINT('Ctrl Pts',(-38.7135305712296,12.7573639525234,0.));
#3416=CARTESIAN_POINT('Ctrl Pts',(-38.7906880523258,12.7279072348568,0.));
#3417=CARTESIAN_POINT('Ctrl Pts',(-38.8739747409709,12.6961105453077,0.));
#3418=CARTESIAN_POINT('Ctrl Pts',(-38.954460815445,12.6641045471495,0.));
#3419=CARTESIAN_POINT('Ctrl Pts',(-39.0325263683647,12.6318007810662,0.));
#3420=CARTESIAN_POINT('Ctrl Pts',(-39.1148151962623,12.5977494107979,0.));
#3421=CARTESIAN_POINT('Ctrl Pts',(-39.1944141543429,12.5633673228026,0.));
#3422=CARTESIAN_POINT('Ctrl Pts',(-39.2717065774974,12.5285527285652,0.));
#3423=CARTESIAN_POINT('Ctrl Pts',(-39.3533490757731,12.4917787430437,0.));
#3424=CARTESIAN_POINT('Ctrl Pts',(-39.432417723011,12.4545223882444,0.));
#3425=CARTESIAN_POINT('Ctrl Pts',(-39.5093030693868,12.4166630636643,0.));
#3426=CARTESIAN_POINT('Ctrl Pts',(-39.5906970457298,12.3765836322187,0.));
#3427=CARTESIAN_POINT('Ctrl Pts',(-39.6696437370297,12.3358287139784,0.));
#3428=CARTESIAN_POINT('Ctrl Pts',(-39.7465461165948,12.2942508435575,0.));
#3429=CARTESIAN_POINT('Ctrl Pts',(-39.8280645128864,12.2501772877444,0.));
#3430=CARTESIAN_POINT('Ctrl Pts',(-39.9072853326772,12.2051794310285,0.));
#3431=CARTESIAN_POINT('Ctrl Pts',(-39.9846297751548,12.1590714192324,0.));
#3432=CARTESIAN_POINT('Ctrl Pts',(-40.0663230626769,12.1103708928069,0.));
#3433=CARTESIAN_POINT('Ctrl Pts',(-40.1459224083827,12.0604324747062,0.));
#3434=CARTESIAN_POINT('Ctrl Pts',(-40.2238693338727,12.009018016064,0.));
#3435=CARTESIAN_POINT('Ctrl Pts',(-40.3046954104244,11.9557044447596,0.));
#3436=CARTESIAN_POINT('Ctrl Pts',(-40.3837438631148,11.9008045830253,0.));
#3437=CARTESIAN_POINT('Ctrl Pts',(-40.4614617078906,11.8440218748399,0.));
#3438=CARTESIAN_POINT('Ctrl Pts',(-40.5410968666177,11.7858383264882,0.));
#3439=CARTESIAN_POINT('Ctrl Pts',(-40.6193339274847,11.725678925903,0.));
#3440=CARTESIAN_POINT('Ctrl Pts',(-40.6966220037114,11.6631785271598,0.));
#3441=CARTESIAN_POINT('Ctrl Pts',(-40.769079575174,11.6045844033381,0.));
#3442=CARTESIAN_POINT('Ctrl Pts',(-40.8407020452799,11.5439331002782,0.));
#3443=CARTESIAN_POINT('Ctrl Pts',(-40.9118472371691,11.4808749678853,0.));
#3444=CARTESIAN_POINT('Ctrl Pts',(-40.9785458545653,11.4217579687669,0.));
#3445=CARTESIAN_POINT('Ctrl Pts',(-41.0448243374987,11.3605258626194,0.));
#3446=CARTESIAN_POINT('Ctrl Pts',(-41.1109778110378,11.2968420875652,0.));
#3447=CARTESIAN_POINT('Ctrl Pts',(-41.1729966924807,11.237138548452,0.));
#3448=CARTESIAN_POINT('Ctrl Pts',(-41.2349052762121,11.1752804430643,0.));
#3449=CARTESIAN_POINT('Ctrl Pts',(-41.2969543101924,11.110943086531,0.));
#3450=CARTESIAN_POINT('Ctrl Pts',(-41.355125279549,11.050626814781,0.));
#3451=CARTESIAN_POINT('Ctrl Pts',(-41.4134194036736,10.9881316960405,0.));
#3452=CARTESIAN_POINT('Ctrl Pts',(-41.4720550215594,10.9231444255338,0.));
#3453=CARTESIAN_POINT('Ctrl Pts',(-41.5270259133273,10.8622188594338,0.));
#3454=CARTESIAN_POINT('Ctrl Pts',(-41.5822967462975,10.7991030761794,0.));
#3455=CARTESIAN_POINT('Ctrl Pts',(-41.6380613961714,10.7334950769943,0.));
#3456=CARTESIAN_POINT('Ctrl Pts',(-41.6903407554282,10.6719875777584,0.));
#3457=CARTESIAN_POINT('Ctrl Pts',(-41.7430539917767,10.6082897778148,0.));
#3458=CARTESIAN_POINT('Ctrl Pts',(-41.7963758659605,10.5421111508312,0.));
#3459=CARTESIAN_POINT('Ctrl Pts',(-41.8468121027587,10.4795139343488,0.));
#3460=CARTESIAN_POINT('Ctrl Pts',(-41.8977927542891,10.4146973035638,0.));
#3461=CARTESIAN_POINT('Ctrl Pts',(-41.9494815008921,10.3473747523297,0.));
#3462=CARTESIAN_POINT('Ctrl Pts',(-41.998701286434,10.2832679253774,0.));
#3463=CARTESIAN_POINT('Ctrl Pts',(-42.0485630084809,10.2168890584753,0.));
#3464=CARTESIAN_POINT('Ctrl Pts',(-42.0992245500779,10.1479502077373,0.));
#3465=CARTESIAN_POINT('Ctrl Pts',(-42.1475129273983,10.0822406945339,0.));
#3466=CARTESIAN_POINT('Ctrl Pts',(-42.1965278280717,10.0142056201213,0.));
#3467=CARTESIAN_POINT('Ctrl Pts',(-42.2464231286453,9.94355499925778,0.));
#3468=CARTESIAN_POINT('Ctrl Pts',(-42.2940199326475,9.87615899772625,0.));
#3469=CARTESIAN_POINT('Ctrl Pts',(-42.3424177794743,9.80638307967485,0.));
#3470=CARTESIAN_POINT('Ctrl Pts',(-42.3917678658311,9.7339347601964,0.));
#3471=CARTESIAN_POINT('Ctrl Pts',(-42.4388777045878,9.66477523281175,0.));
#3472=CARTESIAN_POINT('Ctrl Pts',(-42.4868551844341,9.59318062718385,0.));
#3473=CARTESIAN_POINT('Ctrl Pts',(-42.5358498210777,9.51885560278429,0.));
#3474=CARTESIAN_POINT('Ctrl Pts',(-42.5826494372478,9.44786043163871,0.));
#3475=CARTESIAN_POINT('Ctrl Pts',(-42.6303770085516,9.37437421652072,0.));
#3476=CARTESIAN_POINT('Ctrl Pts',(-42.679181133059,9.29809847790748,0.));
#3477=CARTESIAN_POINT('Ctrl Pts',(-42.7258249334743,9.22519909974372,0.));
#3478=CARTESIAN_POINT('Ctrl Pts',(-42.7734519877787,9.14975189278485,0.));
#3479=CARTESIAN_POINT('Ctrl Pts',(-42.8222105680912,9.07145500693211,0.));
#3480=CARTESIAN_POINT('Ctrl Pts',(-42.868834850826,8.99658539178213,0.));
#3481=CARTESIAN_POINT('Ctrl Pts',(-42.9164936683062,8.91911031719547,0.));
#3482=CARTESIAN_POINT('Ctrl Pts',(-42.965335431637,8.8387243680425,0.));
#3483=CARTESIAN_POINT('Ctrl Pts',(-43.0120616698634,8.76182024431667,0.));
#3484=CARTESIAN_POINT('Ctrl Pts',(-43.0598704993171,8.68225215046287,0.));
#3485=CARTESIAN_POINT('Ctrl Pts',(-43.1089108404119,8.59971093853364,0.));
#3486=CARTESIAN_POINT('Ctrl Pts',(-43.1558482708883,8.520709196093,0.));
#3487=CARTESIAN_POINT('Ctrl Pts',(-43.203913762867,8.43898405384383,0.));
#3488=CARTESIAN_POINT('Ctrl Pts',(-43.2532570451039,8.35422248235943,0.));
#3489=CARTESIAN_POINT('Ctrl Pts',(-43.3005047353366,8.2730607052831,0.));
#3490=CARTESIAN_POINT('Ctrl Pts',(-43.3489238893967,8.18911513791357,0.));
#3491=CARTESIAN_POINT('Ctrl Pts',(-43.3986652892729,8.10206873430844,0.));
#3492=CARTESIAN_POINT('Ctrl Pts',(-43.4463138077758,8.01868482908821,0.));
#3493=CARTESIAN_POINT('Ctrl Pts',(-43.495175549164,7.93245573875889,0.));
#3494=CARTESIAN_POINT('Ctrl Pts',(-43.5454025521552,7.8430602753941,0.));
#3495=CARTESIAN_POINT('Ctrl Pts',(-43.5935353323081,7.75739217002144,0.));
#3496=CARTESIAN_POINT('Ctrl Pts',(-43.6429218020958,7.66881643585975,0.));
#3497=CARTESIAN_POINT('Ctrl Pts',(-43.69371542865,7.57700762407294,0.));
#3498=CARTESIAN_POINT('Ctrl Pts',(-43.7424098930473,7.48899302026932,0.));
#3499=CARTESIAN_POINT('Ctrl Pts',(-43.7923975139155,7.39800724999487,0.));
#3500=CARTESIAN_POINT('Ctrl Pts',(-43.8438333339395,7.30372048883739,0.));
#3501=CARTESIAN_POINT('Ctrl Pts',(-43.8931618294166,7.21329665445254,0.));
#3502=CARTESIAN_POINT('Ctrl Pts',(-43.9438221938188,7.11983697636883,0.));
#3503=CARTESIAN_POINT('Ctrl Pts',(-43.9959711735434,7.0230071424474,0.));
#3504=CARTESIAN_POINT('Ctrl Pts',(-44.0460017550473,6.9301107344332,0.));
#3505=CARTESIAN_POINT('Ctrl Pts',(-44.0974023713448,6.83411262006198,0.));
#3506=CARTESIAN_POINT('Ctrl Pts',(-44.1503315860161,6.73467388848482,0.));
#3507=CARTESIAN_POINT('Ctrl Pts',(-44.2011286787115,6.63924079927689,0.));
#3508=CARTESIAN_POINT('Ctrl Pts',(-44.253333602723,6.54063890938317,0.));
#3509=CARTESIAN_POINT('Ctrl Pts',(-44.307106840938,6.43852459837065,0.));
#3510=CARTESIAN_POINT('Ctrl Pts',(-44.3587350750278,6.34048360757539,0.));
#3511=CARTESIAN_POINT('Ctrl Pts',(-44.4118089029595,6.23920503362984,0.));
#3512=CARTESIAN_POINT('Ctrl Pts',(-44.4664908519233,6.13434036713572,0.));
#3513=CARTESIAN_POINT('Ctrl Pts',(-44.5179679988475,6.03562161356965,0.));
#3514=CARTESIAN_POINT('Ctrl Pts',(-44.5708702704035,5.93372484494702,0.));
#3515=CARTESIAN_POINT('Ctrl Pts',(-44.6253525165578,5.82831761119686,0.));
#3516=CARTESIAN_POINT('Ctrl Pts',(-44.6778503807871,5.72674957689572,0.));
#3517=CARTESIAN_POINT('Ctrl Pts',(-44.7318151267535,5.62192234643594,0.));
#3518=CARTESIAN_POINT('Ctrl Pts',(-44.7874046754108,5.51349653511119,0.));
#3519=CARTESIAN_POINT('Ctrl Pts',(-44.8409836270318,5.40899233531526,0.));
#3520=CARTESIAN_POINT('Ctrl Pts',(-44.8960718760737,5.30114536782816,0.));
#3521=CARTESIAN_POINT('Ctrl Pts',(-44.952830544233,5.18960907564096,0.));
#3522=CARTESIAN_POINT('Ctrl Pts',(-45.0075504570826,5.08207913552795,0.));
#3523=CARTESIAN_POINT('Ctrl Pts',(-45.0638228435732,4.97112036269298,0.));
#3524=CARTESIAN_POINT('Ctrl Pts',(-45.1218121572095,4.85637878061716,0.));
#3525=CARTESIAN_POINT('Ctrl Pts',(-45.1777326629545,4.74573068190168,0.));
#3526=CARTESIAN_POINT('Ctrl Pts',(-45.235249675507,4.63156508482427,0.));
#3527=CARTESIAN_POINT('Ctrl Pts',(-45.2945311133833,4.51352033595845,0.));
#3528=CARTESIAN_POINT('Ctrl Pts',(-45.3507228233665,4.40162803828606,0.));
#3529=CARTESIAN_POINT('Ctrl Pts',(-45.408499792491,4.2862504903728,0.));
#3530=CARTESIAN_POINT('Ctrl Pts',(-45.4680246086879,4.16703734148051,0.));
#3531=CARTESIAN_POINT('Ctrl Pts',(-45.5257716316726,4.05138466266514,0.));
#3532=CARTESIAN_POINT('Ctrl Pts',(-45.5851635428626,3.93212231925721,0.));
#3533=CARTESIAN_POINT('Ctrl Pts',(-45.6463689182402,3.8088869012106,0.));
#3534=CARTESIAN_POINT('Ctrl Pts',(-45.7048338834425,3.69116922717719,0.));
#3535=CARTESIAN_POINT('Ctrl Pts',(-45.7649534967008,3.56982642297316,0.));
#3536=CARTESIAN_POINT('Ctrl Pts',(-45.8268944872278,3.44449892852392,0.));
#3537=CARTESIAN_POINT('Ctrl Pts',(-45.8606954792149,3.37610813271003,0.));
#3538=CARTESIAN_POINT('Ctrl Pts',(-45.8950392041021,3.30652999029939,0.));
#3539=CARTESIAN_POINT('Ctrl Pts',(-45.9299555418775,3.23570004769228,0.));
#3540=CARTESIAN_POINT('',(-30.5586324076476,14.4036200164229,5.));
#3541=CARTESIAN_POINT('Origin',(-30.5586324076476,14.4036200164229,5.));
#3542=CARTESIAN_POINT('',(-27.1453782414022,9.70567869202986,0.));
#3543=CARTESIAN_POINT('',(-36.436485118884,22.4937902193612,0.));
#3544=CARTESIAN_POINT('',(-27.1453782414022,9.70567869202986,0.));
#3545=CARTESIAN_POINT('Origin',(-50.,25.,0.));
#3546=CARTESIAN_POINT('Origin',(-50.,25.,0.));
#3547=CARTESIAN_POINT('Origin',(-50.,25.,0.));
#3548=CARTESIAN_POINT('Origin',(-50.,25.,0.));
#3549=CARTESIAN_POINT('Origin',(-50.,25.,0.));
#3550=CARTESIAN_POINT('Origin',(-50.,25.,0.));
#3551=CARTESIAN_POINT('Origin',(-50.,25.,0.));
#3552=CARTESIAN_POINT('Origin',(-50.,25.,0.));
#3553=CARTESIAN_POINT('Origin',(-50.,25.,0.));
#3554=CARTESIAN_POINT('Origin',(-50.,25.,0.));
#3555=CARTESIAN_POINT('Origin',(-50.,25.,0.));
#3556=UNCERTAINTY_MEASURE_WITH_UNIT(LENGTH_MEASURE(0.01),#3560,
'DISTANCE_ACCURACY_VALUE',
'Maximum model space distance between geometric entities at asserted c
onnectivities');
#3557=UNCERTAINTY_MEASURE_WITH_UNIT(LENGTH_MEASURE(0.01),#3560,
'DISTANCE_ACCURACY_VALUE',
'Maximum model space distance between geometric entities at asserted c
onnectivities');
#3558=(
GEOMETRIC_REPRESENTATION_CONTEXT(3)
GLOBAL_UNCERTAINTY_ASSIGNED_CONTEXT((#3556))
GLOBAL_UNIT_ASSIGNED_CONTEXT((#3560,#3562,#3563))
REPRESENTATION_CONTEXT('','3D')
);
#3559=(
GEOMETRIC_REPRESENTATION_CONTEXT(3)
GLOBAL_UNCERTAINTY_ASSIGNED_CONTEXT((#3557))
GLOBAL_UNIT_ASSIGNED_CONTEXT((#3560,#3562,#3563))
REPRESENTATION_CONTEXT('','3D')
);
#3560=(
LENGTH_UNIT()
NAMED_UNIT(*)
SI_UNIT(.MILLI.,.METRE.)
);
#3561=(
LENGTH_UNIT()
NAMED_UNIT(*)
SI_UNIT($,.METRE.)
);
#3562=(
NAMED_UNIT(*)
PLANE_ANGLE_UNIT()
SI_UNIT($,.RADIAN.)
);
#3563=(
NAMED_UNIT(*)
SI_UNIT($,.STERADIAN.)
SOLID_ANGLE_UNIT()
);
#3564=SHAPE_DEFINITION_REPRESENTATION(#3565,#3566);
#3565=PRODUCT_DEFINITION_SHAPE('',$,#3568);
#3566=SHAPE_REPRESENTATION('',(#1577),#3558);
#3567=PRODUCT_DEFINITION_CONTEXT('part definition',#3572,'design');
#3568=PRODUCT_DEFINITION('2026-09-20-21-30-31-759','omniwheel_rim',#3569,
#3567);
#3569=PRODUCT_DEFINITION_FORMATION('',$,#3574);
#3570=PRODUCT_RELATED_PRODUCT_CATEGORY('omniwheel_rim','omniwheel_rim',
(#3574));
#3571=APPLICATION_PROTOCOL_DEFINITION('international standard',
'automotive_design',2009,#3572);
#3572=APPLICATION_CONTEXT(
'Core Data for Automotive Mechanical Design Process');
#3573=PRODUCT_CONTEXT('part definition',#3572,'mechanical');
#3574=PRODUCT('2026-09-20-21-30-31-759','omniwheel_rim',$,(#3573));
#3575=PRESENTATION_STYLE_ASSIGNMENT((#3576));
#3576=SURFACE_STYLE_USAGE(.BOTH.,#3577);
#3577=SURFACE_SIDE_STYLE('',(#3578));
#3578=SURFACE_STYLE_FILL_AREA(#3579);
#3579=FILL_AREA_STYLE('Steel - Satin',(#3580));
#3580=FILL_AREA_STYLE_COLOUR('Steel - Satin',#3581);
#3581=COLOUR_RGB('Steel - Satin',0.627450980392157,0.627450980392157,0.627450980392157);
ENDSEC;
END-ISO-10303-21;
